# This file uses centimeters as units for non-parametric coordinates.

mtllib pathpre2_low.mtl
g default
v -4546.192383 -7905.488770 -329.336975
v -4502.820312 -8220.156250 -200.152405
v -4116.151855 -8874.243164 121.437088
v -4092.916504 -9257.651367 121.831116
v -4711.558594 -9415.778320 78.527306
v -4821.295410 -7251.671387 -257.545074
v -3947.185791 -7403.029297 -278.702209
v -4118.681641 -7603.536621 -349.269714
v -4098.744141 -8339.196289 -281.879639
v -3862.089844 -8496.250977 -327.275970
v -5068.830078 -8914.115234 271.973999
v -3829.878418 -7311.277832 -343.972778
v -3686.639404 -8726.811523 -308.554077
v -3588.840820 -8135.328613 -680.844910
v -5576.709961 -8344.562500 -486.373596
v -4819.699707 -9304.276367 -718.801453
v -3766.427979 -9373.186523 -610.819885
v -5416.581543 -7995.668945 -572.347900
v -4519.544434 -9288.854492 -732.381104
v -3402.238037 -7271.943359 -801.390503
v -3416.904053 -9136.741211 -639.830627
v -5760.255859 -8056.109375 -911.870300
v -6154.533203 -9134.861328 -682.137695
v -5839.785645 -7639.252441 -981.061401
v -6188.339355 -8565.405273 -1058.500122
v -6237.828613 -9043.787109 -907.759949
v -5158.463379 -6896.762207 -948.849792
v -2592.251465 -8556.102539 -1039.193604
v -5279.959961 -9285.028320 -977.629395
v -3827.846191 -9423.376953 -1126.627075
v -4887.833496 -6915.959961 -1300.926392
v -6070.977539 -8397.270508 -1031.321899
v -2303.870361 -9092.772461 -1113.302856
v -5666.920410 -9407.472656 -1038.710449
v -4691.751465 -7106.104004 -1342.112427
v -4171.225098 -7914.297363 -1600.774414
v -4570.655273 -9304.606445 -1348.585205
v -2262.620361 -9340.495117 -1273.251465
v -2310.597900 -7672.620117 -1177.690063
v -6060.947266 -7219.166992 -1333.023682
v -3835.542236 -7645.794434 -1682.912720
v -6133.241211 -8478.627930 -1397.855225
v -5099.832520 -6933.481934 -1503.373169
v -5142.012695 -7767.685059 -1628.783447
v -2214.079590 -7877.712891 -1167.173584
v -3652.616455 -8720.466797 -1566.448730
v -6067.280273 -8914.579102 -1599.231567
v -3365.876221 -9393.522461 -1794.643433
v -5872.147949 -9268.166016 -1718.183960
v -6073.740234 -8088.435547 -1666.815552
v -3676.057861 -9262.195312 -1633.214478
v -1962.189575 -9161.865234 -1523.485840
v -5177.371094 -8857.893555 -1689.000854
v -5178.765137 -7452.346191 -1687.028931
v -2972.560547 -9483.798828 -1561.973633
v -5240.749023 -7409.187500 -1878.545044
v -1909.465942 -7645.371582 -1650.024658
v -5774.804199 -6744.309082 -1851.090210
v -3109.793945 -8208.080078 -1978.429688
v -6178.490723 -9067.874023 -1897.483276
v -1972.444702 -9299.209961 -1920.616821
v -6128.502441 -6685.205566 -1889.410645
v -1846.201416 -8500.595703 -1880.396484
v -3188.008789 -7069.497070 -2046.213257
v -6280.038574 -8373.944336 -1970.866577
v -3291.511963 -8890.191406 -1992.150146
v -1538.413208 -8821.273438 -2083.687744
v -2860.561279 -9405.207031 -2177.857422
v -1746.749878 -8168.584473 -2206.766846
v -5591.186035 -6741.175781 -2471.014160
v -2988.390869 -8096.263184 -2399.686035
v -5742.545410 -9423.964844 -2454.897705
v -3299.576172 -8449.362305 -2216.462891
v -1516.248535 -8258.830078 -2418.614258
v -6973.333008 -8396.014648 -2458.614014
v -5722.145996 -6480.616699 -2545.278320
v -7029.386719 -7860.148438 -2468.927490
v -3119.481445 -8290.739258 -3182.067139
v -1823.170288 -6544.873535 -2822.456055
v -1558.354004 -7465.105469 -2671.553955
v -5787.639648 -8633.709961 -3117.904053
v -6758.541992 -7207.737305 -2934.561279
v -2831.512451 -9129.291016 -2840.548584
v -2732.641846 -6545.431152 -2835.694824
v -2938.415283 -7767.147461 -2962.288818
v -1623.177490 -6346.089844 -3462.924805
v -1662.710815 -7564.666016 -3090.372803
v -6128.085938 -9299.885742 -3193.033936
v -2821.540039 -6488.697266 -3149.705322
v -2949.756104 -7109.536621 -3015.784424
v -7240.931641 -7612.730957 -3112.291748
v -3030.553467 -8430.053711 -3330.621338
v -6257.286133 -6212.766602 -3383.968994
v -7307.029297 -7753.906738 -3025.262207
v -5819.032715 -9230.229492 -3195.615967
v -1538.082520 -9130.140625 -3448.492920
v -6753.431641 -6183.221191 -3535.599365
v -1537.565308 -7303.813477 -3422.699951
v -6806.330078 -6381.150879 -3368.979492
v -5821.584961 -8187.456543 -3673.260986
v -1010.013245 -8483.618164 -3793.777344
v -7195.633789 -8590.575195 -3665.380859
v -5981.606445 -9302.154297 -3396.419678
v -2889.425293 -7435.660645 -3882.334473
v -5924.676758 -5765.500977 -3948.996582
v -1178.592773 -7728.866211 -3993.381348
v -7317.755859 -7882.933594 -4008.067627
v -5898.470215 -6867.542480 -3869.002930
v -7260.987305 -7681.629883 -3976.112305
v -7261.444336 -8168.737793 -4149.365234
v -2513.087158 -9391.682617 -3862.870361
v -2220.113525 -6046.523926 -4102.975098
v -1337.665649 -7633.079590 -4212.163086
v -2838.903564 -8784.457031 -3933.608398
v -2299.367188 -9285.487305 -3830.778809
v -5933.168945 -7132.230957 -4010.832520
v -1350.629150 -8956.063477 -4156.688477
v -5866.456055 -8185.735352 -4046.395264
v -6163.362305 -5654.812988 -4434.180664
v -6738.199707 -6543.425781 -4107.268555
v -6884.465332 -7460.890625 -4345.539551
v -3005.594727 -6942.398438 -4214.567871
v -1469.342896 -8345.554688 -4475.001953
v -3136.621338 -9191.100586 -4335.307617
v -1682.497192 -6622.531250 -4450.773438
v -1679.386230 -7888.925293 -4540.138184
v -1604.684326 -8941.607422 -4607.552246
v -5939.643066 -9370.114258 -4320.438965
v -1981.878540 -5838.073242 -4449.605469
v -2154.998779 -9387.588867 -4538.914551
v -3102.292725 -6207.367188 -4561.024414
v -3206.660645 -8773.384766 -4524.650879
v -3080.423828 -5793.042969 -4598.311035
v -5752.842773 -7754.005371 -4559.562988
v -2818.994629 -5544.100098 -4726.725586
v -2906.326904 -6141.489746 -4640.802734
v -6952.964844 -8357.040039 -4659.725098
v -5825.394043 -5494.089844 -4783.838867
v -6695.570801 -5792.553223 -4654.126465
v -2583.233643 -6048.637695 -4806.571777
v -6563.413086 -9278.206055 -4682.515137
v -6021.581055 -5704.462891 -4927.947754
v -6518.355469 -5524.343262 -4950.145996
v -6527.566406 -8272.563477 -4892.638184
v -2361.379883 -9273.136719 -4951.588867
v -6342.397949 -9284.942383 -4889.943359
v -6871.983398 -7228.191895 -3565.558838
v -6862.850586 -7340.535645 -4222.479980
v -5421.529297 -6668.174805 -2003.007568
v -6525.834473 -5612.736816 -5006.830078
v -5356.364746 -6983.517090 -2103.985107
v -6750.741211 -6495.004883 -2936.471680
v -4980.138672 -7211.707520 -1402.713135
v -6459.395996 -5529.341309 -4876.231445
v -4833.662109 -6968.334961 -1331.151611
v -6706.007812 -5657.889160 -4450.820312
v -6791.845215 -5886.055176 -4214.679199
v -5235.399414 -6874.045410 -1689.202881
v -6730.046387 -5714.171875 -4538.451172
v -5197.367188 -7171.759766 -1640.508545
v -6811.334473 -7212.094727 -4321.660645
v -6582.530273 -5910.104980 -3853.826172
v -3830.938965 -7887.684570 -487.081573
v -4019.939697 -8605.541992 -186.820129
v -6738.119629 -6345.742676 -3063.760254
v -6547.552734 -6122.235352 -3415.298828
v -5314.896973 -6776.674805 -1676.743652
v -6689.502930 -5717.909180 -4239.225586
v -4326.385742 -7570.279785 -323.934784
v -5342.714844 -6840.340820 -1938.606445
v -6771.498535 -5797.560547 -4174.065430
v -4961.144043 -6990.807617 -1385.540405
v -6795.556641 -6387.333008 -3785.484619
v -4091.047852 -7807.384766 -351.845306
v -5022.570312 -6890.110840 -1391.269165
v -4309.155273 -8209.386719 -271.456696
v -5103.343750 -7244.621094 -1517.062134
v -2841.632080 -6687.704102 -2737.765381
v -2597.517334 -6158.457520 -3509.647217
v -2995.379150 -7111.535645 -3656.099365
v -2987.835449 -6506.800293 -4182.269043
v -3164.999023 -6011.253906 -4288.237793
v -2964.474121 -6269.757324 -3881.487305
v -2904.507568 -6522.377441 -3576.093750
v -2832.063477 -6121.758301 -3639.769287
v -2945.380859 -6157.135254 -3782.621094
v -3125.997070 -6387.842285 -4354.534668
v -2943.880615 -6812.374512 -3918.355713
v -7100.921875 -7458.491699 -3729.697754
v -7321.471680 -7647.417969 -3580.697510
v -7119.066895 -7480.380859 -3208.921143
v -6865.993652 -7320.916992 -3877.681641
v -6984.100098 -7478.757812 -4133.447266
v -3000.255127 -5864.897461 -4028.067383
v -2924.037109 -5721.443359 -4273.792969
v -2860.037354 -5654.264648 -4625.677734
v -3245.014893 -8885.308594 -4480.800293
v -2954.215576 -5648.049316 -4645.905273
v -3218.488770 -5698.602539 -4532.134766
v -2863.351318 -5720.041016 -4739.632324
v -3237.011719 -6163.170898 -4467.161133
v -3215.625244 -5845.506348 -4477.292480
v -5865.777344 -5673.240723 -4506.484375
v -3386.021973 -7389.832520 -771.262451
v -3633.419678 -7812.607910 -632.631042
v -3780.852539 -7567.859863 -504.884949
v -6208.378906 -5832.099121 -4016.228516
v -4028.119629 -7288.812500 -235.409180
v -3651.888428 -7469.986328 -579.575378
v -6041.894043 -5751.984375 -4193.259766
v -3811.420410 -8317.924805 -446.424438
v -6071.792480 -5464.232422 -4963.668457
v -3953.357910 -8278.467773 -356.737427
v -6313.781250 -5408.980469 -5140.010254
v -3945.215088 -7596.878418 -411.476227
v -6332.339844 -5631.134766 -4525.892090
v -3957.979736 -7852.147461 -404.658051
v -6589.576172 -5565.207520 -4755.826172
v -5839.968262 -5808.040527 -4185.606934
v -4777.412598 -6937.593262 -1112.503052
v -6053.725098 -6756.593750 -1571.080811
v -3479.000000 -7143.462402 -1178.393555
v -5663.071289 -6885.541992 -704.013611
v -5950.629883 -6707.407715 -1199.153931
v -4796.934570 -7094.617188 -267.385071
v -3946.092773 -7089.109375 -423.705566
v -5652.067383 -5766.595215 -4548.065430
v -7094.395020 -7545.654785 -2905.310547
v -5763.795410 -6565.390137 -2302.722412
v -4128.496094 -7061.039551 -354.618835
v -4488.799805 -6970.379883 -457.200012
v -4227.395020 -7391.107422 -215.693237
v -6005.237305 -6458.936035 -2706.643311
v -3811.056641 -7095.792969 -697.223328
v -4240.396973 -7725.625977 -338.477936
v -7087.528320 -7602.950684 -4235.672852
v -6695.953613 -5764.653320 -4123.041504
v -6057.319824 -7805.335449 -1336.627563
v -5905.566406 -8044.706543 -1105.254028
v -5973.738770 -6872.112305 -1087.192505
v -6053.332520 -7467.306152 -1542.543335
v -5994.751953 -7402.056152 -1185.204468
v -6068.042480 -7329.428223 -1324.973022
v -6006.233887 -7795.451660 -1244.104980
v -6056.687500 -7609.483887 -1355.301758
v -5313.693359 -6867.895996 -1434.781738
v -5893.473145 -7314.559570 -1061.355591
v -5521.701172 -6859.551270 -1439.842896
v -6896.123047 -7310.848633 -3215.307617
v -3611.513428 -7348.399902 -599.490112
v -5143.441406 -7475.326660 -1627.000366
v -4203.653320 -7302.074707 -204.178177
v -5249.501953 -6805.650391 -1674.532837
v -2561.968506 -7917.345215 -950.859558
v -2825.848145 -8072.483398 -941.712280
v -2060.675293 -8378.043945 -1513.446655
v -2079.732422 -8775.517578 -1475.599487
v -2841.466064 -8804.637695 -936.283997
v -1851.222900 -8962.761719 -1712.567139
v -3469.916504 -8820.094727 -759.668213
v -3034.332520 -9104.345703 -752.197815
v -2371.053711 -8547.740234 -1164.499023
v -2477.688965 -9244.565430 -1008.417786
v -2395.611572 -8887.176758 -1144.729126
v -2321.270996 -8216.880859 -1093.788452
v -2138.846924 -8156.390137 -1308.357178
v -2031.377808 -9038.629883 -1437.716187
v -1854.978271 -9101.341797 -1758.048950
v -2533.748779 -8965.534180 -987.833679
v -2611.179443 -9128.767578 -894.383606
v -1896.861694 -8721.072266 -1722.081543
v -2291.751709 -9199.056641 -1146.890869
v -2574.018799 -8794.380859 -1039.799927
v -3105.781494 -8900.628906 -825.843811
v -2354.173096 -8769.757812 -1217.169556
v -6936.866211 -7401.290039 -3135.730469
v -6947.408203 -7370.352539 -3452.186279
v -6745.453613 -8904.589844 -2700.330811
v -6163.623535 -7631.326660 -2020.728638
v -6099.437988 -8699.252930 -1750.855713
v -6364.243164 -8819.054688 -2050.175781
v -6262.485840 -8840.708008 -1172.072876
v -6464.651367 -9281.823242 -2850.456543
v -6136.013672 -7066.823242 -1862.907471
v -5175.212891 -9319.790039 -1352.309570
v -5874.928711 -9412.666992 -802.647278
v -6262.969727 -8670.109375 -1952.906250
v -6145.661621 -8417.373047 -1235.696289
v -6098.894531 -7458.825684 -1771.801392
v -6068.640137 -7853.508789 -1493.057373
v -5332.752930 -9328.897461 -1572.889038
v -6077.568848 -8079.622559 -1570.171387
v -6173.023438 -9176.060547 -1353.915405
v -2508.945801 -9334.575195 -1073.737793
v -3493.491211 -9445.507812 -1356.566528
v -2749.137695 -9220.569336 -866.346252
v -3643.725830 -9392.605469 -1034.484985
v -5036.844727 -7783.911621 -1590.916870
v -4073.929199 -9035.897461 -1529.296021
v -3661.515381 -9198.756836 -1678.069214
v -4908.431641 -9172.259766 -1465.872314
v -3646.079834 -9372.543945 -1531.406494
v -4459.465820 -9192.820312 -1436.080688
v -3325.077637 -9467.067383 -1598.526733
v -4415.860840 -8894.817383 -1476.381592
v -4619.824707 -9357.356445 -1246.941406
v -4898.915039 -9290.222656 -1383.111450
v -3819.305664 -9166.085938 -1588.773071
v -3735.598145 -8995.225586 -1631.630737
v -3771.491943 -9422.451172 -1271.925537
v -4153.400879 -9385.150391 -1328.044312
v -3563.240967 -9431.877930 -1427.062134
v -3868.050781 -9317.750000 -1473.498779
v -5726.604980 -9095.953125 -3139.089111
v -2576.232666 -9358.318359 -2785.739990
v -2896.250732 -9283.386719 -4645.636230
v -2926.654785 -7182.123047 -1365.131836
v -2383.240234 -6676.654785 -2577.296875
v -1729.627075 -9316.728516 -2841.017822
v -2858.098633 -8906.914062 -2804.556396
v -2247.654541 -9278.234375 -3058.202881
v -2290.666748 -9404.697266 -1945.731323
v -5504.070801 -9341.886719 -2401.366455
v -2997.918701 -9113.387695 -4021.002686
v -2886.726807 -8422.349609 -3961.085693
v -2790.373047 -9399.805664 -4253.040039
v -4222.671387 -7127.868652 -941.372253
v -2881.782471 -8816.494141 -3442.065918
v -6614.255371 -6458.482910 -2612.567871
v -3603.948975 -9365.789062 -819.124573
v -2408.915283 -9354.208984 -2782.155518
v -2907.864502 -9100.682617 -3686.657227
v -2253.218262 -9442.793945 -1625.888916
v -2913.379883 -9217.970703 -3795.274658
v -2956.552490 -9295.951172 -2242.377197
v -2555.561768 -9471.049805 -2009.382690
v -3203.711182 -7337.490234 -835.139526
v -2494.562988 -9433.553711 -1736.531982
v -2985.927490 -9333.081055 -922.670166
v -2940.275391 -9402.943359 -1104.797852
v -2123.529541 -9323.571289 -2745.290283
v -2915.784180 -7231.817383 -3996.483643
v -2543.964111 -9456.650391 -1313.411133
v -2044.322510 -9328.931641 -1603.370239
v -2986.446289 -6972.689941 -3566.207764
v -2401.094482 -9394.142578 -2433.227295
v -3014.488525 -9415.594727 -1253.607544
v -2493.904053 -9421.963867 -1210.661743
v -2336.017578 -9439.229492 -1419.479248
v -2131.239502 -9402.393555 -1642.903320
v -4433.409668 -6986.508301 -1312.852539
v -3807.033203 -7154.017090 -1535.441772
v -2105.693115 -6061.212402 -4826.071777
v -3238.974121 -5886.559082 -4431.254883
v -3116.350098 -6282.486328 -4311.965820
v -5977.827637 -7144.123535 -1162.585449
v -2947.531494 -6591.646484 -4071.496582
v -2428.883057 -9433.668945 -1642.371216
v -3657.789062 -7255.327637 -585.955444
v -6056.476562 -6801.287109 -1348.712036
v -5900.275391 -9320.289062 -2983.147705
v -7210.461914 -7514.452148 -3465.011963
v -3106.328613 -9284.129883 -4535.064941
v -6915.337402 -7391.051758 -3811.770996
v -2399.933838 -9282.164062 -4262.872559
v -3073.206299 -9192.456055 -2191.887451
v -3027.865234 -9276.731445 -4256.073242
v -2797.531006 -9296.644531 -3339.891357
v -2635.438965 -9344.621094 -2576.657227
v -3672.295654 -9120.818359 -185.396042
v -3634.737061 -9311.606445 -549.377136
v -3785.724365 -9396.305664 -290.620300
v -3794.717285 -9056.295898 -33.530411
v -3910.007812 -8838.750000 -57.224445
v -3558.174316 -9186.265625 -504.768005
v -3515.212402 -9030.026367 -567.918213
v -3622.073730 -8616.572266 -596.241638
v -3626.082520 -8963.936523 -295.617645
v -3562.662354 -8769.050781 -700.904541
v -3734.127197 -8892.311523 -146.461655
v -3586.836670 -8822.679688 -471.699982
v -3267.295898 -6972.751465 -1691.203125
v -5063.714355 -7568.974609 -1591.721558
v -3456.227295 -7375.847168 -1801.075684
v -4869.898926 -7286.163574 -1369.878174
v -4097.634766 -7360.669922 -1503.885986
v -3159.618164 -7390.805176 -2047.613525
v -4154.927246 -7667.230469 -1645.079956
v -4470.268555 -7762.063965 -1497.685913
v -3700.843018 -7058.588379 -1435.677734
v -2911.819092 -6883.422852 -2056.600342
v -4215.978027 -7019.241699 -1362.613770
v -3563.032227 -7121.330078 -1649.887085
v -3896.232422 -7063.677734 -1286.999390
v -4428.119141 -7493.728027 -1483.197144
v -4277.588867 -7143.174316 -1412.392090
v -3268.408936 -7162.605957 -1942.094727
v -3805.147949 -7169.145996 -944.184448
v -4180.568848 -7125.180176 -799.732483
v -4937.881836 -6958.950684 -1009.076294
v -4815.458984 -6958.638672 -799.662354
v -4597.998535 -7000.991211 -972.091370
v -3960.381348 -7033.864746 -1428.963867
v -3246.879150 -6154.564941 -4493.577148
v -3238.906738 -6155.297852 -4513.067383
v -4211.845215 -7201.886230 -230.522476
v -5733.727539 -8523.326172 -229.147873
v -5883.759277 -8189.666992 -1014.099731
v -6032.611328 -8079.462402 -1222.523193
v -6059.294434 -8286.550781 -1131.439087
v -5907.569336 -7792.971191 -1118.830933
v -6085.967773 -8041.396973 -1345.191895
v -6551.430176 -8894.326172 -4921.796387
v -6941.223633 -7699.820801 -4553.923828
v -7282.897461 -7937.316895 -2831.099609
v -6762.452148 -7566.951172 -2624.727539
v -6545.497559 -7651.821289 -2392.423340
v -6806.500488 -8226.160156 -4815.842285
v -7370.466797 -7816.489746 -3759.967529
v -6358.008789 -6231.472656 -5127.858398
v -2712.588867 -9310.146484 -955.552856
v -6424.623047 -9269.171875 -5068.638184
v -2685.110596 -9410.292969 -1099.931885
v -7393.591797 -8014.137207 -3405.919189
v -3520.179199 -8024.074707 -740.662048
v -7382.245605 -7825.601074 -3467.280518
v -5466.963867 -9301.295898 -1284.479614
v -6531.916504 -7077.540527 -4875.403320
v -4193.251953 -8554.926758 -164.112976
v -7112.158203 -7442.396973 -3482.553955
v -3779.110352 -8694.649414 -237.316360
v -2170.190186 -9107.965820 -4918.958496
v -5785.401855 -7869.114258 -3307.807129
v -5667.768555 -8384.035156 -2911.712158
v -5734.587891 -7724.465820 -3176.782959
v -5811.317383 -7629.250977 -3649.611816
v -5340.799805 -8856.262695 -2145.869873
v -5481.485840 -9001.382812 -2419.350586
v -2820.756836 -5713.075195 -4523.961914
v -5636.332031 -6835.277832 -2642.974854
v -2074.018555 -9319.940430 -4716.233887
v -5640.581055 -8182.158203 -2857.074463
v -5258.638672 -7857.564941 -1763.134888
v -5595.803223 -7973.177734 -2535.192139
v -2616.204346 -5714.466797 -4874.925781
v -2399.433350 -5884.489258 -4904.006836
v -2972.788574 -7333.910645 -2713.924805
v -5632.686035 -8705.986328 -2629.764648
v -5715.053223 -7825.335449 -2770.539795
v -2940.342773 -6943.614258 -2721.604736
v -5648.198242 -7072.445801 -2624.885498
v -2396.657959 -5553.653320 -4887.998047
v -5049.696777 -8700.667969 -1489.233032
v -4704.727051 -8854.726562 -1474.899048
v -4766.524414 -8106.772949 -1495.875366
v -2341.871094 -6361.647949 -4962.471680
v -2428.163574 -9308.234375 -4657.576660
v -5717.801270 -8355.936523 -3304.586670
v -5701.599609 -7360.976562 -2885.739746
v -2584.518799 -5557.569336 -4849.290527
v -5322.499023 -8013.172363 -2072.724609
v -2959.873047 -5672.200684 -4547.192871
v -2889.523193 -6316.857910 -3589.032715
v -2765.909424 -5912.453613 -4708.786133
v -1039.755859 -8745.705078 -3705.929932
v -5807.350586 -8790.864258 -4054.117920
v -1106.156372 -8940.659180 -3156.020752
v -2430.136963 -6374.355469 -3136.443848
v -936.740112 -8360.519531 -3382.845703
v -935.566589 -8626.593750 -3343.481934
v -3939.560059 -8430.395508 -1555.387573
v -5837.401367 -7793.532227 -4223.656250
v -1720.297974 -6071.789062 -3995.390137
v -2607.857178 -5957.604492 -3904.289551
v -2025.665649 -6288.462402 -3595.145264
v -1878.062622 -5874.535645 -4441.153809
v -5818.794922 -7496.767578 -4303.469727
v -1746.531616 -6292.501953 -3499.491943
v -5813.915527 -8544.031250 -4037.137207
v -5816.381348 -7741.577148 -3598.784180
v -3298.943604 -8775.707031 -2096.013672
v -2213.785400 -6669.287598 -2707.899170
v -2242.856445 -6423.885254 -3220.147461
v -2592.192871 -5833.548340 -4530.722656
v -5912.117676 -7990.465332 -3921.334961
v -5707.486328 -8107.275879 -3226.070557
v -3122.840820 -8984.148438 -2156.496582
v -5895.975586 -8023.166504 -3718.210205
v -5855.173340 -8206.737305 -3855.258789
v -1883.631958 -9265.890625 -2031.765015
v -4077.028809 -7406.618652 -234.534760
v -2399.637207 -5872.976074 -4505.101562
v -5910.024902 -7947.433105 -3755.435303
v -3847.549072 -7398.005859 -343.580566
v -3924.452393 -9246.857422 -1507.628784
v -1299.074707 -7832.952148 -3316.869385
v -5466.001953 -9264.708008 -3.889931
v -2251.421143 -7405.390625 -4916.190918
v -1292.271851 -7907.219238 -4349.900879
v -5358.127930 -8598.281250 43.564705
v -1637.571777 -6649.831543 -2828.787842
v -5844.238281 -6414.724121 -2703.160889
v -5947.166504 -6634.169434 -3566.747070
v -4631.081055 -9267.395508 248.010071
v -6821.775391 -9075.023438 -3628.066162
v -5684.972656 -8864.743164 19.722237
v -2052.901855 -6683.990723 -4658.196777
v -5925.746094 -6288.520996 -4232.205078
v -1584.679932 -9183.313477 -3955.509033
v -1965.084961 -9197.165039 -4793.819824
v -5743.246094 -5984.287109 -4723.508301
v -1608.867554 -6252.060547 -3988.894531
v -1173.634766 -8659.664062 -4023.755859
v -6937.567383 -8819.479492 -3492.659424
v -4316.062500 -8098.308105 -1453.285889
v -4106.802246 -9473.522461 -162.187805
v -6725.188477 -9089.740234 -4626.062988
v -6991.542969 -8099.727539 -2352.594482
v -5471.242676 -7484.916992 -709.595703
v -6716.231934 -8061.429688 -2174.817627
v -2841.755615 -7969.869629 -3678.735596
v -4908.613770 -8141.103516 -191.275024
v -5802.563965 -8595.175781 -4380.399902
v -6009.724609 -9240.816406 -4917.310547
v -5703.343750 -9130.903320 -4632.306152
v -2949.077637 -7815.335449 -2207.214111
v -5901.752930 -6162.205566 -3574.518066
v -2598.799805 -7406.958984 -985.271606
v -3302.881592 -8061.315918 -1766.856201
v -1898.302124 -6988.983887 -1897.066772
v -1624.061401 -7734.258301 -2738.706055
v -3033.716309 -7745.945312 -2033.300293
v -2158.401611 -7093.520996 -1551.603760
v -5743.206543 -6052.523438 -4560.249512
v -1141.413086 -8374.932617 -4043.819580
v -1530.421631 -7313.902344 -4077.118896
v -1337.339966 -7601.824219 -3860.893066
v -1521.728516 -6508.490723 -3704.285889
v -5843.343262 -9233.008789 -4074.657471
v -1628.643555 -7123.914062 -3850.520508
v -6037.346191 -6082.341797 -3489.328613
v -1068.663574 -8106.572754 -3767.501465
v -5884.021973 -6615.574707 -4305.709473
v -6523.971191 -8568.503906 -2067.229736
v -6960.433594 -8771.007812 -4269.761719
v -5105.659180 -7052.951660 -348.622894
v -6231.850586 -9308.590820 -4529.257324
v -6637.032715 -9276.384766 -4116.624512
v -5742.658691 -9287.274414 -4553.346680
v -5741.354492 -8016.883301 -4680.796875
v -6073.130371 -9333.402344 -3851.302246
v -6101.243652 -8324.852539 -1783.056396
v -6350.517578 -8009.276855 -2119.925049
v -2924.385010 -8834.614258 -4096.560547
v -5868.469727 -9198.900391 -3761.095703
v -2897.892090 -8390.293945 -3776.146729
v -5835.348633 -9056.140625 -3802.951904
v -5940.750488 -9298.632812 -3919.811768
v -5809.621094 -9271.538086 -4769.957520
v -5693.687500 -9219.089844 -4453.563965
v -5798.073730 -8855.328125 -3594.176758
v -2841.874268 -7986.870117 -3926.908936
v -2822.576904 -8771.093750 -3779.939453
v -3162.195557 -9051.499023 -4359.713867
v -3256.248291 -9157.005859 -4486.217285
v -2937.028564 -8425.037109 -4110.530273
v -3033.343506 -8837.229492 -4247.672852
v -5811.585938 -8912.493164 -4273.549805
v -1376.018188 -8811.870117 -2434.864014
v -2915.100830 -7573.044434 -3338.789062
v -6630.467285 -7717.979492 -2384.715576
v -7186.773438 -7884.425781 -2637.536865
v -6512.071777 -8311.300781 -2037.325073
v -6942.771973 -8277.176758 -2329.329834
v -6257.410156 -8066.140625 -2067.296143
v -6803.117188 -7764.183105 -2382.952881
v -7123.387695 -8109.810059 -2520.293213
v -6546.125000 -8090.054199 -2102.888184
v -6767.869629 -8330.099609 -2179.522217
v -6706.404297 -7916.559082 -2231.708740
v -6504.570312 -7871.556152 -2231.149170
v -6736.124512 -8529.697266 -2231.280518
v -6203.261719 -8416.446289 -1920.119873
v -6903.720703 -7846.455566 -2370.509766
v -6882.633301 -7991.838379 -2293.338623
v -6795.042480 -8140.677734 -2202.814941
v -4880.828125 -9305.575195 -924.148193
v -4273.228027 -9304.054688 -805.956970
v -4125.861328 -9417.275391 -1231.776611
v -4762.367188 -9386.663086 -1112.320435
v -4248.332031 -9412.990234 -1009.782471
v -4155.623535 -9434.738281 -1100.255737
v -3057.775879 -6141.956543 -4090.618408
v -2936.607666 -6623.749512 -3835.743408
v -1556.830566 -9261.921875 -2848.348145
v -1511.555420 -9112.830078 -2483.094971
v -1817.978516 -9307.896484 -3669.103027
v -4973.692871 -8127.554199 -1471.962280
v -4327.260742 -8282.436523 -1484.532593
v -1792.039307 -9084.774414 -1869.016846
v -4623.955566 -7504.397461 -1451.410156
v -5136.148926 -8021.426758 -1570.447510
v -5081.493164 -9127.052734 -1576.235229
v -5582.270020 -8244.166016 -2674.949463
v -4589.515137 -7761.204590 -1481.485596
v -4761.259766 -7571.246582 -1491.589600
v -4523.979492 -8004.539551 -1457.151489
v -4766.753418 -7950.251465 -1505.240356
v -5763.277344 -8276.767578 -3550.528076
v -2063.093506 -9365.057617 -2030.607300
v -3263.639160 -8359.257812 -2109.430420
v -3126.489258 -8186.479980 -2503.374756
v -1118.814819 -8059.358398 -3274.556152
v -5212.171875 -9372.210938 -49.475170
v -1852.199829 -8182.993652 -4636.164062
v -2079.013184 -8613.970703 -4767.612305
v -4712.879395 -8955.179688 328.352783
v -2615.733398 -7707.465332 -972.937012
v -6196.799805 -7297.706543 -1944.169189
v -1744.076660 -9172.289062 -4611.152344
v -1227.865601 -8850.923828 -3896.209961
v -5112.829590 -9154.833008 226.227722
v -5534.587891 -7273.631836 -2423.592041
v -7260.110352 -8322.151367 -3328.951660
v -6803.708984 -8659.460938 -2559.031006
v -1714.662109 -6835.548340 -4458.958008
v -1946.306274 -6407.137207 -4661.226562
v -1382.235718 -8533.376953 -4438.662598
v -1538.367798 -6755.289551 -3142.047852
v -6076.534180 -8716.088867 -485.259857
v -6210.955078 -8923.304688 -703.618652
v -6817.037598 -9073.289062 -4241.227051
v -5078.097168 -7613.444336 -443.587036
v -1000.297852 -8446.431641 -3114.911133
v -1873.662842 -9313.210938 -4097.485840
v -7323.315430 -8135.818848 -3104.935791
v -1208.587769 -8415.908203 -2820.427734
v -5178.655273 -7927.969727 -412.626831
v -5854.721191 -7373.818359 -3834.068848
v -3551.541260 -7849.408203 -1782.746094
v -1113.398682 -8936.086914 -3524.611816
v -2153.711182 -6843.823242 -2197.891357
v -5337.094238 -8563.368164 -2217.126465
v -3013.166748 -8660.694336 -3155.831787
v -6420.757812 -6655.757324 -2081.072021
v -6379.698730 -9061.819336 -2157.318359
v -6772.350098 -5893.886230 -4364.790527
v -6578.613770 -6078.230469 -4793.634277
v -3484.967529 -8530.398438 -1772.882202
v -1965.869507 -7260.912109 -1663.418091
v -6060.133301 -8967.721680 -380.997314
v -3059.778320 -7266.179688 -2306.586426
v -1259.890015 -7852.914062 -3521.152344
v -5810.844238 -5961.616211 -4220.772461
v -2041.083740 -7059.304199 -4682.166504
v -1582.583496 -7248.708984 -2467.769775
v -6802.222168 -6972.637695 -4217.663574
v -1788.574219 -7876.206543 -1931.678467
v -3162.439453 -8554.432617 -2961.086182
v -5070.265625 -7352.010254 -362.743225
v -5688.621094 -6734.458008 -865.174927
v -6086.470215 -9327.861328 -2645.026123
v -6681.095215 -6572.821289 -2737.071045
v -6217.925781 -8992.004883 -1384.324097
v -5254.859863 -9273.277344 -1776.738403
v -5328.540527 -6860.608887 -523.864990
v -7037.982422 -7969.817871 -4564.672363
v -6531.695801 -7842.383789 -4924.631348
v -5690.544434 -5621.037109 -4688.406250
v -1666.346436 -8676.779297 -1960.384277
v -3242.740479 -7568.279785 -1923.093994
v -3899.448975 -8099.486328 -1537.923828
v -2866.035889 -9292.896484 -3825.689209
v -2719.988281 -7187.884277 -1195.859497
v -6028.930176 -9239.880859 -1572.665039
v -1534.465698 -6908.515137 -3276.677490
v -1589.094727 -7749.757324 -3062.994873
v -5835.329102 -9192.283203 -213.743774
v -3141.500488 -8083.753418 -2914.788818
v -2901.809570 -7759.013672 -3305.095215
v -4697.224121 -8567.047852 -1516.826538
v -6704.340820 -7485.477051 -4661.779297
v -6413.282715 -7275.287109 -2280.241943
v -5540.101562 -9467.530273 -610.410583
v -1627.836426 -7055.160156 -4316.437012
v -1607.160278 -6545.125000 -4251.115723
v -1219.154541 -8174.025391 -4293.364746
v -4305.050293 -9414.771484 69.534760
v -5615.994141 -9414.050781 -2412.939209
v -6451.343262 -6515.784180 -2279.916016
v -3845.208740 -7893.111328 -1652.866577
v -7342.689453 -8226.762695 -3667.157959
v -3032.326416 -7046.279297 -1571.292725
v -2456.022217 -7113.798828 -1549.612427
v -5673.016602 -6624.520996 -2624.575684
v -5877.837891 -6183.290527 -3065.497070
v -6635.454590 -7361.280762 -2636.182373
v -3383.802002 -8346.145508 -1785.395874
v -1907.532227 -9052.523438 -4829.888184
v -1311.848267 -9086.330078 -2801.862549
v -5733.208008 -9112.398438 -55.669010
v -1144.427734 -8688.674805 -2795.891357
v -1662.130371 -6992.217285 -2306.046631
v -5979.743164 -9338.315430 -2152.441895
v -1555.008301 -7517.871582 -4364.214355
v -5818.923828 -7510.300781 -3642.548096
v -6145.839844 -9267.504883 -1115.809204
v -1574.352295 -7110.739746 -3440.938721
v -1547.531250 -7357.537109 -3749.640381
v -2931.581543 -8116.130859 -3483.497314
v -5907.949219 -8762.948242 -198.682434
v -5684.643555 -8672.605469 -24.584650
v -2645.595947 -9399.846680 -3737.994873
v -2663.128418 -9390.938477 -3396.220459
v -2318.200684 -9103.628906 -4969.891113
v -4850.062012 -6958.511719 -357.012695
v -5620.435059 -9195.623047 -2737.844238
v -5937.203613 -5971.490234 -3520.543457
v -6564.812500 -6408.003418 -4798.950195
v -5885.601074 -6194.608887 -3885.340088
v -3574.565674 -8443.311523 -1656.501465
v -3130.767090 -8058.809570 -1879.274658
v -6373.188965 -5482.694336 -5144.046875
v -5737.982422 -9427.989258 -514.048401
v -6488.581055 -9318.509766 -4508.124023
v -6359.562012 -9302.273438 -4154.620117
v -6290.734863 -7202.561035 -5137.555664
v -3136.687256 -7801.592773 -1903.505737
v -3477.404297 -8701.519531 -1773.487671
v -3484.330566 -8224.793945 -1670.715332
v -6315.485840 -8900.203125 -5146.476074
v -2785.498047 -6669.390137 -2600.092529
v -6634.733887 -6284.353516 -4629.298828
v -5734.743164 -9219.978516 -4692.579102
v -7118.529785 -7753.343750 -4356.619141
v -6435.319336 -6465.357910 -5048.702148
v -6402.484863 -5956.266113 -5073.604492
v -7213.071289 -7930.025879 -4297.498047
v -2564.008057 -5744.669922 -4682.018555
v -3106.071777 -5865.165527 -4155.566406
v -2795.029785 -6292.526855 -3386.077148
v -5887.959473 -9261.294922 -3378.530273
v -5786.628418 -7946.759277 -4756.840820
v -6292.614746 -5902.353027 -5134.363770
v -6428.980957 -5557.988281 -5136.409180
v -5969.438965 -9274.350586 -4806.368652
v -5840.767578 -9317.325195 -4292.567383
v -5756.601562 -8384.831055 -4736.020508
v -6059.328125 -9373.797852 -4317.026367
v -6242.359375 -9275.578125 -5101.653809
v -5955.630371 -9364.121094 -4461.074219
v -2825.346680 -5775.700195 -4133.177246
v -6643.676270 -5604.905762 -4736.008301
v -3061.637207 -5772.309570 -4212.398926
v -3095.542480 -5621.452637 -4639.870117
v -4628.703613 -6944.751953 -1293.837402
v -2906.756348 -6127.143555 -3712.708496
v -7179.389648 -7526.189941 -3828.604004
v -5036.915039 -7441.515137 -1538.129761
v -2441.016602 -9117.707031 -999.353271
v -1751.377441 -7571.917969 -1938.909668
v -5976.299316 -9342.478516 -672.690857
v -2261.734375 -9392.633789 -1366.284180
v -3348.967773 -8607.667969 -2082.731445
v -3779.104980 -8503.770508 -409.825439
v -1632.419678 -9177.155273 -2204.890381
v -5076.504395 -8720.193359 219.831467
v -4823.504395 -9398.538086 -498.967285
v -5296.925293 -6796.520020 -693.016724
v -5330.628906 -7608.090820 -2051.038818
v -5282.393066 -8375.695312 -2005.332153
v -5686.167480 -9112.741211 -4490.991699
v -5736.987793 -8832.852539 -4601.624512
v -3821.641602 -9234.069336 -51.062088
v -2673.386475 -6731.166016 -2331.043701
v -5632.260742 -9433.331055 -2126.353516
v -5831.486816 -7306.681152 -4321.643555
v -3144.585205 -6983.496094 -1991.143433
v -5767.976562 -7304.635254 -879.523743
v -5313.161133 -7512.363770 -565.944458
v -2922.107422 -7805.949219 -2455.159424
v -6795.737793 -6988.638672 -3454.239258
v -5565.425293 -7602.960938 -2496.619873
v -1546.301392 -6410.469238 -3531.952393
v -6425.570312 -7739.591797 -5061.624023
v -6531.374023 -7508.658203 -4860.605469
v -5873.677734 -6697.127441 -1284.129639
v -6330.296387 -6990.016602 -2092.304199
v -2504.081787 -7250.395508 -1137.791260
v -4456.042969 -8552.890625 18.908087
v -1838.599976 -6270.266113 -4554.068848
v -2196.413086 -5542.495605 -4892.527832
v -2243.593262 -5963.692383 -4890.209473
v -4207.774902 -9107.465820 246.782104
v -6594.153320 -9280.090820 -3487.376465
v -3453.400879 -7010.987305 -1646.215210
v -2928.584229 -8891.284180 -2548.649170
v -2846.313232 -9141.808594 -2613.968750
v -5882.104004 -7041.651367 -3456.728760
v -2430.607666 -6040.775391 -3953.751709
v -7188.391602 -8272.696289 -2799.245117
v -1083.433838 -8038.134766 -3614.433838
v -2804.429443 -7439.676270 -949.416565
v -2997.799805 -7242.305176 -949.868164
v -5127.284668 -9265.523438 -1520.397095
v -2071.430420 -5610.804688 -4829.826660
v -2293.319336 -6388.185547 -4950.647461
v -5193.229004 -9138.499023 -1756.096802
v -2029.516235 -6460.997559 -3148.869629
v -7267.378418 -8331.691406 -3931.928711
v -6727.144531 -8500.116211 -4824.598633
v -4404.705078 -8828.943359 244.184021
v -5971.642578 -5820.815918 -3963.764404
v -1833.807739 -9321.752930 -2517.729248
v -1381.362183 -8000.130859 -2912.958984
v -1697.018066 -9214.475586 -3268.900635
v -4551.524414 -9134.361328 315.884155
v -3216.804199 -8289.948242 -2872.469238
v -2706.162109 -9286.917969 -2817.244873
v -1598.826782 -9156.767578 -4369.351562
v -6138.400879 -9277.192383 -1976.343506
v -5690.340332 -9288.850586 -1465.679810
v -5561.750488 -9326.375000 -1624.449097
v -978.885010 -8620.171875 -3123.227539
v -5319.777832 -9158.792969 -2129.841309
v -4969.443359 -8592.295898 -1438.453003
v -6774.440430 -6082.340820 -3891.779053
v -5748.212891 -9295.809570 -2860.758301
v -2971.376953 -8627.086914 -3448.601807
v -2965.933838 -7837.076660 -2975.819092
v -5073.051270 -8280.279297 -1523.030640
v -1586.918579 -6714.750977 -4071.662109
v -1503.273804 -6707.837402 -3567.397461
v -3001.351807 -7136.749023 -2543.468994
v -2935.798584 -6835.520020 -2515.572510
v -1594.949463 -9024.470703 -2080.179688
v -1380.506226 -7615.026855 -3620.908447
v -6838.548340 -7924.006836 -4753.351562
v -6634.212402 -7655.809570 -4798.016113
v -6524.623047 -9140.634766 -4908.243652
v -2532.228760 -9418.978516 -3341.886719
v -6081.218262 -9275.608398 -1273.827271
v -6679.199707 -7064.510742 -4638.242188
v -3488.023682 -7224.072754 -985.095276
v -5917.911133 -9045.404297 -188.747101
v -2572.990723 -9292.677734 -4388.948730
v -939.576599 -8413.868164 -3583.498291
v -2472.573486 -7454.477051 -1033.977539
v -5697.083984 -5647.965820 -4545.658203
v -2872.739990 -6746.304199 -2976.547363
v -5854.374023 -6846.685547 -3280.177734
v -1910.586792 -9333.713867 -2857.002197
v -5915.934082 -7062.049805 -4249.340332
v -1978.284180 -9298.604492 -3458.646240
v -1891.229858 -8870.919922 -4824.142578
v -6841.282227 -7467.529297 -2839.175781
v -6498.139648 -7549.804688 -2386.158447
v -7073.181152 -8323.357422 -4458.161621
v -5738.046387 -6539.895508 -2922.747559
v -5886.254395 -6375.366211 -3426.795898
v -4949.072754 -7849.050781 -339.904724
v -4794.510254 -8441.981445 38.436005
v -2957.203369 -7395.469727 -3110.105713
v -2202.232666 -8513.268555 -1324.755371
v -3404.963379 -9227.571289 -677.971558
v -3941.477783 -9388.748047 -106.572769
v -4818.017578 -7646.460449 -359.348083
v -4778.538086 -8053.067871 -246.520309
v -1121.030029 -7881.580566 -3967.210693
v -1240.085938 -8896.018555 -2704.341553
v -6120.837891 -6754.693359 -1728.859619
v -1551.050293 -7979.817871 -2747.546387
v -1639.093018 -8003.748047 -2518.600586
v -3187.719971 -8836.801758 -2251.302002
v -6094.587891 -9195.832031 -1762.446777
v -4502.929688 -9403.878906 -437.538940
v -5899.854492 -8615.056641 -272.326630
v -2373.577637 -6872.062012 -2130.803955
v -5714.228027 -8981.565430 -3148.379395
v -2869.660400 -9482.380859 -1912.992188
v -1852.417969 -8151.979492 -1938.072510
v -6132.504883 -6572.263184 -2220.326904
v -1661.529785 -7879.814941 -2511.136475
v -6746.069336 -6210.459961 -4163.581543
v -5390.948730 -8380.336914 -306.137726
v -5494.024414 -8238.533203 -520.350220
v -6122.631348 -6309.459961 -3170.530029
v -1598.711426 -7074.157715 -4166.370605
v -2085.671875 -8307.261719 -4712.328613
v -1758.762085 -6823.994629 -2298.660400
v -5387.125977 -7025.691895 -495.586517
v -1288.009399 -8803.188477 -4224.747559
v -1490.831665 -8994.614258 -4424.913086
v -5213.506836 -8437.077148 -37.549885
v -1802.915894 -9294.506836 -3238.566162
v -5864.536621 -5725.122559 -4291.275391
v -1641.718262 -9226.791016 -2519.170410
v -7352.204590 -8070.002930 -3884.697266
v -6836.702637 -8772.425781 -4665.417969
v -1734.867920 -6062.320312 -4274.587402
v -5585.482422 -8432.631836 -2678.971680
v -6797.727051 -7070.530273 -3171.059570
v -6598.054199 -6325.400391 -2843.931152
v -3254.576904 -8584.565430 -2515.616943
v -1848.269897 -8464.617188 -4681.927246
v -5354.719727 -7175.115723 -2143.045410
v -5741.317871 -6804.235840 -1594.778076
v -5557.312988 -6913.879883 -2474.739990
v -5490.979004 -6608.514648 -2144.539307
v -1879.621948 -7841.039062 -1702.057861
v -7055.282715 -8639.381836 -3242.337402
v -5815.057129 -8030.962402 -4365.084961
v -5653.617676 -6709.804199 -984.252319
v -5447.417480 -8936.397461 162.180603
v -1002.368774 -8826.220703 -3447.047119
v -6655.270508 -6148.705566 -3399.602051
v -5679.672852 -7530.626953 -2812.906982
v -2931.735596 -7340.136230 -4114.864746
v -4051.365479 -9158.574219 -1516.731567
v -4579.749512 -9096.057617 -1454.162109
v -5844.429688 -7741.196289 -3929.176270
v -3274.045654 -9452.742188 -1788.136597
v -5735.556641 -7600.932617 -3234.423828
v -4674.045410 -9214.535156 -1418.242310
v -3254.596924 -9269.528320 -4507.789551
v -3827.524170 -9356.202148 -1441.665527
v -3086.140381 -9223.437500 -4566.917480
v -2977.669434 -7257.611816 -3671.817627
v -3245.719238 -7652.008301 -4496.455078
v -2934.238037 -6391.738281 -3807.569824
v -5763.415527 -7895.686523 -3208.767334
v -6257.886719 -9286.000977 -2252.526611
v -4664.885742 -8819.998047 280.153290
v -1803.030518 -7282.582520 -1891.976807
v -6491.700195 -8846.185547 -2195.865967
v -6827.638672 -8915.956055 -3149.530029
v -6630.367676 -9094.551758 -2882.590332
v -6345.115234 -9325.021484 -2822.543213
v -6549.910156 -9290.725586 -3735.612793
v -2837.367676 -6765.291016 -2289.885498
v -2285.282227 -8771.596680 -4949.033691
v -1374.314087 -7806.942871 -3213.398926
v -6667.391602 -6656.141602 -4646.847656
v -1959.257568 -7430.440430 -4620.444336
v -1879.727661 -7024.169434 -4556.100586
v -3539.402344 -9052.241211 -1782.298950
v -7141.804199 -7680.421387 -2759.753906
v -2561.208984 -7089.486816 -1672.954956
v -4096.839844 -7003.280273 -482.781433
v -2189.048340 -8891.120117 -4891.830566
v -1376.498413 -8763.052734 -4411.654785
v -2868.772461 -7537.774414 -3991.540771
v -3023.018311 -8047.062012 -2050.596680
v -5476.803711 -8803.628906 137.434921
v -1560.979370 -7228.550781 -3101.050293
v -5725.678711 -8690.713867 -2839.593994
v -5627.768555 -9052.156250 -2812.218506
v -6817.334961 -6679.973145 -3326.961426
v -6345.589844 -9281.054688 -2545.317383
v -2006.786621 -9331.611328 -4132.915527
v -6358.411621 -5967.362305 -3771.141602
v -6569.218262 -6794.135254 -2531.740723
v -2990.088867 -7403.536621 -2468.087646
v -4961.844727 -9414.406250 -92.110573
v -5256.376953 -9417.548828 -227.121933
v -5453.126465 -9400.476562 -786.035889
v -2343.488037 -7920.981445 -1049.158569
v -5765.201172 -7131.566406 -2899.471436
v -1444.363892 -9088.302734 -4042.795410
v -2532.533936 -8170.253418 -973.615295
v -2399.861572 -7292.248047 -1150.286011
v -955.016235 -8630.109375 -3578.007568
v -1769.000000 -9291.464844 -2225.059814
v -1402.086792 -8955.972656 -2464.091309
v -5868.865234 -6814.460938 -947.950195
v -5745.597656 -6684.441895 -3024.148193
v -1008.708801 -8775.918945 -3123.064209
v -4359.253418 -9476.097656 -64.367378
v -4256.524902 -8590.441406 -1514.644531
v -3998.085449 -9071.931641 140.096878
v -4944.014648 -9077.259766 295.202911
v -1305.389771 -8951.172852 -3763.031982
v -3841.500000 -9365.669922 -719.119019
v -1621.208740 -7845.734863 -2776.337646
v -2734.324951 -9293.166016 -2578.040771
v -5154.369629 -8619.929688 -1672.656250
v -1347.364380 -9134.704102 -3002.810059
v -6355.016602 -9263.564453 -5129.015137
v -5234.965332 -8589.429688 107.734169
v -2144.670166 -7812.742676 -4791.766602
v -5167.845703 -9297.939453 -1097.495728
v -4609.408203 -7337.812012 -248.036163
v -6061.723633 -9185.064453 -1553.208618
v -2867.852295 -8574.014648 -3829.433105
v -6884.987793 -8833.496094 -4525.603027
v -7157.943359 -8582.633789 -3971.051514
v -7025.355957 -8610.017578 -4324.547363
v -1603.224243 -7627.696777 -2480.177246
v -6745.833008 -6664.371094 -4392.520020
v -5896.259277 -7267.951660 -3661.279541
v -1838.445190 -6776.920410 -2280.869873
v -1737.231934 -6587.180176 -2756.913330
v -1427.190308 -7502.528320 -3414.526611
v -6225.781250 -9149.469727 -1113.172363
v -1505.657837 -8530.159180 -2199.662598
v -3104.506104 -8133.765137 -3169.831055
v -6766.920410 -7518.534180 -4579.717773
v -7006.826172 -7643.981934 -2619.030273
v -1778.266724 -6120.255859 -4426.444336
v -3454.215088 -9292.160156 -718.033142
v -2834.540771 -7730.378906 -3747.345947
v -6726.528809 -6018.383789 -3757.598389
v -2755.116455 -8374.805664 -963.187866
v -5130.479980 -6827.697266 -529.056641
v -7118.456055 -8451.099609 -3087.048096
v -5830.220215 -9094.459961 -4073.778076
v -2632.764648 -9270.328125 -4778.403320
v -4375.940918 -8953.193359 298.829254
v -2640.609863 -6264.765137 -3322.497314
v -2935.165527 -7651.048828 -2871.429688
v -5193.130859 -8102.342285 -327.017761
v -1930.598755 -9351.475586 -4527.868652
v -1525.209106 -7401.776367 -4260.451660
v -1462.424805 -7439.873535 -4129.647461
v -3359.462402 -8423.275391 -1947.626465
v -6059.437988 -9104.668945 -432.218628
v -2539.414795 -6620.795898 -2601.363770
v -4927.266113 -9036.243164 -1467.621216
v -4934.454102 -8816.382812 -1422.898682
v -1621.455200 -7655.979492 -4462.481445
v -5890.923828 -8370.811523 -808.291443
v -5972.995605 -5509.481445 -4770.394043
v -2801.832520 -7261.925781 -1049.962891
v -2936.670410 -7857.501953 -3243.108643
v -2735.962646 -7014.134766 -1778.593506
v -1627.265747 -6981.205078 -3860.144531
v -1613.941162 -6862.383789 -4168.236328
v -3449.380371 -7228.724609 -834.981201
v -1688.057617 -8860.877930 -4705.659180
v -4314.015137 -9271.195312 210.379227
v -5358.959961 -7707.212891 -590.653259
v -2167.506348 -6529.818848 -4816.740234
v -4859.745117 -7740.598145 -360.039886
v -5715.292969 -6972.145996 -735.724060
v -1581.805664 -6738.630371 -2894.938232
v -6164.846680 -8050.622070 -1997.130371
v -6252.517578 -6279.153809 -5103.959473
v -6344.484863 -6923.862793 -5140.586426
v -6204.426270 -6954.291992 -5069.798828
v -1300.360474 -8591.613281 -2570.007568
v -2858.921387 -8900.578125 -3493.628174
v -2862.250000 -9225.867188 -3332.201904
v -5261.253906 -7301.312500 -453.912811
v -1294.320923 -8178.130859 -2845.744873
v -3072.037109 -6941.448730 -1902.096069
v -5837.420898 -8923.746094 -3938.147705
v -3899.788574 -8854.570312 -1545.497192
v -3081.549316 -8676.445312 -2898.633545
v -1704.073975 -7499.624512 -4507.706543
v -3014.837891 -6969.607910 -2442.251709
v -2245.141602 -7480.583496 -1271.999268
v -6162.671875 -6063.296875 -3616.557861
v -5486.465332 -9138.841797 77.882278
v -6171.678223 -9214.656250 -930.260193
v -6785.235840 -6682.342773 -3027.349854
v -5357.343262 -9296.415039 -2162.256348
v -5486.246582 -9399.833984 -2188.236328
v -3990.317627 -8197.089844 -1507.349487
v -5780.240723 -7260.746582 -4485.334961
v -2884.936279 -7203.918457 -1175.405884
v -2935.971191 -7952.978027 -2453.182373
v -2998.301514 -8146.409180 -2216.553467
v -2034.954468 -7761.671875 -4714.920410
v -2078.090576 -6677.851074 -2661.049072
v -1898.790161 -6716.728027 -2431.558838
v -2078.064453 -7447.387695 -4704.963867
vt 0.419120 0.504550
vt 0.433130 0.551820
vt 0.407000 0.513570
vt 0.393510 0.517250
vt 0.401620 0.541860
vt 0.380110 0.525970
vt 0.382780 0.562630
vt 0.367960 0.521450
vt 0.360830 0.545850
vt 0.334850 0.534020
vt 0.337480 0.547780
vt 0.310650 0.552600
vt 0.292320 0.571980
vt 0.287400 0.559020
vt 0.307430 0.533510
vt 0.279370 0.543710
vt 0.276530 0.529370
vt 0.263790 0.543810
vt 0.278640 0.560730
vt 0.265800 0.555770
vt 0.283860 0.577000
vt 0.270160 0.572780
vt 0.261760 0.579440
vt 0.248770 0.588000
vt 0.243400 0.566880
vt 0.252680 0.552500
vt 0.235950 0.546370
vt 0.246360 0.537290
vt 0.245620 0.605420
vt 0.212140 0.588310
vt 0.234290 0.572100
vt 0.320420 0.522550
vt 0.320650 0.511720
vt 0.359320 0.512270
vt 0.282210 0.516270
vt 0.297930 0.525820
vt 0.274990 0.600810
vt 0.268200 0.624110
vt 0.389260 0.499010
vt 0.372850 0.497880
vt 0.373710 0.484050
vt 0.348860 0.493410
vt 0.370860 0.575100
vt 0.389460 0.582260
vt 0.369370 0.594320
vt 0.348680 0.575140
vt 0.356580 0.596310
vt 0.328520 0.597410
vt 0.291650 0.614200
vt 0.278130 0.620970
vt 0.339750 0.614190
vt 0.394530 0.489170
vt 0.388490 0.491160
vt 0.381580 0.471990
vt 0.344850 0.629590
vt 0.323190 0.632310
vt 0.316330 0.606290
vt 0.297270 0.506270
vt 0.275860 0.511400
vt 0.282390 0.495280
vt 0.255410 0.614820
vt 0.250980 0.655800
vt 0.247580 0.524900
vt 0.226230 0.536290
vt 0.227800 0.514320
vt 0.451390 0.567430
vt 0.322760 0.479760
vt 0.351640 0.476220
vt 0.297310 0.627300
vt 0.305080 0.642300
vt 0.286630 0.645580
vt 0.263200 0.504690
vt 0.236500 0.652910
vt 0.216780 0.609630
vt 0.246430 0.623780
vt 0.435010 0.589090
vt 0.447070 0.581830
vt 0.448100 0.608810
vt 0.413840 0.587350
vt 0.442830 0.615040
vt 0.369460 0.616570
vt 0.388020 0.607480
vt 0.367660 0.652690
vt 0.207700 0.509540
vt 0.215930 0.523170
vt 0.462340 0.612370
vt 0.434440 0.526320
vt 0.468850 0.541590
vt 0.446800 0.492050
vt 0.353440 0.624400
vt 0.358680 0.666910
vt 0.192680 0.595690
vt 0.196350 0.540400
vt 0.247610 0.454000
vt 0.386240 0.434700
vt 0.258970 0.489560
vt 0.244220 0.473140
vt 0.226020 0.502440
vt 0.224350 0.477430
vt 0.204200 0.658770
vt 0.202900 0.616990
vt 0.223740 0.657600
vt 0.404470 0.614010
vt 0.421200 0.633110
vt 0.311270 0.433020
vt 0.292300 0.657220
vt 0.309680 0.659550
vt 0.210450 0.462260
vt 0.192110 0.629180
vt 0.171060 0.578020
vt 0.186890 0.576620
vt 0.335380 0.410260
vt 0.364000 0.412500
vt 0.342580 0.661030
vt 0.350600 0.683030
vt 0.496120 0.497490
vt 0.475210 0.520980
vt 0.458730 0.490540
vt 0.261400 0.670210
vt 0.280370 0.674490
vt 0.273300 0.687760
vt 0.295870 0.675640
vt 0.286770 0.687010
vt 0.503880 0.613440
vt 0.478720 0.570930
vt 0.486180 0.550570
vt 0.398540 0.649980
vt 0.423700 0.648210
vt 0.388570 0.664580
vt 0.263410 0.431820
vt 0.257530 0.416580
vt 0.284560 0.407390
vt 0.250130 0.674260
vt 0.266580 0.697590
vt 0.259940 0.706150
vt 0.208500 0.686330
vt 0.325250 0.687720
vt 0.340510 0.679980
vt 0.338310 0.694570
vt 0.204770 0.445020
vt 0.195920 0.446680
vt 0.189610 0.428290
vt 0.182200 0.675300
vt 0.174740 0.626210
vt 0.193610 0.658710
vt 0.459310 0.580780
vt 0.470420 0.613430
vt 0.450190 0.376710
vt 0.464370 0.425980
vt 0.432980 0.426660
vt 0.224840 0.708730
vt 0.230050 0.680490
vt 0.165090 0.652410
vt 0.161020 0.618220
vt 0.302130 0.699170
vt 0.231230 0.427330
vt 0.212960 0.430110
vt 0.205660 0.405560
vt 0.151340 0.617070
vt 0.147970 0.573940
vt 0.147900 0.512330
vt 0.143120 0.466590
vt 0.167130 0.477140
vt 0.508520 0.547670
vt 0.501160 0.518390
vt 0.511530 0.539790
vt 0.426060 0.375010
vt 0.515840 0.518990
vt 0.536110 0.528940
vt 0.629370 0.464630
vt 0.595920 0.444890
vt 0.617660 0.429790
vt 0.597230 0.408060
vt 0.651520 0.456100
vt 0.645500 0.433520
vt 0.672390 0.467310
vt 0.513830 0.564000
vt 0.510430 0.594580
vt 0.326170 0.387920
vt 0.307300 0.390870
vt 0.307630 0.352210
vt 0.226820 0.398710
vt 0.173570 0.684960
vt 0.132380 0.492510
vt 0.436490 0.666830
vt 0.481200 0.666700
vt 0.419820 0.686900
vt 0.485590 0.426950
vt 0.527700 0.415130
vt 0.512670 0.450710
vt 0.686270 0.477240
vt 0.653120 0.487770
vt 0.204040 0.430890
vt 0.192960 0.402780
vt 0.568300 0.549270
vt 0.535760 0.542760
vt 0.558970 0.539600
vt 0.570970 0.537220
vt 0.585870 0.525290
vt 0.580080 0.419040
vt 0.570780 0.374080
vt 0.590360 0.375080
vt 0.280890 0.390190
vt 0.256900 0.385100
vt 0.291060 0.354770
vt 0.332780 0.705730
vt 0.368600 0.707430
vt 0.292650 0.727340
vt 0.287450 0.713170
vt 0.118600 0.482260
vt 0.140550 0.517480
vt 0.129420 0.523410
vt 0.154510 0.428080
vt 0.175350 0.443950
vt 0.180960 0.474730
vt 0.336160 0.340640
vt 0.337320 0.375650
vt 0.368420 0.713780
vt 0.313580 0.733040
vt 0.623650 0.505810
vt 0.655920 0.505700
vt 0.654420 0.540660
vt 0.638680 0.356260
vt 0.613460 0.378660
vt 0.624200 0.331310
vt 0.264710 0.739400
vt 0.457670 0.698370
vt 0.484580 0.679100
vt 0.472710 0.355870
vt 0.495210 0.380140
vt 0.474950 0.400250
vt 0.605560 0.545540
vt 0.570300 0.556220
vt 0.607540 0.520950
vt 0.538190 0.384310
vt 0.508390 0.355380
vt 0.553140 0.361630
vt 0.609910 0.356890
vt 0.599480 0.329320
vt 0.613520 0.324940
vt 0.187470 0.388170
vt 0.176980 0.407120
vt 0.162100 0.391110
vt 0.461290 0.392890
vt 0.443810 0.347650
vt 0.454110 0.343250
vt 0.260260 0.351790
vt 0.584620 0.343040
vt 0.578070 0.358410
vt 0.559460 0.335450
vt 0.259370 0.755320
vt 0.239520 0.730590
vt 0.257510 0.724840
vt 0.528000 0.347320
vt 0.491840 0.340920
vt 0.633470 0.312330
vt 0.649940 0.306880
vt 0.114860 0.490270
vt 0.116570 0.526240
vt 0.084860 0.435970
vt 0.210940 0.756050
vt 0.211240 0.714590
vt 0.241350 0.765250
vt 0.565110 0.619690
vt 0.547080 0.617830
vt 0.577790 0.326910
vt 0.551220 0.315920
vt 0.197930 0.757260
vt 0.180560 0.714660
vt 0.191900 0.700920
vt 0.147860 0.392360
vt 0.168320 0.411240
vt 0.514440 0.656210
vt 0.542000 0.636530
vt 0.542620 0.681420
vt 0.578610 0.574790
vt 0.678430 0.547680
vt 0.214210 0.362090
vt 0.221250 0.380540
vt 0.200440 0.386250
vt 0.495270 0.686340
vt 0.480080 0.312660
vt 0.525540 0.316950
vt 0.521430 0.334000
vt 0.351380 0.758920
vt 0.329400 0.765200
vt 0.317870 0.749050
vt 0.305070 0.761260
vt 0.281880 0.300690
vt 0.302600 0.331150
vt 0.280900 0.342000
vt 0.375090 0.733190
vt 0.411040 0.724110
vt 0.423120 0.757120
vt 0.250930 0.336060
vt 0.234680 0.365380
vt 0.216930 0.342850
vt 0.595680 0.291520
vt 0.590980 0.253750
vt 0.331680 0.289740
vt 0.308370 0.288180
vt 0.628630 0.276970
vt 0.100410 0.387970
vt 0.123400 0.421290
vt 0.118460 0.446500
vt 0.427740 0.266150
vt 0.444070 0.282240
vt 0.491260 0.295340
vt 0.233020 0.323660
vt 0.099010 0.356740
vt 0.131950 0.357760
vt 0.153560 0.369470
vt 0.572060 0.666720
vt 0.559780 0.694340
vt 0.547560 0.651000
vt 0.464860 0.719710
vt 0.491060 0.715860
vt 0.482120 0.756750
vt 0.379840 0.746900
vt 0.392400 0.757660
vt 0.386240 0.770190
vt 0.239520 0.806620
vt 0.215710 0.783930
vt 0.200840 0.322890
vt 0.197680 0.356920
vt 0.187760 0.336810
vt 0.210190 0.819830
vt 0.195560 0.809270
vt 0.196070 0.775550
vt 0.573110 0.686490
vt 0.587050 0.672050
vt 0.440590 0.776800
vt 0.443700 0.741730
vt 0.523590 0.251500
vt 0.560220 0.292710
vt 0.547590 0.301400
vt 0.553950 0.257790
vt 0.571120 0.262370
vt 0.585870 0.317960
vt 0.206230 0.778130
vt 0.549050 0.724520
vt 0.561540 0.763530
vt 0.503740 0.727860
vt 0.560170 0.714140
vt 0.524040 0.295690
vt 0.486490 0.271450
vt 0.513490 0.258580
vt 0.367460 0.776860
vt 0.372380 0.791470
vt 0.352080 0.777540
vt 0.619650 0.308910
vt 0.602910 0.255890
vt 0.304700 0.775340
vt 0.324970 0.806200
vt 0.305600 0.817320
vt 0.222320 0.832260
vt 0.325720 0.245390
vt 0.253600 0.311840
vt 0.248390 0.297320
vt 0.362180 0.217080
vt 0.372070 0.258080
vt 0.359900 0.275100
vt 0.563030 0.786740
vt 0.548270 0.808620
vt 0.422910 0.785060
vt 0.410100 0.798850
vt 0.400170 0.778770
vt 0.206680 0.303830
vt 0.224110 0.295880
vt 0.422890 0.210540
vt 0.433070 0.254500
vt 0.391280 0.795170
vt 0.390760 0.810020
vt 0.419950 0.240450
vt 0.409290 0.263150
vt 0.399190 0.190110
vt 0.286690 0.249700
vt 0.287320 0.283740
vt 0.267150 0.289900
vt 0.769770 0.592430
vt 0.752960 0.560030
vt 0.785080 0.591450
vt 0.334950 0.191170
vt 0.345360 0.249250
vt 0.327050 0.196440
vt 0.266720 0.263040
vt 0.348950 0.845650
vt 0.506720 0.788020
vt 0.507550 0.758410
vt 0.518830 0.794910
vt 0.363060 0.825440
vt 0.601030 0.234370
vt 0.613660 0.208530
vt 0.628720 0.255890
vt 0.173570 0.295470
vt 0.174390 0.323020
vt 0.156990 0.324280
vt 0.455480 0.800960
vt 0.494450 0.799470
vt 0.468280 0.818870
vt 0.434160 0.800740
vt 0.442220 0.825000
vt 0.420970 0.817370
vt 0.039740 0.379920
vt 0.015340 0.324470
vt 0.054530 0.373820
vt 0.625200 0.712140
vt 0.621110 0.671680
vt 0.646250 0.711900
vt 0.279880 0.224890
vt 0.241320 0.851980
vt 0.229890 0.868630
vt 0.032390 0.313120
vt 0.044490 0.316200
vt 0.066300 0.371260
vt 0.350640 0.243100
vt 0.430340 0.837010
vt 0.570220 0.236060
vt 0.555120 0.207730
vt 0.581120 0.221910
vt 0.268170 0.232430
vt 0.255660 0.271180
vt 0.240790 0.262850
vt 0.532910 0.227200
vt 0.557840 0.236890
vt 0.773900 0.633810
vt 0.723500 0.634580
vt 0.735070 0.610900
vt 0.432120 0.173930
vt 0.441370 0.234100
vt 0.470920 0.239210
vt 0.478320 0.180860
vt 0.494490 0.234740
vt 0.692000 0.692550
vt 0.668290 0.666640
vt 0.696310 0.683880
vt 0.416090 0.835750
vt 0.417390 0.868550
vt 0.403780 0.833790
vt 0.376730 0.844890
vt 0.375330 0.883340
vt 0.363500 0.861480
vt 0.620120 0.203130
vt 0.634350 0.184700
vt 0.645660 0.249390
vt 0.574370 0.823510
vt 0.498500 0.823990
vt 0.525760 0.855370
vt 0.478200 0.841060
vt 0.402710 0.864400
vt 0.720680 0.679040
vt 0.686890 0.650600
vt 0.729140 0.667420
vt 0.576830 0.184020
vt 0.239960 0.231910
vt 0.253730 0.240100
vt 0.234600 0.257370
vt 0.208640 0.248600
vt 0.226770 0.246400
vt 0.193200 0.270530
vt 0.217580 0.267670
vt 0.390790 0.171390
vt 0.390530 0.211080
vt 0.376220 0.133760
vt 0.449040 0.849820
vt 0.452110 0.879470
vt 0.437060 0.856090
vt 0.136840 0.268200
vt 0.150350 0.279660
vt 0.120890 0.293780
vt 0.057260 0.270590
vt 0.076650 0.336600
vt 0.084680 0.301570
vt 0.537570 0.828860
vt 0.549070 0.856860
vt 0.520380 0.820830
vt 0.263340 0.934600
vt 0.238890 0.907910
vt 0.376930 0.103380
vt 0.410060 0.183310
vt 0.405040 0.147530
vt 0.416690 0.165710
vt 0.277500 0.171630
vt 0.299110 0.203310
vt 0.489430 0.181790
vt 0.505510 0.165160
vt 0.510810 0.215980
vt 0.769200 0.676510
vt 0.787150 0.667370
vt 0.300720 0.889730
vt 0.285860 0.930260
vt 0.276940 0.878870
vt 0.593320 0.834380
vt 0.579070 0.800160
vt 0.603930 0.819210
vt 0.199520 0.242630
vt 0.174870 0.253040
vt 0.174190 0.235990
vt 0.160080 0.264940
vt 0.155940 0.245610
vt 0.347180 0.887550
vt 0.369810 0.903490
vt 0.350360 0.909950
vt 0.120720 0.255290
vt 0.575060 0.868850
vt 0.566780 0.843110
vt 0.401300 0.154610
vt 0.391860 0.110830
vt 0.419670 0.896930
vt 0.404350 0.901740
vt 0.406270 0.883660
vt 0.050560 0.234010
vt 0.078430 0.250110
vt 0.648110 0.794900
vt 0.629710 0.741730
vt 0.659180 0.745240
vt 0.264490 0.170230
vt 0.262520 0.199080
vt 0.251980 0.177450
vt 0.681450 0.740130
vt 0.686550 0.717140
vt 0.708710 0.751810
vt 0.215210 0.200060
vt 0.215030 0.217940
vt 0.194220 0.203080
vt 0.712940 0.705900
vt 0.728120 0.693500
vt 0.730930 0.722890
vt 0.317570 0.111620
vt 0.338150 0.093870
vt 0.345530 0.133130
vt 0.546330 0.168450
vt 0.500750 0.142860
vt 0.579310 0.155950
vt 0.334920 0.935730
vt 0.308640 0.937310
vt 0.877370 0.657840
vt 0.854690 0.670230
vt 0.837660 0.633980
vt 0.622730 0.834270
vt 0.609750 0.838250
vt 0.608090 0.816480
vt 0.345810 0.083110
vt 0.784920 0.698510
vt 0.746020 0.692940
vt 0.280080 0.154770
vt 0.306840 0.134800
vt 0.306740 0.161160
vt 0.204000 0.178000
vt 0.217110 0.181470
vt 0.642750 0.174460
vt 0.633290 0.158240
vt 0.626630 0.131020
vt 0.019130 0.169790
vt 0.026980 0.276920
vt 0.011750 0.201810
vt 0.544130 0.882890
vt 0.548300 0.922980
vt 0.518770 0.885930
vt 0.211370 0.167970
vt 0.254290 0.148640
vt 0.473110 0.126900
vt 0.434810 0.103990
vt 0.609930 0.146880
vt 0.185290 0.179500
vt 0.161540 0.205740
vt 0.160070 0.179380
vt 0.404910 0.923690
vt 0.374830 0.961000
vt 0.384820 0.916230
vt 0.119670 0.217940
vt 0.139260 0.226020
vt 0.122470 0.230410
vt 0.514170 0.911530
vt 0.432160 0.915900
vt 0.449910 0.924980
vt 0.429270 0.943830
vt 0.751370 0.721720
vt 0.111780 0.198460
vt 0.141100 0.188810
vt 0.614820 0.122420
vt 0.102100 0.221240
vt 0.616660 0.908460
vt 0.580890 0.876950
vt 0.612860 0.879490
vt 0.631900 0.814890
vt 0.654990 0.824720
vt 0.236240 0.141870
vt 0.669640 0.782520
vt 0.715070 0.765140
vt 0.032210 0.173030
vt 0.029360 0.217400
vt 0.310050 0.071890
vt 0.644070 0.880690
vt 0.637630 0.908690
vt 0.283390 0.120770
vt 0.308070 0.081990
vt 0.297210 0.126430
vt 0.239560 0.015050
vt 0.285090 0.001950
vt 0.254120 0.026130
vt 0.024610 0.161610
vt 0.765700 0.744430
vt 0.745580 0.747970
vt 0.448880 0.947590
vt 0.439510 0.970990
vt 0.055960 0.204020
vt 0.064920 0.194250
vt 0.070560 0.221370
vt 0.255640 0.097860
vt 0.251030 0.116970
vt 0.227230 0.129960
vt 0.362950 0.981960
vt 0.327330 0.996710
vt 0.875040 0.721530
vt 0.848780 0.705610
vt 0.870970 0.690400
vt 0.277360 0.026110
vt 0.302910 0.042710
vt 0.273690 0.045130
vt 0.260060 0.079790
vt 0.283740 0.087690
vt 0.270390 0.113920
vt 0.048570 0.183480
vt 0.084850 0.195160
vt 0.100610 0.204190
vt 0.090770 0.208370
vt 0.309280 0.968800
vt 0.305620 0.996610
vt 0.289310 0.977210
vt 0.385330 0.998040
vt 0.648640 0.924820
vt 0.657280 0.908190
vt 0.668390 0.933070
vt 0.698940 0.914480
vt 0.685140 0.893470
vt 0.726660 0.898550
vt 0.659410 0.837490
vt 0.848540 0.713990
vt 0.659670 0.871790
vt 0.791360 0.838380
vt 0.765940 0.858750
vt 0.793110 0.813250
vt 0.875780 0.738990
vt 0.833480 0.798540
vt 0.864040 0.729460
vt 0.736870 0.832230
vt 0.487830 0.904360
vt 0.461790 0.855750
vt 0.450650 0.828710
vt 0.444920 0.907080
vt 0.519450 0.932360
vt 0.549750 0.571530
vt 0.533540 0.596190
vt 0.524420 0.572650
vt 0.526460 0.608320
vt 0.652220 0.896490
vt 0.582370 0.654370
vt 0.546550 0.554630
vt 0.648370 0.909720
vt 0.646960 0.894500
vt 0.656720 0.899000
vt 0.519050 0.552510
vt 0.591660 0.892340
vt 0.609930 0.909570
vt 0.552340 0.843550
vt 0.571970 0.875590
vt 0.590380 0.900610
vt 0.567260 0.880540
vt 0.571660 0.892160
vt 0.588370 0.911970
vt 0.470710 0.918350
vt 0.458470 0.883510
vt 0.459190 0.912460
vt 0.520300 0.773270
vt 0.540820 0.813700
vt 0.313340 0.502570
vt 0.353740 0.503060
vt 0.300880 0.512310
vt 0.528840 0.601110
vt 0.374530 0.511330
vt 0.455670 0.294340
vt 0.469650 0.286160
vt 0.463530 0.341240
vt 0.491520 0.151980
vt 0.466900 0.186040
vt 0.440970 0.123750
vt 0.459660 0.151850
vt 0.412390 0.116460
vt 0.426300 0.104420
vt 0.395770 0.070010
vt 0.391060 0.055700
vt 0.420390 0.083530
vt 0.418600 0.139060
vt 0.445660 0.135020
vt 0.444160 0.154740
vt 0.426310 0.149820
vt 0.408750 0.142630
vt 0.405830 0.093760
vt 0.399040 0.075850
vt 0.420360 0.087690
vt 0.526940 0.104940
vt 0.420090 0.085220
vt 0.431590 0.884020
vt 0.428280 0.857240
vt 0.438320 0.875130
vt 0.394270 0.098600
vt 0.384370 0.063380
vt 0.374020 0.088040
vt 0.362250 0.063860
vt 0.386080 0.092060
vt 0.369470 0.055280
vt 0.348070 0.055790
vt 0.331860 0.041560
vt 0.607410 0.116300
vt 0.637440 0.130880
vt 0.631510 0.116840
vt 0.360590 0.044670
vt 0.301160 0.023700
vt 0.306780 0.016850
vt 0.627830 0.848380
vt 0.636300 0.868650
vt 0.614170 0.863030
vt 0.642060 0.863140
vt 0.643320 0.850740
vt 0.400050 0.445270
vt 0.386730 0.416360
vt 0.412120 0.492230
vt 0.400490 0.468680
vt 0.407700 0.445370
vt 0.331010 0.471810
vt 0.386760 0.447830
vt 0.398280 0.503720
vt 0.390700 0.507800
vt 0.641480 0.919790
vt 0.622860 0.823610
vt 0.582920 0.784680
vt 0.491580 0.535910
vt 0.501940 0.639990
vt 0.478040 0.639290
vt 0.420570 0.438980
vt 0.421860 0.472360
vt 0.456380 0.640560
vt 0.470280 0.640040
vt 0.468830 0.655040
vt 0.457340 0.627550
vt 0.421080 0.550420
vt 0.410330 0.554480
vt 0.399560 0.514640
vt 0.428160 0.569880
vt 0.407150 0.574250
vt 0.637120 0.844910
vt 0.407660 0.812380
vt 0.423860 0.498630
vt 0.516670 0.703060
vt 0.420350 0.926590
vt 0.370260 0.690920
vt 0.386570 0.695380
vt 0.369900 0.669590
vt 0.389490 0.683440
vt 0.405770 0.679040
vt 0.438130 0.652450
vt 0.427580 0.669490
vt 0.389700 0.675920
vt 0.367220 0.682570
vt 0.419350 0.661220
vt 0.392010 0.467060
vt 0.590000 0.535550
vt 0.316620 0.414270
vt 0.309110 0.401550
vt 0.294910 0.419460
vt 0.283150 0.437240
vt 0.253370 0.402280
vt 0.228610 0.441420
vt 0.240160 0.504850
vt 0.266070 0.493280
vt 0.216300 0.452030
vt 0.214490 0.440610
vt 0.238490 0.419790
vt 0.243370 0.437050
vt 0.182310 0.363940
vt 0.263840 0.801820
vt 0.261890 0.778390
vt 0.287580 0.830450
vt 0.423530 0.702460
vt 0.348350 0.726880
vt 0.345340 0.744600
vt 0.279190 0.748810
vt 0.284320 0.772280
vt 0.277610 0.698290
vt 0.271350 0.711380
vt 0.275450 0.899510
vt 0.341150 0.739550
vt 0.438840 0.712300
vt 0.264450 0.724740
vt 0.173210 0.526050
vt 0.192320 0.521840
vt 0.163550 0.542180
vt 0.151390 0.537090
vt 0.154600 0.570350
vt 0.200120 0.460680
vt 0.187180 0.457810
vt 0.197590 0.478550
vt 0.205480 0.534050
vt 0.656320 0.474420
vt 0.647130 0.403660
vt 0.655850 0.399140
vt 0.665450 0.439870
vt 0.636710 0.377100
vt 0.629300 0.394810
vt 0.110090 0.524520
vt 0.080620 0.450070
vt 0.155970 0.660450
vt 0.138330 0.609090
vt 0.126680 0.553660
vt 0.131810 0.546930
vt 0.135100 0.542360
vt 0.148010 0.631590
vt 0.097390 0.431260
vt 0.164110 0.571030
vt 0.115300 0.543980
vt 0.651210 0.381030
vt 0.835440 0.669870
vt 0.823420 0.655810
vt 0.828210 0.642060
vt 0.810440 0.633470
vt 0.798940 0.603230
vt 0.076440 0.391490
vt 0.055010 0.402500
vt 0.069780 0.397120
vt 0.042400 0.216390
vt 0.358290 0.399590
vt 0.374790 0.297810
vt 0.357630 0.346490
vt 0.391390 0.306810
vt 0.433980 0.326440
vt 0.411740 0.345860
vt 0.104120 0.313380
vt 0.122250 0.337130
vt 0.108890 0.342200
vt 0.134150 0.331030
vt 0.648540 0.267920
vt 0.077630 0.364880
vt 0.139890 0.408200
vt 0.145400 0.429140
vt 0.184750 0.752030
vt 0.696110 0.531150
vt 0.696230 0.491200
vt 0.715640 0.516820
vt 0.607200 0.172350
vt 0.610490 0.159290
vt 0.596610 0.211060
vt 0.591320 0.179650
vt 0.607210 0.183610
vt 0.038530 0.266110
vt 0.467400 0.449890
vt 0.437810 0.459780
vt 0.647860 0.209620
vt 0.184410 0.443500
vt 0.181830 0.426240
vt 0.009240 0.260390
vt 0.163000 0.418690
vt 0.216030 0.504550
vt 0.514180 0.157180
vt 0.174650 0.429140
vt 0.502730 0.475700
vt 0.480990 0.447790
vt 0.286300 0.073760
vt 0.221350 0.866370
vt 0.214080 0.850500
vt 0.013240 0.164180
vt 0.044770 0.131080
vt 0.004610 0.183280
vt 0.009220 0.155100
vt 0.001950 0.262780
vt 0.254970 0.515440
vt 0.266380 0.521930
vt 0.229320 0.557360
vt 0.257880 0.531580
vt 0.430260 0.299840
vt 0.418720 0.291690
vt 0.563720 0.484900
vt 0.581220 0.449830
vt 0.580910 0.470590
vt 0.539850 0.444410
vt 0.549340 0.411280
vt 0.544920 0.497370
vt 0.556440 0.508190
vt 0.559380 0.473800
vt 0.559770 0.440500
vt 0.536390 0.478540
vt 0.489990 0.474130
vt 0.425850 0.072950
vt 0.315420 0.642470
vt 0.868210 0.766100
vt 0.893760 0.716200
vt 0.883440 0.745320
vt 0.405390 0.946560
vt 0.388710 0.863180
vt 0.388570 0.824430
vt 0.499740 0.772000
vt 0.407900 0.767620
vt 0.412780 0.965230
vt 0.389160 0.895840
vt 0.848140 0.750930
vt 0.742640 0.844520
vt 0.755260 0.827990
vt 0.679990 0.885790
vt 0.869970 0.736170
vt 0.453150 0.954850
vt 0.491950 0.963830
vt 0.455970 0.975840
vt 0.487330 0.941900
vt 0.078130 0.189270
vt 0.260460 0.075560
vt 0.578960 0.610400
vt 0.682040 0.596930
vt 0.659400 0.625580
vt 0.656220 0.601090
vt 0.687880 0.612550
vt 0.702090 0.640640
vt 0.673470 0.656810
vt 0.690060 0.658530
vt 0.628270 0.616040
vt 0.684500 0.697860
vt 0.718530 0.741970
vt 0.670630 0.712420
vt 0.634400 0.656730
vt 0.695500 0.588770
vt 0.714040 0.575040
vt 0.724730 0.590440
vt 0.721700 0.545580
vt 0.747360 0.571250
vt 0.354390 0.069230
vt 0.334500 0.070850
vt 0.317150 0.052520
vt 0.602510 0.628700
vt 0.079550 0.212720
vt 0.705090 0.607330
vt 0.632040 0.561680
vt 0.602490 0.579570
vt 0.288640 0.059320
vt 0.313330 0.062420
vt 0.454870 0.264360
vt 0.761610 0.597500
vt 0.601640 0.656180
vt 0.607740 0.502170
vt 0.597520 0.486940
vt 0.641510 0.484630
vt 0.585810 0.493610
vt 0.641380 0.642630
vt 0.162120 0.280160
vt 0.160620 0.299200
vt 0.145830 0.316030
vt 0.175460 0.339730
vt 0.160780 0.345420
vt 0.146660 0.349870
vt 0.184750 0.262040
vt 0.177740 0.279780
vt 0.171600 0.268260
vt 0.187100 0.311720
vt 0.807320 0.704870
vt 0.317440 0.153170
vt 0.350430 0.179980
vt 0.363260 0.137670
vt 0.375740 0.208420
vt 0.311110 0.116030
vt 0.690250 0.757890
vt 0.729280 0.654650
vt 0.738790 0.679170
vt 0.396390 0.266120
vt 0.382310 0.255230
vt 0.717810 0.684920
vt 0.161120 0.382060
vt 0.184500 0.381150
vt 0.236980 0.287240
vt 0.275490 0.645260
vt 0.281410 0.634760
vt 0.101770 0.177340
vt 0.194290 0.124150
vt 0.123190 0.182430
vt 0.098770 0.186410
vt 0.180170 0.216290
vt 0.141470 0.238260
vt 0.303740 0.591700
vt 0.278800 0.590580
vt 0.290480 0.594190
vt 0.335080 0.246630
vt 0.347990 0.317260
vt 0.353050 0.285710
vt 0.593730 0.783180
vt 0.624320 0.784450
vt 0.605750 0.772160
vt 0.586890 0.709530
vt 0.256500 0.564090
vt 0.320160 0.877440
vt 0.334840 0.857870
vt 0.308120 0.851350
vt 0.300600 0.614000
vt 0.309800 0.626050
vt 0.314600 0.599400
vt 0.268010 0.143350
vt 0.246970 0.166840
vt 0.109810 0.262350
vt 0.093960 0.284500
vt 0.087970 0.253520
vt 0.131200 0.245770
vt 0.110050 0.235800
vt 0.084800 0.226490
vt 0.642290 0.838490
vt 0.318330 0.194970
vt 0.299650 0.227940
vt 0.314380 0.230880
vt 0.144220 0.257820
vt 0.569940 0.413390
vt 0.338310 0.967140
vt 0.375460 0.943700
vt 0.349910 0.937590
vt 0.373250 0.804960
vt 0.349870 0.801100
vt 0.380030 0.782440
vt 0.525290 0.220630
vt 0.526410 0.181210
vt 0.544020 0.189310
vt 0.579190 0.168860
vt 0.322870 0.571490
vt 0.353680 0.564820
vt 0.845170 0.670960
vt 0.849430 0.680500
vt 0.839010 0.699620
vt 0.834510 0.686630
vt 0.801820 0.678120
vt 0.544940 0.329510
vt 0.535670 0.296270
vt 0.607700 0.750030
vt 0.600580 0.705810
vt 0.393690 0.349060
vt 0.405340 0.386110
vt 0.548840 0.345240
vt 0.345770 0.285450
vt 0.325190 0.325150
vt 0.263080 0.308510
vt 0.359030 0.381010
vt 0.379060 0.402210
vt 0.206610 0.225020
vt 0.152510 0.216910
vt 0.231180 0.194800
vt 0.230750 0.218280
vt 0.241430 0.192280
vt 0.252550 0.213700
vt 0.304820 0.188170
vt 0.799660 0.640860
vt 0.270130 0.193720
vt 0.577740 0.744800
vt 0.358430 0.791150
vt 0.335530 0.781780
vt 0.332310 0.956360
vt 0.891560 0.695570
vt 0.278040 0.963470
vt 0.827260 0.682330
vt 0.832140 0.695190
vt 0.825160 0.694530
vt 0.811470 0.658730
vt 0.820710 0.687010
vt 0.766340 0.753640
vt 0.370810 0.759510
vt 0.793610 0.654520
vt 0.808280 0.601910
vt 0.030100 0.136480
vt 0.165730 0.362970
vt 0.414670 0.761770
vt 0.374600 0.740770
vt 0.392060 0.784700
vt 0.373550 0.770700
vt 0.112850 0.308560
vt 0.673920 0.497960
vt 0.595660 0.360400
vt 0.529830 0.250790
vt 0.181130 0.153730
vt 0.173180 0.148460
vt 0.144050 0.172040
vt 0.350030 0.393550
vt 0.120350 0.209100
vt 0.400140 0.599570
vt 0.194710 0.286900
vt 0.183400 0.290930
vt 0.282880 0.660650
vt 0.206750 0.149120
vt 0.168090 0.711040
vt 0.161810 0.687930
vt 0.387360 0.975460
vt 0.426860 0.989730
vt 0.807840 0.818590
vt 0.022260 0.321480
vt 0.366700 0.384050
vt 0.380470 0.354670
vt 0.383230 0.388430
vt 0.258520 0.291490
vt 0.228260 0.184350
vt 0.392750 0.396780
vt 0.721200 0.875110
vt 0.567800 0.931980
vt 0.542490 0.940070
vt 0.788320 0.732640
vt 0.702470 0.877050
vt 0.701620 0.866910
vt 0.268640 0.826900
vt 0.259020 0.823310
vt 0.173160 0.749810
vt 0.376990 0.566850
vt 0.123390 0.568540
vt 0.134280 0.623750
vt 0.200760 0.141260
vt 0.651160 0.366920
vt 0.681620 0.461510
vn 0.172135 0.714495 0.678134
vn 0.048721 0.770790 0.635223
vn 0.091232 0.513421 0.853274
vn -0.059439 -0.375310 0.924992
vn -0.079743 -0.274448 0.958290
vn -0.044746 -0.303529 0.951771
vn -0.152224 -0.141500 0.978164
vn 0.023240 0.061123 0.997860
vn 0.015004 0.219519 0.975493
vn 0.167995 0.242420 0.955516
vn 0.267231 0.496246 0.826031
vn 0.334028 0.593722 0.732066
vn 0.078353 0.508117 0.857717
vn 0.276257 0.586087 0.761698
vn 0.398248 0.557985 0.728046
vn 0.452694 0.542132 0.707927
vn 0.460946 0.538786 0.705151
vn 0.553389 0.060693 0.830709
vn 0.263893 0.178657 0.947862
vn 0.355096 -0.150832 0.922581
vn -0.033343 0.115831 0.992709
vn 0.057469 -0.248091 0.967031
vn -0.071122 -0.630151 0.773208
vn -0.128970 -0.856529 0.499724
vn 0.163826 -0.797909 0.580089
vn 0.421455 -0.540009 0.728537
vn 0.421296 -0.741051 0.522831
vn 0.640320 -0.440856 0.628997
vn -0.025955 -0.998211 -0.053861
vn -0.053937 -0.972395 -0.227021
vn -0.044862 -0.998991 -0.002008
vn 0.295950 0.251280 0.921560
vn 0.468393 0.157387 0.869389
vn 0.258276 0.090528 0.961820
vn 0.484120 0.518173 0.705070
vn 0.330060 0.500480 0.800362
vn -0.247670 -0.571410 0.782401
vn -0.321694 -0.765925 0.556661
vn 0.416256 -0.354598 0.837252
vn 0.448651 -0.255844 0.856303
vn 0.577228 -0.185357 0.795267
vn 0.606264 0.031943 0.794622
vn -0.280680 0.314052 0.906968
vn -0.431791 -0.023460 0.901669
vn -0.526709 0.317108 0.788682
vn -0.179039 0.565632 0.804988
vn -0.478142 0.503796 0.719424
vn -0.336622 0.635259 0.695077
vn -0.394747 -0.120738 0.910822
vn -0.407102 -0.395497 0.823317
vn -0.537814 0.628437 0.561982
vn 0.628840 0.354046 0.692251
vn 0.622573 -0.313251 0.717131
vn 0.626756 -0.125293 0.769076
vn -0.431507 0.780484 0.452380
vn -0.347715 0.815972 0.461827
vn -0.339579 0.707272 0.620042
vn 0.765765 0.385603 0.514699
vn 0.800680 0.392771 0.452375
vn 0.852124 0.174374 0.493436
vn -0.215393 -0.876471 0.430587
vn -0.351914 -0.879526 0.320297
vn 0.847008 -0.258697 0.464385
vn 0.519548 -0.832791 0.191124
vn 0.823931 -0.344184 0.450194
vn 0.151238 0.975903 0.157289
vn 0.669322 0.045064 0.741605
vn 0.599774 -0.070201 0.797084
vn -0.597310 0.014085 0.801887
vn -0.745148 0.173536 0.643926
vn -0.729635 -0.153311 0.666430
vn 0.922556 0.258044 0.286886
vn 0.020334 -0.999374 -0.028952
vn 0.072854 -0.984201 -0.161371
vn -0.004426 -0.992430 0.122734
vn -0.536601 0.019848 0.843602
vn -0.281544 0.654308 0.701865
vn -0.519844 0.438907 0.732887
vn -0.560768 -0.194788 0.804734
vn -0.717821 -0.120659 0.685693
vn -0.667075 0.269783 0.694427
vn -0.612647 0.106855 0.783100
vn -0.687835 0.059803 0.723400
vn 0.239672 -0.839253 0.488069
vn 0.570002 -0.781923 0.252377
vn -0.280314 0.843720 0.457778
vn 0.206236 0.966685 -0.151615
vn 0.235552 0.958414 -0.161116
vn 0.123067 0.958396 -0.257548
vn -0.649388 0.463682 0.602739
vn -0.686842 0.408253 0.601314
vn -0.046416 -0.974679 -0.218741
vn -0.042727 -0.975766 -0.214604
vn 0.281947 0.037810 0.958685
vn 0.286689 0.052550 0.956582
vn 0.303493 0.055812 0.951198
vn 0.257781 0.381628 0.887642
vn 0.410984 0.146200 0.899843
vn 0.288998 0.216993 0.932413
vn 0.192554 -0.956625 -0.218613
vn 0.107134 -0.944685 -0.309987
vn 0.216968 -0.933770 -0.284601
vn -0.604427 -0.093433 0.791163
vn -0.670341 -0.114668 0.733140
vn 0.230730 -0.003561 0.973011
vn -0.864949 0.020458 0.501442
vn -0.834744 0.411252 0.366161
vn 0.278853 -0.468475 0.838315
vn -0.115395 -0.952719 0.281088
vn -0.028892 -0.919861 0.391180
vn -0.056939 -0.961409 0.269165
vn 0.269408 0.058624 0.961240
vn 0.252458 0.083926 0.963961
vn -0.522945 0.761712 0.382523
vn -0.772380 0.400376 0.493081
vn 0.162014 0.963632 -0.212521
vn 0.261501 0.953589 0.149281
vn 0.183370 0.974037 0.132771
vn -0.599867 -0.752476 0.271919
vn -0.838713 -0.448160 0.309375
vn -0.782436 -0.601605 0.160828
vn -0.951739 0.144197 0.270926
vn -0.982712 -0.139206 0.122058
vn 0.250938 0.967274 -0.037568
vn 0.287008 0.943531 -0.165455
vn 0.146626 0.989143 0.009801
vn -0.819138 -0.037807 0.572349
vn -0.808276 -0.032664 0.587898
vn -0.821656 -0.037051 0.568778
vn 0.429958 -0.101635 0.897110
vn 0.586489 -0.208518 0.782657
vn 0.626593 -0.169310 0.760733
vn -0.272541 -0.960097 -0.062738
vn -0.571730 -0.818703 -0.053390
vn -0.257056 -0.944183 -0.206011
vn 0.107003 -0.987567 -0.115161
vn -0.915541 0.357073 0.185157
vn -0.748904 0.567673 0.341893
vn -0.970582 0.239836 0.021210
vn 0.496079 -0.451231 0.741819
vn 0.370424 -0.706628 0.602878
vn 0.636556 -0.538624 0.551979
vn -0.036230 -0.998859 -0.031099
vn -0.109280 -0.990741 0.080558
vn -0.120799 -0.987686 0.099420
vn 0.289612 0.948170 -0.130764
vn 0.281955 0.953283 -0.108412
vn 0.038310 0.961952 0.270520
vn 0.058268 0.957453 0.282647
vn 0.082740 0.932563 0.351396
vn -0.101019 -0.989613 -0.102283
vn -0.014813 -0.978310 -0.206618
vn 0.100635 -0.793077 -0.600750
vn -0.068551 -0.932862 -0.353652
vn -0.991697 0.110145 -0.066366
vn 0.639857 0.318462 0.699403
vn 0.694797 0.219832 0.684785
vn 0.742898 0.159329 0.650166
vn -0.085819 -0.726373 -0.681922
vn -0.106510 -0.884396 -0.454421
vn -0.003744 -0.990101 0.140310
vn 0.067790 -0.988664 0.133972
vn 0.036662 -0.988237 0.148471
vn 0.091570 0.993475 0.067985
vn 0.151505 0.867091 -0.474552
vn 0.196823 0.251563 -0.947616
vn 0.163774 0.902322 0.398738
vn -0.067991 0.246676 -0.966710
vn 0.161810 0.303757 -0.938909
vn -0.098958 -0.022686 -0.994833
vn -0.016127 0.104333 -0.994412
vn -0.075218 -0.013528 -0.997075
vn -0.169314 0.012141 -0.985487
vn -0.091700 -0.066736 -0.993548
vn -0.078234 -0.061825 -0.995016
vn 0.263214 0.077674 -0.961605
vn 0.301425 0.952409 -0.045398
vn 0.011873 0.965293 0.260898
vn 0.671738 0.201306 0.712912
vn 0.774204 0.114248 0.622540
vn 0.818091 0.087497 0.568394
vn 0.762747 0.110772 0.637139
vn 0.442842 -0.791771 -0.420701
vn -0.100457 -0.994683 -0.022660
vn -0.996848 0.006180 0.079093
vn -0.687344 0.715973 0.122233
vn -0.998461 0.006216 0.055113
vn -0.362655 0.291053 -0.885308
vn -0.318855 0.141968 -0.937111
vn -0.233996 0.307672 -0.922271
vn 0.715617 -0.087027 -0.693051
vn 0.754353 0.029036 -0.655826
vn 0.695646 -0.297349 0.653958
vn 0.817552 -0.314072 0.482667
vn 0.739591 0.130111 -0.660360
vn 0.532597 0.136429 -0.835301
vn 0.420461 0.377867 -0.824881
vn 0.325370 0.129977 -0.936611
vn 0.239562 -0.106894 -0.964979
vn -0.201782 0.075782 -0.976494
vn -0.413141 0.014253 -0.910556
vn -0.430604 0.014545 -0.902424
vn 0.836192 -0.105803 0.538135
vn 0.873222 -0.065446 0.482909
vn 0.888732 -0.099391 0.447523
vn -0.957013 0.074233 -0.280385
vn -0.991366 0.043185 -0.123809
vn -0.976458 0.021589 -0.214625
vn -0.919021 -0.010504 -0.394067
vn -0.272458 -0.908001 -0.318279
vn -0.251465 -0.950044 -0.184880
vn -0.399304 -0.813460 -0.422894
vn -0.048799 -0.997302 -0.054840
vn -0.110245 -0.993151 -0.038695
vn 0.005960 -0.984493 0.175321
vn 0.752442 0.251040 0.608941
vn 0.751179 0.132087 0.646748
vn -0.990680 0.003020 0.136179
vn -0.919234 -0.002039 0.393707
vn 0.903115 0.048171 -0.426689
vn 0.916886 -0.036307 -0.397495
vn 0.918204 0.060829 -0.391409
vn -0.664932 0.112991 -0.738308
vn -0.424882 0.036531 -0.904512
vn -0.766528 -0.076508 -0.637638
vn -0.945329 -0.112525 0.306092
vn -0.887795 -0.074074 0.454240
vn -0.834820 0.009572 0.550440
vn -0.761808 0.074846 -0.643464
vn -0.515221 0.164635 -0.841096
vn -0.508637 0.326647 -0.796612
vn 0.925837 0.056341 -0.373700
vn 0.928959 0.002946 -0.370171
vn 0.706257 -0.035278 -0.707076
vn -0.304616 -0.246452 -0.920038
vn -0.434276 -0.153920 -0.887532
vn -0.346657 -0.223638 -0.910942
vn -0.823247 -0.053117 -0.565192
vn -0.947733 -0.068534 -0.311617
vn -0.861443 -0.387468 -0.328307
vn 0.844529 -0.458116 0.277310
vn 0.720295 -0.638263 0.271654
vn 0.674530 -0.725782 0.135092
vn -0.442217 0.783672 -0.436237
vn -0.043442 0.985632 0.163224
vn -0.593755 0.780153 -0.197016
vn 0.931961 -0.084118 0.352665
vn -0.803782 0.481615 -0.349260
vn -0.685928 0.439555 -0.579909
vn -0.731576 0.559883 -0.389008
vn -0.476081 -0.824916 0.304730
vn -0.182590 -0.971708 0.149814
vn -0.232857 -0.972158 -0.026215
vn -0.556583 -0.204602 -0.805204
vn -0.784463 -0.224892 -0.577963
vn -0.767930 -0.196284 -0.609718
vn -0.729686 -0.240193 -0.640208
vn -0.529582 -0.610946 -0.588463
vn -0.525820 -0.549181 -0.649549
vn -0.579767 -0.624803 -0.522964
vn -0.115618 -0.983100 0.141942
vn -0.140476 -0.972683 0.184808
vn -0.242555 -0.962412 0.122186
vn 0.924636 0.181775 -0.334672
vn 0.931680 0.205033 -0.299890
vn -0.717897 0.693651 -0.058925
vn -0.812526 0.582217 -0.028732
vn 0.404978 -0.912120 -0.063481
vn 0.684519 -0.713136 -0.151231
vn 0.159896 -0.986835 0.024310
vn 0.203184 -0.978570 -0.033423
vn 0.463883 -0.881418 0.088965
vn 0.034033 0.944839 0.325761
vn 0.092118 0.952822 0.289212
vn 0.016000 0.947676 0.318832
vn 0.937694 0.001484 -0.347460
vn 0.914422 -0.000886 -0.404762
vn 0.709459 0.225013 0.667860
vn 0.729554 0.229244 0.644358
vn 0.801842 0.038810 0.596274
vn 0.081497 0.941002 0.328442
vn -0.917841 -0.199398 -0.343231
vn -0.963527 -0.088499 -0.252553
vn -0.847062 -0.200651 -0.492165
vn -0.366483 0.060950 0.928426
vn -0.525191 -0.204599 0.826023
vn -0.645545 -0.048196 0.762200
vn -0.652009 -0.189658 0.734108
vn 0.967397 -0.138077 0.212315
vn 0.934888 -0.014631 0.354641
vn 0.943085 -0.178773 0.280412
vn -0.828142 0.084366 0.554134
vn -0.873352 -0.022506 0.486570
vn -0.753617 0.091403 0.650927
vn 0.805956 0.312152 0.502988
vn 0.795107 0.215674 0.566824
vn 0.775244 0.301579 0.555019
vn -0.976553 -0.120757 -0.178218
vn -0.903838 -0.315710 -0.288798
vn 0.914149 0.229237 0.334339
vn 0.975078 0.051924 0.215702
vn -0.735348 -0.577409 -0.354770
vn 0.078835 -0.989116 -0.124233
vn 0.113541 -0.991704 -0.060260
vn -0.060857 -0.988363 -0.139410
vn -0.540794 0.810876 0.223656
vn -0.827071 0.543426 -0.143675
vn -0.970329 -0.173652 -0.168249
vn 0.726358 0.475220 0.496557
vn 0.059654 -0.994887 -0.081498
vn 0.174054 -0.984705 -0.007891
vn 0.436455 -0.883019 0.172586
vn 0.883661 0.270248 -0.382242
vn 0.712110 0.701806 0.019156
vn 0.869973 0.349275 -0.348071
vn -0.847194 -0.152044 0.509062
vn -0.837478 0.039551 0.545037
vn -0.893506 -0.069784 0.443596
vn -0.168346 0.418429 0.892511
vn -0.115850 0.578406 0.807481
vn -0.254345 0.516121 0.817880
vn -0.143990 -0.989200 -0.027408
vn -0.153858 -0.986593 -0.054426
vn 0.863148 0.128559 0.488312
vn 0.842555 -0.048006 0.536466
vn 0.884539 -0.121109 0.450470
vn 0.584361 -0.738344 -0.336706
vn 0.881570 -0.249046 -0.401012
vn 0.724894 -0.563517 -0.396203
vn 0.944197 0.295034 -0.146447
vn 0.945987 -0.017043 -0.323756
vn -0.853203 0.100089 0.511885
vn -0.838970 -0.042946 0.542480
vn -0.982107 0.187790 0.014139
vn -0.625860 0.726841 0.282845
vn -0.759279 0.607726 0.232736
vn -0.857332 0.514506 0.016302
vn -0.981070 0.121144 -0.151082
vn -0.956447 0.263454 -0.125701
vn 0.347460 -0.905974 -0.241831
vn 0.037448 0.956273 0.290070
vn -0.067592 0.926246 0.370809
vn -0.057947 0.931301 0.359611
vn -0.293216 0.851081 0.435529
vn -0.996883 -0.061252 -0.049718
vn -0.997140 -0.047365 -0.058892
vn -0.997021 -0.075877 -0.013866
vn -0.534397 0.080187 0.841421
vn -0.709418 0.062346 0.702025
vn -0.581137 -0.121370 0.804704
vn -0.656449 -0.687346 -0.310855
vn -0.649800 -0.717495 -0.250920
vn -0.764222 -0.398765 0.506904
vn -0.786907 -0.515165 0.339681
vn -0.791324 -0.534397 0.297030
vn 0.038023 -0.991354 -0.125585
vn 0.951377 0.231138 0.203610
vn 0.825313 0.405080 0.393406
vn 0.645950 0.623967 0.439788
vn -0.084808 0.926356 0.366976
vn -0.181990 0.916371 0.356572
vn -0.128612 0.927975 0.349746
vn 0.179896 0.914505 0.362380
vn 0.146775 0.919057 0.365776
vn -0.358591 0.753825 0.550600
vn -0.446981 0.711877 0.541700
vn -0.269946 0.687638 0.674006
vn 0.807027 0.349971 0.475634
vn 0.784236 0.421739 0.455093
vn -0.907373 0.361157 0.215035
vn -0.883614 0.458567 0.094572
vn -0.671864 0.356470 0.649253
vn -0.822505 0.253281 0.509249
vn -0.312272 0.857186 0.409534
vn 0.079580 0.905951 0.415836
vn -0.247514 0.854273 0.457116
vn 0.971129 -0.206443 -0.119540
vn 0.996250 -0.082708 0.025388
vn 0.983301 -0.168929 -0.067692
vn 0.921127 -0.316200 -0.227031
vn 0.762666 -0.625497 -0.164604
vn 0.001914 0.914553 0.404462
vn 0.470627 0.794228 0.384332
vn 0.537496 0.777815 0.325734
vn 0.996577 -0.027574 0.077934
vn -0.812736 -0.537818 0.224078
vn -0.946603 0.183496 0.265090
vn -0.813501 0.416953 0.405422
vn -0.778254 0.565037 0.273960
vn -0.840521 -0.471000 0.267737
vn -0.830559 -0.528090 -0.176899
vn -0.906934 -0.407171 -0.108084
vn -0.911351 -0.400730 -0.094096
vn 0.891263 -0.371614 0.259909
vn 0.839587 -0.359049 0.407648
vn 0.707012 -0.658514 0.257864
vn -0.925038 0.117129 0.361367
vn -0.974161 0.024309 0.224545
vn -0.984440 0.110703 0.136469
vn -0.598369 0.653252 0.463915
vn -0.626442 0.739672 0.245877
vn -0.518260 0.789122 0.329687
vn -0.955593 -0.292172 0.038453
vn -0.931709 -0.348075 0.103740
vn -0.649665 -0.756937 0.070588
vn 0.956907 -0.020233 -0.289689
vn 0.954687 0.070240 -0.289203
vn 0.986481 0.080142 -0.142940
vn 0.992419 -0.095572 -0.077269
vn 0.002908 -0.999497 -0.031588
vn 0.170594 -0.985257 0.012898
vn -0.419451 -0.905285 0.067230
vn 0.278821 -0.960324 0.006076
vn -0.212212 -0.976091 0.047049
vn -0.070787 0.928424 0.364716
vn -0.549153 0.819880 0.161953
vn -0.916063 -0.023910 -0.400320
vn -0.922580 0.206338 -0.325992
vn -0.935481 -0.063969 -0.347539
vn 0.904751 0.355069 0.235272
vn 0.666752 0.545728 0.507565
vn 0.637743 0.546745 0.542544
vn -0.892578 0.372820 -0.253596
vn -0.885889 0.319459 -0.336374
vn 0.994837 -0.068538 -0.074848
vn 0.990427 -0.111760 -0.081018
vn 0.993902 -0.061618 -0.091446
vn -0.980329 0.153810 0.123687
vn -0.970048 0.228125 0.083460
vn -0.993124 0.108654 0.043578
vn -0.997561 -0.019086 -0.067140
vn -0.997171 -0.075086 -0.003433
vn 0.988860 -0.008512 -0.148609
vn 0.984556 0.049250 -0.168000
vn 0.961589 -0.219043 -0.165430
vn -0.782068 0.595472 0.183803
vn -0.861795 0.506638 -0.025035
vn -0.934569 0.277936 0.222111
vn -0.937747 -0.290748 0.189993
vn -0.951526 -0.307373 -0.010972
vn -0.875705 -0.455967 0.158856
vn -0.996225 0.079381 0.035150
vn -0.981398 0.148230 0.122010
vn 0.059300 0.875939 0.478763
vn -0.999955 -0.008219 0.004839
vn -0.995061 -0.020620 -0.097105
vn -0.992141 0.123398 -0.020721
vn -0.972456 0.223241 0.067029
vn 0.939136 0.244193 -0.241649
vn 0.971241 0.153005 -0.182429
vn 0.921093 0.285798 -0.264400
vn -0.975658 0.071191 -0.207420
vn 0.861955 0.502771 0.065236
vn 0.877947 0.444062 0.178934
vn 0.782405 0.564787 0.262410
vn 0.857844 0.502198 0.109092
vn 0.792534 0.582021 0.182047
vn 0.941241 0.307596 0.139463
vn 0.795453 0.526426 0.300215
vn 0.029639 0.876802 0.479938
vn 0.292893 0.861886 0.413963
vn 0.409597 0.859445 0.305918
vn -0.648669 0.761063 0.003472
vn -0.593479 0.796998 -0.112149
vn -0.476047 0.879414 -0.003184
vn 0.570186 -0.813816 -0.112213
vn 0.519236 -0.830334 -0.202336
vn 0.437747 -0.892371 -0.109777
vn 0.208473 -0.977157 -0.041271
vn 0.151230 -0.987894 -0.034563
vn -0.058457 -0.998228 0.011085
vn -0.837855 0.494218 0.231837
vn -0.996327 0.082323 0.023558
vn -0.985513 0.156316 0.065801
vn -0.076167 -0.996606 0.031214
vn -0.051659 -0.997403 0.050186
vn 0.265566 0.901552 0.341582
vn -0.589390 0.677429 0.440124
vn -0.770856 0.359612 0.525795
vn -0.955669 0.126710 0.265783
vn 0.982554 -0.117351 -0.144281
vn 0.994162 -0.084678 -0.066864
vn -0.971514 -0.217230 -0.094725
vn -0.950125 -0.270021 -0.156048
vn -0.980436 -0.180299 -0.078982
vn 0.993729 0.083758 -0.074083
vn 0.997190 -0.063356 -0.039972
vn -0.813638 -0.578141 0.061206
vn -0.571179 -0.820686 -0.015153
vn -0.578825 -0.810056 0.093652
vn -0.024942 0.885858 0.463285
vn -0.158117 0.856173 0.491901
vn -0.364682 0.827643 0.426631
vn 0.963663 0.158428 -0.215070
vn 0.910818 -0.016298 -0.412486
vn 0.927963 -0.020979 -0.372081
vn 0.815776 -0.436837 -0.379056
vn 0.883626 -0.235207 -0.404825
vn -0.788886 -0.613745 0.031236
vn -0.914813 -0.338348 -0.220539
vn -0.862141 -0.466891 -0.196787
vn 0.634652 -0.770634 -0.057793
vn -0.129191 0.890216 0.436835
vn -0.080402 0.878317 0.471269
vn -0.301998 0.753694 0.583732
vn -0.286003 0.765739 0.576061
vn -0.826845 0.484218 -0.286113
vn -0.939120 0.137284 -0.314971
vn -0.976122 0.171194 -0.133708
vn -0.116595 -0.990692 0.070248
vn -0.082958 -0.993545 0.077366
vn 0.977097 -0.092888 0.191450
vn 0.997649 0.010102 -0.067789
vn 0.999562 0.023620 0.017822
vn 0.998503 -0.042144 -0.034866
vn 0.980962 0.194174 0.003204
vn 0.981987 0.188937 0.002044
vn 0.995306 0.095345 0.016561
vn 0.956896 0.288257 0.035456
vn 0.964755 0.192638 0.179273
vn 0.758752 0.467594 -0.453488
vn 0.840510 0.541200 -0.025412
vn 0.667477 0.176305 -0.723458
vn 0.972302 -0.232466 0.024250
vn 0.994848 -0.022515 0.098847
vn 0.991383 -0.056911 0.117985
vn -0.050975 0.868652 0.492793
vn -0.060599 0.855906 0.513568
vn 0.043687 0.911556 0.408848
vn -0.953563 0.026105 0.300061
vn -0.846054 -0.011069 0.532982
vn -0.862601 0.003124 0.505876
vn -0.859970 -0.502959 -0.086504
vn -0.828818 -0.555985 -0.062784
vn -0.156192 -0.987717 -0.004314
vn 0.164836 0.937981 0.304993
vn -0.001465 0.947457 0.319879
vn 0.550907 0.764406 0.334939
vn 0.356308 0.886193 0.296154
vn 0.983714 0.033927 0.176508
vn 0.990082 0.091742 0.106396
vn 0.953986 0.116458 -0.276312
vn 0.905393 0.363868 -0.218778
vn 0.942459 0.313236 -0.116851
vn 0.534398 0.210827 -0.818517
vn 0.685885 0.234687 -0.688828
vn -0.896747 -0.383713 0.220474
vn -0.870178 0.329204 0.366627
vn -0.840493 0.089753 0.534337
vn -0.236228 -0.955631 -0.175971
vn -0.231439 -0.972767 0.012643
vn -0.561340 -0.802264 0.203151
vn -0.981118 -0.101739 -0.164491
vn -0.958487 -0.039190 -0.282432
vn -0.994618 0.056835 -0.086629
vn 0.549891 0.090995 -0.830265
vn 0.608863 -0.020010 -0.793023
vn -0.771100 -0.001801 0.636712
vn -0.729346 -0.009340 0.684082
vn -0.753069 0.013950 0.657793
vn 0.446487 0.085048 -0.890739
vn 0.463860 0.107069 -0.879415
vn 0.385109 0.055647 -0.921192
vn -0.885259 0.050065 -0.462396
vn -0.789612 -0.129484 -0.599790
vn -0.903435 -0.205557 -0.376235
vn 0.696320 -0.302260 -0.650982
vn 0.801622 -0.170654 -0.572957
vn 0.755913 -0.481820 -0.443222
vn -0.974637 0.147508 -0.168297
vn -0.704137 0.603445 -0.374225
vn -0.758140 0.484950 -0.435944
vn -0.674229 0.421867 -0.606171
vn 0.967058 0.004496 0.254516
vn 0.339711 0.200418 -0.918928
vn 0.346272 0.228475 -0.909887
vn -0.793632 0.010006 0.608315
vn 0.619262 -0.596435 -0.510666
vn -0.093771 0.964742 0.245928
vn -0.098732 0.941082 0.323446
vn -0.040150 0.952572 0.301654
vn 0.951117 -0.178223 0.252217
vn 0.986085 -0.084415 0.143213
vn 0.503981 0.045957 -0.862491
vn 0.932468 0.018170 0.360797
vn 0.920770 0.012251 0.389914
vn -0.410848 -0.133625 -0.901858
vn -0.085140 -0.992909 -0.082968
vn 0.047413 0.997691 0.048629
vn 0.306582 0.901509 -0.305432
vn -0.028962 0.937542 0.346665
vn 0.766925 0.068878 -0.638030
vn 0.740997 0.381008 -0.552953
vn 0.883545 0.177865 -0.433258
vn -0.359456 -0.005745 -0.933144
vn -0.458333 -0.047915 -0.887488
vn -0.407425 -0.006227 -0.913217
vn -0.374974 -0.007750 -0.927003
vn 0.989835 0.007326 -0.142034
vn 0.980653 -0.000658 0.195754
vn -0.788426 0.335264 -0.515735
vn -0.517599 0.381110 -0.766059
vn -0.223063 -0.974446 -0.026427
vn -0.502386 -0.102388 -0.858560
vn -0.095399 -0.995368 0.011926
vn 0.717940 -0.047298 -0.694496
vn 0.627982 -0.079402 -0.774167
vn 0.709112 0.011920 -0.704995
vn -0.485091 -0.028527 -0.873998
vn -0.647617 -0.017857 -0.761757
vn -0.004375 -0.998000 -0.063065
vn 0.029070 -0.984292 -0.174137
vn -0.051157 -0.994345 -0.093068
vn -0.460314 -0.052745 -0.886188
vn -0.348919 -0.047683 -0.935939
vn -0.493031 -0.009549 -0.869959
vn 0.502698 -0.017678 -0.864282
vn 0.623500 -0.039450 -0.780827
vn 0.622066 -0.077874 -0.779083
vn -0.494549 -0.085058 -0.864978
vn 0.348841 -0.113184 -0.930322
vn 0.496961 -0.224656 -0.838188
vn 0.468420 -0.574897 -0.670878
vn -0.814769 -0.477129 -0.329393
vn -0.828764 -0.261088 -0.494958
vn -0.597310 -0.771667 -0.218520
vn -0.729707 -0.008696 -0.683705
vn -0.901818 0.301625 -0.309430
vn -0.839089 -0.059371 -0.540745
vn -0.915155 -0.089450 -0.393051
vn -0.857801 -0.097061 -0.504734
vn -0.754197 -0.085398 -0.651071
vn -0.882170 0.022235 -0.470407
vn 0.683261 -0.007942 -0.730131
vn 0.613329 -0.032606 -0.789155
vn 0.588849 0.006657 -0.808216
vn -0.817353 0.027280 -0.575492
vn -0.860526 0.009919 -0.509310
vn -0.749730 0.004838 -0.661726
vn -0.715724 -0.276208 -0.641442
vn 0.594634 -0.135148 -0.792557
vn 0.604104 0.000822 -0.796905
vn -0.990771 0.129031 -0.041529
vn -0.953925 0.299254 -0.021790
vn -0.905463 0.402097 0.135853
vn -0.661305 0.727788 -0.181659
vn -0.917862 0.057530 -0.392708
vn 0.897175 0.083747 -0.433664
vn 0.882939 0.107683 -0.456973
vn 0.769646 0.037408 -0.637374
vn 0.080566 0.954033 0.288670
vn 0.487167 0.017596 -0.873132
vn 0.878953 0.063297 -0.472689
vn 0.732347 0.112214 -0.671622
vn -0.707876 0.667430 -0.231190
vn -0.051798 0.998595 -0.011186
vn -0.612225 0.115326 -0.782228
vn 0.528629 0.075968 -0.845447
vn -0.551143 0.820976 0.149133
vn -0.648373 0.672634 0.356618
vn -0.873646 0.444318 0.198301
vn -0.957505 0.217016 -0.189967
vn -0.999580 -0.000739 -0.028963
vn -0.966715 -0.129831 -0.220467
vn -0.965082 0.124914 -0.230244
vn -0.948056 0.309673 -0.072753
vn -0.888237 0.449293 -0.095765
vn -0.265889 0.898610 0.349003
vn -0.422924 0.840124 0.339598
vn 0.674145 0.140117 0.725187
vn 0.473269 0.067178 0.878353
vn 0.484871 0.423307 0.765317
vn 0.735643 0.623174 -0.265489
vn 0.196751 -0.291997 0.935963
vn -0.920785 0.235336 -0.311082
vn -0.963989 0.013278 -0.265612
vn -0.856511 0.303917 -0.417160
vn -0.996776 -0.077003 -0.022523
vn -0.988284 0.135150 0.070921
vn -0.887113 -0.107756 0.448797
vn -0.994978 -0.001273 -0.100082
vn -0.913755 -0.240967 0.327090
vn -0.868203 -0.211769 0.448751
vn -0.716021 0.023568 -0.697681
vn -0.419578 -0.001962 -0.907717
vn -0.949316 -0.175352 0.260865
vn -0.977718 -0.060736 0.200946
vn -0.996027 0.081498 0.035897
vn -0.986906 -0.045145 0.154852
vn -0.930489 -0.001221 0.366317
vn -0.906871 -0.145028 0.395667
vn -0.938252 0.148575 0.312424
vn -0.806798 -0.038249 0.589588
vn -0.911575 -0.002625 -0.411126
vn -0.999977 0.006623 -0.001293
vn -0.679730 0.708570 -0.189461
vn -0.718881 0.694244 0.035135
vn -0.452021 0.883998 -0.119262
vn -0.861737 0.209337 0.462155
vn -0.647400 0.762150 0.000484
vn 0.025203 0.966753 0.254467
vn 0.031225 0.965762 0.257546
vn -0.371004 0.822474 0.431152
vn -0.300759 0.937641 0.174278
vn 0.254709 0.736399 0.626769
vn -0.236365 0.957727 -0.163985
vn -0.399056 -0.000785 -0.916926
vn -0.877721 -0.243359 0.412773
vn -0.842376 -0.062788 0.535220
vn -0.443831 -0.074843 -0.892980
vn -0.494994 -0.122815 -0.860173
vn 0.068189 0.910679 0.407448
vn -0.042526 0.927741 0.370794
vn 0.035492 0.932397 0.359690
vn 0.603514 0.635060 -0.482150
vn 0.757824 0.133553 -0.638644
vn 0.409638 0.528127 0.743827
vn 0.150999 0.898326 0.412564
vn 0.479674 0.753626 0.449402
vn 0.649803 0.464865 0.601379
vn 0.272417 0.948269 0.163017
vn 0.370866 -0.013743 0.928585
vn 0.458185 0.009870 0.888802
vn 0.370893 0.358814 0.856558
vn 0.189877 -0.390003 0.901024
vn 0.926377 0.225696 0.301474
vn -0.489917 0.762725 0.422176
vn 0.111879 0.978497 0.173280
vn 0.202774 0.979077 -0.017059
vn 0.153344 0.975257 -0.159247
vn 0.133268 0.975748 0.173657
vn 0.145710 0.967517 -0.206592
vn -0.882669 0.026861 0.469227
vn -0.528586 0.812626 0.245431
vn -0.971739 0.173316 0.160267
vn -0.700711 0.428370 0.570529
vn -0.063881 0.335735 0.939788
vn -0.205641 -0.091165 0.974372
vn 0.003902 0.089206 0.996006
vn -0.323036 0.230760 0.917822
vn -0.376099 -0.188085 0.907289
vn 0.500893 0.729205 0.466225
vn -0.743601 0.520133 0.420142
vn 0.179464 0.983704 -0.010886
vn 0.082669 0.955491 0.283200
vn -0.790801 0.374229 -0.484341
vn -0.949892 0.179157 0.256140
vn -0.994211 0.093800 -0.052397
vn -0.755055 0.133543 0.641917
vn -0.965580 0.073597 0.249477
vn -0.996238 -0.003121 0.086601
vn -0.845258 -0.101587 0.524613
vn -0.972608 0.000796 0.232450
vn -0.820664 0.011864 0.571288
vn -0.766876 0.234968 0.597236
vn -0.829194 -0.042216 0.557365
vn 0.679732 0.037105 0.732521
vn 0.227523 -0.136947 -0.964095
vn 0.203756 0.055793 0.977431
vn 0.538469 0.120697 0.833957
vn 0.326624 -0.133943 0.935615
vn 0.260742 -0.068707 0.962961
vn 0.755371 -0.117097 0.644750
vn 0.426193 0.345647 0.835995
vn 0.880492 0.186608 0.435788
vn 0.772664 0.143020 0.618495
vn 0.382814 0.119569 0.916055
vn 0.582949 0.045496 0.811234
vn 0.652496 0.022447 0.757460
vn 0.481661 0.163862 0.860902
vn 0.805923 -0.354649 0.474037
vn -0.450426 -0.879333 0.154567
vn -0.546093 -0.810437 0.212072
vn -0.744734 -0.639702 0.190140
vn -0.964864 -0.018286 0.262115
vn -0.934924 0.053607 0.350776
vn -0.291162 0.168757 0.941672
vn -0.812538 -0.164242 0.559291
vn -0.776700 -0.455844 0.434676
vn -0.957349 -0.285714 -0.043011
vn -0.828197 -0.475043 -0.297363
vn -0.034788 -0.999371 0.006943
vn -0.752371 0.118026 0.648080
vn -0.846224 -0.110530 0.521236
vn -0.944410 -0.241716 -0.222853
vn -0.004932 -0.985075 0.172055
vn 0.026988 -0.984276 0.174561
vn 0.038279 -0.987820 0.150821
vn -0.094700 -0.978137 -0.185150
vn -0.065465 -0.975121 -0.211785
vn 0.220907 -0.713182 0.665261
vn 0.075329 -0.922073 0.379613
vn 0.114852 -0.874274 0.471650
vn 0.202564 -0.978430 -0.040527
vn 0.071890 0.069000 -0.995023
vn -0.175259 -0.015554 -0.984400
vn -0.186710 -0.218849 -0.957729
vn -0.035330 -0.141673 -0.989283
vn -0.438143 0.209284 -0.874203
vn -0.157668 0.068357 -0.985124
vn -0.603902 -0.210017 -0.768892
vn 0.251360 -0.290544 -0.923256
vn -0.136964 -0.466717 -0.873737
vn -0.240937 -0.505535 -0.828483
vn -0.239757 -0.669363 -0.703186
vn -0.155821 -0.881561 -0.445613
vn 0.062535 -0.481619 -0.874147
vn -0.353809 -0.848833 -0.392812
vn -0.036394 -0.999337 -0.000717
vn -0.413338 -0.152519 -0.897714
vn 0.593116 -0.782797 0.188261
vn 0.901053 -0.356868 0.246472
vn 0.489250 -0.865328 0.108818
vn 0.912157 -0.402835 -0.075461
vn 0.528188 -0.846224 -0.070162
vn -0.199851 -0.963351 -0.178927
vn -0.862113 -0.363307 -0.353228
vn -0.618182 -0.732477 -0.285180
vn 0.212994 -0.960424 -0.179496
vn 0.242012 0.313294 0.918301
vn -0.094825 0.931429 0.351351
vn 0.060672 0.901428 0.428658
vn 0.051508 0.903199 0.426121
vn -0.038826 0.909543 0.413792
vn 0.092367 0.913315 0.396640
vn 0.289039 -0.955063 -0.065654
vn 0.244071 -0.969398 -0.026386
vn -0.025595 -0.999039 -0.035579
vn 0.417135 -0.908788 -0.010156
vn 0.149999 -0.987051 -0.056835
vn 0.169684 -0.983044 -0.069508
vn 0.114210 -0.989968 0.083180
vn 0.845771 -0.428160 -0.318356
vn 0.911884 -0.028139 -0.409483
vn 0.924358 -0.079695 -0.373110
vn 0.919191 -0.018278 -0.393388
vn -0.952267 0.141523 0.270481
vn -0.857998 0.165194 0.486365
vn -0.937895 -0.253590 -0.236741
vn -0.953497 -0.190907 -0.233232
vn -0.996545 -0.038568 -0.073563
vn 0.326382 -0.938840 -0.109792
vn 0.103401 0.963165 0.248236
vn 0.120046 0.991878 0.042040
vn 0.283325 -0.863349 0.417559
vn 0.481842 -0.806129 0.343489
vn -0.589959 -0.793994 0.146703
vn 0.117712 -0.992118 -0.042957
vn 0.322735 -0.510689 0.796893
vn -0.976087 -0.077691 0.203025
vn 0.246432 -0.953505 0.173493
vn -0.166917 0.300444 -0.939080
vn -0.136838 0.830195 -0.540418
vn 0.280802 0.036873 -0.959057
vn -0.707765 -0.449510 -0.544985
vn 0.904475 0.101967 0.414160
vn 0.687695 0.312657 0.655226
vn 0.053052 -0.996907 -0.057986
vn 0.693756 0.052871 0.718267
vn -0.308063 0.910968 0.274290
vn 0.034847 0.896504 0.441664
vn 0.103256 -0.004634 -0.994644
vn -0.141953 -0.105604 -0.984224
vn 0.076152 0.004374 -0.997087
vn -0.245950 0.166132 -0.954939
vn -0.245224 -0.272174 -0.930477
vn -0.072166 0.230180 -0.970469
vn 0.260172 0.314830 -0.912794
vn -0.333508 -0.080790 -0.939279
vn -0.267125 -0.328594 -0.905908
vn -0.224626 0.247631 -0.942456
vn 0.066897 0.997293 -0.030512
vn -0.649567 0.623859 0.434583
vn -0.784651 0.084828 -0.614106
vn -0.990924 -0.110942 0.075911
vn -0.950969 -0.034295 0.307378
vn -0.924449 0.013802 0.381055
vn -0.260786 0.663548 0.701210
vn -0.608638 0.198230 -0.768287
vn -0.977969 -0.115339 -0.173991
vn 0.181353 -0.004516 -0.983408
vn -0.387077 0.004735 -0.922035
vn 0.468189 0.003850 -0.883620
vn 0.404989 0.009845 -0.914269
vn -0.493663 -0.077553 -0.866189
vn -0.789449 0.061982 -0.610678
vn -0.890980 0.051556 -0.451106
vn -0.204796 -0.013657 -0.978709
vn -0.486203 0.005291 -0.873830
vn 0.883455 -0.000009 -0.468516
vn 0.918895 0.164870 -0.358399
vn 0.968465 0.038791 -0.246112
vn 0.895713 0.098196 -0.433654
vn 0.972356 0.138539 -0.187962
vn 0.965425 0.166445 -0.200626
vn 0.985587 -0.115853 -0.123271
vn 0.965281 -0.156179 -0.209380
vn 0.896410 -0.011765 -0.443070
vn 0.974533 0.182058 -0.130918
vn 0.998015 0.002274 0.062930
vn 0.972047 0.191281 -0.136148
vn 0.951187 0.172597 -0.255839
vn 0.876096 -0.133639 -0.463246
vn 0.864029 -0.091939 -0.494976
vn 0.953645 0.051211 -0.296544
vn 0.872052 0.159107 -0.462829
vn 0.944720 0.121947 -0.304357
vn 0.406023 0.893305 0.192749
vn 0.119451 0.760201 0.638613
vn 0.018764 0.995062 0.097469
vn 0.883624 0.004415 -0.468177
vn 0.273981 -0.853795 -0.442684
vn 0.953677 -0.190156 -0.233112
vn 0.903602 0.046440 -0.425847
vn 0.909703 -0.014536 -0.415004
vn -0.160729 -0.005880 -0.986981
vn -0.067464 0.832960 -0.549205
vn -0.973567 0.203980 -0.102758
vn 0.978587 0.118145 -0.168547
vn 0.903344 0.006953 -0.428860
vn 0.197895 -0.124689 -0.972261
vn -0.029744 0.010166 -0.999506
vn 0.013185 -0.050147 -0.998655
vn 0.165281 -0.146265 -0.975340
vn 0.967007 -0.061545 -0.247203
vn 0.857962 -0.508916 -0.070046
vn 0.729264 -0.679161 0.083148
vn 0.542078 -0.839546 -0.036237
vn 0.820842 -0.412872 0.394658
vn 0.692192 -0.670290 0.267545
vn 0.519128 -0.841900 0.147343
vn 0.971060 0.144272 -0.190339
vn 0.986846 -0.146904 0.067487
vn 0.955044 -0.206064 -0.213140
vn 0.873424 -0.012785 0.486794
vn 0.990353 0.057197 0.126210
vn 0.395470 0.866144 0.305612
vn -0.036990 0.907043 0.419411
vn 0.361561 0.878981 0.310913
vn 0.245733 0.886687 0.391664
vn 0.556740 0.806056 0.200784
vn 0.955626 0.038251 0.292088
vn 0.968617 0.146397 -0.200872
vn 0.967733 0.222912 -0.117485
vn 0.265885 0.876512 0.401289
vn 0.109839 0.913646 0.391391
vn 0.970474 -0.209591 -0.119381
vn 0.557814 -0.738925 0.377933
vn 0.699288 -0.533464 0.475828
vn 0.648631 0.609769 0.455478
vn -0.522565 -0.697267 0.490658
vn -0.550509 -0.360993 0.752744
vn 0.573907 0.037449 -0.818064
vn 0.716213 -0.001674 -0.697879
vn 0.281327 0.257246 -0.924489
vn 0.399908 0.196648 -0.895211
vn 0.862935 0.006927 -0.505268
vn 0.883835 -0.261157 -0.388113
vn -0.122430 0.463760 0.877461
vn -0.174682 -0.232033 0.956894
vn -0.214199 0.113923 0.970124
vn 0.792900 0.524012 0.310999
vn 0.652494 0.528922 0.542673
vn 0.173348 0.888582 0.424704
vn 0.738581 0.601491 0.304479
vn 0.988544 -0.150689 -0.008627
vn 0.989853 0.093687 0.106839
vn 0.955318 0.237417 -0.176071
vn 0.201080 -0.549822 0.810718
vn -0.801372 -0.595518 0.056217
vn -0.812695 -0.549782 0.193045
vn -0.793271 -0.587680 0.159227
vn -0.352152 0.312925 0.882081
vn -0.453618 0.518563 0.724792
vn -0.206831 0.566550 0.797648
vn 0.821739 0.046803 -0.567939
vn 0.952874 0.137983 -0.270169
vn 0.504506 -0.863325 -0.011967
vn 0.295289 -0.954944 0.029786
vn 0.327308 -0.944857 0.010705
vn 0.787194 -0.574124 -0.225183
vn 0.620704 -0.758221 -0.199567
vn 0.376862 -0.913242 -0.154803
vn 0.990768 -0.064958 0.118990
vn 0.906198 0.396637 0.146577
vn 0.997237 -0.073886 0.007652
vn 0.991052 0.085932 0.102136
vn 0.759138 -0.590171 -0.274606
vn -0.251104 -0.307701 -0.917751
vn -0.791936 -0.246336 -0.558709
vn -0.885046 -0.260735 -0.385631
vn -0.892020 -0.335923 -0.302418
vn -0.864267 -0.185263 0.467674
vn -0.779109 -0.507592 0.367886
vn -0.549327 0.269477 0.790963
vn -0.986122 0.022780 -0.164455
vn -0.992838 -0.108257 -0.050537
vn -0.982063 0.107555 -0.154870
vn -0.986444 0.012595 0.163617
vn 0.078976 0.577346 0.812671
vn 0.100837 0.471518 0.876073
vn 0.251694 -0.964868 0.075371
vn 0.021502 -0.982392 -0.185588
vn 0.602656 -0.266867 -0.752056
vn 0.519112 -0.849557 -0.093681
vn 0.975149 0.111533 0.191431
vn -0.905910 0.125935 -0.404312
vn -0.971734 0.234871 0.023847
vn 0.987451 0.030075 -0.155034
vn 0.952471 -0.016828 -0.304165
vn -0.003827 0.930377 0.366586
vn 0.104174 0.938133 0.330235
vn -0.697720 0.107666 -0.708233
vn 0.735769 0.543022 0.404687
vn 0.866449 0.167455 0.470346
vn 0.968653 -0.143385 0.202860
vn 0.623195 0.399051 0.672597
vn 0.225366 0.716217 0.660487
vn 0.957056 0.165448 -0.238057
vn 0.645924 0.018751 -0.763171
vn 0.797508 0.589102 -0.130155
vn 0.749202 0.633597 0.193008
vn 0.910908 0.410934 0.037147
vn 0.887441 0.460838 0.008758
vn 0.988152 0.116839 -0.099523
vn 0.985016 -0.137813 -0.103689
vn 0.972803 -0.188947 -0.133989
vn 0.716705 0.688023 0.113836
vn -0.745647 -0.261110 0.613052
vn -0.696531 -0.425215 0.577959
vn -0.880416 -0.377018 -0.287620
vn -0.121635 -0.992089 -0.031063
vn 0.922055 -0.316459 0.222864
vn 0.825162 -0.119608 -0.552089
vn 0.949603 0.034196 -0.311583
vn 0.981783 0.002747 0.189984
vn 0.968163 0.166558 0.186863
vn 0.652458 -0.000765 -0.757825
vn -0.183324 0.367646 0.911718
vn 0.991849 -0.126749 -0.013078
vn 0.695437 -0.643577 0.319651
vn -0.551195 0.370740 0.747487
vn -0.519620 0.246155 0.818170
vn -0.484681 0.481924 0.729955
vn -0.407054 0.250028 0.878518
vn 0.428989 -0.897252 -0.104436
vn 0.906728 0.001618 -0.421713
vn -0.843635 0.142494 -0.517664
vn -0.853296 0.520815 -0.025257
vn 0.477359 0.054446 -0.877020
vn 0.729811 -0.005502 -0.683627
vn 0.614738 0.025408 -0.788322
vn 0.577325 0.062805 0.814096
vn 0.568783 0.040879 -0.821471
vn -0.603527 -0.183596 0.775917
vn 0.841984 0.320224 0.434188
vn 0.937734 -0.023521 0.346557
vn -0.766652 -0.480615 0.425739
vn 0.479782 0.080543 -0.873683
vn -0.520841 -0.019804 -0.853424
vn -0.640857 0.066270 -0.764794
vn -0.616429 -0.781012 0.100178
vn 0.182052 0.843042 0.506100
vn -0.022299 0.962193 0.271454
vn 0.046377 0.951591 0.303847
vn 0.937304 0.297522 0.181499
vn 0.852825 0.338160 -0.397917
vn -0.043090 0.979089 0.198816
vn -0.838291 0.011846 -0.545094
vn 0.710570 0.002698 -0.703621
vn -0.306903 0.002878 -0.951736
vn 0.529572 0.002205 -0.848262
vn -0.631886 -0.755869 0.171413
vn -0.076247 -0.997053 0.008429
vn 0.014034 0.179954 0.983575
vn 0.708683 0.009023 -0.705469
s 1
g pathpre2_low:Group20786
f 230/1/1 716/2/2 406/3/3
f 232/4/4 992/5/5 169/6/6
f 992/5/5 867/7/7 169/6/6
f 235/8/8 1/9/9 176/10/10
f 1/9/9 2/11/11 176/10/10
f 790/12/12 933/13/13 812/14/14
f 429/15/15 790/12/12 3/16/16
f 374/17/17 429/15/15 3/16/16
f 980/18/18 1018/19/19 794/20/20
f 1018/19/19 617/21/21 817/22/22
f 504/23/23 5/24/24 688/25/25
f 4/26/26 866/27/27 774/28/28
f 964/29/29 876/30/30 978/31/31
f 9/32/32 213/33/33 174/34/34
f 431/35/35 164/36/36 374/17/17
f 622/37/37 497/38/38 5/24/24
f 7/39/39 215/40/40 206/41/41
f 163/42/42 206/41/41 215/40/40
f 861/43/43 633/44/44 638/45/45
f 522/46/46 1021/47/47 894/48/48
f 622/37/37 914/49/49 1063/50/50
f 894/48/48 1021/47/47 885/51/51
f 12/52/52 494/53/53 209/54/54
f 15/55/55 407/56/56 500/57/57
f 765/58/58 13/59/59 377/60/60
f 614/61/61 497/38/38 724/62/62
f 370/63/63 372/64/64 375/65/65
f 230/1/1 1014/66/66 716/2/2
f 163/42/42 14/67/67 205/68/68
f 506/69/69 711/70/70 845/71/71
f 13/59/59 381/72/72 377/60/60
f 684/73/73 768/74/74 965/75/75
f 891/76/76 666/77/77 223/78/78
f 1053/79/79 891/76/76 1044/80/80
f 18/81/81 1041/82/82 22/83/83
f 1010/84/84 375/65/65 371/85/85
f 223/78/78 666/77/77 661/86/86
f 1014/66/66 231/87/87 401/88/88
f 399/89/89 401/88/88 231/87/87
f 886/90/90 18/81/81 408/91/91
f 19/92/92 983/93/93 876/30/30
f 258/94/94 337/95/95 260/96/96
f 408/91/91 18/81/81 22/83/83
f 274/97/97 260/96/96 21/98/98
f 274/97/97 21/98/98 261/99/99
f 29/100/100 16/101/101 966/102/102
f 22/83/83 519/103/103 779/104/104
f 255/105/105 337/95/95 258/94/94
f 651/106/106 711/70/70 630/107/107
f 261/99/99 21/98/98 296/108/108
f 29/100/100 19/92/92 16/101/101
f 587/109/109 591/110/110 588/111/111
f 618/112/112 803/113/113 255/105/105
f 1031/114/114 15/55/55 410/115/115
f 351/116/116 402/117/117 327/118/118
f 762/119/119 23/120/120 1064/121/121
f 23/120/120 631/122/122 26/123/123
f 248/124/124 27/125/125 400/126/126
f 24/127/127 247/128/128 411/129/129
f 24/127/127 411/129/129 22/83/83
f 28/130/130 262/131/131 265/132/132
f 286/133/133 707/134/134 842/135/135
f 966/102/102 427/136/136 29/100/100
f 25/137/137 32/138/138 288/139/139
f 263/140/140 294/141/141 38/142/142
f 285/143/143 590/144/144 991/145/145
f 769/146/146 248/124/124 913/147/147
f 382/148/148 390/149/149 222/150/150
f 842/135/135 822/151/151 34/152/152
f 285/143/143 307/153/153 306/154/154
f 25/137/137 288/139/139 282/155/155
f 264/156/156 33/157/157 267/158/158
f 37/159/159 311/160/160 306/154/154
f 295/161/161 55/162/162 347/163/163
f 31/164/164 756/165/165 155/166/166
f 693/167/167 382/148/148 222/150/150
f 155/166/166 35/168/168 385/169/169
f 681/170/170 599/171/171 979/172/172
f 599/171/171 471/173/173 979/172/172
f 454/174/174 305/175/175 1028/176/176
f 175/177/177 246/178/178 31/164/164
f 39/179/179 45/180/180 57/181/181
f 264/156/156 267/158/158 257/182/182
f 805/183/183 307/153/153 285/143/143
f 304/184/184 55/162/162 295/161/161
f 40/185/185 221/186/186 241/187/187
f 352/188/188 41/189/189 386/190/190
f 603/191/191 453/192/192 1028/176/176
f 272/193/193 38/142/142 52/194/194
f 251/195/195 153/196/196 759/197/197
f 251/195/195 383/198/198 298/199/199
f 1068/200/200 730/201/201 721/202/202
f 266/203/203 256/204/204 910/205/205
f 42/206/206 292/207/207 47/208/208
f 42/206/206 47/208/208 664/209/209
f 922/210/210 312/211/211 302/212/212
f 358/213/213 343/214/214 340/215/215
f 650/216/216 1061/217/217 57/181/181
f 241/187/187 221/186/186 50/218/218
f 50/218/218 280/219/219 47/208/208
f 831/220/220 986/221/221 771/222/222
f 946/223/223 46/224/224 66/225/225
f 47/208/208 280/219/219 875/226/226
f 284/227/227 221/186/186 871/228/228
f 397/229/229 384/230/230 393/231/231
f 443/232/232 54/233/233 602/234/234
f 640/235/235 671/236/236 529/237/237
f 729/238/238 764/239/239 481/240/240
f 268/241/241 344/242/242 61/243/243
f 796/244/244 1055/245/245 778/246/246
f 910/205/205 256/204/204 881/247/247
f 1025/248/248 698/249/249 59/250/250
f 821/251/251 49/252/252 675/253/253
f 728/254/254 671/236/236 387/255/255
f 946/223/223 487/256/256 366/257/257
f 48/258/258 51/259/259 335/260/260
f 776/261/261 823/262/262 704/263/263
f 151/264/264 170/265/265 54/233/233
f 611/266/266 59/250/250 1072/267/267
f 1067/268/268 665/269/269 291/270/270
f 610/271/271 61/243/243 350/272/272
f 58/273/273 149/274/274 229/275/275
f 56/276/276 151/264/264 54/233/233
f 643/277/277 771/222/222 986/221/221
f 670/278/278 271/279/279 259/280/280
f 229/275/275 62/281/281 58/273/273
f 652/282/282 526/283/283 532/284/284
f 573/285/285 544/286/286 287/287/287
f 287/287/287 544/286/286 281/288/288
f 998/289/289 761/290/290 658/291/291
f 1046/292/292 279/293/293 857/294/294
f 69/295/295 63/296/296 1005/297/297
f 481/240/240 904/298/298 659/299/299
f 703/300/300 761/290/290 656/301/301
f 487/256/256 797/302/302 366/257/257
f 346/303/303 336/304/304 880/305/305
f 778/246/246 732/306/306 835/307/307
f 526/283/283 652/282/282 963/308/308
f 74/309/309 69/295/295 1005/297/297
f 341/310/310 814/311/311 610/271/271
f 814/311/311 973/312/312 610/271/271
f 70/313/313 76/314/314 909/315/315
f 788/316/316 645/317/317 962/318/318
f 553/319/319 581/320/320 580/321/321
f 662/322/322 72/323/323 704/263/263
f 1050/324/324 67/325/325 569/326/326
f 828/327/327 717/328/328 323/329/329
f 695/330/330 76/314/314 70/313/313
f 440/331/331 695/330/330 70/313/313
f 962/318/318 697/332/332 683/333/333
f 85/334/334 612/335/335 71/336/336
f 679/337/337 818/338/338 73/339/339
f 818/338/338 659/299/299 904/298/298
f 828/327/327 323/329/329 689/340/340
f 233/341/341 887/342/342 690/343/343
f 887/342/342 233/341/341 502/344/344
f 781/345/345 447/346/346 1020/347/347
f 586/348/348 518/349/349 579/350/350
f 797/302/302 874/351/351 1058/352/352
f 935/353/353 625/354/354 278/355/355
f 662/322/322 361/356/356 72/323/323
f 1045/357/357 703/300/300 656/301/301
f 873/358/358 74/309/309 872/359/359
f 809/360/360 1074/361/361 1075/362/362
f 93/363/363 166/364/364 690/343/343
f 416/365/365 1008/366/366 576/367/367
f 637/368/368 1054/369/369 1005/297/297
f 732/306/306 89/370/370 178/371/371
f 77/372/372 1008/366/366 572/373/373
f 84/374/374 1027/375/375 1019/376/376
f 955/377/377 80/378/378 531/379/379
f 314/380/380 717/381/328 95/382/381
f 478/383/382 1002/384/383 86/385/384
f 955/377/377 531/379/379 87/386/385
f 625/354/354 1015/387/386 278/355/355
f 152/388/387 329/389/388 165/390/389
f 625/354/354 801/391/390 1015/387/386
f 644/392/391 328/393/392 320/394/393
f 977/395/394 870/396/395 700/397/396
f 82/398/397 1065/399/398 902/400/399
f 856/401/400 276/402/401 228/403/402
f 83/404/403 1052/405/404 819/406/405
f 851/407/406 968/408/407 799/409/408
f 708/410/409 955/377/377 87/386/385
f 88/411/410 103/412/411 361/356/356
f 714/413/412 841/414/413 315/415/414
f 478/383/382 809/360/360 79/416/415
f 276/402/401 191/417/416 228/403/402
f 78/418/417 710/419/418 92/420/419
f 98/421/420 677/422/421 942/423/422
f 1034/424/423 710/419/418 1006/425/424
f 561/426/425 458/427/426 81/428/427
f 89/370/370 184/429/428 850/430/429
f 90/431/430 180/432/431 863/433/432
f 436/434/433 923/435/434 480/436/435
f 91/437/436 190/438/437 94/439/438
f 636/440/439 692/441/440 624/442/441
f 1051/443/442 332/444/443 83/445/403
f 166/364/364 93/363/363 961/446/444
f 958/447/445 173/448/446 782/449/447
f 94/439/438 190/438/437 426/450/448
f 488/451/449 931/452/450 100/453/451
f 710/419/418 556/454/452 92/420/419
f 837/455/453 1003/456/454 496/457/455
f 802/458/456 653/459/457 496/457/455
f 469/460/458 802/458/456 613/461/459
f 179/462/460 468/463/461 474/464/462
f 277/465/463 364/466/464 430/467/465
f 982/468/466 641/469/467 96/470/468
f 115/471/469 321/472/470 841/414/413
f 115/471/469 854/473/471 321/472/470
f 97/474/472 827/475/473 99/476/474
f 726/477/475 551/478/476 88/411/410
f 474/464/462 752/479/477 179/462/460
f 741/480/478 757/481/479 463/482/480
f 832/483/481 833/484/482 708/410/409
f 928/485/483 104/486/484 570/487/485
f 479/488/486 458/427/426 466/489/487
f 505/490/488 548/491/489 795/492/490
f 207/493/491 1062/494/492 813/495/493
f 542/496/494 101/497/495 535/498/496
f 101/497/495 465/499/497 513/500/498
f 102/501/499 810/502/500 996/503/501
f 969/504/502 982/468/466 96/470/468
f 535/498/496 101/497/495 513/500/498
f 237/505/503 162/506/504 961/446/444
f 757/481/479 185/507/505 194/508/506
f 109/509/507 107/510/508 419/511/509
f 365/512/510 960/513/511 854/473/471
f 508/514/512 503/515/513 108/516/514
f 1037/517/515 540/518/516 888/519/517
f 116/520/518 639/521/519 777/522/520
f 113/523/521 106/524/522 499/525/523
f 921/526/524 485/527/525 472/528/526
f 129/529/527 492/530/528 112/531/529
f 562/532/530 918/533/531 566/534/532
f 545/535/533 632/536/534 505/490/488
f 726/537/475 749/538/535 551/539/476
f 896/540/536 210/541/537 105/542/538
f 752/479/477 474/464/462 484/543/539
f 523/544/540 118/545/541 479/488/486
f 686/546/542 900/547/543 512/548/544
f 1030/549/545 705/550/546 499/525/523
f 479/488/486 466/489/487 523/544/540
f 334/551/547 324/552/548 564/553/549
f 363/554/550 713/555/551 367/556/552
f 884/557/553 733/558/554 120/559/555
f 1059/560/556 626/561/557 705/550/546
f 122/562/558 187/563/559 567/564/560
f 126/565/561 123/566/562 615/567/563
f 738/568/564 137/569/565 110/570/566
f 127/571/567 951/572/568 893/573/569
f 120/559/555 733/558/554 999/574/570
f 236/575/571 121/576/572 414/577/573
f 912/578/574 118/545/541 523/544/540
f 855/579/575 905/580/576 123/566/562
f 567/564/560 187/563/559 197/581/577
f 620/582/578 127/571/567 893/573/569
f 218/583/579 168/584/580 216/585/581
f 654/586/582 508/514/512 534/587/583
f 945/588/584 626/561/557 1059/560/556
f 534/587/583 543/589/585 1069/590/586
f 363/554/550 316/591/587 326/592/588
f 492/530/528 129/529/527 792/593/589
f 212/594/590 154/595/591 216/585/581
f 791/596/592 806/597/593 1009/598/594
f 131/599/595 133/600/596 136/601/597
f 131/599/595 136/601/597 927/602/598
f 550/603/599 534/587/583 134/604/600
f 1007/605/601 839/606/602 414/577/573
f 927/602/598 136/601/597 316/591/587
f 457/607/603 145/608/604 130/609/605
f 1042/610/606 507/611/607 655/612/608
f 137/569/565 811/613/609 413/614/610
f 146/615/611 746/616/612 547/617/613
f 464/618/614 445/619/615 140/620/616
f 807/621/617 353/622/618 627/623/619
f 464/618/614 140/620/616 1017/624/620
f 432/625/621 699/626/622 510/627/623
f 517/628/624 840/629/625 141/630/626
f 1017/624/620 140/620/616 145/608/604
f 811/613/609 144/631/627 413/614/610
f 753/632/628 150/633/629 139/634/630
f 648/635/631 737/636/632 719/637/633
f 511/638/634 524/639/635 142/640/636
f 786/641/637 428/642/638 785/643/639
f 422/644/640 144/645/627 785/643/639
f 750/646/641 1049/647/642 524/639/635
f 782/449/447 657/648/643 147/649/644
f 82/398/397 249/650/645 276/402/401
f 193/651/646 121/576/572 236/575/571
f 999/574/570 733/558/554 943/652/647
f 160/653/648 158/654/649 43/655/650
f 175/177/177 167/656/651 246/178/178
f 648/635/631 150/633/629 737/636/632
f 142/640/636 723/657/652 212/594/590
f 70/313/313 909/315/315 151/264/264
f 70/313/313 151/264/264 908/658/653
f 165/390/389 99/476/474 152/388/387
f 1065/399/398 958/447/445 902/400/399
f 177/659/654 43/655/650 153/196/196
f 153/196/196 155/166/166 385/169/169
f 143/660/655 214/661/656 745/662/657
f 723/657/652 214/661/656 212/594/590
f 172/663/658 155/166/166 153/196/196
f 175/177/177 31/164/164 155/166/166
f 156/664/659 218/583/579 753/665/628
f 1012/666/660 171/667/661 827/475/473
f 171/667/661 159/668/662 157/669/663
f 157/669/663 159/668/662 647/670/664
f 170/265/265 158/654/649 160/653/648
f 246/178/178 167/656/651 149/274/274
f 159/668/662 753/665/628 139/671/630
f 156/664/659 753/665/628 159/668/662
f 170/265/265 160/653/648 54/233/233
f 251/195/195 177/659/654 153/196/196
f 147/649/644 161/672/665 192/673/666
f 148/674/667 161/672/665 121/576/572
f 162/506/504 237/505/503 1012/666/660
f 903/675/668 916/676/669 165/390/389
f 211/677/670 377/60/60 163/42/42
f 217/678/671 174/34/34 213/33/33
f 9/32/32 164/36/36 10/679/672
f 176/10/10 2/11/11 429/15/15
f 165/390/389 916/676/669 97/474/472
f 165/390/389 97/474/472 99/476/474
f 961/446/444 162/506/504 166/364/364
f 162/506/504 1012/666/660 916/676/669
f 167/656/651 253/680/673 149/274/274
f 253/680/673 167/656/651 175/177/177
f 218/583/579 156/664/659 168/584/580
f 237/505/503 171/667/661 1012/666/660
f 232/4/4 169/6/6 8/681/674
f 215/40/40 174/34/34 217/678/671
f 909/315/315 170/265/265 151/264/264
f 149/274/274 158/654/649 170/265/265
f 168/584/580 156/664/659 171/667/661
f 171/667/661 156/664/659 159/668/662
f 153/196/196 43/655/650 172/663/658
f 43/655/650 158/654/649 175/177/177
f 157/669/663 647/670/664 884/557/553
f 171/667/661 157/669/663 827/475/473
f 867/7/7 235/8/8 169/6/6
f 8/681/674 169/6/6 235/8/8
f 175/177/177 155/166/166 172/663/658
f 43/655/650 175/177/177 172/663/658
f 9/32/32 176/10/10 429/15/15
f 235/8/8 176/10/10 9/32/32
f 251/195/195 160/653/648 177/659/654
f 160/653/648 43/655/650 177/659/654
f 90/431/430 850/430/429 184/429/428
f 1060/682/675 834/683/676 64/684/677
f 185/507/505 179/462/460 194/508/506
f 1019/376/376 741/480/478 84/374/374
f 104/486/484 928/485/483 342/685/678
f 90/431/430 184/429/428 345/686/679
f 122/562/558 181/687/680 187/563/559
f 180/432/431 188/688/681 342/685/678
f 181/687/680 593/689/682 355/690/683
f 202/691/684 133/692/596 405/693/685
f 183/694/686 593/689/682 181/687/680
f 342/685/678 188/688/681 357/695/687
f 89/370/370 463/482/480 184/429/428
f 594/696/688 930/697/689 357/695/687
f 89/370/370 741/480/478 463/482/480
f 741/480/478 89/370/370 84/374/374
f 183/694/686 186/698/690 593/689/682
f 182/699/691 354/700/692 201/701/693
f 929/702/694 201/701/693 404/703/695
f 201/701/693 354/700/692 404/703/695
f 594/696/688 184/429/428 930/697/689
f 345/686/679 184/429/428 594/696/688
f 758/704/696 193/651/646 236/575/571
f 190/438/437 109/509/507 419/511/509
f 91/437/436 362/705/697 190/438/437
f 190/438/437 758/704/696 109/509/507
f 362/705/697 758/704/696 190/438/437
f 364/466/464 189/706/698 430/467/465
f 161/672/665 148/674/667 192/673/666
f 364/466/464 193/651/646 189/706/698
f 193/651/646 148/674/667 121/576/572
f 364/466/464 148/674/667 193/651/646
f 740/707/699 199/708/700 354/700/692
f 199/708/700 195/709/701 462/710/702
f 195/709/701 199/708/700 754/711/703
f 194/508/506 179/462/460 752/479/477
f 755/712/704 196/713/705 135/714/706
f 755/712/704 199/708/700 462/710/702
f 929/702/694 405/693/685 132/715/707
f 124/716/708 564/553/549 565/717/709
f 136/601/597 464/618/614 316/591/587
f 133/600/596 464/618/614 136/601/597
f 199/708/700 198/718/710 133/692/596
f 199/708/700 133/692/596 202/691/684
f 200/719/711 198/720/710 135/714/706
f 133/600/596 198/720/710 200/719/711
f 187/563/559 201/701/693 197/581/577
f 355/690/683 182/699/691 201/701/693
f 186/698/690 354/700/692 182/699/691
f 186/698/690 740/707/699 354/700/692
f 203/721/712 1032/722/713 119/723/714
f 138/724/715 669/725/716 142/640/636
f 20/726/717 337/95/95 804/727/718
f 226/728/719 359/729/720 1038/730/721
f 206/41/41 163/42/42 205/68/68
f 425/731/722 260/96/96 337/95/95
f 209/54/54 205/68/68 204/732/723
f 359/729/720 204/732/723 20/726/717
f 210/541/537 207/493/491 813/495/493
f 237/505/503 207/493/491 210/541/537
f 208/733/724 7/39/39 12/52/52
f 491/734/725 8/681/674 7/39/39
f 209/54/54 206/41/41 205/68/68
f 494/53/53 206/41/41 209/54/54
f 203/721/712 119/723/714 210/541/537
f 237/505/503 210/541/537 119/723/714
f 765/58/58 377/60/60 211/677/670
f 213/33/33 9/32/32 10/679/672
f 212/594/590 138/724/715 142/640/636
f 1032/722/713 212/594/590 216/585/581
f 213/33/33 10/679/672 211/677/670
f 217/678/671 213/33/33 211/677/670
f 218/735/579 214/661/656 143/660/655
f 214/661/656 154/595/591 212/594/590
f 215/40/40 7/39/39 8/681/674
f 8/681/674 174/34/34 215/40/40
f 119/723/714 216/585/581 237/505/503
f 119/723/714 1032/722/713 216/585/581
f 163/42/42 217/678/671 211/677/670
f 163/42/42 215/40/40 217/678/671
f 214/661/656 218/735/579 154/595/591
f 154/595/591 218/583/579 216/585/581
f 105/542/538 219/736/726 896/540/536
f 813/495/493 1062/494/492 541/737/727
f 756/165/165 31/164/164 220/738/728
f 31/164/164 246/178/178 400/126/126
f 62/281/281 221/186/186 907/739/729
f 907/739/729 221/186/186 787/740/730
f 1038/730/721 804/727/718 844/741/731
f 844/741/731 234/742/732 1038/730/721
f 1044/80/80 240/743/733 779/104/104
f 519/103/103 1044/80/80 779/104/104
f 224/744/734 221/186/186 360/745/735
f 223/78/78 661/86/86 975/746/736
f 225/747/737 6/748/738 252/749/739
f 6/748/738 546/750/740 660/751/741
f 226/728/719 12/52/52 359/729/720
f 226/728/719 208/733/724 12/52/52
f 849/752/742 138/724/715 203/721/712
f 896/540/536 219/736/726 849/752/742
f 228/403/402 191/417/416 91/437/436
f 947/753/743 91/437/436 94/439/438
f 229/275/275 76/314/314 502/344/344
f 229/275/275 149/274/274 76/314/314
f 230/1/1 208/733/724 226/728/719
f 399/89/89 231/87/87 234/742/732
f 230/1/1 949/754/744 231/87/87
f 231/87/87 1014/66/66 230/1/1
f 252/749/739 992/5/5 232/4/4
f 208/733/724 491/734/725 7/39/39
f 229/275/275 502/344/344 233/341/341
f 882/755/745 229/275/275 233/341/341
f 1038/730/721 949/754/744 226/728/719
f 226/728/719 949/754/744 230/1/1
f 174/34/34 235/8/8 9/32/32
f 174/34/34 8/681/674 235/8/8
f 236/575/571 109/509/507 758/704/696
f 236/575/571 735/756/746 109/509/507
f 216/585/581 168/584/580 237/505/503
f 237/505/503 168/584/580 171/667/661
f 288/139/139 412/757/747 290/758/748
f 410/115/115 288/139/139 32/138/138
f 22/83/83 239/759/749 408/91/91
f 238/760/750 245/761/751 290/758/748
f 224/744/734 360/745/735 240/743/733
f 356/762/752 40/185/185 243/763/753
f 411/129/129 247/128/128 244/764/754
f 239/759/749 244/764/754 409/765/755
f 240/743/733 356/762/752 779/104/104
f 240/743/733 40/185/185 356/762/752
f 243/763/753 40/185/185 241/187/187
f 245/761/751 241/187/187 50/218/218
f 242/766/756 243/763/753 244/764/754
f 245/761/751 243/763/753 241/187/187
f 238/760/750 244/764/754 245/761/751
f 243/763/753 245/761/751 244/764/754
f 149/274/274 58/273/273 246/178/178
f 58/273/273 62/281/281 907/739/729
f 247/128/128 242/766/756 244/764/754
f 356/762/752 243/763/753 242/766/756
f 400/126/126 246/178/178 248/124/124
f 246/178/178 58/273/273 248/124/124
f 120/559/555 657/648/643 782/449/447
f 782/449/447 173/448/446 120/559/555
f 250/767/757 209/54/54 204/732/723
f 12/52/52 209/54/54 250/767/757
f 54/233/233 160/653/648 251/195/195
f 54/233/233 251/195/195 44/768/758
f 208/733/724 252/749/739 491/734/725
f 230/1/1 406/3/3 208/733/724
f 158/654/649 253/680/673 175/177/177
f 149/274/274 253/680/673 158/654/649
f 618/112/112 254/769/759 967/770/760
f 970/771/761 28/130/130 265/132/132
f 254/769/759 618/112/112 255/105/105
f 1013/772/762 28/130/130 970/771/761
f 256/204/204 63/296/296 881/247/247
f 257/182/182 267/158/158 271/279/279
f 256/204/204 257/182/182 63/296/296
f 266/203/203 864/773/763 256/204/204
f 1013/772/762 258/94/94 28/130/130
f 274/97/97 261/99/99 269/774/764
f 271/279/279 267/158/158 259/280/280
f 52/194/194 344/242/242 268/241/241
f 377/60/60 376/775/765 379/776/766
f 425/731/722 14/67/67 379/776/766
f 269/774/764 270/777/767 760/778/768
f 270/777/767 296/108/108 263/140/140
f 275/779/769 257/182/182 864/773/763
f 864/773/763 257/182/182 256/204/204
f 263/140/140 38/142/142 272/193/193
f 760/778/768 270/777/767 263/140/140
f 262/131/131 28/130/130 275/779/769
f 28/130/130 258/94/94 273/780/770
f 265/132/132 967/770/760 970/771/761
f 45/180/180 266/203/203 910/205/205
f 265/132/132 864/773/763 266/203/203
f 45/180/180 265/132/132 266/203/203
f 267/158/158 52/194/194 259/280/280
f 267/158/158 33/157/157 52/194/194
f 268/241/241 259/280/280 52/194/194
f 67/325/325 259/280/280 836/781/771
f 264/156/156 269/774/764 33/157/157
f 28/130/130 273/780/770 275/779/769
f 269/774/764 261/99/99 270/777/767
f 270/777/767 261/99/99 296/108/108
f 257/182/182 271/279/279 63/296/296
f 670/278/278 63/296/296 271/279/279
f 33/157/157 272/193/193 52/194/194
f 760/778/768 263/140/140 272/193/193
f 273/780/770 269/774/764 264/156/156
f 273/780/770 258/94/94 269/774/764
f 269/774/764 258/94/94 274/97/97
f 258/94/94 260/96/96 274/97/97
f 275/779/769 264/156/156 257/182/182
f 273/780/770 264/156/156 275/779/769
f 277/465/463 430/467/465 276/402/401
f 276/402/401 249/650/645 277/465/463
f 147/649/644 192/673/666 277/465/463
f 249/650/645 147/649/644 277/465/463
f 959/782/772 932/783/773 937/784/774
f 937/784/774 505/490/488 795/492/490
f 289/785/775 552/786/776 50/218/218
f 221/186/186 289/785/775 50/218/218
f 280/219/219 50/218/218 552/786/776
f 287/287/287 65/787/777 573/285/285
f 60/788/778 287/287/287 281/288/288
f 935/353/353 278/355/355 646/789/779
f 631/122/122 282/155/155 26/123/123
f 1004/790/780 664/209/209 293/791/781
f 959/782/772 662/322/322 932/783/773
f 939/792/782 726/477/475 88/411/410
f 221/186/186 284/227/227 289/785/775
f 279/293/293 683/333/333 857/294/294
f 427/136/136 285/143/143 991/145/145
f 776/261/261 291/270/270 823/262/262
f 842/135/135 34/152/152 286/133/133
f 965/75/75 724/62/62 684/73/73
f 287/287/287 60/788/778 280/219/219
f 280/219/219 583/793/783 287/287/287
f 42/206/206 288/139/139 292/207/207
f 282/155/155 288/139/139 42/206/206
f 289/785/775 279/293/293 552/786/776
f 619/794/784 279/293/293 289/785/775
f 245/761/751 50/218/218 290/758/748
f 288/139/139 290/758/748 292/207/207
f 665/269/269 285/143/143 291/270/270
f 823/262/262 291/270/270 285/143/143
f 292/207/207 50/218/218 47/208/208
f 290/758/748 50/218/218 292/207/207
f 47/208/208 875/226/226 993/795/785
f 664/209/209 47/208/208 993/795/785
f 591/110/110 297/796/786 588/111/111
f 330/797/787 983/93/93 588/111/111
f 295/161/161 297/796/786 30/798/788
f 311/160/160 310/799/789 589/800/790
f 296/108/108 421/801/791 263/140/140
f 343/214/214 423/802/792 340/215/215
f 340/215/215 423/802/792 339/803/793
f 330/797/787 1010/84/84 17/804/794
f 44/768/758 251/195/195 298/199/199
f 1028/176/176 1029/805/795 454/174/174
f 299/806/796 919/807/797 920/808/798
f 46/224/224 309/809/799 1057/810/800
f 51/259/259 300/811/801 366/812/257
f 919/807/797 299/806/796 309/809/799
f 805/183/183 301/813/802 307/153/153
f 1028/176/176 305/175/175 920/808/798
f 302/212/212 51/259/259 48/258/258
f 303/814/803 495/815/804 313/816/805
f 37/159/159 303/814/803 926/817/806
f 301/813/802 924/818/807 307/153/153
f 922/210/210 304/184/184 312/211/211
f 68/819/808 880/305/305 922/210/210
f 305/175/175 299/806/796 920/808/798
f 979/172/172 46/224/224 1057/810/800
f 589/800/790 310/799/789 592/820/809
f 590/144/144 591/110/110 587/109/109
f 307/153/153 37/159/159 306/154/154
f 307/153/153 924/818/807 37/159/159
f 308/821/810 300/811/801 51/259/259
f 302/212/212 495/815/804 51/259/259
f 308/822/810 309/809/799 946/223/223
f 309/809/799 46/224/224 946/223/223
f 310/799/789 295/161/161 30/798/788
f 926/817/806 312/211/211 310/799/789
f 495/815/804 302/212/212 313/816/805
f 926/817/806 302/212/212 312/211/211
f 312/211/211 304/184/184 295/161/161
f 310/799/789 312/211/211 295/161/161
f 37/159/159 926/817/806 311/160/160
f 311/160/160 926/817/806 310/799/789
f 747/823/811 539/824/812 558/825/813
f 555/826/814 95/382/381 742/827/815
f 369/828/816 880/305/305 68/819/808
f 335/260/260 798/829/817 985/830/818
f 316/591/587 846/831/819 326/592/588
f 457/607/603 130/609/605 365/512/510
f 528/832/820 803/113/113 618/112/112
f 1061/217/217 39/179/179 57/181/181
f 642/833/821 533/834/822 1075/362/362
f 878/835/823 391/836/824 1035/837/825
f 895/838/826 319/839/827 852/840/828
f 641/469/467 595/841/829 96/470/468
f 320/394/393 1051/443/442 83/445/403
f 797/302/302 798/842/817 366/257/257
f 841/414/413 331/843/830 315/415/414
f 369/828/816 346/303/303 880/305/305
f 346/303/303 322/844/831 336/304/304
f 55/162/162 338/845/832 347/163/163
f 1067/268/268 1066/846/833 665/269/269
f 437/847/834 808/848/835 825/849/836
f 332/444/443 114/850/837 324/552/548
f 566/534/532 918/533/531 567/564/560
f 114/850/837 566/534/532 554/851/838
f 829/852/839 994/853/840 563/854/841
f 363/554/550 326/592/588 713/555/551
f 326/592/588 846/831/819 111/855/842
f 390/149/149 394/856/843 222/150/150
f 844/741/731 398/857/844 234/742/732
f 829/852/839 563/854/841 328/393/392
f 332/444/443 1051/443/442 563/854/841
f 229/275/275 882/755/745 62/281/281
f 871/228/228 645/317/317 788/316/316
f 297/796/786 330/797/787 588/111/111
f 340/215/215 339/803/793 330/797/787
f 841/414/413 321/472/470 331/843/830
f 321/472/470 854/473/471 852/840/828
f 334/551/547 332/444/443 324/552/548
f 83/445/403 332/444/443 1052/858/404
f 348/859/845 763/860/846 38/142/142
f 350/272/272 61/243/243 344/242/242
f 334/551/547 564/553/549 124/716/708
f 367/556/552 713/555/551 673/861/847
f 922/210/210 335/260/260 68/819/808
f 335/260/260 369/828/816 68/819/808
f 336/304/304 55/162/162 880/305/305
f 55/162/162 336/304/304 338/845/832
f 337/95/95 204/732/723 425/731/722
f 337/95/95 20/726/717 204/732/723
f 336/304/304 322/844/831 338/845/832
f 322/844/831 333/862/848 358/213/213
f 865/863/849 421/801/791 296/108/108
f 21/98/98 865/863/849 296/108/108
f 297/796/786 340/215/215 330/797/787
f 295/161/161 347/163/163 297/796/786
f 331/843/830 321/472/470 341/310/310
f 346/303/303 341/310/310 322/844/831
f 952/864/850 342/685/678 918/533/531
f 342/685/678 357/695/687 918/533/531
f 358/213/213 333/862/848 343/214/214
f 343/214/214 349/865/851 348/859/845
f 38/142/142 763/860/846 344/242/242
f 52/194/194 38/142/142 344/242/242
f 345/686/679 594/696/688 180/432/431
f 90/431/430 345/686/679 180/432/431
f 315/415/414 331/843/830 346/303/303
f 331/843/830 341/310/310 346/303/303
f 347/163/163 338/845/832 340/215/215
f 297/796/786 347/163/163 340/215/215
f 348/859/845 38/142/142 294/141/141
f 423/802/792 421/801/791 339/803/793
f 343/214/214 333/862/848 349/865/851
f 333/862/848 610/271/271 350/272/272
f 350/272/272 344/242/242 763/860/846
f 333/862/848 350/272/272 349/865/851
f 155/166/166 756/165/165 35/168/168
f 396/866/852 352/188/188 386/190/190
f 396/866/852 403/867/853 352/188/188
f 390/149/149 403/867/853 394/856/843
f 793/868/854 353/622/618 807/621/617
f 806/597/593 792/593/589 129/529/527
f 354/700/692 199/708/700 202/691/684
f 404/703/695 354/700/692 202/691/684
f 355/690/683 201/701/693 187/563/559
f 355/690/683 187/563/559 181/687/680
f 247/128/128 356/762/752 242/766/756
f 779/104/104 356/762/752 247/128/128
f 918/533/531 357/695/687 181/687/680
f 183/694/686 181/687/680 357/695/687
f 338/845/832 322/844/831 358/213/213
f 338/845/832 358/213/213 340/215/215
f 359/729/720 250/767/757 204/732/723
f 359/729/720 12/52/52 250/767/757
f 240/743/733 360/745/735 40/185/185
f 40/185/185 360/745/735 221/186/186
f 742/869/815 95/870/381 361/356/356
f 361/356/356 828/327/327 689/340/340
f 191/417/416 362/705/697 91/437/436
f 276/402/401 430/467/465 191/417/416
f 925/871/855 363/554/550 367/556/552
f 132/872/707 131/599/595 927/602/598
f 192/673/666 364/466/464 277/465/463
f 192/673/666 148/674/667 364/466/464
f 365/512/510 854/473/471 115/471/469
f 846/831/819 115/471/469 111/855/842
f 366/812/257 798/829/817 335/260/260
f 51/259/259 366/812/257 335/260/260
f 673/861/847 124/873/708 367/556/552
f 367/556/552 124/873/708 565/874/709
f 1052/858/404 332/444/443 334/551/547
f 124/873/708 673/861/847 334/875/547
f 315/415/414 346/303/303 369/828/816
f 83/404/403 819/406/405 985/830/818
f 378/876/856 380/877/857 370/63/63
f 374/17/17 3/16/16 980/18/18
f 17/804/794 1010/84/84 371/85/85
f 876/30/30 983/93/93 516/878/858
f 375/65/65 372/64/64 371/85/85
f 371/85/85 372/64/64 17/804/794
f 373/879/859 370/63/63 380/877/857
f 980/18/18 4/26/26 774/28/28
f 374/17/17 980/18/18 380/877/857
f 431/35/35 374/17/17 380/877/857
f 370/63/63 375/65/65 378/876/856
f 21/98/98 375/65/65 865/863/849
f 376/775/765 375/65/65 21/98/98
f 376/775/765 21/98/98 379/776/766
f 377/60/60 379/776/766 14/67/67
f 163/42/42 377/60/60 14/67/67
f 378/876/856 375/65/65 376/775/765
f 377/60/60 381/72/72 376/775/765
f 379/776/766 21/98/98 260/96/96
f 379/776/766 260/96/96 425/731/722
f 13/59/59 380/877/857 378/876/856
f 431/35/35 380/877/857 13/59/59
f 381/72/72 378/876/856 376/775/765
f 13/59/59 378/876/856 381/72/72
f 940/880/860 778/246/246 391/836/824
f 940/880/860 391/836/824 775/881/861
f 605/882/862 515/883/863 607/884/864
f 388/885/865 41/189/189 691/886/866
f 41/189/189 393/231/231 384/230/230
f 41/189/189 671/236/236 640/235/235
f 759/197/197 153/196/196 385/169/169
f 298/199/199 383/198/198 605/882/862
f 385/169/169 35/168/168 601/887/867
f 759/197/197 385/169/169 606/888/868
f 64/684/677 834/683/676 652/282/282
f 796/244/244 64/684/677 397/229/229
f 386/190/190 41/189/189 388/885/865
f 389/889/869 388/885/865 36/890/870
f 395/891/871 386/190/190 388/885/865
f 396/866/852 386/190/190 395/891/871
f 403/867/853 796/244/244 352/188/188
f 796/244/244 397/229/229 393/231/231
f 1055/245/245 382/148/148 1035/837/825
f 1055/245/245 796/244/244 382/148/148
f 351/116/116 392/892/872 396/866/852
f 327/118/118 392/892/872 351/116/116
f 393/231/231 352/188/188 796/244/244
f 352/188/188 393/231/231 41/189/189
f 398/857/844 392/892/872 327/118/118
f 234/742/732 398/857/844 399/89/89
f 35/168/168 395/891/871 601/887/867
f 395/891/871 388/885/865 389/889/869
f 35/168/168 396/866/852 395/891/871
f 351/116/116 396/866/852 35/168/168
f 64/684/677 652/282/282 397/229/229
f 397/229/229 387/255/255 384/230/230
f 394/856/843 392/892/872 398/857/844
f 394/856/843 398/857/844 844/741/731
f 398/857/844 327/118/118 399/89/89
f 401/88/88 399/89/89 327/118/118
f 31/164/164 400/126/126 220/738/728
f 27/125/125 401/88/88 400/126/126
f 402/117/117 400/126/126 401/88/88
f 402/117/117 401/88/88 327/118/118
f 220/738/728 400/126/126 402/117/117
f 402/117/117 351/116/116 220/738/728
f 403/867/853 392/892/872 394/856/843
f 392/892/872 403/867/853 396/866/852
f 405/693/685 131/893/595 132/715/707
f 405/693/685 133/692/596 131/893/595
f 929/702/694 404/703/695 405/693/685
f 404/703/695 202/691/684 405/693/685
f 406/3/3 225/747/737 252/749/739
f 406/3/3 252/749/739 208/733/724
f 407/56/56 15/55/55 1031/114/114
f 877/894/873 32/138/138 630/107/107
f 408/91/91 239/759/749 409/765/755
f 288/139/139 410/115/115 412/757/747
f 244/764/754 238/760/750 409/765/755
f 410/115/115 409/765/755 412/757/747
f 410/115/115 408/91/91 409/765/755
f 886/90/90 408/91/91 410/115/115
f 239/759/749 411/129/129 244/764/754
f 411/129/129 239/759/749 22/83/83
f 409/765/755 238/760/750 412/757/747
f 412/757/747 238/760/750 290/758/748
f 144/645/627 422/644/640 413/895/610
f 141/896/626 840/897/625 422/644/640
f 735/756/746 738/568/564 109/509/507
f 667/898/874 137/569/565 738/568/564
f 94/439/438 424/899/875 415/900/876
f 947/753/743 94/439/438 572/373/373
f 856/401/400 82/398/397 276/402/401
f 663/901/877 82/398/397 697/332/332
f 82/398/397 856/401/400 697/332/332
f 416/365/365 576/367/367 571/902/878
f 735/756/746 667/898/874 738/568/564
f 838/903/879 414/577/573 839/606/602
f 419/511/509 107/510/508 898/904/880
f 692/441/440 810/502/500 102/501/499
f 731/905/881 1048/906/882 727/907/883
f 737/636/632 745/662/657 744/908/884
f 423/802/792 294/141/141 421/801/791
f 263/140/140 421/801/791 294/141/141
f 422/644/640 785/643/639 988/909/885
f 422/644/640 146/615/611 141/896/626
f 348/859/845 294/141/141 423/802/792
f 343/214/214 348/859/845 423/802/792
f 419/511/509 898/904/880 424/899/875
f 94/439/438 426/450/448 424/899/875
f 204/732/723 205/68/68 425/731/722
f 425/731/722 205/68/68 14/67/67
f 190/438/437 419/511/509 426/450/448
f 426/450/448 419/511/509 424/899/875
f 822/151/151 285/143/143 427/136/136
f 822/151/151 427/136/136 34/152/152
f 682/910/886 428/911/638 786/912/637
f 161/672/665 843/913/887 1007/605/601
f 9/32/32 429/15/15 164/36/36
f 164/36/36 429/15/15 374/17/17
f 430/467/465 758/704/696 362/705/697
f 191/417/416 430/467/465 362/705/697
f 10/679/672 164/36/36 431/35/35
f 10/679/672 431/35/35 13/59/59
f 432/625/621 510/627/623 145/608/604
f 715/914/888 145/608/604 456/915/889
f 908/658/653 151/264/264 906/916/890
f 604/917/891 771/222/222 643/277/277
f 604/917/891 449/918/892 444/919/893
f 931/452/450 442/920/894 486/921/895
f 480/436/435 435/922/896 433/923/897
f 449/918/892 783/924/898 444/919/893
f 639/521/519 706/925/899 477/926/900
f 1000/927/901 459/928/902 706/925/899
f 901/929/903 437/847/834 448/930/904
f 956/931/905 438/932/906 957/933/907
f 448/930/904 437/847/834 438/932/906
f 717/381/328 437/847/834 825/849/836
f 195/709/701 439/934/908 462/710/702
f 196/713/705 739/935/909 460/936/910
f 623/937/911 908/658/653 906/916/890
f 1000/927/901 968/408/407 459/928/902
f 145/608/604 441/938/912 130/609/605
f 130/609/605 960/513/511 365/512/510
f 442/920/894 449/918/892 604/917/891
f 81/428/427 458/427/426 434/939/913
f 461/940/914 443/232/232 831/220/220
f 54/233/233 443/232/232 770/941/915
f 461/940/914 770/941/915 443/232/232
f 783/924/898 770/941/915 461/940/914
f 135/714/706 445/619/615 200/719/711
f 460/936/910 135/714/706 196/713/705
f 445/619/615 446/942/916 140/620/616
f 739/935/909 452/943/917 460/936/910
f 450/944/918 90/431/430 447/346/346
f 447/346/346 90/431/430 863/433/432
f 434/939/913 956/931/905 81/428/427
f 879/945/919 81/428/427 956/931/905
f 931/452/450 449/918/892 442/920/894
f 435/922/896 449/918/892 931/452/450
f 450/944/918 850/430/429 90/431/430
f 835/307/307 732/306/306 178/371/371
f 451/946/920 908/658/653 623/937/911
f 851/407/406 440/331/331 968/408/407
f 445/619/615 452/943/917 446/942/916
f 792/593/589 353/622/618 793/868/854
f 986/221/221 831/220/220 453/192/192
f 598/947/921 455/948/922 826/949/923
f 455/948/922 599/171/171 681/170/170
f 826/949/923 455/948/922 681/170/170
f 298/199/199 605/882/862 608/950/924
f 598/947/921 298/199/199 608/950/924
f 145/608/604 140/620/616 456/915/889
f 446/942/916 456/915/889 140/620/616
f 464/618/614 1017/624/620 316/591/587
f 316/591/587 1017/624/620 846/831/819
f 486/921/895 442/920/894 458/427/426
f 458/427/426 442/920/894 434/939/913
f 459/928/902 923/435/434 706/925/899
f 435/922/896 917/951/925 449/918/892
f 460/936/910 452/943/917 445/619/615
f 135/714/706 460/936/910 445/619/615
f 783/924/898 461/940/914 444/919/893
f 461/940/914 831/220/220 771/222/222
f 462/710/702 439/934/908 196/713/705
f 462/710/702 196/713/705 755/712/704
f 184/429/428 463/482/480 930/697/689
f 463/482/480 186/698/690 930/697/689
f 200/719/711 445/619/615 464/618/614
f 133/600/596 200/719/711 464/618/614
f 915/952/926 977/395/394 467/953/927
f 641/469/467 467/953/927 987/954/928
f 561/426/425 81/428/427 879/945/919
f 555/826/814 314/380/380 95/382/381
f 700/397/396 974/955/929 596/956/930
f 700/397/396 897/957/931 595/841/829
f 468/463/461 179/462/460 1027/375/375
f 391/836/824 878/835/823 775/881/861
f 542/496/494 469/460/458 847/958/932
f 847/958/932 470/959/933 972/960/934
f 847/958/932 469/460/458 470/959/933
f 977/395/394 702/961/935 870/396/395
f 979/172/172 471/173/173 46/224/224
f 729/238/238 66/225/225 46/224/224
f 477/926/900 706/925/899 472/528/526
f 134/604/600 912/578/574 773/962/936
f 900/547/543 473/963/937 512/548/544
f 475/964/938 478/383/382 129/529/527
f 800/965/939 112/531/529 484/543/539
f 483/966/940 112/531/529 800/965/939
f 112/531/529 483/966/940 475/964/938
f 475/964/938 129/529/527 112/531/529
f 476/967/941 129/529/527 473/963/937
f 806/597/593 129/529/527 476/967/941
f 477/926/900 472/528/526 1069/590/586
f 853/968/942 777/522/520 1069/590/586
f 129/529/527 478/383/382 473/963/937
f 473/963/937 478/383/382 86/385/384
f 609/969/943 458/427/426 479/488/486
f 479/488/486 489/970/944 100/453/451
f 912/578/574 485/527/525 118/545/541
f 488/451/449 100/453/451 489/970/944
f 729/238/238 481/240/240 66/225/225
f 66/225/225 874/351/351 797/302/302
f 318/971/945 482/972/946 483/966/940
f 809/360/360 483/966/940 482/972/946
f 474/464/462 468/463/461 483/966/940
f 483/966/940 468/463/461 318/971/945
f 439/934/908 484/543/539 196/713/705
f 752/479/477 484/543/539 439/934/908
f 921/526/524 480/436/435 493/973/947
f 480/436/435 433/923/897 493/973/947
f 931/452/450 486/921/895 100/453/451
f 609/969/943 486/921/895 458/427/426
f 946/223/223 66/225/225 487/256/256
f 487/256/256 66/225/225 797/302/302
f 485/527/525 488/451/449 489/970/944
f 921/526/524 493/973/947 485/527/525
f 118/545/541 489/970/944 479/488/486
f 485/527/525 489/970/944 118/545/541
f 610/271/271 490/974/948 61/243/243
f 600/975/949 61/243/243 490/974/948
f 252/749/739 232/4/4 491/734/725
f 491/734/725 232/4/4 8/681/674
f 112/531/529 492/530/528 484/543/539
f 492/530/528 792/593/589 739/935/909
f 485/527/525 493/973/947 488/451/449
f 493/973/947 433/923/897 488/451/449
f 7/39/39 206/41/41 494/53/53
f 12/52/52 7/39/39 494/53/53
f 308/821/810 51/259/259 495/815/804
f 919/807/797 309/809/799 308/822/810
f 872/359/359 74/309/309 815/976/950
f 1054/369/369 637/368/368 613/461/459
f 497/38/38 678/977/951 724/62/62
f 506/69/69 845/71/71 701/978/952
f 941/979/953 807/621/617 498/980/954
f 616/981/955 855/579/575 950/982/956
f 126/565/561 499/525/523 123/566/562
f 687/983/957 892/984/958 951/572/568
f 522/46/46 894/48/48 767/985/959
f 981/986/960 11/987/961 914/49/49
f 86/385/384 1002/384/383 501/988/962
f 533/834/822 530/989/963 1001/990/964
f 105/542/538 718/991/965 219/736/726
f 508/514/512 720/992/966 503/515/513
f 219/736/726 718/991/965 527/993/967
f 859/994/968 695/330/330 440/331/331
f 1040/995/969 504/23/23 688/25/25
f 794/20/20 1018/19/19 817/22/22
f 102/501/499 545/535/533 514/996/970
f 278/355/355 911/997/971 936/998/972
f 954/999/973 500/57/57 712/1000/974
f 989/1001/975 954/999/973 767/985/959
f 125/1002/976 685/1003/977 626/561/557
f 125/1002/976 791/596/592 1009/598/594
f 853/968/942 1069/590/586 543/589/585
f 543/589/585 108/516/514 116/520/518
f 509/1004/978 597/1005/979 635/1006/980
f 117/1007/981 969/504/502 820/1008/982
f 145/608/604 510/627/623 441/938/912
f 1022/1009/983 820/1008/982 969/504/502
f 669/725/716 511/638/634 142/640/636
f 227/1010/984 654/586/582 534/587/583
f 512/548/544 473/963/937 784/1011/985
f 676/1012/986 629/1013/987 80/378/378
f 687/983/957 513/500/498 892/984/958
f 117/1007/981 621/1014/988 969/504/502
f 514/996/970 545/535/533 505/490/488
f 936/998/972 505/490/488 937/784/774
f 389/889/869 36/890/870 515/883/863
f 640/235/235 529/237/237 672/1015/989
f 516/878/858 17/804/794 372/64/64
f 866/27/27 4/26/26 688/25/25
f 840/629/625 899/1016/990 137/569/565
f 810/502/500 858/1017/991 997/1018/992
f 577/1019/993 801/391/390 75/1020/994
f 572/373/373 94/439/438 415/900/876
f 861/43/43 867/7/7 633/44/44
f 6/748/738 660/751/741 867/7/7
f 586/348/348 585/1021/995 518/349/349
f 571/902/878 576/367/367 580/321/321
f 680/1022/996 1011/1023/997 521/1024/998
f 521/1024/998 562/532/530 325/1025/999
f 790/12/12 862/1026/1000 933/13/13
f 1/9/9 868/1027/1001 2/11/11
f 128/1028/1002 747/823/811 558/825/813
f 547/617/613 746/616/612 751/1029/1003
f 550/603/599 134/604/600 773/962/936
f 559/1030/1004 549/1031/1005 751/1029/1003
f 773/962/936 912/578/574 523/544/540
f 523/544/540 568/1032/1006 773/962/936
f 953/1033/1007 526/283/283 1072/267/267
f 71/336/336 1071/1034/1008 85/334/334
f 720/992/966 860/1035/1009 503/515/513
f 976/1036/1010 440/331/331 851/407/406
f 642/833/821 948/1037/1011 533/834/822
f 317/1038/1012 844/741/731 804/727/718
f 728/254/254 529/237/237 671/236/236
f 721/202/202 730/201/201 722/1039/1013
f 890/1040/1014 1001/990/964 530/989/963
f 703/300/300 934/1041/1015 761/290/290
f 873/358/358 69/295/295 74/309/309
f 998/289/289 658/291/291 883/1042/1016
f 953/1033/1007 532/284/284 526/283/283
f 529/237/237 728/254/254 722/1039/1013
f 971/1043/1017 1061/217/217 650/216/216
f 528/832/820 1033/1044/1018 803/113/113
f 511/638/634 534/587/583 550/603/599
f 227/1010/984 534/587/583 511/638/634
f 687/983/957 499/525/523 869/1045/1019
f 628/1046/1020 499/525/523 687/983/957
f 626/561/557 685/1003/977 705/550/546
f 1024/1047/1021 537/1048/1022 106/524/522
f 1024/1047/1021 536/1049/1023 537/1048/1022
f 709/1050/1024 837/455/453 536/1049/1023
f 686/546/542 512/548/544 538/1051/1025
f 512/548/544 784/1011/985 538/1051/1025
f 466/489/487 568/1032/1006 523/544/540
f 314/380/380 555/826/814 557/1052/1026
f 1036/1053/1027 708/410/409 540/518/516
f 837/455/453 709/1050/1024 98/421/420
f 887/342/342 502/344/344 541/737/727
f 718/991/965 696/1054/1028 860/1035/1009
f 869/1045/1019 542/496/494 535/498/496
f 537/1048/1022 802/458/456 106/524/522
f 508/514/512 543/589/585 534/587/583
f 543/589/585 508/514/512 108/516/514
f 75/1020/994 574/1055/1029 577/1019/993
f 935/353/353 582/1056/1030 75/1020/994
f 545/535/533 995/1057/1031 632/536/534
f 997/1018/992 858/1017/991 995/1057/1031
f 6/748/738 225/747/737 546/750/740
f 716/2/2 666/77/77 546/750/740
f 725/1058/1032 146/615/611 547/617/613
f 939/792/782 725/1059/1032 726/477/475
f 548/491/489 725/1059/1032 795/492/490
f 632/536/534 517/628/624 141/630/626
f 560/1060/1033 734/1061/1034 525/1062/1035
f 1016/1063/1036 560/1060/1033 772/1064/1037
f 746/616/612 559/1030/1004 751/1029/1003
f 524/639/635 511/638/634 743/1065/1038
f 88/411/410 551/478/476 103/412/411
f 555/826/814 742/827/815 558/825/813
f 552/786/776 583/793/783 280/219/219
f 553/319/319 578/1066/1039 65/787/777
f 552/786/776 279/293/293 1046/292/292
f 552/786/776 1046/292/292 583/793/783
f 324/552/548 114/850/837 554/851/838
f 324/552/548 554/851/838 564/553/549
f 539/824/812 555/826/814 558/825/813
f 1016/1063/1036 557/1052/1026 555/826/814
f 521/1024/998 325/1025/999 556/454/452
f 563/854/841 994/853/840 325/1025/999
f 466/489/487 1056/1067/1040 568/1032/1006
f 466/489/487 458/427/426 561/426/425
f 551/539/476 558/825/813 103/1068/411
f 128/1028/1002 558/825/813 551/539/476
f 743/1065/1038 511/638/634 550/603/599
f 550/603/599 773/962/936 734/1061/1034
f 560/1060/1033 549/1031/1005 734/1061/1034
f 560/1060/1033 539/824/812 747/823/811
f 466/489/487 561/426/425 1056/1067/1040
f 561/426/425 879/945/919 557/1052/1026
f 521/1024/998 1011/1023/997 562/532/530
f 1011/1023/997 342/685/678 952/864/850
f 563/854/841 325/1025/999 114/850/837
f 332/444/443 563/854/841 114/850/837
f 567/564/560 197/581/577 564/553/549
f 564/553/549 197/581/577 565/717/709
f 925/871/855 197/1069/577 132/872/707
f 132/872/707 927/602/598 925/871/855
f 114/850/837 325/1025/999 566/534/532
f 325/1025/999 562/532/530 566/534/532
f 554/851/838 566/534/532 567/564/560
f 554/851/838 567/564/560 564/553/549
f 1016/1063/1036 539/824/812 560/1060/1033
f 539/824/812 1016/1063/1036 555/826/814
f 974/955/929 67/325/325 836/781/771
f 974/955/929 836/781/771 766/1070/1041
f 570/487/485 1011/1023/997 680/1022/996
f 447/346/346 863/433/432 1020/347/347
f 571/902/878 417/1071/1042 416/365/365
f 553/319/319 417/1071/1042 581/320/320
f 77/372/372 572/373/373 518/349/349
f 577/1019/993 572/373/373 415/900/876
f 573/285/285 586/348/348 579/350/350
f 573/285/285 65/787/777 578/1066/1039
f 281/288/288 544/286/286 582/1056/1030
f 573/285/285 579/350/350 544/286/286
f 575/1072/1043 553/319/319 65/787/777
f 575/1072/1043 857/294/294 553/319/319
f 576/367/367 1008/366/366 584/1073/1044
f 580/321/321 576/367/367 584/1073/1044
f 518/349/349 572/373/373 577/1019/993
f 574/1055/1029 518/349/349 577/1019/993
f 578/1066/1039 520/1074/1045 573/285/285
f 580/321/321 585/1021/995 520/1074/1045
f 518/349/349 574/1055/1029 579/350/350
f 544/286/286 579/350/350 582/1056/1030
f 578/1066/1039 580/321/321 520/1074/1045
f 578/1066/1039 553/319/319 580/321/321
f 581/320/320 571/902/878 580/321/321
f 581/320/320 417/1071/1042 571/902/878
f 582/1056/1030 574/1055/1029 75/1020/994
f 579/350/350 574/1055/1029 582/1056/1030
f 583/793/783 65/787/777 287/287/287
f 583/793/783 575/1072/1043 65/787/777
f 584/1073/1044 1008/366/366 77/372/372
f 585/1021/995 77/372/372 518/349/349
f 585/1021/995 584/1073/1044 77/372/372
f 580/321/321 584/1073/1044 585/1021/995
f 585/1021/995 586/348/348 520/1074/1045
f 573/285/285 520/1074/1045 586/348/348
f 587/109/109 19/92/92 29/100/100
f 427/136/136 991/145/145 29/100/100
f 588/111/111 983/93/93 19/92/92
f 587/109/109 588/111/111 19/92/92
f 306/154/154 311/160/160 589/800/790
f 285/143/143 306/154/154 590/144/144
f 306/154/154 589/800/790 590/144/144
f 589/800/790 592/820/809 590/144/144
f 30/798/788 297/796/786 591/110/110
f 310/799/789 30/798/788 592/820/809
f 592/820/809 30/798/788 591/110/110
f 590/144/144 592/820/809 591/110/110
f 593/689/682 182/699/691 355/690/683
f 593/689/682 186/698/690 182/699/691
f 180/432/431 594/696/688 188/688/681
f 188/688/681 594/696/688 357/695/687
f 595/841/829 319/839/827 816/1075/1046
f 595/841/829 897/957/931 319/839/827
f 974/955/929 766/1070/1041 596/956/930
f 897/957/931 973/312/312 814/311/311
f 509/1004/978 96/470/468 597/1005/979
f 816/1075/1046 319/839/827 895/838/826
f 44/768/758 298/199/199 598/947/921
f 826/949/923 602/234/234 598/947/921
f 455/948/922 515/883/863 599/171/171
f 36/890/870 672/1015/989 515/883/863
f 259/280/280 268/241/241 600/975/949
f 268/241/241 61/243/243 600/975/949
f 601/887/867 395/891/871 605/882/862
f 383/198/198 606/888/868 605/882/862
f 602/234/234 54/233/233 44/768/758
f 44/768/758 598/947/921 602/234/234
f 53/1076/1047 453/192/192 603/191/191
f 437/847/834 53/1076/1047 808/848/835
f 956/931/905 434/939/913 901/929/903
f 442/920/894 901/929/903 434/939/913
f 605/882/862 389/889/869 515/883/863
f 395/891/871 389/889/869 605/882/862
f 385/169/169 601/887/867 606/888/868
f 601/887/867 605/882/862 606/888/868
f 605/882/862 607/884/864 608/950/924
f 607/884/864 515/883/863 455/948/922
f 608/950/924 607/884/864 455/948/922
f 598/947/921 608/950/924 455/948/922
f 100/453/451 486/921/895 609/969/943
f 100/453/451 609/969/943 479/488/486
f 341/310/310 610/271/271 322/844/831
f 322/844/831 610/271/271 333/862/848
f 649/1077/1048 1025/248/248 764/239/239
f 73/339/339 612/335/335 830/1078/1049
f 611/266/266 1072/267/267 612/335/335
f 612/335/335 73/339/339 611/266/266
f 613/461/459 802/458/456 496/457/455
f 613/461/459 815/976/950 1054/369/369
f 497/38/38 614/61/61 5/24/24
f 5/24/24 964/29/29 978/31/31
f 1073/1079/1050 126/565/561 615/567/563
f 941/979/953 990/1080/1051 889/1081/1052
f 616/981/955 905/580/576 855/579/575
f 1073/1079/1050 615/567/563 889/1081/1052
f 617/21/21 11/987/961 981/986/960
f 933/13/13 862/1026/1000 767/985/959
f 618/112/112 967/770/760 39/179/179
f 848/1082/1053 618/112/112 39/179/179
f 284/227/227 619/794/784 289/785/775
f 284/227/227 871/228/228 788/316/316
f 510/627/623 699/626/622 620/582/578
f 510/627/623 620/582/578 1022/1009/983
f 892/984/958 513/500/498 621/1014/988
f 513/500/498 465/499/497 621/1014/988
f 504/23/23 622/37/37 5/24/24
f 617/21/21 981/986/960 817/22/22
f 459/928/902 968/408/407 623/937/911
f 917/951/925 783/924/898 449/918/892
f 624/442/441 692/441/440 102/501/499
f 278/355/355 1015/387/386 911/997/971
f 625/354/354 75/1020/994 801/391/390
f 935/353/353 75/1020/994 625/354/354
f 507/611/607 626/561/557 945/588/584
f 1042/610/606 627/623/619 507/611/607
f 627/623/619 125/1002/976 626/561/557
f 507/611/607 627/623/619 626/561/557
f 1039/1083/1054 123/566/562 628/1046/1020
f 123/566/562 499/525/523 628/1046/1020
f 784/1011/985 629/1013/987 833/484/482
f 784/1011/985 501/988/962 1045/357/357
f 630/107/107 32/138/138 25/137/137
f 651/106/106 630/107/107 631/122/122
f 631/122/122 25/137/137 282/155/155
f 630/107/107 25/137/137 631/122/122
f 632/536/534 141/630/626 548/491/489
f 505/490/488 632/536/534 548/491/489
f 633/44/44 1041/82/82 18/81/81
f 780/1084/1055 1053/79/79 1044/80/80
f 469/460/458 634/1085/1056 824/1086/1057
f 469/460/458 613/461/459 634/1085/1056
f 635/1006/980 1022/1009/983 509/1004/978
f 130/609/605 1022/1009/983 960/513/511
f 415/900/876 424/899/875 636/440/439
f 577/1019/993 415/900/876 801/391/390
f 634/1085/1056 613/461/459 637/368/368
f 702/961/935 1050/324/324 569/326/326
f 633/44/44 18/81/81 638/45/45
f 638/45/45 18/81/81 886/90/90
f 1000/927/901 799/409/408 968/408/407
f 116/520/518 799/409/408 1000/927/901
f 36/890/870 691/886/866 672/1015/989
f 388/885/865 691/886/866 36/890/870
f 915/952/926 467/953/927 641/469/467
f 465/499/497 641/469/467 621/1014/988
f 642/833/821 1075/362/362 1074/361/361
f 482/972/946 318/971/945 878/835/823
f 901/929/903 643/277/277 437/847/834
f 643/277/277 986/221/221 437/847/834
f 659/299/299 1058/352/352 874/351/351
f 829/852/839 92/420/419 556/454/452
f 645/317/317 329/389/388 663/901/877
f 871/228/228 690/343/343 645/317/317
f 646/789/779 60/788/778 935/353/353
f 875/226/226 821/251/251 675/253/253
f 159/668/662 139/671/630 647/670/664
f 139/634/630 150/633/629 648/635/631
f 884/557/553 647/670/664 733/558/554
f 647/670/664 139/671/630 733/558/554
f 1068/200/200 721/202/202 471/173/173
f 471/173/173 721/202/202 46/224/224
f 971/1043/1017 650/216/216 530/989/963
f 703/300/300 530/989/963 934/1041/1015
f 1026/1087/1058 651/106/106 631/122/122
f 762/119/119 678/977/951 1026/1087/1058
f 397/229/229 652/282/282 387/255/255
f 532/284/284 387/255/255 652/282/282
f 537/1048/1022 653/459/457 802/458/456
f 536/1049/1023 837/455/453 537/1048/1022
f 227/1010/984 219/736/726 654/586/582
f 219/736/726 527/993/967 720/992/966
f 1042/610/606 655/612/608 498/980/954
f 1073/1079/1050 944/1088/1059 1059/560/556
f 656/301/301 761/290/290 998/289/289
f 629/1013/987 656/301/301 80/378/378
f 147/649/644 657/648/643 161/672/665
f 999/574/570 943/652/647 161/672/665
f 883/1042/1016 881/247/247 69/295/295
f 69/295/295 881/247/247 63/296/296
f 78/418/417 92/420/419 659/299/299
f 659/299/299 92/420/419 644/392/391
f 867/7/7 660/751/741 633/44/44
f 1053/79/79 780/1084/1055 633/44/44
f 975/746/736 661/86/86 224/744/734
f 661/86/86 769/146/146 913/147/147
f 88/411/410 361/356/356 662/322/322
f 939/792/782 88/411/410 662/322/322
f 663/901/877 329/389/388 152/388/387
f 663/901/877 1065/399/398 82/398/397
f 1004/790/780 282/155/155 664/209/209
f 42/206/206 664/209/209 282/155/155
f 1066/846/833 808/1089/835 665/269/269
f 805/183/183 603/1090/191 301/813/802
f 661/86/86 666/77/77 1014/66/66
f 1014/66/66 666/77/77 716/2/2
f 667/898/874 418/1091/1060 137/569/565
f 838/903/879 668/1092/1061 418/1091/1060
f 144/645/627 668/1093/1061 785/643/639
f 418/1091/1060 668/1092/1061 144/631/627
f 669/725/716 227/1010/984 511/638/634
f 849/752/742 219/736/726 227/1010/984
f 670/278/278 259/280/280 67/325/325
f 1005/297/297 67/325/325 1050/324/324
f 671/236/236 384/230/230 387/255/255
f 671/236/236 41/189/189 384/230/230
f 1068/200/200 471/173/173 599/171/171
f 515/883/863 1068/200/200 599/171/171
f 334/875/547 673/861/847 368/1094/1062
f 368/1094/1062 714/413/412 819/406/405
f 789/1095/1063 694/1096/1064 674/1097/1065
f 1033/1044/1018 528/832/820 789/1095/1063
f 675/253/253 822/151/151 842/135/135
f 293/791/781 664/209/209 993/795/785
f 833/484/482 629/1013/987 676/1012/986
f 833/484/482 676/1012/986 708/410/409
f 98/421/420 87/386/385 677/422/421
f 87/386/385 984/1098/1066 677/422/421
f 701/978/952 845/71/71 678/977/951
f 678/977/951 845/71/71 1026/1087/1058
f 679/337/337 1034/424/423 1006/425/424
f 73/339/339 830/1078/1049 679/337/337
f 85/334/334 570/487/485 680/1022/996
f 830/1078/1049 1034/424/423 679/337/337
f 681/170/170 305/175/175 454/174/174
f 681/170/170 454/174/174 826/949/923
f 121/576/572 1007/605/601 414/577/573
f 121/576/572 161/672/665 1007/605/601
f 788/316/316 962/318/318 683/333/333
f 619/794/784 683/333/333 279/293/293
f 286/133/133 34/152/152 684/73/73
f 34/152/152 427/136/136 966/102/102
f 888/519/517 536/1049/1023 1023/1099/1067
f 536/1049/1023 888/519/517 540/518/516
f 1009/598/594 686/546/542 125/1002/976
f 125/1002/976 686/546/542 685/1003/977
f 687/983/957 535/498/496 513/500/498
f 535/498/496 687/983/957 869/1045/1019
f 866/27/27 688/25/25 516/878/858
f 688/25/25 5/24/24 978/31/31
f 361/356/356 689/340/340 72/323/323
f 776/261/261 1067/268/268 291/270/270
f 903/675/668 690/343/343 166/364/364
f 645/317/317 690/343/343 329/389/388
f 672/1015/989 691/886/866 640/235/235
f 41/189/189 640/235/235 691/886/866
f 424/899/875 898/904/880 692/441/440
f 636/440/439 424/899/875 692/441/440
f 844/741/731 317/1038/1012 693/167/167
f 948/1037/1011 317/1038/1012 1070/1100/1068
f 693/167/167 317/1038/1012 948/1037/1011
f 1035/837/825 948/1037/1011 878/835/823
f 502/344/344 696/1054/1028 541/737/727
f 502/344/344 76/314/314 696/1054/1028
f 696/1054/1028 695/330/330 859/994/968
f 696/1054/1028 76/314/314 695/330/330
f 683/333/333 697/332/332 857/294/294
f 857/294/294 697/332/332 856/401/400
f 698/249/249 1025/248/248 649/1077/1048
f 46/224/224 721/202/202 729/238/238
f 699/626/622 127/571/567 620/582/578
f 1039/1083/1054 855/579/575 123/566/562
f 977/395/394 700/397/396 467/953/927
f 467/953/927 700/397/396 987/954/928
f 701/978/952 678/977/951 497/38/38
f 622/37/37 1063/50/50 497/38/38
f 634/1085/1056 702/961/935 824/1086/1057
f 634/1085/1056 1050/324/324 702/961/935
f 501/988/962 703/300/300 1045/357/357
f 890/1040/1014 530/989/963 703/300/300
f 821/251/251 60/788/778 646/789/779
f 646/789/779 278/355/355 932/783/773
f 705/550/546 685/1003/977 1023/1099/1067
f 705/550/546 1023/1099/1067 499/525/523
f 706/925/899 921/526/524 472/528/526
f 706/925/899 923/435/434 436/434/433
f 707/134/134 1004/790/780 293/791/781
f 26/123/123 1064/121/121 23/120/120
f 98/421/420 540/518/516 708/410/409
f 98/421/420 708/410/409 87/386/385
f 540/518/516 709/1050/1024 536/1049/1023
f 540/518/516 98/421/420 709/1050/1024
f 680/1022/996 521/1024/998 710/419/418
f 521/1024/998 556/454/452 710/419/418
f 407/56/56 1031/114/114 877/894/873
f 712/1000/974 500/57/57 407/56/56
f 712/1000/974 711/70/70 506/69/69
f 712/1000/974 407/56/56 877/894/873
f 326/592/588 111/855/842 713/555/551
f 111/855/842 115/471/469 841/414/413
f 368/1094/1062 673/861/847 714/413/412
f 673/861/847 713/555/551 714/413/412
f 715/914/888 432/625/621 145/608/604
f 941/979/953 889/1081/1052 950/982/956
f 225/747/737 716/2/2 546/750/740
f 716/2/2 225/747/737 406/3/3
f 717/381/328 957/933/907 438/932/906
f 717/381/328 438/932/906 437/847/834
f 541/737/727 696/1054/1028 718/991/965
f 813/495/493 541/737/727 718/991/965
f 428/642/638 719/637/633 736/1101/1069
f 843/913/887 428/911/638 682/910/886
f 654/586/582 219/736/726 720/992/966
f 654/586/582 720/992/966 508/514/512
f 721/202/202 698/249/249 649/1077/1048
f 721/202/202 722/1039/1013 698/249/249
f 722/1039/1013 532/284/284 953/1033/1007
f 698/249/249 722/1039/1013 59/250/250
f 737/636/632 150/633/629 745/662/657
f 150/633/629 143/660/655 745/662/657
f 684/73/73 724/62/62 286/133/133
f 724/62/62 678/977/951 762/119/119
f 141/630/626 725/1059/1032 548/491/489
f 141/896/626 146/615/611 725/1058/1032
f 725/1058/1032 547/617/613 726/537/475
f 547/617/613 749/538/535 726/537/475
f 1049/647/642 142/640/636 524/639/635
f 723/657/652 142/640/636 744/908/884
f 722/1039/1013 728/254/254 532/284/284
f 728/254/254 387/255/255 532/284/284
f 729/238/238 649/1077/1048 764/239/239
f 729/238/238 721/202/202 649/1077/1048
f 672/1015/989 529/237/237 730/201/201
f 722/1039/1013 730/201/201 529/237/237
f 731/905/881 727/907/883 750/646/641
f 988/909/885 750/646/641 422/644/640
f 732/306/306 84/374/374 89/370/370
f 775/881/861 84/374/374 732/306/306
f 733/558/554 648/1102/631 719/1103/633
f 139/671/630 648/1102/631 733/558/554
f 734/1061/1034 748/1104/1070 550/603/599
f 559/1030/1004 734/1061/1034 549/1031/1005
f 735/756/746 414/577/573 667/898/874
f 236/575/571 414/577/573 735/756/746
f 785/643/639 1048/906/882 988/909/885
f 737/636/632 744/908/884 420/1105/1071
f 737/636/632 420/1105/1071 736/1101/1069
f 719/637/633 737/636/632 736/1101/1069
f 107/510/508 738/568/564 110/570/566
f 109/509/507 738/568/564 107/510/508
f 484/543/539 492/530/528 739/935/909
f 196/713/705 484/543/539 739/935/909
f 740/707/699 754/711/703 199/708/700
f 757/481/479 194/508/506 740/707/699
f 741/480/478 185/507/505 757/481/479
f 185/507/505 741/480/478 1019/376/376
f 103/1068/411 558/825/813 742/827/815
f 103/412/411 742/869/815 361/356/356
f 524/639/635 748/1104/1070 559/1030/1004
f 559/1030/1004 748/1104/1070 734/1061/1034
f 1047/1106/1072 420/1105/1071 744/908/884
f 1047/1106/1072 744/908/884 142/640/636
f 745/662/657 214/661/656 723/657/652
f 744/908/884 745/662/657 723/657/652
f 524/639/635 559/1030/1004 746/616/612
f 750/646/641 524/639/635 746/616/612
f 549/1031/1005 560/1060/1033 747/823/811
f 128/1028/1002 549/1031/1005 747/823/811
f 524/639/635 743/1065/1038 748/1104/1070
f 748/1104/1070 743/1065/1038 550/603/599
f 547/617/613 751/1029/1003 749/538/535
f 749/538/535 128/1028/1002 551/539/476
f 422/644/640 750/646/641 146/615/611
f 146/615/611 750/646/641 746/616/612
f 751/1029/1003 549/1031/1005 128/1028/1002
f 749/538/535 751/1029/1003 128/1028/1002
f 754/711/703 752/479/477 195/709/701
f 439/934/908 195/709/701 752/479/477
f 753/632/628 143/660/655 150/633/629
f 218/735/579 143/660/655 753/632/628
f 754/711/703 194/508/506 752/479/477
f 194/508/506 754/711/703 740/707/699
f 755/712/704 198/718/710 199/708/700
f 198/718/710 755/712/704 135/714/706
f 756/165/165 351/116/116 35/168/168
f 220/738/728 351/116/116 756/165/165
f 757/481/479 740/707/699 186/698/690
f 463/482/480 757/481/479 186/698/690
f 189/706/698 758/704/696 430/467/465
f 189/706/698 193/651/646 758/704/696
f 383/198/198 759/197/197 606/888/868
f 383/198/198 251/195/195 759/197/197
f 33/157/157 760/778/768 272/193/193
f 269/774/764 760/778/768 33/157/157
f 761/290/290 934/1041/1015 57/181/181
f 57/181/181 45/180/180 910/205/205
f 286/133/133 762/119/119 707/134/134
f 724/62/62 762/119/119 286/133/133
f 349/865/851 763/860/846 348/859/845
f 350/272/272 763/860/846 349/865/851
f 764/239/239 1025/248/248 73/339/339
f 818/338/338 904/298/298 73/339/339
f 211/677/670 10/679/672 765/58/58
f 765/58/58 10/679/672 13/59/59
f 766/1070/1041 973/312/312 897/957/931
f 766/1070/1041 600/975/949 973/312/312
f 767/985/959 954/999/973 11/987/961
f 767/985/959 11/987/961 617/21/21
f 966/102/102 16/101/101 768/74/74
f 16/101/101 19/92/92 876/30/30
f 27/125/125 248/124/124 769/146/146
f 401/88/88 27/125/125 769/146/146
f 623/937/911 906/916/890 770/941/915
f 770/941/915 56/276/276 54/233/233
f 444/919/893 461/940/914 771/222/222
f 444/919/893 771/222/222 604/917/891
f 772/1064/1037 560/1060/1033 525/1062/1035
f 773/962/936 568/1032/1006 772/1064/1037
f 773/962/936 772/1064/1037 525/1062/1035
f 734/1061/1034 773/962/936 525/1062/1035
f 774/28/28 372/64/64 370/63/63
f 370/63/63 373/879/859 774/28/28
f 1027/375/375 84/374/374 775/881/861
f 775/881/861 878/835/823 1027/375/375
f 689/340/340 776/261/261 72/323/323
f 704/263/263 72/323/323 776/261/261
f 777/522/520 477/926/900 1069/590/586
f 777/522/520 639/521/519 477/926/900
f 64/684/677 796/244/244 778/246/246
f 64/684/677 778/246/246 835/307/307
f 779/104/104 247/128/128 24/127/127
f 22/83/83 779/104/104 24/127/127
f 1044/80/80 519/103/103 780/1084/1055
f 22/83/83 1041/82/82 519/103/103
f 963/308/308 781/345/345 526/283/283
f 1072/267/267 526/283/283 1071/1034/1008
f 782/449/447 147/649/644 249/650/645
f 82/398/397 902/400/399 249/650/645
f 623/937/911 770/941/915 783/924/898
f 623/937/911 783/924/898 917/951/925
f 473/963/937 86/385/384 784/1011/985
f 86/385/384 501/988/962 784/1011/985
f 736/1101/1069 1048/906/882 785/643/639
f 428/642/638 736/1101/1069 785/643/639
f 786/641/637 785/643/639 668/1093/1061
f 682/910/886 786/912/637 668/1092/1061
f 221/186/186 224/744/734 787/740/730
f 913/147/147 224/744/734 661/86/86
f 683/333/333 619/794/784 788/316/316
f 284/227/227 788/316/316 619/794/784
f 533/834/822 694/1096/1064 789/1095/1063
f 533/834/822 971/1043/1017 530/989/963
f 2/11/11 790/12/12 429/15/15
f 2/11/11 862/1026/1000 790/12/12
f 791/596/592 125/1002/976 627/623/619
f 353/622/618 791/596/592 627/623/619
f 446/942/916 452/943/917 792/593/589
f 452/943/917 739/935/909 792/593/589
f 446/942/916 793/868/854 456/915/889
f 446/942/916 792/593/589 793/868/854
f 980/18/18 794/20/20 4/26/26
f 794/20/20 817/22/22 1040/995/969
f 937/784/774 795/492/490 283/1107/1073
f 938/1108/1074 662/322/322 959/782/772
f 796/244/244 390/149/149 382/148/148
f 796/244/244 403/867/853 390/149/149
f 797/302/302 644/392/391 320/394/393
f 798/842/817 797/302/302 320/394/393
f 320/394/393 83/445/403 798/842/817
f 798/829/817 83/404/403 985/830/818
f 108/516/514 503/515/513 799/409/408
f 108/516/514 799/409/408 116/520/518
f 484/543/539 474/464/462 800/965/939
f 800/965/939 474/464/462 483/966/940
f 415/900/876 636/440/439 801/391/390
f 801/391/390 636/440/439 624/442/441
f 542/496/494 802/458/456 469/460/458
f 869/1045/1019 802/458/456 542/496/494
f 255/105/105 803/113/113 337/95/95
f 804/727/718 337/95/95 803/113/113
f 1033/1044/1018 804/727/718 803/113/113
f 317/1038/1012 804/727/718 1070/1100/1068
f 665/269/269 808/1089/835 805/183/183
f 665/269/269 805/183/183 285/143/143
f 353/622/618 806/597/593 791/596/592
f 792/593/589 806/597/593 353/622/618
f 456/915/889 807/621/617 941/979/953
f 456/915/889 793/868/854 807/621/617
f 805/183/183 808/1089/835 603/1090/191
f 808/848/835 53/1076/1047 603/191/191
f 478/383/382 475/964/938 809/360/360
f 483/966/940 809/360/360 475/964/938
f 110/570/566 858/1017/991 810/502/500
f 107/510/508 110/570/566 898/904/880
f 137/569/565 418/1091/1060 811/613/609
f 418/1091/1060 144/631/627 811/613/609
f 790/12/12 812/14/14 3/16/16
f 3/16/16 1018/19/19 980/18/18
f 813/495/493 718/991/965 105/542/538
f 813/495/493 105/542/538 210/541/537
f 852/840/828 319/839/827 814/311/311
f 319/839/827 897/957/931 814/311/311
f 942/423/422 872/359/359 815/976/950
f 496/457/455 815/976/950 613/461/459
f 96/470/468 595/841/829 816/1075/1046
f 96/470/468 816/1075/1046 597/1005/979
f 1040/995/969 817/22/22 504/23/23
f 504/23/23 817/22/22 981/986/960
f 818/338/338 78/418/417 659/299/299
f 679/337/337 1006/425/424 818/338/338
f 819/406/405 714/413/412 315/415/414
f 819/406/405 315/415/414 369/828/816
f 1022/1009/983 620/582/578 820/1008/982
f 893/573/569 820/1008/982 620/582/578
f 821/251/251 704/263/263 49/252/252
f 932/783/773 662/322/322 704/263/263
f 49/252/252 822/151/151 675/253/253
f 823/262/262 285/143/143 822/151/151
f 704/263/263 823/262/262 49/252/252
f 49/252/252 823/262/262 822/151/151
f 469/460/458 824/1086/1057 470/959/933
f 470/959/933 977/395/394 915/952/926
f 825/1109/836 808/1089/835 1066/846/833
f 717/328/328 825/1109/836 1066/846/833
f 453/192/192 831/220/220 826/949/923
f 1028/176/176 453/192/192 1029/805/795
f 827/475/473 157/669/663 884/557/553
f 827/475/473 173/448/446 99/476/474
f 361/356/356 95/870/381 828/327/327
f 95/870/381 717/328/328 828/327/327
f 644/392/391 92/420/419 829/852/839
f 644/392/391 829/852/839 328/393/392
f 85/334/334 830/1078/1049 612/335/335
f 85/334/334 1034/424/423 830/1078/1049
f 831/220/220 602/234/234 826/949/923
f 443/232/232 602/234/234 831/220/220
f 832/483/481 686/546/542 538/1051/1025
f 686/546/542 1037/517/515 685/1003/977
f 833/484/482 538/1051/1025 784/1011/985
f 538/1051/1025 833/484/482 832/483/481
f 834/683/676 450/944/918 447/346/346
f 963/308/308 447/346/346 781/345/345
f 178/371/371 450/944/918 835/307/307
f 1060/682/675 450/944/918 834/683/676
f 836/781/771 600/975/949 766/1070/1041
f 259/280/280 600/975/949 836/781/771
f 837/455/453 496/457/455 653/459/457
f 537/1048/1022 837/455/453 653/459/457
f 667/898/874 838/903/879 418/1091/1060
f 414/577/573 838/903/879 667/898/874
f 682/910/886 668/1092/1061 839/606/602
f 839/606/602 668/1092/1061 838/903/879
f 413/895/610 422/644/640 840/897/625
f 137/569/565 413/614/610 840/629/625
f 713/555/551 841/414/413 714/413/412
f 713/555/551 111/855/842 841/414/413
f 707/134/134 293/791/781 842/135/135
f 293/791/781 993/795/785 842/135/135
f 428/911/638 843/913/887 719/1103/633
f 161/672/665 943/652/647 843/913/887
f 222/150/150 844/741/731 693/167/167
f 222/150/150 394/856/843 844/741/731
f 845/71/71 711/70/70 651/106/106
f 845/71/71 651/106/106 1026/1087/1058
f 846/831/819 1017/624/620 365/512/510
f 846/831/819 365/512/510 115/471/469
f 101/497/495 847/958/932 972/960/934
f 542/496/494 847/958/932 101/497/495
f 848/1082/1053 528/832/820 618/112/112
f 528/832/820 848/1082/1053 971/1043/1017
f 138/724/715 849/752/742 669/725/716
f 669/725/716 849/752/742 227/1010/984
f 89/370/370 850/430/429 178/371/371
f 178/371/371 850/430/429 450/944/918
f 503/515/513 860/1035/1009 851/407/406
f 503/515/513 851/407/406 799/409/408
f 341/310/310 852/840/828 814/311/311
f 321/472/470 852/840/828 341/310/310
f 853/968/942 116/520/518 777/522/520
f 543/589/585 116/520/518 853/968/942
f 960/513/511 597/1005/979 854/473/471
f 854/473/471 895/838/826 852/840/828
f 432/625/621 855/579/575 699/626/622
f 699/626/622 855/579/575 1039/1083/1054
f 416/365/365 856/401/400 1008/366/366
f 857/294/294 856/401/400 416/365/365
f 857/294/294 416/365/365 417/1071/1042
f 857/294/294 417/1071/1042 553/319/319
f 110/570/566 137/569/565 858/1017/991
f 858/1017/991 137/569/565 899/1016/990
f 860/1035/1009 696/1054/1028 859/994/968
f 851/407/406 860/1035/1009 976/1036/1010
f 718/991/965 860/1035/1009 527/993/967
f 527/993/967 860/1035/1009 720/992/966
f 1021/47/47 522/46/46 861/43/43
f 522/46/46 767/985/959 862/1026/1000
f 868/1027/1001 861/43/43 522/46/46
f 1043/1110/1075 861/43/43 868/1027/1001
f 863/433/432 928/485/483 570/487/485
f 863/433/432 570/487/485 1020/347/347
f 864/773/763 262/131/131 275/779/769
f 265/132/132 262/131/131 864/773/763
f 421/801/791 865/863/849 339/803/793
f 330/797/787 339/803/793 1010/84/84
f 774/28/28 866/27/27 372/64/64
f 866/27/27 516/878/858 372/64/64
f 1043/1110/1075 868/1027/1001 1/9/9
f 235/8/8 1043/1110/1075 1/9/9
f 868/1027/1001 522/46/46 862/1026/1000
f 2/11/11 868/1027/1001 862/1026/1000
f 106/524/522 802/458/456 869/1045/1019
f 499/525/523 106/524/522 869/1045/1019
f 870/396/395 974/955/929 700/397/396
f 702/961/935 569/326/326 870/396/395
f 871/228/228 62/281/281 690/343/343
f 221/186/186 62/281/281 871/228/228
f 677/422/421 872/359/359 942/423/422
f 677/422/421 984/1098/1066 872/359/359
f 984/1098/1066 873/358/358 872/359/359
f 80/378/378 883/1042/1016 531/379/379
f 481/240/240 659/299/299 874/351/351
f 66/225/225 481/240/240 874/351/351
f 60/788/778 821/251/251 875/226/226
f 280/219/219 60/788/778 875/226/226
f 16/101/101 876/30/30 768/74/74
f 876/30/30 964/29/29 768/74/74
f 712/1000/974 877/894/873 711/70/70
f 711/70/70 877/894/873 630/107/107
f 642/833/821 878/835/823 948/1037/1011
f 878/835/823 642/833/821 482/972/946
f 879/945/919 314/380/380 557/1052/1026
f 314/380/380 957/933/907 717/381/328
f 922/210/210 880/305/305 304/184/184
f 880/305/305 55/162/162 304/184/184
f 658/291/291 881/247/247 883/1042/1016
f 658/291/291 910/205/205 881/247/247
f 690/343/343 882/755/745 233/341/341
f 882/755/745 690/343/343 62/281/281
f 883/1042/1016 873/358/358 984/1098/1066
f 883/1042/1016 69/295/295 873/358/358
f 827/475/473 884/557/553 173/448/446
f 884/557/553 120/559/555 173/448/446
f 885/51/51 15/55/55 500/57/57
f 885/51/51 1021/47/47 886/90/90
f 15/55/55 886/90/90 410/115/115
f 885/51/51 886/90/90 15/55/55
f 690/343/343 887/342/342 93/363/363
f 887/342/342 541/737/727 1062/494/492
f 685/1003/977 888/519/517 1023/1099/1067
f 685/1003/977 1037/517/515 888/519/517
f 616/981/955 889/1081/1052 905/580/576
f 950/982/956 889/1081/1052 616/981/955
f 501/988/962 1002/384/383 890/1040/1014
f 501/988/962 890/1040/1014 703/300/300
f 546/750/740 666/77/77 891/76/76
f 546/750/740 891/76/76 1053/79/79
f 951/572/568 892/984/958 893/573/569
f 117/1007/981 892/984/958 621/1014/988
f 893/573/569 117/1007/981 820/1008/982
f 893/573/569 892/984/958 117/1007/981
f 767/985/959 894/48/48 989/1001/975
f 500/57/57 894/48/48 885/51/51
f 854/473/471 597/1005/979 895/838/826
f 597/1005/979 816/1075/1046 895/838/826
f 203/721/712 896/540/536 849/752/742
f 210/541/537 896/540/536 203/721/712
f 700/397/396 596/956/930 897/957/931
f 596/956/930 766/1070/1041 897/957/931
f 898/904/880 810/502/500 692/441/440
f 898/904/880 110/570/566 810/502/500
f 840/629/625 517/628/624 899/1016/990
f 632/536/534 995/1057/1031 517/628/624
f 476/967/941 473/963/937 900/547/543
f 476/967/941 900/547/543 806/597/593
f 442/920/894 604/917/891 901/929/903
f 901/929/903 604/917/891 643/277/277
f 902/400/399 782/449/447 249/650/645
f 958/447/445 782/449/447 902/400/399
f 690/343/343 903/675/668 329/389/388
f 329/389/388 903/675/668 165/390/389
f 73/339/339 904/298/298 764/239/239
f 764/239/239 904/298/298 481/240/240
f 615/567/563 905/580/576 889/1081/1052
f 905/580/576 615/567/563 123/566/562
f 906/916/890 151/264/264 56/276/276
f 770/941/915 906/916/890 56/276/276
f 58/273/273 907/739/729 248/124/124
f 248/124/124 907/739/729 913/147/147
f 440/331/331 908/658/653 451/946/920
f 440/331/331 70/313/313 908/658/653
f 76/314/314 149/274/274 909/315/315
f 909/315/315 149/274/274 170/265/265
f 57/181/181 910/205/205 761/290/290
f 910/205/205 658/291/291 761/290/290
f 911/997/971 102/501/499 514/996/970
f 624/442/441 102/501/499 911/997/971
f 1069/590/586 472/528/526 912/578/574
f 472/528/526 485/527/525 912/578/574
f 907/739/729 787/740/730 913/147/147
f 787/740/730 224/744/734 913/147/147
f 506/69/69 701/978/952 914/49/49
f 712/1000/974 506/69/69 954/999/973
f 915/952/926 972/960/934 470/959/933
f 465/499/497 915/952/926 641/469/467
f 166/364/364 162/506/504 916/676/669
f 916/676/669 903/675/668 166/364/364
f 923/435/434 459/928/902 917/951/925
f 917/951/925 459/928/902 623/937/911
f 918/533/531 181/687/680 122/562/558
f 918/533/531 122/562/558 567/564/560
f 919/1111/797 308/821/810 495/815/804
f 920/1112/798 919/1111/797 495/815/804
f 920/1112/798 495/815/804 303/814/803
f 920/1112/798 924/818/807 301/813/802
f 706/925/899 436/434/433 921/526/524
f 921/526/524 436/434/433 480/436/435
f 922/210/210 48/258/258 335/260/260
f 302/212/212 48/258/258 922/210/210
f 480/436/435 923/435/434 435/922/896
f 923/435/434 917/951/925 435/922/896
f 920/1112/798 303/814/803 924/818/807
f 303/814/803 37/159/159 924/818/807
f 565/874/709 197/1069/577 925/871/855
f 367/556/552 565/874/709 925/871/855
f 303/814/803 313/816/805 926/817/806
f 313/816/805 302/212/212 926/817/806
f 363/554/550 927/602/598 316/591/587
f 925/871/855 927/602/598 363/554/550
f 863/433/432 180/432/431 928/485/483
f 928/485/483 180/432/431 342/685/678
f 197/581/577 929/702/694 132/715/707
f 197/581/577 201/701/693 929/702/694
f 930/697/689 183/694/686 357/695/687
f 186/698/690 183/694/686 930/697/689
f 433/923/897 931/452/450 488/451/449
f 435/922/896 931/452/450 433/923/897
f 821/251/251 646/789/779 932/783/773
f 932/783/773 704/263/263 821/251/251
f 933/13/13 617/21/21 1018/19/19
f 933/13/13 767/985/959 617/21/21
f 530/989/963 650/216/216 934/1041/1015
f 650/216/216 57/181/181 934/1041/1015
f 935/353/353 281/288/288 582/1056/1030
f 60/788/778 281/288/288 935/353/353
f 936/998/972 911/997/971 514/996/970
f 936/998/972 514/996/970 505/490/488
f 278/355/355 936/998/972 937/784/774
f 932/783/773 278/355/355 937/784/774
f 939/792/782 662/322/322 938/1108/1074
f 795/492/490 938/1108/1074 283/1107/1073
f 725/1059/1032 939/792/782 795/492/490
f 795/492/490 939/792/782 938/1108/1074
f 940/880/860 732/306/306 778/246/246
f 732/306/306 940/880/860 775/881/861
f 941/979/953 432/625/621 715/914/888
f 715/914/888 456/915/889 941/979/953
f 1003/456/454 942/423/422 496/457/455
f 496/457/455 942/423/422 815/976/950
f 943/652/647 733/558/554 719/1103/633
f 843/913/887 943/652/647 719/1103/633
f 945/588/584 1059/560/556 944/1088/1059
f 498/980/954 655/612/608 1076/1113/1076
f 945/588/584 655/612/608 507/611/607
f 655/612/608 945/588/584 944/1088/1059
f 300/1114/801 946/223/223 366/257/257
f 300/1114/801 308/822/810 946/223/223
f 228/403/402 91/437/436 947/753/743
f 1008/366/366 856/401/400 228/403/402
f 694/1096/1064 533/834/822 948/1037/1011
f 694/1096/1064 948/1037/1011 674/1097/1065
f 234/742/732 949/754/744 1038/730/721
f 234/742/732 231/87/87 949/754/744
f 432/625/621 950/982/956 855/579/575
f 941/979/953 950/982/956 432/625/621
f 1039/1083/1054 628/1046/1020 951/572/568
f 687/983/957 951/572/568 628/1046/1020
f 562/532/530 1011/1023/997 952/864/850
f 952/864/850 918/533/531 562/532/530
f 59/250/250 722/1039/1013 953/1033/1007
f 59/250/250 953/1033/1007 1072/267/267
f 11/987/961 954/999/973 914/49/49
f 954/999/973 506/69/69 914/49/49
f 676/1012/986 80/378/378 955/377/377
f 708/410/409 676/1012/986 955/377/377
f 956/931/905 901/929/903 448/930/904
f 956/931/905 448/930/904 438/932/906
f 879/945/919 957/933/907 314/380/380
f 879/945/919 956/931/905 957/933/907
f 99/476/474 173/448/446 958/447/445
f 1065/399/398 99/476/474 958/447/445
f 937/784/774 283/1107/1073 959/782/772
f 959/782/772 283/1107/1073 938/1108/1074
f 960/513/511 635/1006/980 597/1005/979
f 1022/1009/983 635/1006/980 960/513/511
f 237/505/503 961/446/444 207/493/491
f 207/493/491 961/446/444 1062/494/492
f 962/318/318 663/901/877 697/332/332
f 645/317/317 663/901/877 962/318/318
f 963/308/308 834/683/676 447/346/346
f 652/282/282 834/683/676 963/308/308
f 965/75/75 614/61/61 724/62/62
f 5/24/24 614/61/61 965/75/75
f 768/74/74 964/29/29 965/75/75
f 964/29/29 5/24/24 965/75/75
f 684/73/73 966/102/102 768/74/74
f 34/152/152 966/102/102 684/73/73
f 39/179/179 967/770/760 45/180/180
f 967/770/760 265/132/132 45/180/180
f 440/331/331 451/946/920 968/408/407
f 451/946/920 623/937/911 968/408/407
f 969/504/502 509/1004/978 1022/1009/983
f 969/504/502 96/470/468 509/1004/978
f 254/769/759 970/771/761 967/770/760
f 254/769/759 1013/772/762 970/771/761
f 789/1095/1063 528/832/820 971/1043/1017
f 971/1043/1017 533/834/822 789/1095/1063
f 101/497/495 972/960/934 465/499/497
f 465/499/497 972/960/934 915/952/926
f 610/271/271 973/312/312 490/974/948
f 973/312/312 600/975/949 490/974/948
f 870/396/395 569/326/326 974/955/929
f 569/326/326 67/325/325 974/955/929
f 975/746/736 224/744/734 240/743/733
f 1044/80/80 975/746/736 240/743/733
f 976/1036/1010 859/994/968 440/331/331
f 860/1035/1009 859/994/968 976/1036/1010
f 470/959/933 824/1086/1057 977/395/394
f 824/1086/1057 702/961/935 977/395/394
f 876/30/30 516/878/858 978/31/31
f 688/25/25 978/31/31 516/878/858
f 979/172/172 1057/810/800 305/175/175
f 681/170/170 979/172/172 305/175/175
f 980/18/18 373/879/859 380/877/857
f 980/18/18 774/28/28 373/879/859
f 981/986/960 622/37/37 504/23/23
f 622/37/37 981/986/960 914/49/49
f 621/1014/988 641/469/467 982/468/466
f 621/1014/988 982/468/466 969/504/502
f 983/93/93 330/797/787 17/804/794
f 983/93/93 17/804/794 516/878/858
f 883/1042/1016 984/1098/1066 531/379/379
f 87/386/385 531/379/379 984/1098/1066
f 985/830/818 819/406/405 369/828/816
f 335/260/260 985/830/818 369/828/816
f 53/1076/1047 986/221/221 453/192/192
f 437/847/834 986/221/221 53/1076/1047
f 641/469/467 987/954/928 595/841/829
f 700/397/396 595/841/829 987/954/928
f 988/909/885 1048/906/882 731/905/881
f 731/905/881 750/646/641 988/909/885
f 989/1001/975 500/57/57 954/999/973
f 500/57/57 989/1001/975 894/48/48
f 498/980/954 990/1080/1051 941/979/953
f 990/1080/1051 498/980/954 1076/1113/1076
f 991/145/145 587/109/109 29/100/100
f 991/145/145 590/144/144 587/109/109
f 867/7/7 992/5/5 6/748/738
f 252/749/739 6/748/738 992/5/5
f 993/795/785 875/226/226 675/253/253
f 842/135/135 993/795/785 675/253/253
f 556/454/452 325/1025/999 994/853/840
f 829/852/839 556/454/452 994/853/840
f 858/1017/991 899/1016/990 995/1057/1031
f 995/1057/1031 899/1016/990 517/628/624
f 810/502/500 997/1018/992 996/503/501
f 102/501/499 996/503/501 545/535/533
f 996/503/501 997/1018/992 545/535/533
f 997/1018/992 995/1057/1031 545/535/533
f 80/378/378 998/289/289 883/1042/1016
f 80/378/378 656/301/301 998/289/289
f 657/648/643 999/574/570 161/672/665
f 120/559/555 999/574/570 657/648/643
f 1000/927/901 706/925/899 639/521/519
f 116/520/518 1000/927/901 639/521/519
f 1001/990/964 890/1040/1014 1002/384/383
f 79/416/415 809/360/360 1075/362/362
f 478/383/382 79/416/415 1002/384/383
f 79/416/415 1075/362/362 1002/384/383
f 837/455/453 98/421/420 1003/456/454
f 98/421/420 942/423/422 1003/456/454
f 1064/121/121 26/123/123 1004/790/780
f 26/123/123 282/155/155 1004/790/780
f 1005/297/297 63/296/296 670/278/278
f 1005/297/297 670/278/278 67/325/325
f 1006/425/424 78/418/417 818/338/338
f 1006/425/424 710/419/418 78/418/417
f 1007/605/601 843/913/887 682/910/886
f 1007/605/601 682/910/886 839/606/602
f 1008/366/366 947/753/743 572/373/373
f 947/753/743 1008/366/366 228/403/402
f 806/597/593 900/547/543 1009/598/594
f 1009/598/594 900/547/543 686/546/542
f 865/863/849 1010/84/84 339/803/793
f 865/863/849 375/65/65 1010/84/84
f 104/486/484 1011/1023/997 570/487/485
f 104/486/484 342/685/678 1011/1023/997
f 916/676/669 1012/666/660 97/474/472
f 1012/666/660 827/475/473 97/474/472
f 254/769/759 255/105/105 1013/772/762
f 255/105/105 258/94/94 1013/772/762
f 401/88/88 769/146/146 1014/66/66
f 769/146/146 661/86/86 1014/66/66
f 801/391/390 624/442/441 1015/387/386
f 911/997/971 1015/387/386 624/442/441
f 568/1032/1006 1016/1063/1036 772/1064/1037
f 568/1032/1006 1056/1067/1040 1016/1063/1036
f 1017/624/620 457/607/603 365/512/510
f 1017/624/620 145/608/604 457/607/603
f 3/16/16 812/14/14 1018/19/19
f 812/14/14 933/13/13 1018/19/19
f 1027/375/375 179/462/460 1019/376/376
f 185/507/505 1019/376/376 179/462/460
f 1020/347/347 570/487/485 85/334/334
f 1020/347/347 85/334/334 781/345/345
f 638/45/45 886/90/90 1021/47/47
f 861/43/43 638/45/45 1021/47/47
f 510/627/623 1022/1009/983 441/938/912
f 130/609/605 441/938/912 1022/1009/983
f 1023/1099/1067 113/523/521 499/525/523
f 1024/1047/1021 106/524/522 113/523/521
f 1023/1099/1067 1024/1047/1021 113/523/521
f 1023/1099/1067 536/1049/1023 1024/1047/1021
f 1025/248/248 611/266/266 73/339/339
f 1025/248/248 59/250/250 611/266/266
f 1026/1087/1058 631/122/122 23/120/120
f 762/119/119 1026/1087/1058 23/120/120
f 468/463/461 1027/375/375 318/971/945
f 1027/375/375 878/835/823 318/971/945
f 1028/176/176 920/808/798 301/1115/802
f 603/191/191 1028/176/176 301/1115/802
f 454/174/174 1029/805/795 826/949/923
f 453/192/192 826/949/923 1029/805/795
f 126/565/561 1030/549/545 499/525/523
f 1059/560/556 126/565/561 1073/1079/1050
f 1031/114/114 410/115/115 32/138/138
f 877/894/873 1031/114/114 32/138/138
f 138/724/715 1032/722/713 203/721/712
f 138/724/715 212/594/590 1032/722/713
f 674/1097/1065 1033/1044/1018 789/1095/1063
f 1033/1044/1018 1070/1100/1068 804/727/718
f 1034/424/423 680/1022/996 710/419/418
f 680/1022/996 1034/424/423 85/334/334
f 1035/837/825 382/148/148 693/167/167
f 948/1037/1011 1035/837/825 693/167/167
f 540/518/516 1037/517/515 1036/1053/1027
f 832/483/481 708/410/409 1036/1053/1027
f 686/546/542 832/483/481 1037/517/515
f 832/483/481 1036/1053/1027 1037/517/515
f 1038/730/721 359/729/720 20/726/717
f 1038/730/721 20/726/717 804/727/718
f 699/626/622 1039/1083/1054 127/571/567
f 1039/1083/1054 951/572/568 127/571/567
f 4/26/26 1040/995/969 688/25/25
f 794/20/20 1040/995/969 4/26/26
f 1041/82/82 780/1084/1055 519/103/103
f 633/44/44 780/1084/1055 1041/82/82
f 807/621/617 1042/610/606 498/980/954
f 807/621/617 627/623/619 1042/610/606
f 1043/1110/1075 867/7/7 861/43/43
f 235/8/8 867/7/7 1043/1110/1075
f 1044/80/80 223/78/78 975/746/736
f 891/76/76 223/78/78 1044/80/80
f 629/1013/987 1045/357/357 656/301/301
f 784/1011/985 1045/357/357 629/1013/987
f 575/1072/1043 1046/292/292 857/294/294
f 1046/292/292 575/1072/1043 583/793/783
f 1047/1106/1072 1049/647/642 1048/906/882
f 1047/1106/1072 142/640/636 1049/647/642
f 736/1101/1069 420/1105/1071 1048/906/882
f 1048/906/882 420/1105/1071 1047/1106/1072
f 1049/647/642 750/646/641 727/907/883
f 727/907/883 1048/906/882 1049/647/642
f 637/368/368 1050/324/324 634/1085/1056
f 637/368/368 1005/297/297 1050/324/324
f 1051/443/442 328/393/392 563/854/841
f 328/393/392 1051/443/442 320/394/393
f 1052/405/404 334/875/547 368/1094/1062
f 819/406/405 1052/405/404 368/1094/1062
f 546/750/740 1053/79/79 660/751/741
f 660/751/741 1053/79/79 633/44/44
f 1054/369/369 815/976/950 74/309/309
f 1054/369/369 74/309/309 1005/297/297
f 778/246/246 1055/245/245 391/836/824
f 391/836/824 1055/245/245 1035/837/825
f 1056/1067/1040 561/426/425 557/1052/1026
f 1056/1067/1040 557/1052/1026 1016/1063/1036
f 305/175/175 1057/810/800 299/806/796
f 1057/810/800 309/809/799 299/806/796
f 797/302/302 1058/352/352 644/392/391
f 659/299/299 644/392/391 1058/352/352
f 126/565/561 1059/560/556 1030/549/545
f 1059/560/556 705/550/546 1030/549/545
f 64/684/677 835/307/307 1060/682/675
f 835/307/307 450/944/918 1060/682/675
f 971/1043/1017 848/1082/1053 1061/217/217
f 848/1082/1053 39/179/179 1061/217/217
f 1062/494/492 961/446/444 93/363/363
f 93/363/363 887/342/342 1062/494/492
f 497/38/38 1063/50/50 701/978/952
f 914/49/49 701/978/952 1063/50/50
f 1064/121/121 707/134/134 762/119/119
f 1064/121/121 1004/790/780 707/134/134
f 152/388/387 99/476/474 1065/399/398
f 152/388/387 1065/399/398 663/901/877
f 323/329/329 717/328/328 1066/846/833
f 1067/268/268 323/329/329 1066/846/833
f 689/340/340 323/329/329 1067/268/268
f 689/340/340 1067/268/268 776/261/261
f 1068/200/200 672/1015/989 730/201/201
f 672/1015/989 1068/200/200 515/883/863
f 1069/590/586 134/604/600 534/587/583
f 134/604/600 1069/590/586 912/578/574
f 948/1037/1011 1070/1100/1068 674/1097/1065
f 1033/1044/1018 674/1097/1065 1070/1100/1068
f 526/283/283 781/345/345 1071/1034/1008
f 1071/1034/1008 781/345/345 85/334/334
f 1072/267/267 71/336/336 612/335/335
f 1072/267/267 1071/1034/1008 71/336/336
f 990/1080/1051 1076/1113/1076 1073/1079/1050
f 990/1080/1051 1073/1079/1050 889/1081/1052
f 809/360/360 482/972/946 1074/361/361
f 642/833/821 1074/361/361 482/972/946
f 1001/990/964 1002/384/383 1075/362/362
f 1001/990/964 1075/362/362 533/834/822
f 655/612/608 944/1088/1059 1076/1113/1076
f 1076/1113/1076 944/1088/1059 1073/1079/1050
