# This file uses centimeters as units for non-parametric coordinates.

mtllib pathpre5_low.mtl
g default
v -3949.541016 -4748.666992 -7435.528320
v -4724.221191 -5075.183594 -7887.325195
v -4169.044434 -5037.856934 -7554.517578
v -3717.077881 -5481.077637 -7752.215332
v -4129.871094 -6103.693359 -7876.476074
v -4489.324707 -6061.388672 -7793.174805
v -3700.651367 -6414.821777 -7903.460449
v -3977.316895 -6523.670410 -7822.275391
v -4371.122070 -7056.826660 -7469.166992
v -3874.899170 -7671.205566 -7790.839355
v -3392.229736 -8009.298340 -7767.667969
v -4159.130371 -8189.645508 -7619.232910
v -4064.903809 -8418.056641 -7913.464355
v -3656.256348 -8649.873047 -7872.224609
v -4142.784668 -8857.505859 -7738.803711
v -3141.219482 -5334.255371 -7681.985352
v -5007.559082 -5777.665039 -7676.016602
v -4658.276855 -6156.731934 -7756.130859
v -4846.240723 -6137.579590 -7826.887695
v -4652.344238 -7727.362305 -7483.630371
v -4878.815918 -8086.068848 -7769.799316
v -4652.566895 -8551.384766 -7661.431152
v -4913.398438 -8918.262695 -7621.566895
v -5224.791016 -9168.970703 -8022.695801
v -4702.855469 -9361.277344 -7912.486816
v -3102.337646 -6392.186523 -7754.276367
v -3070.154297 -7886.857910 -7860.692383
v -5274.861816 -8986.353516 -7916.810059
v -3953.259521 -9297.550781 -8035.913574
v -5381.902832 -4353.321777 -7813.812988
v -5533.505859 -5827.645508 -7790.122559
v -2981.645508 -7615.244629 -8037.075684
v -5643.252441 -7591.676270 -7852.901855
v -2906.020264 -6409.107910 -7841.803711
v -2761.199463 -5143.678711 -7851.939941
v -5966.324219 -5427.223145 -7921.589844
v -2852.240479 -5870.503906 -7939.194336
v -2800.764893 -6242.434082 -8120.061523
v -3140.349121 -4393.520996 -7995.271973
v -6134.465820 -4917.926758 -7835.697754
v -2702.957520 -5150.738770 -8128.845215
v -6246.997070 -5168.158691 -8102.895508
v -2539.945068 -5623.959961 -7935.293945
v -2620.986572 -5867.826172 -8149.907715
v -6119.005371 -7229.087891 -8277.561523
v -2971.125977 -9363.245117 -8223.291016
v -6301.722168 -4897.733887 -8068.617676
v -6120.849609 -8284.430664 -8062.361816
v -5745.575684 -9469.045898 -8177.625488
v -2479.539062 -4888.803711 -8091.416016
v -6396.396484 -6234.384277 -8298.897461
v -6319.247070 -6786.913086 -8253.834961
v -4424.987793 -4273.154785 -8000.288086
v -8183.701660 -4692.484375 -8226.334961
v -6447.859375 -4900.137695 -8216.321289
v -2542.876709 -6760.815430 -8254.966797
v -7655.208008 -7785.198242 -8170.291016
v -7822.428711 -8533.897461 -8030.052246
v -6474.429688 -9007.721680 -8233.167969
v -6854.937988 -4659.148438 -8211.866211
v -7642.941895 -6182.821777 -8143.668457
v -6674.290527 -6122.228027 -8412.200195
v -2604.073242 -8701.660156 -8277.912109
v -7876.569824 -4487.259766 -8022.477051
v -7564.790039 -4841.852051 -8275.592773
v -8246.352539 -9026.696289 -8115.670410
v -6667.952148 -9298.701172 -8401.686523
v -5740.195312 -4187.675781 -8133.268555
v -3527.542725 -4281.671875 -9026.502930
v -2254.553955 -5400.027344 -8222.103516
v -2286.551514 -6034.754395 -8342.441406
v -8184.512207 -6579.537109 -8356.702148
v -8200.908203 -7643.650391 -8368.352539
v -7281.474609 -8044.446289 -8332.168945
v -7992.220703 -9494.441406 -8309.137695
v -2729.353271 -9393.144531 -8394.181641
v -2281.542725 -9052.266602 -8356.959961
v -4140.754395 -9419.252930 -8801.414062
v -7386.032715 -4287.505371 -8324.175781
v -2300.499268 -8538.128906 -8494.434570
v -8451.055664 -9347.815430 -8544.336914
v -8597.583008 -8755.402344 -8398.205078
v -8224.625977 -5061.041992 -8526.940430
v -6626.416016 -4230.478516 -8520.041992
v -7149.394043 -9435.294922 -8706.329102
v -6098.950195 -9502.572266 -8715.414062
v -1931.279297 -8810.824219 -8645.592773
v -5280.501465 -4241.313477 -8915.059570
v -4042.628418 -5180.560059 -9096.003906
v -8658.043945 -8400.529297 -8853.069336
v -8039.239746 -9597.781250 -8842.124023
v -8457.908203 -4656.968750 -8782.791992
v -4607.112793 -4322.538086 -9066.339844
v -4429.796875 -4307.700684 -9208.083984
v -4516.718262 -5070.756836 -9281.561523
v -3607.627197 -5223.378906 -9237.170898
v -4665.125000 -5422.434570 -9138.304688
v -4326.111816 -5305.314941 -9236.947266
v -4333.463867 -5390.281738 -9389.683594
v -4168.418457 -5602.086914 -9436.975586
v -3548.082764 -6115.621582 -9159.789062
v -4282.328613 -7182.256348 -9171.456055
v -4519.259766 -7399.169434 -9065.411133
v -3660.363281 -8692.391602 -9287.922852
v -4068.208984 -9200.268555 -9150.142578
v -5100.923340 -4780.732910 -9093.648438
v -3360.729736 -4736.221191 -9640.351562
v -4992.304688 -5789.980469 -9084.377930
v -4880.128418 -6310.115234 -9324.681641
v -3371.072998 -6144.448730 -9069.239258
v -5098.689941 -7408.861328 -9213.106445
v -8270.564453 -7528.935059 -8905.588867
v -4805.317871 -8204.588867 -9437.687500
v -4955.120605 -8875.448242 -9793.753906
v -8550.219727 -8719.668945 -9097.861328
v -5325.813965 -5308.619141 -9321.036133
v -3381.751953 -5519.894043 -9099.452148
v -3244.900879 -5756.590332 -9192.904297
v -8265.381836 -7127.573242 -9055.352539
v -1829.311890 -9261.131836 -8631.710938
v -5150.097168 -9183.032227 -9264.383789
v -8242.645508 -4909.637695 -8826.132812
v -5529.682129 -5089.281738 -9151.430664
v -5740.456055 -5490.961914 -9418.104492
v -5687.054199 -6961.009766 -9155.126953
v -1892.287354 -6977.193848 -8743.461914
v -5574.756836 -4595.338867 -9379.503906
v -3204.167725 -5072.001953 -9529.546875
v -1717.901001 -5440.974609 -8847.254883
v -3173.583252 -8248.116211 -9194.475586
v -5516.789551 -8926.768555 -9679.210938
v -5851.332031 -6063.291504 -9216.894531
v -3013.156250 -7258.516113 -9156.193359
v -8248.432617 -9132.339844 -9310.080078
v -8120.935547 -4885.751953 -9201.350586
v -6112.935547 -5234.910156 -9276.069336
v -1762.841919 -5536.474121 -9077.987305
v -8184.766113 -6563.122559 -9244.222656
v -6163.927246 -6811.971191 -9364.139648
v -5911.109375 -7814.619629 -9564.125977
v -1545.304199 -9017.666016 -8826.504883
v -6464.255371 -5452.648438 -9324.539062
v -1508.570312 -6330.065430 -8913.138672
v -6380.589844 -6906.095703 -9429.553711
v -6423.257324 -8190.007812 -9695.017578
v -8017.122070 -8333.368164 -9429.442383
v -8133.235352 -8529.239258 -9613.567383
v -6202.394531 -8645.900391 -9699.157227
v -6651.815918 -4633.818848 -9302.707031
v -7933.376953 -4953.745605 -9278.078125
v -7841.170898 -5407.383301 -9285.036133
v -1678.444214 -5738.708496 -8975.772461
v -1617.395630 -7070.962402 -8890.440430
v -6583.750000 -7220.057129 -9412.587891
v -6625.964844 -8364.453125 -9917.859375
v -6598.048340 -8833.032227 -9894.995117
v -6498.176270 -9117.333008 -9638.953125
v -6724.395020 -9335.212891 -9277.932617
v -2086.988281 -9527.024414 -8874.334961
v -7986.678223 -4210.578125 -9138.722656
v -6866.489258 -5456.085938 -9516.244141
v -6596.046387 -6143.470703 -9602.348633
v -6884.742676 -8136.531738 -9946.646484
v -1426.440430 -8560.416016 -9009.385742
v -8085.268555 -8870.581055 -9746.146484
v -6822.835449 -9269.278320 -9483.186523
v -7461.566895 -4240.016602 -9320.601562
v -7734.374512 -4479.634766 -9447.208008
v -7344.771973 -4455.760254 -9366.538086
v -7075.397949 -5835.210449 -9645.782227
v -7123.652344 -6992.055176 -9613.426758
v -7413.339844 -7152.171875 -9445.918945
v -7245.418457 -7588.390137 -9538.135742
v -7829.190918 -8752.682617 -9901.686523
v -2816.956299 -8875.810547 -9535.322266
v -1872.119629 -4538.503906 -9170.544922
v -2701.781982 -4810.141113 -9627.006836
v -1543.507202 -4906.729492 -9314.237305
v -2694.042236 -9066.954102 -9628.659180
v -2795.138428 -6312.357422 -9589.744141
v -2739.983887 -5515.295410 -9605.546875
v -2577.501953 -7532.976562 -9564.582031
v -2710.989014 -9314.355469 -9491.747070
v -1354.416748 -6491.506836 -9392.339844
v -1923.266235 -9542.166992 -9648.634766
v -1365.001831 -6762.530273 -9658.556641
v -2571.222412 -6843.639160 -9743.578125
v -1455.831787 -4732.545898 -9772.341797
v -1356.399292 -8774.778320 -9841.038086
v -1309.734863 -6437.108887 -10037.857422
v -1369.529053 -8688.002930 -9974.719727
v -2328.663818 -6917.655762 -10131.050781
v -2137.384766 -9412.808594 -10327.322266
v -2031.065186 -4509.980469 -10194.182617
v -1310.289062 -4636.005859 -10210.444336
v -927.777710 -4685.331543 -10252.489258
v -1188.527222 -5022.433105 -10241.599609
v -907.674927 -5080.346680 -10121.080078
v -1069.349121 -5645.153809 -10224.965820
v -1227.602417 -7831.088379 -10225.070312
v -1307.505249 -9084.817383 -10021.943359
v -2427.501465 -5559.683105 -10217.287109
v -400.229248 -5681.564453 -10082.075195
v -513.054810 -7382.880371 -10102.140625
v -573.269104 -8610.315430 -10046.427734
v -393.490692 -5140.076660 -10350.630859
v -2359.158203 -5582.913086 -10482.648438
v -2308.951172 -6755.986328 -10500.003906
v -2230.310791 -8422.390625 -10548.240234
v -459.749969 -9485.163086 -10413.961914
v -1510.531616 -4489.313965 -10987.577148
v -2270.566895 -4536.149414 -10619.180664
v -76.042564 -8936.068359 -10331.818359
v -2494.978760 -4754.930176 -10783.166992
v -207.752792 -7375.768555 -10598.188477
v -2376.415283 -6070.509277 -10766.412109
v -1955.397461 -9463.291992 -10902.313477
v -192.162033 -5378.256348 -10647.892578
v -2118.019043 -8547.964844 -10867.339844
v 147.853348 -8634.074219 -10810.530273
v -173.913818 -6805.513672 -10925.714844
v -397.434601 -4557.921875 -10844.551758
v -2040.370605 -6151.490723 -11092.326172
v -1967.874268 -6861.058105 -11021.446289
v -158.413467 -7783.955566 -11156.392578
v -2117.579102 -5176.766602 -11009.791016
v -1881.457153 -5868.222656 -11114.101562
v -1839.673218 -6070.674316 -11155.426758
v -1868.410522 -4593.834473 -11115.365234
v -1765.616943 -6557.680176 -11168.504883
v -1627.021118 -7195.221191 -11244.490234
v -1742.230591 -9184.507812 -11357.629883
v -1607.405884 -8427.187500 -11503.372070
v -977.175537 -4779.079590 -11364.753906
v -1172.510498 -5740.314453 -11490.163086
v -768.067444 -6220.616211 -11441.294922
v -1130.159424 -8836.920898 -11724.140625
v -42.069096 -9097.756836 -11412.768555
v -916.646790 -9459.734375 -11327.648438
v -640.968201 -9323.318359 -11490.672852
v -228.658920 -4985.243164 -11177.097656
v -488.192596 -5256.250977 -11188.988281
v -323.584839 -5676.931641 -11207.921875
v -472.290588 -6222.952637 -11305.661133
v -683.598206 -7756.290527 -11506.988281
v -443.111603 -9039.131836 -11698.865234
v -364.261322 -9163.520508 -11605.305664
v -472.511444 -9416.806641 -11245.456055
v -6828.790527 -8826.287109 -8380.246094
v -6656.554199 -8115.706543 -8348.878906
v -6632.087402 -9119.221680 -8379.074219
v -6179.494141 -6995.424805 -8285.387695
v -6268.134277 -9122.100586 -9516.752930
v -6454.603027 -9169.478516 -8232.313477
v -6254.675781 -5751.834961 -8243.007812
v -6725.262207 -9404.042969 -8873.572266
v -6132.479492 -6681.208984 -8294.537109
v -7386.448730 -9342.020508 -9448.680664
v -6156.055176 -6318.874023 -8236.018555
v -6426.104980 -9479.308594 -8517.483398
v -6567.110352 -7175.955566 -8322.534180
v -7323.956543 -9480.670898 -8967.840820
v -6741.155762 -7554.905762 -8417.106445
v -5806.524902 -9288.708008 -9192.516602
v -416.077759 -5320.267578 -11114.387695
v -184.339447 -7885.776367 -10403.963867
v -362.923615 -6057.043945 -10125.452148
v -6117.322266 -5267.500488 -7946.041504
v -4086.817139 -5533.956055 -7754.975098
v -5817.608887 -5368.245117 -7796.717773
v -5562.859375 -5453.713379 -7760.002441
v -6119.883301 -5713.537109 -8224.228516
v -6245.659180 -5326.227539 -8164.426270
v -7759.865723 -9676.185547 -8686.954102
v -5917.557129 -6323.480469 -8200.160156
v -6114.302246 -9364.725586 -9013.937500
v -6318.374512 -9256.671875 -9328.234375
v -639.650696 -6523.057129 -10069.675781
v -7085.426270 -9433.441406 -9249.339844
v -4978.789062 -5117.908203 -7811.044434
v -6209.487305 -4386.800293 -7876.987793
v -6503.544922 -4371.193359 -8022.154297
v -5925.914062 -4775.969727 -7700.781738
v -5447.744141 -4977.045898 -7695.645508
v -4411.518555 -4446.067383 -7732.099609
v -5963.341309 -4205.219238 -8374.135742
v -6402.864746 -4827.054199 -8117.914062
v -6327.486328 -5316.872070 -8207.519531
v -5921.222168 -4286.504883 -7898.741211
v -1342.959473 -8888.627930 -9330.652344
v -1716.230469 -9472.112305 -9686.195312
v -1801.368042 -8948.925781 -8662.816406
v -1391.072632 -7137.351562 -9214.205078
v -2162.937500 -7276.802246 -8636.730469
v -2076.364014 -7014.982910 -8741.993164
v -3624.106445 -9159.625977 -7914.178223
v -1344.992798 -7426.142090 -9260.365234
v -2162.204590 -8916.033203 -8413.889648
v -2132.829346 -8137.628418 -8654.416992
v -1722.358398 -8760.564453 -8585.698242
v -6731.344727 -5106.997070 -8329.181641
v -7332.103027 -4904.317383 -8392.738281
v -6663.862305 -5666.516602 -8376.509766
v -6783.801758 -8047.375977 -8435.747070
v -6499.743164 -6624.913086 -8373.186523
v -6416.202637 -6036.516113 -8358.888672
v -6460.753906 -5927.432617 -8368.927734
v -7020.591797 -4768.939941 -8324.432617
v -2449.083984 -6173.321777 -10489.529297
v -2432.902832 -5785.801270 -10550.633789
v -2132.267578 -6653.346191 -10929.868164
v -2106.948730 -6033.709473 -11033.803711
v -2439.301270 -6077.370117 -10627.058594
v -2183.709717 -6279.104004 -11003.372070
v -2112.144043 -5759.402344 -10844.269531
v -2193.936035 -5914.917969 -10913.281250
v -1904.997803 -6773.798340 -11088.039062
v -2372.684082 -6234.398926 -10753.313477
v -6337.749023 -5922.806152 -8286.517578
v -188.308990 -5036.245117 -10756.389648
v -7570.953125 -6270.856934 -9685.382812
v -7794.534180 -4155.896973 -8309.652344
v -6822.242188 -4226.226074 -8921.323242
v -8277.796875 -4501.996582 -9176.910156
v -6207.056641 -4798.605469 -7950.780762
v -4579.783203 -5546.244141 -9457.345703
v -6573.764160 -7495.116211 -9590.499023
v -6695.008789 -7002.822754 -9511.049805
v -7000.284180 -7507.050293 -9611.744141
v -6185.732422 -6240.823242 -9186.916016
v -6398.009277 -6138.414062 -9225.339844
v -5753.238281 -7551.672363 -9262.997070
v -6318.379883 -7546.029297 -9646.388672
v -5850.389648 -7397.467285 -9414.588867
v -5554.663574 -7920.779785 -9447.119141
v -5837.554199 -7126.971680 -9245.261719
v -5956.987793 -6350.569824 -9197.161133
v -5902.674316 -6734.969727 -8152.247559
v -6375.356934 -6475.930664 -8268.634766
v -3143.454590 -7264.058594 -7802.045410
v -3943.464111 -7579.383301 -7697.823730
v -3821.548340 -6868.779297 -7833.331543
v -4260.002441 -6915.330566 -7530.047852
v -4077.613037 -6596.977539 -7631.724121
v -3287.006104 -7128.390137 -7845.662109
v -3272.133789 -8690.656250 -8019.313965
v -3411.416748 -7389.304199 -7740.733398
v -3261.173584 -8571.942383 -7919.140137
v -3541.010986 -7045.922852 -7868.463867
v -3963.439941 -6989.788086 -7723.676758
v -2996.139404 -8623.842773 -8086.075684
v -3765.418945 -7234.324707 -7764.814453
v -3007.767822 -8148.620605 -7949.677734
v -3785.116211 -7989.852539 -7769.654297
v -4926.510742 -4849.916016 -9210.121094
v -2686.273682 -7884.058594 -8200.406250
v -2599.372803 -6971.827148 -8258.128906
v -2985.423096 -7039.227051 -8094.649414
v -2708.994629 -8817.000000 -8275.467773
v -2782.595459 -8387.527344 -8164.313965
v -2704.020752 -6959.107422 -8184.555664
v -2860.647461 -7233.586426 -8072.479492
v -3315.418701 -9504.174805 -8544.449219
v -7137.916016 -9143.745117 -8354.514648
v -4586.124512 -9281.643555 -9073.588867
v -5132.565430 -9361.041992 -8976.720703
v -5468.858887 -9444.180664 -8738.666016
v -1368.855347 -7846.207031 -10197.578125
v -978.916260 -6445.480957 -10131.649414
v -1326.427246 -7578.380371 -9759.539062
v -1247.521240 -9422.857422 -10362.554688
v -1049.083862 -7412.597168 -10104.178711
v -1000.278503 -6168.509277 -10167.544922
v -1325.773682 -6143.380859 -9966.635742
v -1326.390869 -6813.073242 -9987.661133
v -1360.295288 -6875.999512 -9880.265625
v -1402.856201 -7944.925781 -9957.667969
v -1331.699463 -7412.810059 -10097.880859
v -1330.686646 -6505.229492 -9831.318359
v -4393.103027 -8516.748047 -9590.507812
v -4400.018066 -9064.313477 -9534.247070
v -5260.975586 -9150.843750 -9578.666992
v -3507.437012 -8897.166016 -9222.333008
v -3797.431641 -8770.662109 -9293.564453
v -4804.484375 -9187.250000 -9523.846680
v -4080.196777 -8529.460938 -9440.874023
v -4221.890137 -8159.284180 -9312.636719
v -4605.187988 -9233.046875 -9241.209961
v -3591.622803 -9219.448242 -9080.220703
v -5485.602051 -8824.014648 -9693.046875
v -3781.793945 -9295.224609 -8985.786133
v -4093.521973 -8884.329102 -9494.015625
v -3021.640869 -4747.069336 -7593.290527
v -3588.118652 -6444.527832 -7939.964844
v -2996.675781 -5384.520020 -7922.178223
v -2841.568359 -5624.229004 -8018.403320
v -3196.084717 -5748.497559 -7859.536621
v -4351.286621 -5250.746094 -7752.567383
v -3945.609131 -5519.361816 -7896.333984
v -2383.060303 -5914.834961 -8284.874023
v -3952.148438 -4949.857910 -7454.927734
v -3622.182129 -5905.100098 -7861.890137
v -2215.437012 -6109.447754 -8450.782227
v -1498.623657 -5086.269531 -9388.273438
v -1977.183228 -5608.038086 -8785.508789
v -1921.641724 -5893.144531 -8674.625977
v -1550.798828 -8448.270508 -8681.758789
v -1723.767822 -8162.794922 -8599.244141
v -1477.686523 -7760.114258 -9015.549805
v -1665.241455 -6180.375977 -8841.847656
v -1831.201782 -5760.657227 -8773.915039
v -1988.064575 -6478.641602 -8672.923828
v -6915.081055 -7820.567871 -9694.916992
v -6964.320312 -8746.093750 -8459.940430
v -7132.500000 -7901.207031 -8420.135742
v -7074.080566 -8719.375000 -8469.942383
v -7290.178223 -6451.582520 -8383.445312
v -1701.919800 -6378.570312 -11220.507812
v -6816.863281 -7645.315430 -9718.062500
v -6770.102539 -5531.708008 -8400.679688
v -7321.525879 -5317.859375 -8404.186523
v -7237.157227 -6957.218750 -8428.401367
v -6888.932129 -5062.066406 -8338.940430
v -7464.761230 -6628.354980 -8233.934570
v -7396.817383 -7170.074219 -8333.116211
v -7016.641602 -6318.059570 -8424.361328
v -7403.950195 -8318.410156 -8312.407227
v -6594.890137 -7347.301270 -9369.616211
v -7027.262695 -7442.893555 -9584.802734
v -6879.245117 -7650.485840 -9658.260742
v -7142.403320 -5400.438477 -8423.193359
v -7520.066406 -5729.560059 -8240.587891
v -7010.034668 -8514.550781 -8462.612305
v -6987.974121 -7941.729492 -8451.274414
v -6952.799316 -5760.625977 -8409.433594
v -7180.617676 -4968.652344 -8389.898438
v -6808.700195 -5987.647461 -8447.481445
v -7133.906738 -6118.126465 -8436.551758
v -6028.894043 -7974.971191 -9677.122070
v -6473.925293 -6325.735840 -9308.606445
v -5402.372559 -6642.420410 -7863.202148
v -6716.685059 -7837.544922 -8369.023438
v -5986.287109 -6050.016602 -8197.863281
v -4884.985840 -5146.830078 -9281.375000
v -4203.855469 -4540.482910 -9396.458984
v -4083.141602 -5061.883789 -9096.257812
v -4370.359863 -4913.720215 -9218.660156
v -4154.508301 -4736.855957 -9361.970703
v -4242.184082 -5137.894043 -8982.797852
v -6248.670898 -8340.235352 -9688.138672
v -931.621338 -5150.018066 -11214.340820
v -995.101013 -8250.490234 -10184.213867
v -422.140686 -4591.552246 -11158.900391
v -4579.363770 -9442.119141 -8616.500977
v -2914.187256 -9460.135742 -9013.229492
v -5027.330566 -4302.033203 -8963.993164
v -178.159103 -5695.100586 -10965.612305
v -4387.022949 -4828.335938 -7600.516113
v -664.411682 -6191.436523 -10018.641602
v -1193.549072 -5218.555176 -11376.351562
v -6126.492676 -8431.847656 -9619.416992
v -351.273621 -4672.580566 -10365.683594
v -442.905151 -4985.809082 -10168.109375
v -3117.749023 -9377.864258 -9122.646484
v -4685.883301 -9459.946289 -8401.809570
v -312.201569 -5050.006348 -11205.906250
v -1021.481506 -4920.989258 -11280.402344
v -2981.316895 -4928.926270 -7565.807617
v -1007.490906 -5239.574707 -11341.476562
v -2175.210205 -9547.289062 -9112.481445
v -5806.843750 -7841.861328 -9268.669922
v -5843.895020 -8051.764648 -9501.790039
v -2770.582031 -9427.063477 -8515.318359
v -723.887390 -7053.749512 -10062.774414
v -1236.542969 -7196.813965 -10098.097656
v -1119.732788 -6303.529785 -10098.130859
v -1181.635498 -7527.193848 -10141.069336
v -3606.668457 -9360.365234 -8029.696289
v -3173.559814 -9333.163086 -8087.168457
v -3908.702148 -6608.280273 -7806.096191
v -3765.214600 -5276.094727 -7591.893555
v -2366.038086 -9485.720703 -9543.298828
v -5473.044434 -4726.843262 -7665.556152
v -4208.628906 -9447.212891 -8490.124023
v -3750.479248 -6180.869141 -7845.989258
v -5614.382324 -7346.330078 -9160.085938
v -1827.473999 -6289.049316 -11156.183594
v -6908.499512 -9423.649414 -8936.183594
v -6254.963867 -7145.815430 -9526.537109
v -4482.064453 -5359.229980 -9226.055664
v -1226.432495 -6548.202148 -10067.909180
v -1956.493652 -5934.570801 -11078.043945
v -4008.853271 -6189.392578 -7882.188965
v -2236.449463 -6089.851074 -10938.183594
v -4325.932617 -5011.273438 -9175.527344
v -3597.805176 -5585.040039 -7835.958984
v -1508.794312 -4584.841309 -10191.133789
v -1463.699341 -9266.651367 -9855.054688
v -1326.255005 -6171.501953 -9813.642578
v -1462.533447 -7766.458984 -9114.753906
v -1489.624878 -9089.074219 -9285.621094
v -1380.033447 -6899.949707 -9427.984375
v -1323.662109 -7486.776855 -9343.369141
v -1391.887207 -5508.485352 -9412.996094
v -1263.335327 -8524.689453 -10188.777344
v -1441.513916 -5720.833984 -9710.540039
v -1452.980835 -6876.682129 -9551.256836
v -7068.469238 -4661.881348 -8272.046875
v -7045.540527 -4470.912109 -8166.118164
v -6436.724121 -5307.643066 -8275.995117
v -6731.229004 -4534.326660 -8105.474609
v -6369.164062 -5721.362793 -8318.209961
v -7890.079590 -8382.538086 -8000.750488
v -7888.019531 -5633.473633 -8124.079590
v -7330.875977 -4640.493164 -8264.907227
v -7825.047363 -4247.862793 -8142.551758
v -7997.505859 -5445.389160 -8149.381836
v -7661.011719 -4832.748535 -8155.353516
v -7459.851074 -4488.047363 -8179.675293
v -7711.830078 -5049.530273 -8077.400391
v -6898.897949 -4375.289551 -8238.370117
v -7241.359863 -4557.486328 -8239.247070
v -7522.510254 -4604.938477 -8192.833984
v -6208.916016 -5061.840820 -9458.879883
v -1860.508911 -9457.776367 -8946.451172
v -8007.369141 -8629.373047 -7966.001953
v -8495.646484 -8497.146484 -9162.283203
v -5448.750000 -9058.911133 -7941.437012
v -4228.765137 -7771.441406 -8977.198242
v -1832.486206 -5718.628906 -11146.174805
v -2038.127075 -5602.005371 -11044.012695
v -5649.103027 -6235.777344 -9171.564453
v -1304.039062 -7946.452637 -11519.975586
v -1699.268188 -8848.291992 -11487.658203
v -5127.500977 -8340.624023 -7818.295898
v -2919.295898 -4503.586914 -7936.526367
v -751.670654 -5289.583496 -10150.488281
v -529.217712 -8069.793457 -10127.274414
v -2382.297363 -8557.804688 -9996.757812
v -3279.183105 -6371.338379 -7839.983887
v -6794.452637 -8619.859375 -10025.427734
v -3298.780762 -4397.312012 -9526.846680
v -1969.650757 -8371.553711 -11227.794922
v -5023.989258 -8394.115234 -9561.190430
v -5832.077148 -8981.018555 -9588.568359
v -5548.699707 -8329.782227 -9549.837891
v -6839.185547 -8890.458008 -9956.663086
v -5960.897949 -8855.482422 -9624.320312
v -5842.470703 -9067.855469 -9537.071289
v -7747.528320 -4594.498535 -9469.286133
v -5772.671387 -5930.463867 -9157.963867
v -8307.665039 -8959.263672 -9340.701172
v -2105.913574 -4862.534668 -8204.465820
v -1194.163086 -9501.314453 -10552.598633
v -4633.861816 -9141.988281 -7690.182129
v -1944.045898 -8069.680664 -10994.856445
v -32.213825 -8307.943359 -11309.867188
v -7138.400391 -6524.857422 -9739.189453
v -1008.166748 -9370.776367 -11422.188477
v -1156.288208 -8020.540527 -11600.147461
v -177.094406 -8873.954102 -10189.349609
v -5916.252441 -4468.774902 -9544.598633
v -2586.057861 -4491.281250 -8829.739258
v -4812.734375 -6982.542969 -9010.953125
v -8157.555176 -5547.480469 -9050.055664
v -8287.208008 -6102.499512 -8852.428711
v -8260.495117 -7459.782227 -8671.343750
v -7234.348145 -5076.129395 -9280.033203
v -5111.234863 -9133.061523 -7792.834961
v -7418.725586 -7891.320801 -9876.572266
v -2469.455322 -5898.078613 -10434.640625
v -7407.384277 -5420.350098 -9557.961914
v -1378.846436 -9213.420898 -11382.613281
v -5043.602051 -7126.221680 -7729.409180
v 59.118580 -9037.336914 -11243.550781
v -1524.681641 -9479.263672 -11055.448242
v -2249.110596 -5011.066406 -10976.442383
v -2543.093994 -5149.294922 -10610.033203
v -3903.187500 -6839.530762 -9238.873047
v -287.393372 -7819.686035 -11320.122070
v -410.255005 -9495.951172 -10954.698242
v -8450.156250 -4446.484863 -8699.732422
v -4835.898438 -6916.114258 -7501.933594
v -7759.880859 -8395.824219 -9934.663086
v -5914.594727 -5313.236816 -9397.420898
v -3746.413818 -8329.035156 -9161.916016
v -5565.890625 -7417.454590 -9212.958984
v -5062.236328 -7719.128906 -9314.758789
v -3436.211670 -8237.949219 -9091.945312
v -2931.506104 -7577.401855 -9231.603516
v -4959.104492 -6816.149414 -7682.481445
v -8183.804199 -7965.671875 -9235.693359
v -2981.287842 -5441.627930 -9259.201172
v -14.147329 -8491.144531 -10470.318359
v -2452.772705 -6446.753906 -9883.622070
v -7812.347168 -7840.827637 -9389.922852
v -2441.716797 -4844.939453 -10120.197266
v -2674.652832 -5386.229980 -7934.550781
v -4258.122070 -4357.937012 -7817.050293
v -7509.460449 -5570.937500 -9611.287109
v -2057.008057 -9242.995117 -11109.289062
v -1702.809326 -4677.660645 -8655.800781
v -1850.737061 -4576.495605 -8885.166016
v -2604.846924 -4548.010254 -9132.378906
v -1638.936890 -4585.577148 -9517.332031
v -8204.804688 -5357.431641 -8492.217773
v -6539.732910 -4302.610840 -9244.077148
v -147.773285 -8577.867188 -11585.165039
v -383.833801 -8414.945312 -11502.971680
v -2755.583008 -4995.675781 -9551.126953
v -1720.120361 -6201.820801 -11254.473633
v -5150.895996 -5768.605469 -9188.927734
v -8374.354492 -7975.160645 -8928.051758
v -4703.956055 -5637.579102 -9415.040039
v -2372.028809 -5331.508301 -9999.689453
v -1208.450562 -8243.543945 -10233.631836
v -2315.665039 -9246.109375 -10323.811523
v -635.997803 -8394.702148 -10111.141602
v -1881.411255 -9476.134766 -10303.200195
v -4575.471680 -7695.603027 -9213.501953
v -1457.063354 -5578.330566 -9214.380859
v -2854.410889 -9132.415039 -9452.032227
v -4244.379883 -7527.206543 -7482.313965
v -4257.898438 -7933.652344 -9143.692383
v -593.841003 -9280.356445 -10120.754883
v -851.459656 -9546.488281 -10466.532227
v -3222.992676 -6832.697266 -7762.766602
v -6882.200684 -6957.284668 -9627.699219
v -4030.298828 -7967.195801 -9071.490234
v -4976.578125 -6986.678223 -9115.870117
v -4481.874512 -8212.103516 -9411.709961
v -4665.838867 -7777.211426 -9299.897461
v -2262.965820 -9525.208008 -8700.924805
v -1104.291016 -9059.757812 -10246.549805
v -1449.188599 -8903.185547 -9111.193359
v -1533.557007 -9155.556641 -9044.697266
v -392.246979 -7718.365723 -10199.601562
v -1567.218384 -5423.567871 -9213.362305
v -4204.778320 -6204.397461 -7752.062012
v -5272.180176 -6245.264648 -9139.002930
v -3242.334961 -6621.802734 -7693.988281
v -2408.723633 -9275.636719 -9981.731445
v -1092.463745 -8600.786133 -10217.267578
v -732.342407 -9210.573242 -10090.701172
v -1164.639038 -9234.522461 -10229.386719
v -1705.056763 -9456.749023 -10051.041016
v -970.948853 -9107.615234 -10206.378906
v -1382.641479 -9236.625000 -10023.633789
v -6021.403809 -5610.628906 -8140.938965
v -1403.723389 -6121.060547 -9621.424805
v -4320.237305 -5241.856934 -8992.287109
v -4370.530273 -6860.166504 -7572.533203
v -1362.055542 -7295.605957 -9847.273438
v -4174.221680 -6661.293945 -7584.717285
v -7348.890625 -8590.356445 -8401.880859
v -6706.167480 -4317.004395 -8253.342773
v -6748.870605 -4380.171875 -8026.871094
v -2457.842041 -9433.209961 -8440.871094
v -3496.534180 -6530.138672 -7661.265625
v -1457.343506 -5095.541992 -9547.018555
v -1393.693237 -5418.281250 -9664.584961
v -5672.158203 -4638.302246 -7659.818359
v -6235.945312 -4661.986816 -7970.117188
v -6120.430176 -5516.600098 -8185.719238
v -6770.973145 -4364.383301 -8159.915039
v -2963.195068 -7994.747070 -8091.458496
v -5816.761230 -8197.278320 -9546.369141
v -5917.728027 -9143.666016 -9429.281250
v -7282.694336 -7378.836914 -8413.625000
v -3107.010986 -9426.781250 -9006.837891
v -849.250854 -7817.421875 -10096.587891
v -8466.149414 -9324.411133 -8761.681641
v -6501.002930 -7288.124023 -9498.589844
v -4546.412598 -4968.161133 -9295.521484
v -1978.884644 -8360.127930 -8608.342773
v -3964.929688 -6724.790039 -7841.212402
v -5253.173828 -9494.918945 -8470.213867
v -6319.961426 -5108.645996 -8168.505371
v -5955.889160 -4619.066895 -7775.791016
v -1477.815430 -6545.249023 -8949.934570
v -5654.424316 -9332.581055 -9071.593750
v -5659.911133 -7705.127441 -9318.748047
v -5690.502441 -8733.894531 -9623.834961
v -5498.913086 -9251.698242 -9224.661133
v -5062.141602 -8549.235352 -9720.857422
v -532.862061 -8733.331055 -11692.963867
v -1468.713379 -8613.873047 -11617.133789
v -6825.807129 -4204.508789 -9112.780273
v -5591.998047 -6294.399414 -8045.787109
v -6749.022461 -5200.423340 -9182.992188
v -3947.000488 -8880.903320 -7841.020996
v -3868.095703 -9042.798828 -8027.796387
v -2735.860596 -4498.636719 -9341.073242
v -3825.840820 -7301.994141 -9039.632812
v -3557.868164 -4200.858887 -9259.370117
v -1702.114136 -5454.157715 -11347.494141
v -4612.076172 -6424.377930 -7590.683594
v -4070.781494 -9255.727539 -7885.555664
v -4566.523926 -5965.461426 -9522.935547
v -2556.618164 -8545.379883 -9686.273438
v -7453.707520 -9104.424805 -8203.973633
v -2034.067139 -5323.793945 -8356.592773
v -8068.014160 -9011.277344 -9694.517578
v -1458.840576 -8218.642578 -11449.644531
v -7983.182129 -5315.968262 -9245.214844
v -1537.149170 -9397.357422 -11189.293945
v -4990.930176 -7750.502930 -7783.396973
v -5145.409668 -8150.225586 -7769.295410
v -4990.788086 -8402.305664 -7696.700195
v -2059.520264 -4717.822266 -8387.721680
v -8045.485840 -6789.410645 -9278.188477
v -939.484375 -7458.932129 -11514.968750
v -6248.250000 -5715.958008 -9335.985352
v -2513.829834 -4703.766602 -10443.057617
v -7156.634277 -9084.939453 -9736.124023
v -1217.821777 -9549.487305 -11085.735352
v -3969.387695 -6167.925293 -9421.303711
v 109.653046 -8341.537109 -11068.836914
v -4058.414551 -5413.717773 -9286.554688
v -260.757599 -9062.541016 -10151.669922
v 84.082420 -9002.989258 -10852.746094
v -1090.971313 -9617.475586 -10823.139648
v -42.862556 -9105.361328 -10560.146484
v -3977.295898 -5122.330566 -9126.963867
v -3710.207031 -5415.920410 -9136.700195
v -4525.623535 -5784.416504 -9505.435547
v -171.504654 -9315.458008 -10669.156250
v -4232.841309 -5311.411621 -9245.087891
v -441.669952 -9416.223633 -10271.717773
v -2235.720459 -6779.145020 -8575.150391
v -7623.538086 -8609.844727 -8106.279785
v -4545.972168 -4601.929199 -7695.227539
v -7916.677246 -9443.699219 -9218.867188
v -2161.312744 -8714.711914 -11058.663086
v -6689.597168 -9413.250000 -8652.317383
v -6875.728027 -9360.123047 -8482.400391
v -7571.155273 -6504.209961 -9592.575195
v -7660.257812 -6797.041992 -9391.627930
v -7714.770996 -7949.114258 -9627.640625
v -4759.426270 -7066.840332 -7466.180664
v -2353.094727 -6266.698242 -10128.703125
v -5854.541016 -4807.290527 -9474.546875
v -4857.136230 -4363.313965 -9025.411133
v -3270.949463 -4620.634766 -7652.505371
v -2208.675537 -5529.870605 -10709.219727
v -2170.096191 -5344.785645 -10940.056641
v -3366.008057 -6232.952637 -7762.083496
v -6241.472168 -6004.417969 -9188.284180
v -8328.262695 -9413.884766 -8438.753906
v -1303.147949 -4756.054688 -11262.625000
v -1630.013184 -4558.305176 -10756.711914
v -1080.368408 -4513.531250 -11044.748047
v -3550.141357 -7334.173828 -8877.188477
v -7155.717285 -6736.409668 -9698.780273
v -7892.518066 -7714.699219 -8158.331055
v -6464.958496 -5950.357910 -9357.603516
v -1295.231323 -9074.744141 -11575.500977
v -7732.596680 -8082.624512 -9778.143555
v -63.347668 -7859.229492 -10910.504883
v -524.428162 -4487.083008 -10600.679688
v -2467.568115 -8889.000977 -10001.262695
v -6400.285156 -8607.480469 -9763.948242
v -8414.949219 -7960.024902 -8465.860352
v -4979.675781 -7425.093262 -7643.117188
v -3143.325195 -8869.947266 -9321.445312
v -286.930084 -5372.832520 -10959.194336
v -1399.143066 -4934.677734 -11236.936523
v -7742.651855 -5288.598145 -9362.856445
v -2341.699463 -4513.667969 -8658.488281
v -1768.236206 -5520.992188 -11249.643555
v -4163.656250 -8472.292969 -7804.773438
v -3276.413330 -5435.605957 -9102.670898
v -5286.177734 -8775.903320 -7878.771484
v -3973.051514 -4206.742188 -9273.436523
v -142.998138 -5828.232910 -10732.526367
v -2738.207275 -4874.514160 -7751.842773
v -8299.498047 -7186.550781 -8796.886719
v -6035.961426 -8371.792969 -7978.685059
v -5778.405762 -7708.018066 -7917.204590
v -4600.871582 -4264.609375 -7951.209961
v -7738.423340 -4226.916992 -9239.643555
v -2587.608887 -4564.551270 -9606.696289
v -2567.997559 -4645.321289 -9769.351562
v -6714.975098 -5486.819824 -9392.668945
v -8244.663086 -7945.531738 -8238.699219
v -1718.936279 -7935.006348 -11153.074219
v -1651.824097 -8064.675293 -11365.681641
v -6220.244629 -4225.781738 -8615.663086
v -7175.089844 -6015.637207 -9727.339844
v -4622.472656 -6934.637695 -9165.871094
v -264.767181 -4934.494141 -10517.675781
v -7492.421387 -6872.340820 -9361.324219
v -8114.777832 -5546.470703 -8225.544922
v -5778.669434 -7428.660156 -7911.006348
v -2457.486816 -9093.584961 -10103.402344
v -8335.868164 -4655.597656 -8895.972656
v -8124.221191 -4710.616211 -9338.013672
v -253.630417 -4745.109863 -11063.733398
v -5503.758301 -6598.468262 -7957.755371
v -5827.093750 -5938.091309 -8080.717285
v -2307.548340 -4886.289062 -8151.191895
v -1790.359497 -5153.415039 -8588.155273
v -2331.446777 -5454.504883 -8105.631836
v -2622.397949 -4556.531250 -8148.585938
v -4667.697754 -5382.360352 -7571.043457
v -4999.102539 -4702.597656 -7746.242188
v -4456.142578 -5901.671875 -7857.933105
v -7222.786621 -8668.495117 -10015.822266
v -7587.196289 -9191.438477 -9685.260742
v -3583.954834 -4887.326660 -7489.529785
v -5744.211914 -5732.190918 -7955.812988
v -5884.815430 -5868.531250 -8206.084961
v -5102.266602 -6024.594238 -7793.395020
v -5755.901367 -9550.477539 -8484.887695
v -4712.622559 -4900.089355 -7794.140625
v -5812.317871 -6313.098633 -8220.853516
v -4464.808105 -5533.829102 -7615.770508
v -6434.883301 -8735.136719 -9785.901367
v -5770.106934 -6481.881836 -8123.897461
v -5432.687500 -5643.851562 -7714.166016
v -7304.246094 -4745.083008 -8343.594727
v -5397.825684 -6131.918945 -7879.570801
v -4353.809082 -5346.676270 -7701.258789
v -6628.606445 -7792.173828 -8328.781250
v -979.944763 -6783.367676 -10107.571289
v -6393.209961 -9005.956055 -9690.092773
v -5721.010742 -9381.478516 -8931.866211
v -1436.818481 -6016.919434 -9038.935547
v -1346.676147 -7363.473633 -10008.774414
v -1553.538574 -8777.125000 -8690.662109
v -2144.759521 -6044.316895 -8659.731445
v -2952.119141 -6763.958008 -9418.332031
v -3253.638672 -5929.941895 -7929.390625
v -8074.622559 -9119.262695 -8104.235352
v -8255.252930 -6299.825195 -8723.274414
v -8270.095703 -7764.958008 -9134.311523
v -8139.214844 -4170.040039 -8730.419922
v -2649.063965 -6063.564453 -8143.937012
v -2196.528564 -7984.278809 -10708.457031
v -5169.348633 -7626.202637 -7742.621094
v -7709.600586 -5816.331055 -9541.087891
v -2740.376465 -6888.030762 -9542.164062
v -2672.706299 -7374.425781 -9451.320312
v -8369.875977 -4429.906250 -8524.806641
v -8284.210938 -4732.012695 -8399.858398
v -7284.122070 -8387.087891 -10034.481445
v -5047.171387 -6104.091309 -9048.146484
v -747.760437 -5567.649414 -10063.617188
v -4093.400391 -8624.251953 -7781.604004
v -157.540390 -5835.397461 -10453.137695
v -5256.036133 -4516.332031 -9207.884766
v -6157.244629 -4318.607422 -9395.599609
v -2961.748535 -6234.142578 -7947.034668
v -1558.440430 -7096.341797 -11291.787109
v -3410.955811 -7963.682617 -8997.524414
v -3199.637695 -7847.580078 -9027.555664
v -1206.244873 -6103.431641 -11499.166992
v -79.749428 -8960.543945 -11556.098633
v -2449.950684 -5335.348633 -10158.102539
v -2159.579346 -5244.252930 -10719.666992
v -781.200928 -4787.446777 -10141.067383
v -1400.098389 -6697.996582 -11363.748047
v -983.951843 -9058.069336 -11626.829102
v -2159.428711 -5939.891602 -8652.807617
v -1312.315430 -8952.111328 -9693.088867
v -945.021973 -4650.139648 -11359.883789
v -2284.004639 -4509.845703 -10043.083984
v -1881.025269 -4547.758301 -10142.771484
v -7001.322754 -9362.755859 -8473.579102
v -7587.654297 -4766.552246 -9379.797852
v -451.767670 -7835.361816 -11375.076172
v -2310.130859 -7917.860352 -10074.249023
v -8270.280273 -4249.165527 -8519.199219
v -8531.899414 -8085.433105 -8854.998047
v -8302.108398 -7810.129883 -8589.077148
v -5984.638672 -9304.166992 -8057.873047
v -3990.486816 -7827.425293 -8929.252930
v -7869.875000 -4304.322754 -9332.203125
v -5067.111816 -5361.172363 -9301.239258
v -4496.648926 -6207.704590 -7769.648926
v -7402.616211 -4983.312500 -9360.143555
v -7559.668457 -9510.121094 -8352.041016
v -2909.649902 -6634.592773 -7872.492676
v -171.221725 -7764.230469 -10550.605469
v -202.197678 -7049.379395 -10482.846680
v -3326.944336 -9062.284180 -7970.125977
v -1385.893921 -4880.886230 -10123.701172
v -1365.761963 -5235.113770 -10121.414062
v -2365.533203 -9006.831055 -10477.521484
v -2192.195312 -9311.004883 -10732.068359
v -8471.071289 -8322.950195 -8301.995117
v -209.533127 -8316.994141 -11437.043945
v -724.339722 -8477.967773 -11716.140625
v -596.629822 -8238.533203 -11591.435547
v -8241.291016 -9383.920898 -9062.710938
v -8153.001465 -8208.350586 -8037.306152
v -1754.789185 -9324.493164 -11250.491211
v -3677.610596 -4767.528320 -9578.250000
v -3279.234375 -4575.149414 -9607.240234
v -1711.681030 -4988.195801 -11131.062500
v -1344.479370 -5061.222656 -11267.180664
v -462.030029 -4657.127930 -11238.246094
v -2683.518799 -5995.383301 -8019.251465
v -7605.077148 -4219.188477 -8613.427734
v -7209.823730 -4224.505371 -8606.835938
v -2113.333252 -5404.159180 -11019.878906
v -7575.182129 -7394.232910 -9371.016602
v -2866.779297 -5436.234863 -9415.912109
v -2933.259766 -5698.266113 -9442.414062
v -8333.427734 -7505.747070 -8792.878906
v -6879.348633 -4873.271973 -9263.687500
v -3447.590088 -6738.340820 -8944.811523
v -2184.236328 -7188.144531 -10686.758789
v 127.876976 -8570.214844 -11160.420898
v -71.225136 -8560.738281 -11532.960938
v -4936.035156 -4545.536133 -9011.429688
v -4798.375000 -7887.426270 -7620.174805
v -2229.454834 -8860.886719 -10725.979492
v -5801.897949 -5835.780273 -9358.283203
v -750.494629 -8073.691406 -10122.175781
v -2183.911865 -9148.503906 -11011.773438
v -8100.002441 -4547.097656 -9379.206055
v -7843.395020 -4749.914062 -9447.626953
v -4702.521973 -4698.794434 -9171.601562
v -6278.562988 -8500.827148 -9602.630859
v -1326.868042 -9043.892578 -9614.617188
v -2474.401855 -5313.480957 -10594.611328
v -697.175171 -9070.044922 -11701.818359
v -5527.898438 -8305.933594 -7879.806641
v -6352.365723 -9487.343750 -8361.810547
v -1831.200684 -5936.369141 -11180.239258
v -7625.609863 -7734.945312 -9343.050781
v -662.620544 -5974.244629 -11409.014648
v -713.414124 -5341.988770 -11374.953125
v -1694.579468 -4700.750977 -11224.192383
v -3044.756104 -6103.721191 -7782.264160
v -927.808105 -5720.477051 -11470.886719
v -2434.883057 -5694.168945 -8024.502930
v -1545.394653 -4590.960449 -10080.233398
v -1670.479248 -4677.646973 -9213.614258
v -2923.338135 -7178.654297 -9301.335938
v -3122.546143 -7657.891602 -9039.237305
v -5200.452148 -8697.318359 -7718.685059
v -2276.752441 -8549.609375 -10304.400391
v -2297.701416 -7183.591797 -10306.029297
v -2354.121094 -7391.855957 -10037.083008
v -2351.600342 -6460.590332 -10285.733398
v -2760.150635 -8162.230957 -9337.006836
v -2732.613770 -7947.287598 -9323.352539
v -1436.783813 -7995.915039 -11361.982422
v -177.829834 -6465.518555 -10471.708984
v -256.104340 -6715.375977 -10262.544922
v -506.304993 -4792.465820 -11270.557617
v -8152.021973 -5142.336426 -8961.829102
v -8340.893555 -9268.938477 -9102.010742
v -8714.217773 -8849.089844 -8783.498047
v -8695.024414 -8457.317383 -8642.294922
v -4763.730469 -6438.769531 -9357.425781
v -2819.782227 -4479.521484 -9119.844727
v -1763.877075 -8802.997070 -11481.220703
v -2635.222412 -8822.224609 -9738.123047
v -2273.504395 -9107.396484 -10686.490234
v -2207.708984 -6506.082031 -8587.250000
v -6451.863281 -4400.139648 -9402.868164
v -4689.662109 -6735.928711 -7491.034668
v -7690.866211 -6346.157715 -9389.946289
v -3511.344482 -4281.896973 -9465.936523
v -4945.724121 -9192.863281 -7758.261719
v -1299.943970 -5129.511719 -10290.152344
v -1259.254639 -5870.917480 -10071.256836
v -8265.824219 -6536.919434 -8874.603516
v -8216.579102 -5687.533203 -8939.904297
v -2295.575195 -4739.931152 -10959.328125
v -6913.205078 -5066.426270 -9263.405273
v -2120.879150 -5540.201660 -8435.184570
v -8225.894531 -5031.100098 -8272.795898
v -7782.287598 -9378.972656 -8177.648438
v -180.242599 -7407.275879 -11010.560547
v -3583.501953 -6952.631348 -9007.172852
v -7544.488281 -9233.052734 -8159.552246
v -7991.342773 -4194.279785 -8867.961914
v -1548.550049 -4574.231934 -9834.380859
v -1069.121948 -4713.082031 -10275.414062
v -4997.587402 -5945.610840 -9134.208008
v -1444.890259 -8779.499023 -11634.238281
v -7380.861328 -4238.935059 -8939.986328
v -7427.970703 -4203.035156 -8490.141602
v -2292.579102 -5135.929199 -10866.321289
v -2144.336914 -5140.500977 -10901.916016
v -2464.732178 -5448.958984 -10512.184570
v -2361.455566 -4939.095703 -10006.995117
v -2462.272949 -5921.285156 -10273.644531
v -5371.708008 -4219.015625 -8358.571289
v -2296.620361 -5550.287598 -10571.348633
v -6489.424316 -4307.235352 -8233.458008
v -6037.037109 -5739.895996 -8176.935059
v -6688.472168 -7176.243164 -8421.775391
v -3504.552979 -4448.155762 -7721.530273
v -3689.609375 -4310.289062 -7910.845703
v -6673.531738 -5334.476074 -9242.868164
v -3935.171387 -9005.796875 -9318.087891
v -6755.412598 -6608.334473 -9656.802734
v -4831.843750 -5905.289062 -9390.677734
v -1161.857300 -8949.136719 -10189.264648
v -1508.595459 -7722.000488 -11310.182617
v -937.624878 -8648.728516 -11731.788086
v -1592.656982 -8993.093750 -11336.576172
v -1127.953491 -8336.065430 -11676.990234
v -1134.585205 -8614.859375 -11752.502930
v -1577.651367 -8849.500977 -11472.196289
v -1381.014526 -8342.400391 -11613.910156
v -703.389709 -9608.408203 -10941.951172
v -965.992859 -9252.415039 -10225.380859
v -7663.356934 -6849.982910 -8165.583008
v -5469.261230 -9291.189453 -7997.009277
v -368.079285 -8473.561523 -10135.541016
v -1817.965454 -4573.902832 -10598.407227
v -3528.698730 -5106.047852 -9465.566406
v -3248.574707 -4928.016113 -9611.048828
v -572.911499 -5198.119629 -10224.019531
v -4151.618652 -4280.393066 -8714.824219
v -4251.823730 -9426.128906 -8238.417969
v -2268.187744 -5884.368164 -8410.777344
v -8162.829590 -5747.915527 -8365.066406
v -4241.733398 -5790.076172 -7921.989746
v -8030.951660 -7662.581543 -8289.595703
v -5496.894043 -7636.455566 -7827.019043
v -4278.639648 -6216.387207 -9465.059570
v -7915.266602 -8436.099609 -9849.976562
v -3862.747070 -8560.756836 -9303.810547
v -7522.398438 -8990.802734 -9859.063477
v -7023.721191 -5116.354492 -9274.666016
v -4660.991211 -8698.128906 -9774.085938
v -8186.083008 -6539.369141 -8541.763672
v -2915.929688 -4404.257324 -9280.757812
v -2977.147705 -5290.372559 -7741.460938
v -3639.172363 -4613.545898 -9589.426758
v -4907.811035 -5070.241211 -7936.614746
v -5146.562012 -5063.780273 -7889.904297
v -5163.825195 -5409.851562 -7642.654785
v -2088.066162 -4540.965332 -10915.774414
v -6521.470703 -8765.161133 -8380.990234
v -2850.183350 -5754.595703 -8070.900391
v -2039.992676 -9351.165039 -8533.549805
v -2160.969971 -9157.794922 -8403.969727
v -159.552826 -7330.711426 -10867.324219
v -2089.836182 -8133.675781 -10877.948242
v -3696.139893 -8823.250000 -7983.448242
v -3837.304199 -8901.010742 -8027.938477
v -7751.550781 -8445.291016 -8079.953125
v -3961.337646 -5717.044922 -7844.035156
v -4143.901855 -5653.354492 -7801.266602
v -7950.794434 -6157.818848 -9339.931641
v -2542.400635 -6595.146484 -8252.952148
v -2740.303223 -6549.311523 -8054.155273
v 109.505508 -8335.337891 -10845.831055
v -8441.330078 -8113.571289 -9031.823242
v -895.106201 -4529.965332 -10325.814453
v -7604.622070 -8282.832031 -8116.474121
v -7762.573730 -7373.365234 -8148.689453
v -7997.160645 -7057.835449 -8216.309570
v -8592.322266 -9181.674805 -8674.739258
v -7511.482422 -7012.667969 -9324.503906
v -3558.934326 -5289.291016 -7639.946289
v -4565.973145 -6292.361328 -7731.279785
v -7187.289062 -7915.441406 -9969.400391
v -4245.639160 -7829.497070 -7523.040039
v -1479.720581 -8886.053711 -8900.606445
v -7970.475098 -4228.377930 -8206.782227
v -7927.982910 -4320.613770 -8089.649414
v -8018.292480 -4599.034180 -8132.052734
v -7835.720215 -4756.782715 -8005.682617
v -7873.641602 -5306.640137 -8054.270508
v -8212.776367 -7163.732910 -9174.421875
v -5175.622559 -9455.701172 -8212.458008
v -3456.117432 -6086.364746 -9058.153320
v -7975.626465 -9320.011719 -9348.178711
v -5799.490723 -8832.114258 -7913.339844
v -7009.428223 -6469.331543 -9708.583008
v -6919.861816 -5846.958496 -9637.649414
v -1751.218628 -5372.410156 -11257.000000
v -1909.083618 -5436.996094 -11204.044922
v -1791.102783 -5849.008789 -11310.147461
v -1960.257446 -5554.185059 -11145.853516
v -1923.070068 -5745.662598 -11024.991211
v -178.891830 -4946.411133 -11057.856445
v -2361.454346 -6444.059570 -10530.561523
v -5803.776855 -5176.363281 -9280.806641
v -1274.209106 -5386.169922 -10146.874023
v -8358.431641 -4321.205566 -8876.403320
v -4578.985352 -8176.835938 -7777.215820
v -4450.886719 -8280.811523 -7740.733398
v -5828.037109 -4950.079102 -9403.656250
v -5443.714355 -4866.571289 -9227.161133
v -4998.342285 -8250.073242 -7828.522949
v -8218.854492 -9004.540039 -9542.763672
v -7748.249023 -9265.635742 -9543.382812
v -7948.865723 -9131.184570 -9670.810547
v -3188.748047 -5459.673340 -7794.468262
v -5738.104004 -5043.600098 -7651.263672
v -7317.572754 -7432.547852 -9538.956055
v -2033.274170 -4591.661133 -9555.570312
v -180.665421 -9283.207031 -11308.134766
v -5280.379395 -5880.329102 -7741.402344
v -5164.355469 -4911.523438 -7853.705078
v -4268.941895 -8585.727539 -7671.646973
v -3348.626465 -5819.542969 -9120.333984
v -550.754883 -4491.963379 -10971.094727
v -727.908447 -4487.851074 -10495.273438
v -132.716003 -7649.990234 -11001.811523
v -8084.192871 -5616.765625 -9232.729492
v -4277.966309 -5699.338379 -7729.113770
v -5132.994629 -9081.612305 -9689.935547
v -5554.127441 -5997.230469 -9144.891602
v -2177.617432 -5690.629883 -8495.115234
v -1695.818604 -5096.888672 -8738.265625
v -1737.712769 -8028.256348 -11272.525391
v -1259.916992 -9410.202148 -11266.518555
v -6136.442871 -4621.852051 -9517.864258
v -594.800476 -5498.968750 -10063.975586
v -312.880341 -5329.281738 -10305.364258
v -8657.317383 -8290.754883 -8673.760742
v -7586.896973 -7780.602051 -9483.752930
v -7934.976562 -8315.598633 -9742.000000
v -6622.581543 -8312.799805 -9853.805664
v -777.182129 -4966.148926 -11195.384766
v -1825.233521 -9139.754883 -8585.625000
v -6455.226074 -7755.752441 -9738.085938
v -6755.934570 -7986.452637 -9828.439453
v -2842.792969 -4663.003906 -9537.145508
v -2813.993164 -4822.539062 -9549.953125
v -2178.760010 -4542.556641 -8799.638672
v -6384.780762 -6091.923340 -9098.798828
v -2369.427490 -4561.499512 -10633.593750
v -8105.698730 -8547.269531 -7976.168945
v -4764.598145 -6459.040527 -7677.955078
v -6838.760742 -7345.519043 -9561.500977
v -4578.433594 -4555.191406 -9247.623047
v -1478.879639 -4848.375977 -9595.130859
v -8361.564453 -5409.356934 -8784.729492
v -8445.656250 -8998.439453 -8274.093750
v -5342.040527 -5213.618164 -7758.192383
v -4783.795898 -7748.206055 -7546.848145
v -5137.770996 -6899.437500 -7729.316406
v -2960.208008 -9183.373047 -8142.703125
v -6838.834961 -4343.569824 -9259.438477
v -247.657867 -5621.538574 -11123.031250
v -1845.484253 -7525.416016 -11099.833008
v -1856.698853 -4914.787109 -11161.570312
v -1653.679321 -4844.924805 -8689.914062
v -2414.417969 -5163.754395 -9898.540039
v -2416.000732 -5425.362305 -9919.213867
v -7378.959961 -4151.542969 -9084.403320
v -7609.354980 -4127.335449 -9079.252930
v -409.376984 -7145.364258 -10173.836914
v -336.602692 -5001.896973 -10525.814453
v -219.249420 -5336.069336 -10544.266602
v -1133.022827 -4573.061523 -11188.923828
v -3194.489014 -5004.071777 -7512.423828
v -6582.391602 -6746.187012 -9414.038086
v -1915.928711 -5124.984863 -11154.244141
v -7618.925781 -5253.648438 -9423.238281
v -2503.032227 -5899.782715 -9861.040039
v -6459.848633 -6142.412109 -9443.985352
v -2921.186279 -8889.216797 -8116.295410
v -7630.668457 -9502.970703 -9200.448242
v -950.006958 -6257.138184 -11470.002930
v -858.264343 -6502.608398 -11466.159180
v -3083.119385 -6123.786621 -9283.178711
v -2958.288818 -6495.837402 -9463.147461
v -3248.068604 -7617.094727 -8975.519531
v -7139.719727 -9322.661133 -8434.121094
v -4000.083008 -4286.626953 -8878.799805
v -4916.739746 -5295.984375 -9274.713867
v -4655.136719 -9076.161133 -9633.056641
v 54.550343 -8616.228516 -11432.297852
v 46.228462 -8909.069336 -11434.306641
v 26.294817 -8229.970703 -11173.573242
v -1580.465210 -6620.554688 -11248.808594
v -233.829453 -8935.140625 -11651.837891
v -28.390017 -8790.188477 -11554.779297
v -1295.102661 -8295.584961 -9314.764648
v -2431.701904 -5564.305664 -10304.103516
v 92.958008 -8769.204102 -11408.633789
v -5972.963867 -4392.269531 -7743.348633
v -6837.473145 -4275.425293 -8479.945312
v -6810.902344 -9041.904297 -8351.720703
v -5835.214355 -4332.165527 -7818.290527
v -1988.610352 -6296.277832 -11117.668945
v -4824.324219 -9211.630859 -9438.889648
v -4116.722656 -4397.295898 -9412.469727
v -5736.473633 -9233.748047 -9288.012695
v -120.850090 -9172.244141 -10319.623047
v -1812.922729 -9109.004883 -11374.110352
v -1566.159058 -8745.291016 -11499.112305
v -3232.142822 -9064.464844 -9228.899414
v -2941.483154 -8688.613281 -9444.001953
v -8173.131348 -7025.851562 -8399.814453
v -2383.769531 -9411.845703 -9738.915039
v -1929.480347 -5047.716797 -11069.899414
v -2225.924316 -9344.946289 -10343.904297
v -1693.552979 -5219.869629 -11231.981445
v -1809.414917 -7817.177734 -11126.214844
v -5719.393066 -8710.504883 -7946.186035
v -7641.790527 -7282.993652 -9380.116211
v -2119.217041 -8658.509766 -8623.908203
v -2014.148560 -8841.317383 -8537.625977
v -312.505188 -4818.615723 -11252.941406
v -663.953308 -4688.417480 -11338.136719
v -904.141235 -4591.010742 -11313.344727
v -8021.872070 -4177.705566 -8433.057617
v -3119.046387 -8471.002930 -9276.117188
v -8552.747070 -8574.704102 -8323.311523
v -3081.722168 -4380.517090 -9406.736328
v -5542.019043 -9529.207031 -8346.352539
v -2526.183350 -9078.740234 -9877.834961
v -391.305084 -4859.068848 -10221.243164
v -8467.172852 -7948.002930 -8582.273438
v -8321.299805 -7480.565918 -8739.057617
v -6802.448730 -6954.283691 -8434.823242
v -6039.889648 -4687.726562 -7860.555664
v -4462.241211 -5297.581055 -9120.435547
v -6122.827637 -4279.033691 -8090.512207
v -7347.716797 -5677.060059 -9673.414062
v -2376.573242 -8270.341797 -9818.683594
v -7395.089844 -6647.837891 -9680.514648
v -1665.201416 -8906.164062 -11442.936523
v -544.526855 -9156.437500 -10052.982422
v -2118.612549 -5562.766602 -10941.916992
v -1836.868652 -5808.947754 -11174.841797
v -1349.332275 -4545.903809 -10549.596680
v -1897.002441 -5272.396484 -11205.333984
v -1601.158081 -6383.286133 -11293.219727
v -3833.840576 -5044.676270 -9311.162109
v -1549.932983 -6003.463379 -11457.531250
v -1402.258911 -6463.257324 -11382.199219
v -3285.576904 -8592.069336 -9279.407227
v -303.105133 -4952.366699 -10357.500977
v -7350.168457 -6113.615723 -9762.112305
v -450.187073 -4928.291016 -11277.625000
v -378.638519 -8174.636230 -10190.023438
v -7173.489746 -7102.772461 -9584.135742
v -7805.536621 -5925.180664 -9382.898438
v -3054.781006 -7955.233887 -9163.476562
v -2792.114990 -7235.042480 -9361.384766
v -3558.193115 -5397.394043 -9117.037109
v -386.072021 -4579.520020 -11025.017578
v -6314.741211 -7424.653809 -8262.088867
v -2869.321289 -8017.168457 -9234.244141
v -2203.289795 -5474.883789 -10613.711914
v -8374.710938 -7768.901367 -8686.900391
v -2359.182129 -5885.566895 -10703.897461
v -1885.725342 -6147.416016 -11132.064453
v -6383.379883 -4266.939941 -8409.546875
v -148.299561 -8202.167969 -10345.966797
v -6363.694336 -7066.005859 -8276.322266
v -7492.729980 -5971.976074 -9722.540039
v -6080.826660 -6415.024902 -8272.799805
v -6373.738281 -5380.316406 -8261.663086
v -6319.861816 -4742.131348 -8026.984863
v -6341.009766 -6243.684082 -8272.791992
v -6688.659180 -4641.877441 -8135.552246
v -6080.736328 -4389.918945 -7782.761230
v -6138.746582 -4716.900879 -7914.854492
v -2029.814941 -5349.922363 -11116.693359
v -6455.111328 -4425.468262 -8018.354980
v -2295.422607 -5823.794922 -8292.349609
v -735.523010 -9524.188477 -11177.105469
v -397.220947 -9291.121094 -11485.889648
v -1215.700562 -4885.627930 -11256.651367
v -1608.011597 -4580.949219 -11177.566406
v -839.890808 -4813.005859 -11354.597656
v -7626.151855 -9045.757812 -8065.964355
v -2986.760254 -8266.503906 -9239.282227
v -1531.436890 -5186.824219 -9432.125977
v -5788.923340 -4223.853027 -9103.810547
v -4693.469727 -4411.754395 -7800.333008
v -2578.898682 -9497.407227 -8949.967773
v -5564.746582 -7149.065430 -7840.849609
v -6270.692871 -9444.244141 -8234.627930
v -2708.964600 -6314.224121 -8151.186523
v -3885.688965 -8369.017578 -7815.517090
v -3916.125732 -8087.899414 -7786.002930
v -5889.220703 -5045.805176 -7692.657715
v -2644.554932 -4947.556641 -9730.085938
v -7990.079590 -9655.899414 -8668.643555
v -1475.644897 -5619.438477 -11455.257812
v -5789.190918 -9522.468750 -8277.990234
v -6125.864746 -9531.118164 -8591.939453
v -5190.385742 -9488.785156 -8318.628906
v -5914.122070 -9495.164062 -8734.125000
v -3236.734863 -4344.511719 -8677.887695
v -6747.851074 -9112.359375 -9703.271484
v -2816.656006 -5309.051758 -8056.147949
v -1175.589478 -5984.753906 -10156.258789
v -976.181641 -5709.671387 -10176.953125
v -1386.012329 -8490.740234 -9704.331055
v -3552.804932 -6527.286621 -9112.255859
v -8343.044922 -4772.848633 -8669.058594
v -8268.830078 -5273.905762 -8703.894531
v -1626.032593 -9211.166992 -8899.376953
v -3102.744141 -9475.570312 -8326.867188
v -3459.354004 -9480.178711 -8248.770508
v -7168.655762 -7790.804688 -9890.610352
v -6647.517090 -4213.239258 -8988.748047
v -1329.377563 -5183.919922 -11363.399414
v -2302.081299 -4592.346680 -10867.430664
v -2005.148438 -4558.972656 -10635.886719
v -8124.750000 -6591.262207 -8266.047852
v -5362.095703 -4301.191895 -9129.622070
v -5731.055664 -4385.213379 -9471.261719
v -5887.441406 -4301.857422 -9417.961914
v -4735.553223 -6670.911621 -9249.162109
v -1987.312500 -9417.566406 -8659.681641
v -5038.499512 -8186.172363 -9456.279297
v -2765.184814 -4410.227051 -8362.828125
v -4249.344727 -6907.205566 -9277.365234
v -201.859421 -7542.104980 -11119.058594
v -6641.558594 -4367.343262 -9284.208984
v -1399.031494 -6216.163574 -9478.803711
v -1341.645508 -6122.025879 -9284.291992
v -3161.829834 -4453.722168 -7866.728516
v -5108.451172 -6619.888672 -9121.446289
v -2096.042969 -6856.757324 -10864.244141
v -4401.445801 -6531.520508 -7692.603027
v -2435.849854 -4615.067383 -8253.384766
v -5965.502441 -7406.229980 -9520.761719
v -2111.521729 -5611.891602 -8675.675781
v -3135.490723 -6007.438965 -7801.691406
v -6254.437988 -8992.651367 -8070.734863
v -7832.798340 -7858.586914 -8107.833496
v -5037.946289 -6209.760742 -7833.855957
v -2339.370605 -8192.972656 -10004.476562
v -3716.970947 -7420.848633 -8888.750977
v -5268.936035 -5161.835449 -9276.723633
v -6423.644043 -6031.075684 -9175.514648
v -6703.381836 -5428.901855 -9268.951172
v -4767.328613 -6916.817871 -9024.315430
v -2991.808350 -5627.434082 -7912.449707
v -6147.874512 -9141.495117 -8032.086426
v -3062.653076 -7235.253418 -7847.527344
v -7901.329102 -4495.571289 -9438.848633
v -1369.825928 -8030.956055 -9595.882812
v -4260.998047 -8223.379883 -7645.342285
v -4626.233887 -7920.347656 -7526.432129
v -2257.179199 -8190.145996 -10530.233398
v -8141.497070 -8020.560547 -8138.732910
v -5782.187012 -5788.708984 -9393.305664
v -4871.042480 -5239.684570 -7644.176270
v -3143.484375 -6715.590332 -9113.230469
v -3041.209961 -6853.083496 -9247.147461
v -4125.799805 -4731.810059 -7465.190918
v -1372.734863 -9079.462891 -9828.555664
v -715.805969 -7432.238281 -11472.537109
v -1099.773071 -7049.304688 -11470.786133
v -1166.656250 -7471.917969 -11520.773438
v -4666.999023 -9263.769531 -7782.344238
v -7359.676758 -7706.676270 -9702.510742
v -1830.105347 -4844.043457 -8432.156250
v -2451.738037 -4616.109863 -10375.000000
v -4059.334717 -5900.033691 -9446.818359
v -2902.620605 -6854.546875 -7979.737305
v -5070.474121 -5960.190918 -9074.971680
v -5058.371582 -9397.841797 -8104.254395
v -4710.689453 -6618.456055 -7524.538086
v -6394.017090 -7871.364258 -8280.400391
v -6111.660645 -7743.100098 -8190.704102
v -5814.617676 -6811.869141 -8055.950684
v -2170.177979 -4543.215820 -8546.972656
v -8180.788574 -8428.738281 -9375.421875
v -1705.269531 -7658.471191 -8687.621094
v -2563.491455 -5321.707031 -8015.242676
v -2463.739990 -5278.430176 -8156.100586
v -2512.167480 -5109.117188 -8097.509766
v -7844.503418 -4236.698730 -8608.749023
v -7564.849121 -9613.435547 -8614.752930
v -7873.920410 -9671.558594 -8603.752930
v -5405.694336 -5667.890625 -9356.765625
v -3545.454834 -7732.587891 -7734.173340
v -509.651093 -4631.314453 -10273.243164
v -6460.259277 -6726.100098 -9354.837891
v -8308.718750 -4321.424316 -8441.164062
v -5318.148926 -8420.199219 -9546.970703
v -177.352142 -5491.233887 -10436.837891
v -7743.724121 -6535.601562 -8122.801758
v -1316.755981 -7690.435547 -11471.995117
v -1730.027832 -5054.589844 -11116.075195
v -6054.882812 -8243.863281 -9672.450195
v -2296.312256 -5224.407227 -8155.303223
v -2193.896240 -8615.554688 -10683.517578
v -385.498962 -7543.100098 -11315.040039
v -6604.433105 -6382.730469 -9621.509766
v -5150.551270 -4259.743164 -7920.828125
v -3676.289307 -9016.364258 -7909.006348
v -4586.432617 -9001.257812 -9662.273438
v -8208.772461 -8857.620117 -9606.266602
v -6798.341309 -8382.355469 -10056.725586
v -3638.838867 -6711.553223 -7683.271484
v -1099.314087 -9451.978516 -10427.687500
v -1414.711304 -9497.415039 -10573.638672
v -1093.965454 -5287.963379 -10262.161133
v -2546.570068 -4851.351074 -10476.186523
v -2069.746826 -9481.058594 -9971.549805
v -3406.078857 -7086.908203 -8911.858398
v -2396.472900 -5902.990723 -10098.500000
v -3567.273682 -6206.648926 -7954.755859
v -5119.807129 -7932.712402 -7745.312988
v -948.209778 -5338.614258 -11401.613281
v -1274.461670 -8615.925781 -9444.947266
v -3059.446045 -6961.545410 -7916.937500
v -6446.914551 -4228.055176 -9108.776367
v -1546.089355 -5119.654297 -9060.618164
v -5272.275391 -5929.359863 -9220.860352
v -2567.087158 -6491.148438 -8242.536133
v -6304.041504 -4200.662109 -8856.688477
v -7824.478516 -4171.303711 -9073.012695
v -8248.041992 -4256.399414 -8954.385742
v -5980.608887 -7737.965332 -8002.119141
v -3827.625732 -7909.153320 -8997.149414
v -3676.765869 -7711.447266 -8917.987305
v -4348.459473 -9328.200195 -7881.541992
v -5500.686035 -5141.981934 -7728.850098
v -3803.706299 -6413.962891 -7843.379883
v -1252.884644 -4772.658203 -10228.029297
v -1375.798950 -4886.936035 -10254.377930
v -6290.753418 -8283.487305 -8288.217773
v -2116.329346 -5734.107422 -8613.472656
v -7388.414062 -7692.000977 -8314.859375
v -3506.066406 -6811.684082 -7718.622559
v -3264.303467 -6985.165039 -7858.555664
v -1479.361572 -4645.020020 -10144.232422
v -1713.730225 -6673.418457 -8797.043945
v -1716.262817 -7180.023438 -8785.065430
v -5109.893066 -8789.358398 -7645.979980
v -4842.981934 -6778.543945 -9071.493164
v -8588.911133 -9133.725586 -8889.026367
v -8035.266113 -7428.150391 -9260.928711
v -7714.568359 -7539.142090 -9369.122070
v -5310.499023 -4943.373047 -9069.762695
v -4343.998535 -6250.768066 -7707.825195
v -3346.096191 -6132.568848 -7764.920410
v -8109.717285 -5114.759766 -9138.708008
v -7158.266602 -5532.838867 -9556.506836
v -4021.392578 -4283.440918 -9385.517578
v -5849.095703 -5741.000488 -8082.185547
v -6029.256348 -7303.054688 -8210.943359
v -7355.650879 -9207.727539 -8281.926758
v -675.056152 -8741.440430 -11714.996094
v -6417.960449 -5360.768066 -9340.266602
v -4522.056152 -4668.112305 -9252.580078
v -8090.650879 -4980.806152 -8207.025391
v -1498.594971 -9290.686523 -9668.200195
v -1478.237061 -9345.007812 -10079.447266
v -8118.449219 -7299.896973 -8311.256836
v -4087.397217 -7322.888672 -7508.981445
v -7700.078125 -9569.212891 -8390.453125
v -467.145233 -5390.575684 -10112.038086
v -1426.401367 -8399.357422 -9168.590820
v -1620.317139 -9310.001953 -9261.302734
v -8351.891602 -8801.684570 -8129.588867
v -1607.111694 -4918.355957 -8970.671875
v -1628.117310 -8690.297852 -8622.831055
v -243.479614 -8458.679688 -10196.370117
v -373.387909 -8879.095703 -11706.305664
v -1338.346924 -5806.301758 -9913.782227
v -2082.344727 -8462.072266 -11054.271484
v -2042.704102 -8222.187500 -10911.555664
v -1108.939331 -5901.125977 -10235.841797
v -1307.781372 -6946.709961 -10035.985352
v -1752.496582 -8391.663086 -11433.258789
v 3.949755 -8485.049805 -11421.193359
v -6913.950195 -4795.151855 -8313.783203
v -6356.208008 -7892.638184 -9724.614258
v -583.458130 -4566.003418 -11182.973633
v -754.237915 -4614.770508 -11333.587891
v -2905.068848 -5317.829590 -9330.066406
v -7112.570312 -5253.634766 -9481.044922
v -2446.984863 -4651.998047 -10023.791016
v -4446.315430 -9169.433594 -9410.510742
v -3840.693604 -6117.081055 -7831.481934
v -4195.662109 -5985.314453 -7849.104004
v -3142.245605 -9455.522461 -8831.843750
v -3326.379639 -9449.447266 -8180.638672
v -4114.291992 -9405.593750 -8110.984863
v -4291.078613 -6105.920898 -7831.989258
v -3817.761963 -9448.121094 -8664.630859
v -4038.840576 -6486.062988 -7721.404297
v -4847.052734 -9434.054688 -8169.780762
v -3648.074951 -9395.915039 -8854.140625
v -3836.184082 -5729.412109 -7804.292480
v -4901.040039 -9215.774414 -9175.587891
v -3882.393799 -6325.638672 -7834.755859
v -4329.388672 -5976.894043 -7816.742676
v -4043.624268 -6333.128418 -7861.206055
v -3836.453613 -5554.863770 -7814.398438
v -5887.195312 -9538.932617 -8617.613281
v -3954.177979 -9445.055664 -8318.666016
v -4201.616211 -5899.047363 -7870.376465
v -3841.840576 -9461.603516 -8506.342773
v -5917.279297 -8164.627930 -9584.378906
v -2749.799072 -9269.254883 -8270.649414
v -7805.184570 -6180.585938 -8150.927246
v -2323.489746 -5385.751953 -10662.721680
v -6557.406250 -5956.619141 -9540.531250
v -3807.487305 -4501.551270 -7617.726562
v -3070.088379 -8391.932617 -7921.443359
v -7330.684570 -9481.872070 -8725.208008
v -1369.106445 -5797.571777 -9472.493164
v -432.934723 -5423.555664 -11250.101562
v -7167.439453 -4295.315430 -9326.517578
v -1742.930908 -9129.685547 -8724.979492
v -2549.825439 -4927.760254 -10718.969727
v -875.990967 -4570.466309 -10269.352539
v -1369.614380 -9038.215820 -9418.050781
v -6314.620605 -5859.770996 -9202.308594
v -8024.381836 -4810.997070 -9356.368164
v -1537.003540 -7611.114746 -8870.361328
v -1307.090454 -8594.677734 -10150.247070
v -6798.659668 -4261.125977 -9207.528320
v -173.175690 -6753.342285 -10770.948242
v -8151.023438 -5963.878906 -8506.583984
v -8167.689453 -7692.956055 -8315.962891
v -2876.659180 -8410.046875 -8138.440918
v -7602.856934 -5711.287109 -8140.434082
v -522.070251 -7545.902832 -11367.806641
v -864.587280 -5207.302246 -11350.495117
v -6866.286621 -5233.609375 -9234.944336
v -781.787659 -9608.787109 -10633.517578
v -7414.496094 -8556.138672 -10023.278320
v -7484.659180 -8051.232910 -9926.469727
v -7895.692871 -8141.924805 -8035.060547
v -2054.207764 -4496.723145 -9918.794922
v -1667.901367 -4549.964844 -9968.763672
v -1915.273804 -4556.424316 -9822.402344
v -8215.781250 -4354.949219 -9162.157227
v -4391.264648 -9221.687500 -7769.944336
v -5969.440430 -8552.666992 -9625.899414
v -6461.502441 -5033.885254 -9382.804688
v -2287.859863 -6882.327148 -10391.283203
v -879.427979 -5357.687012 -10165.344727
v -4953.591309 -7014.045898 -7587.564453
v -8250.320312 -6927.626465 -8977.666016
v -3791.450439 -4911.829102 -7438.188965
v -5932.084961 -8608.114258 -7911.124512
v -5946.980469 -8326.424805 -7936.426758
v -2579.378174 -4722.934570 -8053.103027
v -2117.640625 -6541.787598 -8688.932617
v -3552.733887 -9327.359375 -8985.268555
v -3787.354980 -9174.002930 -9109.738281
v -7403.655273 -9452.689453 -9245.228516
v 165.512772 -8672.057617 -10959.170898
v -2784.191406 -5865.213867 -9594.529297
v -5572.015137 -4300.779785 -9301.863281
v -483.264954 -5867.514648 -10064.770508
v -2693.983643 -4581.228027 -9544.092773
v -6896.851074 -9188.011719 -9621.053711
v -2418.237549 -5883.862793 -9997.480469
v -1603.588013 -5367.020996 -11398.534180
v -5130.569824 -8536.825195 -7686.979004
v -6522.410156 -7970.702637 -9776.563477
v -8324.002930 -4462.398926 -9027.037109
v -3146.665283 -5348.190918 -9181.170898
v -3027.361328 -5249.287109 -9299.795898
v -2823.700684 -4959.783203 -9524.205078
v -3894.736572 -8378.001953 -9267.928711
v -3290.081543 -9271.842773 -9113.506836
v -4023.648438 -7057.948242 -7573.813477
v -1664.468628 -5977.289062 -8886.813477
v -2151.814941 -6361.715820 -8730.976562
v -8369.864258 -7951.207520 -9053.206055
v -7625.356445 -8774.216797 -9964.941406
v -2427.787842 -6908.655762 -9929.922852
v -6315.855469 -8109.502930 -9741.348633
v -4877.687012 -7280.830566 -9147.385742
v -5350.264160 -8201.183594 -9519.982422
v -1131.990479 -6421.284668 -11434.864258
v -582.140198 -6008.662109 -10021.988281
v -8216.754883 -6984.990723 -8697.917969
v -8177.241699 -6954.806641 -8538.869141
v -7705.974121 -6255.787109 -9523.075195
v -8130.450684 -5538.755371 -9163.370117
v -5701.842285 -6633.618164 -8031.678223
v -5520.964355 -6461.040527 -7997.822266
v -827.925537 -9437.842773 -10304.243164
v -1450.490723 -7035.579102 -9100.803711
v -890.119446 -9608.376953 -11022.860352
v -5810.479492 -4851.651367 -7645.189453
v -5107.097656 -4234.509766 -8644.515625
v -4749.109863 -4341.022461 -9020.319336
v -4140.846680 -8317.621094 -9348.033203
v -5759.596680 -6208.741699 -8121.957520
v -1484.181763 -7533.506836 -11341.420898
v -6088.636230 -6777.261719 -8284.873047
v -1689.260498 -4750.985352 -8886.305664
v -656.346436 -5079.363281 -10104.409180
v -1256.535522 -4533.902344 -10318.911133
v -3355.908447 -4879.642090 -7521.065430
v -5000.194336 -9035.079102 -7684.164551
v -7181.494629 -4348.307617 -8288.581055
v -8088.481934 -4318.218262 -8177.852539
v -8304.590820 -4720.999512 -8233.373047
v -8302.326172 -4407.191895 -8353.957031
v -4562.304688 -6598.988770 -7515.910156
v -2548.244141 -7133.106445 -9722.764648
v -7885.120117 -9665.338867 -8760.129883
v -5265.692871 -9282.558594 -8024.855469
v -199.960342 -7416.027344 -10454.762695
v -7044.308105 -8991.815430 -8374.635742
v -7308.202148 -9057.679688 -8296.558594
v -3313.997559 -8502.597656 -7865.352539
v -2760.739990 -6101.813477 -8002.937012
v -3108.878418 -6304.210449 -7864.954590
v -7405.060059 -5829.295898 -9717.767578
v -314.046692 -8760.451172 -10118.279297
v -1858.841309 -7208.432617 -11096.130859
v -2822.872070 -4547.156250 -9472.916016
v -1980.216064 -6136.026367 -8677.632812
v -6212.637207 -5900.142578 -9197.199219
v -3487.450684 -4481.549316 -9581.949219
v -3546.455322 -4961.647949 -9560.477539
v -4884.899414 -8757.381836 -9808.960938
v -1343.311157 -7278.279297 -9666.118164
v -1431.761230 -6728.544922 -9520.479492
v -1401.096558 -7213.204102 -9586.661133
v -1352.647827 -8072.428711 -9712.220703
v -6526.736328 -8284.053711 -8339.611328
v -3740.838623 -6486.084961 -7825.103027
v -8361.864258 -5641.810547 -8760.682617
v -5982.216797 -6794.366211 -9273.893555
v -6679.637207 -7284.962891 -9418.503906
v -6455.079102 -7097.945801 -9484.603516
v -2276.180176 -4514.892578 -9848.752930
v -8221.519531 -5111.818848 -8800.645508
v -6159.954590 -5060.340332 -7886.438477
v -7869.076172 -5135.885254 -9314.757812
v -6130.476074 -8968.656250 -9598.932617
v -3955.671875 -6537.857910 -9347.202148
v -4078.386475 -7763.989746 -7563.708008
v -6630.818848 -8501.914062 -9994.606445
v -5347.349609 -4761.606445 -9235.549805
v -215.879456 -5388.672852 -10808.745117
v -3635.368652 -4207.762695 -9343.437500
v -3071.714600 -7064.507324 -7928.526855
v -4934.421387 -6405.640625 -7738.445801
v -8021.796387 -4392.023438 -9357.885742
v -358.219086 -6449.258789 -10146.790039
v -8287.427734 -8816.557617 -9397.439453
v -7535.281250 -7606.224609 -9381.011719
v -3896.841064 -4669.883301 -9482.020508
v -3828.695312 -4550.077148 -9505.099609
v -3899.621826 -7655.110352 -8877.603516
v -1765.126221 -9505.653320 -10588.164062
v -1824.141357 -9518.212891 -10757.196289
v -3614.583984 -4670.108398 -7536.576660
v -727.240479 -8946.445312 -10036.468750
v -5675.824707 -5439.361328 -7805.303223
v -5588.370605 -5348.355469 -7756.522461
v -2664.490967 -5223.577148 -8128.051270
v -3084.262939 -6465.831055 -7737.637207
v -7938.106445 -4718.216797 -8010.189941
v -7846.669434 -7473.297852 -8151.310059
v -3841.094238 -5440.863770 -7739.572754
v -4117.327148 -5214.014160 -7638.816895
v -3860.971191 -4255.382812 -9073.604492
v -7385.170898 -4165.603027 -9208.100586
v -3948.369141 -8701.919922 -7927.533203
v -3854.016357 -8696.816406 -7930.138672
v -3773.894043 -7123.329102 -7785.368652
v -8494.236328 -9034.918945 -9104.375977
v -7205.825684 -8670.711914 -8421.625000
v -2675.541748 -8997.704102 -8231.051758
v -6772.483887 -8114.787109 -9778.622070
v -3966.748291 -4397.284180 -7744.611328
v -6247.839844 -7660.454102 -8281.732422
v -6755.866211 -7541.718750 -9638.659180
v -1973.244263 -9505.129883 -10677.798828
v -4062.447021 -7309.499023 -9113.512695
v -4342.162109 -7634.586914 -9004.017578
v -2800.807617 -5045.709961 -7735.307129
v -417.032227 -7890.742676 -10189.833008
v -1192.994751 -5084.165527 -11256.465820
v -2834.251953 -8772.414062 -8201.120117
v -5381.418457 -6284.580566 -7982.428711
v -4057.464111 -9367.768555 -8023.257812
v -6410.132324 -8500.917969 -8319.563477
v -3354.850342 -8883.443359 -9234.827148
v -5890.580078 -4361.913086 -9489.166992
v -8545.754883 -8346.515625 -9004.849609
v -1409.802979 -4929.909668 -9999.949219
v -2457.472656 -4692.504883 -10163.140625
v -1328.488037 -5603.377930 -10001.889648
v -1000.479126 -4499.188965 -10671.290039
v -3492.085205 -9259.264648 -7963.008789
v -3349.405762 -8819.791992 -7951.744141
v -3537.635010 -8909.677734 -7904.331055
v -2577.194092 -9418.314453 -9505.997070
v -4499.611816 -5161.168945 -7810.125000
v -8246.545898 -5759.824707 -8715.755859
v -4556.271973 -7318.900391 -7449.411621
v -7543.777832 -8676.291016 -8147.544922
v -4499.984375 -7276.492676 -9130.326172
v -1987.307251 -7548.926758 -8669.672852
v -2454.780029 -8959.585938 -10072.387695
v -4390.608887 -8064.459961 -9344.173828
v -4160.526855 -5295.022461 -7754.680176
v -4717.496094 -5220.098145 -7672.659180
v -4815.789551 -5463.407227 -7547.641602
v -4191.070312 -5498.963379 -7705.562988
v -5212.391113 -4763.011230 -7731.874512
v -4869.354492 -4929.097168 -7850.760254
v -7119.317871 -9457.834961 -9139.160156
v -7805.767578 -4912.787109 -9335.426758
v -1842.394531 -5410.736328 -8593.745117
v -6341.958984 -6564.007324 -9328.471680
v -6395.917480 -6331.193848 -9223.469727
v -5025.787109 -7469.680664 -7738.866699
v -6265.493164 -8801.992188 -8073.185547
v -6022.006348 -4837.467773 -9505.654297
v -6041.000977 -5110.615234 -9421.425781
v -4703.159668 -8338.218750 -7703.276855
v -2184.354004 -7655.884766 -10698.884766
v -2235.531494 -7597.187988 -10563.169922
v -8079.815430 -6089.459473 -8259.641602
v -4927.033691 -8433.368164 -9667.072266
v -8316.226562 -4873.377930 -8745.629883
v -6642.659180 -4494.023438 -9318.121094
v -5671.212891 -5258.588867 -9372.093750
v -1299.498169 -8927.943359 -10040.315430
v -6823.797363 -7826.741699 -9791.388672
v -2433.935547 -6364.586914 -8318.165039
v -2471.103760 -6106.073242 -8169.805176
v -4608.732422 -6463.076172 -9396.655273
v -1402.287598 -7411.090332 -9163.925781
v -5441.939453 -4190.337891 -8035.941406
v -5128.736328 -4228.359863 -8008.074219
v -5496.690430 -4452.339844 -9328.905273
v -392.188049 -5364.482910 -11183.144531
v -602.168762 -5014.145020 -11215.698242
v -8228.929688 -6387.236328 -9213.586914
v -6614.807617 -5459.014160 -9249.907227
v -3807.562988 -4292.319824 -8257.346680
v -2890.421143 -5447.277344 -7978.598633
v -6547.552734 -5737.166016 -9180.734375
v -116.082588 -7775.229004 -10751.522461
v -666.879761 -4890.100586 -10108.818359
v -2557.976807 -5315.635254 -9785.935547
v -2035.764038 -9366.878906 -10979.410156
v -2077.445801 -9439.389648 -10727.998047
v -8251.474609 -7631.244629 -8577.727539
v -4988.054199 -6477.101562 -9123.936523
v -4960.133789 -6693.935059 -9077.873047
v -4442.379883 -8202.994141 -7698.011230
v -5082.819824 -6373.063477 -9117.681641
v -5120.076172 -9456.891602 -8625.835938
v -5239.656250 -6069.182129 -9056.823242
v -4023.073486 -7619.194336 -8951.922852
v -6473.682129 -7555.570801 -9671.925781
v -633.270203 -9033.323242 -10005.831055
v -3443.646240 -7252.960938 -7761.093750
v -7395.243652 -7682.077637 -9479.275391
v -3497.333740 -4980.124512 -7503.678223
v -79.401726 -9270.716797 -10978.144531
v -238.896530 -9339.397461 -10377.346680
v -6943.117188 -6682.902344 -9669.940430
v -7039.557129 -7615.910645 -9706.460938
v -650.743835 -5091.900391 -11254.831055
v -265.945221 -9425.252930 -10907.834961
v -579.722473 -9576.660156 -10852.454102
v -417.592712 -9301.138672 -10174.276367
v -7392.460938 -7018.032715 -9467.479492
v -7464.473145 -7838.246582 -9800.080078
v -7294.467285 -7039.772949 -9538.609375
v -955.084595 -5095.598633 -11173.743164
v -7680.759277 -8129.837891 -9865.209961
v -250.158356 -5159.662109 -11106.903320
v -761.539185 -5086.810547 -11247.276367
v -7161.941406 -7391.780762 -9586.131836
v -577.362793 -4885.335449 -11259.057617
v -4320.920898 -4659.418457 -7531.183594
v -3338.900879 -4739.701660 -7567.114258
v -3745.638428 -5064.427246 -7478.884277
v -4060.853760 -4665.885742 -7458.223633
v -4766.716309 -4589.779297 -7753.193848
v -4680.077148 -4651.484375 -7733.855957
v -3044.764404 -4617.883789 -7728.645020
v -4029.074463 -4541.275391 -7568.378906
v -2801.789062 -8413.559570 -9435.001953
v -6377.548828 -8495.006836 -9659.742188
v -7431.479980 -6408.536621 -9733.728516
v -6851.671387 -9286.300781 -8409.666992
v -1823.313232 -9371.551758 -8785.795898
v -5797.982910 -5090.204590 -9362.591797
v -5072.563965 -5622.893066 -7642.666016
v -1741.129517 -4574.662109 -9371.378906
v -7371.641602 -6102.597168 -8319.466797
v -7547.111328 -5995.823242 -8158.999512
v -7499.445801 -6346.790527 -8216.322266
v -6082.043945 -7622.817871 -9629.402344
v -6172.602051 -7936.145020 -9724.868164
v -1705.243042 -5997.233887 -11378.058594
v -1226.517944 -4611.592773 -11232.973633
v -7111.623047 -8106.933594 -10014.723633
v -8077.224121 -9134.682617 -9596.713867
v -1521.953369 -5094.583984 -11241.783203
v -3583.214355 -5896.349609 -9190.202148
v -831.879333 -6027.438477 -10122.790039
v -404.551453 -6771.993164 -10162.672852
v -2062.200684 -9532.031250 -9703.970703
v -568.140869 -9206.965820 -11629.554688
v -1844.716187 -4532.123047 -10962.965820
v -3500.464600 -5651.465820 -9109.548828
v -6015.439941 -6907.085449 -8218.889648
v -1509.203369 -5810.324707 -9035.805664
v -3359.263184 -8485.253906 -9257.695312
v -5700.414551 -8655.074219 -9595.262695
v -7871.403320 -8923.240234 -7999.864258
v -5249.801758 -8532.042969 -7853.191895
v -3948.720947 -9033.248047 -7863.467285
v -708.478821 -8568.527344 -10108.177734
v -2427.180176 -4586.914062 -9445.371094
v -4760.658203 -4454.729980 -9127.095703
v -3107.271973 -7277.295898 -9058.793945
v 116.490112 -8853.496094 -10796.416016
v -8089.403320 -8711.630859 -9747.646484
v -6843.722168 -5381.492188 -9466.538086
v -8730.867188 -8604.634766 -8730.844727
v -7033.945801 -9016.183594 -9855.291992
v -1155.456055 -9602.528320 -10954.855469
v -1436.474487 -9525.587891 -10926.011719
v -5397.696289 -7159.776367 -7795.095703
v -2747.106934 -5508.319824 -7912.634277
v -2684.594727 -5600.541992 -7915.220703
v 103.970634 -8932.515625 -11075.825195
v -3945.297363 -4825.136230 -9414.378906
v -4267.131836 -8774.920898 -9600.212891
v -4695.882324 -8447.500000 -9690.480469
v -4505.925781 -4980.398438 -7760.743652
v -8260.060547 -5467.000000 -8865.243164
v -198.965820 -5506.945312 -10826.858398
v -1409.396362 -5417.684082 -9962.910156
v -1385.252563 -4503.618652 -11097.844727
v -2119.412842 -4653.746094 -11045.038086
v -246.683594 -7023.471680 -10362.210938
v -3536.553711 -8226.145508 -7782.734375
v -1487.450073 -8607.965820 -8849.179688
v -3548.664062 -5465.005859 -7786.199219
v -1328.617310 -7407.194336 -11465.027344
v -1803.942139 -9460.028320 -9257.648438
v -4760.332031 -5120.053711 -7794.131348
v -7559.078125 -4383.028809 -9383.513672
v -7226.125000 -4204.480957 -9260.383789
v -2779.669922 -6901.583496 -8133.686523
v -8178.574707 -7448.603516 -8382.396484
v -6034.469238 -5179.037109 -7809.719727
v -5691.557129 -8250.504883 -7896.086426
v -2446.420410 -4528.560547 -8380.142578
v -2338.410156 -4533.527344 -8917.793945
v -295.927551 -4715.346191 -10829.242188
v -368.520569 -4594.048828 -10610.818359
v -1422.913330 -5187.962891 -9954.820312
v -7061.173340 -4654.756348 -9331.031250
v -7365.921387 -4742.168457 -9343.535156
v -5362.607910 -4829.472168 -7716.187500
v -7592.682617 -4381.993652 -8154.590820
v -6662.496094 -8725.084961 -8374.244141
v -157.633057 -6115.702637 -10591.063477
v -214.325821 -6974.560547 -10587.320312
v -2574.545654 -4545.590820 -9518.917969
v -2002.868286 -4568.116211 -8761.536133
v -3218.764404 -7125.652344 -9010.461914
v -188.851913 -5117.283203 -11058.967773
v -3152.739014 -4782.174805 -9628.392578
v -922.268005 -8865.863281 -11693.582031
v -170.911362 -9128.809570 -11520.358398
v -863.441833 -9638.959961 -10839.125000
v -2529.936768 -5084.887207 -10700.094727
v -2551.647949 -4840.458984 -9809.917969
v -2155.522949 -5434.748047 -8316.543945
v -8253.559570 -4710.525391 -9181.944336
v -2477.059570 -9494.368164 -8548.188477
v -4472.763184 -6598.248535 -7555.487793
v -6573.123047 -6473.008301 -9554.340820
v -2201.328613 -8989.527344 -11019.418945
v -8420.402344 -8851.746094 -9246.861328
v -8188.987793 -6166.590332 -9254.556641
v -3039.632568 -9117.285156 -9314.006836
v -4544.064941 -6938.739258 -9213.298828
v -6315.481445 -8861.236328 -9732.830078
v -7961.849609 -5138.394043 -8086.082520
v -7818.396484 -5104.113770 -8042.671875
v -118.339714 -8038.702637 -10606.218750
v -284.817322 -4818.145996 -10678.666992
v -4560.990234 -4769.938477 -9203.440430
v -6991.002441 -9195.327148 -8353.242188
v -8266.599609 -4708.047852 -9024.621094
v -8426.853516 -4450.259766 -8818.270508
v -2214.227051 -8448.640625 -8547.018555
v -2930.493896 -8433.121094 -8105.153809
v -3119.390625 -5817.196777 -9248.627930
v -6397.758789 -5187.231445 -9259.801758
v -6501.310059 -5227.591797 -9225.141602
v -7397.827637 -9246.312500 -9582.013672
v -2436.144287 -8646.673828 -8347.141602
v -2381.760742 -8178.502441 -8429.843750
v -7461.150879 -5099.022461 -9404.367188
v -3913.348145 -8066.372070 -9104.708984
v -2354.076172 -7760.125488 -9922.509766
v -1803.296387 -9418.473633 -11110.987305
v -398.582947 -4598.270508 -10400.559570
v -3518.857666 -9086.317383 -9159.539062
v -8246.045898 -7074.569336 -8898.090820
v -3310.395020 -5357.870605 -7665.430664
v -3216.034180 -5206.631836 -7583.937500
v -8106.857422 -9588.810547 -8578.722656
v -2502.769775 -5742.541504 -8011.674316
v -1886.716675 -7404.750488 -8683.390625
v -1839.707397 -8069.982422 -8602.604492
v -5557.578613 -7270.660645 -9186.605469
v -5723.709473 -7189.431641 -9168.225586
v -865.299988 -8282.663086 -11677.787109
v 159.266312 -8526.648438 -11013.881836
v -4575.035156 -8546.270508 -9702.494141
v -7513.065918 -4194.620117 -8385.211914
v -2864.471924 -7487.703125 -8053.355957
v -2702.391846 -7351.752930 -8174.783203
v -2347.417480 -7450.869141 -8477.518555
v -1179.584106 -4688.701660 -10255.249023
v -1444.978394 -8939.509766 -11569.797852
v -6474.872070 -9375.082031 -8326.894531
v -1857.039307 -5494.100586 -8682.331055
v -2710.019531 -5218.503906 -9624.211914
v -1838.685913 -4953.206055 -8432.428711
v -5244.016602 -4537.091309 -7733.046875
v -4968.176758 -4421.316406 -7787.121094
v -3591.727051 -8542.640625 -9250.833008
v -3241.906738 -4356.052246 -8135.774414
v -5947.250488 -7076.249023 -9352.525391
v -8247.415039 -5045.770996 -8329.909180
v -5238.872070 -4820.541016 -9093.612305
v -1413.854370 -4861.895020 -9837.967773
v -7302.976074 -8928.141602 -9872.195312
v -2675.358887 -4961.517578 -7853.087891
v -204.853790 -6763.606934 -11051.544922
v -6284.796875 -4457.370117 -9491.795898
v -3122.110107 -4853.165527 -7527.961914
v -2980.572754 -5070.495117 -7608.212402
v -133.106888 -7595.165039 -10868.071289
v -267.017578 -6131.768066 -11151.538086
v -381.116943 -6000.960938 -11247.247070
v -6362.675781 -4882.346191 -9449.167969
v -239.513214 -5535.648926 -11036.585938
v -202.810318 -7849.262695 -11257.391602
v -6590.433105 -6238.143066 -8401.958008
v -2913.589844 -4749.079102 -7650.591309
v -315.759094 -5421.915527 -11037.205078
v -3990.492188 -5839.586426 -7847.554688
v -3732.901367 -6753.463379 -9172.663086
v -8202.940430 -7366.748047 -8566.800781
v -1233.495728 -8498.008789 -11715.948242
v -5487.908203 -4254.566895 -7884.517578
v -1085.784790 -9206.750977 -11526.652344
v -5359.958008 -9193.544922 -9461.493164
v -6648.363770 -7420.370117 -9378.608398
v -6765.251465 -8319.133789 -10021.569336
v -2411.698242 -6537.076172 -8384.113281
v -7642.403809 -9418.614258 -9345.162109
v -7376.829590 -5192.531250 -9433.920898
v -6354.701660 -8571.525391 -8281.953125
v -1076.618896 -4953.532715 -10204.722656
v -5866.169922 -6037.702637 -8219.951172
v -2766.122314 -8745.395508 -9591.543945
v -7295.191406 -9426.075195 -8498.872070
v -716.408264 -6454.589355 -10058.452148
v -752.990845 -6898.651367 -10064.500000
v -3510.808594 -6978.189453 -7855.803711
v -8291.545898 -7117.657227 -8755.717773
v -8683.874023 -8612.475586 -8903.042969
v -7843.002441 -6858.441406 -8123.301270
v -1142.248413 -5322.403320 -10267.214844
v -7443.203125 -9516.946289 -8895.333984
v -1812.772949 -8658.481445 -11438.330078
v -2951.275391 -9454.672852 -8784.343750
v -2387.818604 -7969.012695 -9859.581055
v -2494.746582 -7909.698730 -9656.958008
v -4459.164551 -5425.096680 -9425.112305
v -1639.247070 -4799.683105 -9069.475586
v -1572.379028 -4681.104980 -9452.878906
v -6475.203125 -9338.181641 -9196.621094
v -4673.964355 -6345.967285 -7702.344238
v -1305.126221 -4524.635254 -10902.905273
v -5041.416504 -9261.134766 -7867.098145
v -1279.301392 -8783.551758 -11708.611328
v -2263.621582 -6324.796387 -8481.246094
v -5920.636719 -8107.372070 -9602.094727
v -7498.377441 -8321.381836 -8185.986328
v -7419.957031 -8024.617676 -8292.461914
v -7952.639648 -6254.875977 -8209.590820
v -3116.718506 -9306.687500 -9182.994141
v -7607.676270 -4890.279785 -9368.913086
v 118.612747 -8878.375977 -11269.929688
v -8314.754883 -4680.505371 -8531.719727
v -1383.191040 -4689.426758 -10156.101562
v -2144.733398 -4944.147949 -11058.385742
v -4212.347656 -5026.802734 -9111.902344
v -3784.110840 -9169.107422 -7985.934082
v -1370.017578 -6950.993164 -9344.040039
v -4249.267578 -8925.791992 -9563.112305
v -4621.609863 -8855.922852 -9736.708984
v -2462.206543 -5068.215332 -10136.352539
v -8321.469727 -4254.062988 -8725.485352
v -5516.802734 -6362.644531 -8052.195312
v -3767.783447 -8930.275391 -9261.521484
v -5236.664062 -7887.176758 -9399.912109
v -1363.387451 -8791.034180 -9754.185547
v -335.621216 -5063.793945 -10350.531250
v -7313.641602 -8306.074219 -8356.574219
v -7971.112305 -9213.398438 -9571.996094
v -1577.068726 -5273.475098 -9056.753906
v -1721.107910 -5356.498047 -8756.966797
v -6207.090820 -5785.225586 -9306.637695
v -955.343262 -7085.760254 -11478.081055
v -7922.669922 -8581.561523 -9871.691406
v -5491.699219 -4243.298340 -9098.955078
v -7538.426270 -7717.376953 -8237.540039
v -7975.737793 -8148.644043 -9422.667969
v 45.909550 -8667.838867 -10568.859375
v -7023.167969 -4188.091797 -9031.519531
v -7023.126953 -4229.794922 -8656.992188
v -7068.935547 -4387.175293 -8235.674805
v -7000.458008 -4280.325195 -8503.261719
v -8186.783691 -8614.432617 -9375.568359
v -8313.103516 -8722.185547 -9337.365234
v -168.231415 -7415.937988 -10746.426758
v -2829.803955 -7788.355957 -9243.502930
v -1340.343872 -8238.431641 -9240.622070
v -1430.525879 -8720.762695 -9198.256836
v -5241.769531 -6688.206055 -7793.656738
v -5593.166992 -7034.707520 -7873.301270
v -2379.901611 -5592.145996 -10077.743164
v -847.253967 -5532.949707 -11426.598633
v -1250.824585 -5513.216797 -11456.223633
v -3491.563477 -7041.064941 -8892.920898
v -989.277344 -8764.371094 -10260.152344
v -1430.195923 -6480.499512 -9496.900391
v -1471.903198 -7414.137207 -9035.654297
v -4040.627686 -5739.479004 -9420.648438
v -5221.954102 -7261.014160 -7732.374512
v -4315.980957 -5070.123535 -7661.898438
v -4498.022949 -5111.762207 -7865.861816
v -7315.170898 -7769.022949 -9817.740234
v -6800.101562 -7502.275391 -9578.668945
v -6586.161133 -8260.110352 -9800.173828
v -6861.141602 -8032.242188 -9747.161133
v -6917.349609 -7551.082031 -9641.001953
v -1044.379883 -5058.716309 -11218.879883
v -657.655151 -4824.472168 -11299.994141
v -6357.626465 -4987.134277 -8189.019043
v -8109.803711 -4255.359375 -8273.466797
v -3460.122559 -6655.854004 -7639.153809
v -363.284363 -9447.344727 -10421.336914
v -2469.235596 -9318.798828 -9798.980469
v -8190.122070 -6034.412598 -9171.775391
v -1915.726562 -9347.082031 -11147.994141
v -3367.774414 -7384.677246 -8936.787109
v -3610.400879 -7540.046387 -8886.622070
v -501.542877 -8860.145508 -11727.510742
v -3352.336182 -5148.679688 -9461.234375
v -7254.329102 -9053.633789 -9790.040039
v -6323.004395 -6354.494141 -9239.388672
v -2205.709229 -5548.805176 -8281.921875
v -7987.097656 -4703.131348 -9422.770508
v -4948.875977 -7202.709473 -7573.732422
v -6169.914062 -5392.542480 -9372.223633
v -4945.231445 -8611.996094 -9789.365234
v -8417.935547 -7837.230957 -8769.822266
v -7288.673340 -9286.136719 -8350.036133
v -7881.144531 -4223.883789 -8798.796875
v -5400.785156 -8545.230469 -7865.191406
v -7509.018066 -7434.125977 -9424.656250
v -2954.881592 -5978.588867 -9473.216797
v -7871.864746 -8163.895508 -9547.732422
v -7880.394043 -8122.442871 -9434.678711
v 27.354561 -9119.908203 -10942.786133
v -2383.523682 -6220.552734 -10239.827148
v -4287.403320 -8337.594727 -7742.470215
v -3300.632324 -5487.260742 -7775.974121
v -7680.493652 -9303.836914 -8148.418457
v -1489.274414 -6118.209473 -8949.297852
v -2283.160156 -8302.012695 -10246.723633
v -4274.327637 -6493.110352 -7637.891113
v -1144.555908 -7798.500977 -10139.685547
v -5825.789062 -7786.534180 -9444.996094
v -79.287025 -9202.566406 -11277.028320
v -1398.777832 -6529.827148 -9047.572266
v -307.112000 -5246.658203 -10414.837891
v -6728.229004 -5014.181152 -9307.077148
v -4282.788086 -4893.560547 -9217.081055
v -6220.098633 -8259.256836 -8224.674805
v -6066.743652 -8739.370117 -9656.777344
v -2435.688477 -4589.705566 -9971.947266
v -2494.089600 -4687.120117 -9899.771484
v -3650.606689 -6285.221191 -7935.667969
v -8132.384277 -9249.869141 -9306.229492
v -762.371338 -8356.995117 -10135.100586
v -869.131897 -8212.924805 -10157.302734
v -4777.104980 -4257.316895 -8838.501953
v -4715.949707 -8239.052734 -9460.895508
v -5294.576660 -8499.688477 -9587.941406
v -4758.156738 -8555.571289 -9761.672852
v -4593.440918 -7969.979492 -9351.182617
v -2219.949463 -5838.559570 -8517.513672
v -1080.332397 -9230.573242 -10244.664062
v -1029.639648 -9359.655273 -10304.685547
v -1546.037354 -9365.251953 -9970.520508
v -1589.044800 -9424.190430 -10147.815430
v -5230.920898 -5649.924805 -9301.629883
v -5709.724121 -5655.605957 -9418.192383
v -1628.769043 -5407.467773 -9099.892578
v -1558.856934 -5347.566895 -9246.049805
v -7764.681152 -8565.323242 -9952.865234
v -7439.034668 -6905.128418 -8292.317383
v -5068.327637 -6141.327148 -7891.954102
v -930.174316 -9235.595703 -11556.964844
v -595.406799 -8640.347656 -11679.218750
v -2198.970459 -9452.873047 -9902.112305
v -1016.512512 -6169.348633 -11492.958984
v -2570.849365 -6673.605469 -8195.203125
v -2693.629639 -6428.312988 -8106.126465
v -4836.140625 -7967.031738 -7763.462402
v -3277.438721 -6159.387695 -7741.806641
v -3772.127197 -9037.330078 -9213.375000
v -3442.313965 -8739.839844 -7976.931152
v -2435.699707 -4615.316406 -10702.058594
v -5483.202148 -9197.063477 -7944.831055
v -5012.051270 -6333.816895 -9131.962891
v -6768.709961 -7000.746094 -9574.224609
v -5382.092285 -6073.554688 -9083.198242
v -6523.854980 -7415.046875 -9525.084961
v -6722.202637 -8748.971680 -9983.682617
v -4212.548828 -9147.385742 -9362.146484
v -4010.321533 -9117.707031 -9257.628906
v -8273.212891 -5007.698242 -8737.850586
v -3656.816895 -6619.177734 -7678.126465
v -3427.630615 -5584.155273 -9085.173828
v -3720.057861 -5332.587402 -9109.427734
v -5979.280762 -6114.277832 -9241.291992
v -1567.058228 -9318.385742 -11243.771484
v -2390.720215 -7302.567383 -9943.583008
v -4672.755859 -8003.371094 -7611.652344
v -2324.290039 -9540.955078 -9178.894531
v -3979.042480 -5186.086426 -7564.906250
v -6176.286133 -7417.778809 -9607.376953
v -2079.648926 -4550.343750 -10752.107422
v -7829.306152 -4140.086426 -8400.872070
v -652.456909 -7406.686523 -10062.139648
v -680.468689 -7729.820312 -10086.490234
v -4283.891602 -9001.892578 -7714.005371
v -2020.065796 -8740.219727 -8659.552734
v -1888.572144 -8968.843750 -8553.734375
v -1341.622192 -6531.349609 -9241.563477
v -7558.646484 -6678.345703 -8183.103516
v -3241.947266 -9500.774414 -8390.262695
v -1410.898804 -7816.230957 -11400.748047
v -1212.074341 -9346.060547 -10272.134766
v -3568.805908 -4298.417480 -8890.003906
v -6017.345215 -9025.606445 -9550.859375
v -6403.948730 -8382.076172 -9646.843750
v -8170.444824 -8391.054688 -8012.417969
v -2961.106689 -9058.931641 -8109.982910
v -3724.835938 -8099.459473 -9051.514648
v -3139.949219 -8809.590820 -8044.982910
v -3781.663086 -4853.491699 -9507.607422
v -1070.216919 -8112.927246 -10189.104492
v -1174.405762 -9024.996094 -11638.245117
v -1607.122070 -5030.253418 -8931.882812
v -3558.530762 -5137.758301 -7547.173828
v -8310.890625 -7665.236328 -9001.920898
v -4472.187012 -9388.155273 -7978.102051
v -6617.985352 -7164.063965 -9407.099609
v -8481.863281 -9298.979492 -8471.165039
v -5998.580078 -8410.187500 -9610.292969
v -228.045837 -7905.584473 -10340.382812
v -8416.381836 -9302.876953 -8934.396484
v -4586.040527 -7234.191895 -9074.560547
v -4687.717285 -7235.528809 -9062.215820
v -8114.820801 -7675.716797 -9221.962891
v -1292.970825 -8253.335938 -9512.333984
v -1724.994019 -9292.366211 -8878.231445
v -1615.718750 -9072.929688 -8752.371094
v -2922.475098 -4441.747559 -8914.136719
v -787.005249 -5138.695801 -10098.739258
v -3832.972900 -4232.476562 -9380.499023
v -895.067078 -7868.479980 -11579.474609
v -2783.873779 -5747.469727 -8115.675781
v -2627.289062 -5776.308105 -8060.994629
v -3118.143799 -7021.861816 -9102.761719
v -1316.616089 -8683.443359 -9301.157227
v -6617.816895 -7716.430664 -9751.110352
v -1370.712769 -7554.871582 -9630.671875
v -2362.483643 -6292.898926 -10044.852539
v -8186.960938 -4431.669434 -8232.756836
v -4019.131104 -8084.775391 -7648.416992
v -3960.555420 -8215.626953 -7802.771973
v -4278.936523 -6589.033691 -9381.546875
v -4150.631348 -8392.930664 -7805.352539
v -6756.865234 -4697.631348 -9274.150391
v -1899.853760 -4570.321289 -10408.957031
v -1855.339966 -4562.062012 -10511.831055
v -1578.466187 -4559.790527 -10302.102539
v -2162.724121 -9473.713867 -8606.469727
v -2251.908936 -8581.398438 -10528.242188
v -1538.693359 -9494.448242 -10756.680664
v -8040.784668 -7833.320801 -8182.879883
v -7528.257324 -9402.639648 -8265.642578
v -1120.765137 -5624.745605 -10196.229492
v -1336.641479 -7599.608887 -9434.931641
v -8241.965820 -9460.945312 -8904.980469
v -3295.831299 -6456.039062 -7679.096680
v -3598.360107 -6500.924316 -7754.429688
v -3095.587402 -6710.740723 -7781.100098
v -6937.652344 -8979.195312 -8368.921875
v -5011.908203 -9010.048828 -9745.291016
v -5060.008789 -5335.039062 -7618.528809
v -8050.184570 -8374.610352 -9592.021484
v -8444.043945 -8247.015625 -9139.298828
v -8411.290039 -8397.781250 -9223.632812
v -7689.075195 -6067.039551 -9587.551758
v -5682.576660 -9380.189453 -8072.114258
v -1341.233521 -8727.994141 -10034.325195
v -1325.627075 -6358.565918 -9323.743164
v -1721.051392 -6907.623047 -8821.677734
v -1611.462524 -7416.584961 -8808.723633
v -7833.743652 -8139.742676 -9670.557617
v -6749.634766 -9376.455078 -9121.940430
v -2200.502197 -6414.877441 -10930.691406
v -3376.924561 -9416.300781 -8895.484375
v -748.094666 -5931.808594 -10048.663086
v -1375.977539 -5522.350098 -9508.015625
v -1084.578613 -6767.586914 -10099.880859
v -1792.315308 -5700.914062 -11296.828125
v -2975.740479 -4384.451172 -8206.010742
v -6250.206543 -9396.432617 -8908.114258
v -2222.918213 -6523.687500 -10817.073242
v -5337.370605 -9409.707031 -8823.448242
v -2322.127197 -9378.809570 -9928.791016
v -6440.005371 -9413.667969 -8820.541992
v -2393.887939 -6315.064453 -10676.008789
v -159.566330 -5722.646973 -10881.323242
v -2472.345215 -4920.326172 -10810.159180
v -6983.715332 -7684.721191 -9712.892578
v -3630.524170 -4573.861328 -7590.520020
v -7615.452637 -7828.139160 -9578.946289
v -6095.567383 -6067.946289 -8220.801758
v 90.769249 -8458.711914 -11213.264648
v -3901.219971 -9346.200195 -8108.439453
v -6461.487793 -6188.216797 -8363.725586
v -6365.609375 -4382.349609 -7974.171875
v -1759.887817 -5738.518555 -11336.431641
v -1415.642212 -6309.445801 -9007.089844
v -1800.571289 -5496.243652 -11222.790039
v -6272.863770 -5975.745117 -8252.687500
v -6515.518555 -5083.224609 -8266.769531
v -6205.776367 -6133.629883 -8233.112305
v -6600.888672 -5291.369141 -8305.115234
v -2225.587402 -5569.792480 -10599.665039
v -6610.108887 -9417.854492 -8727.223633
v -2394.815430 -5483.946289 -10575.365234
v -6577.419434 -9389.556641 -8879.328125
v -2056.502686 -6359.760742 -11077.972656
v -4273.193359 -5210.910156 -7748.922852
v -4872.391602 -5343.346191 -7562.753418
v -1344.947998 -8113.072266 -10221.809570
v -1383.530273 -7751.892090 -10131.441406
v -4869.727539 -5366.244629 -9225.855469
v -4848.029785 -5820.251953 -9302.766602
v -4886.418457 -5562.424316 -9070.258789
v -5019.160645 -5752.135254 -9064.573242
v -5863.355957 -8003.756348 -9461.623047
v -5775.833496 -7919.400391 -9409.538086
v -2732.460205 -7711.670898 -9321.200195
v -6616.571777 -9193.792969 -9572.107422
v -4828.361816 -6670.171875 -7565.838867
v -1397.694214 -7559.579590 -9547.025391
v -5413.710449 -7999.641602 -9482.613281
v -4039.968262 -8241.658203 -9271.425781
v -7290.400879 -8764.702148 -9980.666016
v -7178.504395 -6260.393555 -9752.277344
v -2008.111328 -7962.298340 -10964.682617
v -2018.370483 -7735.963379 -10916.577148
v -2001.745117 -7253.529297 -10919.742188
v -3164.501465 -7990.161621 -7828.899414
v -4921.644531 -7680.118164 -7642.481934
v -3657.958252 -8229.730469 -7790.586426
v -7246.560547 -7920.554199 -8347.657227
v -3774.400879 -9322.118164 -8034.057129
v -4902.962891 -5646.482422 -9076.447266
v -8289.359375 -7530.021484 -9071.773438
v -3972.651611 -7418.669922 -9061.896484
v -557.096741 -6652.806641 -11351.667969
v -744.721375 -7113.067871 -11460.445312
v -3416.122803 -4876.065918 -9618.788086
v -672.135071 -9496.627930 -10363.634766
v -7567.639160 -5703.287109 -9630.375977
v -7521.085449 -9562.862305 -8484.901367
v -2814.162109 -8003.622559 -8120.741699
v -2516.169189 -8533.057617 -8310.021484
v -4387.881836 -7839.583008 -9156.032227
v -7818.405273 -5939.557129 -8144.464844
v -8128.326172 -8901.402344 -8019.526367
v -1369.031128 -9321.115234 -11291.098633
v -1610.449097 -9047.869141 -11325.513672
v -1550.817749 -9109.583984 -11315.973633
v -1996.321899 -8204.199219 -11095.323242
v -7377.127441 -6437.046387 -8320.531250
v -7746.501953 -4298.434570 -8112.254883
v -7592.566406 -9538.350586 -9053.616211
v -461.225769 -5122.490234 -10301.838867
v -7056.706543 -7555.350586 -8440.369141
v -7146.951172 -6543.442871 -8429.682617
v -5941.395996 -7888.116699 -7951.363281
v -2945.854248 -6144.897949 -7871.310547
v -4631.926758 -5879.068359 -7767.074219
v -3484.211182 -9497.199219 -8392.367188
v -5793.672363 -8304.787109 -7936.505859
v -5783.443359 -9048.678711 -7919.664551
v 27.395494 -8881.619141 -10564.977539
v -7870.253906 -5525.557129 -9288.288086
v -8127.870605 -4980.337402 -9152.225586
v -5222.670410 -9373.018555 -8087.621582
v -8062.897949 -5208.132324 -8172.069824
v -7668.645020 -4327.864746 -9359.312500
v -827.830139 -5670.162598 -10077.336914
v -5003.141602 -5514.331055 -9210.446289
v -1514.134399 -8606.962891 -8727.183594
v -5680.179199 -6429.120117 -8083.096680
v -1747.674805 -4654.231934 -8969.568359
v -6356.604004 -7374.744629 -9579.088867
v -234.833420 -7329.314453 -10400.313477
v -1876.607300 -9484.136719 -10101.957031
v -6003.355957 -4209.173340 -8690.183594
v -1910.386841 -6437.951660 -8689.013672
v -8208.134766 -5341.438965 -8300.303711
v -3022.280762 -7066.058594 -8023.337402
v -2883.329346 -6333.239258 -7889.175781
v -1724.373901 -9367.999023 -9021.333008
v -1342.167358 -7311.948730 -9427.338867
v -8097.779785 -4269.104492 -9178.526367
v -2604.979248 -5952.754883 -8157.369141
v -4861.341797 -6073.036621 -7884.557617
v -4727.285156 -5608.218750 -7614.691895
v -4864.120605 -5957.664551 -7768.451172
v -4803.708496 -4667.584961 -9120.988281
v -8236.601562 -5188.495605 -8636.146484
v -8204.886719 -5897.956055 -8674.026367
v -8319.079102 -4497.607422 -8365.038086
v -8272.095703 -4919.027832 -8647.259766
v -678.386047 -4983.829102 -11207.943359
v -2383.204102 -8915.362305 -10380.729492
v -7612.023926 -4657.284180 -9427.761719
v -6090.588379 -4403.266602 -9507.790039
v -331.772675 -7468.623535 -11276.232422
v -368.345123 -6782.828613 -11275.919922
v -213.906158 -8784.550781 -11649.150391
v -6997.090820 -4345.943359 -9290.953125
v -6172.913574 -5344.962891 -8121.352051
v -462.491547 -8235.119141 -11495.354492
v -6002.113281 -5532.731445 -8077.722168
v -6488.829590 -4706.966309 -9411.458984
v -153.097656 -8295.165039 -11406.833008
v -5112.475098 -8784.749023 -9793.730469
v -6192.550781 -5682.223633 -8218.065430
v -5259.062012 -8911.551758 -9755.038086
v -4869.418457 -7528.354004 -7552.101074
v -5665.804688 -7492.787109 -9175.721680
v -6022.700684 -4959.658203 -7740.499512
v -5717.637207 -9160.933594 -9473.298828
v -7043.197754 -8063.345215 -9994.164062
v -6465.478516 -8472.972656 -9792.453125
v -7043.698242 -7960.110840 -9934.631836
v -6864.731445 -7879.763672 -9742.186523
v -6935.268066 -7979.348145 -9818.905273
v -2878.668945 -5316.508789 -8028.434082
v -1018.722168 -8920.083008 -10244.244141
v -6565.280273 -9227.679688 -8349.457031
v -6560.584961 -9031.021484 -8340.696289
v -2035.149902 -5726.203125 -10930.303711
v -2106.367920 -5693.897949 -10847.342773
v -2449.629883 -5484.551270 -10380.928711
v -2021.438599 -5805.777832 -10944.163086
v -7537.291992 -5028.462402 -8308.675781
v -2280.258057 -5759.872070 -10697.047852
v -7927.115723 -7564.000977 -8195.287109
v -3889.505127 -7213.684082 -7780.424805
v -2588.019287 -4971.482422 -8098.180176
v -2590.515625 -4850.403320 -8006.208496
v -1544.234985 -6224.177734 -11413.607422
v -6058.120117 -4202.762695 -9084.888672
v -5845.978516 -7098.467285 -7990.959473
v -5909.394043 -7002.530762 -8107.267090
v -5532.651855 -9214.606445 -9403.868164
v -4907.882324 -5425.716797 -7550.482910
v -2008.965210 -4908.555664 -8250.541016
v -7406.576172 -9180.243164 -9677.510742
v -3142.411865 -6094.915039 -9222.909180
v -2669.523926 -4801.642578 -7837.258301
v -2192.700439 -5272.550293 -10863.364258
v -2592.120605 -8379.144531 -9572.546875
v -4692.693359 -5380.901367 -9153.105469
v -6091.340820 -8854.815430 -7964.048340
v -8354.509766 -7858.081543 -8511.253906
v -4477.468750 -7949.022461 -9281.484375
v -3110.005127 -4343.785156 -9288.357422
v -3301.278564 -4271.764648 -9374.764648
v -4464.510742 -9223.573242 -9294.934570
v -4297.839355 -8031.983887 -7532.096191
v -2428.668213 -5365.441406 -8068.063965
v -3168.803467 -5179.153320 -9419.993164
v -4340.348633 -7706.419922 -9003.193359
v -2898.401855 -5776.613770 -8018.975586
v -2531.517334 -4935.699707 -10375.225586
v -8134.616211 -6208.265625 -9292.677734
v -7935.875977 -5828.275879 -9371.401367
v -8004.551758 -5784.122070 -9308.469727
v -6162.017578 -5624.321777 -9371.281250
v -6857.392578 -8377.542969 -8448.512695
v -1736.515869 -9471.292969 -10222.136719
v -3849.112549 -6420.888672 -9316.289062
v -1388.347168 -8025.630859 -10121.263672
v -1135.851196 -8423.641602 -10213.541016
v -1239.322998 -4869.526855 -10243.245117
v -4920.702637 -4376.664062 -9027.216797
v -4903.040039 -4592.974609 -9003.077148
v -1962.723755 -9194.610352 -8505.989258
v -5983.559082 -6355.983398 -8212.231445
v -2770.074707 -6792.802246 -8080.653809
v -5796.641113 -4627.858887 -7688.453613
v -4455.520508 -8737.697266 -9675.346680
v -4900.070801 -6095.052246 -9322.695312
v -1357.877930 -8621.018555 -9894.618164
v -3943.275146 -5367.224609 -9223.703125
v -3844.057617 -5266.152832 -9090.499023
v -6534.340820 -5646.154785 -9203.483398
v -4070.722656 -8225.046875 -7680.147461
v -2195.016846 -5258.783203 -8212.156250
v -5859.132324 -8187.231445 -7927.842773
v -1837.431396 -9506.966797 -10896.501953
v -2304.399658 -4541.723633 -10486.371094
v -2352.782227 -4531.418457 -10024.970703
v -3103.977539 -5631.230469 -9228.415039
v -3004.036377 -5385.158691 -9191.885742
v -1531.989502 -9080.993164 -11387.662109
v -3264.121338 -7347.559570 -7781.086914
v -2084.704590 -4570.170410 -10988.364258
v -5557.554688 -9093.604492 -7940.990234
v -5459.219727 -8953.812500 -7897.247070
v -3338.698975 -4327.375000 -9034.551758
v -1314.240234 -8623.021484 -11706.588867
v -2286.372803 -6994.967773 -10493.168945
v -3968.906494 -8655.993164 -9408.864258
v -3529.610840 -8653.830078 -9260.844727
v -7003.886719 -5249.080078 -9439.863281
v -8279.712891 -9388.740234 -8338.996094
v -7316.193848 -4593.105957 -9329.165039
v -3055.655762 -5740.931641 -9298.968750
v -7912.744141 -7667.072266 -9306.745117
v -5447.856445 -8709.739258 -9680.693359
v -7791.447754 -9496.045898 -9197.939453
v -6410.846191 -8045.812012 -9732.977539
v -7470.781738 -8216.222656 -9970.761719
v -6425.715332 -7464.714844 -9605.152344
v -4161.465820 -5162.157715 -9044.498047
v -6128.180176 -9507.172852 -8298.496094
v -7961.006836 -4417.630859 -8072.958496
v -7718.214355 -7145.171875 -9386.403320
v -4481.745117 -8373.612305 -9551.405273
v -431.871826 -5538.329102 -10069.698242
v -3603.137451 -6337.429199 -7925.215332
v -2048.195068 -9450.329102 -10298.762695
v -7618.664062 -8924.761719 -9897.674805
v -4187.700684 -7659.542480 -8991.989258
v -8317.734375 -4762.839844 -8269.509766
v -5726.620117 -4685.648438 -9449.411133
v -944.223999 -9615.619141 -10690.203125
v -1461.892944 -7886.930176 -11294.904297
v -6202.044434 -6109.186035 -9175.503906
v -4410.431152 -4368.432617 -9273.470703
v -768.409973 -8831.392578 -11719.433594
v -554.432556 -7794.531738 -10107.183594
v -534.533508 -7631.940918 -10089.000000
v -1589.259766 -6912.846191 -8918.844727
v -5198.089355 -8856.853516 -7738.318848
v -1275.556763 -8833.261719 -9554.079102
v -1303.853638 -8624.471680 -9595.310547
v -2594.718018 -4450.564941 -8551.811523
v -2746.094971 -6185.536133 -8152.902344
v -2946.602051 -8930.027344 -9423.526367
v -3168.130127 -8736.196289 -9327.428711
v -3543.729248 -9417.577148 -8101.464355
v -2026.273560 -5924.526367 -8645.299805
v -3333.086914 -9287.113281 -8003.567871
v -1341.378418 -7102.348633 -11418.324219
v -1409.659546 -6571.238281 -11361.940430
v -4751.491699 -7299.933594 -7467.796387
v -3024.783936 -4415.876465 -9011.655273
v -720.548035 -9621.430664 -10765.232422
v -1418.195068 -4749.082520 -10141.242188
v -2095.407227 -8492.917969 -10774.879883
v -6276.333008 -8732.959961 -9741.886719
v -2211.740234 -4724.945312 -8303.622070
v 152.203430 -8499.820312 -10876.172852
v -1339.253052 -5156.802246 -10268.181641
v -2735.724121 -9113.304688 -8227.740234
v -2737.463379 -8966.413086 -8229.462891
v -8184.169434 -4872.943359 -9126.543945
v -5753.370605 -5252.628906 -7714.421875
v -6469.233887 -6047.041504 -9476.893555
v -1649.182251 -8045.273438 -8650.232422
v -5520.102051 -7675.874512 -9338.857422
v -7854.733398 -9448.206055 -8233.758789
v -6728.131836 -6790.856445 -9618.209961
v -5067.171387 -4400.775391 -9084.372070
v -2184.457764 -6725.913086 -10776.268555
v -1362.375854 -7984.217285 -11485.790039
v -8303.985352 -6750.124023 -8799.989258
v -3571.480713 -7151.118164 -8895.665039
v -3487.108643 -6399.246094 -9045.088867
v -7674.698242 -9645.261719 -8527.740234
v -4536.892090 -6429.122559 -7599.909180
v -6960.552246 -8916.362305 -9945.373047
v -8369.812500 -4478.485352 -8918.640625
v -988.314331 -5485.567871 -10213.734375
v -137.504196 -8085.770508 -10455.277344
v -1624.278809 -8882.446289 -8658.358398
v -2633.303467 -4546.811035 -9296.521484
v -4034.586426 -8568.896484 -7911.500000
v -5278.377441 -7682.491211 -7756.757812
v -5211.671875 -6362.786621 -7844.669434
v -5130.539062 -8969.555664 -7716.498047
v -2481.672607 -5899.823730 -8214.264648
v -4999.950195 -4809.703125 -7780.816895
v -7440.962402 -4708.954590 -8294.993164
v -8220.728516 -6411.784668 -8680.726562
v -362.987946 -7215.000977 -10226.524414
v -7707.037598 -4666.564941 -8105.390137
v -7593.244629 -4672.311523 -8192.683594
v -1871.290161 -4763.516113 -8479.608398
v -201.618774 -6728.767090 -10413.457031
v -300.339722 -7534.955566 -10303.508789
v -1126.555542 -7166.333984 -10099.899414
v -6539.643555 -6935.179199 -9375.817383
v -1030.340454 -7973.297363 -10141.770508
v -8217.494141 -5364.315918 -8364.915039
v -88.362328 -7844.561035 -11059.036133
v -8161.012695 -5727.437012 -8511.180664
v -7207.787109 -7602.987305 -9574.583984
v -6598.099609 -4879.782227 -9359.309570
v -2309.478027 -4596.246582 -8367.013672
v -7655.782227 -4512.725586 -8136.884277
v -235.076324 -7361.112305 -11141.621094
v -7627.392090 -7792.367676 -9423.680664
v -7114.003906 -7827.203125 -9914.300781
v -7227.962891 -4469.308105 -8191.048828
v -307.807861 -6933.773438 -10220.205078
v -6018.460449 -9404.463867 -8908.476562
v -4068.895020 -4317.103516 -7935.815430
v -418.779755 -7407.453613 -10166.491211
v -903.123352 -7277.906738 -10082.640625
v -1532.095581 -4948.686523 -11207.097656
v -942.245728 -4961.729004 -11254.920898
v -3333.902832 -7800.029297 -8975.024414
v -3283.969971 -8024.725098 -9039.465820
v -8500.065430 -8641.321289 -8240.846680
v -1966.420532 -9507.276367 -8993.834961
v -1830.922241 -9521.325195 -9625.027344
v -2127.041748 -5824.690918 -8607.535156
v -4731.488281 -8059.018066 -7750.154297
v -8037.396484 -4177.462402 -8701.359375
v -7956.410645 -4179.575684 -8493.966797
v -8456.251953 -4657.306641 -8726.693359
v -7803.250488 -8088.438965 -8090.583496
v -7588.691895 -8829.619141 -8094.936035
v -7842.630371 -8767.178711 -8006.895996
v -5757.138184 -5496.731934 -7889.593750
v -8552.674805 -8064.653320 -8606.844727
v -7042.073730 -5737.029297 -8410.765625
v -234.119583 -4989.218262 -10661.386719
v -4464.604492 -6371.269531 -7736.881348
v -4846.299316 -6514.328125 -9261.826172
v -1520.192871 -9067.349609 -9199.031250
v -1541.692017 -9191.266602 -9263.020508
v -2860.296387 -4472.208496 -9396.360352
v -4615.488281 -5507.889160 -9394.765625
v -7884.589844 -4247.015625 -8689.498047
v -8164.308594 -9475.277344 -8374.436523
v -4593.717773 -4682.475098 -7714.767090
v -3071.320801 -8724.985352 -8131.310059
v -2881.351807 -8807.286133 -8190.135742
v -6589.248535 -9416.775391 -8402.034180
v -6681.520996 -9405.881836 -8447.679688
v -7000.618652 -9303.826172 -8399.315430
v -2342.122803 -6699.962891 -10124.991211
v -3769.892090 -8796.077148 -7980.517090
v -8294.842773 -4524.096680 -8270.561523
v -1436.607056 -4810.184570 -10033.615234
v -3506.966064 -5822.318848 -9126.998047
v -1533.601807 -7339.922363 -8927.021484
v -1362.215698 -6290.329590 -9142.568359
v -758.098389 -9103.635742 -10065.014648
v -8326.174805 -7855.051270 -8916.676758
v -5560.421387 -4866.305176 -7649.448242
v -5430.189453 -5013.871582 -9080.543945
v -5429.830078 -4958.827637 -9066.500000
v -2873.791016 -5505.391113 -7969.980469
v -1927.903564 -9054.727539 -8506.464844
v -6555.909668 -7393.142578 -8303.455078
v -2983.734863 -5982.414062 -7834.992676
v -1594.780029 -9384.613281 -9637.642578
v -3027.656006 -7234.412109 -7896.479004
v -6104.940430 -8857.060547 -9650.160156
v -5354.459473 -5131.382812 -7809.462402
v -5477.027344 -5217.545898 -7746.656250
v -6814.609375 -9412.593750 -8777.263672
v -7597.959473 -7236.678711 -8225.448242
v -4918.571289 -9308.541992 -7871.202148
v -1305.790771 -8200.551758 -10206.236328
v -1160.293335 -8068.912598 -10238.146484
v -6603.417480 -8672.555664 -9958.222656
v -5171.441406 -9284.200195 -8018.204102
v -7766.710938 -5924.155273 -9489.113281
v -2569.304688 -6284.913086 -8176.837402
v -8163.979492 -9146.982422 -9473.939453
v -2759.147217 -4705.184082 -9566.064453
v -2673.303711 -4668.079590 -9623.855469
v -3984.503906 -4938.712402 -9312.365234
v -4134.432129 -4900.235840 -9259.470703
v -1598.909912 -8109.796875 -11409.299805
v -7450.790527 -6125.661621 -8245.874023
v -3862.231689 -7162.288086 -9101.666016
v -7281.487793 -6399.717773 -9757.617188
v -2450.596191 -4544.122559 -9081.525391
v -2792.298584 -5304.842773 -9469.626953
v -4354.416016 -5641.770020 -7668.326172
v -2507.672607 -7584.265137 -9657.733398
v -462.897247 -8376.439453 -10125.742188
v -2597.500000 -6095.238770 -9769.966797
v -2530.581787 -6612.256348 -9802.822266
v -7655.045410 -5886.382812 -8139.646484
v -8242.673828 -7545.073242 -9135.675781
v -7694.148926 -4223.255859 -8208.119141
v -3579.398926 -5320.586914 -9157.236328
v -526.885010 -6209.232422 -10041.896484
v -3391.291260 -5014.571289 -9568.627930
v -5100.191895 -6128.063965 -9009.852539
v -5093.732422 -6060.374023 -9022.682617
v -5644.051270 -5135.091797 -7672.953613
v -5757.360840 -7410.339355 -9249.180664
v -929.166504 -8742.852539 -10256.576172
v -2954.260742 -6225.606445 -9489.417969
v -2325.044922 -9532.669922 -8905.419922
v -2485.592285 -9519.754883 -8655.458984
v -6146.304199 -8582.309570 -9658.751953
v -8040.187988 -8965.087891 -8010.613281
v -349.339447 -9174.721680 -10125.927734
v -4799.256836 -5967.173340 -9437.459961
v -6456.801758 -5667.948730 -8338.782227
v -8614.435547 -8273.505859 -8574.829102
v -5822.695312 -8890.346680 -9616.766602
v -6193.317871 -5930.456543 -8237.461914
v -3330.880615 -9360.142578 -9025.735352
v -2038.986694 -5060.800781 -11016.783203
v -1593.606567 -9256.076172 -9071.824219
v -2050.223877 -5487.880371 -8483.908203
v -4669.374023 -7387.400879 -9108.061523
v -5795.580566 -4542.759766 -7695.005859
v -5749.488770 -6321.291504 -8144.021484
v -676.503418 -5898.712402 -10022.107422
v -1307.406250 -8919.701172 -9452.630859
v -6489.063477 -4465.615234 -9420.718750
v -6729.242676 -4464.875977 -9287.598633
v -7016.284180 -4790.645996 -9319.395508
v -6350.420898 -6258.320312 -9178.989258
v -6418.996094 -6165.357422 -9301.100586
v -4150.338379 -9032.416016 -9456.376953
v -2292.768555 -7942.528320 -10357.578125
v -4848.119141 -8809.528320 -7621.754395
v -244.936996 -6407.609375 -10339.122070
v -2491.212158 -9501.223633 -9337.114258
v -2136.338623 -9540.700195 -9470.074219
v -2426.240479 -4930.449219 -9895.671875
v -3958.162354 -7264.081055 -7672.069336
v -4010.853271 -7414.121094 -7567.767578
v -3941.289307 -7724.647949 -7673.240723
v -161.247711 -6165.687012 -10482.894531
v -6806.403809 -4223.228516 -8647.736328
v -3473.438232 -5281.313965 -9211.862305
v -3974.042480 -4290.490234 -8017.899414
v -3353.242920 -5393.273926 -9082.541992
v -5956.340820 -5217.497559 -9297.941406
v -686.290771 -7213.046875 -10068.875000
v -535.974670 -5652.460449 -11339.668945
v -3218.890137 -5533.519043 -7812.457031
v -3450.517334 -5544.746094 -7816.321289
v -5420.434570 -5218.253906 -9308.247070
v -5147.672852 -5144.310059 -9278.040039
v -8212.377930 -8635.686523 -9514.557617
v -2421.956055 -8172.043945 -9725.751953
v -5428.421387 -6764.665527 -9130.938477
v -5786.285645 -6751.135742 -9151.712891
v -2992.911621 -7373.339355 -8027.694336
v -1842.251953 -5577.449707 -8964.536133
v -2377.726318 -9167.816406 -10279.341797
v -2588.288818 -9251.160156 -9686.354492
v -6002.693848 -6400.985840 -9196.485352
v -1475.203125 -9165.314453 -9433.227539
v -4535.177246 -4293.688477 -9004.972656
v -4433.008301 -4279.602051 -9123.474609
v -4366.614258 -4298.090820 -8906.870117
v -3081.441406 -4476.441406 -9522.794922
v -1852.256592 -9241.992188 -11290.119141
v -7113.852051 -9305.307617 -9491.573242
v -5309.079590 -5076.559082 -7873.875488
v -5285.852051 -4969.757324 -7824.947266
v -4424.530762 -6957.751953 -7494.973145
v -4475.990723 -7050.726074 -7460.194824
v -5191.864258 -9058.611328 -7827.452637
v -6333.256348 -9243.152344 -8173.538574
v -3449.393066 -8689.526367 -7966.447754
v -4192.460449 -8640.751953 -9548.064453
v -2621.510498 -5538.479492 -7908.793945
v -2869.400146 -5054.087891 -9467.467773
v -2347.930908 -4591.166992 -9368.720703
v -2507.384766 -6835.400391 -8319.412109
v -5728.775879 -6949.378418 -7909.460938
v -7597.323242 -4984.693359 -8246.521484
v -3610.407471 -8543.203125 -7840.622070
v -3821.528076 -8296.416016 -7781.919434
v -1745.258301 -4851.047852 -11203.171875
v -7517.329102 -7176.085938 -9333.227539
v -2183.367676 -6993.226074 -10714.816406
v -2215.065186 -5734.402344 -8345.951172
v -1895.867798 -6125.529785 -8685.976562
v -8256.520508 -7152.208496 -9113.022461
v 133.289948 -8728.641602 -11306.288086
v -428.354767 -4712.228027 -10257.246094
v -503.774811 -4803.363770 -10177.113281
v -1982.926880 -7019.980957 -8725.947266
v -1419.842285 -5306.730957 -9602.014648
v -1466.349854 -5296.397949 -9435.665039
v -4287.726074 -9219.779297 -9249.481445
v -245.780380 -9236.375977 -11466.500977
v -6261.195312 -6827.837402 -9397.871094
v -4676.239746 -8188.807617 -7788.982422
v -6894.412109 -9144.356445 -8361.959961
v -976.298401 -8463.905273 -10220.245117
v -1901.127197 -8095.178223 -11165.635742
v -1945.493164 -8186.444336 -11190.971680
v -2189.322754 -4583.311035 -9535.160156
v -3426.322266 -4233.593262 -9234.103516
v -1004.208008 -5492.122070 -11450.266602
v -1833.865967 -4622.901855 -8700.299805
v -3109.241943 -9424.814453 -8205.930664
v -5484.645508 -6043.756836 -7853.353516
v -2314.928711 -9112.581055 -10580.940430
v -2260.690918 -8899.319336 -10694.042969
v -2488.630859 -9238.855469 -8343.903320
v -6463.130371 -6472.492676 -9308.159180
v -3719.076416 -4978.777344 -9469.256836
v -5392.866699 -6398.802734 -7915.431641
v 80.412895 -8383.713867 -10724.913086
v -6178.525879 -7132.720215 -9502.556641
v -3888.874512 -8874.982422 -9342.151367
v -8696.839844 -8835.824219 -8872.317383
v -5489.431152 -5301.332520 -7741.116699
v -5486.986816 -5476.396973 -7714.798340
v -5879.246582 -5369.170898 -9417.614258
v -5539.473145 -6163.452148 -9147.336914
v -5629.740234 -6019.300781 -9141.161133
v -915.339661 -4940.038574 -10141.810547
v -1084.695312 -4604.279297 -10250.657227
v -819.787170 -4645.611816 -10230.783203
v -194.972885 -4870.414551 -10984.342773
v -2564.104980 -8335.470703 -8287.197266
v -7341.214844 -7524.881348 -8351.541992
v -6922.921387 -7400.895020 -9582.048828
v -4441.205566 -5248.756348 -9110.934570
v -3023.368652 -7512.010742 -9120.835938
v -2979.596191 -7772.636719 -9191.364258
v -5061.329102 -8718.333984 -7631.697754
v -8350.229492 -7771.741211 -8854.379883
v -2244.442871 -9031.759766 -10936.640625
v -4154.719238 -6165.527344 -7833.883789
v -3840.417236 -6541.587402 -7798.617188
v -981.649719 -4533.213867 -10427.714844
v -7813.025879 -4402.098145 -9416.847656
v -1417.877075 -8690.831055 -9062.323242
v -1213.836914 -8837.886719 -10162.725586
v -1534.140259 -8588.330078 -11501.686523
v -1392.867065 -4972.877930 -10250.720703
v -4338.381348 -8362.352539 -7745.069824
v -3418.813477 -6407.710449 -7866.232422
v -7197.302246 -8889.047852 -8373.864258
v -4320.383789 -8815.284180 -7647.086426
v -7834.170410 -9333.666016 -9420.049805
v -4681.794434 -6966.292969 -9070.275391
v 137.356201 -8713.777344 -11133.925781
v -1530.081421 -8109.237793 -8766.161133
v -429.270599 -5100.371094 -11183.774414
v -8398.920898 -4373.543457 -8604.081055
v -6854.241211 -9008.902344 -9871.575195
v -2071.459961 -4562.017090 -10485.175781
v -2510.064941 -4718.767578 -10692.495117
v -7551.186035 -8081.358398 -8168.874023
v -2819.933105 -6068.341309 -9579.261719
v -1050.198364 -7842.279785 -11599.284180
v -8188.358887 -4206.797363 -8894.767578
v -6704.899414 -8945.946289 -9860.770508
v -2084.146973 -7850.816895 -8671.344727
v -7428.887207 -8956.612305 -8242.566406
v -1351.656006 -8482.645508 -9784.508789
v -8616.505859 -8927.243164 -8995.196289
v -4592.856445 -9414.180664 -8781.123047
v -7825.366699 -6105.453125 -9387.606445
v -5915.904785 -6469.149414 -9178.967773
v -6212.880371 -4898.308105 -9489.159180
v -3343.319092 -8692.782227 -9265.570312
v -1305.066162 -9518.236328 -10660.893555
v -312.036957 -9341.387695 -11318.011719
v -7924.086426 -7053.664551 -8162.525879
v -7401.827637 -9484.221680 -9114.438477
v -4972.178711 -6711.270508 -7696.938477
v -5066.782715 -6706.252930 -7717.635254
v -2185.339844 -7794.974121 -8605.291016
v -1933.495117 -8209.500000 -8599.805664
v -1748.844971 -8408.385742 -8577.353516
v -2079.377686 -8216.759766 -8650.902344
v -6516.505859 -7006.650879 -8308.586914
v -7143.231934 -9383.229492 -8527.226562
v -5068.083984 -7485.907715 -7752.113770
v -1029.888794 -5163.448730 -11203.068359
v -7556.978516 -7701.880859 -9415.545898
v -6309.244141 -5744.019043 -8266.925781
v -7665.473633 -8391.602539 -9970.704102
v -8243.346680 -7755.003418 -8354.235352
v -7584.365234 -7871.317871 -9709.235352
v -1520.558105 -5178.809570 -9227.686523
v -255.573120 -6028.942871 -10297.791016
v -7407.327148 -4328.425781 -8254.699219
v -6366.354980 -4310.349121 -8158.753906
v -7977.156738 -6739.863281 -8197.175781
v -1841.959351 -5646.055176 -11147.213867
v -3967.309570 -5957.517578 -9415.649414
v -8080.455566 -5797.023926 -8232.919922
v -3774.183594 -4368.272461 -7792.922852
v -247.918304 -7561.036621 -11200.477539
v -6125.909180 -9110.720703 -9483.799805
v -862.117371 -5080.112793 -11175.136719
v -8234.469727 -5453.466797 -8660.912109
v -4859.205566 -6591.672363 -7679.061035
v -4737.625000 -6535.671875 -7576.563965
v -5533.983398 -5814.328125 -9346.150391
v -5584.385742 -5920.027344 -9275.479492
v -5451.035156 -5930.297852 -9270.526367
v -2496.822266 -8798.087891 -9909.029297
v -2421.609863 -8389.096680 -9791.724609
v -6576.203125 -5809.629395 -9496.965820
v -2012.367310 -9486.279297 -8768.401367
v -6482.220215 -8868.666016 -9777.864258
v -2810.319336 -6853.460449 -9479.907227
v -2779.509033 -6635.061523 -9557.510742
v -1392.038330 -6970.659668 -9227.599609
v -4170.307129 -5223.346680 -9125.931641
v -695.801941 -9366.388672 -10197.081055
v -8069.177246 -5032.116699 -9190.656250
v -5141.177734 -8046.586914 -9441.814453
v -164.809280 -4999.235840 -10913.320312
v -7360.607422 -7019.575195 -8415.212891
v -7156.792969 -7129.414062 -8444.485352
v -5692.372559 -5111.609863 -9243.034180
v -7578.710449 -8625.918945 -9997.904297
v -7243.870117 -5646.277344 -9642.366211
v -784.575806 -4735.520996 -11374.512695
v -2201.286377 -6366.710449 -8598.479492
v -2359.362305 -6147.823730 -8290.327148
v -7129.887695 -8531.231445 -8424.411133
v -7064.032227 -8317.536133 -8450.519531
v -555.115784 -7200.864746 -11373.433594
v -1423.427612 -7210.221191 -11380.096680
v -7011.628906 -6887.203125 -9640.115234
v -4190.215820 -8413.149414 -9429.691406
v -5678.417480 -7016.795898 -7881.819336
v -5629.079102 -6830.135254 -7897.810059
v -3448.763916 -9467.874023 -8707.063477
v -3773.438721 -9410.815430 -8810.870117
v -3943.155029 -9294.047852 -8990.851562
v -6391.119629 -8803.151367 -8183.314941
v -5980.056152 -9549.561523 -8478.556641
v -3594.475342 -8288.091797 -9114.343750
v -6159.705078 -8147.361816 -9716.767578
v -7938.470703 -4533.559570 -8020.617676
v -4926.652344 -5989.356445 -9237.265625
v -7069.235840 -7169.862305 -9608.831055
v -7582.934082 -6624.436523 -9403.316406
v -7602.753418 -6658.982910 -9373.441406
v -410.053925 -4541.392578 -10664.686523
v -3112.005615 -8521.352539 -7946.445801
v -2999.189209 -8466.262695 -7995.577148
v -1666.289307 -8403.544922 -8601.842773
v -8079.966309 -5361.253418 -9200.641602
v -7772.817383 -4854.314941 -9359.327148
v -717.327454 -4530.245117 -10342.458984
v -6317.743652 -6166.246582 -9114.545898
v -1258.376587 -7457.986328 -10126.717773
v -2428.732422 -5508.082520 -8006.448242
v -7578.230957 -6033.465820 -9692.859375
v -7961.742676 -4889.453125 -9302.790039
v -7245.308594 -4151.707520 -9154.500000
v -5697.763672 -5622.253418 -7880.767578
v -1957.822388 -4837.018066 -8292.069336
v -1670.247314 -6390.739746 -8819.342773
v -2824.522949 -5598.425293 -9512.377930
v -642.925293 -4777.511230 -10146.535156
v -1604.582886 -9502.252930 -10444.762695
v -1324.523193 -9483.218750 -10473.199219
v -8300.880859 -6706.446777 -8764.840820
v -2375.083252 -6897.281738 -10020.669922
v -3910.600586 -7033.936523 -7793.721191
v -3336.415527 -9392.091797 -8093.641602
v -2123.580566 -6187.030762 -8720.919922
v -1224.819946 -9340.040039 -11346.802734
v -1360.467773 -9253.946289 -11311.031250
v -4975.353027 -6826.992188 -9086.752930
v -616.121277 -8928.509766 -11733.440430
v -4636.221680 -5044.499023 -7873.341797
v -5517.223145 -6768.005859 -7901.487793
v -7294.106934 -6609.525391 -9721.980469
v -668.514587 -5667.300293 -11398.357422
v -6760.238770 -5088.109375 -9272.736328
v -7292.473633 -5954.210938 -9743.207031
v -3430.011230 -6460.312988 -7717.051270
v -4759.108887 -8363.991211 -9617.224609
v -4954.426758 -7342.754395 -9183.801758
v -4696.106934 -9367.631836 -8910.709961
v -8100.509277 -9606.320312 -8693.619141
v -6129.387207 -9414.671875 -8158.922363
v -6009.918457 -9465.838867 -8194.277344
v -4190.231934 -4855.095703 -7508.328613
v 99.863899 -8571.021484 -11338.972656
v -7485.635254 -5544.743164 -8288.277344
v -6912.819824 -9097.236328 -9779.873047
v -7532.152344 -5238.709473 -9443.677734
v -3994.670410 -5462.308105 -7884.034180
v -6426.340332 -8688.392578 -8305.995117
v -2792.095947 -9364.830078 -9388.840820
v -8575.525391 -8531.953125 -9034.126953
v -8211.387695 -4635.309570 -9270.748047
v -8181.753906 -4771.474121 -9247.439453
v -1449.738281 -8882.817383 -9216.126953
v -8278.681641 -7736.329102 -8518.551758
v -2496.675049 -5415.648438 -7974.997070
v -2135.991455 -9290.429688 -10929.035156
v -2232.901855 -9154.671875 -10881.374023
v -2709.409668 -5939.556641 -7998.761230
v -1026.365479 -8372.958008 -11696.464844
v 118.869141 -8320.635742 -10969.993164
v -4639.886719 -7486.314941 -9130.134766
v -3997.840332 -5618.531250 -7865.373535
v -624.400879 -8817.803711 -9999.530273
v -5194.911621 -4632.833496 -9188.375977
v -5123.449219 -4743.721191 -9084.692383
v -6060.359863 -4835.735352 -7771.468262
v -3146.963623 -5622.023438 -7842.882812
v -2951.276611 -5692.910156 -7953.954102
v -7798.204590 -7654.740234 -8137.316895
v -5154.395020 -5064.729492 -9244.447266
v -5761.242676 -4285.981445 -9367.662109
v -8125.744141 -5972.225586 -9277.585938
v -8014.612793 -5976.246094 -9332.029297
v -5255.834961 -7199.510254 -9167.108398
v -7280.264648 -6190.034180 -8383.874023
v -2031.342651 -5144.090820 -11087.130859
v -473.483917 -4507.036133 -11050.094727
v -6416.195801 -5984.021484 -9152.180664
v -2301.969482 -4534.137207 -10739.647461
v -468.899933 -9094.873047 -10051.603516
v -3344.939453 -9120.310547 -9170.188477
v -3125.727051 -8115.377930 -9162.384766
v -1342.767822 -8806.293945 -9939.442383
v -7912.993652 -6718.994141 -9324.029297
v -1659.173950 -8690.217773 -11518.726562
v -1394.247314 -6091.282715 -9104.329102
v -4775.315430 -8846.815430 -9789.013672
v -1196.483887 -7762.627441 -10201.756836
v -4703.114746 -9141.599609 -9575.623047
v -4849.291992 -8932.237305 -9768.366211
v -7204.541016 -4428.669922 -8191.600098
v -6933.145996 -4459.836914 -8125.890625
v -1086.444214 -7782.243164 -10110.565430
v -3479.237305 -5801.604980 -7833.584473
v -3607.114746 -6049.642090 -7891.621094
v -7938.766602 -4168.857910 -8298.089844
v -594.052002 -5693.962402 -10046.222656
v -8429.518555 -7923.618652 -8836.568359
v -8557.948242 -8088.681152 -8748.567383
v -4050.560303 -4232.136719 -9307.181641
v -3322.041992 -7213.786133 -7793.851074
v -7238.795410 -6822.256348 -9666.413086
v -6521.358887 -6281.776855 -9504.512695
v -1392.031372 -8241.111328 -9978.362305
v -5361.246582 -4421.441406 -9231.064453
v -7939.705566 -8036.954102 -8075.047363
v -8670.884766 -9012.414062 -8757.616211
v -28.513264 -9195.361328 -10826.103516
v -100.456291 -9226.470703 -10631.455078
v -6597.521484 -8134.511719 -9816.235352
v -3503.434326 -8516.091797 -9239.295898
v -2158.418701 -8724.734375 -8478.165039
v -2290.449463 -8625.076172 -8445.660156
v -2378.497314 -8542.015625 -8413.491211
v -2308.870117 -8709.071289 -8380.612305
v -6997.634766 -9419.346680 -8733.156250
v -2513.168213 -9180.539062 -9866.627930
v -6822.094238 -9389.495117 -8608.032227
v -1699.601562 -9390.034180 -9279.526367
v -309.282776 -6145.776367 -11201.430664
v -544.246216 -7793.697754 -11417.361328
v -1692.094727 -4649.852539 -11211.153320
v -6157.637695 -9238.053711 -9326.645508
v -305.683868 -7359.453125 -11244.754883
v -1104.889648 -4999.066406 -11244.795898
v -4905.819824 -6831.845215 -7583.784180
v -2344.215820 -8424.364258 -10052.707031
v -3448.970459 -6372.244141 -9031.715820
v -3355.024658 -6459.950195 -9032.578125
v -3418.315430 -5822.646484 -9083.661133
v -8378.238281 -4582.923828 -8598.372070
v -5085.772949 -6245.892090 -9073.580078
v -3108.181152 -8160.209473 -7875.483887
v -7642.897949 -9630.229492 -8747.734375
v -2159.595215 -8436.453125 -10727.822266
v -7646.473145 -6433.513672 -9516.546875
v -8165.633789 -4431.236328 -9270.813477
v -1534.921265 -5619.416504 -9106.724609
v -1882.241089 -4542.325195 -9055.364258
v -554.416321 -9528.128906 -11053.828125
v -2540.498779 -8069.672363 -9567.986328
v -1493.502686 -7156.327637 -9051.123047
v -1086.406616 -5446.406250 -10238.233398
v -1388.452271 -5101.012695 -10125.473633
v -5679.935547 -4830.768555 -7636.036621
v -2443.599121 -7598.039551 -9780.755859
v -7616.824219 -4150.106445 -9006.416016
v -71.530556 -7940.054688 -10758.973633
v -1423.323730 -4898.683105 -9734.407227
v -321.538208 -9434.907227 -10679.693359
v -122.576447 -9307.859375 -10839.062500
v -8656.176758 -9001.618164 -8862.641602
v -4847.974121 -6135.122070 -9389.218750
v -4611.918945 -4944.862305 -7794.737793
v -3627.844727 -4291.222656 -8765.500977
v -4049.238770 -6899.875000 -7593.312500
v -5977.156738 -8278.917969 -9613.017578
v -2266.355713 -9195.252930 -10652.531250
v -1685.255859 -8494.182617 -11500.625000
v -3564.575439 -7978.024902 -8993.066406
v -7891.106934 -4611.996094 -9455.871094
v -2962.019531 -8772.338867 -9436.267578
v -2637.442383 -7973.588867 -9448.124023
v -2656.327148 -5028.301270 -8009.957520
v -1343.053955 -6970.045898 -9745.911133
v -3754.050781 -5595.911621 -7791.042969
v -5885.756836 -6442.523926 -8175.755859
v -263.218048 -9062.184570 -11625.417969
v -8041.899902 -4192.190430 -8972.459961
v -2474.595215 -4479.373047 -8495.822266
v -3495.496338 -6815.478027 -8934.218750
v -4804.115234 -6301.456055 -7730.187012
v -3056.538574 -8642.658203 -9355.617188
v -1569.707642 -9503.897461 -10942.269531
v -7061.610352 -9388.882812 -9353.678711
v -1251.796631 -4658.003906 -11268.745117
v -4109.601562 -8045.525879 -7578.390625
v -7825.825195 -9646.802734 -8516.407227
v -8280.383789 -5138.963867 -8752.687500
v -1113.062622 -8849.956055 -10200.585938
v -6701.953613 -8539.224609 -10029.363281
v -5647.045410 -5148.541992 -9251.852539
v -6161.020508 -7739.038574 -8235.688477
v -3963.171387 -8475.384766 -9331.571289
v -674.547180 -6376.529297 -11406.220703
v -8340.112305 -7948.127930 -9122.503906
v -5435.015137 -6277.819824 -9145.675781
v -2182.676758 -5649.899414 -8393.394531
v -5056.733398 -7031.297852 -9133.788086
v -3234.102295 -6211.958496 -7753.945801
v -351.044220 -8749.527344 -11684.619141
v -235.698853 -8566.145508 -11599.448242
v -5517.927734 -4226.839844 -8993.691406
v -3776.076904 -4439.647949 -9496.016602
v -6082.977539 -4612.846191 -7904.383301
v -7588.318359 -7608.276367 -9333.033203
v -6970.176270 -5354.448730 -9508.011719
v -3987.414307 -7045.007324 -7634.789551
v -4379.709473 -9299.757812 -9035.769531
v -2207.885742 -4531.033203 -10320.907227
v -4651.164062 -4476.464844 -9214.980469
v -7702.956055 -8936.715820 -8028.544922
v -3657.580566 -7166.436523 -8981.415039
v -8109.182129 -7690.503906 -8289.365234
v -5174.307129 -5150.493164 -7793.483887
v -8209.258789 -6111.045898 -9004.152344
v -8182.827148 -5921.644531 -9084.149414
v -6916.550293 -8632.514648 -8472.085938
v -7342.361328 -9478.738281 -8598.746094
v -3133.424316 -7079.763672 -7880.334961
v -1588.979126 -7891.898926 -11228.161133
v -6318.037109 -8443.042969 -9622.255859
v -604.016541 -5369.038086 -11336.950195
v -2419.920898 -4599.300781 -10097.093750
v -5024.490723 -4831.420898 -9173.614258
v -7798.247559 -5671.984375 -8118.009766
v -2622.262451 -5691.124023 -7960.660156
v -3709.751465 -7063.214355 -7814.417969
v -4217.846680 -7234.944824 -7454.084961
v -3089.675781 -9492.236328 -8494.962891
v -4731.488281 -4286.326660 -8929.481445
v -6567.799316 -9008.676758 -9750.243164
v -7992.891602 -4883.216797 -8128.658691
v -7914.079590 -4950.194336 -8031.313965
v -6069.725098 -5904.149414 -9200.926758
v -2516.135742 -4740.883789 -8104.333984
v -2615.567871 -5170.210938 -8134.529297
v -2371.677246 -5271.751953 -8162.061035
v -2309.955811 -5383.370605 -8184.569336
v -4428.796875 -8397.188477 -7694.263184
v -5275.354492 -5432.779785 -9333.057617
v -2683.869873 -5836.430664 -8108.969727
v -5761.538086 -9169.216797 -7952.698730
v -5675.120117 -9276.736328 -7990.023926
v -2733.702637 -4520.200195 -9425.254883
v -2529.211182 -5214.696777 -10470.879883
v -2513.615967 -5339.620117 -10496.475586
v -6318.719727 -4219.471191 -9116.715820
v -1536.398682 -4495.194824 -11054.881836
v -8271.930664 -8928.404297 -9465.447266
v -8232.852539 -8758.999023 -9552.995117
v -6517.652344 -5115.652832 -9321.888672
v -6307.872559 -5104.724609 -9399.615234
v -7143.580078 -9247.360352 -8380.464844
v -7271.333496 -9351.648438 -8412.592773
v -5218.153320 -8096.948730 -7757.388184
v -5337.753906 -8997.106445 -9701.272461
v -2322.473389 -5249.227539 -10754.347656
v -6742.435059 -6089.089844 -9632.442383
v -1257.233032 -6900.475586 -10065.919922
v -5603.671387 -5919.661133 -7862.260254
v -5851.857910 -5572.859375 -8059.631348
v -5898.952148 -5639.550293 -8130.000977
v -2384.926758 -5751.318359 -10601.569336
v -5913.784668 -5741.765625 -8203.435547
v -153.813751 -7871.515137 -10603.833008
v -7433.910645 -7281.425293 -9462.504883
v -2300.317139 -7781.062012 -10335.096680
v -314.998474 -6702.611816 -10196.698242
v -4888.310059 -4999.742188 -9255.907227
v -856.018860 -5932.999023 -11461.340820
v -2722.853271 -9355.987305 -8339.258789
v -3951.295654 -5336.589355 -7674.816406
v -2543.116211 -8903.844727 -9860.789062
v -3739.249023 -9415.881836 -8119.932617
v -8049.902832 -9225.078125 -9489.862305
v -4746.814941 -9446.434570 -8238.764648
v -1283.714966 -5531.170410 -10074.156250
v -3137.740479 -7476.145508 -9021.751953
v -5610.478516 -4977.310059 -9292.514648
v -5556.129395 -4867.753418 -9302.144531
v -2191.670654 -5146.196777 -10859.641602
v -6270.305664 -4509.123535 -7953.118652
v -4416.523438 -5783.472656 -7734.484863
v -2521.250977 -6050.641113 -8141.708496
v -3350.007080 -6551.480469 -7646.694824
v -4313.919922 -5091.920898 -9097.318359
v -1277.830811 -8257.166016 -9437.628906
v -4381.103516 -6679.669434 -7632.859375
v -397.506561 -5267.600586 -11115.725586
v -400.492401 -5002.024414 -10207.570312
v -2022.425781 -4572.115234 -8637.638672
v -5344.340820 -4258.654785 -9027.850586
v -8151.602539 -7060.982422 -8340.814453
v -1630.481689 -6050.812500 -11428.790039
v -1185.559814 -5665.293457 -10128.156250
v -4484.299316 -8019.579102 -7547.173828
v -1895.788696 -5154.701660 -8447.823242
v -6197.850586 -5314.987793 -9335.348633
v -8419.838867 -9157.858398 -9114.293945
v -7048.585938 -9163.177734 -9656.111328
v -5750.132324 -8018.133301 -9472.904297
v -2181.008789 -6024.975098 -8488.366211
v -4073.641846 -8793.231445 -9496.348633
v -3921.012451 -9409.935547 -8192.902344
v -7465.382812 -6230.283203 -9746.946289
v -4340.222168 -4297.313477 -9026.330078
v -7884.463867 -4780.305664 -7990.543945
v -6765.502930 -8662.495117 -8385.888672
v -774.017944 -5018.039551 -10089.579102
v -4440.426758 -6986.789062 -9219.514648
v -2492.657227 -4816.639160 -10295.001953
v -3259.549316 -5692.686035 -7824.139160
v -7640.848633 -9078.719727 -9784.263672
v -1293.019897 -8756.127930 -9366.930664
v -1607.271484 -7695.615723 -11244.375977
v -169.821930 -5080.880859 -10986.463867
v -2664.979736 -6576.727051 -9676.275391
v -1459.651489 -4544.725586 -10361.857422
v -1259.147339 -4568.097656 -10257.181641
v -1114.753052 -4537.178711 -10347.910156
v -5506.098633 -4702.784180 -9332.699219
v -8542.653320 -8998.164062 -8409.145508
v -8536.008789 -9224.403320 -8524.968750
v -8364.939453 -4298.333008 -8650.109375
v -5358.440430 -5353.024902 -7693.403809
v -1570.947510 -8046.033203 -8721.622070
v -8237.745117 -4923.972168 -8444.206055
v -4945.723633 -4237.799805 -8046.056152
v -5023.782227 -4246.546875 -8833.538086
v -5180.651367 -8313.170898 -7813.169434
v -4898.814941 -8214.531250 -7835.701172
v -1069.922974 -9471.103516 -11269.649414
v -6651.487793 -7497.109863 -8343.116211
v -6810.336426 -7827.899902 -8434.783203
v -8127.054688 -4483.876465 -8195.306641
v -8131.311035 -5919.354980 -8327.194336
v -8148.146484 -5970.948242 -8385.652344
v -8161.453613 -9478.714844 -8980.193359
v -2446.574219 -6020.785645 -8184.943848
v -5222.709961 -8529.977539 -9631.810547
v -8651.145508 -8791.689453 -8971.415039
v -8214.941406 -5441.255371 -8910.644531
v -8012.418945 -9616.180664 -8541.279297
v -4999.827637 -4273.668945 -8902.571289
v -1458.006592 -5191.244141 -11344.941406
v -274.205017 -5447.306641 -10303.593750
v -209.524139 -5393.926758 -10437.243164
v -5396.088379 -7689.904785 -7803.886230
v -7975.958496 -9014.576172 -9750.690430
v -7968.118164 -7733.500488 -8191.709473
v -3752.228271 -6001.636719 -7820.225098
v -4311.946777 -5208.476074 -8944.921875
v -3993.106445 -7751.987793 -7600.706543
v -6332.097656 -5469.877930 -9359.474609
v -2577.657471 -9139.453125 -9764.269531
v -1263.163696 -8915.655273 -11674.817383
v -2514.272217 -8928.611328 -8290.918945
v -2517.129395 -9060.034180 -8293.489258
v -3989.728516 -5559.528320 -9331.265625
v -1580.043213 -5009.928711 -11185.803711
v -1785.262695 -8746.469727 -8582.031250
v -1862.687622 -8521.288086 -8593.608398
v -5141.769043 -9345.973633 -8049.098145
v -1770.025513 -4507.071289 -10884.777344
v -8244.198242 -6590.380859 -8907.994141
v -5022.196777 -9206.139648 -9395.775391
v -7540.528809 -4414.292480 -8158.664551
v -1755.258423 -4772.835938 -8552.980469
v -2597.482910 -9372.897461 -9560.550781
v -3891.791016 -8876.705078 -7995.824707
v -2405.401367 -4745.460938 -10884.751953
v -3033.418701 -5908.874023 -7873.351562
v -2944.622314 -8571.365234 -8101.333984
v -1410.344604 -6086.919922 -9569.713867
v -4764.193359 -6769.997070 -9160.602539
v -7448.739258 -4249.711426 -8878.887695
v -7023.298340 -4246.105957 -8865.912109
v -6473.219238 -4210.996582 -8929.020508
v -5823.529785 -9549.141602 -8387.398438
v -1708.524292 -7095.335938 -11201.083008
v -2533.842041 -4850.863281 -8088.204590
v -8427.775391 -7868.765137 -8671.740234
v -8378.639648 -7721.956055 -8765.046875
v -2670.158203 -8268.955078 -9464.895508
v -7960.790039 -4262.276367 -9256.613281
v -7526.323242 -4286.186523 -8245.847656
v -1436.923218 -5608.047363 -9705.299805
v -3364.301270 -6913.684082 -8948.890625
v -4861.726074 -8479.634766 -9722.024414
v 149.412384 -8801.807617 -10918.266602
v -1752.768188 -4649.941895 -8805.312500
v -3889.874512 -4693.648438 -7443.085449
v -7099.020020 -4499.138672 -9304.315430
v -6388.610352 -4536.140625 -9467.242188
v -4334.463867 -9348.434570 -8942.826172
v -2069.066650 -7331.975098 -8720.106445
v -3336.871094 -8228.323242 -9110.735352
v -6926.461426 -7261.590820 -8446.380859
v -5581.238770 -8792.000000 -7911.694824
v -1271.287842 -4553.027344 -10421.172852
v -5610.556152 -6591.791992 -7989.558105
v -1346.548706 -8580.249023 -10097.916016
v -7681.283691 -5464.692871 -8096.912598
v -2922.629150 -4407.983398 -8145.670898
v -7641.817383 -4163.346680 -9164.952148
v -8335.333008 -6296.774902 -8801.673828
v -3680.555420 -8575.190430 -9285.129883
v -5566.874023 -5044.989258 -9122.523438
v -2926.132812 -4812.136719 -7609.699707
v -7474.314453 -8702.436523 -8222.472656
v -167.187408 -9258.799805 -10330.919922
v -7203.797363 -5824.764160 -9694.189453
v -1286.732178 -6196.896484 -10065.221680
v -1413.937866 -7235.399902 -9544.873047
v -3009.580322 -7871.159668 -7930.684082
v -6253.296875 -7020.932617 -8260.872070
v -4098.513672 -7809.270020 -8925.351562
v -6426.230469 -6532.950684 -9301.656250
v -544.761658 -5093.431641 -11162.746094
v -522.204285 -5163.443848 -11157.322266
v -8122.270020 -8470.172852 -9520.015625
v -7667.101074 -5077.086426 -8114.579102
v -916.833435 -6228.954590 -10151.283203
v -2928.521729 -8358.822266 -9305.318359
v -2857.868652 -8220.885742 -9310.885742
v -1435.684448 -4573.371094 -10270.851562
v -1087.003052 -4564.663574 -10279.933594
v -6438.890137 -4339.102539 -9316.870117
v -4631.165527 -7641.287598 -7469.638672
v -8318.774414 -7780.062988 -9082.331055
v -4822.104492 -7312.139160 -7497.679688
v -1100.926880 -6200.558594 -10118.723633
v -6963.351562 -4446.121582 -8153.094238
v -4831.545898 -8659.211914 -9796.031250
v -7689.106445 -7554.340332 -8176.812012
v -1726.899414 -8969.625977 -11430.540039
v -3238.510010 -4353.020508 -9476.435547
v -4743.685547 -8999.072266 -7641.249512
v -4757.165527 -9108.525391 -7671.814453
v -6529.110840 -5824.230957 -9408.887695
v -1460.946045 -6762.936035 -9009.152344
v -3343.341309 -8398.418945 -7830.813477
v -2952.526855 -5260.802734 -9288.577148
v -6116.992676 -5801.133789 -9302.395508
v -2845.913086 -5198.843750 -9397.821289
vt 0.455180 0.091210
vt 0.450520 0.111090
vt 0.433040 0.114600
vt 0.458710 0.121860
vt 0.472880 0.108630
vt 0.472100 0.132050
vt 0.389090 0.127100
vt 0.407220 0.134250
vt 0.393270 0.136410
vt 0.458970 0.140890
vt 0.475830 0.142940
vt 0.461050 0.153850
vt 0.403460 0.141620
vt 0.409350 0.152240
vt 0.385720 0.146300
vt 0.476110 0.148090
vt 0.491960 0.155050
vt 0.468750 0.164220
vt 0.437140 0.151340
vt 0.437940 0.164020
vt 0.424290 0.159990
vt 0.491060 0.167380
vt 0.460640 0.176010
vt 0.405130 0.185540
vt 0.408740 0.202180
vt 0.392550 0.196240
vt 0.415880 0.187550
vt 0.419580 0.208510
vt 0.477600 0.196260
vt 0.497030 0.182640
vt 0.493370 0.202920
vt 0.427420 0.186720
vt 0.429810 0.214640
vt 0.434130 0.196010
vt 0.445880 0.204070
vt 0.436370 0.222780
vt 0.448120 0.228230
vt 0.479980 0.208000
vt 0.510330 0.223770
vt 0.496600 0.226760
vt 0.468750 0.222930
vt 0.483440 0.219930
vt 0.485050 0.229940
vt 0.393270 0.212870
vt 0.416770 0.228390
vt 0.398090 0.229620
vt 0.484150 0.241140
vt 0.491290 0.236010
vt 0.491710 0.248480
vt 0.400270 0.235210
vt 0.419300 0.236550
vt 0.419390 0.242690
vt 0.426470 0.242400
vt 0.429650 0.249350
vt 0.419850 0.253230
vt 0.445790 0.252650
vt 0.454110 0.251540
vt 0.444010 0.266690
vt 0.440430 0.258630
vt 0.423260 0.261920
vt 0.414870 0.276050
vt 0.436270 0.278460
vt 0.416480 0.288840
vt 0.489060 0.288620
vt 0.495330 0.305440
vt 0.473750 0.301280
vt 0.414470 0.317160
vt 0.435690 0.303930
vt 0.425190 0.338580
vt 0.401890 0.357310
vt 0.404560 0.315460
vt 0.416900 0.357390
vt 0.476230 0.319770
vt 0.500970 0.325550
vt 0.477120 0.339150
vt 0.445510 0.332490
vt 0.454320 0.334830
vt 0.451230 0.360480
vt 0.460040 0.335760
vt 0.462160 0.357600
vt 0.441970 0.354480
vt 0.492000 0.365970
vt 0.506130 0.349750
vt 0.503030 0.365330
vt 0.481150 0.351750
vt 0.493060 0.350460
vt 0.479090 0.366160
vt 0.454860 0.369410
vt 0.465780 0.366600
vt 0.469420 0.380590
vt 0.434640 0.370970
vt 0.445280 0.374750
vt 0.431540 0.392380
vt 0.414630 0.383320
vt 0.426840 0.371120
vt 0.461070 0.384410
vt 0.470420 0.385980
vt 0.459160 0.394260
vt 0.480610 0.393230
vt 0.505470 0.389790
vt 0.517190 0.405680
vt 0.467420 0.397490
vt 0.408540 0.396180
vt 0.434310 0.399800
vt 0.419930 0.405230
vt 0.419420 0.408690
vt 0.436380 0.413900
vt 0.425430 0.420760
vt 0.458250 0.426130
vt 0.480850 0.420320
vt 0.465010 0.440530
vt 0.486780 0.434220
vt 0.433670 0.427830
vt 0.447390 0.430130
vt 0.440760 0.438910
vt 0.453670 0.448640
vt 0.430290 0.437080
vt 0.439640 0.450210
vt 0.428520 0.452140
vt 0.521360 0.097990
vt 0.538570 0.112650
vt 0.519810 0.113560
vt 0.365560 0.122690
vt 0.381160 0.119420
vt 0.370640 0.133000
vt 0.515690 0.162320
vt 0.520390 0.145230
vt 0.532650 0.149620
vt 0.523560 0.166420
vt 0.545970 0.168270
vt 0.544110 0.180580
vt 0.517680 0.193060
vt 0.537020 0.198580
vt 0.527270 0.210940
vt 0.525010 0.227640
vt 0.552350 0.230020
vt 0.552800 0.239340
vt 0.538880 0.237970
vt 0.519340 0.242370
vt 0.508630 0.236220
vt 0.499940 0.239840
vt 0.507940 0.247240
vt 0.505210 0.254880
vt 0.522050 0.297430
vt 0.522010 0.285290
vt 0.533750 0.292120
vt 0.526660 0.312110
vt 0.533210 0.315800
vt 0.531730 0.335260
vt 0.547240 0.358370
vt 0.559220 0.330550
vt 0.561160 0.389450
vt 0.529130 0.381060
vt 0.537320 0.389830
vt 0.550800 0.388490
vt 0.541780 0.399800
vt 0.541360 0.423750
vt 0.550960 0.421050
vt 0.546870 0.435970
vt 0.538460 0.130240
vt 0.545290 0.122650
vt 0.552570 0.141860
vt 0.549660 0.217110
vt 0.372930 0.234820
vt 0.380720 0.230860
vt 0.384260 0.244640
vt 0.371870 0.242410
vt 0.386810 0.253180
vt 0.370550 0.251350
vt 0.374080 0.270220
vt 0.384470 0.291380
vt 0.372030 0.285140
vt 0.387800 0.273550
vt 0.562920 0.441360
vt 0.577640 0.447380
vt 0.544070 0.451010
vt 0.364930 0.107700
vt 0.393930 0.082710
vt 0.390640 0.102620
vt 0.560520 0.101320
vt 0.531240 0.084540
vt 0.563460 0.085100
vt 0.354760 0.161490
vt 0.367740 0.180790
vt 0.355940 0.178010
vt 0.568770 0.292710
vt 0.586280 0.331870
vt 0.575870 0.323760
vt 0.390630 0.368880
vt 0.382400 0.389000
vt 0.380090 0.360050
vt 0.572970 0.406450
vt 0.581300 0.369440
vt 0.583030 0.400940
vt 0.531640 0.454610
vt 0.506370 0.446100
vt 0.521330 0.440790
vt 0.349390 0.116160
vt 0.344970 0.141190
vt 0.325280 0.124260
vt 0.568180 0.135390
vt 0.580620 0.144850
vt 0.561290 0.150100
vt 0.360410 0.186650
vt 0.570850 0.187880
vt 0.581940 0.190070
vt 0.580740 0.203440
vt 0.560140 0.200390
vt 0.340360 0.157870
vt 0.340190 0.168500
vt 0.351380 0.177710
vt 0.345130 0.186680
vt 0.348710 0.217140
vt 0.365130 0.217760
vt 0.355270 0.223660
vt 0.350190 0.250930
vt 0.352300 0.258820
vt 0.387050 0.442260
vt 0.386470 0.456120
vt 0.372270 0.450590
vt 0.515740 0.461560
vt 0.305140 0.122900
vt 0.586650 0.127300
vt 0.605400 0.127060
vt 0.590170 0.137260
vt 0.740660 0.118430
vt 0.741420 0.133440
vt 0.731410 0.132030
vt 0.581720 0.163550
vt 0.590710 0.152220
vt 0.590750 0.173990
vt 0.370830 0.361360
vt 0.355760 0.385070
vt 0.360340 0.354450
vt 0.470280 0.072240
vt 0.513890 0.074600
vt 0.478040 0.087520
vt 0.441240 0.082590
vt 0.613480 0.135010
vt 0.604680 0.147290
vt 0.328050 0.166180
vt 0.332060 0.156390
vt 0.334900 0.170220
vt 0.727750 0.144240
vt 0.740160 0.150470
vt 0.734460 0.165460
vt 0.607640 0.159330
vt 0.608950 0.185200
vt 0.601830 0.173920
vt 0.337760 0.233460
vt 0.340860 0.249350
vt 0.611700 0.263600
vt 0.613640 0.256690
vt 0.619890 0.278690
vt 0.371270 0.327510
vt 0.357100 0.319790
vt 0.345270 0.295840
vt 0.615430 0.372400
vt 0.617850 0.332900
vt 0.628440 0.370090
vt 0.824270 0.589860
vt 0.812930 0.598760
vt 0.810310 0.582450
vt 0.599880 0.441630
vt 0.612810 0.431150
vt 0.609990 0.450390
vt 0.463540 0.459220
vt 0.490110 0.450680
vt 0.512290 0.068220
vt 0.751630 0.116540
vt 0.338820 0.173110
vt 0.336250 0.183200
vt 0.326090 0.178510
vt 0.613840 0.158530
vt 0.614090 0.189920
vt 0.337000 0.209090
vt 0.344940 0.212770
vt 0.331730 0.223940
vt 0.837080 0.737260
vt 0.828180 0.751090
vt 0.834090 0.700410
vt 0.627700 0.441050
vt 0.639610 0.454350
vt 0.620840 0.454250
vt 0.778270 0.503010
vt 0.783770 0.531660
vt 0.755320 0.504840
vt 0.721260 0.084740
vt 0.736740 0.073600
vt 0.737620 0.080660
vt 0.612630 0.121930
vt 0.629600 0.106850
vt 0.618920 0.128730
vt 0.627680 0.263410
vt 0.628830 0.241050
vt 0.643220 0.278520
vt 0.830180 0.675780
vt 0.823740 0.713730
vt 0.817860 0.659530
vt 0.800880 0.547540
vt 0.797630 0.529790
vt 0.816090 0.558620
vt 0.639640 0.393210
vt 0.636440 0.410930
vt 0.581650 0.455630
vt 0.539820 0.461300
vt 0.517050 0.986130
vt 0.495760 0.995010
vt 0.516290 0.928900
vt 0.339810 0.042720
vt 0.382310 0.058730
vt 0.356460 0.090090
vt 0.642120 0.107880
vt 0.648700 0.119150
vt 0.720690 0.244930
vt 0.723070 0.208080
vt 0.732900 0.232410
vt 0.641440 0.250630
vt 0.644360 0.222580
vt 0.658860 0.289640
vt 0.640300 0.341630
vt 0.632160 0.309300
vt 0.656580 0.335250
vt 0.361530 0.409730
vt 0.357500 0.425710
vt 0.342590 0.411780
vt 0.502150 0.476840
vt 0.466060 0.484270
vt 0.472050 0.467420
vt 0.439190 0.486590
vt 0.415960 0.477950
vt 0.449520 0.472920
vt 0.419470 0.955560
vt 0.456640 0.949040
vt 0.439540 0.984400
vt 0.700790 0.086690
vt 0.711680 0.088120
vt 0.710330 0.098120
vt 0.313040 0.153340
vt 0.315300 0.176590
vt 0.300360 0.155690
vt 0.708730 0.133690
vt 0.711990 0.131170
vt 0.715160 0.175840
vt 0.697540 0.129250
vt 0.640520 0.142420
vt 0.648590 0.172120
vt 0.642710 0.182070
vt 0.706280 0.178800
vt 0.633540 0.155900
vt 0.310250 0.319780
vt 0.311180 0.287050
vt 0.328080 0.329140
vt 0.339830 0.375710
vt 0.807000 0.609760
vt 0.788970 0.591160
vt 0.335590 0.440650
vt 0.358060 0.434770
vt 0.355410 0.447120
vt 0.748090 0.516660
vt 0.776140 0.540650
vt 0.753120 0.534410
vt 0.692810 0.132800
vt 0.699610 0.167210
vt 0.683080 0.153670
vt 0.332140 0.206670
vt 0.309010 0.214780
vt 0.308780 0.201450
vt 0.324320 0.242000
vt 0.328970 0.256770
vt 0.313240 0.256450
vt 0.664820 0.273030
vt 0.657080 0.203650
vt 0.675890 0.294380
vt 0.716940 0.347750
vt 0.724460 0.323000
vt 0.729590 0.350530
vt 0.711400 0.392880
vt 0.716510 0.370890
vt 0.726620 0.399500
vt 0.728850 0.471910
vt 0.759980 0.491230
vt 0.742560 0.489870
vt 0.435070 0.497980
vt 0.407990 0.499900
vt 0.401790 0.487430
vt 0.673910 0.105870
vt 0.673170 0.114900
vt 0.656830 0.107670
vt 0.300360 0.142940
vt 0.803870 0.721320
vt 0.811970 0.682740
vt 0.816370 0.715910
vt 0.351020 0.460930
vt 0.747810 0.527230
vt 0.734350 0.521020
vt 0.656500 0.462320
vt 0.633180 0.471160
vt 0.627390 0.462110
vt 0.588800 0.947170
vt 0.584170 0.967570
vt 0.567800 0.981050
vt 0.523480 0.942850
vt 0.536640 0.926260
vt 0.542600 0.963730
vt 0.433310 0.917010
vt 0.468490 0.917000
vt 0.429450 0.931760
vt 0.310190 0.241980
vt 0.808030 0.635200
vt 0.795090 0.635130
vt 0.791580 0.626650
vt 0.653650 0.477670
vt 0.334730 0.425620
vt 0.343240 0.434050
vt 0.723230 0.494530
vt 0.712570 0.479960
vt 0.734470 0.493300
vt 0.371780 0.496180
vt 0.368110 0.472970
vt 0.388180 0.479740
vt 0.370180 0.920070
vt 0.396150 0.926240
vt 0.391010 0.941230
vt 0.324640 0.067010
vt 0.301320 0.106910
vt 0.283590 0.097130
vt 0.761460 0.103160
vt 0.757630 0.085190
vt 0.773080 0.092410
vt 0.303490 0.210350
vt 0.298090 0.215560
vt 0.297380 0.203620
vt 0.752210 0.547770
vt 0.769950 0.553420
vt 0.764130 0.560040
vt 0.686500 0.068680
vt 0.703610 0.072740
vt 0.697390 0.079690
vt 0.615440 0.070810
vt 0.629200 0.052530
vt 0.630900 0.072790
vt 0.809280 0.780640
vt 0.796730 0.801430
vt 0.798090 0.769050
vt 0.805610 0.626820
vt 0.790540 0.618560
vt 0.338910 0.405700
vt 0.331890 0.413340
vt 0.324190 0.407110
vt 0.663430 0.078250
vt 0.669080 0.052530
vt 0.677370 0.075350
vt 0.771360 0.133150
vt 0.769190 0.109560
vt 0.779040 0.114190
vt 0.752380 0.553390
vt 0.749080 0.570770
vt 0.612980 0.025060
vt 0.611110 0.056680
vt 0.747620 0.546540
vt 0.747630 0.559970
vt 0.739100 0.553000
vt 0.729680 0.529000
vt 0.696080 0.507280
vt 0.699410 0.493550
vt 0.716500 0.500780
vt 0.729640 0.052720
vt 0.734240 0.067320
vt 0.718200 0.067550
vt 0.275830 0.195180
vt 0.283390 0.178170
vt 0.295250 0.187440
vt 0.771080 0.572540
vt 0.759500 0.590500
vt 0.751840 0.579620
vt 0.440410 0.523190
vt 0.429690 0.509050
vt 0.471110 0.514790
vt 0.694360 0.053500
vt 0.706160 0.067470
vt 0.681780 0.061860
vt 0.269640 0.121370
vt 0.267950 0.108560
vt 0.284430 0.116840
vt 0.291360 0.200390
vt 0.284910 0.213800
vt 0.272470 0.201860
vt 0.630180 0.492040
vt 0.614030 0.500230
vt 0.604810 0.487780
vt 0.362500 0.510090
vt 0.342980 0.495450
vt 0.625060 0.022600
vt 0.660350 0.032720
vt 0.643110 0.046190
vt 0.300060 0.339340
vt 0.306990 0.381000
vt 0.299230 0.373470
vt 0.314420 0.418410
vt 0.306620 0.428810
vt 0.304860 0.415210
vt 0.567930 0.516970
vt 0.530720 0.511910
vt 0.547150 0.500900
vt 0.447380 0.890840
vt 0.419350 0.890140
vt 0.424160 0.882190
vt 0.440870 0.899950
vt 0.428120 0.871230
vt 0.414630 0.870730
vt 0.410360 0.862060
vt 0.432160 0.861730
vt 0.420890 0.853750
vt 0.433420 0.843790
vt 0.405320 0.838360
vt 0.775930 0.802180
vt 0.784870 0.804910
vt 0.785720 0.823900
vt 0.392510 0.808710
vt 0.413860 0.827920
vt 0.402270 0.822860
vt 0.412920 0.821380
vt 0.397370 0.804110
vt 0.437120 0.796120
vt 0.403670 0.786480
vt 0.432060 0.781780
vt 0.433250 0.681840
vt 0.413430 0.678150
vt 0.434700 0.666120
vt 0.425610 0.662520
vt 0.406840 0.669300
vt 0.411450 0.657000
vt 0.482630 0.915890
vt 0.466390 0.911130
vt 0.492350 0.903550
vt 0.504070 0.871240
vt 0.477430 0.861660
vt 0.501400 0.859670
vt 0.441570 0.848680
vt 0.453020 0.844350
vt 0.458620 0.850630
vt 0.457140 0.842340
vt 0.467700 0.838550
vt 0.475660 0.854380
vt 0.486430 0.829200
vt 0.499900 0.831880
vt 0.469490 0.826900
vt 0.457440 0.827500
vt 0.464160 0.815020
vt 0.450520 0.826490
vt 0.438330 0.819110
vt 0.456710 0.817520
vt 0.484550 0.825980
vt 0.474300 0.811480
vt 0.500930 0.809020
vt 0.445530 0.804300
vt 0.397290 0.791770
vt 0.390590 0.791670
vt 0.392160 0.772390
vt 0.438160 0.785400
vt 0.452390 0.764980
vt 0.469710 0.781250
vt 0.474450 0.749550
vt 0.453490 0.740530
vt 0.432630 0.768080
vt 0.432450 0.743420
vt 0.452190 0.718360
vt 0.471740 0.715770
vt 0.454520 0.698630
vt 0.439610 0.689640
vt 0.456350 0.665500
vt 0.479160 0.674470
vt 0.455680 0.660520
vt 0.461950 0.648200
vt 0.453500 0.621210
vt 0.452890 0.641010
vt 0.436470 0.637910
vt 0.757940 0.604220
vt 0.763700 0.622480
vt 0.752010 0.626810
vt 0.472800 0.619030
vt 0.453550 0.601690
vt 0.475280 0.605100
vt 0.406780 0.612610
vt 0.395810 0.616780
vt 0.400330 0.592700
vt 0.464320 0.576070
vt 0.457380 0.584620
vt 0.449570 0.573420
vt 0.402710 0.581460
vt 0.387930 0.578630
vt 0.389540 0.563440
vt 0.488370 0.563240
vt 0.475040 0.556330
vt 0.493390 0.558420
vt 0.466750 0.536940
vt 0.449320 0.534760
vt 0.474030 0.521110
vt 0.544100 0.912240
vt 0.542000 0.919370
vt 0.516720 0.918790
vt 0.508090 0.911500
vt 0.508370 0.898340
vt 0.529830 0.889350
vt 0.531740 0.865640
vt 0.511420 0.873120
vt 0.519750 0.854160
vt 0.499730 0.814920
vt 0.273100 0.214020
vt 0.257320 0.212680
vt 0.386480 0.768370
vt 0.385250 0.792120
vt 0.368320 0.773070
vt 0.494240 0.774260
vt 0.492820 0.759880
vt 0.507990 0.757330
vt 0.513010 0.754350
vt 0.503380 0.730720
vt 0.513970 0.736530
vt 0.505910 0.746710
vt 0.487850 0.726760
vt 0.495280 0.724630
vt 0.282080 0.268870
vt 0.285070 0.304130
vt 0.269660 0.286350
vt 0.391950 0.700550
vt 0.378570 0.697980
vt 0.390320 0.679760
vt 0.291220 0.331520
vt 0.283650 0.349590
vt 0.275150 0.319300
vt 0.512380 0.608020
vt 0.489610 0.618560
vt 0.506300 0.601810
vt 0.745150 0.601640
vt 0.738630 0.606110
vt 0.737950 0.592460
vt 0.720610 0.543270
vt 0.703150 0.542940
vt 0.721730 0.530930
vt 0.636990 0.020280
vt 0.663330 0.020090
vt 0.647920 0.026710
vt 0.545590 0.871520
vt 0.527980 0.874610
vt 0.539030 0.863180
vt 0.383130 0.819360
vt 0.367990 0.806650
vt 0.389630 0.813100
vt 0.546560 0.800830
vt 0.538480 0.811160
vt 0.528690 0.791640
vt 0.760890 0.771580
vt 0.755390 0.764130
vt 0.767950 0.700660
vt 0.537480 0.760760
vt 0.535060 0.726820
vt 0.753000 0.739700
vt 0.760970 0.688670
vt 0.511410 0.680070
vt 0.509410 0.657060
vt 0.541750 0.681360
vt 0.521990 0.644980
vt 0.516950 0.633380
vt 0.534750 0.636370
vt 0.532720 0.622370
vt 0.511210 0.623650
vt 0.532770 0.607790
vt 0.743780 0.620500
vt 0.750020 0.611720
vt 0.389050 0.594860
vt 0.376220 0.614880
vt 0.370840 0.597470
vt 0.739730 0.579560
vt 0.726130 0.587480
vt 0.730520 0.575220
vt 0.371010 0.531740
vt 0.379710 0.549910
vt 0.361950 0.547760
vt 0.555570 0.540500
vt 0.529430 0.532600
vt 0.555110 0.528270
vt 0.668560 0.514240
vt 0.645350 0.511210
vt 0.662250 0.498020
vt 0.573640 0.896460
vt 0.554810 0.896960
vt 0.559530 0.886810
vt 0.768720 0.856450
vt 0.752940 0.839360
vt 0.778780 0.840230
vt 0.380030 0.890580
vt 0.366890 0.898800
vt 0.346830 0.885870
vt 0.558850 0.850670
vt 0.557290 0.862070
vt 0.547820 0.856760
vt 0.545920 0.853610
vt 0.539070 0.841330
vt 0.555630 0.847930
vt 0.561740 0.822150
vt 0.557580 0.837630
vt 0.529050 0.827440
vt 0.386190 0.745570
vt 0.371410 0.727800
vt 0.278200 0.248750
vt 0.263760 0.268300
vt 0.546890 0.576960
vt 0.549890 0.569400
vt 0.570210 0.570410
vt 0.538430 0.565290
vt 0.573920 0.555390
vt 0.571950 0.563030
vt 0.370690 0.566150
vt 0.758990 0.859530
vt 0.757530 0.846740
vt 0.372770 0.846360
vt 0.349790 0.853590
vt 0.364520 0.836440
vt 0.259910 0.177180
vt 0.261950 0.193180
vt 0.236620 0.180680
vt 0.561280 0.784580
vt 0.584860 0.797470
vt 0.549010 0.791750
vt 0.573040 0.755560
vt 0.574780 0.772290
vt 0.552190 0.763640
vt 0.569720 0.747340
vt 0.559310 0.728100
vt 0.362920 0.614650
vt 0.321430 0.513390
vt 0.317640 0.498960
vt 0.585310 0.889880
vt 0.577840 0.870490
vt 0.589270 0.867750
vt 0.369500 0.876910
vt 0.345480 0.861810
vt 0.376480 0.867490
vt 0.602810 0.819330
vt 0.572020 0.829210
vt 0.558790 0.811760
vt 0.750720 0.688440
vt 0.748750 0.728650
vt 0.738990 0.714810
vt 0.568770 0.681930
vt 0.556530 0.673580
vt 0.564880 0.655620
vt 0.277660 0.379870
vt 0.277400 0.412320
vt 0.266820 0.349030
vt 0.584320 0.606510
vt 0.574670 0.617860
vt 0.576530 0.607700
vt 0.709720 0.594630
vt 0.717510 0.591310
vt 0.711560 0.602090
vt 0.714720 0.570080
vt 0.717890 0.581620
vt 0.707420 0.580450
vt 0.287450 0.435980
vt 0.290190 0.449210
vt 0.278720 0.448990
vt 0.748910 0.051810
vt 0.743070 0.043980
vt 0.750670 0.032280
vt 0.622240 0.901790
vt 0.614640 0.918860
vt 0.602290 0.901520
vt 0.344270 0.872980
vt 0.361020 0.821240
vt 0.348470 0.822980
vt 0.361940 0.799140
vt 0.349310 0.803160
vt 0.594050 0.803490
vt 0.589480 0.810500
vt 0.562780 0.802780
vt 0.746530 0.769210
vt 0.747010 0.794390
vt 0.739310 0.783440
vt 0.240340 0.232420
vt 0.256560 0.241530
vt 0.246730 0.252730
vt 0.589760 0.773150
vt 0.588650 0.763630
vt 0.597470 0.769910
vt 0.595630 0.721470
vt 0.588570 0.722690
vt 0.591060 0.699450
vt 0.578100 0.680190
vt 0.572930 0.652140
vt 0.580670 0.640090
vt 0.368150 0.637870
vt 0.361950 0.651530
vt 0.351830 0.650560
vt 0.735300 0.641840
vt 0.710770 0.654760
vt 0.714920 0.635030
vt 0.571450 0.631040
vt 0.580360 0.621070
vt 0.604160 0.593510
vt 0.593340 0.602600
vt 0.591900 0.589470
vt 0.608530 0.562910
vt 0.601940 0.574040
vt 0.588320 0.572390
vt 0.591520 0.562610
vt 0.738640 0.855050
vt 0.735790 0.847810
vt 0.750270 0.846760
vt 0.618330 0.852060
vt 0.638370 0.850780
vt 0.630060 0.861170
vt 0.615240 0.798950
vt 0.615980 0.805080
vt 0.598360 0.791040
vt 0.620730 0.728510
vt 0.624100 0.758780
vt 0.610310 0.755980
vt 0.359970 0.718810
vt 0.362580 0.771360
vt 0.346620 0.745670
vt 0.616050 0.716210
vt 0.609760 0.729590
vt 0.609110 0.703490
vt 0.708530 0.673160
vt 0.734030 0.675130
vt 0.712300 0.695940
vt 0.320360 0.527610
vt 0.304660 0.520420
vt 0.372590 0.525170
vt 0.644440 0.872470
vt 0.643610 0.889690
vt 0.637280 0.877930
vt 0.728910 0.811560
vt 0.729290 0.830620
vt 0.719160 0.820620
vt 0.649610 0.816710
vt 0.638190 0.811730
vt 0.631970 0.788430
vt 0.625590 0.788650
vt 0.655700 0.785310
vt 0.652060 0.811270
vt 0.633700 0.766690
vt 0.630810 0.672880
vt 0.610560 0.669690
vt 0.632760 0.664800
vt 0.628820 0.614350
vt 0.635230 0.627890
vt 0.618710 0.612590
vt 0.695660 0.564800
vt 0.693910 0.551370
vt 0.701970 0.553870
vt 0.625590 0.546190
vt 0.610560 0.531000
vt 0.640360 0.537400
vt 0.731690 0.026620
vt 0.709200 0.016670
vt 0.734760 0.018750
vt 0.681800 0.903420
vt 0.651910 0.912590
vt 0.649720 0.904970
vt 0.691070 0.845760
vt 0.667050 0.872310
vt 0.662910 0.863270
vt 0.711420 0.783640
vt 0.715230 0.747030
vt 0.705420 0.743820
vt 0.705650 0.729290
vt 0.658550 0.745090
vt 0.632810 0.751930
vt 0.641430 0.737000
vt 0.352040 0.695380
vt 0.347780 0.726270
vt 0.338070 0.719470
vt 0.343130 0.691020
vt 0.698980 0.682810
vt 0.705590 0.688440
vt 0.697650 0.696130
vt 0.663540 0.684640
vt 0.658460 0.698930
vt 0.653130 0.680960
vt 0.253290 0.337970
vt 0.252590 0.361770
vt 0.243600 0.339360
vt 0.645260 0.662540
vt 0.637510 0.654520
vt 0.637400 0.641470
vt 0.709520 0.637910
vt 0.696590 0.658850
vt 0.703510 0.633360
vt 0.648230 0.628920
vt 0.630760 0.610280
vt 0.655980 0.612050
vt 0.697160 0.588150
vt 0.688730 0.603750
vt 0.683120 0.593500
vt 0.652360 0.594010
vt 0.630320 0.595300
vt 0.639950 0.576420
vt 0.653080 0.561000
vt 0.645020 0.568490
vt 0.648870 0.552810
vt 0.698450 0.898190
vt 0.677300 0.895990
vt 0.704950 0.887110
vt 0.689410 0.883260
vt 0.686090 0.873880
vt 0.708450 0.867390
vt 0.676210 0.841420
vt 0.669320 0.824660
vt 0.689140 0.829620
vt 0.672150 0.806240
vt 0.666930 0.727670
vt 0.666750 0.741380
vt 0.656610 0.717760
vt 0.697370 0.740670
vt 0.683070 0.732970
vt 0.686020 0.706850
vt 0.686690 0.698340
vt 0.666980 0.702900
vt 0.686650 0.690380
vt 0.665850 0.671030
vt 0.650500 0.666590
vt 0.669900 0.658610
vt 0.691350 0.644130
vt 0.682010 0.647490
vt 0.686440 0.633510
vt 0.667100 0.623340
vt 0.352200 0.581730
vt 0.344330 0.603930
vt 0.333860 0.579500
vt 0.656050 0.588110
vt 0.657960 0.575850
vt 0.228680 0.282270
vt 0.241830 0.280400
vt 0.234880 0.311040
vt 0.343100 0.548880
vt 0.338880 0.569000
vt 0.324670 0.556460
vt 0.340030 0.858880
vt 0.333120 0.873880
vt 0.324580 0.862830
vt 0.226810 0.216900
vt 0.234770 0.252160
vt 0.212390 0.212740
vt 0.222940 0.255010
vt 0.235810 0.089590
vt 0.202420 0.091960
vt 0.235150 0.077910
vt 0.199130 0.163840
vt 0.219110 0.166660
vt 0.214870 0.180050
vt 0.333460 0.759310
vt 0.316320 0.775730
vt 0.322620 0.740360
vt 0.269580 0.495730
vt 0.284340 0.477950
vt 0.305010 0.475040
vt 0.330220 0.536150
vt 0.313060 0.544020
vt 0.296410 0.531180
vt 0.277450 0.472290
vt 0.254430 0.480910
vt 0.273540 0.465570
vt 0.259670 0.491150
vt 0.183670 0.142610
vt 0.209950 0.150410
vt 0.186490 0.156070
vt 0.333310 0.818340
vt 0.303890 0.825700
vt 0.308050 0.790250
vt 0.334250 0.792060
vt 0.209260 0.233080
vt 0.217930 0.281210
vt 0.209870 0.262750
vt 0.214770 0.331870
vt 0.220250 0.308450
vt 0.224540 0.335820
vt 0.176760 0.132440
vt 0.194060 0.117650
vt 0.207090 0.141570
vt 0.314430 0.700260
vt 0.296110 0.689250
vt 0.307570 0.667290
vt 0.307610 0.610790
vt 0.301300 0.580920
vt 0.318370 0.597450
vt 0.164780 0.139830
vt 0.221780 0.418240
vt 0.231270 0.425540
vt 0.223640 0.439480
vt 0.175190 0.190280
vt 0.195470 0.206520
vt 0.192710 0.220500
vt 0.310400 0.738070
vt 0.303420 0.750190
vt 0.298460 0.717210
vt 0.204330 0.357600
vt 0.214830 0.390170
vt 0.216770 0.418990
vt 0.174970 0.207700
vt 0.192680 0.228590
vt 0.178210 0.236640
vt 0.199620 0.257100
vt 0.175750 0.261990
vt 0.186110 0.262480
vt 0.187160 0.285930
vt 0.212230 0.443220
vt 0.217990 0.439570
vt 0.207640 0.453800
vt 0.293120 0.600410
vt 0.271380 0.605030
vt 0.288120 0.571430
vt 0.264790 0.720340
vt 0.270570 0.699310
vt 0.283100 0.717250
vt 0.288880 0.868070
vt 0.272400 0.859110
vt 0.287960 0.851220
vt 0.155880 0.106080
vt 0.171510 0.114040
vt 0.150210 0.129810
vt 0.284490 0.732550
vt 0.274580 0.749860
vt 0.227820 0.500960
vt 0.196930 0.496830
vt 0.223390 0.489930
vt 0.144200 0.151690
vt 0.136430 0.160110
vt 0.127480 0.157950
vt 0.095990 0.178240
vt 0.113720 0.169920
vt 0.107970 0.183950
vt 0.115530 0.180830
vt 0.121390 0.168180
vt 0.136230 0.182110
vt 0.100490 0.188330
vt 0.111260 0.190250
vt 0.098630 0.199880
vt 0.113010 0.201730
vt 0.120370 0.214320
vt 0.127490 0.196090
vt 0.144170 0.183880
vt 0.130650 0.215570
vt 0.147680 0.205830
vt 0.155420 0.189620
vt 0.159970 0.207680
vt 0.105670 0.212600
vt 0.103930 0.227560
vt 0.166850 0.243150
vt 0.159700 0.252720
vt 0.158960 0.229480
vt 0.130660 0.238170
vt 0.142570 0.236860
vt 0.128280 0.256880
vt 0.134290 0.333040
vt 0.148230 0.346160
vt 0.131720 0.357650
vt 0.173650 0.381500
vt 0.181980 0.381370
vt 0.179570 0.408190
vt 0.156780 0.408910
vt 0.162230 0.391780
vt 0.165890 0.410300
vt 0.153720 0.432130
vt 0.174790 0.442510
vt 0.160480 0.454820
vt 0.180720 0.467410
vt 0.163100 0.470090
vt 0.183750 0.486420
vt 0.160310 0.480360
vt 0.088370 0.212210
vt 0.087170 0.225310
vt 0.103180 0.246340
vt 0.102160 0.270700
vt 0.075060 0.259360
vt 0.109230 0.317990
vt 0.111030 0.343410
vt 0.128380 0.429920
vt 0.151700 0.447640
vt 0.130330 0.446950
vt 0.256320 0.605360
vt 0.266590 0.579280
vt 0.283660 0.562340
vt 0.249930 0.569820
vt 0.268790 0.560220
vt 0.138620 0.468740
vt 0.150920 0.466400
vt 0.142970 0.475670
vt 0.247950 0.533380
vt 0.225380 0.543080
vt 0.238590 0.523970
vt 0.112090 0.151110
vt 0.128210 0.139460
vt 0.123530 0.149890
vt 0.264510 0.831230
vt 0.262530 0.823660
vt 0.270880 0.820110
vt 0.279130 0.766680
vt 0.258000 0.751260
vt 0.257980 0.729500
vt 0.218600 0.530380
vt 0.103370 0.419340
vt 0.121740 0.412090
vt 0.118970 0.431260
vt 0.165040 0.512460
vt 0.165690 0.498710
vt 0.186580 0.508180
vt 0.099290 0.139220
vt 0.124260 0.129390
vt 0.258290 0.796520
vt 0.253790 0.776800
vt 0.266620 0.789630
vt 0.236470 0.731600
vt 0.234700 0.560110
vt 0.228510 0.550890
vt 0.255900 0.547340
vt 0.128480 0.483200
vt 0.135490 0.489510
vt 0.113860 0.493990
vt 0.186230 0.536170
vt 0.169550 0.522270
vt 0.189250 0.517550
vt 0.075330 0.203730
vt 0.080610 0.219830
vt 0.242120 0.647030
vt 0.228650 0.638330
vt 0.255620 0.631930
vt 0.096950 0.441240
vt 0.114180 0.463000
vt 0.093730 0.455430
vt 0.136680 0.514460
vt 0.113250 0.509600
vt 0.141780 0.491180
vt 0.081860 0.119640
vt 0.101580 0.114340
vt 0.254750 0.616540
vt 0.241750 0.617420
vt 0.084620 0.474830
vt 0.107020 0.479330
vt 0.087070 0.485610
vt 0.247180 0.876350
vt 0.249060 0.882590
vt 0.240570 0.882670
vt 0.048790 0.200460
vt 0.058080 0.204680
vt 0.061350 0.228530
vt 0.239850 0.713510
vt 0.212390 0.722840
vt 0.203360 0.699740
vt 0.246690 0.789090
vt 0.228430 0.786050
vt 0.243740 0.776570
vt 0.202960 0.878180
vt 0.207340 0.888490
vt 0.185280 0.893230
vt 0.243610 0.797940
vt 0.227680 0.797970
vt 0.067820 0.278770
vt 0.075130 0.338010
vt 0.060250 0.324470
vt 0.083710 0.412950
vt 0.078630 0.442420
vt 0.228280 0.753020
vt 0.244400 0.765990
vt 0.223790 0.762030
vt 0.216050 0.560740
vt 0.203840 0.563940
vt 0.215050 0.552260
vt 0.181850 0.555000
vt 0.167780 0.539350
vt 0.186320 0.545820
vt 0.043260 0.205050
vt 0.050160 0.228290
vt 0.045960 0.252220
vt 0.056450 0.259350
vt 0.049960 0.329340
vt 0.061720 0.479380
vt 0.076250 0.476720
vt 0.073050 0.492870
vt 0.152490 0.546580
vt 0.237800 0.866130
vt 0.234260 0.876400
vt 0.218490 0.872330
vt 0.040090 0.250480
vt 0.040800 0.327140
vt 0.049700 0.408270
vt 0.060090 0.407160
vt 0.062370 0.444940
vt 0.238340 0.813310
vt 0.221670 0.811030
vt 0.227150 0.802050
vt 0.047520 0.441330
vt 0.056500 0.448710
vt 0.048460 0.165160
vt 0.060640 0.167060
vt 0.043210 0.180030
vt 0.218340 0.853390
vt 0.213420 0.844410
vt 0.229310 0.838200
vt 0.222350 0.824630
vt 0.217320 0.835960
vt 0.216500 0.821210
vt 0.212420 0.770070
vt 0.208420 0.784900
vt 0.201690 0.770550
vt 0.220620 0.600630
vt 0.204650 0.622200
vt 0.188070 0.605740
vt 0.198740 0.856520
vt 0.204760 0.846060
vt 0.202960 0.789400
vt 0.198390 0.775710
vt 0.208410 0.760590
vt 0.193370 0.742750
vt 0.205580 0.728560
vt 0.212280 0.570450
vt 0.183940 0.597510
vt 0.190680 0.579420
vt 0.184930 0.834750
vt 0.190400 0.847090
vt 0.173940 0.845010
vt 0.189560 0.707030
vt 0.182920 0.700320
vt 0.176580 0.706730
vt 0.170760 0.677880
vt 0.181580 0.641680
vt 0.184980 0.621250
vt 0.204910 0.633650
vt 0.174380 0.893310
vt 0.160120 0.884540
vt 0.185820 0.881800
vt 0.162610 0.872060
vt 0.155240 0.863190
vt 0.167030 0.857840
vt 0.176240 0.855740
vt 0.161640 0.848930
vt 0.179400 0.850990
vt 0.165390 0.806770
vt 0.147150 0.774580
vt 0.169870 0.781180
vt 0.143220 0.752440
vt 0.170940 0.766220
vt 0.163290 0.733350
vt 0.123720 0.746990
vt 0.140110 0.709230
vt 0.165870 0.633370
vt 0.154920 0.623790
vt 0.168690 0.609790
vt 0.164530 0.567660
vt 0.153200 0.578300
vt 0.158130 0.557620
vt 0.175440 0.573920
vt 0.166630 0.562990
vt 0.168400 0.559050
vt 0.106790 0.899470
vt 0.108080 0.891560
vt 0.127850 0.886370
vt 0.130590 0.872700
vt 0.117250 0.873830
vt 0.135170 0.860340
vt 0.126010 0.838470
vt 0.112060 0.850940
vt 0.115060 0.829610
vt 0.001950 0.224360
vt 0.004210 0.202900
vt 0.014580 0.230210
vt 0.145160 0.799390
vt 0.128950 0.801500
vt 0.134550 0.770140
vt 0.130100 0.619330
vt 0.133320 0.654920
vt 0.119230 0.623710
vt 0.133600 0.563260
vt 0.114330 0.570100
vt 0.109230 0.558100
vt 0.143400 0.554970
vt 0.141400 0.546150
vt 0.118340 0.550350
vt 0.135350 0.533800
vt 0.020520 0.203500
vt 0.027390 0.199210
vt 0.024310 0.217020
vt 0.110550 0.756300
vt 0.095280 0.767390
vt 0.101040 0.737540
vt 0.011390 0.289130
vt 0.017740 0.272760
vt 0.021660 0.329870
vt 0.114430 0.704960
vt 0.106680 0.659830
vt 0.094540 0.657500
vt 0.099970 0.624600
vt 0.088850 0.624010
vt 0.097940 0.565260
vt 0.095600 0.553500
vt 0.090570 0.540530
vt 0.100760 0.532340
vt 0.101920 0.544340
vt 0.114770 0.532260
vt 0.658640 0.453050
vt 0.682640 0.443660
vt 0.676390 0.455420
vt 0.744520 0.476210
vt 0.670780 0.402300
vt 0.652120 0.372390
vt 0.660380 0.359390
vt 0.671700 0.336740
vt 0.684590 0.344510
vt 0.688230 0.389220
vt 0.659320 0.438250
vt 0.675240 0.434260
vt 0.642690 0.426850
vt 0.653270 0.430340
vt 0.650550 0.445050
vt 0.644750 0.402470
vt 0.616650 0.553700
vt 0.603100 0.548610
vt 0.571000 0.532770
vt 0.566860 0.547210
vt 0.639160 0.438030
vt 0.607390 0.378510
vt 0.624390 0.409660
vt 0.618020 0.189200
vt 0.628830 0.223610
vt 0.645540 0.483730
vt 0.686940 0.507290
vt 0.689090 0.486260
vt 0.625410 0.280280
vt 0.599630 0.233860
vt 0.598390 0.212210
vt 0.607820 0.237960
vt 0.692010 0.579040
vt 0.706310 0.570670
vt 0.612510 0.230620
vt 0.608090 0.479290
vt 0.574170 0.506690
vt 0.557600 0.494490
vt 0.590740 0.490850
vt 0.648070 0.290630
vt 0.664860 0.317060
vt 0.672460 0.539930
vt 0.658390 0.528210
vt 0.680030 0.526270
vt 0.663640 0.338160
vt 0.670740 0.353830
vt 0.677100 0.379260
vt 0.580940 0.544910
vt 0.577400 0.524900
vt 0.599360 0.532850
vt 0.624470 0.518860
vt 0.601890 0.509130
vt 0.639240 0.495130
vt 0.015240 0.216600
vt 0.023280 0.220940
vt 0.020100 0.226010
vt 0.049020 0.236860
vt 0.084940 0.392850
vt 0.088350 0.367240
vt 0.096550 0.398920
vt 0.091960 0.360230
vt 0.113680 0.361090
vt 0.102580 0.372470
vt 0.088720 0.296300
vt 0.088480 0.270660
vt 0.104390 0.296730
vt 0.092030 0.338550
vt 0.102110 0.330270
vt 0.106440 0.349130
vt 0.601890 0.160560
vt 0.457630 0.188870
vt 0.468080 0.190040
vt 0.463070 0.201670
vt 0.511040 0.218180
vt 0.568240 0.158790
vt 0.565020 0.179240
vt 0.553420 0.193520
vt 0.551790 0.158550
vt 0.559950 0.165310
vt 0.542690 0.143070
vt 0.604550 0.187840
vt 0.611590 0.202930
vt 0.606120 0.213100
vt 0.611090 0.143500
vt 0.720230 0.520400
vt 0.692080 0.529520
vt 0.719230 0.512120
vt 0.730190 0.511060
vt 0.606540 0.273070
vt 0.596000 0.261030
vt 0.639040 0.522660
vt 0.113880 0.231830
vt 0.124250 0.233200
vt 0.123090 0.256030
vt 0.115500 0.278440
vt 0.109840 0.256980
vt 0.656860 0.539390
vt 0.492900 0.144810
vt 0.485030 0.123950
vt 0.479150 0.105880
vt 0.503480 0.108600
vt 0.579540 0.091460
vt 0.573490 0.106760
vt 0.560950 0.107120
vt 0.604380 0.115050
vt 0.610380 0.090930
vt 0.597700 0.097880
vt 0.590280 0.089670
vt 0.603000 0.087770
vt 0.560810 0.060740
vt 0.587800 0.072260
vt 0.570350 0.079660
vt 0.569840 0.117460
vt 0.589900 0.113320
vt 0.580030 0.121840
vt 0.557950 0.135230
vt 0.561680 0.122280
vt 0.525370 0.129840
vt 0.483450 0.136670
vt 0.496680 0.125850
vt 0.501140 0.136040
vt 0.485080 0.100930
vt 0.629640 0.087980
vt 0.613460 0.086790
vt 0.595370 0.119140
vt 0.622550 0.157830
vt 0.572090 0.091860
vt 0.247330 0.394580
vt 0.250820 0.449580
vt 0.256020 0.459600
vt 0.246400 0.474090
vt 0.273740 0.501740
vt 0.247950 0.515800
vt 0.265780 0.522080
vt 0.302590 0.441150
vt 0.296510 0.454360
vt 0.294400 0.437730
vt 0.319750 0.434720
vt 0.315680 0.429690
vt 0.245160 0.313800
vt 0.248340 0.295100
vt 0.260110 0.303660
vt 0.271120 0.335700
vt 0.280470 0.375330
vt 0.330000 0.393770
vt 0.319010 0.352420
vt 0.311480 0.389730
vt 0.306690 0.400830
vt 0.298220 0.304420
vt 0.291830 0.305780
vt 0.287710 0.270770
vt 0.302370 0.324470
vt 0.311140 0.357030
vt 0.411790 0.431250
vt 0.411820 0.446330
vt 0.387570 0.433370
vt 0.407350 0.406420
vt 0.399160 0.415290
vt 0.384890 0.421870
vt 0.210500 0.298430
vt 0.226530 0.310960
vt 0.343890 0.399650
vt 0.349840 0.406890
vt 0.318560 0.374610
vt 0.301460 0.416510
vt 0.295620 0.425080
vt 0.286860 0.374220
vt 0.676910 0.126070
vt 0.692260 0.108870
vt 0.691670 0.120550
vt 0.681560 0.112040
vt 0.655160 0.116940
vt 0.668470 0.130830
vt 0.618940 0.163180
vt 0.623170 0.187510
vt 0.634650 0.219770
vt 0.632210 0.201490
vt 0.648990 0.213930
vt 0.630270 0.209320
vt 0.621930 0.201830
vt 0.650350 0.138350
vt 0.262600 0.770720
vt 0.249560 0.760880
vt 0.235630 0.745540
vt 0.275320 0.814180
vt 0.260460 0.811850
vt 0.246690 0.811680
vt 0.225170 0.737010
vt 0.227320 0.722910
vt 0.218440 0.777830
vt 0.229120 0.774480
vt 0.213890 0.756520
vt 0.218180 0.794430
vt 0.209240 0.797800
vt 0.617470 0.205850
vt 0.046450 0.190530
vt 0.058350 0.180410
vt 0.085580 0.177710
vt 0.095120 0.158730
vt 0.102200 0.165430
vt 0.685840 0.748140
vt 0.676420 0.749010
vt 0.676340 0.735750
vt 0.699950 0.791800
vt 0.713660 0.080020
vt 0.705230 0.083400
vt 0.711890 0.073780
vt 0.722350 0.078400
vt 0.703150 0.026760
vt 0.715270 0.043970
vt 0.685190 0.030330
vt 0.713180 0.050440
vt 0.723260 0.052540
vt 0.715070 0.063210
vt 0.740970 0.027630
vt 0.746220 0.014180
vt 0.752000 0.856170
vt 0.467240 0.792460
vt 0.600590 0.670380
vt 0.601160 0.646200
vt 0.608310 0.655680
vt 0.591770 0.678850
vt 0.585440 0.664610
vt 0.622150 0.701480
vt 0.621130 0.690650
vt 0.619910 0.697660
vt 0.612440 0.691260
vt 0.631060 0.711760
vt 0.640190 0.688280
vt 0.574730 0.724490
vt 0.553290 0.698070
vt 0.600800 0.739910
vt 0.576070 0.752060
vt 0.620220 0.767800
vt 0.610860 0.767550
vt 0.603080 0.757260
vt 0.598290 0.755240
vt 0.541880 0.691710
vt 0.551720 0.713670
vt 0.509760 0.707000
vt 0.617680 0.675950
vt 0.604080 0.716480
vt 0.596200 0.698530
vt 0.562930 0.701960
vt 0.556990 0.682920
vt 0.573510 0.704410
vt 0.549200 0.677660
vt 0.546280 0.660400
vt 0.555550 0.654690
vt 0.601890 0.333740
vt 0.597500 0.280680
vt 0.610730 0.301340
vt 0.598430 0.344450
vt 0.579650 0.278490
vt 0.378690 0.319410
vt 0.386550 0.309940
vt 0.388990 0.350810
vt 0.418920 0.292680
vt 0.430580 0.292820
vt 0.406820 0.306300
vt 0.449000 0.285680
vt 0.474340 0.234900
vt 0.471550 0.251680
vt 0.443350 0.288850
vt 0.459460 0.259640
vt 0.466390 0.263780
vt 0.459560 0.279960
vt 0.465350 0.307440
vt 0.465940 0.335940
vt 0.450210 0.238450
vt 0.459060 0.227710
vt 0.359410 0.290140
vt 0.373620 0.298680
vt 0.385900 0.298360
vt 0.378820 0.299540
vt 0.380360 0.415770
vt 0.388600 0.401480
vt 0.396290 0.310950
vt 0.391550 0.298630
vt 0.390750 0.389830
vt 0.398850 0.392720
vt 0.398550 0.368760
vt 0.402940 0.300470
vt 0.399770 0.291550
vt 0.451840 0.304270
vt 0.451970 0.325520
vt 0.459830 0.313800
vt 0.458930 0.290610
vt 0.392590 0.409200
vt 0.378220 0.388030
vt 0.443490 0.301470
vt 0.390300 0.309690
vt 0.394930 0.351220
vt 0.396520 0.384140
vt 0.518490 0.878480
vt 0.502660 0.912800
vt 0.496030 0.887120
vt 0.505910 0.895000
vt 0.368270 0.311490
vt 0.353650 0.294430
vt 0.379790 0.335080
vt 0.326400 0.268970
vt 0.336680 0.287690
vt 0.360120 0.282400
vt 0.357500 0.266430
vt 0.368760 0.417280
vt 0.368210 0.430320
vt 0.384780 0.398290
vt 0.371900 0.387080
vt 0.354460 0.398500
vt 0.340710 0.282080
vt 0.392530 0.468880
vt 0.368340 0.463050
vt 0.395240 0.460140
vt 0.416330 0.468230
vt 0.436870 0.458910
vt 0.663710 0.407110
vt 0.724120 0.419380
vt 0.490310 0.532600
vt 0.489580 0.521820
vt 0.511980 0.527680
vt 0.498980 0.509370
vt 0.457730 0.505680
vt 0.589800 0.483190
vt 0.543860 0.478000
vt 0.581010 0.475620
vt 0.584380 0.462450
vt 0.189920 0.391770
vt 0.201220 0.404890
vt 0.198620 0.428550
vt 0.186560 0.312330
vt 0.178360 0.309380
vt 0.172770 0.283440
vt 0.173770 0.355470
vt 0.184120 0.374330
vt 0.184230 0.346930
vt 0.197540 0.384790
vt 0.212450 0.429650
vt 0.212520 0.465810
vt 0.219040 0.478280
vt 0.195920 0.478480
vt 0.194090 0.456920
vt 0.189820 0.465210
vt 0.151150 0.311540
vt 0.163390 0.336420
vt 0.135520 0.322150
vt 0.158330 0.276440
vt 0.168920 0.266930
vt 0.167310 0.292340
vt 0.130460 0.292330
vt 0.143770 0.273790
vt 0.149190 0.288050
vt 0.156330 0.269300
vt 0.158450 0.309310
vt 0.171570 0.316720
vt 0.171240 0.337570
vt 0.168790 0.360800
vt 0.171200 0.376960
vt 0.194130 0.339930
vt 0.204940 0.438580
vt 0.208340 0.435050
vt 0.178890 0.351820
vt 0.196650 0.317050
vt 0.206050 0.336430
vt 0.470550 0.594280
vt 0.477360 0.579620
vt 0.516640 0.594560
vt 0.509330 0.589420
vt 0.543410 0.585010
vt 0.461250 0.546490
vt 0.478480 0.545560
vt 0.390030 0.544390
vt 0.386680 0.532130
vt 0.411480 0.534060
vt 0.525410 0.560020
vt 0.535190 0.552020
vt 0.516860 0.565280
vt 0.505690 0.569750
vt 0.413460 0.578470
vt 0.402120 0.561920
vt 0.423580 0.559630
vt 0.424640 0.550380
vt 0.404320 0.546200
vt 0.438990 0.582510
vt 0.424600 0.572670
vt 0.456830 0.556820
vt 0.438220 0.555230
vt 0.444550 0.545180
vt 0.503980 0.548770
vt 0.542970 0.544320
vt 0.519670 0.540680
vt 0.428160 0.589440
vt 0.429890 0.603710
vt 0.417730 0.609070
vt 0.407240 0.590290
vt 0.446810 0.592250
vt 0.496860 0.553160
vt 0.505560 0.543500
vt 0.426880 0.537090
vt 0.521590 0.579150
vt 0.512130 0.573590
vt 0.532310 0.571380
vt 0.502550 0.585940
vt 0.496850 0.591850
vt 0.491880 0.582900
vt 0.410040 0.523230
vt 0.427970 0.524010
vt 0.451770 0.567270
vt 0.463940 0.565870
vt 0.334010 0.146120
vt 0.347250 0.150790
vt 0.383620 0.170060
vt 0.371960 0.168800
vt 0.372780 0.153120
vt 0.356090 0.245070
vt 0.358370 0.233690
vt 0.351900 0.242080
vt 0.385530 0.181300
vt 0.394930 0.170640
vt 0.411650 0.179510
vt 0.393980 0.181880
vt 0.344420 0.204880
vt 0.359250 0.199970
vt 0.371980 0.196360
vt 0.360440 0.190950
vt 0.369290 0.201750
vt 0.360750 0.209140
vt 0.365470 0.209080
vt 0.377800 0.218130
vt 0.454060 0.161820
vt 0.454360 0.179980
vt 0.444490 0.178040
vt 0.447790 0.153380
vt 0.433220 0.183770
vt 0.442090 0.182050
vt 0.443410 0.195380
vt 0.431640 0.173840
vt 0.310540 0.226100
vt 0.317240 0.235440
vt 0.305830 0.237190
vt 0.345980 0.233900
vt 0.420110 0.144350
vt 0.419250 0.217970
vt 0.430450 0.226810
vt 0.422400 0.233550
vt 0.267730 0.226230
vt 0.293940 0.234550
vt 0.293510 0.250940
vt 0.285270 0.234300
vt 0.230120 0.203970
vt 0.247820 0.210210
vt 0.250500 0.225670
vt 0.257730 0.199410
vt 0.239050 0.200760
vt 0.301560 0.225400
vt 0.295170 0.241180
vt 0.277820 0.233510
vt 0.260610 0.254690
vt 0.289810 0.220960
vt 0.293680 0.395780
vt 0.294710 0.413390
vt 0.286100 0.400060
vt 0.284570 0.410440
vt 0.298710 0.395120
vt 0.237430 0.321860
vt 0.260980 0.331990
vt 0.251180 0.266060
vt 0.283710 0.248660
vt 0.630930 0.640130
vt 0.610820 0.641220
vt 0.676220 0.416220
vt 0.686170 0.408360
vt 0.685650 0.429400
vt 0.682460 0.399200
vt 0.694620 0.340390
vt 0.707100 0.350330
vt 0.691230 0.373440
vt 0.712700 0.322640
vt 0.694560 0.430180
vt 0.693290 0.405320
vt 0.696850 0.389760
vt 0.702290 0.400410
vt 0.685760 0.240460
vt 0.695210 0.232610
vt 0.694770 0.269760
vt 0.728970 0.256640
vt 0.712030 0.263320
vt 0.187440 0.754750
vt 0.197190 0.760900
vt 0.178810 0.738540
vt 0.624330 0.641690
vt 0.614340 0.621350
vt 0.625770 0.633210
vt 0.638650 0.666350
vt 0.629480 0.652650
vt 0.632820 0.650090
vt 0.674510 0.225550
vt 0.686960 0.315040
vt 0.690580 0.283030
vt 0.701250 0.300270
vt 0.704000 0.341080
vt 0.672050 0.160700
vt 0.669290 0.184740
vt 0.691570 0.214300
vt 0.702460 0.230430
vt 0.713050 0.242500
vt 0.703530 0.273180
vt 0.706620 0.207060
vt 0.712990 0.221940
vt 0.707730 0.310560
vt 0.663700 0.186860
vt 0.709500 0.370760
vt 0.626870 0.693790
vt 0.623520 0.686820
vt 0.669530 0.672570
vt 0.650280 0.676360
vt 0.635030 0.677580
vt 0.643220 0.672980
vt 0.645870 0.684080
vt 0.679900 0.210840
vt 0.698620 0.206820
vt 0.589920 0.642690
vt 0.597220 0.631090
vt 0.609480 0.746480
vt 0.590010 0.288490
vt 0.578740 0.254700
vt 0.588330 0.267280
vt 0.656410 0.313560
vt 0.648600 0.306390
vt 0.598560 0.189940
vt 0.568470 0.170490
vt 0.581380 0.178640
vt 0.519370 0.848050
vt 0.532410 0.835570
vt 0.473120 0.884310
vt 0.444360 0.877150
vt 0.450640 0.853810
vt 0.444440 0.864150
vt 0.456490 0.865250
vt 0.477380 0.877040
vt 0.463470 0.864840
vt 0.460390 0.857420
vt 0.437830 0.839610
vt 0.446630 0.841390
vt 0.458230 0.840040
vt 0.446560 0.835220
vt 0.607980 0.603960
vt 0.599550 0.603130
vt 0.602930 0.624930
vt 0.600610 0.611340
vt 0.132020 0.847030
vt 0.119770 0.850470
vt 0.135900 0.836080
vt 0.122870 0.860150
vt 0.110570 0.870160
vt 0.115920 0.860000
vt 0.167820 0.400800
vt 0.173430 0.397380
vt 0.166510 0.379250
vt 0.155320 0.890700
vt 0.117840 0.898270
vt 0.137990 0.886440
vt 0.059450 0.153170
vt 0.079870 0.164990
vt 0.492210 0.501300
vt 0.492450 0.490890
vt 0.532670 0.488820
vt 0.419620 0.512480
vt 0.520110 0.908040
vt 0.442940 0.941530
vt 0.468480 0.932430
vt 0.028240 0.245490
vt 0.034010 0.239070
vt 0.427790 0.121200
vt 0.438470 0.118220
vt 0.431210 0.134450
vt 0.445080 0.125860
vt 0.447120 0.139050
vt 0.136100 0.261600
vt 0.125470 0.298020
vt 0.149240 0.836130
vt 0.134530 0.817190
vt 0.150910 0.814820
vt 0.174770 0.823150
vt 0.595490 0.606780
vt 0.591710 0.614840
vt 0.073110 0.175340
vt 0.085970 0.182960
vt 0.075510 0.197850
vt 0.094210 0.193210
vt 0.095360 0.201390
vt 0.085200 0.199340
vt 0.086950 0.206320
vt 0.094810 0.210460
vt 0.375930 0.516660
vt 0.540340 0.468510
vt 0.033040 0.208580
vt 0.029790 0.182860
vt 0.037440 0.164120
vt 0.150840 0.848960
vt 0.138290 0.846260
vt 0.352840 0.144360
vt 0.371910 0.144270
vt 0.359260 0.153830
vt 0.131410 0.828370
vt 0.311520 0.489960
vt 0.316660 0.475220
vt 0.346190 0.475490
vt 0.563770 0.640490
vt 0.555880 0.644870
vt 0.563490 0.624010
vt 0.349000 0.468800
vt 0.148730 0.268190
vt 0.158920 0.353960
vt 0.421830 0.443910
vt 0.409000 0.461990
vt 0.423760 0.457890
vt 0.401080 0.450900
vt 0.410880 0.455310
vt 0.439330 0.237900
vt 0.410880 0.164190
vt 0.388410 0.159850
vt 0.278810 0.511210
vt 0.552150 0.107630
vt 0.553040 0.120600
vt 0.433910 0.243760
vt 0.436160 0.253820
vt 0.650700 0.493700
vt 0.660550 0.486550
vt 0.602930 0.683120
vt 0.176020 0.319260
vt 0.456550 0.222920
vt 0.460960 0.214950
vt 0.423700 0.178210
vt 0.146120 0.139620
vt 0.136950 0.149120
vt 0.166850 0.160290
vt 0.226520 0.462280
vt 0.238520 0.453910
vt 0.233310 0.477360
vt 0.200480 0.302120
vt 0.210040 0.281200
vt 0.258740 0.360270
vt 0.266870 0.411710
vt 0.279290 0.429790
vt 0.255810 0.403570
vt 0.236610 0.341670
vt 0.231780 0.346640
vt 0.242850 0.399470
vt 0.252110 0.438290
vt 0.262760 0.451220
vt 0.170850 0.170310
vt 0.181620 0.165380
vt 0.188960 0.168100
vt 0.211470 0.196730
vt 0.199570 0.198000
vt 0.218440 0.353620
vt 0.227120 0.355140
vt 0.221320 0.385720
vt 0.631160 0.098900
vt 0.652970 0.090810
vt 0.642900 0.059090
vt 0.643850 0.079410
vt 0.628660 0.183310
vt 0.836540 0.674530
vt 0.821510 0.627990
vt 0.831730 0.632280
vt 0.848890 0.603040
vt 0.830530 0.579950
vt 0.834310 0.554050
vt 0.716950 0.158370
vt 0.728580 0.169790
vt 0.734780 0.205510
vt 0.678490 0.081250
vt 0.686310 0.080070
vt 0.690720 0.089560
vt 0.752100 0.172930
vt 0.751160 0.154200
vt 0.686990 0.103820
vt 0.695360 0.098330
vt 0.682060 0.095320
vt 0.667390 0.099260
vt 0.701060 0.108190
vt 0.713160 0.112570
vt 0.714930 0.093090
vt 0.714870 0.099810
vt 0.687320 0.090980
vt 0.664570 0.088420
vt 0.655440 0.082480
vt 0.700860 0.118790
vt 0.599870 0.853070
vt 0.591150 0.838150
vt 0.606580 0.848840
vt 0.587570 0.850250
vt 0.573730 0.861400
vt 0.311490 0.447830
vt 0.318870 0.459340
vt 0.305830 0.457610
vt 0.787590 0.523550
vt 0.804130 0.570610
vt 0.781390 0.571790
vt 0.782540 0.555910
vt 0.747410 0.639150
vt 0.721160 0.616410
vt 0.735870 0.613300
vt 0.562680 0.425370
vt 0.569840 0.373060
vt 0.470170 0.681590
vt 0.481160 0.681790
vt 0.468990 0.691270
vt 0.199060 0.799590
vt 0.197870 0.793440
vt 0.219440 0.799670
vt 0.213180 0.808590
vt 0.201160 0.839500
vt 0.198130 0.829840
vt 0.506650 0.798390
vt 0.478970 0.802370
vt 0.491750 0.792620
vt 0.509380 0.820870
vt 0.508400 0.801180
vt 0.519560 0.802080
vt 0.152690 0.649620
vt 0.140630 0.643800
vt 0.155940 0.685330
vt 0.155090 0.666660
vt 0.180220 0.594500
vt 0.174210 0.619380
vt 0.525320 0.366770
vt 0.510010 0.376430
vt 0.509790 0.365710
vt 0.543160 0.326250
vt 0.540440 0.347350
vt 0.339000 0.105460
vt 0.357610 0.101360
vt 0.144020 0.204840
vt 0.140750 0.221150
vt 0.102250 0.398850
vt 0.114460 0.382650
vt 0.118860 0.393580
vt 0.145850 0.401050
vt 0.136040 0.378980
vt 0.148020 0.383020
vt 0.286230 0.646850
vt 0.275210 0.621560
vt 0.291860 0.626900
vt 0.301850 0.641500
vt 0.296710 0.656760
vt 0.407540 0.244460
vt 0.633480 0.577790
vt 0.626680 0.586630
vt 0.621240 0.602620
vt 0.399260 0.909720
vt 0.395210 0.895420
vt 0.434740 0.907650
vt 0.405250 0.923790
vt 0.219590 0.650080
vt 0.241370 0.668920
vt 0.221910 0.664690
vt 0.203030 0.678960
vt 0.182770 0.667850
vt 0.200540 0.660260
vt 0.527470 0.598570
vt 0.547210 0.613670
vt 0.559970 0.589250
vt 0.584490 0.581750
vt 0.597950 0.583380
vt 0.576150 0.596550
vt 0.556740 0.637090
vt 0.542710 0.642790
vt 0.626340 0.571480
vt 0.619600 0.579400
vt 0.618890 0.564260
vt 0.631000 0.556080
vt 0.641500 0.548380
vt 0.578900 0.572630
vt 0.585050 0.557610
vt 0.560060 0.583100
vt 0.593860 0.548490
vt 0.718390 0.871270
vt 0.759780 0.014240
vt 0.746110 0.002170
vt 0.566430 0.775490
vt 0.551100 0.779040
vt 0.544810 0.768880
vt 0.499260 0.782180
vt 0.722040 0.596800
vt 0.718240 0.605400
vt 0.713720 0.624050
vt 0.710150 0.612790
vt 0.271940 0.179550
vt 0.264060 0.143810
vt 0.277770 0.152660
vt 0.262630 0.152080
vt 0.184720 0.497830
vt 0.197580 0.506870
vt 0.510170 0.417730
vt 0.483960 0.407680
vt 0.521020 0.412250
vt 0.541400 0.409920
vt 0.218430 0.616480
vt 0.182980 0.655450
vt 0.190110 0.644230
vt 0.027100 0.406790
vt 0.038060 0.448880
vt 0.027560 0.446690
vt 0.072230 0.555350
vt 0.059780 0.555860
vt 0.070620 0.532220
vt 0.688900 0.759020
vt 0.682380 0.766590
vt 0.643400 0.769970
vt 0.170650 0.599600
vt 0.160510 0.607300
vt 0.159130 0.597460
vt 0.138670 0.591480
vt 0.125010 0.600340
vt 0.125940 0.586270
vt 0.121950 0.652620
vt 0.129580 0.706730
vt 0.123070 0.455780
vt 0.145770 0.463350
vt 0.131640 0.464070
vt 0.609530 0.889890
vt 0.598700 0.880160
vt 0.621760 0.894700
vt 0.351050 0.904470
vt 0.347240 0.896190
vt 0.379790 0.908120
vt 0.316190 0.885640
vt 0.335690 0.892440
vt 0.326280 0.893930
vt 0.492700 0.710260
vt 0.483020 0.692770
vt 0.483790 0.711620
vt 0.484420 0.734650
vt 0.477610 0.715390
vt 0.752810 0.799280
vt 0.779840 0.826530
vt 0.766360 0.826060
vt 0.771670 0.804560
vt 0.776310 0.726580
vt 0.778000 0.757020
vt 0.770100 0.787310
vt 0.794380 0.779290
vt 0.791790 0.814580
vt 0.786360 0.788490
vt 0.797780 0.661600
vt 0.793160 0.644070
vt 0.791110 0.741090
vt 0.784810 0.713200
vt 0.645930 0.833210
vt 0.632010 0.819060
vt 0.619780 0.835330
vt 0.595470 0.830760
vt 0.526500 0.420010
vt 0.510770 0.424590
vt 0.504530 0.436430
vt 0.668200 0.643390
vt 0.654130 0.640770
vt 0.669770 0.633360
vt 0.664410 0.652080
vt 0.654840 0.649630
vt 0.298060 0.832400
vt 0.281600 0.814760
vt 0.292030 0.812930
vt 0.689330 0.862940
vt 0.723460 0.846880
vt 0.708350 0.823760
vt 0.172130 0.592890
vt 0.161380 0.587640
vt 0.171760 0.577180
vt 0.183560 0.587080
vt 0.177950 0.578370
vt 0.187970 0.574150
vt 0.550630 0.330030
vt 0.543980 0.260740
vt 0.557540 0.293770
vt 0.054340 0.510400
vt 0.070670 0.510100
vt 0.097910 0.494850
vt 0.109690 0.488150
vt 0.199460 0.557220
vt 0.209360 0.547030
vt 0.214380 0.540280
vt 0.198810 0.530170
vt 0.229850 0.866510
vt 0.268850 0.881060
vt 0.266230 0.873380
vt 0.286870 0.887220
vt 0.256650 0.820470
vt 0.257760 0.832560
vt 0.248630 0.825740
vt 0.244350 0.856360
vt 0.227320 0.849790
vt 0.416780 0.727420
vt 0.402620 0.742140
vt 0.405610 0.711710
vt 0.424610 0.750730
vt 0.034090 0.409720
vt 0.028830 0.282030
vt 0.038290 0.371190
vt 0.029680 0.371640
vt 0.128090 0.523780
vt 0.121790 0.515620
vt 0.096420 0.506470
vt 0.082530 0.522920
vt 0.745970 0.067940
vt 0.745720 0.073910
vt 0.759180 0.044400
vt 0.762030 0.034460
vt 0.502410 0.268710
vt 0.507430 0.289290
vt 0.496390 0.248260
vt 0.680800 0.629560
vt 0.705890 0.608180
vt 0.690010 0.612110
vt 0.698240 0.597090
vt 0.574840 0.832790
vt 0.438760 0.653120
vt 0.422010 0.642350
vt 0.432050 0.650830
vt 0.538110 0.661040
vt 0.479150 0.637130
vt 0.465580 0.628720
vt 0.388780 0.617400
vt 0.380160 0.646490
vt 0.374520 0.660170
vt 0.524990 0.270920
vt 0.537970 0.276070
vt 0.545880 0.301130
vt 0.750350 0.664220
vt 0.365230 0.824860
vt 0.396140 0.833420
vt 0.384890 0.850630
vt 0.374280 0.827190
vt 0.094590 0.413430
vt 0.277440 0.788610
vt 0.688910 0.653120
vt 0.675270 0.681920
vt 0.296440 0.889440
vt 0.330590 0.898420
vt 0.288790 0.895140
vt 0.351330 0.192580
vt 0.330450 0.195470
vt 0.334270 0.189710
vt 0.339370 0.201070
vt 0.428750 0.103860
vt 0.404740 0.119020
vt 0.423320 0.118120
vt 0.671980 0.773530
vt 0.665800 0.785980
vt 0.678130 0.797300
vt 0.223130 0.565080
vt 0.231440 0.610870
vt 0.255290 0.147490
vt 0.253450 0.139160
vt 0.242410 0.166370
vt 0.245340 0.173920
vt 0.243930 0.133640
vt 0.245200 0.146350
vt 0.216070 0.114320
vt 0.236370 0.132040
vt 0.238190 0.096620
vt 0.261370 0.097180
vt 0.219610 0.137500
vt 0.761980 0.136890
vt 0.762830 0.166600
vt 0.818390 0.761440
vt 0.809950 0.762950
vt 0.624090 0.917750
vt 0.630200 0.905260
vt 0.670580 0.883020
vt 0.071430 0.589370
vt 0.065360 0.589240
vt 0.066480 0.569120
vt 0.087550 0.581700
vt 0.079300 0.575260
vt 0.098840 0.587580
vt 0.070350 0.614030
vt 0.076960 0.592710
vt 0.332560 0.841520
vt 0.359860 0.834590
vt 0.350100 0.840990
vt 0.187440 0.766930
vt 0.185690 0.798310
vt 0.513230 0.785980
vt 0.540530 0.791830
vt 0.524940 0.777150
vt 0.762600 0.641150
vt 0.768290 0.660320
vt 0.759520 0.653880
vt 0.791020 0.691520
vt 0.783850 0.683790
vt 0.781960 0.658370
vt 0.470980 0.807490
vt 0.297990 0.861250
vt 0.317510 0.834000
vt 0.184720 0.404480
vt 0.194740 0.429990
vt 0.195630 0.448220
vt 0.251530 0.540060
vt 0.276940 0.527280
vt 0.145100 0.422410
vt 0.144780 0.436000
vt 0.132840 0.422980
vt 0.130880 0.403190
vt 0.240020 0.503810
vt 0.233350 0.489700
vt 0.496430 0.688760
vt 0.483230 0.651340
vt 0.238940 0.190790
vt 0.227150 0.198640
vt 0.212830 0.187850
vt 0.339860 0.530400
vt 0.473760 0.280150
vt 0.482370 0.289260
vt 0.476010 0.657980
vt 0.470170 0.638980
vt 0.154250 0.473860
vt 0.148660 0.512810
vt 0.156420 0.507160
vt 0.168290 0.487910
vt 0.156460 0.491250
vt 0.143410 0.483450
vt 0.386560 0.258090
vt 0.412580 0.258250
vt 0.637910 0.711560
vt 0.646980 0.713800
vt 0.637910 0.725450
vt 0.429030 0.629490
vt 0.404580 0.637080
vt 0.415520 0.627650
vt 0.504630 0.709860
vt 0.522270 0.695740
vt 0.495330 0.622060
vt 0.494380 0.606360
vt 0.332570 0.472220
vt 0.330020 0.463570
vt 0.325530 0.453090
vt 0.170400 0.424360
vt 0.181230 0.432540
vt 0.178840 0.444000
vt 0.267790 0.435020
vt 0.261370 0.436310
vt 0.267700 0.447940
vt 0.281310 0.456040
vt 0.290820 0.462790
vt 0.125490 0.374160
vt 0.132540 0.344210
vt 0.121460 0.357940
vt 0.235910 0.219080
vt 0.464400 0.232120
vt 0.526710 0.762980
vt 0.534140 0.776120
vt 0.397370 0.266580
vt 0.396890 0.280320
vt 0.299320 0.552080
vt 0.285950 0.546800
vt 0.283050 0.536680
vt 0.179010 0.420410
vt 0.189660 0.425830
vt 0.164140 0.464140
vt 0.197830 0.488120
vt 0.180150 0.477380
vt 0.233750 0.512530
vt 0.189270 0.477340
vt 0.182800 0.454740
vt 0.594840 0.180420
vt 0.480440 0.275200
vt 0.479960 0.262910
vt 0.704480 0.418390
vt 0.647040 0.088850
vt 0.644470 0.090710
vt 0.633740 0.081060
vt 0.399860 0.256120
vt 0.403950 0.261340
vt 0.408320 0.253340
vt 0.597160 0.109270
vt 0.582140 0.111010
vt 0.563740 0.635720
vt 0.570440 0.626620
vt 0.398490 0.513140
vt 0.162710 0.378370
vt 0.720620 0.551690
vt 0.731280 0.556690
vt 0.739730 0.567040
vt 0.723320 0.560550
vt 0.614250 0.682490
vt 0.607420 0.676990
vt 0.503760 0.837680
vt 0.316340 0.379940
vt 0.318710 0.412860
vt 0.422470 0.268020
vt 0.585890 0.106270
vt 0.250100 0.280390
vt 0.233000 0.265640
vt 0.242530 0.265830
vt 0.596410 0.502550
vt 0.502580 0.597540
vt 0.491470 0.598920
vt 0.115370 0.586010
vt 0.149210 0.605870
vt 0.137220 0.622630
vt 0.595500 0.922540
vt 0.583810 0.902140
vt 0.554670 0.924030
vt 0.553700 0.209750
vt 0.580130 0.223130
vt 0.568210 0.229490
vt 0.584180 0.242950
vt 0.592940 0.240120
vt 0.637480 0.835900
vt 0.630570 0.826060
vt 0.621730 0.845310
vt 0.639830 0.845210
vt 0.441280 0.411900
vt 0.449170 0.379920
vt 0.447200 0.403880
vt 0.453460 0.403880
vt 0.458320 0.415780
vt 0.254480 0.079530
vt 0.256970 0.070870
vt 0.275930 0.073590
vt 0.282260 0.048620
vt 0.308560 0.046910
vt 0.293560 0.065710
vt 0.426050 0.699230
vt 0.429250 0.722520
vt 0.409460 0.917570
vt 0.385550 0.916540
vt 0.190160 0.813060
vt 0.204680 0.811800
vt 0.192710 0.814800
vt 0.199070 0.804450
vt 0.494240 0.260140
vt 0.488200 0.259480
vt 0.485360 0.282500
vt 0.482720 0.443810
vt 0.461170 0.452500
vt 0.484680 0.781780
vt 0.489020 0.771300
vt 0.324250 0.631990
vt 0.316680 0.667460
vt 0.317140 0.644140
vt 0.727870 0.457270
vt 0.308390 0.180570
vt 0.294570 0.160170
vt 0.321440 0.192900
vt 0.672600 0.590620
vt 0.673310 0.581000
vt 0.686560 0.555910
vt 0.675880 0.560600
vt 0.157670 0.647670
vt 0.747490 0.836110
vt 0.734710 0.842840
vt 0.181310 0.561090
vt 0.521140 0.350130
vt 0.514250 0.342140
vt 0.542330 0.362010
vt 0.545070 0.373380
vt 0.523940 0.357760
vt 0.532280 0.369160
vt 0.541370 0.375290
vt 0.289390 0.145530
vt 0.273900 0.135130
vt 0.284440 0.129960
vt 0.299650 0.115780
vt 0.730840 0.802960
vt 0.716700 0.775810
vt 0.724300 0.774820
vt 0.126870 0.681000
vt 0.143360 0.680360
vt 0.581230 0.787480
vt 0.250810 0.869350
vt 0.251650 0.856760
vt 0.266880 0.839740
vt 0.669070 0.549820
vt 0.669340 0.575340
vt 0.150650 0.528580
vt 0.155290 0.518800
vt 0.063570 0.461340
vt 0.070310 0.469630
vt 0.077710 0.461920
vt 0.430510 0.823430
vt 0.403730 0.829210
vt 0.121610 0.473900
vt 0.125010 0.478050
vt 0.088370 0.496500
vt 0.168750 0.530590
vt 0.098930 0.467760
vt 0.423290 0.832770
vt 0.433360 0.809130
vt 0.124190 0.500130
vt 0.090890 0.528280
vt 0.297380 0.273460
vt 0.812820 0.526390
vt 0.819080 0.547300
vt 0.811880 0.543800
vt 0.797020 0.509050
vt 0.781090 0.485420
vt 0.811680 0.515790
vt 0.467660 0.103090
vt 0.698800 0.535910
vt 0.687870 0.539330
vt 0.222240 0.575190
vt 0.230200 0.572630
vt 0.676670 0.485150
vt 0.707930 0.487570
vt 0.666690 0.473830
vt 0.675990 0.464190
vt 0.696240 0.755970
vt 0.697930 0.770630
vt 0.733340 0.780460
vt 0.700130 0.663400
vt 0.522620 0.328890
vt 0.291660 0.761340
vt 0.291320 0.718300
vt 0.297190 0.791450
vt 0.553140 0.881130
vt 0.570010 0.879320
vt 0.494240 0.915590
vt 0.494290 0.924410
vt 0.499010 0.931210
vt 0.478780 0.922390
vt 0.402940 0.111570
vt 0.253700 0.798640
vt 0.235400 0.830130
vt 0.252140 0.814040
vt 0.244220 0.816890
vt 0.392330 0.235800
vt 0.385400 0.223490
vt 0.748780 0.537480
vt 0.735140 0.526810
vt 0.140080 0.873160
vt 0.246560 0.888140
vt 0.256150 0.889760
vt 0.245360 0.902790
vt 0.206320 0.895270
vt 0.230350 0.891620
vt 0.173710 0.908220
vt 0.154400 0.902200
vt 0.185770 0.898300
vt 0.402410 0.683560
vt 0.396620 0.719630
vt 0.663920 0.710350
vt 0.677050 0.706540
vt 0.821420 0.611960
vt 0.833330 0.616870
vt 0.631100 0.778730
vt 0.143470 0.566850
vt 0.133150 0.575170
vt 0.695310 0.620170
vt 0.705400 0.618030
vt 0.048540 0.373690
vt 0.058140 0.366720
vt 0.060390 0.386290
vt 0.067380 0.371400
vt 0.077790 0.366400
vt 0.082220 0.401170
vt 0.071900 0.170390
vt 0.318130 0.576060
vt 0.619750 0.590890
vt 0.611960 0.574530
vt 0.775100 0.603520
vt 0.778180 0.616330
vt 0.769650 0.619060
vt 0.769260 0.605270
vt 0.512290 0.279620
vt 0.512770 0.304580
vt 0.517140 0.318410
vt 0.502580 0.330930
vt 0.352210 0.563340
vt 0.363730 0.584480
vt 0.038180 0.226240
vt 0.031960 0.229490
vt 0.188980 0.871770
vt 0.696790 0.801130
vt 0.701350 0.825410
vt 0.690640 0.812420
vt 0.707520 0.850010
vt 0.695660 0.836340
vt 0.320090 0.104970
vt 0.338690 0.100080
vt 0.182110 0.817250
vt 0.188920 0.800700
vt 0.483690 0.377490
vt 0.472420 0.363240
vt 0.480130 0.375880
vt 0.388440 0.821650
vt 0.552910 0.405760
vt 0.563850 0.417680
vt 0.438040 0.913260
vt 0.422230 0.912260
vt 0.366250 0.138180
vt 0.363410 0.134610
vt 0.780500 0.679790
vt 0.777740 0.658110
vt 0.782760 0.742690
vt 0.782030 0.710530
vt 0.609520 0.411790
vt 0.586600 0.423530
vt 0.598460 0.394420
vt 0.585030 0.312200
vt 0.593700 0.365480
vt 0.588590 0.409220
vt 0.483910 0.993580
vt 0.422430 0.074200
vt 0.719120 0.013670
vt 0.700740 0.002270
vt 0.719970 0.002110
vt 0.650870 0.012840
vt 0.680740 0.004630
vt 0.680680 0.012960
vt 0.341950 0.900370
vt 0.306070 0.863050
vt 0.304920 0.881980
vt 0.294140 0.883710
vt 0.610350 0.825540
vt 0.624740 0.817620
vt 0.612800 0.819420
vt 0.827430 0.618290
vt 0.215080 0.643420
vt 0.194300 0.652830
vt 0.203680 0.639700
vt 0.172550 0.655430
vt 0.176910 0.638890
vt 0.626100 0.930590
vt 0.612750 0.937000
vt 0.687740 0.784180
vt 0.692430 0.774820
vt 0.685010 0.794460
vt 0.476150 0.693180
vt 0.464920 0.712440
vt 0.066160 0.189910
vt 0.564220 0.242600
vt 0.563750 0.252580
vt 0.555240 0.256810
vt 0.293930 0.575570
vt 0.301020 0.559620
vt 0.776230 0.082200
vt 0.765100 0.067890
vt 0.770470 0.058920
vt 0.755580 0.058870
vt 0.758940 0.052380
vt 0.745670 0.861760
vt 0.743970 0.873370
vt 0.734900 0.863390
vt 0.776660 0.036170
vt 0.041330 0.194980
vt 0.033300 0.195700
vt 0.572180 0.270110
vt 0.571380 0.252070
vt 0.570650 0.284500
vt 0.587820 0.230450
vt 0.595010 0.231510
vt 0.589970 0.211680
vt 0.324490 0.151030
vt 0.312220 0.131300
vt 0.324420 0.139800
vt 0.280020 0.165810
vt 0.289980 0.156700
vt 0.316570 0.188000
vt 0.327360 0.186510
vt 0.329700 0.137250
vt 0.501310 0.172360
vt 0.479390 0.177710
vt 0.506710 0.169570
vt 0.520240 0.181930
vt 0.499870 0.088890
vt 0.504480 0.116370
vt 0.516460 0.125810
vt 0.446260 0.188630
vt 0.667440 0.557520
vt 0.420690 0.133510
vt 0.589900 0.200050
vt 0.590840 0.191400
vt 0.527180 0.221660
vt 0.597620 0.473630
vt 0.479080 0.128300
vt 0.607550 0.584290
vt 0.581400 0.231370
vt 0.576470 0.239410
vt 0.467010 0.156280
vt 0.239240 0.246820
vt 0.289910 0.419750
vt 0.296790 0.261720
vt 0.305340 0.260560
vt 0.333240 0.735680
vt 0.347730 0.782770
vt 0.346090 0.765090
vt 0.388330 0.200700
vt 0.751290 0.508920
vt 0.772190 0.528890
vt 0.785250 0.539430
vt 0.801540 0.557360
vt 0.802610 0.690680
vt 0.736940 0.659300
vt 0.747690 0.650900
vt 0.736900 0.045250
vt 0.741050 0.057640
vt 0.718680 0.026460
vt 0.724070 0.041760
vt 0.704510 0.021870
vt 0.343190 0.220500
vt 0.342320 0.226290
vt 0.257430 0.712990
vt 0.251550 0.672240
vt 0.268290 0.658380
vt 0.536120 0.316890
vt 0.707460 0.767730
vt 0.709370 0.755110
vt 0.331890 0.717180
vt 0.324200 0.670600
vt 0.333880 0.681230
vt 0.343480 0.656390
vt 0.752730 0.065250
vt 0.763570 0.071150
vt 0.767670 0.082300
vt 0.753620 0.093430
vt 0.756020 0.115400
vt 0.662010 0.602400
vt 0.546280 0.781150
vt 0.515820 0.773520
vt 0.471790 0.412100
vt 0.075540 0.281390
vt 0.075270 0.236750
vt 0.535460 0.896660
vt 0.596890 0.893560
vt 0.561310 0.905900
vt 0.544320 0.901730
vt 0.397050 0.245880
vt 0.178560 0.754680
vt 0.163830 0.741950
vt 0.389290 0.650090
vt 0.394430 0.638110
vt 0.385810 0.633410
vt 0.130180 0.763980
vt 0.123740 0.786910
vt 0.117750 0.766850
vt 0.081570 0.544410
vt 0.082770 0.564400
vt 0.086900 0.556200
vt 0.286470 0.831640
vt 0.226900 0.828890
vt 0.224760 0.838500
vt 0.126040 0.186640
vt 0.158110 0.705900
vt 0.144360 0.580320
vt 0.230460 0.399430
vt 0.235010 0.398670
vt 0.139460 0.881400
vt 0.160560 0.879820
vt 0.120800 0.883310
vt 0.188640 0.087860
vt 0.262970 0.899250
vt 0.263810 0.914100
vt 0.172420 0.102420
vt 0.191340 0.105720
vt 0.222050 0.104050
vt 0.688900 0.465830
vt 0.692640 0.448780
vt 0.692370 0.458620
vt 0.720420 0.851430
vt 0.724910 0.860540
vt 0.706110 0.859130
vt 0.086990 0.654540
vt 0.074890 0.655320
vt 0.083440 0.609770
vt 0.086860 0.729310
vt 0.289240 0.683440
vt 0.760340 0.634040
vt 0.768880 0.643650
vt 0.773970 0.636060
vt 0.767920 0.633060
vt 0.577640 0.439140
vt 0.570420 0.427080
vt 0.447910 0.656050
vt 0.732620 0.011010
vt 0.735230 0.001950
vt 0.501270 0.848630
vt 0.514370 0.832920
vt 0.526420 0.812260
vt 0.758960 0.500000
vt 0.735090 0.502180
vt 0.373720 0.256020
vt 0.070400 0.397450
vt 0.071450 0.409930
vt 0.083110 0.341940
vt 0.157660 0.156310
vt 0.161790 0.167200
vt 0.155820 0.175780
vt 0.158000 0.145620
vt 0.152510 0.188670
vt 0.153370 0.169950
vt 0.143860 0.163600
vt 0.152810 0.152890
vt 0.259020 0.574820
vt 0.245030 0.585910
vt 0.242870 0.572090
vt 0.242580 0.589150
vt 0.228840 0.580840
vt 0.779480 0.579000
vt 0.110340 0.608530
vt 0.101750 0.595520
vt 0.726050 0.544460
vt 0.192230 0.564680
vt 0.195810 0.571390
vt 0.384490 0.879770
vt 0.388080 0.870850
vt 0.406770 0.876860
vt 0.404780 0.886520
vt 0.189230 0.851410
vt 0.140980 0.852630
vt 0.133950 0.851130
vt 0.146120 0.856040
vt 0.028510 0.168300
vt 0.009040 0.196620
vt 0.011740 0.185180
vt 0.019560 0.188700
vt 0.353330 0.227390
vt 0.688430 0.035020
vt 0.657450 0.047810
vt 0.698890 0.670760
vt 0.692010 0.681140
vt 0.693680 0.671160
vt 0.341240 0.811440
vt 0.343480 0.833770
vt 0.335930 0.777010
vt 0.789000 0.633480
vt 0.779530 0.631080
vt 0.782920 0.622900
vt 0.788590 0.657950
vt 0.651400 0.858750
vt 0.395080 0.750080
vt 0.388420 0.712760
vt 0.241700 0.700280
vt 0.220110 0.696430
vt 0.049570 0.461250
vt 0.055890 0.468950
vt 0.055200 0.582250
vt 0.053920 0.568300
vt 0.035390 0.466470
vt 0.044920 0.473980
vt 0.520510 0.881290
vt 0.501640 0.343350
vt 0.511720 0.332440
vt 0.245090 0.604970
vt 0.152920 0.418820
vt 0.223190 0.584270
vt 0.754110 0.024270
vt 0.769900 0.026630
vt 0.728250 0.869960
vt 0.487980 0.883560
vt 0.587300 0.594700
vt 0.237380 0.438710
vt 0.245230 0.442400
vt 0.231580 0.449470
vt 0.258430 0.843750
vt 0.265840 0.863670
vt 0.106960 0.576860
vt 0.601000 0.454820
vt 0.197100 0.784780
vt 0.680970 0.667230
vt 0.110310 0.784470
vt 0.003980 0.246470
vt 0.394360 0.232150
vt 0.375610 0.223890
vt 0.123580 0.815120
vt 0.110910 0.806270
vt 0.155360 0.138940
vt 0.236510 0.157630
vt 0.248720 0.154680
vt 0.362900 0.688920
vt 0.356790 0.666050
vt 0.375160 0.673100
vt 0.365680 0.670600
vt 0.534150 0.405080
vt 0.535570 0.416480
vt 0.267070 0.647420
vt 0.286240 0.763220
vt 0.290100 0.789990
vt 0.335950 0.616330
vt 0.326740 0.609030
vt 0.311450 0.626020
vt 0.344310 0.639500
vt 0.345890 0.623770
vt 0.355320 0.633850
vt 0.168080 0.648250
vt 0.078940 0.301650
vt 0.096140 0.316300
vt 0.085250 0.319070
vt 0.018950 0.177510
vt 0.107890 0.879520
vt 0.752700 0.829680
vt 0.761230 0.798100
vt 0.709670 0.560810
vt 0.748070 0.582160
vt 0.751220 0.594170
vt 0.744020 0.586300
vt 0.484880 0.751390
vt 0.264270 0.086100
vt 0.294180 0.075300
vt 0.178880 0.615100
vt 0.176630 0.603590
vt 0.309560 0.553400
vt 0.305350 0.572180
vt 0.262500 0.555070
vt 0.243320 0.565930
vt 0.306760 0.269780
vt 0.616540 0.884910
vt 0.612640 0.863000
vt 0.623300 0.873550
vt 0.636830 0.888090
vt 0.623950 0.889840
vt 0.511870 0.263430
vt 0.518160 0.273410
vt 0.711400 0.717370
vt 0.707670 0.726570
vt 0.724930 0.762560
vt 0.383220 0.903320
vt 0.368060 0.910020
vt 0.522940 0.430860
vt 0.529910 0.437490
vt 0.534410 0.427600
vt 0.541070 0.443550
vt 0.164310 0.194820
vt 0.163980 0.184490
vt 0.171270 0.222470
vt 0.772960 0.689380
vt 0.766570 0.757680
vt 0.245850 0.866200
vt 0.651770 0.844800
vt 0.659730 0.840320
vt 0.303770 0.194450
vt 0.312340 0.190100
vt 0.737870 0.100660
vt 0.744530 0.098290
vt 0.051530 0.392200
vt 0.035280 0.386700
vt 0.410870 0.697070
vt 0.423220 0.689110
vt 0.403030 0.696380
vt 0.765560 0.484350
vt 0.730010 0.037170
vt 0.130710 0.165630
vt 0.144610 0.171330
vt 0.512420 0.774980
vt 0.515460 0.778060
vt 0.147740 0.596170
vt 0.148170 0.588200
vt 0.234830 0.841980
vt 0.536600 0.065310
vt 0.539320 0.076510
vt 0.605860 0.073740
vt 0.603780 0.039670
vt 0.582200 0.050130
vt 0.412520 0.103040
vt 0.404360 0.089330
vt 0.433500 0.565340
vt 0.653130 0.731320
vt 0.487700 0.786030
vt 0.189060 0.449820
vt 0.173980 0.665870
vt 0.164060 0.659250
vt 0.108440 0.590290
vt 0.098750 0.578230
vt 0.143790 0.612840
vt 0.137480 0.604790
vt 0.178750 0.589980
vt 0.176520 0.581470
vt 0.141900 0.521150
vt 0.725960 0.286340
vt 0.844000 0.689790
vt 0.838780 0.637810
vt 0.845380 0.644970
vt 0.564710 0.434220
vt 0.149030 0.105490
vt 0.140850 0.133150
vt 0.232400 0.900820
vt 0.203430 0.908350
vt 0.396870 0.853720
vt 0.373960 0.856510
vt 0.397290 0.864750
vt 0.386560 0.861610
vt 0.448790 0.463100
vt 0.448830 0.454520
vt 0.322970 0.226200
vt 0.331890 0.232170
vt 0.316630 0.219790
vt 0.757070 0.136850
vt 0.760500 0.180120
vt 0.822870 0.764730
vt 0.460950 0.209160
vt 0.816100 0.627580
vt 0.566100 0.326920
vt 0.681060 0.613650
vt 0.679930 0.603870
vt 0.440230 0.614640
vt 0.448420 0.609080
vt 0.692360 0.570870
vt 0.676420 0.570500
vt 0.506780 0.580430
vt 0.500380 0.574740
vt 0.490110 0.573160
vt 0.794450 0.732380
vt 0.272360 0.060360
vt 0.354540 0.914770
vt 0.416150 0.897610
vt 0.489470 0.138060
vt 0.516300 0.136600
vt 0.507280 0.143880
vt 0.503560 0.164710
vt 0.502160 0.156680
vt 0.222490 0.883470
vt 0.219280 0.879230
vt 0.653450 0.409230
vt 0.355550 0.210210
vt 0.322060 0.443050
vt 0.225320 0.632660
vt 0.236930 0.614420
vt 0.448880 0.417440
vt 0.445250 0.419740
vt 0.835180 0.601210
vt 0.840440 0.619670
vt 0.733560 0.757990
vt 0.729540 0.720630
vt 0.339200 0.271010
vt 0.344010 0.275780
vt 0.070240 0.442730
vt 0.071110 0.455230
vt 0.752200 0.637460
vt 0.112090 0.159310
vt 0.125490 0.155030
vt 0.113880 0.163540
vt 0.838710 0.544900
vt 0.849380 0.626470
vt 0.744630 0.573490
vt 0.698870 0.705320
vt 0.698620 0.713800
vt 0.644740 0.631720
vt 0.651270 0.647230
vt 0.645450 0.639190
vt 0.266070 0.420820
vt 0.709490 0.054890
vt 0.727960 0.091850
vt 0.724410 0.100730
vt 0.720420 0.132780
vt 0.723470 0.122140
vt 0.718620 0.109250
vt 0.756430 0.688030
vt 0.755970 0.663610
vt 0.507900 0.466330
vt 0.392250 0.751790
vt 0.393330 0.725060
vt 0.584400 0.431610
vt 0.670830 0.757910
vt 0.659320 0.817870
vt 0.187950 0.823520
vt 0.199200 0.819240
vt 0.209870 0.838100
vt 0.208450 0.824880
vt 0.188550 0.791120
vt 0.579410 0.840970
vt 0.567760 0.845290
vt 0.570050 0.852510
vt 0.165010 0.218120
vt 0.742670 0.063190
vt 0.513550 0.356630
vt 0.492650 0.371950
vt 0.490710 0.380120
vt 0.540040 0.879410
vt 0.554730 0.870000
vt 0.697200 0.579760
vt 0.706140 0.588990
vt 0.712760 0.584610
vt 0.699500 0.571830
vt 0.388130 0.186190
vt 0.383770 0.193040
vt 0.530940 0.119270
vt 0.376940 0.797030
vt 0.050580 0.155550
vt 0.041430 0.404020
vt 0.041660 0.384810
vt 0.739810 0.816690
vt 0.473080 0.185300
vt 0.292160 0.226480
vt 0.260080 0.162070
vt 0.270110 0.156170
vt 0.163290 0.552400
vt 0.115820 0.244330
vt 0.117860 0.264610
vt 0.104380 0.237090
vt 0.766900 0.595700
vt 0.695480 0.632120
vt 0.617290 0.617410
vt 0.127920 0.852380
vt 0.312330 0.440180
vt 0.618620 0.659060
vt 0.339600 0.882380
vt 0.600150 0.762980
vt 0.618610 0.781140
vt 0.605780 0.778780
vt 0.606600 0.770260
vt 0.284810 0.899430
vt 0.516150 0.255750
vt 0.476740 0.893010
vt 0.482260 0.899420
vt 0.202900 0.182140
vt 0.535640 0.160490
vt 0.541960 0.149030
vt 0.525200 0.263610
vt 0.531490 0.262930
vt 0.372040 0.438610
vt 0.371870 0.427900
vt 0.664100 0.894980
vt 0.024410 0.283200
vt 0.191360 0.861460
vt 0.305540 0.845130
vt 0.315620 0.870900
vt 0.688540 0.019030
vt 0.691750 0.010470
vt 0.064810 0.202310
vt 0.069280 0.225960
vt 0.076030 0.230340
vt 0.379240 0.138100
vt 0.628230 0.746300
vt 0.623410 0.773470
vt 0.696680 0.521160
vt 0.712160 0.509610
vt 0.684960 0.518380
vt 0.383310 0.663150
vt 0.719570 0.473740
vt 0.412330 0.948720
vt 0.406370 0.940200
vt 0.052600 0.486760
vt 0.060820 0.497860
vt 0.240170 0.422520
vt 0.246850 0.430390
vt 0.249740 0.424610
vt 0.259060 0.425230
vt 0.705310 0.442840
vt 0.713540 0.458780
vt 0.479920 0.537340
vt 0.463890 0.905150
vt 0.353600 0.575250
vt 0.372710 0.576390
vt 0.809980 0.650300
vt 0.319190 0.532650
vt 0.299170 0.540650
vt 0.589020 0.373400
vt 0.322790 0.421170
vt 0.128040 0.878070
vt 0.383200 0.586710
vt 0.565960 0.468340
vt 0.586470 0.469150
vt 0.609680 0.460830
vt 0.780860 0.638380
vt 0.468680 0.834820
vt 0.674730 0.785650
vt 0.304870 0.619910
vt 0.672200 0.721860
vt 0.155260 0.459350
vt 0.125930 0.106150
vt 0.142600 0.103550
vt 0.181300 0.781530
vt 0.162820 0.749460
vt 0.175470 0.778100
vt 0.679770 0.776810
vt 0.128380 0.384900
vt 0.373300 0.625570
vt 0.111630 0.909130
vt 0.633210 0.283270
vt 0.628800 0.326530
vt 0.624750 0.224570
vt 0.141340 0.862470
vt 0.189650 0.875300
vt 0.352510 0.618410
vt 0.575660 0.920270
vt 0.575060 0.904750
vt 0.553650 0.917300
vt 0.328360 0.484910
vt 0.564480 0.265310
vt 0.648560 0.460430
vt 0.577130 0.129800
vt 0.330780 0.885020
vt 0.727370 0.522610
vt 0.726890 0.515370
vt 0.329000 0.040450
vt 0.657240 0.565970
vt 0.153030 0.247760
vt 0.148650 0.230380
vt 0.212730 0.354400
vt 0.401100 0.770880
vt 0.755790 0.076300
vt 0.742420 0.083730
vt 0.781390 0.093420
vt 0.400110 0.475440
vt 0.158620 0.837820
vt 0.223760 0.910260
vt 0.232510 0.912930
vt 0.816130 0.678820
vt 0.584000 0.896820
vt 0.492090 0.745680
vt 0.301540 0.467880
vt 0.316550 0.466940
vt 0.637210 0.897910
vt 0.203170 0.254170
vt 0.221510 0.271600
vt 0.205980 0.213950
vt 0.504360 0.721420
vt 0.480500 0.252380
vt 0.300470 0.131780
vt 0.622500 0.422570
vt 0.288950 0.610810
vt 0.539070 0.859940
vt 0.527990 0.846350
vt 0.601110 0.774980
vt 0.604660 0.782140
vt 0.592450 0.780950
vt 0.490230 0.714590
vt 0.729440 0.877960
vt 0.717590 0.879250
vt 0.811790 0.629240
vt 0.563730 0.798990
vt 0.369880 0.705810
vt 0.371510 0.687260
vt 0.110680 0.682760
vt 0.502820 0.427230
vt 0.672820 0.647780
vt 0.278930 0.159220
vt 0.506890 0.786370
vt 0.548250 0.443200
vt 0.503630 0.260980
vt 0.635220 0.371820
vt 0.622460 0.332400
vt 0.617480 0.295630
vt 0.293700 0.380560
vt 0.343790 0.195550
vt 0.320130 0.179180
vt 0.725070 0.503950
vt 0.093600 0.184440
vt 0.606670 0.742680
vt 0.531980 0.601820
vt 0.085960 0.233090
vt 0.739310 0.294420
vt 0.587630 0.628170
vt 0.084070 0.676160
vt 0.027510 0.379760
vt 0.411250 0.266160
vt 0.199210 0.516010
vt 0.284370 0.879150
vt 0.277180 0.868330
vt 0.397360 0.703740
vt 0.639250 0.923800
vt 0.226230 0.185860
vt 0.340200 0.263890
vt 0.531650 0.142700
vt 0.644430 0.388290
vt 0.710010 0.283700
vt 0.271410 0.301660
vt 0.531300 0.400730
vt 0.721790 0.663210
vt 0.747940 0.812560
vt 0.586830 0.183790
vt 0.715630 0.429360
vt 0.592280 0.825610
vt 0.730160 0.116120
vt 0.267970 0.457390
vt 0.090950 0.573360
vt 0.212220 0.632870
vt 0.152390 0.227930
vt 0.056720 0.594920
vt 0.065900 0.615200
vt 0.603380 0.635450
vt 0.355150 0.831180
vt 0.661060 0.826060
vt 0.471240 0.214410
vt 0.383250 0.504360
vt 0.369090 0.458120
vt 0.733420 0.188040
vt 0.721100 0.187000
vt 0.242990 0.834940
vt 0.699290 0.473640
vt 0.020900 0.249330
vt 0.252790 0.847440
vt 0.590960 0.788090
vt 0.185220 0.398400
vt 0.652280 0.897540
vt 0.808150 0.808400
vt 0.819540 0.778740
vt 0.714480 0.196240
vt 0.094160 0.675410
vt 0.675790 0.613450
vt 0.670200 0.599230
vt 0.823180 0.579120
vt 0.121160 0.203090
vt 0.773340 0.723310
vt 0.600280 0.375260
vt 0.391880 0.523070
vt 0.615170 0.630290
vt 0.776930 0.049900
vt 0.414440 0.587630
vt 0.435830 0.596400
vt 0.454500 0.289690
vt 0.752310 0.648480
vt 0.314490 0.721130
vt 0.501730 0.684340
vt 0.124500 0.275440
vt 0.750330 0.755160
vt 0.564170 0.234800
vt 0.250800 0.321050
vt 0.514550 0.923600
vt 0.227830 0.148120
vt 0.119090 0.195570
vt 0.133120 0.145430
vt 0.654010 0.059620
vt 0.730140 0.087220
vt 0.738880 0.088460
vt 0.747560 0.099320
vt 0.538160 0.448570
vt 0.755420 0.470100
vt 0.412530 0.390590
vt 0.590910 0.798560
vt 0.211610 0.330940
vt 0.210780 0.308220
vt 0.469020 0.353840
vt 0.625430 0.600330
vt 0.038140 0.206360
vt 0.215880 0.517330
vt 0.551650 0.166480
vt 0.716810 0.113260
vt 0.464170 0.925270
vt 0.415250 0.308090
vt 0.435360 0.296410
vt 0.726580 0.567830
vt 0.419940 0.089610
vt 0.445910 0.663920
vt 0.377310 0.413460
vt 0.146720 0.215960
vt 0.413620 0.414980
vt 0.507810 0.303890
vt 0.663050 0.521170
vt 0.601860 0.862980
vt 0.755220 0.194020
vt 0.783570 0.078540
vt 0.334400 0.237490
vt 0.548450 0.986110
vt 0.528940 0.987810
vt 0.411530 0.069130
vt 0.453720 0.998040
vt 0.347950 0.198430
vt 0.513980 0.764280
vt 0.693110 0.665000
vt 0.691630 0.658770
vt 0.104950 0.500880
vt 0.013210 0.203660
vt 0.357200 0.607720
vt 0.701090 0.564350
vt 0.167180 0.836790
vt 0.102140 0.314370
vt 0.293780 0.504670
vt 0.787070 0.512530
vt 0.635290 0.568630
vt 0.639730 0.560630
vt 0.193140 0.541000
vt 0.484390 0.592090
vt 0.164870 0.698860
vt 0.666150 0.091700
vt 0.265940 0.132770
vt 0.745830 0.753030
vt 0.336820 0.399500
vt 0.367230 0.793290
vt 0.612600 0.839000
vt 0.545940 0.687040
vt 0.706750 0.465890
vt 0.741760 0.255290
vt 0.727320 0.369660
vt 0.746360 0.208650
vt 0.047630 0.494240
vt 0.734080 0.326770
vt 0.734820 0.308990
vt 0.776190 0.643500
vt 0.785190 0.833250
vt 0.264200 0.313570
vt 0.614210 0.217320
vt 0.625590 0.141570
vt 0.334080 0.638150
vt 0.099040 0.699420
vt 0.510140 0.207150
vt 0.712700 0.891120
vt 0.723060 0.884810
vt 0.603490 0.953550
vt 0.796130 0.820910
vt 0.110340 0.859160
vt 0.080140 0.681880
vt 0.327650 0.147750
vt 0.738470 0.769880
vt 0.454230 0.068990
vt 0.342680 0.906140
vt 0.526670 0.137800
vt 0.544110 0.155330
vt 0.106980 0.828570
vt 0.101100 0.807780
vt 0.014890 0.208910
vt 0.242020 0.914860
vt 0.845210 0.570930
vt 0.576230 0.283260
vt 0.039510 0.479600
vt 0.753730 0.865770
vt 0.812040 0.507640
vn -0.158045 0.663207 0.731559
vn -0.362487 0.341781 0.867058
vn -0.124713 0.559214 0.819589
vn -0.539776 -0.249925 0.803853
vn -0.471670 -0.174679 0.864300
vn -0.541331 -0.400995 0.739029
vn 0.129782 0.409759 0.902914
vn 0.213859 0.173413 0.961349
vn 0.055882 0.202000 0.977790
vn -0.527601 -0.452185 0.719142
vn -0.436663 -0.148002 0.887368
vn -0.448770 -0.449373 0.772444
vn 0.093154 -0.173879 0.980351
vn 0.078945 -0.413375 0.907132
vn 0.130521 -0.205829 0.969845
vn 0.178174 0.695559 0.696026
vn 0.184113 0.663805 0.724890
vn 0.270133 0.417083 0.867796
vn -0.195195 -0.481112 0.854652
vn -0.260054 -0.667911 0.697328
vn 0.011953 -0.546895 0.837116
vn 0.225923 0.335626 0.914502
vn 0.347411 0.078105 0.934455
vn -0.054910 -0.187108 0.980803
vn -0.015351 -0.155821 0.987666
vn 0.101271 -0.197682 0.975021
vn 0.096037 -0.171628 0.980470
vn 0.198002 -0.108761 0.974149
vn 0.191068 -0.578232 0.793184
vn 0.081552 -0.411352 0.907821
vn 0.136364 -0.520895 0.842659
vn 0.108172 -0.127030 0.985983
vn 0.194117 -0.091426 0.976709
vn -0.162073 -0.032607 0.986240
vn -0.142264 -0.052507 0.988435
vn -0.159471 -0.060098 0.985372
vn -0.114802 -0.001966 0.993386
vn 0.236075 -0.407404 0.882208
vn -0.258744 0.497126 0.828201
vn -0.154922 0.427907 0.890447
vn 0.153959 0.305725 0.939590
vn 0.082188 0.256508 0.963041
vn 0.020892 0.292019 0.956184
vn -0.025872 0.097321 0.994917
vn -0.294293 0.171803 0.940147
vn -0.542948 0.571016 0.615750
vn 0.049347 0.338600 0.939636
vn 0.208653 0.407525 0.889037
vn 0.485126 0.522471 0.701197
vn -0.352537 -0.188451 0.916626
vn -0.539138 0.013290 0.842112
vn -0.267278 0.560726 0.783677
vn 0.477074 0.163308 0.863557
vn 0.002243 0.765949 0.642897
vn -0.225189 0.888277 0.400318
vn 0.403623 0.161374 0.900581
vn 0.758253 0.313312 0.571742
vn 0.587762 0.023425 0.808694
vn -0.398731 0.004356 0.917058
vn -0.358594 0.176013 0.916749
vn -0.050679 -0.557328 0.828744
vn -0.128007 -0.204636 0.970432
vn -0.063155 -0.515232 0.854721
vn 0.018705 0.080276 0.996597
vn -0.014674 -0.023943 0.999606
vn 0.177294 0.031689 0.983648
vn 0.093290 0.026892 0.995276
vn -0.087968 0.048240 0.994955
vn -0.035561 -0.018835 0.999190
vn 0.292715 -0.067834 0.953791
vn 0.220812 -0.006800 0.975293
vn 0.193351 -0.078731 0.977966
vn 0.149635 -0.115715 0.981947
vn -0.022777 -0.106904 0.994008
vn 0.145794 -0.102466 0.983994
vn 0.176793 -0.010544 0.984192
vn 0.858886 -0.050509 0.509671
vn 0.386485 -0.117644 0.914762
vn 0.656602 -0.097596 0.747897
vn 0.692255 -0.225498 0.685517
vn -0.093483 -0.037850 0.994901
vn -0.345952 -0.614541 0.708983
vn -0.447906 -0.637053 0.627331
vn -0.399345 -0.548483 0.734636
vn 0.054602 -0.250804 0.966497
vn -0.221429 -0.560377 0.798089
vn -0.136431 -0.591230 0.794879
vn 0.264548 -0.428407 0.863992
vn 0.509069 -0.562437 0.651547
vn 0.454210 -0.533057 0.713823
vn 0.008240 -0.110135 0.993883
vn -0.021004 -0.151499 0.988234
vn 0.039281 -0.246513 0.968343
vn 0.202540 -0.173226 0.963831
vn 0.031146 -0.141559 0.989440
vn 0.051959 -0.353985 0.933807
vn 0.601157 0.287215 0.745733
vn 0.658853 0.300483 0.689654
vn 0.245898 0.158882 0.956186
vn 0.009908 0.155468 0.987791
vn 0.017869 0.093105 0.995496
vn 0.618889 0.216878 0.754944
vn 0.268046 -0.573653 0.773998
vn 0.015397 -0.482509 0.875756
vn 0.200346 -0.576386 0.792238
vn 0.027881 0.247382 0.968517
vn -0.260828 0.186805 0.947139
vn 0.043389 0.133348 0.990119
vn 0.602418 -0.262165 0.753899
vn 0.277807 -0.301646 0.912049
vn 0.386766 -0.489459 0.781564
vn 0.190961 -0.489647 0.850753
vn -0.356080 0.105898 0.928436
vn 0.278836 -0.134967 0.950807
vn -0.498465 -0.180846 0.847837
vn 0.731407 -0.307370 0.608743
vn -0.025293 -0.250430 0.967804
vn -0.285376 -0.495608 0.820325
vn -0.054710 -0.632509 0.772618
vn 0.107729 0.261344 0.959215
vn 0.174839 0.090686 0.980412
vn 0.194901 -0.178713 0.964404
vn 0.295526 0.716948 0.631388
vn 0.196529 0.596725 0.778007
vn 0.226416 0.561616 0.795816
vn -0.214542 0.503626 0.836859
vn -0.051522 0.684200 0.727472
vn -0.115964 0.515821 0.848812
vn -0.248450 -0.054803 0.967093
vn -0.382208 -0.042452 0.923101
vn -0.244915 -0.160673 0.956139
vn -0.027285 -0.381335 0.924034
vn -0.152307 -0.331894 0.930940
vn 0.001006 -0.511765 0.859125
vn -0.292911 0.393354 0.871479
vn -0.340548 -0.102237 0.934652
vn -0.480671 0.326152 0.813990
vn -0.349659 0.232794 0.907494
vn -0.298181 0.244909 0.922555
vn -0.259688 0.349996 0.900036
vn -0.172408 0.456779 0.872714
vn -0.414974 0.382259 0.825636
vn -0.504309 0.498133 0.705363
vn -0.698231 -0.027526 0.715343
vn -0.795268 0.112331 0.595761
vn -0.400242 -0.000356 0.916410
vn -0.806175 -0.112852 0.580815
vn -0.729611 -0.128229 0.671733
vn -0.243809 -0.110630 0.963493
vn -0.284653 -0.085823 0.954781
vn -0.313654 -0.048436 0.948301
vn -0.189672 -0.071428 0.979246
vn -0.132021 0.379812 0.915595
vn -0.519098 0.311852 0.795792
vn -0.494390 0.064342 0.866856
vn -0.785133 0.071953 0.615133
vn -0.756462 -0.393173 0.522666
vn -0.408048 -0.373111 0.833238
vn -0.319872 -0.382556 0.866795
vn 0.438168 -0.223856 0.870573
vn 0.202016 -0.081555 0.975981
vn 0.137255 -0.246598 0.959349
vn -0.133809 -0.513087 0.847843
vn 0.565063 -0.418594 0.710973
vn 0.387964 -0.123324 0.913387
vn 0.272924 0.118548 0.954704
vn 0.641568 0.061315 0.764612
vn 0.166066 0.610773 0.774195
vn 0.570060 0.495573 0.655316
vn 0.632351 -0.206592 0.746627
vn 0.517223 -0.403280 0.754882
vn 0.602982 -0.389617 0.696140
vn 0.474251 -0.276507 0.835841
vn 0.049163 -0.615064 0.786943
vn -0.026228 -0.701928 0.711765
vn 0.037922 -0.779722 0.624977
vn 0.257964 0.804071 0.535653
vn 0.106556 0.976950 0.184972
vn 0.195085 0.777086 0.598397
vn 0.014011 0.426292 0.904477
vn 0.049367 0.519336 0.853143
vn 0.011872 0.643362 0.765470
vn 0.735871 -0.570348 0.364962
vn 0.633096 -0.509245 0.582974
vn 0.724060 -0.564114 0.396878
vn -0.371518 0.076805 0.925244
vn -0.321647 -0.010643 0.946800
vn -0.309012 -0.005144 0.951044
vn 0.850623 -0.011408 0.525653
vn 0.788332 -0.015957 0.615043
vn 0.641021 -0.052772 0.765707
vn -0.234373 -0.076792 0.969109
vn -0.219147 -0.059016 0.973905
vn 0.010085 -0.009620 0.999903
vn -0.097272 -0.892609 0.440213
vn -0.043117 -0.899849 0.434065
vn -0.157598 -0.823483 0.545012
vn 0.442612 0.739566 0.507086
vn 0.651543 0.495602 0.574344
vn 0.516451 0.665606 0.538746
vn -0.361584 -0.226741 0.904348
vn -0.531615 -0.350189 0.771202
vn -0.222045 -0.371669 0.901420
vn 0.174537 0.284859 0.942546
vn -0.727072 -0.157575 0.668234
vn -0.818188 -0.120319 0.562221
vn -0.755987 -0.213679 0.618728
vn -0.586261 -0.286228 0.757873
vn 0.855982 -0.448032 0.257997
vn 0.699583 -0.503264 0.507257
vn -0.054477 0.587156 0.807639
vn -0.043170 0.533953 0.844411
vn 0.392908 0.308670 0.866225
vn 0.382942 0.506863 0.772299
vn 0.596396 0.243614 0.764830
vn 0.522724 0.151657 0.838904
vn 0.780846 0.184961 0.596715
vn 0.407478 -0.295558 0.864064
vn 0.395548 -0.475925 0.785517
vn 0.337103 -0.370840 0.865355
vn -0.007457 -0.962818 0.270047
vn 0.349231 0.866654 0.356298
vn -0.756949 -0.003590 0.653464
vn -0.771478 -0.233259 0.591956
vn -0.784343 -0.210638 0.583471
vn -0.509129 -0.007205 0.860660
vn -0.574639 -0.035475 0.817638
vn -0.601665 -0.053362 0.796964
vn -0.489578 -0.591792 0.640387
vn -0.722193 -0.428577 0.542918
vn -0.526607 -0.599739 0.602493
vn 0.409898 -0.061276 0.910071
vn 0.557308 0.004493 0.830294
vn 0.607563 0.000289 0.794272
vn 0.046739 0.973458 0.224042
vn 0.051767 0.787989 0.613509
vn -0.032857 0.583479 0.811463
vn -0.007057 0.836978 0.547191
vn -0.611786 -0.221688 0.759324
vn -0.814143 -0.276748 0.510472
vn 0.102812 -0.137705 0.985123
vn 0.436458 -0.309340 0.844875
vn -0.057400 -0.242946 0.968340
vn -0.164870 -0.125230 0.978333
vn -0.488846 -0.110170 0.865385
vn -0.338555 -0.146482 0.929475
vn -0.469413 -0.213151 0.856865
vn -0.115733 -0.152515 0.981501
vn -0.370554 -0.281007 0.885282
vn 0.193452 0.058821 0.979345
vn 0.414484 -0.272830 0.868198
vn -0.500573 0.039855 0.864776
vn 0.352621 -0.085108 0.931888
vn -0.035740 -0.011376 0.999296
vn 0.534763 -0.016666 0.844838
vn 0.633879 -0.021241 0.773141
vn 0.636303 -0.021988 0.771125
vn -0.744110 0.155208 0.649778
vn -0.785529 0.151378 0.600025
vn -0.787385 0.165371 0.593867
vn -0.215191 0.341595 0.914880
vn -0.337588 0.430201 0.837234
vn -0.473348 0.259229 0.841868
vn -0.199870 -0.449318 0.870727
vn -0.347034 -0.253163 0.903037
vn -0.253675 -0.545962 0.798482
vn 0.042701 -0.971803 0.231897
vn 0.026814 -0.959965 0.278832
vn 0.066130 0.991099 0.115540
vn -0.578987 -0.076048 0.811783
vn 0.143168 0.578423 0.803075
vn 0.237297 0.738285 0.631368
vn 0.346801 0.533646 0.771331
vn -0.520849 -0.150449 0.840287
vn -0.340241 -0.099353 0.935075
vn 0.250173 -0.677379 0.691788
vn -0.165047 -0.722389 0.671502
vn 0.364631 -0.417894 0.832111
vn -0.365402 0.042421 0.929883
vn -0.524785 -0.014321 0.851115
vn -0.441671 0.017098 0.897014
vn -0.483012 -0.323207 0.813780
vn -0.514863 -0.282122 0.809521
vn -0.363388 -0.600787 0.712042
vn 0.254525 -0.248621 0.934561
vn -0.075621 -0.314241 0.946326
vn 0.014593 -0.475269 0.879719
vn -0.571290 0.381114 0.726897
vn -0.718027 0.556885 0.417511
vn -0.760224 0.382996 0.524760
vn -0.460687 -0.506837 0.728618
vn -0.312835 -0.383950 0.868744
vn -0.353556 -0.344328 0.869734
vn -0.144694 -0.017638 0.989319
vn -0.305091 0.038135 0.951559
vn -0.430882 0.040924 0.901480
vn -0.550392 -0.055012 0.833092
vn -0.618981 0.008019 0.785365
vn -0.589196 -0.048833 0.806513
vn 0.054513 -0.017376 0.998362
vn 0.293358 0.046892 0.954852
vn 0.202946 0.125290 0.971141
vn -0.780737 0.289283 0.553864
vn -0.752000 0.218959 0.621734
vn 0.013303 -0.835092 0.549949
vn 0.039634 -0.897144 0.439956
vn 0.072857 0.997301 -0.009100
vn 0.054721 0.997543 -0.043740
vn 0.073301 0.997238 0.011975
vn 0.060477 0.997969 0.019998
vn 0.123675 0.990855 0.053958
vn -0.271148 -0.485659 0.831032
vn -0.230669 -0.322223 0.918131
vn 0.384654 -0.076619 0.919876
vn 0.173140 -0.017628 0.984739
vn 0.098493 0.003428 0.995132
vn -0.506848 0.054335 0.860321
vn -0.191722 -0.004154 0.981440
vn -0.217616 0.021094 0.975807
vn -0.144700 -0.030774 0.988997
vn -0.065659 -0.010886 0.997783
vn -0.256026 -0.016944 0.966521
vn 0.327925 -0.052780 0.943228
vn 0.320741 0.057813 0.945401
vn 0.388161 0.176300 0.904572
vn 0.052901 -0.998503 0.013893
vn -0.002694 -0.999788 0.020427
vn 0.018334 -0.993447 0.112812
vn -0.076035 -0.996640 -0.030458
vn -0.074039 -0.996485 0.039185
vn -0.057374 -0.991058 0.120469
vn 0.028177 0.999505 -0.014013
vn 0.289182 0.382132 0.877695
vn -0.172987 0.498877 0.849233
vn 0.270158 0.177726 0.946271
vn 0.319262 0.205203 0.925183
vn 0.295719 -0.108883 0.949049
vn 0.305649 0.275028 0.911558
vn 0.811932 0.062092 0.580441
vn 0.485371 -0.003767 0.874300
vn 0.602463 0.039185 0.797184
vn 0.815713 0.054770 0.575859
vn -0.210331 -0.154186 0.965395
vn -0.116267 -0.113797 0.986677
vn -0.234884 -0.104682 0.966370
vn 0.719795 0.095779 0.687548
vn -0.264894 -0.121469 0.956596
vn 0.684784 0.005079 0.728728
vn 0.686500 -0.015746 0.726960
vn 0.637205 0.010368 0.770625
vn 0.616863 0.029048 0.786534
vn -0.654942 0.346176 0.671724
vn -0.743615 0.263043 0.614691
vn 0.321451 -0.250162 0.913284
vn 0.279805 -0.158376 0.946903
vn 0.266594 -0.320790 0.908857
vn -0.238015 -0.647366 0.724063
vn -0.479677 -0.375599 0.792991
vn -0.439079 -0.483297 0.757386
vn 0.527706 0.019772 0.849197
vn 0.557999 0.068127 0.827041
vn 0.319223 0.016469 0.947536
vn 0.687365 -0.304315 0.659486
vn 0.840407 -0.293935 0.455323
vn 0.802023 -0.178145 0.570109
vn 0.698080 -0.258405 0.667766
vn 0.669529 -0.247090 0.700484
vn 0.747083 -0.226516 0.624946
vn -0.127448 0.003021 0.991841
vn -0.034454 -0.043613 0.998454
vn 0.000707 -0.007663 0.999970
vn 0.512392 0.042993 0.857675
vn 0.469875 0.060889 0.880631
vn 0.544034 0.118820 0.830607
vn 0.551154 0.002239 0.834400
vn 0.714602 -0.039279 0.698428
vn 0.782055 0.042837 0.621736
vn 0.440325 -0.450044 0.776900
vn 0.432461 -0.331388 0.838546
vn 0.386752 -0.562259 0.730950
vn -0.045754 -0.987234 -0.152567
vn -0.072032 -0.972532 -0.221343
vn -0.017427 -0.994997 -0.098375
vn 0.093088 -0.486310 0.868814
vn 0.013784 -0.409835 0.912056
vn -0.151173 -0.476435 0.866116
vn 0.338020 0.603223 0.722402
vn -0.993278 0.016455 0.114580
vn -0.990774 0.006449 0.135370
vn -0.971936 0.015631 0.234726
vn 0.203650 -0.610095 0.765710
vn -0.368658 -0.809549 0.456861
vn -0.269138 -0.875938 0.400370
vn -0.274032 -0.910730 0.308992
vn -0.211209 -0.977310 -0.015994
vn -0.226421 -0.950575 0.212465
vn 0.003643 0.999790 -0.020150
vn -0.141309 0.986809 0.078986
vn -0.042576 0.995719 0.082045
vn 0.052285 0.998336 -0.024305
vn 0.067965 0.995825 -0.060932
vn 0.060426 0.997727 -0.029837
vn -0.068629 0.984994 0.158359
vn -0.145417 0.989266 0.014382
vn -0.013693 0.974002 0.226123
vn 0.815082 -0.203683 0.542361
vn -0.909602 0.232829 0.344114
vn -0.894641 0.433985 0.106185
vn -0.777686 0.609780 0.152882
vn -0.175333 -0.984467 -0.009112
vn 0.410108 0.136000 0.901840
vn 0.317801 0.014488 0.948047
vn 0.461508 -0.827890 0.318762
vn 0.436390 -0.804264 0.403389
vn 0.329460 -0.729471 0.599440
vn 0.094131 -0.995334 -0.021194
vn -0.010976 -0.994232 0.106686
vn 0.142004 -0.989838 -0.007443
vn 0.316939 0.944317 0.088407
vn 0.287715 0.936739 0.199351
vn 0.276642 0.933216 0.229298
vn 0.161587 0.985891 -0.043695
vn 0.190607 0.976992 -0.095681
vn 0.172615 0.973978 -0.146872
vn -0.984395 -0.172919 -0.032640
vn -0.935986 -0.252707 0.245091
vn -0.947692 -0.246499 0.202779
vn 0.912909 -0.291082 0.286128
vn 0.914208 -0.303490 0.268549
vn 0.822434 -0.448615 0.349781
vn -0.698879 -0.439026 0.564646
vn -0.685794 -0.288487 0.668178
vn -0.870830 -0.228467 0.435268
vn 0.286297 0.914191 0.286862
vn 0.101863 0.942772 0.317496
vn 0.262695 0.810295 0.523844
vn -0.055208 0.965245 0.255451
vn -0.019480 0.984752 0.172872
vn -0.137595 0.949419 0.282262
vn -0.980153 -0.085130 0.179036
vn -0.942045 -0.079637 0.325897
vn -0.898541 -0.005742 0.438852
vn -0.766575 0.381929 0.516230
vn -0.782983 0.382590 0.490472
vn 0.595311 0.455987 0.661574
vn 0.603085 0.454533 0.655506
vn 0.557844 0.228125 0.797978
vn 0.157019 0.917286 0.365967
vn 0.131935 0.970018 0.204104
vn 0.269246 0.872003 0.408799
vn -0.994509 -0.091221 0.051289
vn -0.990444 -0.100012 0.094970
vn -0.968369 -0.033242 0.247299
vn -0.896693 -0.264909 0.354635
vn -0.940262 -0.269846 0.207583
vn -0.007701 0.999279 0.037186
vn -0.052159 0.985042 0.164229
vn -0.647888 -0.761162 0.029551
vn -0.855028 -0.518459 0.011313
vn -0.667026 -0.734381 -0.125539
vn -0.536148 -0.840269 -0.080578
vn 0.348706 -0.928997 -0.123973
vn 0.368058 -0.929784 0.005992
vn 0.429710 -0.902922 0.009041
vn -0.258984 0.965620 0.022484
vn -0.454397 0.865858 0.209316
vn -0.240171 0.966581 0.089658
vn 0.720782 -0.374751 0.583125
vn 0.746018 -0.232762 0.623922
vn 0.644259 -0.291271 0.707172
vn -0.888918 -0.121022 0.441791
vn -0.989697 0.004678 0.143103
vn -0.965437 -0.158714 0.206742
vn 0.060863 -0.817963 -0.572043
vn -0.025369 -0.918756 -0.394011
vn 0.028179 -0.872963 -0.486972
vn -0.007907 0.978501 -0.206090
vn 0.005455 0.985549 -0.169304
vn 0.111715 0.993739 -0.001606
vn 0.095560 0.995176 0.022198
vn 0.051742 0.997075 -0.056251
vn 0.171202 0.982988 -0.066519
vn 0.531435 -0.712576 0.458053
vn 0.682733 -0.495824 0.536688
vn 0.543435 -0.744398 0.388009
vn -0.112444 -0.942218 -0.315564
vn -0.067455 -0.918075 -0.390625
vn -0.085857 -0.934508 -0.345432
vn -0.128576 -0.991696 -0.002840
vn -0.148692 -0.987421 0.053767
vn -0.045905 0.998103 -0.041019
vn -0.028887 0.999581 -0.001630
vn -0.060249 0.996591 0.056355
vn -0.158916 0.107021 0.981475
vn -0.189179 0.054798 0.980413
vn -0.019232 0.105308 0.994254
vn 0.014301 0.102256 0.994655
vn 0.324267 -0.084490 0.942185
vn -0.199163 -0.144754 0.969216
vn 0.024433 -0.942148 -0.334305
vn 0.030672 -0.927037 -0.373713
vn 0.016931 -0.956683 -0.290639
vn -0.337915 -0.053131 -0.939676
vn -0.297770 0.101082 -0.949271
vn -0.367550 -0.118612 -0.922409
vn -0.301155 0.252994 -0.919402
vn -0.443825 -0.391776 -0.805935
vn -0.449205 -0.318624 -0.834681
vn -0.432459 -0.573435 -0.695810
vn -0.447768 -0.600773 -0.662251
vn -0.416044 -0.694245 -0.587309
vn -0.401292 -0.577303 -0.711116
vn -0.355672 -0.729658 -0.584035
vn -0.655393 0.072829 -0.751768
vn -0.893262 0.145333 -0.425396
vn -0.876730 0.190476 -0.441659
vn -0.000139 0.007295 -0.999973
vn -0.141841 -0.206303 -0.968153
vn -0.035307 -0.291386 -0.955954
vn 0.413152 0.325173 -0.850628
vn 0.421998 0.188287 -0.886829
vn 0.434968 0.196400 -0.878766
vn 0.523246 0.050455 -0.850687
vn 0.472539 0.082711 -0.877420
vn 0.330296 -0.428103 -0.841209
vn 0.398810 -0.350082 -0.847581
vn 0.395994 -0.452218 -0.799179
vn 0.139704 -0.005024 -0.990181
vn -0.138808 0.118943 -0.983151
vn -0.069733 0.267396 -0.961060
vn -0.348966 0.821079 -0.451722
vn -0.356317 0.774564 -0.522578
vn -0.560360 0.360414 -0.745720
vn -0.140567 0.369124 -0.918688
vn 0.064574 0.204797 -0.976672
vn -0.098636 0.226186 -0.969077
vn -0.324214 -0.630836 -0.704934
vn -0.045743 -0.581172 -0.812494
vn 0.582331 -0.594876 -0.554087
vn 0.483309 -0.266370 -0.833942
vn 0.529614 -0.486804 -0.694645
vn 0.331241 -0.341896 -0.879424
vn 0.282858 -0.506704 -0.814397
vn 0.306727 -0.510322 -0.803424
vn -0.384149 0.863750 -0.326136
vn -0.222643 0.907068 -0.357293
vn -0.095860 0.503422 -0.858707
vn 0.166946 0.732579 -0.659892
vn 0.299847 0.523108 -0.797778
vn 0.188400 0.592035 -0.783581
vn -0.591676 0.608218 -0.529141
vn -0.618300 0.669474 -0.411715
vn -0.701390 0.516680 -0.491014
vn 0.204221 0.223737 -0.953014
vn 0.561673 -0.012624 -0.827263
vn -0.038428 -0.076283 -0.996346
vn 0.435196 -0.084197 -0.896390
vn 0.176413 0.019668 -0.984120
vn 0.103469 -0.149088 -0.983396
vn -0.058967 -0.071344 -0.995707
vn -0.148736 -0.286863 -0.946355
vn 0.036601 -0.270056 -0.962149
vn 0.358201 -0.093793 -0.928922
vn 0.247101 -0.238451 -0.939193
vn 0.032640 -0.330857 -0.943116
vn -0.247975 -0.357977 -0.900200
vn -0.005936 -0.341788 -0.939758
vn 0.124771 -0.330559 -0.935501
vn 0.080632 -0.255873 -0.963342
vn 0.586001 0.391507 -0.709454
vn 0.549292 0.432560 -0.714962
vn 0.539424 0.491034 -0.684038
vn 0.359926 0.471027 -0.805349
vn 0.382977 0.610538 -0.693233
vn 0.265837 0.624241 -0.734612
vn -0.901024 0.278883 -0.332235
vn -0.828982 0.411553 -0.378699
vn -0.825482 0.390577 -0.407467
vn 0.219867 0.461642 -0.859386
vn 0.373085 0.500933 -0.780944
vn 0.341928 0.569815 -0.747259
vn 0.064137 0.426174 -0.902365
vn -0.086399 0.415523 -0.905470
vn -0.095339 0.455284 -0.885227
vn 0.412179 -0.048758 -0.909797
vn 0.436327 0.243055 -0.866339
vn 0.542122 0.003369 -0.840293
vn 0.081559 -0.049279 -0.995450
vn -0.185297 -0.092955 -0.978276
vn -0.213325 -0.214084 -0.953237
vn 0.304864 -0.450814 -0.838943
vn 0.277146 -0.704105 -0.653778
vn 0.196148 -0.643881 -0.739556
vn 0.181264 -0.922924 -0.339639
vn 0.144183 -0.865041 -0.480536
vn 0.064966 -0.916390 -0.394979
vn 0.348609 0.729996 -0.587859
vn 0.180803 0.931096 -0.316814
vn 0.198935 0.797187 -0.570016
vn 0.329029 0.179158 -0.927169
vn 0.517385 -0.129873 -0.845840
vn 0.509758 -0.118091 -0.852174
vn -0.328649 0.432075 -0.839822
vn -0.350345 0.517402 -0.780739
vn -0.340236 0.491693 -0.801547
vn 0.319931 -0.406516 -0.855797
vn 0.685427 -0.097370 0.721601
vn 0.825649 -0.055624 0.561435
vn -0.462820 -0.108692 -0.879764
vn -0.524645 -0.068401 -0.848569
vn -0.587816 -0.104244 -0.802250
vn -0.863485 0.048657 -0.502022
vn -0.702514 -0.183716 -0.687548
vn -0.769156 -0.013564 -0.638917
vn 0.093269 0.051956 -0.994284
vn 0.130106 -0.097572 -0.986687
vn 0.085066 0.000144 -0.996375
vn -0.602406 -0.313332 -0.734119
vn -0.591312 -0.480897 -0.647370
vn -0.532633 -0.448117 -0.717978
vn 0.380252 -0.047855 0.923644
vn 0.319744 0.013241 0.947412
vn 0.487944 -0.075022 0.869645
vn -0.376126 -0.025940 -0.926205
vn -0.494935 -0.076283 -0.865575
vn -0.318970 0.015174 -0.947643
vn 0.174723 0.152206 0.972782
vn 0.390208 0.167788 0.905309
vn 0.457058 0.159561 0.875008
vn -0.265568 0.769653 -0.580610
vn -0.004484 0.738922 -0.673776
vn -0.232313 0.753082 -0.615548
vn -0.828622 0.149678 -0.539428
vn -0.756179 0.101885 -0.646385
vn -0.780044 0.012442 -0.625601
vn -0.378650 -0.815099 -0.438449
vn -0.328057 -0.801450 -0.500056
vn -0.304237 -0.881515 -0.361069
vn 0.032700 0.999279 0.019317
vn 0.003211 0.945593 0.325335
vn -0.006457 0.964393 0.264396
vn 0.540632 -0.632299 -0.554901
vn 0.375352 -0.554275 -0.742893
vn 0.486045 -0.602609 -0.632947
vn -0.305449 0.208088 -0.929193
vn -0.430994 0.229421 -0.872703
vn -0.221342 0.108840 -0.969103
vn 0.199000 -0.340148 -0.919075
vn 0.243601 -0.160496 -0.956504
vn 0.355319 -0.476707 -0.804052
vn -0.991887 0.087565 -0.092154
vn -0.994488 0.088991 -0.055439
vn -0.997950 0.045466 0.045050
vn 0.062094 -0.029289 -0.997640
vn 0.043067 0.013076 -0.998987
vn -0.995274 0.072329 -0.064792
vn -0.998907 0.046310 0.006355
vn 0.027802 0.288946 -0.956942
vn 0.067806 0.351739 -0.933639
vn -0.066444 0.341656 -0.937474
vn 0.117072 0.369899 -0.921667
vn 0.139733 0.276368 -0.950840
vn 0.091900 0.311805 -0.945691
vn 0.125273 0.183747 -0.974958
vn 0.130322 0.223011 -0.966066
vn 0.041700 0.260573 -0.964553
vn -0.771433 0.278831 -0.571966
vn -0.832057 0.264327 -0.487660
vn -0.182153 0.354579 -0.917112
vn -0.263639 0.370312 -0.890710
vn -0.185121 0.294670 -0.937497
vn -0.800930 -0.216032 -0.558428
vn -0.716799 -0.071379 -0.693616
vn -0.739557 -0.308268 -0.598353
vn -0.489310 -0.427688 -0.760039
vn -0.395651 -0.296599 -0.869189
vn -0.529752 -0.266773 -0.805106
vn -0.004381 -0.947946 -0.318401
vn 0.059046 -0.925087 -0.375137
vn 0.080377 -0.904276 -0.419314
vn 0.142631 -0.987384 -0.068768
vn 0.159315 -0.975700 -0.150429
vn 0.151521 -0.988435 -0.006102
vn 0.411493 0.235158 -0.880553
vn 0.504965 0.094419 -0.857960
vn 0.476677 -0.032979 -0.878460
vn -0.919962 -0.322379 -0.223029
vn -0.872282 -0.274079 -0.404974
vn -0.889560 -0.302049 -0.342710
vn 0.121030 0.287966 -0.949962
vn 0.246020 0.464970 -0.850457
vn 0.142445 0.265628 -0.953494
vn 0.607539 -0.360449 -0.707794
vn 0.602091 -0.531414 -0.595891
vn 0.655064 -0.420806 -0.627546
vn 0.041383 0.747539 -0.662928
vn 0.043975 0.594544 -0.802860
vn 0.096351 0.729427 -0.677240
vn 0.139306 0.086477 -0.986466
vn 0.107068 0.360229 -0.926699
vn 0.151524 0.078641 -0.985320
vn -0.453994 -0.157052 -0.877054
vn -0.613101 -0.125779 -0.779928
vn 0.416612 -0.005758 0.909066
vn 0.511148 0.010938 0.859423
vn -0.255573 0.083150 -0.963207
vn -0.230066 -0.179265 -0.956522
vn -0.119355 -0.117448 -0.985880
vn -0.191987 -0.495707 -0.847004
vn -0.165909 -0.631774 -0.757190
vn -0.167849 -0.409056 -0.896939
vn -0.437303 -0.185718 -0.879929
vn -0.922688 -0.282167 -0.262734
vn -0.856468 -0.461317 -0.231622
vn 0.097336 -0.756469 -0.646746
vn 0.023054 -0.621280 -0.783249
vn 0.110449 -0.752710 -0.649021
vn 0.889448 -0.162242 0.427269
vn 0.866252 -0.216633 0.450198
vn 0.959114 0.022947 0.282089
vn -0.062465 -0.653708 -0.754164
vn -0.139223 -0.699927 -0.700514
vn -0.143101 -0.860337 -0.489227
vn 0.046264 -0.132766 -0.990067
vn -0.033149 -0.079894 -0.996252
vn 0.142154 -0.071740 -0.987242
vn 0.210957 0.006687 -0.977473
vn 0.141900 0.000869 -0.989881
vn -0.347049 0.260568 -0.900922
vn -0.185334 -0.972428 -0.141543
vn -0.115140 -0.992847 -0.031597
vn 0.143896 0.028570 -0.989180
vn 0.321000 -0.250854 -0.913253
vn 0.095167 -0.188557 -0.977440
vn 0.169978 0.011904 -0.985376
vn 0.056601 -0.329252 -0.942544
vn 0.097088 -0.322688 -0.941513
vn -0.170990 -0.068123 -0.982915
vn -0.073937 0.010571 -0.997207
vn 0.040134 -0.080589 -0.995939
vn -0.597695 -0.051372 -0.800076
vn -0.425973 -0.057314 -0.902919
vn -0.360658 -0.050112 -0.931351
vn 0.764625 0.212057 -0.608588
vn 0.856185 -0.000324 -0.516670
vn 0.897375 -0.000226 -0.441269
vn 0.954392 0.067404 0.290850
vn 0.950158 0.028054 0.310503
vn 0.888460 0.080883 0.451770
vn 0.086646 -0.105413 -0.990647
vn 0.436402 -0.156465 -0.886043
vn 0.118433 0.125855 -0.984954
vn -0.882995 0.160570 -0.441065
vn -0.933236 0.156443 -0.323412
vn -0.914622 0.388163 -0.113124
vn -0.702343 -0.480451 -0.525244
vn -0.790266 -0.253857 -0.557706
vn -0.788330 -0.360726 -0.498410
vn 0.861329 -0.329085 0.387060
vn 0.722953 -0.570341 0.389937
vn 0.903161 -0.396319 0.165021
vn -0.794901 0.524331 -0.305304
vn -0.560941 0.758614 -0.331437
vn -0.685929 0.527908 -0.500813
vn -0.172172 0.856493 -0.486597
vn -0.083462 0.958461 -0.272738
vn -0.134473 0.862841 -0.487259
vn 0.108067 -0.048903 -0.992940
vn -0.771980 0.275680 -0.572754
vn -0.766742 0.217823 -0.603870
vn -0.765303 0.144189 -0.627313
vn -0.716749 0.181158 -0.673389
vn -0.328911 -0.372532 -0.867778
vn -0.136883 -0.119941 -0.983299
vn -0.045815 -0.298673 -0.953255
vn -0.580465 0.135176 -0.802987
vn -0.540669 0.164972 -0.824901
vn -0.470238 0.217686 -0.855271
vn 0.618875 0.301276 0.725415
vn 0.603253 0.230273 0.763584
vn 0.600707 0.172464 0.780646
vn -0.304079 -0.151180 -0.940575
vn 0.010352 0.208916 -0.977879
vn -0.171733 0.249076 -0.953136
vn 0.149122 0.331866 -0.931465
vn 0.337274 0.294260 -0.894236
vn 0.378152 0.359970 -0.852891
vn 0.513301 0.276603 -0.812412
vn 0.676393 0.120496 -0.726618
vn 0.476546 0.083045 -0.875218
vn -0.477819 0.147332 -0.866016
vn -0.546416 0.047652 -0.836157
vn -0.478583 -0.054199 -0.876368
vn -0.507351 0.236919 -0.828532
vn -0.225750 0.196705 -0.954119
vn -0.445802 0.257017 -0.857440
vn 0.666800 -0.026660 -0.744760
vn 0.376077 -0.208458 -0.902835
vn 0.610980 0.221746 -0.759955
vn 0.173427 0.375248 -0.910556
vn 0.311153 0.323769 -0.893509
vn 0.319951 -0.534679 -0.782144
vn 0.320292 -0.306083 -0.896508
vn 0.297340 -0.314350 -0.901539
vn 0.259645 -0.542290 -0.799066
vn -0.381678 -0.559474 -0.735738
vn -0.285663 -0.614333 -0.735521
vn -0.565696 -0.491670 -0.662004
vn -0.306283 -0.260011 -0.915743
vn -0.290439 -0.042099 -0.955967
vn -0.383792 -0.017728 -0.923249
vn 0.791421 0.347209 -0.503089
vn -0.385935 -0.380836 -0.840249
vn -0.312563 -0.373127 -0.873545
vn 0.872707 -0.156728 -0.462406
vn 0.927995 -0.195010 -0.317486
vn 0.900464 -0.171392 -0.399736
vn -0.838379 -0.117400 -0.532296
vn -0.822975 -0.038480 -0.566773
vn -0.793500 -0.087516 -0.602244
vn -0.380978 0.226386 -0.896440
vn -0.222577 0.256782 -0.940491
vn -0.349810 0.261455 -0.899597
vn -0.174969 -0.020804 -0.984354
vn -0.418226 -0.026162 -0.907966
vn -0.274137 -0.026502 -0.961325
vn -0.370104 -0.838692 -0.399523
vn -0.261954 -0.937577 -0.228755
vn -0.350524 -0.826019 -0.441390
vn -0.045484 -0.019991 -0.998765
vn -0.012215 0.098664 -0.995046
vn -0.434401 0.025744 -0.900351
vn -0.621747 0.083098 -0.778798
vn -0.445782 -0.003774 -0.895134
vn -0.585122 0.113752 -0.802927
vn 0.611274 0.582281 -0.535997
vn 0.794267 0.484584 -0.366494
vn 0.646185 0.383264 -0.659965
vn 0.872883 0.442383 -0.205844
vn 0.201374 0.195100 -0.959888
vn 0.327355 0.296643 -0.897130
vn 0.432911 0.138745 -0.890695
vn -0.087178 0.767256 -0.635388
vn 0.043958 0.483467 -0.874258
vn -0.222001 0.485758 -0.845431
vn 0.492582 0.478267 -0.727065
vn 0.588362 0.622838 -0.515659
vn 0.657637 0.495865 -0.567126
vn -0.227345 -0.792965 -0.565262
vn -0.218337 -0.822553 -0.525106
vn -0.388854 -0.777870 -0.493671
vn 0.160504 -0.856036 -0.491366
vn 0.117594 -0.875392 -0.468892
vn 0.148906 -0.881021 -0.449031
vn -0.226301 0.921645 -0.315211
vn -0.119769 0.889224 -0.441516
vn -0.236530 0.803972 -0.545603
vn 0.134041 0.785764 -0.603828
vn 0.127288 0.947451 -0.293486
vn 0.111232 0.767325 -0.631537
vn 0.189964 0.004166 -0.981782
vn 0.071123 0.065073 -0.995343
vn 0.185447 -0.141771 -0.972374
vn -0.695140 0.159796 -0.700889
vn -0.662937 -0.200514 -0.721325
vn -0.890713 -0.360154 -0.277345
vn -0.881597 -0.384965 -0.273109
vn 0.213949 0.023003 -0.976574
vn 0.380190 -0.004561 -0.924897
vn 0.240609 -0.073949 -0.967801
vn -0.656468 -0.194130 -0.728946
vn -0.702017 -0.187409 -0.687059
vn -0.579701 -0.240194 -0.778623
vn -0.602081 -0.200273 -0.772910
vn -0.235866 0.015380 -0.971664
vn 0.164272 -0.005596 -0.986399
vn -0.395713 0.178998 -0.900761
vn -0.172684 -0.084670 -0.981331
vn -0.133638 -0.068036 -0.988692
vn -0.070516 -0.010473 -0.997456
vn 0.893244 0.025619 0.448841
vn 0.858399 0.005230 0.512956
vn 0.855423 0.006521 0.517888
vn 0.580730 0.343587 -0.738039
vn 0.457964 0.346191 -0.818792
vn 0.722842 0.434164 -0.537588
vn -0.609137 0.486225 -0.626528
vn -0.757708 0.584473 -0.290292
vn -0.786848 0.597392 -0.154896
vn -0.072609 0.154885 -0.985261
vn 0.045232 0.025928 -0.998640
vn -0.097497 0.047348 -0.994109
vn -0.570237 -0.190387 -0.799113
vn -0.539553 0.016174 -0.841796
vn -0.379576 -0.220698 -0.898451
vn -0.026716 -0.175710 -0.984080
vn 0.019890 -0.191730 -0.981246
vn -0.037128 -0.392931 -0.918818
vn 0.000631 -0.770794 -0.637085
vn -0.103394 -0.707024 -0.699591
vn -0.018637 -0.764164 -0.644753
vn -0.014683 0.622507 -0.782477
vn 0.172525 0.377650 -0.909734
vn 0.111263 0.295788 -0.948752
vn 0.220619 -0.020405 -0.975147
vn 0.236134 -0.102314 -0.966319
vn 0.280373 -0.201297 -0.938547
vn 0.227720 0.181375 -0.956685
vn 0.012825 0.498540 -0.866772
vn 0.063435 0.526515 -0.847796
vn 0.090635 0.348079 -0.933074
vn 0.062238 -0.239783 -0.968829
vn 0.136716 -0.116495 -0.983737
vn 0.051921 -0.172492 -0.983642
vn -0.716523 -0.344796 -0.606392
vn -0.548649 -0.358932 -0.755084
vn -0.685470 -0.262529 -0.679124
vn -0.622280 0.117039 -0.773996
vn -0.380366 -0.006057 -0.924816
vn -0.527141 0.116136 -0.841805
vn -0.377614 0.830749 -0.408980
vn -0.083202 0.736988 -0.670765
vn -0.408352 0.850567 -0.331339
vn -0.770856 0.595537 -0.226090
vn -0.584452 0.667858 -0.460849
vn -0.645442 0.540961 -0.539227
vn -0.184215 0.179143 -0.966423
vn -0.560650 0.253217 -0.788386
vn -0.559268 0.324845 -0.762689
vn -0.629053 0.226176 -0.743731
vn -0.055681 -0.425709 -0.903145
vn -0.040406 -0.580941 -0.812942
vn 0.980048 -0.073412 0.184707
vn 0.914878 -0.079696 0.395787
vn 0.953115 -0.089379 0.289107
vn -0.611685 -0.270642 -0.743367
vn -0.682734 -0.105457 -0.723017
vn -0.736372 -0.181184 -0.651866
vn -0.791901 -0.058301 -0.607861
vn -0.772865 0.076255 -0.629973
vn -0.741759 0.005819 -0.670641
vn 0.847533 0.278913 0.451548
vn 0.938337 0.136200 0.317762
vn 0.934673 0.218276 0.280611
vn 0.984199 0.094123 0.149981
vn 0.124988 0.984195 0.125455
vn -0.020500 0.992195 0.122996
vn 0.111917 0.991003 0.073395
vn 0.945193 0.164732 0.281911
vn 0.949575 0.210071 0.232762
vn 0.997825 -0.009211 0.065275
vn -0.609967 -0.062904 -0.789926
vn -0.660465 -0.025965 -0.750407
vn -0.674156 -0.063960 -0.735815
vn 0.319959 -0.946470 0.042663
vn 0.490926 -0.863092 0.118596
vn 0.291998 -0.952409 0.087484
vn -0.669869 -0.363555 -0.647382
vn -0.774457 -0.316718 -0.547636
vn -0.460054 -0.824704 -0.328957
vn 0.622443 -0.768070 0.150444
vn 0.632818 -0.765260 0.117977
vn 0.744448 -0.648909 0.157210
vn 0.490671 -0.869825 0.051441
vn 0.584467 0.807525 0.079391
vn 0.831017 0.490108 0.263067
vn 0.891714 0.433830 0.128989
vn -0.730773 0.059875 -0.679990
vn -0.765921 0.053706 -0.640688
vn -0.753622 0.017535 -0.657074
vn -0.666114 0.068779 -0.742672
vn 0.940915 -0.055661 -0.334038
vn 0.887314 -0.018615 -0.460789
vn 0.891105 -0.062690 -0.449447
vn 0.944148 0.073177 -0.321294
vn 0.944006 0.012715 -0.329685
vn 0.955059 0.066705 -0.288812
vn 0.069034 0.997270 0.026214
vn 0.078764 0.989273 0.123026
vn 0.236191 0.964913 0.114706
vn -0.811802 -0.144893 -0.565671
vn -0.885181 -0.085372 -0.457347
vn -0.879194 -0.089922 -0.467902
vn -0.814767 0.247054 -0.524519
vn -0.797739 0.267155 -0.540593
vn -0.745125 0.298501 -0.596394
vn 0.664098 0.746066 0.048583
vn 0.968991 0.060615 -0.239548
vn 0.893693 0.093190 -0.438895
vn 0.964707 0.060076 -0.256381
vn 0.999344 -0.036162 -0.001839
vn 0.991302 -0.045421 -0.123517
vn 0.963851 -0.098757 -0.247463
vn -0.734134 -0.017621 -0.678776
vn -0.803166 -0.018343 -0.595473
vn -0.821379 -0.035007 -0.569307
vn 0.989333 0.002927 -0.145644
vn 0.980877 -0.037000 0.191078
vn 0.979227 -0.033494 0.199981
vn 0.928003 0.139621 0.345423
vn 0.975921 0.112610 0.186807
vn 0.899364 0.156121 0.408375
vn 0.943808 0.074603 0.321964
vn 0.982531 -0.018609 0.185164
vn 0.967546 0.047946 0.248105
vn 0.999164 -0.039238 0.011491
vn 0.974355 0.202936 0.097214
vn 0.992937 -0.015954 0.117568
vn 0.889828 0.074651 0.450148
vn -0.921652 0.215614 -0.322596
vn -0.955386 0.202557 -0.214961
vn -0.947776 0.191837 -0.254793
vn -0.995834 -0.064924 -0.064034
vn -0.987279 0.009386 -0.158722
vn -0.971560 -0.024015 -0.235571
vn -0.926501 -0.045467 0.373535
vn -0.974892 -0.016220 0.222086
vn -0.922373 -0.015038 0.386007
vn 0.047096 0.996783 -0.064853
vn 0.098190 0.994650 -0.032086
vn 0.005877 0.999581 0.028360
vn -0.982008 -0.052307 -0.181452
vn -0.996862 -0.068818 -0.039133
vn 0.257407 -0.918174 0.301162
vn 0.196892 -0.866796 0.458146
vn 0.437447 -0.789766 0.430013
vn 0.193708 0.504833 0.841202
vn 0.222685 -0.092994 0.970445
vn 0.027478 0.181799 0.982952
vn 0.248039 0.707205 0.662071
vn -0.013763 0.500715 0.865503
vn 0.124050 0.496855 0.858922
vn -0.226499 0.369490 0.901208
vn -0.286733 0.224624 0.931305
vn -0.292944 0.209218 0.932958
vn 0.338176 0.301168 0.891591
vn 0.154300 0.150367 0.976515
vn 0.426797 -0.113787 0.897161
vn 0.310686 -0.199432 0.929355
vn 0.048275 0.115298 0.992157
vn -0.371379 -0.110480 0.921885
vn -0.348174 -0.128458 0.928587
vn -0.388721 -0.007107 0.921328
vn 0.300906 0.377132 0.875915
vn 0.727221 0.355865 0.586950
vn 0.611129 0.395063 0.685891
vn 0.427968 0.169798 0.887701
vn 0.357353 0.451235 0.817732
vn 0.802241 -0.009762 0.596921
vn 0.611970 0.098613 0.784709
vn 0.630330 0.035374 0.775521
vn -0.470816 0.058362 0.880299
vn -0.484559 0.022486 0.874470
vn -0.513436 -0.061649 0.855911
vn 0.184811 -0.017452 0.982619
vn -0.088751 -0.026754 0.995694
vn 0.000836 -0.026466 0.999649
vn 0.112229 -0.129639 0.985190
vn 0.472113 -0.100459 0.875795
vn 0.134619 0.062709 0.988911
vn -0.215666 -0.126302 0.968264
vn -0.197274 -0.195895 0.960577
vn -0.143531 -0.132904 0.980681
vn -0.544725 0.110697 0.831276
vn -0.537071 0.098859 0.837724
vn -0.579022 0.120315 0.806386
vn -0.537471 0.060643 0.841099
vn -0.255618 -0.468926 0.845439
vn -0.164336 -0.630929 0.758236
vn -0.115637 -0.682048 0.722107
vn 0.706638 0.320364 0.630896
vn 0.719818 0.384287 0.578088
vn 0.770606 0.026002 0.636782
vn 0.732776 -0.005327 0.680450
vn 0.937941 0.016008 0.346424
vn 0.333367 -0.048039 0.941572
vn 0.409259 -0.010136 0.912362
vn 0.358220 0.150942 0.921355
vn 0.061308 0.101202 0.992975
vn 0.407057 0.071236 0.910621
vn -0.941076 0.219486 -0.257297
vn -0.946257 0.215864 -0.240831
vn -0.955720 -0.098143 -0.277431
vn -0.931356 -0.156853 -0.328593
vn -0.864221 -0.432395 -0.257208
vn 0.470128 -0.398051 0.787741
vn 0.105627 -0.421330 0.900735
vn 0.366914 -0.586600 0.721994
vn -0.238162 -0.971224 0.001868
vn -0.284987 -0.958531 -0.000601
vn -0.083412 -0.994459 0.063981
vn -0.099869 0.988849 0.110470
vn -0.044975 0.998967 -0.006494
vn -0.031987 0.996142 0.081722
vn -0.970871 -0.239593 0.002033
vn -0.824517 -0.496270 -0.271822
vn -0.859566 -0.494458 -0.129063
vn -0.960382 -0.207377 0.186178
vn -0.961580 -0.258113 -0.093497
vn -0.967873 -0.152012 -0.200283
vn -0.007245 -0.998424 0.055651
vn 0.743646 0.181819 0.643376
vn 0.519600 0.145044 0.842009
vn 0.614187 0.156903 0.773405
vn -0.154116 -0.948440 0.276965
vn -0.129240 -0.885827 0.445655
vn -0.150716 -0.920985 0.359266
vn -0.066387 0.997031 0.039008
vn -0.086673 0.992270 0.088815
vn -0.932091 0.214331 -0.292008
vn -0.962042 -0.000995 -0.272901
vn -0.996481 0.050903 -0.066595
vn -0.883184 -0.186481 -0.430362
vn -0.791854 -0.580061 -0.191039
vn -0.628018 -0.763903 -0.148476
vn -0.679762 -0.719650 -0.141519
vn 0.631873 -0.744355 0.216035
vn 0.524409 -0.833772 0.172685
vn 0.675257 -0.727634 0.120737
vn -0.248554 -0.968473 0.016767
vn -0.214011 -0.967640 0.133689
vn -0.213898 -0.956889 0.196498
vn 0.930782 0.035652 0.363832
vn 0.832774 0.327679 0.446221
vn -0.907260 -0.006396 -0.420522
vn -0.821067 -0.029846 -0.570051
vn -0.959235 -0.054789 -0.277246
vn 0.843142 0.148132 0.516883
vn 0.864806 -0.050919 0.499517
vn 0.905283 0.007886 0.424736
vn 0.399260 -0.916201 0.034180
vn 0.515364 -0.856131 -0.037941
vn 0.314206 -0.927725 0.201495
vn -0.013516 0.987000 -0.160154
vn -0.039619 0.996371 0.075340
vn -0.958051 -0.009517 -0.286439
vn -0.868618 -0.019229 -0.495109
vn 0.936434 -0.203178 0.286025
vn 0.898105 -0.380965 0.219712
vn 0.914516 -0.376418 0.148222
vn -0.701305 0.679212 -0.216431
vn -0.527054 0.849419 -0.026491
vn -0.249112 0.953061 -0.172099
vn 0.993493 0.081768 0.079286
vn 0.956951 0.176130 0.230703
vn 0.997609 0.066483 0.018889
vn -0.854639 -0.080342 -0.512970
vn -0.730063 -0.145432 -0.667726
vn -0.689960 -0.053354 -0.721878
vn -0.729482 0.331244 -0.598443
vn -0.592764 0.431899 -0.679775
vn -0.824847 0.107711 -0.555001
vn -0.248621 0.759901 -0.600614
vn -0.162412 0.957565 -0.238099
vn -0.124535 0.928238 -0.350521
vn -0.590387 0.489127 -0.642027
vn -0.588404 0.466151 -0.660669
vn 0.998588 -0.035061 0.039917
vn 0.998463 -0.034008 0.043766
vn 0.996028 -0.035785 0.081530
vn 0.883591 0.289509 0.368038
vn 0.878265 0.253377 0.405524
vn -0.807938 -0.254035 -0.531698
vn -0.843626 -0.139805 -0.518410
vn -0.688931 -0.100595 -0.717812
vn -0.600427 -0.691178 -0.402195
vn -0.464991 -0.685486 -0.560262
vn -0.438201 -0.837863 -0.325524
vn -0.156597 -0.782598 -0.602510
vn -0.179747 -0.884742 -0.430026
vn -0.169238 -0.901456 -0.398416
vn 0.990180 -0.113931 -0.081018
vn 0.959371 -0.136357 -0.247012
vn 0.990077 0.041557 -0.134242
vn 0.999000 0.017148 -0.041286
vn 0.992072 0.001982 -0.125659
vn 0.993981 -0.079443 -0.075438
vn 0.979218 -0.201860 0.019614
vn 0.954247 -0.297462 -0.030481
vn -0.197307 -0.815377 -0.544270
vn -0.645396 0.173288 -0.743932
vn -0.512165 0.644791 -0.567390
vn -0.419920 0.230665 -0.877759
vn 0.941677 0.038712 -0.334283
vn 0.938427 0.011178 -0.345296
vn 0.899984 0.351526 -0.257797
vn 0.945332 0.323633 0.040114
vn 0.943838 0.329551 -0.023777
vn -0.966560 -0.157767 -0.202164
vn -0.875617 -0.276094 -0.396316
vn -0.883026 -0.216919 -0.416186
vn 0.831638 0.344815 -0.435294
vn 0.919835 0.303166 -0.248986
vn 0.729756 0.673822 -0.115845
vn 0.644527 0.764506 -0.010776
vn 0.842840 0.493823 -0.213914
vn -0.410877 -0.134661 -0.901691
vn -0.516822 -0.294376 -0.803889
vn -0.188966 -0.736723 -0.649254
vn -0.920939 -0.084370 -0.380463
vn -0.806355 0.217954 -0.549806
vn -0.788711 -0.115733 -0.603772
vn -0.416174 0.099731 -0.903799
vn -0.481690 0.298424 -0.823964
vn -0.317969 0.082205 -0.944531
vn -0.864325 0.133678 -0.484843
vn -0.749954 0.154852 -0.643109
vn -0.696197 0.053044 -0.715888
vn -0.316054 -0.124835 -0.940492
vn -0.288058 -0.102183 -0.952146
vn -0.707764 0.155287 -0.689171
vn -0.629487 -0.046859 -0.775597
vn -0.337819 -0.044954 -0.940137
vn -0.399251 -0.056866 -0.915077
vn -0.522872 -0.082696 -0.848390
vn -0.679253 -0.285850 -0.675947
vn -0.631218 -0.084833 -0.770952
vn -0.610730 -0.191807 -0.768257
vn -0.352339 0.464380 -0.812532
vn -0.234511 0.395800 -0.887889
vn -0.343241 0.508200 -0.789885
vn -0.496423 -0.010245 -0.868020
vn -0.532084 -0.011584 -0.846612
vn -0.554593 0.036628 -0.831315
vn -0.621945 -0.015201 -0.782914
vn -0.483144 0.429999 -0.762675
vn -0.581122 0.253529 -0.773318
vn -0.686909 0.315721 -0.654580
vn 0.005672 0.908870 -0.417042
vn -0.092804 0.740860 -0.665217
vn -0.122124 0.724075 -0.678823
vn -0.159538 -0.064626 -0.985074
vn -0.179083 -0.224425 -0.957895
vn -0.109936 -0.038174 -0.993205
vn -0.254742 -0.236527 -0.937636
vn -0.036136 0.469175 -0.882365
vn -0.390462 0.138666 -0.910116
vn -0.164361 0.083631 -0.982849
vn -0.090522 -0.091933 -0.991642
vn -0.222670 -0.014603 -0.974784
vn -0.137576 -0.184379 -0.973179
vn -0.296400 -0.270872 -0.915847
vn -0.258580 0.069123 -0.963513
vn -0.013691 0.038083 -0.999181
vn -0.172170 0.101827 -0.979790
vn -0.524670 0.290246 -0.800299
vn -0.557634 0.256254 -0.789543
vn -0.479255 0.177631 -0.859512
vn -0.474973 -0.668462 -0.572328
vn -0.366957 -0.578692 -0.728325
vn -0.336918 -0.641018 -0.689625
vn -0.632989 -0.527965 -0.566196
vn -0.449466 -0.567747 -0.689669
vn -0.256266 -0.422755 -0.869256
vn 0.542694 0.675753 -0.498840
vn 0.365358 0.447803 -0.816080
vn 0.147748 0.703529 -0.695138
vn 0.104022 -0.524720 -0.844896
vn 0.175697 -0.517771 -0.837284
vn 0.156358 -0.562426 -0.811930
vn 0.031510 0.489007 -0.871711
vn 0.338835 0.382831 -0.859437
vn 0.243621 0.241035 -0.939442
vn 0.446630 0.226462 -0.865585
vn 0.569046 0.209106 -0.795274
vn -0.016070 0.061264 -0.997992
vn 0.150413 0.067565 -0.986312
vn 0.076513 -0.065717 -0.994900
vn -0.017136 0.178589 -0.983775
vn -0.082610 0.177825 -0.980588
vn 0.139114 0.234156 -0.962195
vn -0.167693 -0.575444 -0.800465
vn -0.120779 -0.378808 -0.917560
vn 0.038126 -0.627126 -0.777984
vn -0.158664 -0.708472 -0.687672
vn -0.005623 -0.843697 -0.536791
vn 0.112558 -0.835001 -0.538613
vn 0.155276 -0.881902 -0.445126
vn -0.030445 -0.429187 -0.902702
vn 0.303630 -0.357294 -0.883261
vn 0.372505 -0.440958 -0.816576
vn 0.422153 0.013328 -0.906427
vn 0.462405 0.014153 -0.886556
vn 0.425373 0.024672 -0.904682
vn 0.531369 0.013458 -0.847034
vn 0.495207 0.034473 -0.868091
vn 0.270322 0.034310 -0.962159
vn 0.359872 0.189651 -0.913523
vn 0.536949 0.197515 -0.820167
vn 0.413360 0.235103 -0.879693
vn 0.520698 0.229142 -0.822416
vn 0.175469 -0.328171 -0.928178
vn 0.287918 -0.593032 -0.751942
vn 0.454992 -0.719957 -0.524064
vn 0.353842 -0.874550 -0.331599
vn 0.213353 -0.825551 -0.522442
vn 0.213064 -0.873367 -0.437988
vn -0.072792 -0.220161 0.972744
vn 0.051037 -0.128089 0.990449
vn -0.037230 -0.467294 0.883318
vn 0.485099 -0.173432 0.857088
vn -0.304066 0.035013 0.952007
vn -0.191159 -0.056891 0.979909
vn -0.311629 -0.026800 0.949826
vn -0.181749 0.000747 0.983345
vn 0.014149 -0.013938 0.999803
vn 0.075703 -0.047272 0.996009
vn -0.038029 -0.048457 0.998101
vn 0.056365 -0.016592 0.998272
vn -0.686461 0.020442 0.726880
vn -0.732116 0.138458 0.666960
vn -0.617423 -0.159437 0.770304
vn -0.749670 0.237392 0.617770
vn 0.250073 -0.743558 -0.620149
vn 0.267413 -0.747252 -0.608362
vn -0.043785 -0.910554 -0.411066
vn -0.146153 -0.807051 -0.572108
vn -0.603283 -0.170821 0.779019
vn -0.554194 0.098669 0.826519
vn -0.589701 0.093638 0.802175
vn -0.543270 -0.085667 0.835176
vn -0.620949 0.070898 0.780638
vn -0.131029 -0.977875 -0.163072
vn 0.163325 -0.986466 0.014495
vn 0.157321 -0.978178 0.135714
vn 0.134494 -0.031642 0.990409
vn -0.450873 0.003384 0.892582
vn -0.038190 -0.065132 0.997146
vn -0.306464 -0.044146 0.950858
vn -0.308767 -0.453548 -0.836037
vn -0.686342 -0.606908 -0.400745
vn 0.041077 -0.053444 0.997726
vn -0.139388 -0.984058 -0.110457
vn 0.051871 -0.925094 -0.376179
vn 0.096109 -0.945584 -0.310859
vn 0.055934 -0.906414 -0.418670
vn -0.543906 0.106458 0.832366
vn -0.631865 0.095337 0.769193
vn 0.024589 -0.846576 -0.531700
vn 0.121918 -0.885965 -0.447439
vn 0.077775 -0.916245 -0.392996
vn -0.515646 -0.000258 0.856802
vn -0.423364 0.000961 0.905959
vn -0.305353 0.011756 0.952167
vn -0.002719 -0.818671 -0.574257
vn 0.061861 -0.888145 -0.455382
vn 0.095535 -0.813569 -0.573567
vn 0.061324 -0.961893 -0.266460
vn 0.023762 -0.972082 -0.233436
vn 0.034520 -0.986521 -0.159954
vn 0.706424 0.454737 -0.542382
vn 0.799707 0.341239 -0.493989
vn 0.739839 0.437092 -0.511458
vn 0.937137 0.248823 -0.244667
vn 0.989996 0.082891 0.114184
vn 0.985484 0.063453 0.157466
vn 0.917713 0.124357 0.377278
vn 0.821525 0.015874 0.569952
vn 0.691535 -0.004840 0.722327
vn 0.752503 0.046933 0.656914
vn 0.875602 0.012803 0.482864
vn 0.863478 -0.027279 0.503648
vn 0.598432 -0.060385 0.798895
vn 0.890633 -0.088444 0.446039
vn 0.760930 -0.117863 0.638039
vn 0.783224 -0.062849 0.618555
vn -0.696644 -0.462135 0.548743
vn 0.472084 -0.664526 0.579261
vn 0.463960 -0.608044 0.644223
vn 0.238919 -0.310323 0.920118
vn -0.020742 -0.178298 0.983758
vn -0.355834 -0.500542 0.789202
vn -0.596237 -0.158021 0.787103
vn -0.424494 -0.214677 0.879613
vn -0.000140 -0.294654 0.955604
vn -0.301215 -0.413372 0.859298
vn 0.456352 -0.240612 0.856650
vn -0.298241 -0.093338 0.949916
vn -0.169543 -0.015764 0.985397
vn -0.165809 -0.079751 0.982928
vn -0.637398 -0.106762 0.763103
vn -0.065269 -0.951362 -0.301083
vn 0.049834 -0.920939 -0.386508
vn 0.136986 -0.977791 -0.158617
vn -0.083984 -0.877538 0.472095
vn -0.580754 0.063607 0.811590
vn -0.557193 0.101609 0.824143
vn 0.162669 -0.931021 -0.326709
vn -0.018337 0.247908 0.968610
vn -0.188077 0.176948 0.966083
vn -0.111076 0.049848 0.992561
vn 0.348241 -0.090574 0.933019
vn 0.329277 -0.003138 0.944228
vn 0.057473 -0.809548 -0.584234
vn 0.051210 0.841649 0.537591
vn -0.089308 -0.326554 0.940950
vn -0.104500 -0.154138 0.982508
vn 0.009961 -0.022636 0.999694
vn -0.501597 0.306646 0.808930
vn -0.589948 -0.114589 0.799269
vn -0.325604 0.115661 0.938405
vn -0.410728 -0.233363 0.881388
vn -0.297027 -0.206957 0.932171
vn -0.413640 -0.233208 0.880066
vn -0.476011 0.536061 0.697175
vn -0.303864 0.715244 0.629359
vn -0.211151 0.950503 0.227945
vn -0.165505 0.922351 0.349108
vn -0.468349 0.198154 0.861037
vn -0.581932 0.259261 0.770804
vn -0.609636 0.256740 0.749953
vn -0.092338 -0.169835 0.981137
vn -0.251497 0.031457 0.967347
vn 0.515561 -0.389823 0.763043
vn -0.209690 -0.463397 0.860984
vn -0.113070 -0.541876 0.832818
vn -0.038536 0.091056 0.995100
vn -0.074414 0.228301 0.970743
vn -0.257066 0.358404 0.897477
vn -0.069268 0.857542 0.509729
vn -0.716511 0.072607 0.693786
vn -0.287156 -0.145956 0.946699
vn -0.123435 0.453395 0.882721
vn 0.761015 -0.013746 0.648589
vn 0.791388 -0.521296 0.319304
vn 0.774589 -0.578460 0.255726
vn 0.765727 -0.629402 0.132349
vn 0.104531 -0.993777 -0.038467
vn 0.034980 -0.995377 -0.089448
vn -0.199002 -0.968661 -0.148641
vn 0.660386 -0.342434 0.668303
vn 0.718181 -0.555394 0.419231
vn 0.599971 -0.451316 0.660566
vn 0.484791 0.056928 0.872775
vn 0.612785 0.320893 0.722165
vn 0.853720 -0.100333 0.510976
vn 0.759198 -0.153987 0.632381
vn 0.663649 -0.100535 0.741258
vn 0.679965 0.158617 0.715883
vn 0.728288 0.128198 0.673173
vn 0.651090 0.035105 0.758188
vn 0.682217 0.020229 0.730870
vn -0.350370 -0.049832 0.935285
vn -0.216595 -0.054232 0.974754
vn 0.482836 -0.006650 0.875686
vn -0.007991 0.007594 0.999939
vn 0.010271 -0.042838 0.999029
vn -0.185868 0.099190 0.977555
vn -0.234181 0.080131 0.968885
vn 0.310309 -0.092393 0.946135
vn 0.270180 -0.331645 0.903889
vn 0.383559 -0.101765 0.917892
vn 0.352530 -0.297112 0.887382
vn 0.368078 0.056071 0.928103
vn 0.450245 0.182991 0.873953
vn 0.999097 -0.007901 0.041739
vn 0.999015 -0.010730 0.043051
vn 0.597306 0.067046 0.799206
vn 0.326045 0.310269 0.892988
vn 0.624857 0.033400 0.780024
vn 0.225079 -0.182115 0.957170
vn 0.430471 -0.317600 0.844881
vn 0.566583 0.133023 0.813197
vn 0.185532 -0.123478 0.974849
vn 0.566442 -0.306164 0.765119
vn 0.550222 -0.170556 0.817414
vn 0.329669 -0.388805 0.860320
vn -0.159563 -0.223678 0.961513
vn -0.152449 -0.103965 0.982828
vn -0.551592 -0.159115 0.818797
vn -0.493665 -0.102970 0.863535
vn -0.465828 0.054381 0.883203
vn -0.192277 -0.071089 0.978763
vn -0.212945 -0.016628 0.976923
vn -0.525942 0.050590 0.849014
vn -0.601737 0.023600 0.798346
vn -0.077371 -0.100278 0.991947
vn -0.972477 -0.223918 0.064413
vn -0.901592 -0.335417 -0.273179
vn -0.867370 -0.301613 -0.395853
vn -0.991603 0.076344 -0.104376
vn -0.846135 0.185153 -0.499775
vn -0.718931 0.306343 -0.623933
vn -0.751492 -0.253465 -0.609110
vn -0.780309 -0.227742 -0.582453
vn -0.538380 0.246075 -0.805974
vn -0.717160 0.131866 -0.684319
vn -0.517283 -0.139857 -0.844309
vn -0.639917 0.279740 -0.715717
vn -0.695020 -0.162564 -0.700371
vn -0.318928 0.016801 0.947630
vn 0.920840 0.370305 0.122185
vn 0.890423 0.438824 0.120749
vn 0.445505 0.828489 0.339310
vn 0.019014 0.996414 0.082450
vn 0.164133 0.886067 0.433528
vn -0.358566 -0.198642 -0.912125
vn -0.027021 -0.082322 -0.996239
vn -0.140996 -0.224912 -0.964124
vn -0.538479 0.229945 -0.810658
vn -0.277080 0.781690 0.558737
vn -0.005481 0.775445 0.631391
vn -0.235921 0.924047 0.300795
vn -0.483361 0.779718 0.397998
vn 0.125373 0.882808 0.452693
vn 0.087334 0.945397 0.314002
vn 0.064471 0.905755 0.418869
vn 0.171975 0.985014 -0.013093
vn 0.263590 0.962972 -0.056616
vn 0.083287 0.977659 -0.192992
vn -0.449689 0.755676 -0.476165
vn -0.390722 0.495121 -0.776010
vn -0.684887 -0.450853 -0.572417
vn -0.032169 0.124222 -0.991733
vn 0.111329 0.246294 -0.962780
vn 0.154556 0.158045 -0.975261
vn 0.233970 0.200970 -0.951246
vn 0.200068 0.277589 -0.939637
vn 0.300118 0.207380 -0.931087
vn 0.593461 -0.102739 -0.798279
vn -0.488005 0.117509 -0.864895
vn -0.493629 0.068407 -0.866978
vn -0.569773 0.189906 -0.799559
vn 0.718767 -0.154363 -0.677899
vn 0.484852 -0.019276 -0.874384
vn 0.498122 0.181384 -0.847924
vn 0.350149 0.121897 -0.928729
vn 0.128005 0.321246 -0.938305
vn 0.222645 0.235363 -0.946062
vn 0.902495 -0.157685 -0.400796
vn 0.933439 -0.128999 -0.334741
vn 0.457935 0.180735 -0.870420
vn 0.105670 0.364788 -0.925075
vn 0.009193 0.112899 -0.993564
vn 0.045495 0.080968 -0.995678
vn 0.053528 0.104224 -0.993112
vn -0.165518 0.834795 -0.525091
vn -0.069678 0.331160 -0.940998
vn 0.000277 0.321272 -0.946987
vn 0.705379 0.255635 -0.661129
vn 0.789178 0.170457 -0.590037
vn 0.560828 0.335889 -0.756737
vn -0.035321 0.324923 -0.945081
vn -0.451474 0.463717 -0.762324
vn 0.696912 0.230281 -0.679179
vn -0.741384 0.136536 0.657045
vn -0.761496 0.132399 0.634503
vn -0.756407 0.134884 0.640043
vn -0.462199 0.057255 0.884926
vn -0.604141 0.200013 0.771368
vn 0.828537 0.052925 0.557428
vn 0.931720 0.070917 0.356186
vn 0.891288 -0.009541 0.453337
vn 0.129923 0.312404 0.941023
vn 0.192512 0.324316 0.926153
vn 0.132445 0.368241 0.920248
vn 0.906286 0.149116 0.395486
vn -0.044182 0.392387 0.918738
vn -0.277474 0.213082 0.936805
vn 0.469763 0.182589 0.863704
vn 0.535380 0.269765 0.800372
vn 0.138288 0.234686 0.962185
vn 0.281984 0.180606 0.942267
vn 0.448121 -0.023541 0.893663
vn 0.333264 -0.105139 0.936953
vn 0.549798 0.373448 0.747167
vn 0.566378 0.475874 0.672874
vn 0.539017 -0.375720 0.753854
vn 0.501596 -0.157258 0.850689
vn 0.786932 0.146078 0.599499
vn 0.914461 0.064762 0.399459
vn 0.453658 0.293740 0.841374
vn 0.350530 -0.480478 0.803909
vn 0.316570 0.077187 0.945424
vn 0.290897 0.244107 0.925090
vn 0.733560 -0.181969 0.654811
vn 0.386634 -0.443269 0.808720
vn 0.387717 -0.120366 0.913886
vn 0.042510 0.295492 0.954399
vn 0.120358 -0.348879 0.929407
vn 0.858730 0.032413 0.511402
vn 0.862067 0.030836 0.505855
vn 0.764030 -0.005216 0.645160
vn 0.639249 0.134343 0.757174
vn 0.378356 -0.211515 0.901170
vn 0.404181 -0.078865 0.911273
vn 0.437180 0.044859 0.898255
vn 0.625937 0.074035 0.776351
vn 0.544207 -0.045839 0.837698
vn 0.452846 -0.156732 0.877705
vn -0.306452 0.515399 -0.800282
vn -0.333608 0.356277 -0.872796
vn -0.445151 0.402219 -0.800038
vn -0.427403 0.350773 -0.833238
vn 0.320504 0.146607 0.935833
vn 0.488221 0.049464 0.871317
vn 0.573324 -0.056774 0.817359
vn 0.709593 -0.101923 0.697201
vn 0.711820 -0.121754 0.691728
vn 0.653344 -0.266998 0.708416
vn 0.713077 -0.082552 0.696209
vn 0.253748 -0.010101 0.967218
vn 0.245905 0.015274 0.969174
vn 0.580876 -0.108705 0.806701
vn 0.417018 -0.078407 0.905510
vn 0.537203 -0.032216 0.842837
vn 0.685522 -0.177299 0.706133
vn 0.195452 -0.944549 0.263867
vn 0.105321 -0.922629 0.371031
vn 0.258656 -0.814886 0.518708
vn -0.041137 -0.972363 0.229821
vn -0.127303 -0.919147 0.372777
vn -0.009362 -0.024892 0.999646
vn 0.637487 0.145501 0.756597
vn -0.050011 -0.982069 -0.181770
vn -0.036713 -0.918947 -0.392667
vn -0.005927 -0.925823 -0.377911
vn 0.026038 -0.897939 -0.439349
vn -0.008044 -0.961668 -0.274098
vn 0.067975 -0.964083 -0.256754
vn 0.080156 -0.988132 -0.131035
vn 0.086248 -0.990481 -0.107280
vn 0.004420 -0.930001 0.367530
vn 0.979286 0.043737 0.197704
vn 0.997222 0.065782 0.034952
vn 0.941035 0.122143 0.315491
vn 0.998425 -0.020696 0.052152
vn 0.953498 -0.003415 0.301379
vn 0.932624 -0.010442 0.360699
vn 0.170782 -0.189919 0.966832
vn 0.988198 -0.102152 0.114146
vn 0.987189 -0.078470 0.138927
vn 0.961622 0.000026 -0.274376
vn 0.990745 0.006041 -0.135600
vn 0.842904 -0.172491 0.509666
vn 0.674151 -0.549607 0.493409
vn 0.616385 -0.285493 0.733869
vn 0.661915 -0.043723 0.748303
vn 0.303562 -0.091923 0.948367
vn -0.124656 0.042092 0.991307
vn -0.059793 -0.015945 0.998083
vn -0.114628 0.021755 0.993170
vn 0.270894 0.067861 0.960214
vn 0.624592 0.041830 0.779830
vn 0.231659 0.019809 0.972596
vn -0.208043 0.014342 0.978015
vn -0.313514 0.073620 0.946725
vn -0.048376 0.081576 0.995492
vn 0.321904 0.244664 0.914614
vn 0.165779 0.000034 0.986163
vn 0.332643 -0.069307 0.940503
vn 0.135884 -0.085277 0.987048
vn -0.193730 -0.084160 0.977438
vn -0.556804 -0.216168 0.802023
vn 0.996790 -0.017748 -0.078067
vn 0.947071 0.149929 0.283861
vn 0.987959 0.090008 0.125839
vn 0.743638 -0.176334 0.644911
vn 0.999985 0.005436 -0.000207
vn 0.948882 0.015085 0.315271
vn 0.404273 0.357737 -0.841777
vn 0.406814 0.095852 -0.908468
vn -0.277758 0.539033 -0.795169
vn -0.160891 0.327963 -0.930889
vn -0.262384 0.392412 -0.881571
vn 0.288142 -0.792858 -0.536983
vn 0.201750 -0.847653 -0.490695
vn -0.193338 -0.352451 -0.915641
vn -0.303087 -0.478276 -0.824251
vn -0.085564 -0.607067 -0.790031
vn -0.060203 -0.717995 -0.693440
vn -0.087410 -0.840632 -0.534507
vn 0.021634 -0.539690 -0.841586
vn 0.153151 -0.475435 -0.866318
vn 0.157189 -0.095102 -0.982979
vn 0.083302 -0.241189 -0.966896
vn 0.236054 -0.270019 -0.933471
vn 0.213188 -0.512118 -0.832037
vn 0.007215 -0.403490 -0.914956
vn 0.571805 0.162606 -0.804113
vn 0.368253 -0.045374 -0.928618
vn 0.415444 -0.561893 -0.715320
vn 0.465351 -0.488421 -0.738169
vn 0.327250 -0.729526 -0.600582
vn 0.048668 -0.898279 -0.436722
vn 0.027841 -0.986550 -0.161069
vn -0.068587 -0.996431 0.049210
vn 0.336408 0.186508 -0.923062
vn 0.372071 0.413333 -0.831095
vn 0.304207 0.474945 -0.825763
vn 0.147598 0.381755 -0.912402
vn 0.478883 0.376386 -0.793098
vn 0.153826 -0.790213 -0.593213
vn -0.006657 -0.984307 -0.176337
vn 0.103892 -0.711334 -0.695134
vn -0.202556 0.116983 -0.972258
vn -0.035715 -0.227193 -0.973195
vn -0.200714 -0.190430 -0.960963
vn 0.099288 0.160645 -0.982006
vn 0.153596 0.364136 -0.918593
vn 0.331734 0.066076 -0.941056
vn -0.157110 -0.768876 -0.619795
vn -0.032209 -0.757198 -0.652391
vn 0.518533 -0.277409 -0.808807
vn 0.383838 -0.341072 -0.858101
vn 0.892387 -0.126201 0.433265
vn 0.857479 -0.270853 0.437456
vn 0.324432 -0.566453 0.757545
vn 0.556452 -0.620712 0.552339
vn 0.454069 -0.361145 0.814492
vn 0.683063 0.356233 0.637592
vn 0.629620 -0.548586 0.550120
vn 0.390088 -0.354232 0.849913
vn 0.466198 -0.645497 0.604973
vn 0.006635 -0.574758 0.818296
vn 0.043480 -0.580074 0.813402
vn 0.024186 -0.623206 0.781684
vn -0.193931 -0.644953 0.739207
vn -0.298951 -0.549345 0.780287
vn 0.470870 -0.083284 0.878263
vn -0.087166 -0.206062 0.974649
vn 0.507757 -0.312883 0.802675
vn 0.605229 0.261355 0.751925
vn 0.337991 0.226369 0.913520
vn -0.109119 0.743662 0.659590
vn -0.039693 -0.352926 0.934809
vn 0.629763 -0.043136 0.775589
vn 0.087948 -0.528904 0.844112
vn -0.384766 -0.576873 0.720537
vn -0.442026 -0.133719 0.886979
vn -0.421348 -0.110013 0.900202
vn -0.298086 0.119891 0.946980
vn -0.267282 -0.667280 0.695196
vn 0.851632 -0.064845 0.520113
vn 0.745850 0.063995 0.663033
vn 0.929460 0.034390 0.367316
vn 0.515544 -0.313394 0.797496
vn 0.042352 -0.370752 0.927766
vn 0.272548 -0.274704 0.922093
vn 0.358657 -0.127409 0.924734
vn 0.468553 -0.084697 0.879366
vn 0.624844 0.355367 0.695187
vn 0.556708 -0.144295 0.818080
vn -0.063906 -0.088209 0.994050
vn 0.094461 -0.165689 0.981644
vn 0.646076 0.380403 0.661725
vn 0.665633 0.046187 0.744849
vn 0.547406 0.430831 0.717448
vn 0.758830 -0.585463 0.285326
vn 0.758879 -0.580677 0.294818
vn 0.905328 -0.110032 0.410213
vn 0.979612 -0.016822 0.200196
vn 0.534316 0.134534 0.834510
vn 0.566778 0.105538 0.817083
vn 0.646627 0.248184 0.721303
vn 0.480639 0.047149 0.875650
vn 0.523987 -0.041822 0.850699
vn 0.721480 0.052987 0.690405
vn 0.932676 -0.003704 0.360695
vn 0.041536 0.015135 0.999022
vn 0.915680 0.074137 0.395011
vn 0.834088 0.132277 0.535538
vn 0.581012 0.021251 0.813618
vn -0.116557 -0.068572 0.990814
vn 0.539466 0.530889 -0.653554
vn 0.257079 0.084798 -0.962663
vn -0.227408 0.187085 0.955659
vn -0.180962 0.280266 0.942711
vn -0.119756 0.196579 0.973147
vn -0.286858 0.050843 0.956623
vn 0.359720 0.040422 0.932184
vn 0.383635 -0.019509 0.923279
vn 0.345064 -0.019719 0.938372
vn 0.405400 0.060098 0.912162
vn 0.102575 0.218942 0.970331
vn 0.206535 0.138627 0.968569
vn 0.297607 -0.085931 0.950814
vn 0.258503 0.033808 0.965419
vn 0.138314 -0.026446 0.990035
vn 0.426276 -0.058096 0.902725
vn 0.148694 -0.036172 0.988221
vn 0.398848 -0.065867 0.914649
vn 0.608997 -0.064003 0.790586
vn -0.524973 -0.137417 -0.839952
vn -0.349241 -0.011104 -0.936967
vn -0.486611 -0.016890 -0.873455
vn -0.147129 0.031912 -0.988603
vn 0.491774 0.072792 -0.867675
vn -0.328169 -0.118429 -0.937166
vn -0.327202 0.384123 -0.863359
vn -0.261836 0.244551 -0.933615
vn -0.702320 0.012043 -0.711759
vn 0.080419 -0.010216 0.996709
vn 0.082999 0.005605 0.996534
vn 0.002806 -0.002495 0.999993
vn 0.299223 0.066592 0.951857
vn 0.451779 0.081612 0.888389
vn -0.131802 -0.052959 0.989860
vn -0.147365 -0.057056 0.987435
vn 0.470494 0.032089 0.881820
vn 0.670701 -0.053963 0.739762
vn 0.693975 -0.063525 0.717192
vn 0.472795 -0.002464 0.881169
vn 0.670786 0.025745 0.741204
vn 0.470624 -0.007378 0.882303
vn 0.497291 0.072363 0.864561
vn 0.062031 -0.085166 0.994434
vn 0.280638 -0.121849 0.952048
vn 0.662818 -0.123628 -0.738505
vn 0.290778 0.541960 -0.788497
vn -0.405522 -0.033108 -0.913485
vn -0.287753 0.520831 -0.803700
vn 0.354368 0.500576 -0.789840
vn 0.249991 0.370192 -0.894686
vn 0.130472 0.015354 -0.991333
vn 0.048896 -0.003428 0.998798
vn 0.617766 0.045049 0.785070
vn 0.178945 0.156038 -0.971407
vn -0.015742 -0.109398 -0.993873
vn 0.466484 0.077575 -0.881122
vn -0.744079 0.156610 0.649477
vn -0.562584 0.285525 0.775870
vn -0.668086 0.247719 0.701638
vn -0.554527 0.069938 0.829221
vn -0.227690 0.017183 0.973582
vn -0.198284 -0.100467 0.974982
vn -0.527421 -0.509915 0.679569
vn -0.601686 -0.487406 0.632779
vn -0.023728 0.203694 -0.978747
vn 0.136879 0.187522 -0.972677
vn -0.328641 -0.277287 -0.902833
vn -0.345806 -0.361727 -0.865778
vn 0.126261 -0.694350 -0.708475
vn -0.319365 -0.623632 -0.713505
vn -0.228320 -0.491282 -0.840542
vn -0.073375 0.073800 -0.994570
vn 0.255999 0.089794 -0.962498
vn 0.488230 -0.406097 -0.772474
vn 0.002841 0.474756 -0.880113
vn -0.372224 0.756165 -0.538204
vn -0.274241 0.901485 -0.334838
vn -0.281539 0.872359 -0.399658
vn 0.753729 0.377767 -0.537759
vn 0.642847 0.382764 -0.663505
vn 0.291318 -0.254187 -0.922238
vn 0.548971 0.032074 -0.835225
vn -0.317765 0.811439 -0.490502
vn -0.231323 0.672998 -0.702540
vn 0.031155 0.753327 -0.656907
vn 0.124950 -0.534903 -0.835624
vn -0.070242 -0.325405 -0.942962
vn -0.180176 0.015577 -0.983511
vn -0.426295 -0.093750 0.899713
vn -0.272757 -0.060958 0.960150
vn -0.662378 -0.200878 0.721737
vn -0.011914 0.918507 -0.395226
vn 0.047462 0.911366 -0.408852
vn -0.036837 0.942769 -0.331405
vn 0.032233 0.998545 -0.043241
vn 0.104843 0.992001 0.070295
vn 0.000187 -0.970693 -0.240324
vn 0.018883 -0.993535 -0.111948
vn 0.020942 -0.973805 -0.226417
vn -0.085637 -0.885831 -0.456038
vn 0.299790 0.608384 -0.734843
vn -0.014718 0.998719 0.048421
vn 0.039926 0.993224 -0.109143
vn 0.866923 0.081310 -0.491766
vn 0.875772 0.378020 -0.300207
vn -0.089719 -0.015082 0.995853
vn -0.274136 -0.061575 0.959718
vn -0.178830 -0.278958 0.943505
vn -0.367783 -0.219345 0.903672
vn -0.376748 -0.371419 0.848593
vn -0.490102 -0.028012 0.871215
vn 0.259073 -0.086720 0.961957
vn 0.064103 0.402816 -0.913033
vn 0.068559 0.203930 -0.976582
vn -0.035789 0.211136 -0.976801
vn -0.316147 0.252541 -0.914480
vn 0.037218 -0.305604 -0.951431
vn -0.012794 -0.360157 -0.932804
vn 0.902289 0.426478 0.063170
vn 0.913635 0.336181 0.228588
vn 0.999852 0.010270 -0.013786
vn 0.751352 0.172764 0.636885
vn 0.721580 -0.343527 0.601092
vn 0.934958 0.030128 0.353476
vn 0.818404 -0.504089 0.275878
vn 0.643176 -0.524375 0.557993
vn -0.232358 -0.932697 -0.275835
vn 0.072138 -0.991335 0.109777
vn 0.554368 -0.481014 -0.679192
vn 0.618748 0.262753 -0.740346
vn 0.228638 0.411511 -0.882260
vn 0.249740 0.600897 -0.759311
vn 0.685733 -0.012236 0.727750
vn 0.461676 -0.093333 0.882125
vn 0.645093 -0.319330 0.694179
vn 0.081880 0.296526 -0.951508
vn 0.040140 -0.998686 0.031865
vn 0.146567 -0.984544 0.095870
vn -0.190895 -0.979555 0.063494
vn 0.903445 0.042264 -0.426616
vn -0.315679 0.576990 -0.753279
vn 0.105088 0.232550 -0.966890
vn -0.015707 -0.927264 0.374078
vn 0.191264 0.248460 0.949571
vn -0.169619 -0.031733 0.984999
vn 0.143709 -0.325893 0.934420
vn 0.091734 -0.907528 0.409851
vn -0.000884 -0.867962 0.496629
vn 0.362723 -0.452697 0.814554
vn 0.137526 -0.726484 0.673281
vn -0.121422 0.092198 0.988310
vn 0.039229 -0.577125 0.815713
vn 0.139629 -0.415210 0.898946
vn -0.149678 -0.977922 -0.145828
vn 0.026115 0.284290 0.958383
vn 0.017077 0.031448 0.999359
vn 0.349946 0.107771 0.930550
vn -0.233647 0.322484 0.917286
vn 0.093887 -0.991027 -0.095135
vn 0.041704 -0.997950 0.048551
vn -0.220372 0.312588 -0.923972
vn 0.754005 -0.076655 0.652380
vn 0.171058 0.023524 0.984980
vn 0.097852 -0.024744 0.994893
vn 0.090975 -0.555250 0.826693
vn 0.037617 0.903400 0.427145
vn 0.011894 0.711898 0.702183
vn 0.922093 0.384575 0.042975
vn 0.962506 -0.251756 0.100999
vn 0.875739 -0.476788 0.075862
vn 0.799051 -0.588500 0.123230
vn 0.932142 0.011252 0.361917
vn 0.974855 -0.016191 -0.222251
vn 0.961948 0.050516 0.268522
vn 0.959020 0.040170 0.280476
vn 0.941159 -0.196438 0.275011
vn 0.954127 0.012503 0.299142
vn 0.923885 0.046192 0.379872
vn 0.994762 0.053453 0.087126
vn 0.951599 0.012580 0.307085
vn 0.778210 -0.296787 0.553450
vn 0.794119 -0.419284 0.439972
vn 0.998070 0.044969 0.042827
vn 0.992300 0.120165 0.030013
vn 0.969766 0.123469 0.210498
vn 0.856988 0.313288 0.409171
vn 0.965192 0.137665 0.222381
vn 0.985021 0.061933 -0.160927
vn 0.928577 0.085625 -0.361129
vn 0.965335 0.065720 -0.252606
vn -0.204590 -0.423364 0.882556
vn -0.205472 -0.267737 0.941328
vn -0.127925 0.942069 0.310066
vn -0.148029 0.900588 0.408691
vn -0.217955 -0.138800 0.966039
vn -0.474774 -0.038063 0.879285
vn -0.448947 0.105057 0.887361
vn -0.610063 -0.006537 0.792326
vn 0.350802 0.113303 0.929570
vn 0.320210 0.117133 0.940077
vn 0.335850 0.066536 0.939563
vn 0.229295 -0.095556 0.968655
vn 0.010028 -0.123987 0.992233
vn -0.249053 0.013454 0.968396
vn 0.153547 0.704113 0.693288
vn 0.356575 0.580427 0.732092
vn 0.385801 0.256588 0.886183
vn -0.580998 -0.119435 0.805094
vn -0.612476 -0.092352 0.785076
vn 0.335659 -0.277283 0.900248
vn 0.416702 -0.038771 0.908216
vn 0.139691 -0.260623 0.955281
vn -0.006151 -0.417584 0.908618
vn 0.552558 0.041479 0.832442
vn 0.498768 0.055415 0.864962
vn -0.587893 0.107089 0.801819
vn -0.561049 0.114579 0.819814
vn 0.203837 0.219641 0.954048
vn 0.053795 0.514469 0.855820
vn 0.017483 0.860526 0.509106
vn 0.778062 -0.020130 0.627865
vn -0.080030 -0.441111 -0.893877
vn -0.157004 -0.054184 -0.986111
vn -0.184136 -0.706688 -0.683144
vn 0.124996 -0.519434 -0.845319
vn 0.373856 -0.286482 -0.882134
vn 0.694681 -0.450088 0.561106
vn 0.486887 -0.725403 0.486551
vn 0.634110 -0.676507 0.374490
vn 0.060854 -0.199610 0.977984
vn -0.559357 0.104127 0.822361
vn -0.688392 0.027448 0.724819
vn -0.585676 -0.092753 0.805221
vn -0.632003 0.247142 -0.734502
vn -0.486528 0.179487 -0.855029
vn -0.562624 0.205384 -0.800795
vn 0.146123 -0.286922 0.946744
vn -0.174266 -0.062245 0.982729
vn 0.007765 -0.182906 -0.983100
vn 0.364620 0.352538 -0.861841
vn -0.177618 -0.332747 -0.926138
vn -0.873894 0.076263 -0.480097
vn -0.932291 0.075594 -0.353721
vn -0.715328 -0.338345 -0.611415
vn -0.696312 -0.379852 -0.608984
vn -0.261452 0.478626 -0.838188
vn -0.386822 0.164034 -0.907448
vn -0.731831 0.348502 -0.585635
vn -0.668740 0.404119 -0.624079
vn -0.805556 0.273305 -0.525723
vn 0.558486 -0.447550 -0.698421
vn 0.526819 -0.271508 -0.805448
vn 0.599752 -0.312084 -0.736818
vn -0.430235 0.217511 -0.876120
vn -0.325245 0.231239 -0.916921
vn -0.466798 0.062751 -0.882135
vn -0.496947 0.039156 -0.866897
vn -0.058316 -0.317424 -0.946489
vn 0.008705 0.173419 -0.984810
vn -0.053406 -0.025200 0.998255
vn -0.048664 0.358964 0.932082
vn -0.117017 0.216997 0.969133
vn 0.076019 -0.029976 0.996656
vn 0.037107 -0.003896 0.999304
vn 0.354962 0.872746 0.335136
vn 0.216116 0.926227 0.308864
vn -0.387444 -0.145022 0.910415
vn -0.407621 0.073350 0.910200
vn 0.675308 0.100794 0.730616
vn 0.657009 0.001190 0.753882
vn 0.568068 0.010521 0.822914
vn -0.042380 -0.083477 0.995608
vn -0.008081 -0.066017 0.997786
vn -0.052241 -0.067954 0.996320
vn -0.987638 -0.033203 -0.153193
vn -0.984556 -0.008446 -0.174864
vn -0.970481 0.025543 -0.239822
vn -0.915333 -0.037244 -0.400973
vn -0.935265 -0.045366 -0.351029
vn -0.381345 0.329576 0.863687
vn 0.127700 -0.407264 -0.904339
vn 0.254733 -0.318169 -0.913170
vn 0.650057 0.140018 -0.746874
vn -0.036891 0.640419 -0.767139
vn -0.090000 0.376830 -0.921900
vn -0.223544 0.536929 -0.813471
vn 0.077006 0.987379 0.138392
vn -0.718831 0.019022 -0.694925
vn -0.845245 0.032976 -0.533360
vn -0.774566 0.058809 -0.629753
vn -0.636826 0.001245 -0.771006
vn -0.527440 -0.034867 -0.848876
vn -0.557510 -0.058575 -0.828101
vn -0.263116 0.635577 -0.725818
vn 0.076102 0.129269 -0.988685
vn 0.068018 0.123947 -0.989955
vn 0.305871 -0.035711 -0.951403
vn 0.333613 -0.025042 -0.942377
vn 0.146410 0.069039 -0.986812
vn -0.038505 0.423687 -0.904990
vn -0.077449 0.400167 -0.913164
vn 0.312281 -0.617799 -0.721669
vn 0.488018 -0.402548 -0.774464
vn 0.282899 -0.591394 -0.755130
vn 0.174975 -0.762555 -0.622811
vn 0.076426 -0.824758 -0.560298
vn 0.094043 -0.139986 -0.985677
vn 0.014492 -0.573672 -0.818957
vn -0.187879 0.272025 -0.943771
vn 0.120120 -0.724092 -0.679163
vn 0.124710 -0.000114 -0.992193
vn -0.537068 0.136233 -0.832465
vn -0.235404 0.255800 -0.937631
vn 0.189240 0.165063 -0.967958
vn 0.230366 0.132783 -0.964002
vn 0.203972 0.181894 -0.961930
vn -0.861061 0.104744 -0.497597
vn -0.613207 0.098245 -0.783789
vn -0.793643 0.352477 -0.495874
vn -0.737126 0.472945 -0.482667
vn -0.848336 0.528451 0.032648
vn 0.825068 -0.188657 0.532608
vn 0.293958 0.873613 0.387800
vn 0.383529 0.764151 0.518633
vn 0.687664 0.632142 0.357092
vn -0.131560 -0.831710 0.539398
vn 0.111787 -0.956269 0.270285
vn 0.072571 -0.183039 0.980423
vn 0.174069 -0.045950 0.983661
vn -0.090127 -0.171472 0.981058
vn -0.785664 -0.168133 0.595368
vn -0.933693 0.261254 -0.244877
vn -0.488545 0.244382 -0.837616
vn -0.545918 0.582625 -0.602098
vn 0.422455 0.234976 -0.875396
vn 0.711740 0.372071 -0.595810
vn 0.525496 0.360144 -0.770811
vn 0.612579 -0.307249 -0.728248
vn 0.814318 -0.314189 -0.488027
vn 0.720378 -0.539475 -0.435915
vn -0.274632 -0.041888 -0.960637
vn -0.038871 0.052863 -0.997845
vn 0.184753 0.090485 -0.978611
vn -0.468708 -0.094358 -0.878299
vn -0.667617 0.142883 -0.730665
vn -0.574119 -0.163279 -0.802326
vn -0.002164 -0.246676 -0.969096
vn 0.052313 0.012692 -0.998550
vn -0.057652 -0.226290 -0.972352
vn 0.205647 0.206547 -0.956581
vn 0.041822 0.048933 -0.997926
vn 0.712157 0.024588 0.701589
vn 0.357750 -0.067426 0.931380
vn 0.558257 -0.134734 0.818655
vn -0.211624 0.233305 -0.949097
vn -0.135482 -0.040683 -0.989944
vn -0.267125 0.672107 -0.690592
vn 0.343929 0.813041 -0.469763
vn 0.176470 0.638828 -0.748837
vn 0.262472 0.745937 -0.612116
vn -0.819991 0.299897 -0.487521
vn -0.426737 0.640137 -0.638844
vn -0.355568 0.878085 -0.320216
vn 0.252990 0.151677 -0.955505
vn 0.061290 0.199915 -0.977894
vn -0.666811 -0.329642 -0.668355
vn -0.490048 -0.437780 -0.753792
vn -0.618853 -0.381309 -0.686749
vn -0.918015 0.095571 -0.384857
vn -0.865205 0.034702 -0.500216
vn -0.949951 -0.020475 -0.311729
vn -0.809517 0.114417 -0.575840
vn -0.842050 -0.033353 -0.538368
vn -0.737204 -0.004370 -0.675656
vn -0.876432 0.042070 -0.479685
vn -0.515113 -0.027963 0.856666
vn -0.795747 0.042621 0.604127
vn -0.720887 -0.031316 0.692345
vn -0.963997 0.081196 0.253214
vn -0.926364 0.210231 0.312494
vn -0.575886 -0.019927 0.817287
vn -0.735843 -0.020168 0.676851
vn 0.568307 0.579495 -0.584134
vn 0.706790 0.459656 -0.537739
vn -0.205444 0.094902 -0.974057
vn -0.115441 0.575481 -0.809627
vn -0.275617 -0.393314 0.877120
vn -0.082641 -0.483507 0.871431
vn -0.013890 -0.716212 0.697745
vn -0.377187 0.495811 -0.782241
vn -0.130156 0.331625 -0.934390
vn -0.320367 0.323568 -0.890320
vn -0.272103 0.735985 -0.619909
vn -0.146890 0.683766 -0.714764
vn -0.999742 -0.017706 0.014241
vn -0.968135 -0.054015 0.244534
vn -0.993372 0.032861 0.110150
vn 0.065006 0.060509 -0.996049
vn -0.286939 0.020916 -0.957721
vn -0.379753 0.216133 -0.899485
vn -0.581348 -0.346179 -0.736339
vn -0.562627 -0.409821 -0.717982
vn -0.643817 -0.509139 -0.571207
vn 0.329433 -0.412373 -0.849366
vn 0.293488 -0.293720 -0.909722
vn 0.198994 -0.384008 -0.901631
vn -0.299264 -0.030846 0.953672
vn -0.349571 0.158612 0.923387
vn -0.287234 0.046967 0.956708
vn 0.856272 -0.491717 -0.158155
vn 0.826096 -0.542360 0.153004
vn 0.798518 -0.580710 0.158574
vn -0.193673 -0.858126 -0.475511
vn -0.152373 -0.953278 -0.260850
vn 0.002721 -0.999971 0.007174
vn -0.008406 -0.999568 0.028175
vn -0.531444 0.066634 -0.844468
vn -0.704313 0.709882 -0.003265
vn -0.930073 0.364328 0.047211
vn -0.818755 0.573623 0.024432
vn -0.533981 -0.503086 -0.679535
vn -0.627040 -0.424780 -0.652980
vn -0.174610 -0.484534 -0.857168
vn -0.656715 -0.174806 -0.733600
vn -0.511020 -0.331120 -0.793233
vn 0.509613 -0.242113 -0.825637
vn 0.623239 -0.150977 -0.767319
vn 0.622867 -0.269147 -0.734573
vn 0.504197 -0.141726 -0.851880
vn 0.706398 0.311965 -0.635358
vn 0.816185 0.008302 -0.577731
vn 0.871455 0.029275 -0.489600
vn 0.790330 0.028166 -0.612033
vn 0.311131 -0.898862 -0.308617
vn 0.422756 -0.887783 -0.181986
vn 0.696969 -0.709780 -0.102210
vn 0.721338 -0.663181 -0.199656
vn -0.886347 0.356951 0.294915
vn -0.932185 -0.087444 0.351261
vn -0.944790 -0.040314 -0.325186
vn -0.871389 0.149406 -0.467289
vn -0.060768 0.139819 0.988311
vn -0.146466 0.047700 0.988065
vn -0.179928 0.577953 0.795988
vn -0.506023 0.426637 -0.749615
vn -0.805923 0.317071 -0.499955
vn -0.659471 0.316890 -0.681674
vn -0.734348 0.134604 -0.665293
vn -0.117393 0.526649 -0.841938
vn 0.308583 0.391279 -0.866993
vn 0.060319 0.436722 -0.897572
vn -0.016304 0.507845 -0.861294
vn 0.016406 0.434012 -0.900758
vn 0.163771 0.314607 -0.934988
vn 0.336016 0.458038 -0.822979
vn -0.306209 0.442822 -0.842701
vn -0.469433 0.202596 -0.859411
vn -0.588200 0.104638 -0.801918
vn -0.761052 0.187288 0.621066
vn -0.255787 0.045212 0.965675
vn -0.190570 -0.000027 0.981674
vn -0.591093 0.009323 -0.806550
vn -0.464504 0.020520 -0.885333
vn -0.137259 -0.820548 -0.554852
vn -0.102515 -0.788918 -0.605888
vn -0.109933 -0.777374 -0.619358
vn 0.943026 0.229727 0.240682
vn -0.973033 -0.073388 0.218682
vn -0.582768 0.764127 -0.276571
vn -0.421535 -0.057346 -0.904997
vn -0.729521 0.623010 -0.282238
vn -0.459774 0.880723 -0.113730
vn -0.244897 0.085350 0.965785
vn 0.641152 0.017123 0.767223
vn 0.433471 0.322301 0.841561
vn 0.392960 -0.166380 0.904379
vn -0.055400 0.716162 0.695732
vn 0.234875 0.354343 0.905138
vn 0.147424 0.433007 0.889253
vn 0.387308 0.135282 -0.911971
vn 0.168084 0.202350 -0.964781
vn 0.263274 0.397545 -0.879002
vn -0.740478 -0.576428 -0.345576
vn -0.956277 0.291292 -0.026150
vn 0.722078 0.687971 -0.072801
vn 0.308195 0.941867 0.133804
vn 0.955858 0.246779 0.159483
vn 0.942747 -0.023627 0.332670
vn 0.284702 0.952223 0.110529
vn 0.704031 0.700089 0.119228
vn 0.000705 0.998306 0.058177
vn 0.011045 0.991406 -0.130352
vn -0.007053 0.991981 -0.126194
vn 0.005286 0.990136 -0.140012
vn 0.143175 0.989151 -0.032891
vn -0.992727 -0.120004 -0.009618
vn -0.992058 -0.113250 0.054734
vn -0.994745 0.037513 0.095264
vn -0.978909 0.025918 0.202646
vn -0.011540 0.953400 -0.301489
vn -0.011570 0.817303 -0.576092
vn 0.049158 0.126875 -0.990700
vn 0.371092 0.331632 -0.867359
vn 0.548979 0.356552 -0.755972
vn 0.618105 0.005043 -0.786079
vn 0.160449 0.273982 -0.948256
vn 0.386213 0.083397 -0.918632
vn 0.136638 0.399996 -0.906275
vn 0.205502 0.342629 -0.916719
vn 0.029929 0.506952 -0.861454
vn -0.806825 -0.012726 -0.590654
vn -0.344020 -0.500018 -0.794753
vn -0.742760 -0.129663 -0.656883
vn -0.734995 -0.261074 -0.625798
vn -0.491762 0.048806 -0.869361
vn 0.238748 -0.288915 -0.927107
vn 0.077367 -0.714565 -0.695278
vn 0.146502 -0.679566 -0.718838
vn -0.961222 0.246227 -0.124199
vn -0.990848 0.118031 -0.065496
vn -0.984518 0.138873 0.106953
vn -0.891834 0.018306 0.451992
vn -0.823484 0.050409 0.565096
vn -0.854734 0.169097 0.490750
vn -0.225185 0.258682 -0.939348
vn -0.988965 -0.097119 0.111877
vn -0.688262 -0.008894 -0.725408
vn 0.178198 0.072802 0.981298
vn 0.701204 0.173748 0.691466
vn 0.593248 0.166506 0.787612
vn -0.506864 -0.859161 -0.070220
vn -0.357867 -0.913330 -0.194319
vn -0.045428 0.122489 0.991430
vn 0.135800 0.203119 0.969691
vn 0.187792 0.144940 0.971456
vn 0.188299 -0.007127 0.982086
vn 0.316359 -0.948438 -0.019552
vn 0.557864 -0.826552 0.074832
vn 0.322297 0.326284 -0.888630
vn 0.179568 0.335263 -0.924854
vn 0.910239 -0.291379 0.294216
vn 0.956749 -0.242457 0.160764
vn 0.946486 0.067382 0.315633
vn -0.546479 -0.452478 -0.704716
vn 0.131724 0.256310 0.957577
vn 0.142229 0.262949 0.954269
vn 0.488688 0.432425 -0.757755
vn 0.423071 0.511455 -0.747947
vn 0.051473 -0.599476 0.798736
vn 0.254176 -0.962516 0.094639
vn 0.103943 -0.961981 0.252562
vn -0.185941 -0.745487 0.640059
vn 0.056435 -0.883122 0.465737
vn 0.268657 -0.763282 0.587557
vn 0.442025 -0.033931 0.896361
vn -0.221546 0.443547 0.868437
vn 0.491444 -0.179102 -0.852294
vn 0.154385 -0.131964 -0.979158
vn 0.553557 -0.211586 -0.805485
vn 0.305594 0.470521 -0.827782
vn 0.019185 0.310178 -0.950485
vn 0.184476 0.373500 -0.909102
vn 0.376629 0.173910 -0.909893
vn 0.015221 0.190776 -0.981516
vn 0.066679 0.346274 -0.935761
vn 0.005555 0.745863 -0.666076
vn 0.074466 -0.980866 0.179881
vn 0.262888 -0.809917 0.524332
vn 0.365478 -0.516552 0.774338
vn -0.083734 -0.140738 0.986500
vn 0.193254 -0.016302 0.981013
vn 0.236902 -0.015908 0.971403
vn 0.967184 -0.243178 0.073614
vn 0.882370 -0.276154 0.381002
vn 0.951139 -0.304522 0.050996
vn 0.752645 -0.637238 0.165691
vn 0.645473 -0.739053 0.192784
vn 0.366117 -0.059065 0.928693
vn 0.351455 0.092101 0.931664
vn 0.393241 0.063269 0.917256
vn 0.492304 0.431683 0.755835
vn 0.329067 0.476499 0.815269
vn 0.160928 0.196107 -0.967287
vn 0.227036 0.235768 -0.944917
vn 0.339257 -0.204442 0.918209
vn 0.265165 -0.438378 0.858785
vn -0.861769 -0.321388 -0.392510
vn -0.738047 -0.606820 -0.295052
vn -0.556457 -0.792392 -0.249941
vn 0.015285 0.011130 0.999821
vn 0.329052 0.094859 0.939535
vn -0.468560 -0.154785 0.869766
vn 0.353405 -0.675793 0.646846
vn -0.398726 -0.291381 0.869549
vn 0.094346 -0.985261 0.142684
vn -0.047344 -0.209862 0.976584
vn 0.026752 0.047144 0.998530
vn -0.390424 -0.368704 0.843580
vn 0.106302 0.365083 0.924886
vn 0.153200 0.284135 0.946466
vn 0.266690 0.269405 0.925363
vn -0.195419 0.767641 0.610360
vn -0.393029 -0.037374 0.918766
vn -0.415948 0.888789 0.192461
vn -0.010011 0.639650 0.768601
vn 0.170104 0.044583 0.984417
vn -0.253730 0.853496 0.455154
vn -0.421123 -0.124345 0.898440
vn -0.640936 0.292714 0.709591
vn 0.258207 0.450989 -0.854365
vn 0.524475 0.065418 -0.848909
vn -0.135450 -0.926050 -0.352256
vn -0.142709 -0.070410 0.987257
vn -0.491215 -0.717365 -0.494060
vn -0.660907 -0.664856 -0.348092
vn -0.794963 -0.510272 -0.328111
vn -0.605704 -0.596696 -0.526381
vn -0.579511 0.511201 -0.634697
vn -0.171062 0.492897 -0.853106
vn 0.240828 -0.274233 -0.931020
vn -0.268946 0.010766 0.963095
vn 0.142216 0.167999 0.975475
vn -0.274569 -0.361967 0.890838
vn -0.577978 -0.283658 0.765167
vn 0.641270 -0.081950 0.762927
vn 0.959876 0.032613 0.278522
vn 0.839393 0.032038 0.542581
vn 0.009156 -0.901729 -0.432206
vn -0.070324 0.580167 -0.811456
vn 0.191862 0.593648 -0.781519
vn -0.057030 -0.060524 -0.996536
vn -0.396753 0.070047 -0.915249
vn -0.188793 0.231496 -0.954341
vn 0.019714 0.991553 -0.128195
vn -0.014673 0.908517 -0.417591
vn 0.045114 0.998040 -0.043376
vn -0.355568 -0.408408 0.840699
vn -0.660695 -0.281065 0.696049
vn -0.427203 -0.339683 0.837922
vn -0.481223 0.208198 0.851515
vn -0.275516 0.172438 0.945704
vn -0.025359 -0.140718 -0.989725
vn -0.095417 0.313976 -0.944624
vn -0.208010 -0.609696 -0.764855
vn -0.185678 -0.543190 -0.818821
vn 0.017433 -0.498096 0.866947
vn -0.284688 -0.312055 0.906407
vn -0.149156 -0.356770 0.922208
vn 0.561471 0.118797 0.818924
vn 0.708029 0.053676 0.704140
vn 0.278808 0.960076 0.022804
vn 0.386705 0.922203 0.000536
vn 0.357737 0.932156 0.055763
vn 0.259999 0.960643 0.097805
vn 0.395234 -0.306254 -0.866025
vn 0.280979 -0.298024 -0.912268
vn 0.031939 0.950683 -0.308515
vn 0.280442 0.927740 -0.246274
vn -0.865734 0.132398 -0.482676
vn -0.551054 -0.326247 -0.768051
vn -0.401408 -0.216900 -0.889846
vn -0.521247 -0.360196 -0.773667
vn 0.139618 0.247609 0.958747
vn 0.593799 0.288889 0.750963
vn 0.388446 0.247322 0.887661
vn 0.116530 -0.796995 0.592638
vn 0.227688 -0.829594 0.509834
vn -0.451067 0.018034 -0.892308
vn -0.431301 -0.160454 -0.887826
vn -0.778578 0.034739 -0.626585
vn -0.854552 -0.094632 -0.510671
vn -0.874741 -0.058477 -0.481050
vn 0.202259 -0.079178 0.976126
vn 0.534149 -0.219259 0.816462
vn 0.599429 -0.159035 0.784469
vn 0.777213 0.044860 0.627637
vn -0.174661 -0.305949 -0.935889
vn -0.146166 -0.466372 -0.872429
vn -0.076909 -0.820336 -0.566686
vn -0.019140 -0.768788 -0.639217
vn -0.749648 0.233290 -0.619358
vn -0.560249 0.010413 -0.828259
vn -0.467993 -0.131461 -0.873900
vn -0.045312 -0.388619 -0.920284
vn -0.354996 -0.274203 0.893751
vn -0.641818 -0.454905 0.617359
vn 0.074955 -0.262552 0.962002
vn 0.077757 -0.247330 0.965806
vn 0.003339 -0.257214 0.966349
vn -0.191688 0.612766 0.766664
vn -0.418403 0.370249 0.829370
vn 0.395027 0.740694 0.543440
vn 0.346546 0.875691 0.336260
vn 0.327946 0.896092 0.299118
vn 0.267540 0.950866 0.155810
vn -0.314531 0.137537 -0.939231
vn -0.875667 -0.000092 -0.482915
vn -0.706146 -0.000470 -0.708066
vn 0.107306 0.139005 -0.984461
vn -0.129871 0.144945 -0.980879
vn 0.037689 -0.277645 -0.959944
vn -0.932685 0.347937 -0.095069
vn -0.981455 0.023798 -0.190208
vn -0.981730 -0.094300 0.165269
vn 0.023785 -0.802990 -0.595518
vn 0.075514 -0.604513 -0.793008
vn -0.012128 -0.940851 -0.338602
vn 0.001225 -0.999261 -0.038423
vn 0.986160 0.114005 -0.120380
vn 0.998146 -0.055018 -0.026032
vn 0.948187 0.013438 0.317429
vn 0.310484 0.520632 -0.795325
vn -0.208280 -0.609681 -0.764793
vn 0.823909 -0.302169 0.479445
vn 0.698100 -0.589989 0.405672
vn 0.863422 -0.504073 -0.020338
vn -0.177867 -0.970706 -0.161536
vn 0.923405 -0.168174 0.345023
vn 0.178308 0.358792 -0.916229
vn 0.411634 0.344242 -0.843834
vn 0.565217 -0.820923 0.081329
vn 0.541060 -0.793785 -0.277777
vn 0.345712 -0.005302 0.938326
vn 0.399885 0.069087 0.913958
vn 0.328668 0.074738 0.941484
vn 0.435763 0.087080 0.895839
vn 0.541527 0.069775 0.837783
vn 0.651517 0.034646 0.757843
vn -0.368381 0.369603 0.853047
vn -0.144271 -0.885872 -0.440928
vn -0.038146 -0.828327 -0.558945
vn -0.734286 -0.213790 -0.644297
vn -0.906743 -0.337788 -0.252423
vn 0.092783 -0.986178 0.137272
vn 0.465177 -0.875253 0.132444
vn -0.083068 -0.986059 0.144178
vn -0.087602 -0.917930 0.386951
vn -0.655496 -0.178166 -0.733881
vn -0.572200 0.066953 -0.817377
vn -0.189486 0.189618 -0.963400
vn -0.319458 0.337918 -0.885301
vn -0.749861 -0.258164 0.609147
vn -0.911743 -0.042662 -0.408538
vn -0.898794 -0.024770 -0.437670
vn -0.895894 0.002030 -0.444263
vn 0.449467 -0.181239 -0.874718
vn 0.396663 -0.145916 -0.906293
vn -0.162153 0.780524 -0.603729
vn -0.065815 0.909842 -0.409702
vn 0.041700 0.997763 -0.052249
vn 0.001827 0.994554 -0.104203
vn 0.189244 0.577400 0.794227
vn -0.663655 0.445526 -0.600890
vn -0.831549 -0.251763 -0.495118
vn -0.259215 -0.552422 -0.792236
vn -0.841227 -0.112691 -0.528807
vn 0.241936 -0.398009 0.884904
vn -0.118571 0.569349 0.813500
vn -0.544724 -0.794595 0.268131
vn -0.493187 -0.846823 0.199140
vn -0.194166 -0.169708 -0.966177
vn 0.052697 0.997870 0.038445
vn -0.079832 0.996158 -0.036001
vn 0.057149 0.998162 -0.020168
vn -0.072299 0.995666 0.058494
vn 0.014098 0.998212 0.058094
vn 0.036876 0.981044 0.190242
vn -0.140590 0.024368 -0.989768
vn 0.687311 -0.211054 -0.695026
vn -0.175527 -0.254505 -0.951009
vn -0.472819 -0.421529 -0.773793
vn -0.385097 0.358339 0.850467
vn -0.346205 0.194199 0.917839
vn 0.426641 0.239539 -0.872123
vn -0.239610 -0.602193 -0.761545
vn -0.149150 -0.389448 -0.908892
vn -0.715878 0.476523 -0.510337
vn -0.789960 0.576616 -0.208513
vn 0.961414 0.059080 -0.268687
vn 0.998958 0.027317 -0.036560
vn 0.984782 0.173551 0.009244
vn 0.978442 0.062083 0.196970
vn 0.989444 0.046372 0.137293
vn 0.961771 0.147171 0.230946
vn 0.556600 0.829479 0.046481
vn -0.743689 0.138423 -0.654038
vn 0.589836 -0.160046 -0.791504
vn 0.438438 -0.333761 -0.834491
vn -0.841185 0.284569 0.459814
vn -0.871050 0.415517 0.261950
vn -0.890182 0.440290 -0.117131
vn -0.942093 0.332375 -0.044576
vn -0.436092 0.114556 0.892581
vn -0.476970 -0.075437 0.875676
vn -0.541053 -0.147456 0.827960
vn -0.162578 -0.168239 0.972247
vn -0.560279 -0.168533 -0.810977
vn -0.434332 0.294180 -0.851360
vn 0.782753 -0.346505 -0.516946
vn 0.826935 0.465568 -0.315318
vn -0.246682 0.030775 -0.968608
vn -0.320291 0.353151 -0.879032
vn -0.156052 0.329801 -0.931064
vn 0.009484 0.447966 -0.894000
vn -0.052014 0.096994 -0.993925
vn 0.195883 0.293582 -0.935649
vn 0.216294 0.974764 0.055253
vn 0.135857 0.989636 0.046518
vn -0.662126 0.183359 -0.726615
vn -0.909058 0.142583 -0.391515
vn 0.345208 0.281552 0.895299
vn 0.171337 -0.514506 0.840195
vn 0.001934 -0.570149 0.821539
vn -0.059216 -0.533487 -0.843733
vn -0.414775 -0.084052 0.906034
vn -0.100594 -0.148278 0.983816
vn -0.253597 0.863027 -0.436889
vn -0.101325 0.784716 -0.611518
vn 0.538510 0.171141 0.825056
vn 0.512479 0.608905 0.605476
vn -0.944557 0.047310 -0.324921
vn -0.939494 0.140419 -0.312463
vn -0.972104 -0.037208 -0.231578
vn -0.944043 -0.023385 -0.328992
vn -0.348148 -0.050123 0.936099
vn -0.123392 -0.147574 0.981324
vn -0.173636 0.019640 0.984614
vn -0.211332 -0.001081 0.977414
vn -0.003839 -0.012331 0.999917
vn 0.140699 0.039332 0.989271
vn 0.044207 0.998886 0.016506
vn 0.026647 0.927698 0.372379
vn -0.092142 0.785571 -0.611872
vn -0.048570 0.636837 -0.769467
vn 0.104429 0.979854 -0.170238
vn 0.039666 0.926915 -0.373170
vn -0.714308 -0.106554 -0.691672
vn -0.856252 -0.074111 -0.511214
vn -0.989012 -0.054896 -0.137264
vn -0.197097 0.397796 -0.896053
vn -0.249537 -0.251921 -0.935022
vn -0.375666 -0.190755 -0.906911
vn -0.580667 0.321893 0.747804
vn -0.737575 0.256161 -0.624792
vn -0.610834 0.290516 -0.736534
vn -0.669032 0.631821 -0.391405
vn -0.598484 0.172813 -0.782274
vn -0.190467 0.363103 -0.912074
vn -0.153149 0.233514 -0.960217
vn -0.295598 0.141331 -0.944800
vn 0.014852 0.351916 -0.935914
vn -0.463385 -0.185867 -0.866445
vn -0.138299 -0.290908 -0.946703
vn 0.937044 0.304210 0.171480
vn -0.485017 0.312721 0.816679
vn -0.463342 0.262952 0.846269
vn -0.407364 0.183435 0.894654
vn -0.893758 0.179659 -0.410999
vn -0.924064 -0.056292 -0.378070
vn -0.845730 -0.455397 -0.278125
vn -0.819508 -0.317375 -0.477159
vn -0.784040 -0.346179 -0.515209
vn -0.918293 0.196567 -0.343655
vn -0.842738 -0.164341 -0.512625
vn -0.596801 -0.250001 -0.762449
vn -0.368683 -0.192249 -0.909457
vn 0.938071 0.180075 -0.295965
vn 0.765382 -0.043908 -0.642077
vn -0.284669 0.259704 0.922777
vn -0.399378 0.323991 0.857629
vn -0.294886 0.093418 0.950955
vn -0.339533 0.063886 0.938422
vn 0.035569 0.054251 0.997894
vn -0.473124 -0.150920 0.867973
vn 0.270643 0.015780 0.962551
vn 0.493175 0.509189 0.705340
vn 0.533471 0.424168 0.731772
vn 0.763656 -0.187839 0.617695
vn 0.533245 0.487787 0.691168
vn 0.706056 0.320224 0.631618
vn 0.554617 0.592339 0.584410
vn 0.752369 0.390801 0.530297
vn 0.031450 -0.230603 0.972540
vn 0.237493 -0.074862 0.968500
vn -0.239009 -0.091177 0.966727
vn -0.233576 -0.153586 0.960132
vn 0.031097 0.430092 0.902249
vn -0.010249 -0.464450 0.885540
vn 0.135769 -0.463158 0.875815
vn 0.265977 -0.129653 0.955220
vn 0.098390 -0.702207 -0.705142
vn 0.116288 -0.053411 0.991778
vn -0.392819 -0.099802 0.914184
vn -0.234590 -0.229513 0.944612
vn -0.085088 -0.267330 0.959841
vn -0.086366 -0.995372 0.042128
vn -0.278035 -0.413445 0.867041
vn 0.527419 -0.123723 -0.840549
vn -0.630726 -0.001412 0.776005
vn -0.458526 0.212174 0.862981
vn -0.041362 0.383188 0.922744
vn 0.835809 0.198886 0.511730
vn 0.814593 -0.146493 0.561230
vn 0.501309 -0.011053 0.865198
vn 0.911405 -0.121068 0.393299
vn -0.634079 -0.126113 -0.762915
vn -0.753162 0.065945 -0.654521
vn -0.740811 -0.018901 -0.671447
vn 0.314644 -0.388767 0.865944
vn -0.141720 -0.620715 0.771122
vn -0.271096 -0.493217 0.826586
vn -0.389704 -0.142860 0.909792
vn -0.294451 0.031322 0.955153
vn -0.988687 0.007542 0.149804
vn -0.457045 0.082259 -0.885631
vn -0.603396 0.143736 -0.784381
vn -0.353452 0.916088 -0.189352
vn -0.540059 0.841364 -0.021071
vn -0.174528 0.977288 -0.120200
vn 0.072606 0.992639 0.096936
vn -0.052379 0.997443 -0.048619
vn 0.487934 -0.294868 0.821568
vn 0.556556 0.096497 0.825187
vn -0.966259 -0.028138 -0.256033
vn -0.946377 -0.017911 -0.322569
vn -0.984406 -0.037368 -0.171896
vn 0.083986 -0.084723 0.992859
vn -0.762744 -0.040665 -0.645420
vn -0.905972 -0.233192 -0.353323
vn -0.765548 -0.182505 -0.616951
vn -0.822087 -0.107396 -0.559142
vn -0.800567 -0.169337 -0.574819
vn -0.729445 -0.074505 -0.679970
vn -0.970179 0.199041 0.138332
vn -0.880928 -0.282774 0.379481
vn -0.783821 -0.408872 0.467385
vn -0.979777 -0.179082 -0.089259
vn -0.993335 -0.112334 -0.025824
vn -0.106639 -0.007276 -0.994271
vn -0.070244 -0.798806 -0.597473
vn 0.127540 0.356256 -0.925643
vn 0.442299 -0.086986 0.892639
vn 0.947665 -0.037189 0.317093
vn 0.951428 0.088117 0.294993
vn 0.436108 0.124288 -0.891270
vn -0.135583 0.564398 -0.814292
vn 0.398240 0.705770 -0.585912
vn 0.454750 0.477990 -0.751484
vn -0.125633 0.209073 0.969796
vn -0.572800 -0.323472 -0.753171
vn -0.353935 -0.055900 -0.933598
vn -0.196423 0.162089 -0.967029
vn -0.112655 0.261471 -0.958615
vn -0.328687 0.309280 -0.892362
vn 0.038494 -0.078765 -0.996150
vn 0.222118 0.025398 -0.974689
vn 0.260938 0.005835 -0.965338
vn 0.532499 -0.551657 -0.641966
vn 0.409839 -0.160358 -0.897952
vn 0.407656 -0.403618 -0.819091
vn -0.948630 -0.121210 0.292248
vn -0.983161 0.165324 -0.077859
vn -0.919682 0.168857 -0.354503
vn -0.323588 0.216699 0.921050
vn -0.312247 0.105880 -0.944082
vn -0.103613 -0.486193 -0.867687
vn 0.922380 0.084154 -0.377006
vn 0.998906 0.046091 0.007882
vn -0.176999 0.345740 -0.921485
vn -0.193532 0.298095 -0.934711
vn 0.340888 0.176065 -0.923470
vn -0.127462 0.990895 -0.043358
vn 0.007914 0.993826 -0.110666
vn 0.092327 0.991277 -0.094048
vn 0.125639 0.985402 0.114886
vn 0.064552 0.980558 0.185309
vn 0.036686 -0.931359 0.362248
vn 0.045290 -0.145172 0.988369
vn 0.024681 -0.578936 0.814999
vn -0.003892 -0.509613 -0.860395
vn -0.015691 -0.435728 -0.899941
vn 0.208688 -0.245251 -0.946732
vn 0.357387 0.205936 -0.910969
vn 0.267696 0.332359 -0.904365
vn -0.977482 -0.021684 -0.209900
vn -0.776154 0.501561 -0.382128
vn -0.839167 0.210013 -0.501691
vn -0.884934 0.434251 -0.168280
vn -0.695279 0.434676 -0.572401
vn -0.084678 -0.518694 0.850757
vn 0.015749 -0.032200 0.999357
vn 0.423349 0.343657 -0.838257
vn -0.120737 0.705727 -0.698121
vn -0.075833 0.501256 -0.861970
vn -0.030649 0.071720 -0.996954
vn 0.104764 0.065643 -0.992328
vn 0.398736 -0.287719 -0.870763
vn 0.154018 -0.432627 0.888320
vn 0.061817 -0.807090 0.587184
vn 0.642455 0.029025 0.765774
vn 0.942583 0.170361 0.287252
vn 0.893549 0.309311 0.325419
vn 0.996987 -0.035643 0.068896
vn 0.863702 0.171319 0.473993
vn 0.990662 0.126430 0.051030
vn 0.932614 0.054337 0.356761
vn 0.609170 0.602602 0.515542
vn -0.056375 -0.049366 0.997189
vn 0.278991 -0.235397 0.930995
vn 0.269170 -0.205386 0.940938
vn 0.371709 -0.023463 0.928053
vn -0.948196 -0.023005 -0.316851
vn -0.897713 0.151461 -0.413727
vn -0.978941 0.045134 -0.199092
vn -0.961035 0.227546 -0.156953
vn -0.978842 0.103440 -0.176548
vn -0.857559 0.134876 0.496389
vn 0.222355 0.173761 -0.959357
vn 0.381077 0.228327 -0.895906
vn -0.570789 -0.787841 -0.231315
vn -0.111905 -0.702529 -0.702802
vn -0.496076 -0.452664 -0.740948
vn -0.052121 0.043893 -0.997676
vn -0.144001 -0.200008 -0.969155
vn -0.314899 -0.118937 -0.941644
vn -0.233423 0.137118 -0.962659
vn -0.214939 -0.399492 -0.891183
vn 0.193094 -0.389831 -0.900415
vn 0.204673 -0.226659 -0.952226
vn -0.003471 -0.151054 -0.988519
vn 0.006615 -0.277138 -0.960807
vn 0.069083 -0.228070 -0.971191
vn 0.728561 -0.183551 0.659930
vn 0.007698 0.999069 -0.042445
vn 0.014239 0.993543 0.112563
vn -0.008615 -0.037978 -0.999241
vn -0.553146 -0.052531 -0.831426
vn -0.556100 0.035486 -0.830358
vn -0.725350 0.152081 -0.671371
vn -0.847364 0.058625 -0.527766
vn -0.621459 0.018025 -0.783239
vn -0.802880 0.459872 0.379343
vn -0.762955 0.591687 0.260396
vn -0.750670 0.593030 0.291221
vn -0.837352 0.146836 0.526574
vn 0.124733 -0.147542 -0.981159
vn 0.725438 -0.130326 -0.675836
vn -0.472378 -0.124394 -0.872574
vn -0.795762 -0.033225 -0.604697
vn -0.775539 0.015417 -0.631112
vn 0.889523 0.318312 -0.327760
vn 0.975254 0.133224 -0.176440
vn 0.748888 0.201359 -0.631364
vn 0.857767 -0.048329 -0.511761
vn 0.659726 0.450433 -0.601557
vn 0.893750 0.294448 -0.338396
vn 0.500880 -0.245049 -0.830103
vn -0.215018 -0.328143 0.919831
vn -0.513168 -0.245549 0.822414
vn -0.865794 0.178068 -0.467647
vn -0.337090 -0.069839 0.938879
vn -0.750936 -0.047738 -0.658647
vn -0.635984 0.382784 -0.670075
vn -0.767081 -0.047193 -0.639812
vn -0.213712 0.015596 -0.976772
vn -0.204776 0.266827 -0.941738
vn -0.007977 0.372940 -0.927821
vn 0.993152 -0.058792 -0.100964
vn 0.935285 -0.289591 0.203419
vn 0.945874 -0.040695 -0.321974
vn -0.990092 -0.126293 -0.061390
vn -0.993942 0.089610 0.063643
vn -0.019767 -0.096209 -0.995165
vn -0.083349 -0.806412 0.585451
vn -0.860486 -0.157121 -0.484641
vn -0.506351 0.685602 -0.523028
vn 0.398511 0.007693 -0.917131
vn 0.480585 0.052652 -0.875366
vn -0.017372 0.186565 0.982289
vn 0.370626 0.278045 0.886187
vn 0.201859 0.127640 -0.971062
vn 0.296590 0.074136 -0.952123
vn 0.308925 0.912586 0.267867
vn 0.890236 0.404817 0.208815
vn 0.864676 0.501713 -0.024879
vn -0.776803 -0.121474 -0.617917
vn -0.588044 -0.087631 -0.804068
vn -0.478374 -0.029413 -0.877664
vn -0.726078 -0.004258 -0.687599
vn -0.435737 -0.120961 0.891909
vn -0.522236 -0.330956 0.785963
vn -0.988261 -0.016571 -0.151875
vn -0.995460 -0.091532 0.026096
vn -0.989021 -0.061233 0.134489
vn -0.657305 0.240861 -0.714098
vn -0.681398 0.248028 -0.688607
vn -0.838995 0.033617 -0.543099
vn -0.702011 0.070505 -0.708667
vn -0.610352 0.241693 -0.754358
vn -0.433036 0.116610 -0.893802
vn -0.516407 0.372101 -0.771275
vn 0.979967 -0.020304 0.198124
vn 0.883021 -0.010675 0.469212
vn 0.956354 -0.047259 0.288363
vn 0.205770 0.040693 -0.977754
vn -0.937793 0.006334 -0.347137
vn -0.948802 0.078486 -0.305965
vn -0.522295 -0.685303 -0.507512
vn -0.942468 -0.096706 -0.320004
vn -0.899697 0.115079 -0.421074
vn -0.826092 -0.025286 -0.562967
vn -0.351794 -0.287222 -0.890924
vn 0.161073 0.978196 -0.131102
vn 0.204781 0.970972 -0.123602
vn -0.394923 0.163855 -0.903984
vn -0.122100 -0.026970 -0.992151
vn -0.827203 -0.162203 -0.537983
vn -0.844637 -0.029370 -0.534533
vn -0.781034 -0.590012 -0.204625
vn -0.900744 -0.378995 -0.212187
vn 0.749657 -0.039875 0.660624
vn -0.302682 -0.019180 -0.952899
vn -0.310396 -0.120598 -0.942927
vn -0.447340 -0.028392 -0.893913
vn -0.505920 0.050982 -0.861073
vn -0.484259 0.129973 -0.865217
vn -0.628565 0.332074 0.703301
vn -0.742243 0.237096 0.626787
vn -0.085284 -0.018735 -0.996181
vn 0.053020 -0.080663 -0.995330
vn -0.177752 -0.029736 -0.983626
vn 0.115934 0.505384 -0.855071
vn 0.361352 0.868971 -0.338103
vn -0.203277 -0.596364 0.776549
vn -0.397866 -0.694473 0.599508
vn -0.530034 -0.522720 0.667704
vn -0.564631 -0.493513 0.661541
vn 0.849258 0.299053 0.435119
vn 0.984164 0.049283 0.170270
vn 0.810856 0.153380 0.564790
vn -0.972725 0.019967 -0.231101
vn -0.960846 0.037069 -0.274592
vn -0.806434 0.304703 -0.506775
vn 0.000020 -0.091882 -0.995770
vn 0.316091 0.589629 -0.743252
vn 0.664709 -0.354357 0.657718
vn 0.533601 -0.230568 0.813700
vn -0.073424 -0.063471 0.995279
vn -0.379108 -0.044715 0.924271
vn 0.946910 0.234109 -0.220351
vn 0.785611 0.175617 -0.593274
vn 0.578272 -0.323720 -0.748870
vn 0.487781 -0.371961 -0.789756
vn 0.504632 -0.245691 -0.827637
vn 0.596299 -0.033661 0.802057
vn -0.115100 0.989128 -0.091527
vn -0.098159 0.104594 0.989659
vn -0.070632 -0.002265 0.997500
vn -0.805473 0.043409 -0.591041
vn 0.129259 -0.503781 -0.854106
vn -0.292884 -0.156190 -0.943305
vn -0.302932 -0.369320 -0.878541
vn -0.455418 -0.504674 -0.733415
vn 0.046493 0.993829 0.100713
vn -0.011859 0.827040 0.562018
vn -0.157833 0.959545 0.233157
vn -0.094214 0.991766 0.086743
vn 0.089343 0.704308 0.704250
vn 0.031396 0.854973 0.517722
vn 0.556629 -0.225671 -0.799523
vn 0.143919 -0.153269 -0.977648
vn -0.784886 0.230810 -0.575048
vn 0.356104 0.031776 0.933906
vn -0.621343 -0.078738 -0.779573
vn -0.736891 -0.008392 -0.675960
vn 0.086421 0.097100 -0.991515
vn 0.096327 0.069209 -0.992941
vn -0.238200 0.249628 -0.938588
vn -0.012813 0.051598 -0.998586
vn 0.272608 -0.548413 -0.790524
vn -0.366453 -0.524536 -0.768488
vn 0.207792 -0.952224 -0.223814
vn 0.462991 -0.018573 0.886169
vn -0.146440 -0.005505 0.989204
vn -0.281380 -0.020420 0.959379
vn 0.240794 -0.024841 0.970258
vn 0.129489 -0.251658 0.959115
vn 0.004008 0.999584 -0.028577
vn -0.021158 0.999680 -0.013839
vn 0.039095 0.997370 0.061026
vn -0.000194 0.985741 0.168267
vn -0.303117 -0.723886 -0.619765
vn 0.112053 -0.568599 -0.814948
vn -0.285937 -0.408193 -0.866959
vn -0.100686 -0.517205 -0.849919
vn -0.005594 -0.929791 0.368045
vn 0.057883 -0.636045 0.769478
vn 0.663613 -0.305562 0.682825
vn 0.618026 0.144010 0.772855
vn 0.705326 -0.460452 0.538980
vn -0.860850 -0.115531 0.495571
vn -0.872256 -0.046207 0.486863
vn -0.115090 0.326397 0.938200
vn -0.252747 0.215322 0.943269
vn -0.205948 -0.043502 0.977596
vn -0.456816 0.276270 -0.845573
vn -0.349343 -0.019409 -0.936794
vn 0.394827 0.461364 -0.794516
vn 0.350428 0.423356 -0.835446
vn -0.214653 -0.658146 -0.721643
vn -0.137362 -0.624999 -0.768445
vn 0.018458 -0.000565 -0.999830
vn 0.207060 -0.234957 -0.949695
vn 0.345329 -0.251844 -0.904059
vn -0.930172 0.004968 0.367089
vn 0.377670 0.925865 0.011830
vn -0.236415 0.268819 -0.933726
vn -0.006677 0.779046 0.626932
vn 0.110436 0.251062 0.961651
vn -0.048849 0.805738 0.590255
vn -0.037902 0.457734 0.888281
vn -0.117662 0.707387 0.696964
vn -0.094883 0.986401 -0.134205
vn -0.285214 0.786486 -0.547807
vn -0.239963 0.025191 0.970455
vn -0.083551 -0.433109 0.897461
vn 0.469194 -0.267003 0.841764
vn -0.916861 0.145501 -0.371748
vn -0.938465 0.133536 -0.318516
vn 0.853718 0.034189 0.519613
vn -0.045504 -0.116505 0.992147
vn 0.129685 0.164657 0.977788
vn 0.040303 0.067583 0.996899
vn -0.300902 -0.057945 -0.951893
vn -0.290726 -0.037698 -0.956064
vn 0.735261 0.035061 0.676877
vn 0.683215 -0.099272 0.723438
vn 0.921871 0.312692 0.228861
vn 0.974632 0.138894 0.175504
vn -0.939353 0.318497 -0.127183
vn -0.054122 0.958246 0.280776
vn 0.002658 0.813639 0.581365
vn 0.049142 0.634887 0.771041
vn 0.700534 0.019278 0.713359
vn 0.381082 0.031153 0.924016
vn -0.893785 -0.321796 -0.312402
vn 0.048072 -0.015645 -0.998721
vn -0.736007 -0.293857 -0.609871
vn 0.257239 0.368216 -0.893446
vn 0.416509 0.483181 -0.770102
vn 0.629862 0.437336 -0.641881
vn 0.993485 -0.063350 0.094734
vn -0.018420 0.961355 -0.274697
vn -0.503368 -0.011101 0.864001
vn -0.654133 -0.039747 0.755334
vn 0.203785 -0.062269 0.977033
vn -0.561709 -0.101008 0.821146
vn -0.775888 -0.074724 0.626430
vn -0.911372 -0.001465 -0.411580
vn -0.928153 0.057839 -0.367677
vn 0.054295 -0.987270 0.149497
vn 0.021357 -0.156124 -0.987507
vn -0.217321 -0.184647 -0.958476
vn -0.146734 -0.342069 0.928148
vn 0.216689 0.044387 -0.975231
vn 0.116205 0.342269 -0.932389
vn -0.468454 0.173964 -0.866191
vn -0.458795 -0.097943 -0.883128
vn -0.613777 0.261452 -0.744930
vn -0.671723 -0.004484 -0.740789
vn -0.843502 -0.114214 -0.524843
vn 0.028931 -0.130511 -0.991025
vn 0.131353 0.289412 -0.948149
vn 0.363689 -0.405191 -0.838779
vn 0.669186 0.183926 0.719974
vn -0.786422 0.613884 0.068456
vn -0.390941 -0.549777 0.738181
vn -0.090959 0.093432 0.991462
vn 0.097164 0.248717 0.963690
vn 0.489963 -0.369219 -0.789692
vn 0.435695 -0.292689 -0.851177
vn -0.596846 -0.405691 -0.692235
vn -0.815444 -0.066808 -0.574967
vn -0.931312 -0.088707 -0.353254
vn -0.550968 -0.579219 -0.600782
vn 0.253030 -0.140624 0.957184
vn 0.383343 -0.080355 0.920104
vn 0.370093 -0.271521 0.888430
vn -0.463087 0.029189 -0.885832
vn 0.180628 0.943390 -0.278190
vn 0.830371 0.304614 -0.466578
vn 0.889947 0.173793 -0.421651
vn -0.341657 -0.035586 -0.939151
vn 0.221742 -0.342077 0.913134
vn 0.410494 -0.218594 0.885275
vn 0.939176 0.001021 0.343435
vn 0.727048 0.282486 0.625782
vn -0.267490 -0.657963 -0.703942
vn 0.128179 0.045516 0.990706
vn 0.210147 0.022416 0.977413
vn 0.512507 0.172592 0.841159
vn -0.923421 0.133587 0.359790
vn -0.764779 0.581894 -0.276608
vn 0.595273 0.529971 -0.603971
vn -0.251554 0.364798 -0.896461
vn 0.745665 -0.076356 0.661932
vn 0.068388 0.324145 -0.943532
vn -0.473120 0.139252 -0.869923
vn 0.337966 0.454118 -0.824352
vn 0.932475 0.334013 -0.137572
vn 0.935265 0.323234 -0.144223
vn 0.954118 0.194910 -0.227307
vn -0.533747 0.301640 0.790018
vn -0.391169 -0.057108 -0.918546
vn -0.468584 0.277004 -0.838867
vn 0.847653 0.178860 0.499494
vn -0.238382 0.260615 0.935550
vn 0.248736 -0.092229 0.964170
vn -0.234314 0.085836 0.968364
vn -0.325356 0.154192 0.932935
vn 0.393431 -0.195659 0.898293
vn 0.446031 0.112739 0.887889
vn 0.204367 -0.052773 -0.977471
vn 0.677400 0.029576 -0.735020
vn -0.182311 -0.212564 -0.959989
vn -0.770900 0.014475 -0.636792
vn -0.685391 -0.016566 -0.727987
vn 0.082790 0.906174 0.414722
vn -0.009136 0.905834 -0.423534
vn 0.852536 0.252055 0.457877
vn 0.921814 0.218315 0.320310
vn 0.878568 0.379148 0.290455
vn 0.136658 0.246853 0.959369
vn 0.859603 -0.199785 -0.470285
vn 0.855184 0.129373 -0.501920
vn 0.229829 -0.949305 -0.214474
vn 0.313909 -0.929264 -0.194755
vn 0.151745 -0.977191 -0.148561
vn -0.294357 0.064467 -0.953519
vn 0.423790 -0.665330 0.614604
vn 0.116731 0.992877 0.023849
vn 0.106560 0.961301 0.254058
vn 0.982336 0.010667 -0.186820
vn 0.957991 -0.251754 -0.137382
vn 0.995652 -0.011110 0.092483
vn 0.959429 -0.105204 0.261587
vn 0.778444 -0.079420 0.622669
vn 0.899007 -0.085327 0.429541
vn 0.098362 -0.398551 0.911856
vn 0.072365 -0.947197 -0.312381
vn -0.373009 0.488221 -0.788990
vn -0.527088 -0.024434 -0.849459
vn -0.367408 0.031573 -0.929524
vn -0.949926 0.074489 0.303468
vn -0.550476 -0.688738 -0.471822
vn -0.619370 -0.673288 -0.403812
vn -0.212530 -0.045348 0.976102
vn 0.560149 0.448855 0.696249
vn 0.142094 -0.027972 -0.989458
vn -0.144087 0.106375 -0.983831
vn 0.088251 -0.983838 0.155801
vn -0.017380 -0.987674 0.155560
vn -0.123237 -0.951573 0.281641
vn -0.767857 0.320870 0.554471
vn 0.009524 0.684189 -0.729243
vn 0.258559 0.271285 -0.927120
vn -0.945277 0.065667 -0.319593
vn -0.252121 -0.375197 -0.891999
vn -0.001640 -0.145408 0.989370
vn 0.006602 0.999967 0.004803
vn -0.732200 -0.188904 -0.654368
vn -0.241195 -0.216312 -0.946063
vn -0.524128 -0.164153 -0.835670
vn 0.090038 0.165638 -0.982068
vn 0.292730 -0.088707 0.952071
vn -0.389203 0.251747 -0.886084
vn -0.192084 -0.009393 0.981334
vn -0.108293 0.026132 0.993776
vn -0.275945 0.019057 0.960985
vn -0.103067 -0.445972 -0.889093
vn -0.215361 0.423708 -0.879825
vn -0.515431 0.313130 -0.797672
vn 0.050586 0.993302 -0.103887
vn 0.104725 0.925228 -0.364672
vn 0.159973 0.954707 -0.250886
vn -0.091016 -0.995774 0.012265
vn -0.373661 0.259947 0.890396
vn -0.430290 -0.471898 0.769521
vn -0.520746 -0.113357 0.846152
vn -0.753103 0.214052 -0.622107
vn -0.289441 -0.956973 -0.020648
vn -0.094086 -0.981358 0.167587
vn -0.056453 -0.666822 -0.743075
vn 0.034895 0.029653 0.998951
vn -0.104840 0.041346 0.993629
vn 0.929020 -0.003627 0.370012
vn 0.581928 -0.076769 -0.809609
vn -0.795739 -0.272192 0.541028
vn -0.979449 -0.069961 0.189169
vn -0.986341 -0.147801 -0.072702
vn 0.046542 -0.991986 0.117467
vn -0.035549 0.417880 -0.907806
vn -0.872063 -0.027026 0.488647
vn 0.034843 0.632442 -0.773824
vn -0.640778 -0.396883 -0.657181
vn 0.505667 -0.842630 0.185133
vn 0.368828 -0.883125 0.289923
vn -0.202974 0.464629 -0.861929
vn 0.999279 0.033182 -0.018432
vn 0.993131 -0.007177 -0.116791
vn 0.994342 0.101023 0.032837
vn 0.452212 0.091978 -0.887155
vn 0.162437 0.359249 0.918996
vn 0.396453 0.741072 0.541883
vn -0.541135 -0.089183 0.836194
vn -0.959734 0.102280 -0.261627
vn -0.149582 0.626320 -0.765081
vn -0.151293 0.588045 -0.794552
vn 0.275315 -0.099244 -0.956218
vn -0.006606 -0.192922 -0.981192
vn -0.248813 -0.177722 -0.952106
vn -0.350911 -0.298424 -0.887584
vn 0.099016 0.276108 -0.956013
vn -0.536959 0.271651 0.798674
vn -0.141802 -0.782972 -0.605679
vn -0.726927 -0.129103 -0.674470
vn -0.616607 -0.101980 -0.780638
vn 0.319822 0.090034 -0.943190
vn 0.109173 -0.378001 0.919346
vn -0.508532 0.642053 -0.573728
vn 0.782861 0.061233 0.619176
vn -0.774612 0.093245 -0.625525
vn 0.155659 -0.330433 0.930905
vn -0.262663 0.311868 0.913097
vn -0.348634 0.013519 0.937161
vn -0.526486 0.074035 0.846954
vn -0.327050 0.035306 0.944347
vn 0.223429 0.111646 0.968305
vn 0.212934 0.091445 0.972778
vn 0.083148 -0.273566 0.958253
vn 0.218764 -0.933626 0.283700
vn 0.535495 0.450699 0.714224
vn 0.066685 0.308871 -0.948763
vn -0.150661 0.515075 -0.843800
vn 0.802882 0.172594 0.570607
vn 0.219192 -0.110025 -0.969458
vn 0.395317 0.077674 -0.915255
vn 0.616399 0.067455 -0.784539
vn 0.054183 -0.257846 0.964665
vn -0.004959 -0.998717 0.050404
vn -0.979053 0.107912 0.172655
vn -0.964562 0.087132 0.249055
vn -0.064682 -0.111863 -0.991616
vn 0.982831 -0.143406 0.116095
vn 0.529946 -0.091664 0.843063
vn 0.150424 0.574590 0.804499
vn -0.331897 -0.029338 0.942859
vn 0.617316 0.024998 0.786318
vn 0.505719 -0.015377 0.862561
vn -0.076497 0.145490 0.986398
vn -0.386030 0.108579 -0.916074
vn -0.603757 0.072829 -0.793835
vn -0.538760 -0.423139 0.728485
vn 0.403935 0.129419 0.905587
vn -0.156302 0.268850 -0.950415
vn -0.700092 -0.027707 0.713515
vn 0.877419 -0.454144 0.154562
vn 0.250001 -0.042854 -0.967297
vn -0.893190 0.347964 -0.284839
vn 0.660558 -0.007365 0.750739
vn 0.249687 -0.068334 -0.965912
vn -0.780246 0.070051 -0.621537
vn 0.376741 0.708085 -0.597229
vn 0.097356 0.253097 0.962530
vn -0.035034 -0.987057 -0.156497
vn 0.221048 -0.683598 0.695580
vn -0.228075 -0.072585 0.970934
vn 0.059783 -0.044570 0.997216
vn -0.176370 -0.616179 -0.767605
vn 0.160301 -0.923717 0.347922
vn 0.623236 0.048613 -0.780522
vn -0.670397 -0.361491 -0.647990
vn -0.111983 -0.304301 -0.945971
vn 0.836208 0.064268 0.544634
vn 0.085163 0.321106 -0.943206
vn 0.484556 0.015443 0.874624
vn 0.447860 0.075736 -0.890890
vn -0.223837 0.160632 -0.961298
vn -0.156227 -0.090113 -0.983602
vn 0.064751 0.195760 0.978512
vn -0.064407 -0.197790 0.978126
vn -0.971284 0.028085 -0.236261
vn -0.337908 0.047167 0.939996
vn -0.248864 -0.781008 -0.572794
vn 0.234604 -0.012654 -0.972009
vn 0.178260 0.197448 -0.963970
vn 0.462045 0.346972 -0.816165
vn 0.891997 0.111371 0.438108
vn -0.884628 0.203561 -0.419519
vn -0.756940 -0.072304 -0.649472
vn 0.097521 0.275533 -0.956332
vn -0.160129 -0.074345 0.984292
vn -0.839595 0.093948 -0.535028
vn -0.404483 0.117753 0.906933
vn 0.832427 0.081829 0.548060
vn 0.079091 0.918858 -0.386580
vn 0.736943 0.633223 0.236522
vn -0.094770 0.089935 0.991428
vn -0.017141 0.991944 0.125513
vn -0.027404 0.940883 0.337622
vn -0.557381 0.190637 0.808074
vn -0.719900 0.224106 0.656902
vn -0.985722 -0.164046 -0.037948
vn -0.234205 -0.785660 0.572613
vn 0.221760 -0.356086 0.907758
vn -0.183635 -0.599096 -0.779334
vn 0.850713 0.039237 0.524163
vn 0.983887 0.029557 0.176333
vn 0.367466 -0.198412 0.908626
vn 0.272124 -0.105588 -0.956452
vn 0.878857 -0.295548 -0.374515
vn 0.029170 -0.994174 0.103767
vn -0.450692 -0.125528 0.883810
vn -0.013328 -0.062870 0.997933
vn -0.041928 0.990484 0.131090
vn 0.069648 0.267059 0.961160
vn 0.048913 0.216566 0.975042
vn -0.688877 -0.460108 -0.560134
vn -0.016647 0.841439 0.540095
vn 0.118567 -0.324483 -0.938431
vn 0.392818 -0.147678 0.907681
vn 0.277351 0.221963 0.934778
vn 0.293142 0.101849 0.950628
vn -0.193178 -0.047244 0.980026
vn 0.150433 -0.952846 -0.263541
vn -0.163210 -0.111835 -0.980232
vn 0.567929 -0.233441 0.789279
vn 0.031930 0.998713 0.039396
vn -0.254548 -0.434230 0.864089
vn 0.055172 0.382504 -0.922305
vn -0.399330 0.537727 -0.742553
vn -0.479572 0.794399 -0.372749
vn 0.671713 -0.734574 0.095930
vn 0.227119 -0.269959 -0.935702
vn -0.529186 0.319145 -0.786199
vn -0.452170 -0.796618 -0.401177
vn -0.257739 0.527436 -0.809557
vn 0.571917 -0.055786 0.818412
vn -0.099557 -0.992774 -0.066995
vn 0.313715 0.017997 0.949347
vn 0.178020 -0.683338 -0.708067
vn 0.022405 -0.805202 -0.592578
vn -0.033420 -0.997052 -0.069069
vn 0.399306 0.325177 -0.857213
vn -0.542397 0.040333 -0.839154
vn 0.004684 -0.316713 0.948510
vn 0.178762 0.978425 0.103582
vn -0.340379 -0.056980 -0.938560
vn 0.673305 0.099200 0.732680
vn -0.516882 0.015533 -0.855916
vn -0.139864 -0.691597 -0.708613
vn -0.131242 0.049963 -0.990091
vn 0.098149 -0.728925 0.677521
vn -0.963079 0.231860 -0.136824
vn 0.727351 0.097009 0.679375
vn -0.192631 -0.015422 0.981150
vn -0.267732 -0.133005 0.954269
vn -0.794079 0.013375 -0.607667
vn 0.415025 0.041593 -0.908859
vn 0.116100 -0.533550 0.837762
vn 0.500638 -0.112572 0.858306
vn -0.376637 0.017395 -0.926198
vn 0.439637 -0.070440 0.895409
vn -0.207825 0.174275 0.962516
vn 0.442342 0.104349 -0.890755
vn -0.255355 0.030307 0.966372
s 1
g pathpre5_low:Group16271
f 285/1/1 1779/2/2 1782/3/3
f 458/4/4 2595/5/5 1837/6/6
f 1780/7/7 810/8/8 1597/9/9
f 2048/10/10 2049/11/11 2270/12/12
f 1761/13/13 2176/14/14 1159/15/15
f 1697/16/16 1706/17/17 823/18/18
f 2151/19/19 3167/20/20 481/21/21
f 823/18/18 805/22/22 1708/23/23
f 2702/24/24 2998/25/25 3207/26/26
f 2702/24/24 496/27/27 402/28/28
f 3178/29/29 2350/30/30 2322/31/31
f 3070/32/32 3246/33/33 402/28/28
f 1490/34/34 1956/35/35 1480/36/36
f 1480/36/36 1956/35/35 493/37/37
f 807/38/38 19/39/39 18/40/40
f 1485/41/41 6/42/42 880/43/43
f 833/44/44 1406/45/45 1441/46/46
f 2587/47/47 1065/48/48 2528/49/49
f 747/50/50 2477/51/51 394/52/52
f 7/53/53 1627/54/54 394/52/52
f 394/52/52 1627/54/54 2219/55/55
f 8/56/56 1487/57/57 676/58/58
f 480/59/59 676/58/58 2143/60/60
f 1429/61/61 342/62/62 1975/63/63
f 2724/64/64 1699/65/65 3123/66/66
f 347/67/67 352/68/68 1379/69/69
f 2291/70/70 2452/71/71 11/72/72
f 623/73/73 3324/74/74 1067/75/75
f 10/76/76 2692/77/77 1283/78/78
f 3248/79/79 2202/80/80 1283/78/78
f 10/76/76 1283/78/78 354/81/81
f 1752/82/82 2149/83/83 1091/84/84
f 2415/85/85 3191/86/86 1344/87/87
f 2203/88/88 2443/89/89 2205/90/90
f 2293/91/91 2736/92/92 2735/93/93
f 3337/94/94 1844/95/95 2735/93/93
f 13/96/96 771/97/97 2535/98/98
f 1106/99/99 22/100/100 2685/101/101
f 771/97/97 849/102/102 2535/98/98
f 348/103/103 14/104/104 2727/105/105
f 2132/106/106 1048/107/107 1695/108/108
f 1818/109/109 2157/110/110 698/111/111
f 698/111/111 2157/110/110 1536/112/112
f 1394/113/113 692/114/114 2005/115/115
f 1818/109/109 698/111/111 29/116/116
f 296/117/117 2295/118/118 478/119/119
f 1933/120/120 483/121/121 1709/122/122
f 1785/123/123 744/124/124 393/125/125
f 2223/126/126 3109/127/127 1142/128/128
f 1040/129/129 2774/130/130 820/131/131
f 17/132/132 1104/133/133 813/134/134
f 1332/135/135 1683/136/136 2768/137/137
f 1332/135/135 2537/138/138 1644/139/139
f 3076/140/140 19/39/39 1644/139/139
f 1989/141/141 1136/142/142 2859/143/143
f 2072/144/144 1541/145/145 574/146/146
f 764/147/147 1716/148/148 707/149/149
f 3150/150/150 3243/151/151 2078/152/152
f 2685/101/101 22/100/100 709/153/153
f 1559/154/154 1817/155/155 943/156/156
f 2725/157/157 28/158/158 24/159/159
f 284/160/160 2610/161/161 2655/162/162
f 813/134/134 822/163/163 1683/136/136
f 2321/164/164 936/165/165 1612/166/166
f 853/167/167 26/168/168 2344/169/169
f 883/170/170 1410/171/171 1362/172/172
f 883/170/170 2220/173/173 1410/171/171
f 1015/174/174 2228/175/175 2329/176/176
f 1322/177/177 999/178/178 998/179/179
f 2674/180/180 30/181/181 1188/182/182
f 35/183/183 395/184/184 2382/185/185
f 1279/186/186 779/187/187 33/188/188
f 353/189/189 1898/190/190 666/191/191
f 3294/192/192 1855/193/193 1204/194/194
f 1364/195/195 25/196/196 2624/197/197
f 536/198/198 2405/199/199 804/200/200
f 1284/201/201 1854/202/202 2515/203/203
f 395/184/184 1742/204/204 2382/185/185
f 811/205/205 1445/206/206 800/207/207
f 800/207/207 3155/208/208 811/205/205
f 3068/209/209 35/183/183 41/210/210
f 1294/211/211 1742/204/204 598/212/212
f 3136/213/213 37/214/214 2962/215/215
f 1281/216/216 2344/169/169 2128/217/217
f 1145/218/218 46/219/219 1501/220/220
f 1488/221/221 25/196/196 1364/195/195
f 536/198/198 804/200/200 1856/222/222
f 40/223/223 47/224/224 1634/225/225
f 1451/226/226 2330/227/227 1889/228/228
f 36/229/229 268/230/230 2367/231/231
f 2305/232/232 2782/233/233 356/234/234
f 780/235/235 1393/236/236 1277/237/237
f 599/238/238 780/235/235 285/1/1
f 47/224/224 2057/239/239 42/240/240
f 1374/241/241 2394/242/242 3131/243/243
f 1073/244/244 517/245/245 514/246/246
f 273/247/247 2371/248/248 664/249/249
f 3179/250/250 1281/216/216 2630/251/251
f 1593/252/252 257/253/253 252/254/254
f 1924/255/255 1925/256/256 357/257/257
f 48/258/258 1367/259/259 2098/260/260
f 3010/261/261 1347/262/262 896/263/263
f 876/264/264 1340/265/265 2944/266/266
f 1488/221/221 1484/267/267 2178/268/268
f 780/235/235 1735/269/269 1393/236/236
f 1451/226/226 976/270/270 2330/227/227
f 1658/271/271 1372/272/272 1373/273/273
f 273/247/247 288/274/274 255/275/275
f 1915/276/276 2195/277/277 2539/278/278
f 1997/279/279 1723/280/280 2849/281/281
f 2726/282/282 1929/283/283 1280/284/284
f 1273/285/285 2662/286/286 977/287/287
f 1600/288/288 1382/289/289 1602/290/290
f 287/291/291 1262/292/292 55/293/293
f 52/294/294 339/295/295 2836/296/296
f 1061/297/297 1309/298/298 1454/299/299
f 526/300/300 2582/301/301 513/302/302
f 48/258/258 1968/303/303 2895/304/304
f 49/305/305 1075/306/306 2329/176/176
f 3223/307/307 780/308/235 3224/309/308
f 3059/310/309 1741/311/310 1936/312/311
f 60/313/312 1472/314/313 55/293/293
f 2161/315/314 61/316/315 1385/317/316
f 305/318/317 1953/319/318 997/320/319
f 1366/321/320 1248/322/321 824/323/322
f 63/324/323 3252/325/324 3019/326/325
f 465/327/326 484/328/327 1022/329/328
f 1499/330/329 2323/331/330 1497/332/331
f 3059/333/309 1021/334/332 1741/335/310
f 2315/336/333 1070/337/334 64/338/335
f 801/339/336 1389/340/337 553/341/338
f 3317/342/339 520/343/340 1524/344/341
f 3317/342/339 1524/344/341 2734/345/342
f 301/346/343 420/347/344 303/348/345
f 2734/345/342 1524/344/341 432/349/346
f 2264/350/347 301/346/343 303/348/345
f 294/351/348 730/352/349 357/257/257
f 1926/353/350 356/234/234 1904/354/351
f 896/263/263 785/355/352 891/356/353
f 1045/357/354 3253/358/355 2765/359/356
f 75/360/357 66/361/358 2462/362/359
f 2390/363/360 2948/364/361 421/365/362
f 938/366/363 2740/367/364 2070/368/365
f 2883/369/366 1730/370/367 1993/371/368
f 1220/372/369 437/373/370 3293/374/371
f 1996/375/372 2024/376/373 2812/377/374
f 655/378/375 427/379/376 3305/380/377
f 2076/381/378 980/382/379 2214/383/380
f 1486/384/381 2892/385/382 363/386/383
f 515/387/384 821/388/385 508/389/386
f 2509/390/387 801/339/336 553/341/338
f 1034/391/388 1198/392/389 72/393/390
f 2765/359/356 658/394/391 1045/357/354
f 2594/395/392 3238/396/393 75/360/357
f 2599/397/394 260/398/395 930/399/396
f 2340/400/397 286/401/398 68/402/399
f 1588/403/400 88/404/401 993/405/402
f 774/406/403 2716/407/404 1664/408/405
f 2883/369/366 1993/371/368 403/409/406
f 73/410/407 2958/411/408 2410/412/409
f 735/413/410 260/398/395 2599/397/394
f 298/414/411 77/415/412 1045/357/354
f 2304/416/413 1972/417/414 882/418/415
f 1982/419/416 473/420/417 3124/421/418
f 2412/422/419 2758/423/420 2456/424/421
f 1292/425/422 2494/426/423 563/427/424
f 3222/428/425 2001/429/426 2356/430/427
f 3092/431/428 1115/432/429 975/433/430
f 2180/434/431 1141/435/432 3217/436/433
f 1923/437/434 322/438/435 2649/439/436
f 995/440/437 84/441/438 656/442/439
f 2554/443/440 2857/444/441 2354/445/442
f 2843/446/443 763/447/444 891/356/353
f 3017/448/445 3016/449/446 1206/450/447
f 1599/451/448 905/452/449 79/453/450
f 606/454/451 83/455/452 2353/456/453
f 3218/457/454 3217/436/433 3011/458/455
f 1415/459/456 84/441/438 1254/460/457
f 81/461/458 1062/462/459 672/463/460
f 81/461/458 672/463/460 2943/464/461
f 1980/465/462 1507/466/463 1376/467/464
f 837/468/465 873/469/466 1211/470/467
f 1713/471/468 3192/472/469 702/473/470
f 82/474/471 1826/475/472 956/476/473
f 2894/477/474 2893/478/475 3290/479/476
f 904/480/477 2154/481/478 987/482/479
f 1132/483/480 1857/484/481 769/485/482
f 2672/486/483 1328/487/484 1930/488/485
f 2246/489/486 2242/490/487 86/491/488
f 455/492/489 1278/493/490 473/420/417
f 3273/494/491 3272/495/492 2694/496/493
f 1702/497/494 2833/498/495 1917/499/496
f 87/500/497 292/501/498 3256/502/499
f 681/503/500 366/504/501 2244/505/502
f 445/506/503 1650/507/504 1649/508/505
f 1191/509/506 1650/507/504 445/506/503
f 1834/510/507 2172/511/508 2767/512/509
f 2634/513/510 1234/514/511 724/515/512
f 1234/514/511 96/516/513 724/515/512
f 1838/517/514 1140/518/515 3083/519/516
f 2144/520/517 2145/521/518 1246/522/519
f 725/523/520 1811/524/521 2046/525/522
f 1811/524/521 1805/526/523 2851/527/524
f 2298/528/525 1334/529/526 1756/530/527
f 1651/531/528 2065/532/529 1420/533/530
f 93/534/531 94/535/532 1821/536/533
f 355/537/534 674/538/535 3164/539/536
f 446/540/537 724/515/512 449/541/538
f 3181/542/539 3247/543/540 2785/544/541
f 95/545/542 2408/546/543 2274/547/544
f 490/548/545 98/549/546 1985/550/547
f 728/551/548 719/552/549 99/553/550
f 97/554/551 2592/555/552 2296/556/553
f 99/553/550 719/552/549 100/557/554
f 2605/558/555 3034/559/556 1076/560/557
f 1361/561/558 1028/562/559 699/563/560
f 1732/564/561 699/563/560 2204/565/562
f 1028/562/559 717/566/563 1637/567/564
f 1732/564/561 1317/568/565 1887/569/566
f 102/570/567 1677/571/568 1678/572/569
f 2965/573/570 2418/574/571 2307/575/572
f 387/576/573 624/577/574 629/578/575
f 90/579/576 874/580/577 1057/581/578
f 631/582/579 2889/583/580 2475/584/581
f 2897/585/582 589/586/583 3015/587/584
f 1835/588/585 2728/589/586 3198/590/587
f 2460/591/588 2825/592/589 1686/593/590
f 1395/594/591 381/595/592 1175/596/593
f 2749/597/594 105/598/595 3103/599/596
f 1310/600/597 3187/601/598 456/602/599
f 2431/603/600 916/604/601 2968/605/602
f 1439/606/603 3119/607/604 2974/608/605
f 2274/547/544 2408/546/543 2276/609/606
f 1930/488/485 405/610/607 2710/611/608
f 110/612/609 1107/613/610 2404/614/611
f 2438/615/612 109/616/613 2135/617/614
f 1753/618/615 1751/619/616 1323/620/617
f 1750/621/618 3270/622/619 1435/623/620
f 2341/624/621 126/625/622 1432/626/623
f 1404/627/624 1870/628/625 2064/629/626
f 1916/630/627 1371/631/628 1433/632/629
f 544/633/630 2107/634/631 1724/635/632
f 2954/636/633 527/637/634 115/638/635
f 3233/639/636 733/640/637 91/641/638
f 1305/642/639 2027/643/640 323/644/641
f 1094/645/642 1939/646/643 2612/647/644
f 772/648/645 2449/649/646 117/650/647
f 2860/651/648 1378/652/649 1413/653/650
f 3111/654/651 2062/655/652 1542/656/653
f 3091/657/654 1323/620/617 2707/658/655
f 1542/656/653 1739/659/656 119/660/657
f 111/661/658 588/662/659 587/663/660
f 2013/664/661 2874/665/662 2284/666/663
f 1575/667/664 1315/668/665 1383/669/666
f 1057/581/578 2225/670/667 1688/671/668
f 1814/672/669 130/673/670 1212/674/671
f 2820/675/672 1884/676/673 1669/677/674
f 1998/678/675 1196/679/676 1886/680/677
f 2400/681/678 121/682/679 684/683/680
f 1711/684/681 2234/685/682 488/686/683
f 1311/687/684 1736/688/685 127/689/686
f 1895/690/687 2328/691/688 122/692/689
f 899/693/690 2718/694/691 1130/695/692
f 2878/696/693 3174/697/694 3303/698/695
f 123/699/696 2703/700/697 3086/701/698
f 124/702/699 1727/703/700 3135/704/701
f 3033/705/702 2404/614/611 1350/706/703
f 2741/707/704 1432/626/623 2919/708/705
f 390/709/706 131/710/707 2667/711/708
f 3151/712/709 549/713/710 545/714/711
f 1196/679/676 765/715/712 1886/680/677
f 1895/690/687 1879/716/713 2514/717/714
f 2417/718/715 2730/719/716 1563/720/717
f 1116/721/718 2019/722/719 1412/723/720
f 551/724/721 3339/725/722 2861/726/723
f 337/727/724 2146/728/725 532/729/726
f 2823/730/727 3091/657/654 2708/731/728
f 130/673/670 1274/732/729 1212/674/671
f 2687/733/730 2150/734/731 455/492/489
f 562/735/732 742/736/733 1718/737/734
f 1872/738/735 1564/739/736 1019/740/737
f 3249/741/738 2775/742/739 2117/743/740
f 1074/744/741 138/745/742 711/746/743
f 334/747/744 332/748/745 2092/749/746
f 2806/750/747 1845/751/748 1517/752/749
f 461/753/750 3061/754/751 2181/755/752
f 3145/756/753 1647/757/754 2705/758/755
f 134/759/756 552/760/757 1096/761/758
f 141/762/759 1301/763/760 636/764/761
f 1090/765/762 1417/766/763 1535/767/764
f 3323/768/765 3142/769/766 852/770/767
f 1872/738/735 1130/695/692 1131/771/768
f 593/772/769 908/773/770 2464/774/771
f 2464/774/771 908/773/770 909/775/772
f 713/776/773 2424/777/774 1348/778/775
f 2976/779/776 1111/780/777 2423/781/778
f 1813/782/779 1568/783/780 2088/784/781
f 2485/785/782 330/786/783 2911/787/784
f 2751/788/785 139/789/786 2770/790/787
f 1327/791/788 140/792/789 439/793/790
f 1244/794/791 2787/795/792 2034/796/793
f 592/797/794 596/798/795 2025/799/796
f 439/793/790 1994/800/797 1388/801/798
f 762/802/799 925/803/800 148/804/801
f 826/805/802 1888/806/803 2619/807/804
f 2619/807/804 1636/808/805 826/805/802
f 1516/809/806 2915/810/807 135/811/808
f 1538/812/809 2096/813/810 2556/814/811
f 1743/815/812 2442/816/813 1515/817/814
f 1160/818/815 3007/819/816 440/820/817
f 1351/821/818 1169/822/819 1170/823/820
f 2550/824/821 1381/825/822 1631/826/823
f 1438/827/824 1437/828/825 2474/829/826
f 1696/830/827 482/831/828 464/832/829
f 2206/833/830 2679/834/831 149/835/832
f 151/836/833 1635/837/834 768/838/835
f 1825/839/836 784/840/837 2865/841/838
f 784/840/837 1743/815/812 3335/842/839
f 1080/843/840 161/844/841 162/845/842
f 1675/846/843 1757/847/844 419/848/845
f 1964/849/846 163/850/847 155/851/848
f 2017/852/849 2803/853/850 1077/854/851
f 2281/855/852 277/856/853 166/857/854
f 160/858/855 3300/859/856 3280/860/857
f 1851/861/858 688/862/859 1519/863/860
f 881/864/861 1861/865/862 2680/866/863
f 151/836/833 768/838/835 841/867/864
f 966/868/865 3040/869/866 2902/870/867
f 1079/871/868 1392/872/869 1002/873/870
f 941/874/871 832/875/872 2868/876/873
f 941/874/871 2868/876/873 1245/877/874
f 907/878/875 1205/879/876 2738/880/877
f 1777/881/878 2901/882/879 429/883/880
f 2045/884/881 500/885/882 1733/886/883
f 2250/887/884 413/888/885 2381/889/886
f 2082/890/887 2560/891/888 2081/892/889
f 1802/893/890 1397/894/891 846/895/892
f 165/896/893 2022/897/894 174/898/895
f 808/899/896 541/900/897 2529/901/898
f 715/902/899 1827/903/900 3195/904/901
f 167/905/902 1510/906/903 1850/907/904
f 169/908/905 2463/909/906 2359/910/907
f 568/911/908 1477/912/909 1967/913/910
f 1967/913/910 1477/912/909 1443/914/911
f 754/915/912 558/916/913 2888/917/914
f 737/918/915 1226/919/916 1770/920/917
f 172/921/918 1242/922/919 3161/923/920
f 2555/924/921 1765/925/922 1358/926/923
f 739/927/924 2844/928/925 758/929/926
f 2469/930/927 1802/893/890 846/895/892
f 1197/931/928 1787/932/929 1971/933/930
f 2286/934/931 2529/901/898 1941/935/932
f 2160/936/933 2094/937/934 2870/938/935
f 622/939/936 175/940/937 179/941/938
f 610/942/939 177/943/940 1285/944/941
f 621/945/942 2990/946/943 504/947/944
f 504/947/944 2990/946/943 1321/948/945
f 1820/949/946 1632/950/947 1868/951/948
f 1139/952/949 178/953/950 404/954/951
f 180/955/952 2645/956/953 3212/957/954
f 2574/958/955 1848/959/956 2573/960/957
f 183/961/958 179/941/938 2712/962/959
f 1199/963/960 482/831/828 1696/830/827
f 3023/964/961 2617/965/962 1459/966/963
f 291/967/964 2617/965/962 1848/959/956
f 982/968/965 1987/969/966 188/970/967
f 181/971/968 1152/972/969 1163/973/970
f 181/971/968 1163/973/970 1552/974/971
f 1508/975/972 184/976/973 1320/977/974
f 3309/978/975 502/979/976 2346/980/977
f 1533/981/978 1534/982/979 605/983/980
f 1604/984/981 2148/985/982 3050/986/983
f 2864/987/984 2863/988/985 700/989/986
f 939/990/987 982/968/965 188/970/967
f 1297/991/988 2493/992/989 2014/993/990
f 1860/994/991 661/995/992 3282/996/993
f 2646/997/994 595/998/995 1572/999/996
f 370/1000/997 1625/1001/998 2819/1002/999
f 1840/1003/1000 1860/994/991 506/1004/1001
f 1465/1005/1002 1840/1003/1000 650/1006/1003
f 374/1007/1004 499/1008/1005 379/1009/1006
f 2987/1010/1007 189/1011/1008 1728/1012/1009
f 539/1013/1010 944/1014/1011 1703/1015/1012
f 1539/1016/1013 945/1017/1014 192/1018/1015
f 597/1019/1016 2420/1020/1017 2009/1021/1018
f 2207/1022/1019 868/1023/1020 2209/1024/1021
f 2601/1025/1022 947/1026/1023 1539/1016/1013
f 2115/1027/1024 371/1028/1025 1453/1029/1026
f 195/1030/1027 1927/1031/1028 2779/1032/1029
f 1380/1033/1030 2780/1034/1031 2921/1035/1032
f 861/1036/1033 196/1037/1034 1969/1038/1035
f 2745/1039/1036 1745/1040/1037 463/1041/1038
f 463/1041/1038 1595/1042/1039 537/1043/1040
f 198/1044/1041 197/1045/1042 1540/1046/1043
f 1979/1047/1044 2511/1048/1045 1089/1049/1046
f 1020/1050/1047 537/1043/1040 1457/1051/1048
f 970/1052/1049 1295/1053/1050 3190/1054/1051
f 2332/1055/1052 1296/1056/1053 2237/1057/1054
f 474/1058/1055 2567/1059/1056 2155/1060/1057
f 200/1061/1058 368/1062/1059 616/1063/1060
f 2105/1064/1061 2551/1065/1062 452/1066/1063
f 1819/1067/1064 2657/1068/1065 1655/1069/1066
f 2657/1068/1065 647/1070/1067 1655/1069/1066
f 644/1071/1068 2113/1072/1069 2872/1073/1070
f 206/1074/1071 1457/1051/1048 1121/1075/1072
f 203/1076/1073 267/1077/1074 850/1078/1075
f 1807/1079/1076 474/1058/1055 1155/1080/1077
f 1016/1081/1078 2967/1082/1079 1614/1083/1080
f 1703/1015/1012 2211/1084/1081 2358/1085/1082
f 795/1086/1083 2763/1087/1084 2711/1088/1085
f 2663/1089/1086 1228/1090/1087 1769/1091/1088
f 2478/1092/1089 1676/1093/1090 619/1094/1091
f 2793/1095/1092 3295/1096/1093 3215/1097/1094
f 3141/1098/1095 990/1099/1096 2388/1100/1097
f 2084/1101/1098 1087/1102/1099 208/1103/1100
f 1676/1093/1090 1652/1104/1101 619/1094/1091
f 1255/1105/1102 1241/1106/1103 1463/1107/1104
f 2483/1108/1105 626/1109/1106 554/1110/1107
f 1692/1111/1108 1231/1112/1109 2793/1095/1092
f 310/1113/1110 313/1114/1111 571/1115/1112
f 1087/1102/1099 2522/1116/1113 208/1103/1100
f 890/1117/1114 1748/1118/1115 1201/1119/1116
f 1763/1120/1117 2060/1121/1118 727/1122/1119
f 1829/1123/1120 722/1124/1121 2826/1125/1122
f 1156/1126/1123 206/1074/1071 2095/1127/1124
f 839/1128/1125 1047/1129/1126 1346/1130/1127
f 594/1131/1128 213/1132/1129 2026/1133/1130
f 1768/1134/1131 1767/1135/1132 210/1136/1133
f 752/1137/1134 1990/1138/1135 1692/1111/1108
f 209/1139/1136 1047/1129/1126 3039/1140/1137
f 1823/1141/1138 723/1142/1139 721/1143/1140
f 2133/1144/1141 1134/1145/1142 2983/1146/1143
f 2875/1147/1144 320/1148/1145 218/1149/1146
f 2739/1150/1147 224/1151/1148 1615/1152/1149
f 1252/1153/1150 316/1154/1151 216/1155/1152
f 229/1156/1153 1810/1157/1154 3143/1158/1155
f 2391/1159/1156 315/1160/1157 316/1154/1151
f 1866/1161/1158 1867/1162/1159 1520/1163/1160
f 1891/1164/1161 594/1131/1128 2769/1165/1162
f 2235/1166/1163 318/1167/1164 314/1168/1165
f 1747/1169/1166 2063/1170/1167 217/1171/1168
f 706/1172/1169 716/1173/1170 576/1174/1171
f 3211/1175/1172 218/1149/1146 1641/1176/1173
f 2248/1177/1174 775/1178/1175 221/1179/1176
f 2805/1180/1177 3285/1181/1178 1833/1182/1179
f 706/1172/1169 3227/1183/1180 716/1173/1170
f 3266/1184/1181 1307/1185/1182 1842/1186/1183
f 457/1187/1184 221/1179/1176 1943/1188/1185
f 2553/1189/1186 759/1190/1187 2964/1191/1188
f 745/1192/1189 1229/1193/1190 2387/1194/1191
f 1178/1195/1192 2553/1189/1186 718/1196/1193
f 1247/1197/1194 222/1198/1195 798/1199/1196
f 2003/1200/1197 2670/1201/1198 3176/1202/1199
f 746/1203/1200 226/1204/1201 906/1205/1202
f 223/1206/1203 492/1207/1204 1253/1208/1205
f 734/1209/1206 543/1210/1207 1981/1211/1208
f 1149/1212/1209 1200/1213/1210 2003/1200/1197
f 227/1214/1211 228/1215/1212 1253/1208/1205
f 1189/1216/1213 230/1217/1214 317/1218/1215
f 601/1219/1216 960/1220/1217 1194/1221/1218
f 1202/1222/1219 1387/1223/1220 1804/1224/1221
f 317/1218/1215 230/1217/1214 3275/1225/1222
f 231/1226/1223 854/1227/1224 1592/1228/1225
f 787/1229/1226 1470/1230/1227 2756/1231/1228
f 1841/1232/1229 1801/1233/1230 1271/1234/1231
f 750/1235/1232 1270/1236/1233 767/1237/1234
f 2568/1238/1235 901/1239/1236 3255/1240/1237
f 3255/1240/1237 901/1239/1236 1804/1224/1221
f 1287/1241/1238 857/1242/1239 1235/1243/1240
f 857/1242/1239 1576/1244/1241 2396/1245/1242
f 862/1246/1243 1168/1247/1244 1355/1248/1245
f 704/1249/1246 1011/1250/1247 2797/1251/1248
f 573/1252/1249 757/1253/1250 2929/1254/1251
f 2312/1255/1252 2930/1256/1253 2310/1257/1254
f 453/1258/1255 902/1259/1256 1475/1260/1257
f 1272/1261/1258 2056/1262/1259 2569/1263/1260
f 1526/1264/1261 1766/1265/1262 934/1266/1263
f 3117/1267/1264 1766/1268/1262 1509/1269/1265
f 235/1270/1266 937/1271/1267 2126/1272/1268
f 2963/1273/1269 2814/1274/1270 1920/1275/1271
f 2123/1276/1272 928/1277/1273 1809/1278/1274
f 559/1279/1275 1809/1278/1274 239/1280/1276
f 239/1280/1276 240/1281/1277 1268/1282/1278
f 2807/1283/1279 466/1284/1280 3184/1285/1281
f 3089/1286/1282 244/1287/1283 2299/1288/1284
f 244/1289/1283 1949/1290/1285 2362/1291/1286
f 3089/1286/1282 2299/1288/1284 2300/1292/1287
f 245/1293/1288 3025/1294/1289 894/1295/1290
f 3025/1294/1289 2366/1296/1291 894/1295/1290
f 246/1297/1292 247/1298/1293 1809/1278/1274
f 2750/1299/1294 2827/1300/1295 1269/1301/1296
f 1269/1301/1296 2827/1300/1295 248/1302/1297
f 67/1303/1298 2753/1304/1299 1790/1305/1300
f 1447/1306/1301 980/382/379 2076/381/378
f 3203/1307/1302 1626/1308/1303 250/1309/1304
f 3229/1310/1305 434/1311/1306 433/1312/1307
f 251/1313/1308 1187/1314/1309 67/1303/1298
f 59/1315/1310 2385/1316/1311 2384/1317/1312
f 1366/321/320 250/1309/1304 1626/1308/1303
f 2895/304/304 2952/1318/1313 2385/1316/1311
f 157/1319/1314 253/1320/1315 277/856/853
f 1192/1321/1316 2376/1322/1317 2400/681/678
f 254/1323/1318 59/1315/1310 2384/1317/1312
f 778/1324/1319 48/258/258 1717/1325/1320
f 255/275/275 288/274/274 2841/1326/1321
f 339/295/295 51/1327/1322 2836/296/296
f 2246/489/486 86/491/488 2266/1328/1323
f 262/1329/1324 488/686/683 85/1330/1325
f 257/253/253 3311/1331/1326 252/254/254
f 2434/1332/1327 443/1333/1328 1258/1334/1329
f 165/896/893 174/898/895 3244/1335/1330
f 134/759/756 1096/761/758 2631/1336/1331
f 257/253/253 259/1337/1332 3311/1331/1326
f 259/1337/1332 339/295/295 52/294/294
f 86/491/488 1289/1338/1333 2266/1328/1323
f 827/1339/1334 367/1340/1335 1291/1341/1336
f 261/1342/1337 305/318/317 263/1343/1338
f 1366/321/320 824/323/322 250/1309/1304
f 1711/684/681 488/686/683 262/1329/1324
f 258/1344/1339 3079/1345/1340 1550/1346/1341
f 442/1347/1342 304/1348/1343 250/1309/1304
f 250/1309/1304 2425/1349/1344 3203/1307/1302
f 668/1350/1345 264/1351/1346 3027/1352/1347
f 1988/1353/1348 276/1354/1349 2268/1355/1350
f 242/1356/1351 265/1357/1352 1737/1358/1353
f 1839/1359/1354 218/1149/1146 2248/1177/1174
f 884/1360/1355 1607/1361/1356 266/1362/1357
f 2338/1363/1358 2566/1364/1359 2548/1365/1360
f 2686/1366/1361 2846/1367/1362 1646/1368/1363
f 1843/1369/1364 2563/1370/1365 2543/1371/1366
f 268/230/230 2365/1372/1367 2367/231/231
f 47/224/224 42/240/240 1634/225/225
f 1052/1373/1368 1112/1374/1369 1025/1375/1370
f 3178/29/29 2349/1376/1371 807/38/38
f 270/1377/1372 1854/202/202 36/229/229
f 2774/130/130 2917/1378/1373 31/1379/1374
f 1657/1380/1375 2515/203/203 1656/1381/1376
f 284/160/160 2655/162/162 1422/1382/1377
f 272/1383/1378 2668/1384/1379 2253/1385/1380
f 443/1333/1328 2253/1385/1380 1258/1334/1329
f 273/247/247 42/240/240 678/1386/1381
f 2365/1372/1367 273/247/247 664/249/249
f 1605/1387/1382 1166/1388/1383 274/1389/1384
f 3238/396/393 3082/1390/1385 75/360/357
f 1812/1391/1386 2434/1332/1327 1258/1334/1329
f 338/1392/1387 2434/1332/1327 1812/1391/1386
f 264/1351/1346 366/504/501 681/503/500
f 1988/1353/1348 264/1351/1346 681/503/500
f 277/856/853 264/1351/1346 1988/1353/1348
f 166/857/854 277/856/853 158/1393/1388
f 1120/1394/1389 848/1395/1390 2676/1396/1391
f 2651/1397/1392 267/1077/1074 1554/1398/1393
f 2720/1399/1394 166/857/854 3079/1345/1340
f 3079/1345/1340 166/857/854 158/1393/1388
f 1697/16/16 1849/1400/1395 1706/17/17
f 815/1401/1396 1784/1402/1397 806/1403/1398
f 1263/1404/1399 679/1405/1400 2436/1406/1401
f 1260/1407/1402 1266/1408/1403 1262/292/292
f 3177/1409/1404 281/1410/1405 2257/1411/1406
f 68/1412/399 1223/1413/1407 289/1414/1408
f 283/1415/1409 1264/1416/1410 2970/1417/1411
f 1100/1418/1412 1587/1419/1413 1284/201/201
f 2722/1420/1414 284/160/160 1422/1382/1377
f 2933/1421/1415 1710/1422/1416 1038/1423/1417
f 780/235/235 1277/237/237 285/1/1
f 1783/1424/1418 806/1403/1398 1784/1402/1397
f 281/1410/1405 1223/1413/1407 2257/1411/1406
f 995/440/437 657/1425/1419 282/1426/1420
f 287/291/291 55/293/293 47/224/224
f 325/1427/1421 47/224/224 40/223/223
f 47/224/224 55/293/293 2057/239/239
f 2057/239/239 55/293/293 510/1428/1422
f 289/1414/1408 1223/1413/1407 281/1410/1405
f 1188/182/182 1185/1429/1423 2674/180/180
f 2035/1430/1424 1733/886/883 500/885/882
f 1514/1431/1425 2714/1432/1426 1452/1433/1427
f 185/1434/1428 2574/958/955 2573/960/957
f 2478/1092/1089 2339/1435/1429 1403/1436/1430
f 1511/1437/1431 2188/1438/1432 2189/1439/1433
f 298/414/411 2614/1440/1434 2159/1441/1435
f 1585/1442/1436 3336/1443/1437 2490/1444/1438
f 2232/1445/1439 3221/1446/1440 1517/752/749
f 1904/354/351 1897/1447/1441 2832/1448/1442
f 675/1449/1443 87/500/497 3257/1450/1444
f 295/1451/1445 2746/1452/1446 412/1453/1447
f 3291/1454/1448 2817/1455/1449 1702/497/494
f 886/1456/1450 2500/1457/1451 2169/1458/1452
f 346/1459/1453 2171/1460/1454 1165/1461/1455
f 1623/1462/1456 184/976/973 502/979/976
f 2160/936/933 2870/938/935 2006/1463/1457
f 3018/1464/1458 63/324/323 1903/1465/1459
f 3017/448/445 3019/326/325 3016/449/446
f 2832/1448/1442 299/1466/1460 295/1451/1445
f 1897/1447/1441 299/1466/1460 2832/1448/1442
f 300/1467/1461 1511/1437/1431 2533/1468/1462
f 2517/1469/1463 3221/1446/1440 2232/1445/1439
f 2390/363/360 421/365/362 302/1470/1464
f 2545/1471/1465 65/1472/1466 2541/1473/1467
f 308/1474/1468 302/1470/1464 436/1475/1469
f 508/389/386 821/388/385 308/1474/1468
f 2841/1326/1321 1259/1476/1470 512/1477/1471
f 2836/296/296 51/1327/1322 305/318/317
f 442/1347/1342 3229/1310/1305 304/1348/1343
f 2425/1349/1344 3229/1310/1305 433/1312/1307
f 2256/1478/1472 1953/319/318 305/318/317
f 51/1327/1322 2256/1478/1472 305/318/317
f 307/1479/1473 303/348/345 62/1480/1474
f 2264/350/347 303/348/345 510/1428/1422
f 306/1481/1475 307/1479/1473 1953/319/318
f 512/1477/1471 306/1481/1475 319/1482/1476
f 301/346/343 55/293/293 1472/314/313
f 301/346/343 1472/314/313 423/1483/1477
f 571/1115/1112 313/1114/1111 309/1484/1478
f 1087/1102/1099 2247/1485/1479 2243/1486/1480
f 1183/1487/1481 207/1488/1482 310/1113/1110
f 2265/1489/1483 315/1160/1157 2391/1159/1156
f 311/1490/1484 314/1168/1165 224/1151/1148
f 2739/1150/1147 1324/1491/1485 224/1151/1148
f 223/1206/1203 312/1492/1486 492/1207/1204
f 216/1155/1152 494/1493/1487 314/1168/1165
f 310/1113/1110 216/1155/1152 313/1114/1111
f 216/1155/1152 314/1168/1165 318/1167/1164
f 312/1492/1486 223/1206/1203 314/1168/1165
f 2269/1494/1488 317/1218/1215 314/1168/1165
f 315/1160/1157 492/1207/1204 316/1154/1151
f 2389/1495/1489 1085/1496/1490 227/1214/1211
f 312/1492/1486 316/1154/1151 492/1207/1204
f 216/1155/1152 316/1154/1151 494/1493/1487
f 224/1151/1148 317/1218/1215 1615/1152/1149
f 314/1168/1165 317/1218/1215 224/1151/1148
f 313/1114/1111 216/1155/1152 318/1167/1164
f 309/1484/1478 313/1114/1111 2247/1485/1479
f 2261/1497/1491 319/1482/1476 51/1327/1322
f 319/1482/1476 306/1481/1475 51/1327/1322
f 2781/1498/1492 1858/1499/1493 320/1148/1145
f 1909/1500/1494 1109/1501/1495 2910/1502/1496
f 1789/1503/1497 2639/1504/1498 2935/1505/1499
f 841/867/864 768/838/835 2303/1506/1500
f 1069/1507/1501 1070/337/334 516/1508/1502
f 3000/1509/1503 873/469/466 2058/1510/1504
f 3051/1511/1505 2077/1512/1506 986/1513/1507
f 2593/1514/1508 2577/1515/1509 2578/1516/1510
f 1535/767/764 2347/1517/1511 1645/1518/1512
f 135/811/808 2956/1519/1513 1516/809/806
f 325/1427/1421 287/291/291 47/224/224
f 3177/1409/1404 1266/1408/1403 1260/1407/1402
f 97/554/551 1985/550/547 2592/555/552
f 1985/550/547 100/557/554 726/1520/1514
f 333/1521/1515 1473/1522/1516 1128/1523/1517
f 2152/1524/1518 1327/791/788 1798/1525/1519
f 440/820/817 2179/1526/1520 1160/818/815
f 428/1527/1521 154/1528/1522 673/1529/1523
f 2901/882/879 2888/917/914 429/883/880
f 328/1530/1524 2179/1526/1520 1137/1531/1525
f 1629/1532/1526 2823/730/727 1919/1533/1527
f 1714/1534/1528 2713/1535/1529 139/789/786
f 1164/1536/1530 2682/1537/1531 440/820/817
f 1715/1538/1532 330/786/783 2069/1539/1533
f 2823/730/727 2708/731/728 1919/1533/1527
f 1918/1540/1534 125/1541/1535 3093/1542/1536
f 1675/846/843 327/1543/1537 1757/847/844
f 144/1544/1538 489/1545/1539 1631/826/823
f 334/747/744 336/1546/1540 2656/1547/1541
f 2770/790/787 1937/1548/1542 1327/791/788
f 1919/1533/1527 125/1541/1535 1918/1540/1534
f 2374/1549/1543 682/1550/1544 471/1551/1545
f 139/789/786 2713/1535/1529 1629/1532/1526
f 2770/790/787 139/789/786 1937/1548/1542
f 330/786/783 2485/785/782 337/727/724
f 330/786/783 2713/1535/1529 2069/1539/1533
f 1418/1552/1546 2399/1553/1547 1446/1554/1548
f 2320/1555/1549 2733/1556/1550 1418/1552/1546
f 2253/1385/1380 2668/1384/1379 2261/1497/1491
f 255/275/275 2841/1326/1321 2261/1497/1491
f 2709/1557/1551 2618/1558/1552 3310/1559/1553
f 349/1560/1554 3122/1561/1555 3005/1562/1556
f 676/58/58 1487/57/57 350/1563/1557
f 1440/1564/1558 880/43/43 2090/1565/1559
f 349/1560/1554 342/62/62 3122/1561/1555
f 676/58/58 350/1563/1557 2926/1566/1560
f 344/1567/1561 654/1568/1562 3060/1569/1563
f 3248/79/79 1455/1570/1564 1638/1571/1565
f 1494/1572/1566 2791/1573/1567 1487/57/57
f 1485/41/41 880/43/43 1440/1564/1558
f 1852/1574/1568 1410/171/171 358/1575/1569
f 1643/1576/1570 2618/1558/1552 2343/1577/1571
f 2597/1578/1572 346/1459/1453 1165/1461/1455
f 351/1579/1573 348/103/103 346/1459/1453
f 2452/71/71 2291/70/70 340/1580/1574
f 3114/1581/1575 3005/1562/1556 340/1580/1574
f 2906/1582/1576 2905/1583/1577 351/1579/1573
f 3037/1584/1578 11/72/72 3337/94/94
f 349/1560/1554 3005/1562/1556 345/1585/1579
f 1429/61/61 1975/63/63 1430/1586/1580
f 10/76/76 2690/1587/1581 341/1588/1582
f 2691/1589/1583 1567/1590/1584 1455/1570/1564
f 351/1579/1573 346/1459/1453 2596/1591/1585
f 666/191/191 1898/190/190 1523/1592/1586
f 352/68/68 10/76/76 354/81/81
f 2393/1593/1587 2690/1587/1581 10/76/76
f 1341/1594/1588 27/1595/1589 3310/1559/1553
f 3037/1584/1578 3337/94/94 1506/1596/1590
f 2293/91/91 354/81/81 2736/92/92
f 347/67/67 1379/69/69 11/72/72
f 1439/606/603 106/1597/1591 3119/607/604
f 743/1598/1592 2352/1599/1593 2432/1600/1594
f 358/1575/1569 362/1601/1595 361/1602/1596
f 1924/255/255 32/1603/1597 2305/232/232
f 1965/1604/1598 2732/1605/1599 730/352/349
f 883/170/170 2435/1606/1600 1055/1607/1601
f 2709/1557/1551 362/1601/1595 358/1575/1569
f 2343/1577/1571 2618/1558/1552 2709/1557/1551
f 63/324/323 359/1608/1602 1671/1609/1603
f 1523/1592/1586 3268/1610/1604 359/1608/1602
f 360/1611/1605 63/324/323 2306/1612/1606
f 63/324/323 1523/1592/1586 359/1608/1602
f 361/1602/1596 1924/255/255 357/257/257
f 56/1613/1607 1852/1574/1568 357/257/257
f 356/234/234 1924/255/255 2305/232/232
f 1924/255/255 356/234/234 1926/353/350
f 1302/1614/1608 76/1615/1609 2761/1616/1610
f 1497/332/331 1303/1617/1611 3169/1618/1612
f 251/1313/1308 1865/1619/1613 1187/1314/1309
f 655/378/375 3305/380/377 2818/1620/1614
f 388/1621/1615 365/1622/1616 1491/1623/1617
f 121/682/679 2942/1624/1618 684/683/680
f 2942/1624/1618 3290/479/476 78/1625/1619
f 1491/1623/1617 365/1622/1616 2942/1624/1618
f 1496/1626/1620 677/1627/1621 814/1628/1622
f 1288/1629/1623 1075/306/306 49/305/305
f 2428/1630/1624 3008/1631/1625 3297/1632/1626
f 376/1633/1627 375/1634/1628 190/1635/1629
f 2912/1636/1630 368/1062/1059 200/1061/1058
f 2273/1637/1631 829/1638/1632 377/1639/1633
f 2439/1640/1634 370/1000/997 189/1011/1008
f 374/1007/1004 379/1009/1006 376/1633/1627
f 201/1641/1635 648/1642/1636 645/1643/1637
f 1004/1644/1638 645/1643/1637 634/1645/1639
f 825/1646/1640 2549/1647/1641 1974/1648/1642
f 476/1649/1643 3308/1650/1644 491/1651/1645
f 1973/1652/1646 3318/1653/1647 369/1654/1648
f 1295/1053/1050 3308/1650/1644 3327/1655/1649
f 374/1007/1004 376/1633/1627 190/1635/1629
f 970/1052/1049 3308/1650/1644 1295/1053/1050
f 2239/1656/1650 3154/1657/1651 475/1658/1652
f 477/1659/1653 2912/1636/1630 2992/1660/1654
f 829/1638/1632 653/1661/1655 377/1639/1633
f 653/1661/1655 370/1000/997 2439/1640/1634
f 377/1639/1633 653/1661/1655 2439/1640/1634
f 2229/1662/1656 3008/1631/1625 191/1663/1657
f 475/1658/1652 3154/1657/1651 378/1664/1658
f 375/1634/1628 653/1661/1655 829/1638/1632
f 653/1661/1655 3069/1665/1659 370/1000/997
f 3069/1665/1659 1622/1666/1660 370/1000/997
f 380/1667/1661 2728/589/586 2437/1668/1662
f 685/1669/1663 2074/1670/1664 2466/1671/1665
f 381/595/592 2140/1672/1666 1479/1673/1667
f 2985/1674/1668 1566/1675/1669 389/1676/1670
f 1113/1677/1671 382/1678/1672 549/713/710
f 2222/1679/1673 2994/1680/1674 1175/596/593
f 104/1681/1675 383/1682/1676 2012/1683/1677
f 2131/1684/1678 1910/1685/1679 389/1676/1670
f 2459/1686/1680 384/1687/1681 3198/590/587
f 2683/1688/1682 1001/1689/1683 2141/1690/1684
f 1113/1677/1671 385/1691/1685 382/1678/1672
f 1962/1692/1686 3261/1693/1687 121/682/679
f 1030/1694/1688 104/1681/1675 384/1687/1681
f 1565/1695/1689 586/1696/1690 1935/1697/1691
f 2459/1686/1680 1030/1694/1688 384/1687/1681
f 2889/583/580 386/1698/1692 380/1667/1661
f 2993/1699/1693 381/595/592 1479/1673/1667
f 385/1691/1685 1190/1700/1694 1962/1692/1686
f 1001/1689/1683 1549/1701/1695 2141/1690/1684
f 105/598/595 2894/477/474 3290/479/476
f 2370/1702/1696 114/1703/1697 2372/1704/1698
f 3329/1705/1699 2109/1706/1700 1033/1707/1701
f 389/1676/1670 1548/1708/1702 391/1709/1703
f 2141/1690/1684 1549/1701/1695 2894/477/474
f 392/1710/1704 1001/1689/1683 2683/1688/1682
f 2007/1711/1705 2683/1688/1682 1395/594/591
f 2395/1712/1706 2405/199/199 1942/1713/1707
f 16/1714/1708 1036/1715/1709 1946/1716/1710
f 853/167/167 2344/169/169 38/1717/1711
f 1611/1718/1712 853/167/167 2495/1719/1713
f 1036/1715/1709 16/1714/1708 1099/1720/1714
f 1912/1721/1715 1846/1722/1716 2086/1723/1717
f 3121/1724/1718 396/1725/1719 2195/277/277
f 1742/204/204 395/184/184 1339/1726/1720
f 2613/1727/1721 2972/1728/1722 1043/1729/1723
f 2419/1730/1724 833/44/44 3267/1731/1725
f 1705/1732/1726 269/1733/1727 2951/1734/1728
f 1663/1735/1729 1705/1732/1726 3167/20/20
f 1495/1736/1730 399/1737/1731 1051/1738/1732
f 1662/1739/1733 1705/1732/1726 2951/1734/1728
f 1023/1740/1734 71/1741/1735 3197/1742/1736
f 838/1743/1737 2495/1719/1713 3179/250/250
f 1781/1744/1738 2151/19/19 481/21/21
f 458/4/4 1837/6/6 2048/10/10
f 2999/1745/1739 485/1746/1740 2102/1747/1741
f 833/44/44 2999/1745/1739 1406/45/45
f 2710/611/608 405/610/607 411/1748/1742
f 864/1749/1743 2928/1750/1744 2499/1751/1745
f 638/1752/1746 137/1753/1747 152/1754/1748
f 129/1755/1749 137/1753/1747 2118/1756/1750
f 2111/1757/1751 3197/1742/1736 864/1749/1743
f 3197/1742/1736 831/1758/1752 864/1749/1743
f 411/1748/1742 406/1759/1753 410/1760/1754
f 1427/1761/1755 406/1759/1753 411/1748/1742
f 2907/1762/1756 1462/1763/1757 407/1764/1758
f 2334/1765/1759 1845/751/748 2806/750/747
f 2907/1762/1756 300/1467/1461 1462/1763/1757
f 2833/498/495 3257/1450/1444 2834/1766/1760
f 293/1767/1761 2045/884/881 1733/886/883
f 2232/1445/1439 1517/752/749 2606/1768/1762
f 1568/783/780 410/1760/1754 2088/784/781
f 2919/708/705 1432/626/623 143/1769/1763
f 2710/611/608 411/1748/1742 152/1754/1748
f 411/1748/1742 410/1760/1754 1568/783/780
f 1617/1770/1764 2928/1750/1744 412/1453/1447
f 2341/624/621 1432/626/623 2741/707/704
f 2053/1771/1765 155/851/848 163/850/847
f 1128/1523/1517 1473/1522/1516 1560/1772/1766
f 249/1773/1767 414/1774/1768 2221/1775/1769
f 3203/1307/1302 2425/1349/1344 3112/1776/1770
f 415/1777/1771 74/1778/1772 2885/1779/1773
f 2024/376/373 1996/375/372 1428/1780/1774
f 1608/1781/1775 414/1774/1768 416/1782/1776
f 2884/1783/1777 74/1778/1772 1670/1784/1778
f 2319/1785/1779 417/1786/1780 422/1787/1781
f 2161/315/314 1014/1788/1782 2121/1789/1783
f 228/1215/1212 418/1790/1784 487/1791/1785
f 230/1217/1214 1179/1792/1786 3275/1225/1222
f 1129/1793/1787 2052/1794/1788 1672/1795/1789
f 430/1796/1790 1729/1797/1791 2380/1798/1792
f 303/348/345 420/347/344 62/1480/1474
f 62/1480/1474 437/373/370 1220/372/369
f 301/346/343 423/1483/1477 420/347/344
f 437/373/370 426/1799/1793 3293/374/371
f 2318/1800/1794 426/1799/1793 2877/1801/1795
f 415/1777/1771 669/1802/1796 2294/1803/1797
f 308/1474/1468 431/1804/1798 2585/1805/1799
f 421/365/362 2979/1806/1800 2319/1785/1779
f 2314/1807/1801 424/1808/1802 2876/1809/1803
f 424/1808/1802 2637/1810/1804 1797/1811/1805
f 424/1808/1802 2121/1789/1783 2876/1809/1803
f 669/1802/1796 2783/1812/1806 2294/1803/1797
f 2585/1805/1799 431/1804/1798 426/1799/1793
f 437/373/370 435/1813/1807 426/1799/1793
f 74/1778/1772 2016/1814/1808 1670/1784/1778
f 1428/1780/1774 1996/375/372 74/1778/1772
f 1630/1815/1809 154/1528/1522 428/1527/1521
f 1675/846/843 1963/1816/1810 327/1543/1537
f 173/1817/1811 429/883/880 329/1818/1812
f 1630/1815/1809 1963/1816/1810 2051/1819/1813
f 2054/1820/1814 430/1796/1790 413/888/885
f 2784/1821/1815 2051/1819/1813 2054/1820/1814
f 431/1804/1798 421/365/362 438/1822/1816
f 436/1475/1469 302/1470/1464 421/365/362
f 421/365/362 1795/1823/1817 2979/1806/1800
f 2314/1807/1801 2876/1809/1803 417/1786/1780
f 433/1312/1307 416/1782/1776 3112/1776/1770
f 2425/1349/1344 433/1312/1307 3112/1776/1770
f 434/1311/1306 415/1777/1771 2885/1779/1773
f 2318/1800/1794 2877/1801/1795 415/1777/1771
f 423/1483/1477 435/1813/1807 437/373/370
f 423/1483/1477 308/1474/1468 2585/1805/1799
f 436/1475/1469 421/365/362 431/1804/1798
f 308/1474/1468 436/1475/1469 431/1804/1798
f 62/1480/1474 420/347/344 437/373/370
f 420/347/344 423/1483/1477 437/373/370
f 431/1804/1798 438/1822/1816 426/1799/1793
f 426/1799/1793 2319/1785/1779 2877/1801/1795
f 1473/1522/1516 1799/1824/1818 1573/1825/1819
f 333/1521/1515 1798/1525/1519 1473/1522/1516
f 440/820/817 2766/1826/1820 2179/1526/1520
f 440/820/817 1715/1538/1532 2766/1826/1820
f 2733/1556/1550 2398/1827/1821 1418/1552/1546
f 2733/1556/1550 1582/1828/1822 1368/1829/1823
f 261/1342/1337 263/1343/1338 3228/1830/1824
f 1248/322/321 261/1342/1337 2615/1831/1825
f 996/1832/1826 272/1383/1378 2253/1385/1380
f 2583/1833/1827 2367/231/231 3156/1834/1828
f 355/537/534 3164/539/536 2704/1835/1829
f 1727/703/700 116/1836/1830 3135/704/701
f 1450/1837/1831 445/506/503 448/1838/1832
f 743/1598/1592 1821/536/533 2352/1599/1593
f 2004/1839/1833 2635/1840/1834 449/541/538
f 1450/1837/1831 448/1838/1832 2097/1841/1835
f 1893/1842/1836 447/1843/1837 674/538/535
f 95/545/542 495/1844/1838 2785/544/541
f 2097/1841/1835 448/1838/1832 2635/1840/1834
f 1834/510/507 2767/512/509 2634/513/510
f 449/541/538 89/1845/1839 2471/1846/1840
f 651/1847/1841 2871/1848/1842 490/548/545
f 2378/1849/1843 1788/1850/1844 762/802/799
f 2052/1794/1788 145/1851/1845 2167/1852/1846
f 451/1853/1847 1776/1854/1848 469/1855/1849
f 1126/1856/1850 1778/1857/1851 2357/1858/1852
f 2173/1859/1853 2992/1660/1654 2626/1860/1854
f 2091/1861/1855 2992/1660/1654 2173/1859/1853
f 1158/1862/1856 1474/1863/1857 1210/1864/1858
f 1108/1865/1859 752/1137/1134 760/1866/1860
f 2821/1867/1861 78/1625/1619 454/1868/1862
f 1754/1869/1863 2821/1867/1861 454/1868/1862
f 2893/478/475 2892/385/382 1486/384/381
f 391/1709/1703 1548/1708/1702 1489/1870/1864
f 1310/600/597 456/602/599 2521/1871/1865
f 1173/1872/1866 2717/1873/1867 1021/334/332
f 1147/1874/1868 457/1187/1184 1943/1188/1185
f 1951/1875/1869 1839/1359/1354 457/1187/1184
f 1/1876/1870 1352/1877/1871 401/1878/1872
f 401/1878/1872 2946/1879/1873 3/1880/1874
f 2237/1057/1054 1806/1881/1875 1973/1652/1646
f 1646/1368/1363 2651/1397/1392 278/1882/1876
f 460/1883/1877 2759/1884/1878 2041/1885/1879
f 1558/1886/1880 460/1883/1877 2041/1885/1879
f 461/753/750 1388/801/798 3061/754/751
f 3116/1887/1881 145/1851/1845 450/1888/1882
f 1859/1889/1883 462/1890/1884 791/1891/1885
f 1217/1892/1886 3185/1893/1887 1238/1894/1888
f 463/1041/1038 537/1043/1040 1020/1050/1047
f 2015/1895/1889 3185/1893/1887 2317/1896/1890
f 464/832/829 482/831/828 670/1897/1891
f 389/1676/1670 1566/1675/1669 1548/1708/1702
f 677/1627/1621 454/1868/1862 465/327/326
f 677/1627/1621 465/327/326 1290/1898/1892
f 466/1284/1280 1775/1899/1893 3184/1285/1281
f 1208/1900/1894 453/1901/1255 798/1199/1196
f 2569/1263/1260 2056/1262/1259 1126/1856/1850
f 1681/1902/1895 2839/1903/1896 460/1883/1877
f 776/1904/1897 468/1905/1898 1679/1906/1899
f 1597/9/9 1761/13/13 1159/15/15
f 460/1883/1877 469/1855/1849 1408/1907/1900
f 460/1883/1877 2839/1903/1896 469/1855/1849
f 470/1908/1901 185/1434/1428 159/1909/1902
f 1278/493/490 2660/1910/1903 473/420/417
f 332/748/745 471/1551/1545 2278/1911/1904
f 471/1551/1545 682/1550/1544 2279/1912/1905
f 2278/1911/1904 471/1551/1545 2279/1912/1905
f 3061/754/751 667/1913/1906 2181/755/752
f 473/420/417 1880/1914/1907 76/1615/1609
f 473/420/417 76/1615/1609 1302/1614/1608
f 278/1882/1876 474/1058/1055 1807/1079/1076
f 1973/1652/1646 825/1646/1640 1974/1648/1642
f 1974/1648/1642 2549/1647/1641 2567/1059/1056
f 477/1659/1653 2992/1660/1654 2091/1861/1855
f 369/1654/1648 476/1649/1643 491/1651/1645
f 373/1915/1908 476/1649/1643 369/1654/1648
f 475/1658/1652 2912/1636/1630 477/1659/1653
f 372/1916/1909 2549/1647/1641 477/1659/1653
f 1693/1917/1910 296/117/117 478/119/119
f 1303/1617/1611 1483/1918/1911 2498/1919/1912
f 46/219/219 1145/218/218 479/1920/1913
f 478/119/119 2927/1921/1914 2500/1457/1451
f 480/59/59 8/56/56 676/58/58
f 1492/1922/1915 493/37/37 8/56/56
f 1912/1721/1715 1064/1923/1916 1846/1722/1716
f 2176/14/14 1913/1924/1917 1159/15/15
f 482/831/828 2687/733/730 670/1897/1891
f 1808/1925/1918 1403/1436/1430 2339/1435/1429
f 1933/120/120 662/1926/1919 483/121/121
f 3049/1927/1920 1587/1419/1413 1100/1418/1412
f 454/1868/1862 484/328/327 465/327/326
f 78/1625/1619 1486/384/381 454/1868/1862
f 7/53/53 485/1746/1740 1423/1928/1921
f 1492/1922/1915 8/56/56 2792/1929/1922
f 332/748/745 2374/1549/1543 471/1551/1545
f 336/1546/1540 1919/1533/1527 2656/1547/1541
f 1189/1216/1213 487/1791/1785 230/1217/1214
f 487/1791/1785 418/1790/1784 230/1217/1214
f 488/686/683 256/1930/1923 2622/1931/1924
f 488/686/683 2234/685/682 256/1930/1923
f 1631/826/823 489/1545/1539 2337/1932/1925
f 333/1521/1515 2152/1524/1518 1798/1525/1519
f 97/554/551 490/548/545 1985/550/547
f 95/545/542 2785/544/541 2408/546/543
f 491/1651/1645 3308/1650/1644 1469/1933/1926
f 3154/1657/1651 1469/1933/1926 378/1664/1658
f 492/1207/1204 227/1214/1211 1253/1208/1205
f 2389/1495/1489 227/1214/1211 492/1207/1204
f 493/37/37 5/1934/1927 1494/1572/1566
f 493/37/37 1481/1935/1928 5/1934/1927
f 314/1168/1165 494/1493/1487 312/1492/1486
f 494/1493/1487 316/1154/1151 312/1492/1486
f 95/545/542 447/1843/1837 495/1844/1838
f 2097/1841/1835 2635/1840/1834 2004/1839/1833
f 496/27/27 3070/32/32 402/28/28
f 1064/1923/1916 4/1936/1929 1846/1722/1716
f 3321/1937/1930 195/1030/1027 3214/1938/1931
f 939/990/987 188/970/967 2604/1939/1932
f 1353/1940/1933 926/1941/1934 498/1942/1935
f 201/1641/1635 1353/1940/1933 648/1642/1636
f 379/1009/1006 499/1008/1005 186/1943/1936
f 1320/977/974 184/976/973 2044/1944/1937
f 409/1945/1938 164/1946/1939 500/885/882
f 1068/1947/1940 141/762/759 636/764/761
f 164/1946/1939 1458/1948/1941 500/885/882
f 500/885/882 1458/1948/1941 2035/1430/1424
f 2006/1463/1457 297/1949/1942 503/1950/1943
f 2006/1463/1457 293/1767/1761 297/1949/1942
f 503/1950/1943 297/1949/1942 1182/1951/1944
f 290/1952/1945 501/1953/1946 1514/1431/1425
f 1689/1954/1947 1940/1955/1948 661/995/992
f 3053/1956/1949 2748/1957/1950 2747/1958/1951
f 2229/1662/1656 2987/1010/1007 1728/1012/1009
f 1004/1644/1638 201/1641/1635 645/1643/1637
f 499/1008/1005 650/1006/1003 186/1943/1936
f 1465/1005/1002 650/1006/1003 499/1008/1005
f 2283/1959/1952 2216/1960/1953 1343/1961/1954
f 650/1006/1003 1623/1462/1456 186/1943/1936
f 508/389/386 1472/314/313 60/313/312
f 1266/1408/1403 657/1425/1419 511/1962/1955
f 509/1963/1956 508/389/386 60/313/312
f 656/442/439 1186/1964/1957 521/1965/1958
f 510/1428/1422 303/348/345 2665/1966/1959
f 512/1477/1471 307/1479/1473 306/1481/1475
f 511/1962/1955 509/1963/1956 60/313/312
f 1262/292/292 60/313/312 55/293/293
f 1259/1476/1470 510/1428/1422 512/1477/1471
f 512/1477/1471 510/1428/1422 2665/1966/1959
f 2828/1967/1960 1026/1968/1961 2392/1969/1962
f 57/1970/1963 2580/1971/1964 1059/1972/1965
f 3298/1973/1966 1073/244/244 3120/1974/1967
f 1502/1975/1968 1385/317/316 61/316/315
f 2847/1976/1969 3281/1977/1970 1864/1978/1971
f 2315/336/333 64/338/335 1864/1978/1971
f 79/453/450 1923/437/434 2649/439/436
f 2315/336/333 1864/1978/1971 3281/1977/1970
f 517/245/245 2852/1979/1972 514/246/246
f 2330/227/227 976/270/270 793/1980/1973
f 515/387/384 523/1981/1974 2541/1473/1467
f 1864/1978/1971 64/338/335 2558/1982/1975
f 519/1983/1976 523/1981/1974 515/387/384
f 522/1984/1977 519/1983/1976 515/387/384
f 2544/1985/1978 64/338/335 1072/1986/1979
f 2473/1987/1980 2899/1988/1981 64/338/335
f 2847/1976/1969 3262/1989/1982 2995/1990/1983
f 2029/1991/1984 2995/1990/1983 509/1963/1956
f 515/387/384 508/389/386 522/1984/1977
f 508/389/386 509/1963/1956 522/1984/1977
f 2558/1982/1975 64/338/335 2544/1985/1978
f 2545/1471/1465 518/1992/1985 65/1472/1466
f 524/1993/1986 136/1994/1987 3147/1995/1988
f 1719/1996/1989 742/736/733 1093/1997/1990
f 120/1998/1991 1314/1999/1992 1791/2000/1993
f 120/1998/1991 2188/1438/1432 1511/1437/1431
f 1816/2001/1994 526/300/300 2662/286/286
f 2168/2002/1995 2572/2003/1996 1460/2004/1997
f 527/637/634 1884/676/673 115/638/635
f 3090/2005/1998 1370/2006/1999 2226/2007/2000
f 28/158/158 528/2008/2001 24/159/159
f 929/2009/2002 1855/193/193 3294/192/192
f 103/2010/2003 1678/572/569 2673/2011/2004
f 102/570/567 1678/572/569 1701/2012/2005
f 227/1214/1211 530/2013/2006 1230/2014/2007
f 1558/1886/1880 1287/1241/1238 1235/1243/1240
f 1085/1496/1490 2386/2015/2008 531/2016/2009
f 1161/2017/2010 1202/1222/1219 1232/2018/2011
f 108/2019/2012 614/2020/2013 2275/2021/2014
f 2333/2022/2015 2277/2023/2016 612/2024/2017
f 533/2025/2018 560/2026/2019 1011/1250/1247
f 1847/2027/2020 2814/1274/1270 1386/2028/2021
f 960/1220/1217 534/2029/2022 1194/1221/1218
f 233/2030/2023 704/1249/1246 2797/1251/1248
f 3226/2031/2024 1720/2032/2025 2752/2033/2026
f 840/2034/2027 1407/2035/2028 707/149/149
f 1856/222/222 3299/2036/2029 536/198/198
f 999/178/178 1322/177/177 39/2037/2030
f 1540/1046/1043 197/1045/1042 1401/2038/2031
f 1540/1046/1043 2531/2039/2032 1296/1056/1053
f 2182/2040/2033 637/2041/2034 1680/2042/2035
f 920/2043/2036 2156/2044/2037 671/2045/2038
f 872/2046/2039 2089/2047/2040 1333/2048/2041
f 1983/2049/2042 3050/986/983 1907/2050/2043
f 2800/2051/2044 394/52/52 2219/55/55
f 747/50/50 394/52/52 2800/2051/2044
f 547/2052/2045 541/900/897 2139/2053/2046
f 1639/2054/2047 2378/1849/1843 762/802/799
f 967/2055/2048 1619/2056/2049 1444/2057/2050
f 695/2058/2051 774/406/403 1664/408/405
f 2288/2059/2052 1721/2060/2053 2289/2061/2054
f 1148/2062/2055 3210/2063/2056 1203/2064/2057
f 3235/2065/2058 685/1669/1663 2466/1671/1665
f 546/2066/2059 1383/669/666 1815/2067/2060
f 148/804/801 2099/2068/2061 2508/2069/2062
f 1537/2070/2063 546/2066/2059 1815/2067/2060
f 667/1913/1906 546/2066/2059 2181/755/752
f 3196/2071/2064 335/2072/2065 2284/666/663
f 2816/2073/2066 156/2074/2067 3126/2075/2068
f 1293/2076/2069 2281/855/852 1556/2077/2070
f 548/2078/2071 545/714/711 2166/2079/2072
f 683/2080/2073 1815/2067/2060 1383/669/666
f 548/2078/2071 2166/2079/2072 1636/808/805
f 3027/1352/1347 2855/2081/2074 668/1350/1345
f 1850/907/904 169/908/905 550/2082/2075
f 922/2083/2076 1645/1518/1512 1342/2084/2077
f 132/2085/2078 2777/2086/2079 2776/2087/2080
f 2900/2088/2081 2438/615/612 2135/617/614
f 2226/2007/2000 1370/2006/1999 2032/2089/2082
f 2031/2090/2083 146/2091/2084 3316/2092/2085
f 1116/721/718 802/2093/2086 2019/722/719
f 2760/2094/2087 2546/2095/2088 602/2096/2089
f 554/1110/1107 626/1109/1106 1399/2097/2090
f 2923/2098/2091 371/1028/1025 2115/1027/1024
f 3333/2099/2092 2802/2100/2093 23/2101/2094
f 2491/2102/2095 28/158/158 2725/157/157
f 734/1209/1206 1466/2103/2096 543/1210/1207
f 3115/2104/2097 787/1229/1226 1117/2105/2098
f 580/2106/2099 557/2107/2100 2369/2108/2101
f 858/2109/2102 1177/2110/2103 238/2111/2104
f 3200/2112/2105 1239/2113/2106 2639/1504/1498
f 1080/843/840 3153/2114/2107 1079/871/868
f 1195/2115/2108 687/2116/2109 985/2117/2110
f 237/2118/2111 1006/2119/2112 1873/2120/2113
f 2193/2121/2114 245/1293/1288 894/1295/1290
f 1168/1247/1244 2300/1292/1287 2021/2122/2115
f 594/1131/1128 561/2123/2116 213/1132/1129
f 1614/1083/1080 2984/2124/2117 720/2125/2118
f 1944/2126/2119 562/735/732 1119/2127/2120
f 3323/768/765 852/770/767 964/2128/2121
f 2591/2129/2122 1616/2130/2123 3332/2131/2124
f 783/2132/2125 1555/2133/2126 782/2134/2127
f 564/2135/2128 2185/2136/2129 2673/2011/2004
f 2804/2137/2130 1313/2138/2131 790/2139/2132
f 1581/2140/2133 2062/655/652 3111/654/651
f 1633/2141/2134 954/2142/2135 3237/2143/2136
f 971/2144/2137 566/2145/2138 972/2146/2139
f 1698/2147/2140 1300/2148/2141 1628/2149/2142
f 73/410/407 1958/2150/2143 1749/2151/2144
f 835/2152/2145 1628/2149/2142 2924/2153/2146
f 1527/2154/2147 1337/2155/2148 1825/839/836
f 1901/2156/2149 136/1994/1987 3193/2157/2150
f 23/2101/2094 1598/2158/2151 3334/2159/2152
f 1357/2160/2153 2624/197/197 25/196/196
f 570/2161/2154 1066/2162/2155 1530/2163/2156
f 2050/2164/2157 1765/925/922 1304/2165/2158
f 1183/1487/1481 310/1113/1110 571/1115/1112
f 615/2166/2159 202/2167/2160 2039/2168/2161
f 1862/2169/2162 1861/865/862 881/864/861
f 1635/837/834 1712/2170/2163 1162/2171/2164
f 1010/2172/2165 1928/2173/2166 2451/2174/2167
f 3331/2175/2168 2311/2176/2169 232/2177/2170
f 2536/2178/2171 3243/151/151 3150/150/150
f 2037/2179/2172 1279/186/186 1830/2180/2173
f 1177/2181/2103 575/2182/2174 238/2111/2104
f 3012/2183/2175 723/1142/1139 3013/2184/2176
f 1908/2185/2177 576/1174/1171 2446/2186/2178
f 1653/2187/2179 2212/2188/2180 1652/1104/1101
f 973/2189/2181 1842/1186/1183 2003/1200/1197
f 1360/2190/2182 714/2191/2183 3118/2192/2184
f 2267/2193/2185 927/2194/2186 1503/2195/2187
f 2249/2196/2188 3266/1184/1181 577/2197/2189
f 1957/2198/2190 1298/2199/2191 979/2200/2192
f 717/566/563 1298/2199/2191 2427/2201/2193
f 580/2106/2099 1952/2202/2194 557/2107/2100
f 1948/2203/2195 2559/2204/2196 3028/2205/2197
f 3044/2206/2198 2827/1300/1295 581/2207/2199
f 575/2182/2174 1762/2208/2200 2093/2209/2201
f 1602/290/290 2808/2210/2202 844/2211/2203
f 1561/2212/2204 1090/765/762 324/2213/2205
f 2724/64/64 965/2214/2206 740/2215/2207
f 697/2216/2208 1989/141/141 2859/143/143
f 570/2161/2154 1530/2163/2156 1774/2217/2209
f 147/2218/2210 1029/2219/2211 1824/2220/2212
f 3193/2157/2150 136/1994/1987 585/2221/2213
f 3086/701/698 2703/700/697 1727/703/700
f 624/577/574 3312/2222/2214 629/578/575
f 1420/533/530 1419/2223/2215 877/2224/2216
f 2518/2225/2217 587/663/660 588/662/659
f 2279/1912/1905 682/1550/1544 2518/2225/2217
f 2013/664/661 2110/2226/2218 2874/665/662
f 1704/2227/2219 387/576/573 631/582/579
f 3292/2228/2220 130/673/670 1814/672/669
f 856/2229/2221 942/2230/2222 1244/794/791
f 942/2230/2222 2787/795/792 1244/794/791
f 1351/821/818 832/875/872 941/874/871
f 1541/145/145 591/2231/2223 574/146/146
f 1144/2232/2224 1830/2180/2173 2047/2233/2225
f 3090/2005/1998 592/797/794 1370/2006/1999
f 2648/2234/2226 711/746/743 1437/828/825
f 772/648/645 2450/2235/2227 2449/649/646
f 2695/2236/2228 2067/2237/2229 1562/2238/2230
f 1891/1164/1161 2532/2239/2231 594/1131/1128
f 1255/1105/1102 561/2123/2116 594/1131/1128
f 2039/2168/2161 202/2167/2160 992/2240/2232
f 992/2240/2232 309/1484/1478 2084/1101/1098
f 2555/924/921 1358/926/923 2252/2241/2233
f 3161/923/920 1242/922/919 1101/2242/2234
f 2100/2243/2235 1868/2244/948 2448/2245/2236
f 2448/2245/2236 1360/2190/2182 3118/2192/2184
f 1742/204/204 1831/2246/2237 598/212/212
f 2913/2247/2238 2959/2248/2239 43/2249/2240
f 1786/2250/2241 285/1/1 1782/3/3
f 1654/2251/2242 3287/2252/2243 810/8/8
f 789/2253/2244 170/2254/2245 1079/871/868
f 1967/913/910 1443/914/911 2880/2255/2246
f 890/1117/1114 2960/2256/2247 1748/1118/1115
f 219/2257/2248 1466/2103/2096 734/1209/1206
f 3286/2258/2249 603/2259/2250 602/2096/2089
f 1461/2260/2251 2175/2261/2252 1412/723/720
f 3043/2262/2253 603/2259/2250 2336/2263/2254
f 1132/483/480 3043/2262/2253 1857/484/481
f 1534/982/979 1102/2264/2255 605/983/980
f 176/2265/2256 2731/2266/2257 2640/2267/2258
f 1794/2268/2259 2731/2266/2257 176/2265/2256
f 2336/2263/2254 1794/2268/2259 3043/2262/2253
f 2552/2269/2260 606/454/451 1024/2270/2261
f 3232/2271/2262 1521/2272/2263 1034/391/388
f 1411/2273/2264 607/2274/2265 1519/863/860
f 3288/2275/2266 1861/865/862 1862/2169/2162
f 608/2276/2267 915/2277/2268 1181/2278/2269
f 3095/2279/2270 608/2276/2267 2363/2280/2271
f 686/2281/2272 892/2282/2273 3096/2283/2274
f 892/2282/2273 915/2277/2268 608/2276/2267
f 610/942/939 1285/944/941 1931/2284/2275
f 3338/2285/2276 610/942/939 3340/2286/2277
f 228/1215/1212 611/2287/2278 418/1790/1784
f 2258/2288/2279 1558/1886/1880 1235/1243/1240
f 612/2024/2017 2277/2023/2016 1363/2289/2280
f 2862/2290/2281 1413/653/650 1755/2291/2282
f 2609/2292/2283 112/2293/2284 2177/2294/2285
f 1578/2295/2286 1976/2296/2287 1219/2297/2288
f 2592/555/552 614/2020/2013 2296/556/553
f 326/2298/2289 1985/550/547 726/1520/1514
f 991/2299/2290 597/1019/1016 2009/1021/1018
f 1931/2284/2275 1285/944/941 1746/2300/2291
f 368/1062/1059 2625/2301/2292 616/1063/1060
f 1518/2302/2293 1728/1012/1009 2796/2303/2294
f 1201/1119/1116 193/2304/2295 2125/2305/2296
f 1201/1119/1116 1748/1118/1115 193/2304/2295
f 618/2306/2297 205/2307/2298 2644/2308/2299
f 2156/2044/2037 920/2043/2036 538/2309/2300
f 185/1434/1428 646/2310/2301 2574/958/955
f 646/2310/2301 2114/2311/2302 291/967/964
f 1574/2312/2303 564/2135/2128 2673/2011/2004
f 1574/2312/2303 2673/2011/2004 632/2313/2304
f 2018/2314/2305 129/1755/1749 2119/2315/2306
f 404/954/951 2119/2315/2306 1275/2316/2307
f 1998/678/675 622/939/936 2953/2317/2308
f 622/939/936 179/941/938 183/961/958
f 3060/1569/1563 343/2318/2309 3123/66/66
f 3123/66/66 343/2318/2309 9/2319/2310
f 624/577/574 387/576/573 1704/2227/2219
f 620/2320/2311 2307/575/572 2411/2321/2312
f 1769/1091/1088 1228/1090/1087 625/2322/2313
f 2505/2323/2314 210/1136/1133 1528/2324/2315
f 1399/2097/2090 626/1109/1106 1584/2325/2316
f 2872/1073/1070 2302/2326/2317 729/2327/2318
f 883/170/170 1659/2328/2319 2220/173/173
f 659/2329/2320 2792/1929/1922 2143/60/60
f 2136/2330/2321 1137/1531/1525 628/2331/2322
f 1392/872/869 328/1530/1524 2520/2332/2323
f 1906/2333/2324 586/1696/1690 1565/1695/1689
f 1419/2223/2215 3064/2334/2325 2170/2335/2326
f 630/2336/2327 564/2135/2128 1574/2312/2303
f 1918/1540/1534 3093/1542/1536 2978/2337/2328
f 2110/2226/2218 631/582/579 113/2338/2329
f 2107/634/631 631/582/579 2940/2339/2330
f 588/662/659 111/661/658 632/2313/2304
f 588/662/659 632/2313/2304 2013/664/661
f 470/1908/1901 159/1909/1902 633/2340/2331
f 2210/2341/2332 1044/2342/2333 658/394/391
f 2754/2343/2334 643/2344/2335 2043/2345/2336
f 2105/1064/1061 2754/2343/2334 2657/1068/1065
f 1068/1947/1940 636/764/761 635/2346/2337
f 290/1952/1945 2957/2347/2338 501/1953/1946
f 2957/2347/2338 636/764/761 2589/2348/2339
f 2671/2349/2340 2345/2350/2341 1459/966/963
f 637/2041/2034 2489/2351/2342 1680/2042/2035
f 2699/2352/2343 204/2353/2344 1155/1080/1077
f 638/1752/1746 152/1754/1748 3042/2354/2345
f 2748/1957/1950 621/945/942 504/947/944
f 639/2355/2346 654/1568/1562 344/1567/1561
f 2791/1573/1567 639/2355/2346 1487/57/57
f 3091/657/654 640/2356/2347 1323/620/617
f 2137/2357/2348 640/2356/2347 2776/2087/2080
f 2220/173/173 1659/2328/2319 641/2358/2349
f 627/2359/2350 1429/61/61 1430/1586/1580
f 3021/2360/2351 2711/1088/1085 642/2361/2352
f 2245/2362/2353 1201/1119/1116 2125/2305/2296
f 2173/1859/1853 2626/1860/1854 2429/2363/2354
f 2429/2363/2354 616/1063/1060 505/2364/2355
f 1655/1069/1066 647/1070/1067 2608/2365/2356
f 1614/1083/1080 2967/1082/1079 2984/2124/2117
f 645/1643/1637 648/1642/1636 2164/2366/2357
f 2608/2365/2356 647/1070/1067 1013/2367/2358
f 2339/1435/1429 646/2310/2301 185/1434/1428
f 2426/2368/2359 2923/2098/2091 2115/1027/1024
f 647/1070/1067 2112/2369/2360 1013/2367/2358
f 647/1070/1067 2383/2370/2361 2112/2369/2360
f 1353/1940/1933 498/1942/1935 648/1642/1636
f 291/967/964 2114/2311/2302 2617/965/962
f 649/2371/2362 272/1383/1378 996/1832/1826
f 2367/231/231 2365/1372/1367 664/249/249
f 1840/1003/1000 506/1004/1001 650/1006/1003
f 3282/996/993 1508/975/972 1320/977/974
f 3181/542/539 449/541/538 3247/543/540
f 449/541/538 2471/1846/1840 3247/543/540
f 343/2318/2309 652/2372/2363 9/2319/2310
f 880/43/43 2587/47/47 2090/1565/1559
f 376/1633/1627 3069/1665/1659 653/1661/1655
f 375/1634/1628 376/1633/1627 653/1661/1655
f 654/1568/1562 343/2318/2309 3060/1569/1563
f 2090/1565/1559 3183/2373/2364 343/2318/2309
f 1670/1784/1778 655/378/375 2801/2374/2365
f 1670/1784/1778 2016/1814/1808 655/378/375
f 656/442/439 521/1965/1958 3328/2375/2366
f 657/1425/1419 2996/2376/2367 511/1962/1955
f 657/1425/1419 656/442/439 665/2377/2368
f 995/440/437 656/442/439 657/1425/1419
f 1880/1914/1907 658/394/391 76/1615/1609
f 1880/1914/1907 2210/2341/2332 658/394/391
f 2218/2378/2369 659/2329/2320 3180/2379/2370
f 1612/166/166 2939/2380/2371 2218/2378/2369
f 1275/2316/2307 638/1752/1746 2748/1957/1950
f 638/1752/1746 621/945/942 2748/1957/1950
f 661/995/992 1508/975/972 3282/996/993
f 2747/1958/1951 2748/1957/1950 504/947/944
f 662/1926/1919 1587/1419/1413 3049/1927/1920
f 283/1415/1409 2436/1406/1401 679/1405/1400
f 1264/1416/1410 663/2381/2372 1260/1407/1402
f 1221/2382/2373 1264/1416/1410 283/1415/1409
f 664/249/249 2371/248/248 272/1383/1378
f 649/2371/2362 664/249/249 272/1383/1378
f 2996/2376/2367 509/1963/1956 511/1962/1955
f 3328/2375/2366 2029/1991/1984 509/1963/1956
f 32/1603/1597 666/191/191 2305/232/232
f 32/1603/1597 3310/1559/1553 666/191/191
f 667/1913/1906 3196/2071/2064 2284/666/663
f 472/2383/2374 667/1913/1906 1500/2384/2375
f 2166/2079/2072 668/1350/1345 2855/2081/2074
f 549/713/710 382/1678/1672 2376/1322/1317
f 2877/1801/1795 669/1802/1796 415/1777/1771
f 417/1786/1780 2876/1809/1803 422/1787/1781
f 670/1897/1891 2687/733/730 455/492/489
f 1489/1870/1864 2236/2385/2376 2892/385/382
f 2567/1059/1056 671/2045/2038 2156/2044/2037
f 372/1916/1909 477/1659/1653 2997/2386/2377
f 895/2387/2378 1077/854/851 733/640/637
f 2183/2388/2379 1436/2389/2380 955/2390/2381
f 2138/2391/2382 673/1529/1523 2470/2392/2383
f 428/1527/1521 673/1529/1523 2138/2391/2382
f 674/538/535 95/545/542 1174/2393/2384
f 674/538/535 447/1843/1837 95/545/542
f 675/1449/1443 2835/2394/2385 2158/2395/2386
f 2817/1455/1449 2833/498/495 1702/497/494
f 1398/2396/2387 676/58/58 342/62/62
f 342/62/62 676/58/58 2926/1566/1560
f 1496/1626/1620 367/1340/1335 677/1627/1621
f 2244/505/502 2821/1867/1861 1754/1869/1863
f 678/1386/1381 288/274/274 273/247/247
f 678/1386/1381 510/1428/1422 288/274/274
f 283/1415/1409 679/1405/1400 1221/2382/2373
f 3099/2397/2388 679/1405/1400 281/1410/1405
f 143/1769/1763 1432/626/623 680/2398/2389
f 2607/2399/2390 2990/946/943 2259/2400/2391
f 1988/1353/1348 681/503/500 276/1354/1349
f 2564/2401/2392 827/1339/1334 1291/1341/1336
f 682/1550/1544 2374/1549/1543 587/663/660
f 682/1550/1544 587/663/660 2518/2225/2217
f 683/2080/2073 390/709/706 2667/711/708
f 683/2080/2073 2667/711/708 548/2078/2071
f 684/683/680 366/504/501 264/1351/1346
f 1192/1321/1316 2400/681/678 684/683/680
f 3284/2402/2393 2109/1706/1700 2074/1670/1664
f 2940/2339/2330 631/582/579 1836/2403/2394
f 686/2281/2272 3096/2283/2274 3095/2279/2270
f 2487/2404/2395 928/1277/1273 1873/2120/2113
f 687/2116/2109 2457/2405/2396 985/2117/2110
f 1011/1250/1247 560/2026/2019 1008/2406/2397
f 3142/769/766 2397/2407/2398 1312/2408/2399
f 3097/2409/2400 2340/400/397 68/402/399
f 2762/2410/2401 1591/2411/2402 689/2412/2403
f 819/2413/2404 3071/2414/2405 338/1392/1387
f 1527/2154/2147 690/2415/2406 1000/2416/2407
f 3146/2417/2408 2937/2418/2409 1538/812/809
f 2727/105/105 14/104/104 2602/2419/2410
f 1282/2420/2411 1667/2421/2412 14/104/104
f 692/114/114 1818/109/109 29/116/116
f 1666/2422/2413 849/102/102 691/2423/2414
f 2534/2424/2415 693/2425/2416 959/2426/2417
f 2412/2427/419 2456/2428/421 2504/2429/2418
f 1957/2198/2190 979/2200/2192 2638/2430/2419
f 1317/568/565 579/2431/2420 1677/571/568
f 774/406/403 695/2058/2051 1642/2432/2421
f 2412/422/419 2413/2433/2422 2758/423/420
f 530/2013/2006 770/2434/2423 1230/2014/2007
f 1084/2435/2424 2260/2436/2425 2850/2437/2426
f 1603/2438/2427 965/2214/2206 2724/64/64
f 3183/2373/2364 1881/2439/2428 2723/2440/2429
f 1357/2160/2153 25/196/196 1421/2441/2430
f 1484/267/267 1684/2442/2431 2178/268/268
f 2664/2443/2432 699/563/560 3057/2444/2433
f 326/2298/2289 726/1520/1514 2664/2443/2432
f 3045/2445/2434 2643/2446/2435 1984/2447/2436
f 941/874/871 1245/877/874 2034/796/793
f 364/2448/2437 1447/1306/1301 2076/381/378
f 416/1782/1776 2801/2374/2365 1608/1781/1775
f 2444/2449/2438 702/473/470 2402/2450/2439
f 803/2451/2440 938/366/363 2070/368/365
f 1571/2452/2441 2479/2453/2442 3244/1335/1330
f 1097/2454/2443 2017/852/849 809/2455/2444
f 2523/2456/2445 1011/1250/1247 704/1249/1246
f 1592/1228/1225 1847/2027/2020 1386/2028/2021
f 2873/2457/2446 150/2458/2447 1635/837/834
f 122/692/689 2328/691/688 954/2142/2135
f 1908/2185/2177 706/1172/1169 576/1174/1171
f 2147/2459/2448 232/2177/2170 2311/2176/2169
f 707/149/149 1407/2035/2028 2129/2460/2449
f 917/2461/2450 707/149/149 2129/2460/2449
f 708/2462/2451 2078/152/152 3225/2463/2452
f 21/2464/2453 708/2462/2451 3226/2031/2024
f 1720/2032/2025 1095/2465/2454 709/153/153
f 535/2466/2455 1817/155/155 1559/154/154
f 710/2467/2456 2546/2095/2088 3186/2468/2457
f 1369/2469/2458 3074/2470/2459 1856/222/222
f 1111/780/777 2327/2471/2460 2423/781/778
f 151/836/833 2629/2472/2461 1243/2473/2462
f 2193/2121/2114 712/2474/2463 245/1293/1288
f 1847/2027/2020 1356/2475/2464 2814/1274/1270
f 2442/816/813 713/776/773 1515/817/814
f 3339/725/722 551/724/721 3129/2476/2465
f 714/2191/2183 2811/2477/2466 1512/2478/2467
f 2009/1021/1018 2420/1020/1017 3140/2479/2468
f 1902/2480/2469 715/902/899 3195/904/901
f 2286/934/931 1941/935/932 1031/2481/2470
f 716/1173/1170 239/1280/1276 1586/2482/2471
f 1875/2483/2472 1528/2324/2315 2483/1108/1105
f 100/557/554 1361/561/558 726/1520/1514
f 2046/525/522 1811/524/521 2851/527/524
f 2805/1180/1177 1921/2484/2473 1551/2485/2474
f 2769/1165/1162 594/1131/1128 220/2486/2475
f 728/551/548 89/1845/1839 2440/2487/2476
f 724/515/512 2650/2488/2477 2145/521/518
f 561/2123/2116 720/2125/2118 1193/2489/2478
f 3306/2490/2479 2663/1089/1086 1769/1091/1088
f 1833/1182/1179 3285/1181/1178 721/1143/1140
f 575/2182/2174 2083/2491/2480 1762/2208/2200
f 1828/2492/2481 1875/2483/2472 722/1124/1121
f 1829/1123/1120 1828/2492/2481 722/1124/1121
f 2326/2493/2482 213/1132/1129 1193/2489/2478
f 213/1132/1129 561/2123/2116 1193/2489/2478
f 724/515/512 2441/2494/2483 89/1845/1839
f 449/541/538 724/515/512 89/1845/1839
f 2440/2487/2476 725/523/520 3254/2495/2484
f 89/1845/1839 2441/2494/2483 2440/2487/2476
f 726/1520/1514 1361/561/558 699/563/560
f 2664/2443/2432 726/1520/1514 699/563/560
f 727/1122/1119 2060/1121/1118 3054/2496/2485
f 1103/2497/2486 1762/2208/2200 1767/1135/1132
f 2871/1848/1842 89/1845/1839 728/551/548
f 98/549/546 728/551/548 99/553/550
f 2302/2326/2317 210/1136/1133 729/2327/2318
f 1763/1120/1117 729/2327/2318 2060/1121/1118
f 730/352/349 294/351/348 295/1451/1445
f 412/1453/1447 1547/2498/2487 295/1451/1445
f 731/2499/2488 1050/2500/2489 58/2501/2490
f 2581/2502/2491 2818/2503/1614 1700/2504/2492
f 285/1/1 1783/1424/1418 732/2505/2493
f 285/1/1 732/2505/2493 1779/2/2
f 2467/2506/2494 1166/1388/1383 1605/1387/1382
f 1966/2507/2495 258/1344/1339 1166/1388/1383
f 921/2508/2496 960/1220/1217 601/1219/1216
f 890/1117/1114 2961/2509/2497 2960/2256/2247
f 488/686/683 2622/1931/1924 3020/2510/2498
f 1376/467/464 1507/466/463 3113/2511/2499
f 3020/2510/2498 3022/2512/2500 736/2513/2501
f 3022/2512/2500 2599/397/394 736/2513/2501
f 321/2514/2502 1226/919/916 737/918/915
f 841/867/864 2303/1506/1500 2914/2515/2503
f 1437/828/825 711/746/743 2474/829/826
f 2422/2516/2504 2327/2471/2460 1243/2473/2462
f 932/2517/2505 2082/890/887 596/798/795
f 1438/827/824 1205/879/876 907/878/875
f 3123/66/66 1699/65/65 3324/74/74
f 917/2461/2450 2292/2518/2506 707/149/149
f 595/998/995 2200/2519/2507 2925/2520/2508
f 1163/973/970 615/2166/2159 1557/2521/2509
f 742/736/733 3216/2522/2510 1093/1997/1990
f 1311/687/684 127/689/686 2482/2523/2511
f 1589/2524/2512 93/534/531 1821/536/533
f 3125/2525/2513 2106/2526/2514 2715/2527/2515
f 998/179/179 744/124/124 1785/123/123
f 998/179/179 3287/2252/2243 2251/2528/2516
f 207/1488/1482 2265/1489/1483 3158/2529/2517
f 1503/2195/2187 860/2530/2518 994/2531/2519
f 746/1203/1200 1229/1193/1190 745/1192/1189
f 994/2531/2519 860/2530/2518 1250/2532/2520
f 1612/166/166 936/165/165 3094/2533/2521
f 1329/2534/2522 833/44/44 1441/46/46
f 2485/785/782 2146/728/725 337/727/724
f 3129/2476/2465 551/724/721 132/2085/2078
f 749/2535/2523 81/461/458 1914/2536/2524
f 66/361/358 2180/434/431 2462/362/359
f 750/1235/1232 234/2537/2525 1270/1236/1233
f 1158/1862/1856 1210/1864/1858 1801/1233/1230
f 212/2538/2526 2447/2539/2527 2810/2540/2528
f 3259/2541/2529 1810/1157/1154 2153/2542/2530
f 1990/2543/1135 752/2544/1134 211/2545/2531
f 1841/1232/1229 1158/1862/1856 1801/1233/1230
f 753/2546/2532 1404/627/624 2064/629/626
f 979/2200/2192 1298/2199/2191 3075/2547/2533
f 754/915/912 2888/917/914 171/2548/2534
f 1226/919/916 1772/2549/2535 1770/920/917
f 2213/2550/2536 3010/261/261 755/2551/2537
f 2580/1971/1964 513/302/302 58/2501/2490
f 161/844/841 1504/2552/2538 162/845/842
f 1164/1536/1530 440/820/817 3007/819/816
f 757/1253/1250 1961/2553/2539 2929/1254/1251
f 863/2554/2540 928/1277/1273 2123/1276/1272
f 147/2218/2210 1124/2555/2541 1029/2219/2211
f 146/2091/2084 2081/892/889 2224/2556/2542
f 978/2557/2543 1046/2558/2544 1947/2559/2545
f 2033/2560/2546 215/2561/2547 3160/2562/2548
f 222/1198/1195 1108/1865/1859 760/1866/1860
f 2904/2563/2549 760/1866/1860 1909/1500/1494
f 175/940/937 961/2564/2550 179/941/938
f 3021/2360/2351 795/1086/1083 2711/1088/1085
f 1639/2054/2047 762/802/799 2627/2565/2551
f 156/2074/2067 2867/2566/2552 3126/2075/2068
f 891/356/353 763/447/444 2666/2567/2553
f 2584/2568/2554 3003/2569/2555 1122/2570/2556
f 583/2571/2557 2072/144/144 3326/2572/2558
f 3326/2572/2558 2373/2573/2559 20/2574/2560
f 1886/680/677 765/715/712 2496/2575/2561
f 1212/674/671 1274/732/729 3077/2576/2562
f 1775/1899/1893 766/2577/2563 3184/1285/1281
f 265/1357/1352 766/2577/2563 1955/2578/2564
f 767/1237/1234 935/2579/2565 750/1235/1232
f 1842/1186/1183 1149/1212/1209 2003/1200/1197
f 600/2580/2566 2950/2581/2567 572/2582/2568
f 1999/2583/2569 1905/2584/2570 2950/2581/2567
f 1856/222/222 1316/2585/2571 3299/2036/2029
f 2241/2586/2572 1316/2585/2571 1292/425/422
f 770/2434/2423 696/2587/2573 2240/2588/2574
f 1202/1222/1219 1804/1224/1221 1558/1886/1880
f 771/97/97 2799/2589/2575 1106/99/99
f 12/2590/2576 2085/2591/2577 2205/90/90
f 1246/522/519 2697/2592/2578 117/650/647
f 2695/2236/2228 1562/2238/2230 2697/2592/2578
f 773/2593/2579 2455/2594/2580 28/158/158
f 2491/2102/2095 773/2593/2579 28/158/158
f 94/535/532 2716/407/404 3004/2595/2581
f 1444/2057/2050 3004/2595/2581 2192/2596/2582
f 218/1149/1146 775/1178/1175 2248/1177/1174
f 206/1074/1071 1121/1075/1072 2095/1127/1124
f 776/1904/1897 3304/2597/2583 468/1905/1898
f 536/198/198 1954/2598/2584 2405/199/199
f 777/2599/2585 112/2293/2284 910/2600/2586
f 3301/2601/2587 971/2144/2137 2524/2602/2588
f 778/1324/1319 1717/1325/1320 2409/2603/2589
f 2325/2604/2590 1544/2605/2591 2409/2603/2589
f 779/187/187 794/2606/2592 2445/2607/2593
f 1204/194/194 2445/2607/2593 1078/2608/2594
f 53/2609/2595 3224/309/308 780/308/235
f 2565/2610/2596 780/235/235 599/238/238
f 781/2611/2597 167/2612/902 2331/2613/2598
f 688/2614/859 1851/2615/858 2916/2616/2599
f 1555/2133/2126 3139/2617/2600 782/2134/2127
f 1868/951/948 693/2425/2416 2534/2424/2415
f 783/2132/2125 782/2134/2127 2100/2243/2235
f 2689/2618/2601 2101/2619/2602 1478/2620/2603
f 1000/2416/2407 1901/2156/2149 1449/2621/2604
f 1740/2622/2605 142/2623/2606 713/776/773
f 785/355/352 2843/446/443 891/356/353
f 3245/2624/2607 1026/1968/1961 2213/2550/2536
f 556/2625/2608 786/2626/2609 2755/2627/2610
f 2288/2059/2052 1148/2062/2055 1203/2064/2057
f 3115/2104/2097 2484/2628/2611 787/1229/1226
f 2636/2629/2612 704/1249/1246 233/2030/2023
f 3273/494/491 2694/496/493 1415/459/456
f 2397/2407/2398 3273/2630/491 1415/2631/456
f 2303/1506/1500 1613/2632/2613 1257/2633/2614
f 572/2582/2568 1224/2634/2615 600/2580/2566
f 2804/2137/2130 790/2139/2132 2184/2635/2616
f 3205/2636/2617 102/570/567 1701/2012/2005
f 1859/1889/1883 791/1891/1885 1892/2637/2618
f 1156/1126/1123 791/1891/1885 206/1074/1071
f 2902/870/867 3040/869/866 1770/920/917
f 2738/880/877 172/921/918 907/878/875
f 1723/280/280 1309/298/298 2849/281/281
f 3232/2271/2262 1034/391/388 72/393/390
f 2768/137/137 1583/2638/2619 799/2639/2620
f 2037/2179/2172 441/2640/2621 1279/186/186
f 761/2641/2622 539/1013/1010 1703/1015/1012
f 1216/2642/2623 761/2641/2622 1703/1015/1012
f 1725/2643/2624 92/2644/2625 796/2645/2626
f 92/2644/2625 1896/2646/2627 2530/2647/2628
f 797/2648/2629 922/2649/2076 2071/2650/2630
f 1561/2212/2204 324/2213/2205 1879/2651/713
f 1208/1900/1894 1086/2652/2631 241/2653/2632
f 3211/1175/1172 2875/1147/1144 218/1149/1146
f 2891/2654/2633 799/2639/2620 3296/2655/2634
f 2038/2656/2635 794/2606/2592 779/187/187
f 816/2657/2636 3071/2414/2405 819/2413/2404
f 275/2658/2637 1970/2659/2638 443/1333/1328
f 50/2660/2639 1374/241/241 801/339/336
f 1326/2661/2640 3130/2662/2641 801/339/336
f 2402/2450/2439 702/473/470 1932/2663/2642
f 710/2467/2456 2918/2664/2643 2546/2095/2088
f 803/2451/2440 2070/368/365 3133/2665/2644
f 2416/2666/2645 803/2451/2440 3133/2665/2644
f 1546/2667/2646 2405/199/199 2395/1712/1706
f 3130/2662/2641 50/2660/2639 801/339/336
f 805/22/22 1707/2668/2647 817/2669/2648
f 2401/2670/2649 1040/129/129 1793/2671/2650
f 1934/2672/2651 1709/122/122 806/1403/1398
f 2540/2673/2652 1709/122/122 1105/2674/2653
f 807/38/38 18/40/40 6/42/42
f 2966/2675/2654 1025/1375/1370 1051/1738/1732
f 846/895/892 1397/894/891 808/899/896
f 1571/2452/2441 2286/934/931 2479/2453/2442
f 809/2455/2444 2403/2676/2655 1902/2480/2469
f 809/2455/2444 1902/2480/2469 1097/2454/2443
f 810/8/8 3287/2252/2243 1543/2677/2656
f 1761/13/13 1781/1744/1738 2176/14/14
f 270/1377/1372 36/229/229 2583/1833/1827
f 2367/231/231 2583/1833/1827 36/229/229
f 1970/2659/2638 812/2678/2657 443/1333/1328
f 3159/2679/2658 649/2371/2362 996/1832/1826
f 2122/2680/2659 813/134/134 1683/136/136
f 2322/31/31 2349/1376/1371 3178/29/29
f 1289/1338/1333 2896/2681/2660 930/399/396
f 1289/1338/1333 1496/1626/1620 2896/2681/2660
f 3058/2682/2661 1710/1422/1416 2933/1421/1415
f 1837/6/6 2049/11/11 2048/10/10
f 800/207/207 812/2678/2657 1970/2659/2638
f 1591/2411/2402 3155/208/208 800/207/207
f 1708/23/23 805/22/22 817/2669/2648
f 269/1733/1727 1112/1374/1369 1052/1373/1368
f 2627/2565/2551 762/802/799 818/2683/2662
f 2508/2069/2062 762/802/799 148/804/801
f 689/2412/2403 2675/2684/2663 2335/2685/2664
f 1583/2638/2619 3296/2655/2634 799/2639/2620
f 2774/130/130 31/1379/1374 820/131/131
f 813/134/134 1104/133/133 822/163/163
f 308/1474/1468 821/388/385 302/1470/1464
f 2541/1473/1467 65/1472/1466 302/1470/1464
f 3155/208/208 1591/2411/2402 2762/2410/2401
f 31/1379/1374 2762/2410/2401 1104/133/133
f 1705/1732/1726 823/18/18 1708/23/23
f 398/2686/2665 1697/16/16 823/18/18
f 824/323/322 442/1347/1342 250/1309/1304
f 2615/1831/1825 261/1342/1337 3228/1830/1824
f 1973/1652/1646 369/1654/1648 825/1646/1640
f 369/1654/1648 491/1651/1645 2239/1656/1650
f 826/805/802 1636/808/805 157/1319/1314
f 1293/2076/2069 3126/2075/2068 157/1319/1314
f 681/503/500 827/1339/1334 276/1354/1349
f 681/503/500 2244/505/502 827/1339/1334
f 1813/782/779 2088/784/781 828/2687/2666
f 828/2687/2666 2088/784/781 2259/2400/2391
f 378/1664/1658 829/1638/1632 2273/1637/1631
f 378/1664/1658 1469/1933/1926 829/1638/1632
f 830/2688/2667 141/762/759 1068/1947/1940
f 2533/1468/1462 1511/1437/1431 2189/1439/1433
f 1569/2689/2668 1547/2498/2487 412/1453/1447
f 3197/1742/1736 2882/2690/2669 1569/2689/2668
f 1170/823/820 180/955/952 2869/2691/2670
f 1169/822/819 2080/2692/2671 2658/2693/2672
f 397/2694/2673 2999/1745/1739 833/44/44
f 2419/1730/1724 2972/1728/1722 833/44/44
f 2519/2695/2674 834/2696/2675 66/361/358
f 2309/2697/2676 1135/2698/2677 1460/2004/1997
f 835/2152/2145 2924/2153/2146 1578/2295/2286
f 1198/392/389 1034/391/388 1579/2699/2678
f 2648/2234/2226 2186/2700/2679 836/2701/2680
f 112/2293/2284 119/660/657 2177/2294/2285
f 2815/2702/2681 2010/2703/2682 837/468/465
f 1416/2704/2683 981/2705/2684 1154/2706/2685
f 44/2707/2686 2348/2708/2687 2539/278/278
f 2539/278/278 2348/2708/2687 3179/250/250
f 2458/2709/2688 1722/2710/2689 3162/2711/2690
f 208/1103/1100 2522/1116/1113 2739/1150/1147
f 2838/2712/2691 840/2034/2027 707/149/149
f 574/146/146 1144/2232/2224 2047/2233/2225
f 2227/2713/2692 321/2514/2502 1580/2714/2693
f 1243/2473/2462 2629/2472/2461 1580/2714/2693
f 842/2715/2694 1604/984/981 182/2716/2695
f 180/955/952 3212/957/954 2869/2691/2670
f 843/2717/2696 842/2715/2694 182/2716/2695
f 843/2717/2696 182/2716/2695 2280/2718/2697
f 844/2211/2203 582/2719/2698 2579/2720/2699
f 1299/2721/2700 2579/2720/2699 1725/2643/2624
f 845/2722/2701 2001/429/426 3222/428/425
f 1938/2723/2702 3222/428/425 606/454/451
f 2469/930/927 846/895/892 1529/2724/2703
f 846/895/892 808/899/896 1529/2724/2703
f 2862/2290/2281 1755/2291/2282 1114/2725/2704
f 2137/2357/2348 2653/2726/2705 640/2356/2347
f 537/1043/1040 848/1395/1390 1120/1394/1389
f 1540/1046/1043 1296/1056/1053 2332/1055/1052
f 849/102/102 15/2727/2706 691/2423/2414
f 1106/99/99 2685/101/101 2802/2100/2093
f 1866/1161/1158 850/1078/1075 2693/2728/2707
f 218/1149/1146 1384/2729/2708 775/1178/1175
f 851/2730/2709 2431/603/600 2968/605/602
f 456/602/599 2431/603/600 2521/1871/1865
f 964/2128/2121 852/770/767 2360/2731/2710
f 1553/2732/2711 3009/2733/2712 1311/687/684
f 1612/166/166 3094/2533/2521 540/2734/2713
f 540/2734/2713 2939/2380/2371 1612/166/166
f 231/1226/1223 1179/1792/1786 854/1227/1224
f 1233/2735/2714 2502/2736/2715 418/1790/1784
f 3064/2334/2325 589/586/583 2897/585/582
f 1420/533/530 2065/532/529 2570/2737/2716
f 855/2738/2717 2571/2739/2718 589/586/583
f 3292/2228/2220 2571/2739/2718 130/673/670
f 1576/1244/1241 1167/2740/2719 1168/1247/1244
f 2126/1272/1268 3165/2741/2720 236/2742/2721
f 858/2109/2102 238/2111/2104 1874/2743/2722
f 246/1297/1292 1180/2744/2723 3072/2745/2724
f 615/2166/2159 859/2746/2725 202/2167/2160
f 3140/2479/2468 202/2167/2160 859/2746/2725
f 1250/2532/2520 860/2530/2518 2406/2747/2726
f 2406/2747/2726 989/2748/2727 226/1204/1201
f 861/1036/1033 1969/1038/1035 2778/2749/2728
f 463/1041/1038 1745/1040/1037 1595/1042/1039
f 2501/2750/2729 862/1246/1243 1355/1248/1245
f 1179/1792/1786 2502/2736/2715 854/1227/1224
f 2174/2751/2730 863/2554/2540 1961/2553/2539
f 2174/2751/2730 237/2118/2111 863/2554/2540
f 1115/432/429 1328/487/484 975/433/430
f 405/610/607 1427/1761/1755 411/1748/1742
f 1343/1961/1954 2216/1960/1953 2187/2752/2731
f 503/1950/1943 1182/1951/1944 3182/2753/2732
f 866/2754/2733 234/2537/2525 3080/2755/2734
f 1475/1260/1257 902/1259/1256 1209/2756/2735
f 1632/950/947 867/2757/2736 1868/951/948
f 2810/2540/2528 3104/2758/2737 194/2759/2738
f 2207/1022/1019 194/2760/2738 868/1023/1020
f 1532/2761/2739 2757/2762/2740 1534/982/979
f 869/2763/2741 3020/2510/2498 736/2513/2501
f 1790/1305/1300 1894/2764/2742 2600/2765/2743
f 2909/2766/2744 923/2767/2745 870/2768/2746
f 1712/2170/2163 1999/2583/2569 2950/2581/2567
f 871/2769/2747 580/2770/2099 609/2771/2748
f 244/1287/1283 2362/2772/1286 2299/1288/1284
f 946/2773/2749 3162/2711/2690 872/2046/2039
f 3050/986/983 2148/985/982 1907/2050/2043
f 2010/2703/2682 1417/766/763 1090/765/762
f 1382/289/289 2808/2210/2202 1602/290/290
f 874/580/577 613/2774/2750 1057/581/578
f 2789/2775/2751 112/2293/2284 2609/2292/2283
f 2584/2568/2554 2075/2776/2752 3003/2569/2555
f 874/580/577 3002/2777/2753 613/2774/2750
f 1015/174/174 3138/2778/2754 2228/175/175
f 1204/194/194 1078/2608/2594 2454/2779/2755
f 529/2780/2756 3312/2222/2214 624/577/574
f 1756/530/527 1334/529/526 1651/531/528
f 781/2611/2597 2331/2613/2598 878/2781/2757
f 1645/1518/1512 2794/2782/2758 1342/2084/2077
f 2704/1835/1829 444/2783/2759 879/2784/2760
f 2116/2785/2761 2333/2022/2015 612/2024/2017
f 6/42/42 1065/48/48 880/43/43
f 880/43/43 1065/48/48 2587/47/47
f 881/864/861 568/911/908 1905/2584/2570
f 1999/2583/2569 881/864/861 1905/2584/2570
f 2087/2786/2762 977/287/287 2214/383/380
f 3082/1390/1385 1456/2787/2763 75/360/357
f 34/2788/2764 883/170/170 1055/1607/1601
f 34/2788/2764 1659/2328/2319 883/170/170
f 1744/2789/2765 2033/2560/2546 3160/2562/2548
f 3052/2790/2766 1891/1164/1161 2769/1165/1162
f 1866/1161/1158 885/2791/2767 1867/1162/1159
f 215/2561/2547 1607/1361/1356 884/1360/1355
f 1695/108/108 296/117/117 1693/1917/1910
f 1048/107/107 1394/113/113 1695/108/108
f 2506/2792/2768 887/2793/2769 2798/2794/2770
f 1431/2795/2771 939/990/987 2604/1939/1932
f 1401/2038/2031 197/1045/1042 969/2796/2772
f 1425/2797/2773 1424/2798/2774 2002/2799/2775
f 889/2800/2776 2763/1087/1084 795/1086/1083
f 2211/1084/1081 2764/2801/2777 2358/1085/1082
f 962/2802/2778 918/2803/2779 2790/2804/2780
f 889/2800/2776 2764/2801/2777 2763/1087/1084
f 891/356/353 2666/2567/2553 1213/2805/2781
f 2572/2003/1996 896/263/263 891/356/353
f 609/2771/2748 892/2282/2273 686/2281/2272
f 609/2771/2748 580/2770/2099 892/2282/2273
f 2963/1273/1269 893/2806/2782 1006/2119/2112
f 894/1295/1290 2366/1296/1291 2124/2807/2783
f 893/2806/2782 894/1295/1290 2124/2807/2783
f 1920/1275/1271 2193/2121/2114 894/1295/1290
f 2217/2808/2784 2943/464/461 672/463/460
f 672/463/460 1436/2389/2380 2183/2388/2379
f 526/300/300 513/302/302 1135/2698/2677
f 526/300/300 1135/2698/2677 2309/2697/2676
f 897/2809/2785 232/2177/2170 706/1172/1169
f 601/1219/1216 2719/2810/2786 2063/1170/1167
f 107/2811/2787 2301/2812/2788 898/2813/2789
f 1649/508/505 1037/2814/2790 898/2813/2789
f 1872/738/735 899/693/690 1130/695/692
f 1037/2814/2790 107/2811/2787 898/2813/2789
f 1149/1212/1209 900/2815/2791 1200/1213/1210
f 1387/1223/1220 1202/1222/1219 1161/2017/2010
f 1681/1902/1895 2055/2816/2792 1773/2817/2793
f 767/1237/1234 3029/2818/2794 1681/1902/1895
f 902/2819/1256 453/1901/1255 1208/1900/1894
f 1738/2820/2795 1778/2821/1851 1240/2822/2796
f 44/2707/2686 903/2823/2797 2348/2708/2687
f 838/1743/1737 1611/1718/1712 2495/1719/1713
f 987/482/479 3271/2824/2798 904/480/477
f 3271/2824/2798 2077/1512/1506 2593/1514/1508
f 2028/2825/2799 3272/495/492 905/452/449
f 2028/2825/2799 905/452/449 1599/451/448
f 746/1203/1200 906/1205/1202 1229/1193/1190
f 531/2016/2009 1084/2435/2424 1085/1496/1490
f 1438/827/824 907/878/875 3100/2826/2800
f 2079/2827/2801 1101/2242/2234 1648/2828/2802
f 2920/2829/2803 181/971/968 1552/974/971
f 2641/2830/2804 610/942/939 1931/2284/2275
f 2920/2829/2803 1552/974/971 909/775/772
f 2658/2693/2672 2080/2692/2671 2813/2831/2805
f 875/2832/2806 3277/2833/2807 1218/2834/2808
f 567/2835/2809 1219/2297/2288 875/2832/2806
f 568/911/908 881/864/861 911/2836/2810
f 2206/833/830 2556/814/811 2096/813/810
f 1298/2199/2191 2526/2837/2811 3075/2547/2533
f 3283/2838/2812 3033/705/702 1350/706/703
f 913/2839/2813 2290/2840/2814 1721/2060/2053
f 2458/2709/2688 2739/1150/1147 1722/2710/2689
f 2254/2841/2815 1921/2484/2473 914/2842/2816
f 1181/2278/2269 1176/2843/2817 1184/2844/2818
f 2369/2108/2101 557/2107/2100 1471/2845/2819
f 2254/2841/2815 914/2842/2816 2947/2846/2820
f 916/604/601 2969/2847/2821 2968/605/602
f 2432/1600/1594 2352/1599/1593 106/1597/1591
f 1345/2848/2822 1143/2849/2823 917/2461/2450
f 3191/86/86 2149/83/83 1752/82/82
f 918/2803/2779 219/2257/2248 734/1209/1206
f 2211/1084/1081 1390/2850/2824 2764/2801/2777
f 2117/743/740 1378/652/649 2860/651/648
f 2424/777/774 2117/743/740 1348/778/775
f 920/2043/2036 618/2306/2297 2644/2308/2299
f 2104/2851/2825 2105/1064/1061 2657/1068/1065
f 734/1209/1206 1981/1211/1208 1883/2852/2826
f 734/1209/1206 2790/2804/2780 918/2803/2779
f 3041/2853/2827 1645/1518/1512 922/2083/2076
f 2955/2854/2828 324/2213/2205 922/2083/2076
f 2359/910/907 870/2768/2746 923/2767/2745
f 2071/2650/2630 922/2649/2076 3065/2855/2829
f 355/537/534 924/2856/2830 674/538/535
f 106/1597/1591 2352/1599/1593 3119/607/604
f 461/753/750 2661/2857/2831 925/803/800
f 450/1888/1882 461/753/750 3116/1887/1881
f 2492/2858/2832 2677/2859/2833 926/1941/1934
f 1353/1940/1933 865/2860/2834 926/1941/1934
f 578/2861/2835 927/2194/2186 990/1099/1096
f 1402/2862/2836 1512/2478/2467 578/2861/2835
f 928/1277/1273 246/1297/1292 1809/1278/1274
f 2487/2404/2395 2932/2863/2837 928/1277/1273
f 773/2593/2579 2078/152/152 2455/2594/2580
f 1817/155/155 3225/2463/2452 2078/152/152
f 3138/2778/2754 2944/266/266 2228/175/175
f 1288/1629/1623 49/305/305 2945/2864/2838
f 931/2865/2839 611/2287/2278 228/1215/1212
f 228/1215/1212 227/1214/1211 931/2865/2839
f 2560/891/888 739/927/924 2081/892/889
f 1760/2866/2840 2555/924/921 2252/2241/2233
f 3089/1286/1282 933/2867/2841 244/1287/1283
f 2700/2868/2842 1949/1290/1285 244/1289/1283
f 3117/1267/1264 1509/1269/1265 2700/2868/2842
f 2759/1884/1878 937/1271/1267 235/1270/1266
f 1842/1186/1183 935/2579/2565 1149/1212/1209
f 229/1156/1153 3143/1158/1155 1271/1234/1231
f 1329/2534/2522 2130/2869/2843 936/165/165
f 37/214/214 2616/2870/2844 2962/215/215
f 3165/2741/2720 933/2867/2841 236/2742/2721
f 2040/2871/2845 2936/2872/2846 3165/2741/2720
f 2913/2247/2238 43/2249/2240 938/366/363
f 3121/1724/1718 2195/277/277 1915/276/276
f 939/990/987 1431/2795/2771 497/2873/2847
f 2209/1024/1021 868/1023/1020 1533/981/978
f 1987/969/966 1986/2874/2848 188/970/967
f 602/2096/2089 1461/2260/2251 1594/2875/2849
f 133/2876/2850 941/874/871 590/2877/2851
f 590/2877/2851 941/874/871 2034/796/793
f 2064/629/626 1870/628/625 3173/2878/2852
f 2786/2879/2853 133/2876/2850 590/2877/2851
f 1434/2880/2854 1559/154/154 943/156/156
f 1434/2880/2854 2491/2102/2095 2538/2881/2855
f 944/1014/1011 2211/1084/1081 1703/1015/1012
f 2684/2882/2856 1722/2710/2689 1346/1130/1127
f 872/2046/2039 2684/2882/2856 2089/2047/2040
f 2089/2047/2040 2684/2882/2856 1346/1130/1127
f 192/1018/1015 945/1017/1014 946/2773/2749
f 2925/2520/2508 2200/2519/2507 2601/1025/1022
f 741/2883/2857 947/1026/1023 2601/1025/1022
f 1405/2884/2858 992/2240/2232 2084/1101/1098
f 1971/933/930 1787/932/929 3279/2885/2859
f 2407/2886/2860 3045/2445/2434 2706/2887/2861
f 949/2888/2862 3279/2885/2859 948/2889/2863
f 1244/794/791 2034/796/793 1249/2890/2864
f 950/2891/2865 2523/2456/2445 704/1249/1246
f 2636/2629/2612 950/2891/2865 704/1249/1246
f 1866/1161/1158 951/2892/2866 885/2791/2767
f 951/2892/2866 952/2893/2867 2547/2894/2868
f 2686/1366/1361 1646/1368/1363 952/2893/2867
f 1646/1368/1363 278/1882/1876 1807/1079/1076
f 902/2819/1256 1208/1900/1894 953/2895/2869
f 1209/2756/2735 902/1259/1256 953/2896/2869
f 954/2142/2135 1442/2897/2870 565/2898/2871
f 954/2142/2135 2328/691/688 1442/2897/2870
f 895/2387/2378 955/2390/2381 2103/2899/2872
f 1669/677/674 552/760/757 134/759/756
f 2772/2900/2873 1977/2901/2874 3236/2902/2875
f 2820/675/672 1669/677/674 1436/2389/2380
f 1826/475/472 1977/2901/2874 2772/2900/2873
f 1122/2570/2556 874/580/577 90/579/576
f 1313/2138/2131 958/2903/2876 1887/569/566
f 3057/2444/2433 699/563/560 958/2903/2876
f 604/2904/2877 2190/2905/2878 563/427/424
f 563/427/424 2190/2905/2878 1292/425/422
f 960/1220/1217 3063/2906/2879 2989/2907/2880
f 543/1210/1207 1470/1230/1227 1981/1211/1208
f 700/989/986 2863/988/985 961/2564/2550
f 3250/2908/2881 961/2564/2550 3168/2909/2882
f 617/2910/2883 3062/2911/2884 890/1117/1114
f 890/1117/1114 3062/2911/2884 2961/2509/2497
f 963/2912/2885 1547/2498/2487 1569/2689/2668
f 1965/1604/1598 730/352/349 963/2912/2885
f 3289/2913/2886 1950/2914/2887 2368/2915/2888
f 1726/2916/2889 2678/2917/2890 2368/2915/2888
f 965/2214/2206 583/2571/2557 740/2215/2207
f 2282/2918/2891 591/2231/2223 3030/2919/2892
f 738/2920/2893 966/868/865 2903/2921/2894
f 2822/2922/2895 1243/2473/2462 738/2920/2893
f 967/2055/2048 542/2923/2896 1619/2056/2049
f 3332/2131/2124 1214/2924/2897 2591/2129/2122
f 1598/2158/2151 968/2925/2898 3334/2159/2152
f 1991/2926/2899 569/2927/2900 2628/2928/2901
f 888/2929/2902 1089/1049/1046 2511/1048/1045
f 2798/2794/2770 887/2793/2769 3048/2930/2903
f 970/1052/1049 374/1007/1004 3308/1650/1644
f 1840/1003/1000 1465/1005/1002 1691/2931/2904
f 971/2144/2137 1911/2932/2905 777/2599/2585
f 1911/2932/2905 1542/656/653 119/660/657
f 971/2144/2137 972/2146/2139 3110/2933/2906
f 972/2146/2139 954/2142/2135 565/2898/2871
f 214/2934/2907 1307/1185/1182 3266/1184/1181
f 2249/2196/2188 214/2934/2907 3266/1184/1181
f 568/911/908 911/2836/2810 974/2935/2908
f 568/911/908 1032/2936/2909 1477/912/909
f 702/473/470 1878/2937/2910 1713/471/468
f 70/2938/2911 1878/2937/2910 702/473/470
f 976/270/270 54/2939/2912 1601/2940/2913
f 3222/428/425 1938/2723/2702 845/2722/2701
f 75/360/357 1456/2787/2763 2519/2695/2674
f 2519/2695/2674 66/361/358 75/360/357
f 978/2557/2543 1947/2559/2545 1110/2941/2914
f 580/2106/2099 2854/2942/2915 1952/2202/2194
f 3107/2943/2916 1334/529/526 694/2944/2917
f 3107/2943/2916 2525/2945/2918 1334/529/526
f 1273/285/285 980/382/379 701/2946/2919
f 1273/285/285 977/287/287 2087/2786/2762
f 981/2705/2684 3073/2947/2920 837/468/465
f 2577/1515/1509 837/468/465 2578/1516/1510
f 982/968/965 605/983/980 1987/969/966
f 982/968/965 1533/981/978 605/983/980
f 196/1037/1034 983/2948/2921 1969/1038/1035
f 197/1045/1042 2430/2949/2922 969/2796/2772
f 847/2950/2923 2900/2088/2081 2135/617/614
f 1413/653/650 1363/2289/2280 2654/2951/2924
f 985/2117/2110 1992/2952/2925 3251/2953/2926
f 2451/2174/2167 1928/2173/2166 757/1253/1250
f 2027/643/640 986/1513/1507 323/644/641
f 3271/2824/2798 987/482/479 3272/495/492
f 3272/495/492 987/482/479 905/452/449
f 905/452/449 987/482/479 79/453/450
f 988/2954/2927 2249/2196/2188 577/2197/2189
f 988/2954/2927 577/2197/2189 3176/1202/1199
f 2406/2747/2726 860/2530/2518 989/2748/2727
f 860/2530/2518 988/2954/2927 3176/1202/1199
f 990/1099/1096 207/1488/1482 2388/1100/1097
f 994/2531/2519 2267/2193/2185 1503/2195/2187
f 991/2299/2290 2009/1021/1018 615/2166/2159
f 1163/973/970 1152/972/969 615/2166/2159
f 1183/1487/1481 571/1115/1112 992/2240/2232
f 992/2240/2232 571/1115/1112 309/1484/1478
f 88/404/401 68/402/399 993/405/402
f 1734/2955/2928 68/1412/399 1960/2956/2929
f 2267/2193/2185 994/2531/2519 207/1488/1482
f 207/1488/1482 994/2531/2519 2265/1489/1483
f 1223/1413/1407 2848/2957/2930 2257/1411/1406
f 788/2958/2931 1254/460/457 286/2959/398
f 812/2678/2657 996/1832/1826 443/1333/1328
f 443/1333/1328 996/1832/1826 2253/1385/1380
f 997/320/319 3293/374/371 3229/1310/1305
f 305/318/317 997/320/319 263/1343/1338
f 998/179/179 1505/2960/2932 3287/2252/2243
f 999/178/178 2853/2961/2933 998/179/179
f 1936/312/311 1741/311/310 999/178/178
f 2565/2610/2596 2853/2961/2933 999/178/178
f 1527/2154/2147 1000/2416/2407 1337/2155/2148
f 1337/2155/2148 1740/2622/2605 1743/815/812
f 104/1681/1675 2012/1683/1677 384/1687/1681
f 3198/590/587 384/1687/1681 2771/2962/2934
f 1079/871/868 1002/873/870 1764/2963/2935
f 628/2331/2322 2520/2332/2323 2136/2330/2321
f 1003/2964/2936 2275/2021/2014 614/2020/2013
f 614/2020/2013 326/2298/2289 2664/2443/2432
f 2043/2345/2336 643/2344/2335 3084/2965/2937
f 643/2344/2335 505/2364/2355 3084/2965/2937
f 3115/2104/2097 1005/2966/2938 2484/2628/2611
f 2484/2628/2611 2163/2967/2939 2523/2456/2445
f 1448/2968/2940 893/2806/2782 2124/2807/2783
f 2124/2807/2783 2066/2969/2941 1448/2968/2940
f 1010/2172/2165 2451/2174/2167 2312/1255/1252
f 2312/1255/1252 573/1252/1249 2930/1256/1253
f 1011/1250/1247 1008/2406/2397 1959/2970/2942
f 1009/2971/2943 2963/1273/1269 1006/2119/2112
f 1009/2971/2943 1006/2119/2112 237/2118/2111
f 985/2117/2110 2457/2405/2396 1992/2952/2925
f 1227/2972/2944 1010/2172/2165 1007/2973/2945
f 233/2030/2023 2797/1251/1248 2989/2907/2880
f 687/2116/2109 1011/1250/1247 2457/2405/2396
f 2797/1251/1248 1011/1250/1247 687/2116/2109
f 3044/2206/2198 581/2207/2199 1012/2974/2946
f 1828/2492/2481 1586/2482/2471 1875/2483/2472
f 2112/2369/2360 2164/2366/2357 2113/1072/1069
f 2923/2098/2091 1399/2097/2090 371/1028/1025
f 1014/1788/1782 2623/2975/2947 2121/1789/1783
f 1978/2976/2948 1661/2977/2949 1060/2978/2950
f 24/159/159 528/2008/2001 2134/2979/2951
f 3294/192/192 1204/194/194 2454/2779/2755
f 1241/1106/1103 1016/1081/1078 1463/1107/1104
f 920/2043/2036 2644/2308/2299 538/2309/2300
f 3295/1096/1093 2208/2980/2952 3213/2981/2953
f 211/2545/2531 1308/2982/2954 751/2983/2955
f 2695/2236/2228 1018/2984/2956 2067/2237/2229
f 1019/740/737 1564/739/736 128/2985/2957
f 2172/511/508 1620/2986/2958 2767/512/509
f 1018/2984/2956 2652/2987/2959 2067/2237/2229
f 1020/1050/1047 1457/1051/1048 206/1074/1071
f 3185/1893/1887 1020/1050/1047 2317/1896/1890
f 2106/2526/2514 1741/335/310 1021/334/332
f 2717/1873/1867 2106/2526/2514 1021/334/332
f 3199/2988/2960 3169/1618/1612 2255/2989/2961
f 3199/2988/2960 2255/2989/2961 1684/2442/2431
f 400/2990/2962 3234/2991/2963 1023/1740/1734
f 938/366/363 400/2990/2962 1267/2992/2964
f 2852/1979/1972 2342/2993/2965 3231/2994/2966
f 1309/298/298 1723/280/280 3231/2995/2966
f 1025/1375/1370 807/38/38 1498/2996/2967
f 1112/1374/1369 807/38/38 1025/1375/1370
f 2213/2550/2536 1026/1968/1961 3108/2997/2968
f 1061/297/297 1454/299/299 1026/1968/1961
f 929/2009/2002 1027/2998/2969 1855/193/193
f 1830/2180/2173 1279/186/186 33/188/188
f 1028/562/559 1637/567/564 2204/565/562
f 699/563/560 1028/562/559 2204/565/562
f 1029/2219/2211 1774/2217/2209 584/2999/2970
f 584/2999/2970 2120/3000/2971 2022/897/894
f 2285/3001/2972 1906/2333/2324 1565/1695/1689
f 631/582/579 387/576/573 1590/3002/2973
f 1031/2481/2470 1941/935/932 809/2455/2444
f 1098/3003/2974 3208/3004/2975 809/2455/2444
f 568/911/908 974/2935/2908 1032/2936/2909
f 974/2935/2908 690/2415/2406 1032/2936/2909
f 1621/3005/2976 1033/1707/1701 2991/3006/2977
f 2008/3007/2978 1835/588/585 2007/1711/1705
f 1521/2272/2263 2354/445/442 1034/391/388
f 1034/391/388 2542/3008/2979 1579/2699/2678
f 693/2425/2416 1035/3009/2980 959/2426/2417
f 2591/2129/2122 1214/2924/2897 1035/3010/2980
f 1679/1906/1899 1946/1716/1710 1036/1715/1709
f 35/183/183 1036/1715/1709 395/184/184
f 1619/2056/2049 107/2811/2787 1037/2814/2790
f 1444/2057/2050 1619/2056/2049 3098/3011/2981
f 2/3012/2982 1038/1423/1417 1849/1400/1395
f 1710/1422/1416 1105/2674/2653 1038/1423/1417
f 1038/1423/1417 1039/3013/2983 280/3014/2984
f 280/3014/2984 3109/127/127 2223/126/126
f 2271/3015/2985 2223/126/126 2401/2670/2649
f 280/3014/2984 2223/126/126 1349/3016/2986
f 1041/3017/2987 2453/3018/2988 1307/1185/1182
f 1041/3017/2987 212/2538/2526 2153/2542/2530
f 251/1313/1308 1042/3019/2989 1865/1619/1613
f 2952/1318/1313 1042/3019/2989 2385/1316/1311
f 1043/1729/1723 37/214/214 3136/213/213
f 396/1725/1719 1043/1729/1723 2194/3020/2990
f 1044/2342/2333 1314/1999/1992 120/1998/1991
f 1045/357/354 658/394/391 1044/2342/2333
f 2433/3021/2991 1045/357/354 1044/2342/2333
f 298/414/411 1045/357/354 2614/1440/1434
f 221/1179/1176 1046/2558/2544 978/2557/2543
f 1520/1163/1160 215/2561/2547 2033/2560/2546
f 1047/1129/1126 1467/3022/2992 2507/3023/2993
f 556/2625/2608 2288/2059/2052 786/2626/2609
f 1394/113/113 1048/107/107 692/114/114
f 3265/3024/2994 1666/2422/2413 691/2423/2414
f 1048/107/107 1049/3025/2995 692/114/114
f 14/104/104 1667/2421/2412 2602/2419/2410
f 3010/261/261 1331/3026/2996 755/2551/2537
f 1661/2977/2949 2973/3027/2997 1060/2978/2950
f 1051/1738/1732 1025/1375/1370 1498/2996/2967
f 1956/35/35 1481/1935/1928 493/37/37
f 399/1737/1731 2966/2675/2654 1051/1738/1732
f 2951/1734/1728 269/1733/1727 2966/2675/2654
f 1053/3028/2998 2988/3029/2999 138/745/742
f 2988/3029/2999 2822/2922/2895 738/2920/2893
f 2128/217/217 1054/3030/3000 1281/216/216
f 56/1613/1607 2732/1605/1599 1965/1604/1598
f 1055/1607/1601 2435/1606/1600 2127/3031/3001
f 1054/3030/3000 2128/217/217 2127/3031/3001
f 759/1190/1187 1056/3032/3002 2964/1191/1188
f 2510/3033/3003 2769/1165/1162 220/2486/2475
f 2609/2292/2283 1570/3034/3004 1057/581/578
f 1057/581/578 1570/3034/3004 2225/670/667
f 1058/3035/3005 3215/1097/1094 3322/3036/3006
f 2910/1502/1496 1513/3037/3007 1380/1033/1030
f 1059/1972/1965 1050/2500/2489 731/2499/2488
f 1059/1972/1965 1700/2504/2492 1995/3038/3008
f 1060/2978/2950 2973/3027/2997 3330/3039/3009
f 2623/2975/2947 2024/376/373 2783/1812/1806
f 2849/281/281 1978/2976/2948 1997/279/279
f 1978/2976/2948 2828/1967/1960 1661/2977/2949
f 3218/457/454 3011/458/455 1062/462/459
f 3056/3040/3010 2820/675/672 1436/2389/2380
f 738/2920/2893 2903/2921/2894 1063/3041/3011
f 792/3042/3012 1770/920/917 1063/3041/3011
f 1064/1923/1916 481/21/21 4/1936/1929
f 1781/1744/1738 481/21/21 2176/14/14
f 6/42/42 18/40/40 1989/141/141
f 1989/141/141 3076/140/140 1136/142/142
f 2377/3043/3013 163/850/847 1964/849/846
f 2561/3044/3014 2250/887/884 2379/3045/3015
f 623/73/73 1067/75/75 1638/1571/1565
f 2415/85/85 1344/87/87 12/2590/2576
f 2795/3046/3016 1068/1947/1940 635/2346/2337
f 164/1946/1939 1517/752/749 1845/751/748
f 322/438/435 3000/1509/1503 516/1508/1502
f 1375/3047/3017 2578/1516/1510 2154/481/478
f 1069/1507/1501 1600/288/288 1070/337/334
f 3230/3048/3018 976/270/270 1451/226/226
f 2899/1988/1981 2473/1987/1980 1071/3049/3019
f 1600/288/288 1071/3049/3019 2473/1987/1980
f 2544/1985/1978 1072/1986/1979 520/343/340
f 520/343/340 1890/3050/3020 3298/1973/1966
f 1072/1986/1979 1890/3050/3020 520/343/340
f 1071/3049/3019 3128/3051/3021 1660/3052/3022
f 2742/3053/3023 1739/659/656 1074/744/741
f 2297/3054/3024 2648/2234/2226 836/2701/2680
f 1290/1898/1892 465/327/326 3171/3055/3025
f 465/327/326 1022/329/328 3171/3055/3025
f 1076/560/557 3034/559/556 110/612/609
f 3032/3056/3026 3033/705/702 912/3057/3027
f 955/2390/2381 134/759/756 2103/2899/2872
f 134/759/756 2631/1336/1331 2103/2899/2872
f 3137/3058/3028 2325/2604/2590 1340/265/265
f 2134/2979/2951 2325/2604/2590 3137/3058/3028
f 2287/3059/3029 789/2253/2244 1079/871/868
f 558/916/913 1079/871/868 1764/2963/2935
f 170/2254/2245 1080/843/840 1079/871/868
f 170/2254/2245 3101/3060/3030 1080/843/840
f 1081/3061/3031 696/2587/2573 770/2434/2423
f 1082/3062/3032 1081/3061/3031 2260/2436/2425
f 1084/2435/2424 1082/3062/3032 2260/2436/2425
f 2980/3063/3033 1232/2018/2011 1265/3064/3034
f 931/2865/2839 1083/3065/3035 611/2287/2278
f 770/2434/2423 2240/2588/2574 1230/2014/2007
f 906/1205/1202 1084/2435/2424 531/2016/2009
f 1084/2435/2424 1265/3064/3034 1082/3062/3032
f 227/1214/1211 1085/1496/1490 530/2013/2006
f 1085/1496/1490 1084/2435/2424 2850/2437/2426
f 1208/1900/1894 798/1199/1196 1086/2652/2631
f 798/1199/1196 1858/1499/1493 2781/1498/1492
f 309/1484/1478 2247/1485/1479 1087/1102/1099
f 2084/1101/1098 309/1484/1478 1087/1102/1099
f 2698/3066/3036 1088/3067/3037 585/2221/2213
f 1719/1996/1989 1792/3068/3038 2698/3066/3036
f 1691/2931/2904 1465/1005/1002 970/1052/1049
f 3172/3069/3039 970/1052/1049 3190/1054/1051
f 3219/3070/3040 1090/765/762 582/2719/2698
f 582/2719/2698 1896/2646/2627 92/2644/2625
f 2149/83/83 2576/3071/3041 1091/84/84
f 2752/2033/2026 21/2464/2453 3226/2031/2024
f 1092/3072/3042 2752/2033/2026 1720/2032/2025
f 2799/2589/2575 3134/3073/3043 1106/99/99
f 2698/3066/3036 1792/3068/3038 1088/3067/3037
f 1792/3068/3038 3174/697/694 2878/696/693
f 1640/3074/3044 1939/646/643 1094/645/642
f 3216/2522/2510 3175/3075/3045 1093/1997/1990
f 1095/2465/2454 535/2466/2455 709/153/153
f 708/2462/2451 3225/2463/2452 3226/2031/2024
f 1096/761/758 165/896/893 703/3076/3046
f 1396/3077/3047 1096/761/758 3144/3078/3048
f 1097/2454/2443 1902/2480/2469 1966/2507/2495
f 733/640/637 1077/854/851 2803/853/850
f 3244/1335/1330 2479/2453/2442 1098/3003/2974
f 1803/3079/3049 1096/761/758 703/3076/3046
f 1036/1715/1709 1099/1720/1714 395/184/184
f 2701/3080/3050 2971/3081/3051 395/184/184
f 1100/1418/1412 1284/201/201 2515/203/203
f 2655/162/162 2515/203/203 1657/1380/1375
f 1648/2828/2802 1101/2242/2234 173/1817/1811
f 1101/2242/2234 1242/922/919 1777/881/878
f 1820/949/946 1868/951/948 2534/2424/2415
f 2731/2266/2257 604/2904/2877 2640/2267/2258
f 2750/1299/1294 238/2111/2104 1103/2497/2486
f 2093/2209/2201 1762/2208/2200 1103/2497/2486
f 1104/133/133 820/131/131 31/1379/1374
f 1040/129/129 820/131/131 1793/2671/2650
f 1105/2674/2653 1863/3082/3052 2722/1420/1414
f 1038/1423/1417 1105/2674/2653 1039/3013/2983
f 849/102/102 1106/99/99 15/2727/2706
f 771/97/97 1106/99/99 849/102/102
f 117/650/647 118/3083/3053 1107/613/610
f 725/523/520 2144/520/517 1811/524/521
f 222/1198/1195 2981/3084/3054 1108/1865/1859
f 2981/3084/3054 752/1137/1134 1108/1865/1859
f 752/1137/1134 1109/1501/1495 760/1866/1860
f 760/1866/1860 1109/1501/1495 1909/1500/1494
f 225/3085/3055 1318/3086/3056 1110/2941/2914
f 225/3085/3055 2553/1189/1186 1178/1195/1192
f 1111/780/777 705/3087/3057 2327/2471/2460
f 565/2898/2871 1442/2897/2870 1581/2140/2133
f 269/1733/1727 2642/3088/3058 1112/1374/1369
f 2642/3088/3058 2350/30/30 3178/29/29
f 3151/712/709 1113/1677/1671 549/713/710
f 2372/1704/1698 114/1703/1697 2222/1679/1673
f 2861/726/723 1114/2725/2704 551/724/721
f 551/724/721 2777/2086/2079 132/2085/2078
f 2111/1757/1751 864/1749/1743 1115/432/429
f 2575/3089/3059 864/1749/1743 2499/1751/1745
f 602/2096/2089 1150/3090/3060 1461/2260/2251
f 3263/3091/3061 1150/3090/3060 602/2096/2089
f 1466/2103/2096 2756/1231/1228 543/1210/1207
f 543/1210/1207 2756/1231/1228 1470/1230/1227
f 1118/3092/3062 3227/1183/1180 706/1172/1169
f 1118/3092/3062 559/1279/1275 3227/1183/1180
f 1119/2127/2120 562/735/732 1718/737/734
f 1950/2914/2887 1538/812/809 2556/814/811
f 1554/1398/1393 3001/3093/3063 1577/3094/3064
f 1121/1075/1072 1457/1051/1048 2476/3095/3065
f 1384/2729/2708 203/1076/1073 850/1078/1075
f 1384/2729/2708 850/1078/1075 775/1178/1175
f 1826/475/472 1122/2570/2556 90/579/576
f 1213/2805/2781 2666/2567/2553 957/3096/3066
f 932/2517/2505 2560/891/888 2082/890/887
f 1648/2828/2802 173/1817/1811 1760/2866/2840
f 1124/2555/2541 1774/2217/2209 1029/2219/2211
f 2233/3097/3067 739/927/924 758/929/926
f 2378/1849/1843 1125/3098/3068 1788/1850/1844
f 2053/1771/1765 1125/3098/3068 155/851/848
f 1126/1856/1850 2357/1858/1852 2856/3099/3069
f 2569/1263/1260 1126/1856/1850 1773/2817/2793
f 1127/3100/3070 120/1998/1991 1511/1437/1431
f 120/1998/1991 2433/3021/2991 1044/2342/2333
f 419/848/845 1757/847/844 2198/3101/3071
f 430/1796/1790 419/848/845 1729/1797/1791
f 1129/1793/1787 1128/1523/1517 1560/1772/1766
f 1729/1797/1791 419/848/845 2198/3101/3071
f 1130/695/692 2632/3102/3072 1131/771/768
f 3139/2617/2600 1555/2133/2126 1616/2130/2123
f 610/942/939 1131/771/768 2632/3102/3072
f 1564/739/736 1872/738/735 1131/771/768
f 1132/483/480 769/485/482 1369/2469/2458
f 3043/2262/2253 1132/483/480 603/2259/2250
f 2911/787/784 330/786/783 2681/3103/3073
f 756/3104/3074 1336/3105/3075 331/3106/3076
f 1134/1145/1142 2133/1144/1141 2448/2245/2236
f 3104/2758/2737 867/3107/2736 194/2759/2738
f 513/302/302 896/263/263 1135/2698/2677
f 2168/2002/1995 896/263/263 2572/2003/1996
f 2282/2918/2891 2858/3108/3077 591/2231/2223
f 1644/139/139 441/2640/2621 2037/2179/2172
f 628/2331/2322 1137/1531/1525 2784/1821/1815
f 2784/1821/1815 1137/1531/1525 2051/1819/1813
f 1138/3109/3078 445/506/503 1450/1837/1831
f 3105/3110/3079 1191/509/506 445/506/503
f 3053/1956/1949 1139/952/949 660/3111/3080
f 188/970/967 178/953/950 1139/952/949
f 1140/518/515 1838/517/514 566/2145/2138
f 1628/2149/2142 3301/2601/2587 2924/2153/2146
f 1141/435/432 2180/434/431 66/361/358
f 2309/2697/2676 1460/2004/1997 66/361/358
f 2223/126/126 1142/128/128 3220/3112/3081
f 2621/3113/3082 2655/162/162 1657/1380/1375
f 3326/2572/2558 2072/144/144 2373/2573/2559
f 764/147/147 707/149/149 2292/2518/2506
f 2830/3114/3083 1144/2232/2224 574/146/146
f 1644/139/139 2831/3115/3084 2830/3114/3083
f 1145/218/218 1501/220/220 2512/3116/3085
f 2597/1578/1572 1165/1461/1455 2513/3117/3086
f 2364/3118/3087 2463/909/906 169/908/905
f 1851/861/858 1519/863/860 1510/906/903
f 1955/2578/2564 1839/1359/1354 1951/1875/1869
f 3024/3119/3088 1948/2203/2195 3028/2205/2197
f 1148/2062/2055 231/1226/1223 3210/2063/2056
f 1615/1152/1149 317/1218/1215 3275/1225/1222
f 2737/3120/3089 2568/1238/1235 900/2815/2791
f 2737/3120/3089 935/2579/2565 767/1237/1234
f 1150/3090/3060 2175/2261/2252 1461/2260/2251
f 802/2093/2086 1116/721/718 1150/3090/3060
f 991/2299/2290 2689/2618/2601 1478/2620/2603
f 991/2299/2290 615/2166/2159 1152/972/969
f 1152/972/969 1151/3121/3090 991/2299/2290
f 1877/3122/3091 2689/2618/2601 1746/2300/2291
f 1153/3123/3092 3051/1511/1505 986/1513/1507
f 167/2612/902 3300/859/856 1665/3124/3093
f 1665/3124/3093 3300/859/856 1154/2706/2685
f 3300/859/856 1416/2704/2683 1154/2706/2685
f 1155/1080/1077 204/2353/2344 2566/1364/1359
f 2338/1363/1358 2543/1371/1366 2566/1364/1359
f 2586/3125/3094 1156/1126/1123 2095/1127/1124
f 1858/1499/1493 1892/2637/2618 320/1148/1145
f 320/1148/1145 1157/3126/3095 218/1149/1146
f 1157/3126/3095 3242/3127/3096 218/1149/1146
f 1158/1862/1856 1841/1232/1229 752/2544/1134
f 1474/1863/1857 1158/1862/1856 752/2544/1134
f 1945/3128/3097 1159/15/15 468/1905/1898
f 1946/1716/1710 1159/15/15 1913/1924/1917
f 1882/3129/3098 1160/818/815 328/1530/1524
f 328/1530/1524 1160/818/815 2179/1526/1520
f 2980/3063/3033 1161/2017/2010 1232/2018/2011
f 989/2748/2727 2670/1201/1198 226/1204/1201
f 1635/837/834 1162/2171/2164 768/838/835
f 768/838/835 1162/2171/2164 600/2580/2566
f 1163/973/970 1557/2521/2509 595/998/995
f 2646/997/994 1163/973/970 595/998/995
f 1504/2552/2538 2516/3130/3099 162/845/842
f 756/3104/3074 331/3106/3076 2516/3130/3099
f 2169/1458/1452 2512/3116/3085 1165/1461/1455
f 2171/1460/1454 2169/1458/1452 1165/1461/1455
f 2316/3131/3100 1980/465/462 3038/3132/3101
f 1550/1346/1341 1711/684/681 2829/3133/3102
f 857/1242/1239 235/1270/1266 2126/1272/1268
f 857/1242/1239 2126/1272/1268 1576/1244/1241
f 1167/2740/2719 236/2742/2721 1168/1247/1244
f 236/2742/2721 2300/1292/1287 1168/1247/1244
f 1169/822/819 2464/774/771 2080/2692/2671
f 1107/613/610 118/3083/3053 2404/614/611
f 832/875/872 1170/823/820 2869/2691/2670
f 1351/821/818 1170/823/820 832/875/872
f 1171/3134/3103 942/2230/2222 856/2229/2221
f 2065/532/529 1171/3134/3103 2570/2737/2716
f 736/2513/2501 2600/2765/2743 869/2763/2741
f 882/418/415 1972/417/414 3149/3135/3104
f 2165/3136/3105 1173/1872/1866 1021/334/332
f 695/2058/2051 1664/408/405 69/3137/3106
f 444/2783/2759 1174/2393/2384 879/2784/2760
f 444/2783/2759 674/538/535 1174/2393/2384
f 1113/1677/1671 2993/1699/1693 385/1691/1685
f 2993/1699/1693 1479/1673/1667 385/1691/1685
f 915/2277/2268 1176/2843/2817 1181/2278/2269
f 557/2107/2100 2947/2846/2820 1471/2845/2819
f 2947/2846/2820 914/2842/2816 2743/3138/3107
f 2805/1180/1177 1833/1182/1179 2000/3139/3108
f 225/3085/3055 1178/1195/1192 557/2107/2100
f 557/2107/2100 2254/2841/2815 2947/2846/2820
f 418/1790/1784 2502/2736/2715 1179/1792/1786
f 230/1217/1214 418/1790/1784 1179/1792/1786
f 1180/2744/2723 858/2109/2102 3072/2745/2724
f 608/2276/2267 1181/2278/2269 2363/2280/2271
f 1181/2278/2269 858/2109/2102 1180/2744/2723
f 1181/2278/2269 1177/2110/2103 858/2109/2102
f 1409/3140/3109 1182/1951/1944 3209/3141/3110
f 2197/3142/3111 2035/1430/1424 2036/3143/3112
f 202/2167/2160 1183/1487/1481 992/2240/2232
f 202/2167/2160 3141/1098/1095 2388/1100/1097
f 1181/2278/2269 1184/2844/2818 1177/2110/2103
f 1177/2181/2103 2000/3139/3108 575/2182/2174
f 1263/1404/1399 281/1410/1405 679/1405/1400
f 1263/1404/1399 289/1414/1408 281/1410/1405
f 1415/459/456 2694/496/493 84/441/438
f 84/441/438 2694/496/493 656/442/439
f 249/1773/1767 2221/1775/1769 1187/1314/1309
f 1894/2764/2742 364/3144/2437 3148/3145/3113
f 1185/1429/1423 1188/182/182 289/1414/1408
f 68/1412/399 289/1414/1408 1960/2956/2929
f 223/1206/1203 1253/1208/1205 1189/1216/1213
f 223/1206/1203 2269/1494/1488 314/1168/1165
f 1190/1700/1694 385/1691/1685 2414/3146/3114
f 121/682/679 3261/1693/1687 388/1621/1615
f 2486/3147/3115 1191/509/506 3105/3110/3079
f 94/535/532 3004/2595/2581 1444/2057/2050
f 1192/1321/1316 684/683/680 264/1351/1346
f 264/1351/1346 668/1350/1345 1192/1321/1316
f 2326/2493/2482 1193/2489/2478 723/1142/1139
f 723/1142/1139 3306/2490/2479 3013/2184/2176
f 1194/1221/1218 3331/2175/2168 232/2177/2170
f 2719/2810/2786 232/2177/2170 897/2809/2785
f 1195/2115/2108 985/2117/2110 1010/2172/2165
f 1195/2115/2108 1010/2172/2165 1227/2972/2944
f 1910/1685/1679 2985/1674/1668 389/1676/1670
f 2460/591/588 1686/593/590 383/1682/1676
f 175/940/937 1197/931/928 1971/933/930
f 3077/2576/2562 3066/3148/3116 2497/3149/3117
f 1853/3150/3118 1198/392/389 1958/2150/2143
f 1026/1968/1961 1454/299/299 3108/2997/2968
f 1199/963/960 3264/3151/3119 2061/3152/3120
f 642/2361/2352 617/2910/2883 2245/2362/2353
f 1200/1213/1210 1387/1223/1220 1161/2017/2010
f 2670/1201/1198 1161/2017/2010 2980/3063/3033
f 617/2910/2883 1201/1119/1116 2245/2362/2353
f 1201/1119/1116 617/2910/2883 890/1117/1114
f 1081/3061/3031 1202/1222/1219 696/2587/2573
f 1232/2018/2011 1202/1222/1219 1081/3061/3031
f 1203/2064/2057 786/2626/2609 2288/2059/2052
f 3210/2063/2056 3115/2104/2097 1203/2064/2057
f 779/187/187 2445/2607/2593 2324/3153/3121
f 33/188/188 779/187/187 2324/3153/3121
f 738/2920/2893 1063/3041/3011 1205/879/876
f 2988/3029/2999 738/2920/2893 2474/829/826
f 1206/450/447 1207/3154/3122 2158/2395/2386
f 1206/450/447 2158/2395/2386 299/1466/1460
f 2159/1441/1435 1127/3100/3070 292/501/498
f 87/500/497 2159/1441/1435 292/501/498
f 1208/1900/1894 241/2653/2632 466/1284/1280
f 953/2895/2869 1208/1900/1894 1240/2822/2796
f 234/2537/2525 866/2754/2733 2881/3155/3123
f 1272/1261/1258 2881/3155/3123 2056/1262/1259
f 1801/1233/1230 1210/1864/1858 866/2754/2733
f 1475/1260/1257 2881/3155/3123 866/2754/2733
f 2154/481/478 1211/470/467 3000/1509/1503
f 1211/470/467 873/469/466 3000/1509/1503
f 1212/674/671 3077/2576/2562 2497/3149/3117
f 1814/672/669 1212/674/671 1237/3156/3124
f 1213/2805/2781 957/3096/3066 82/474/471
f 1141/435/432 2572/2003/1996 82/474/471
f 2413/2433/2422 1642/2432/2421 695/2058/2051
f 967/2055/2048 2413/2433/2422 3332/2131/2124
f 814/1628/1622 677/1627/1621 1215/3157/3125
f 3274/3158/3126 1288/1629/1623 2472/3159/3127
f 961/2564/2550 3250/2908/2881 179/941/938
f 179/941/938 3250/2908/2881 2712/962/959
f 462/1890/1884 1217/1892/1886 1238/1894/1888
f 1909/1500/1494 2910/1502/1496 1380/1033/1030
f 2410/412/409 875/2832/2806 1218/2834/2808
f 763/447/444 2584/2568/2554 2666/2567/2553
f 1219/2297/2288 777/2599/2585 910/2600/2586
f 875/2832/2806 1219/2297/2288 1251/3160/3128
f 997/320/319 1220/372/369 3293/374/371
f 1953/319/318 1220/372/369 997/320/319
f 281/1410/1405 3177/1409/1404 3099/2397/2388
f 3099/2397/2388 663/2381/2372 1264/1416/1410
f 1222/3161/3129 490/548/545 97/554/551
f 1222/3161/3129 651/1847/1841 490/548/545
f 286/2959/398 2848/2957/2930 1223/1413/1407
f 286/2959/398 1223/1413/1407 68/1412/399
f 600/2580/2566 1224/2634/2615 1613/2632/2613
f 2880/2255/2246 170/2254/2245 3307/3162/3130
f 1225/3163/3131 539/1013/1010 761/2641/2622
f 1984/2447/2436 3050/986/983 1983/2049/2042
f 1789/1503/1497 2935/1505/1499 1226/919/916
f 1226/919/916 3006/3164/3132 1772/2549/2535
f 534/2029/2022 1195/2115/2108 1227/2972/2944
f 534/2029/2022 3331/2175/2168 1194/1221/1218
f 1228/1090/1087 644/1071/1068 625/2322/2313
f 1758/3165/3133 1655/1069/1066 2608/2365/2356
f 2387/1194/1191 1229/1193/1190 531/2016/2009
f 1229/1193/1190 906/1205/1202 531/2016/2009
f 227/1214/1211 1230/2014/2007 931/2865/2839
f 1230/2014/2007 1083/3065/3035 931/2865/2839
f 1692/1111/1108 751/3166/2955 1231/1112/1109
f 751/3166/2955 1017/3167/3134 1231/1112/1109
f 1232/2018/2011 1081/3061/3031 1082/3062/3032
f 1265/3064/3034 1232/2018/2011 1082/3062/3032
f 611/2287/2278 1233/2735/2714 418/1790/1784
f 1083/3065/3035 1800/3168/3135 611/2287/2278
f 1234/514/511 1018/2984/2956 96/516/513
f 1620/2986/2958 1018/2984/2956 2767/512/509
f 1233/2735/2714 2396/1245/1242 1236/3169/3136
f 611/2287/2278 3189/3170/3137 1233/2735/2714
f 1233/2735/2714 1236/3169/3136 2502/2736/2715
f 1236/3169/3136 1168/1247/1244 2502/2736/2715
f 1212/674/671 2497/3149/3117 1237/3156/3124
f 2825/592/589 2497/3149/3117 1686/593/590
f 462/1890/1884 1238/1894/1888 791/1891/1885
f 791/1891/1885 2015/1895/1889 206/1074/1071
f 1239/2113/2106 2938/3171/3138 2287/3059/3029
f 1613/2632/2613 1224/2634/2615 2938/3171/3138
f 1240/2822/2796 466/1284/1280 2807/1283/1279
f 1240/2822/2796 1208/1900/1894 466/1284/1280
f 1241/1106/1103 538/2309/2300 2644/2308/2299
f 1680/2042/2035 2489/2351/2342 2488/3172/3139
f 1242/922/919 2901/882/879 1777/881/878
f 3006/3164/3132 171/2548/2534 1772/2549/2535
f 738/2920/2893 1243/2473/2462 966/868/865
f 966/868/865 1243/2473/2462 1580/2714/2693
f 1244/794/791 1249/2890/2864 2986/3173/3140
f 2986/3173/3140 856/2229/2221 1244/794/791
f 1245/877/874 843/2717/2696 2280/2718/2697
f 1245/877/874 842/2715/2694 843/2717/2696
f 724/515/512 96/516/513 2650/2488/2477
f 2650/2488/2477 2695/2236/2228 2697/2592/2578
f 453/1901/1255 1247/1197/1194 798/1199/1196
f 1474/1863/1857 752/2544/1134 2981/3174/3054
f 52/294/294 2836/296/296 1256/3175/3141
f 259/1337/1332 52/294/294 3311/1331/1326
f 949/2888/2862 948/2889/2863 1249/2890/2864
f 1787/932/929 948/2889/2863 3279/2885/2859
f 745/1192/1189 1250/2532/2520 2406/2747/2726
f 2265/1489/1483 994/2531/2519 1250/2532/2520
f 1251/3160/3128 1219/2297/2288 910/2600/2586
f 3277/2833/2807 2075/2776/2752 2584/2568/2554
f 310/1113/1110 1252/1153/1150 216/1155/1152
f 310/1113/1110 207/1488/1482 3158/2529/2517
f 1253/1208/1205 228/1215/1212 487/1791/1785
f 1253/1208/1205 487/1791/1785 1189/1216/1213
f 1254/460/457 84/441/438 995/440/437
f 286/2959/398 1254/460/457 2848/2957/2930
f 2182/2040/2033 1241/1106/1103 1255/1105/1102
f 884/1360/1355 266/1362/1357 2532/2239/2231
f 1256/3175/3141 261/1342/1337 1248/322/321
f 3311/1331/1326 1248/322/321 1674/3176/3142
f 1257/2633/2614 1239/2113/2106 3200/2112/2105
f 2227/2713/2692 2914/2515/2503 321/2514/2502
f 1258/1334/1329 257/253/253 1593/252/252
f 1258/1334/1329 2253/1385/1380 257/253/253
f 288/274/274 1259/1476/1470 2841/1326/1321
f 1259/1476/1470 288/274/274 510/1428/1422
f 1260/1407/1402 1262/292/292 287/291/291
f 1260/1407/1402 287/291/291 325/1427/1421
f 1261/3177/3143 51/1327/1322 339/295/295
f 259/1337/1332 1261/3177/3143 339/295/295
f 511/1962/1955 60/313/312 1262/292/292
f 1266/1408/1403 511/1962/1955 1262/292/292
f 1185/1429/1423 1263/1404/1399 2436/1406/1401
f 1185/1429/1423 289/1414/1408 1263/1404/1399
f 2970/1417/1411 1264/1416/1410 325/1427/1421
f 1264/1416/1410 1260/1407/1402 325/1427/1421
f 1265/3064/3034 1084/2435/2424 906/1205/1202
f 906/1205/1202 226/1204/1201 1265/3064/3034
f 282/1426/1420 657/1425/1419 1266/1408/1403
f 2257/1411/1406 1266/1408/1403 3177/1409/1404
f 1267/2992/2964 400/2990/2962 1023/1740/1734
f 3092/431/428 2111/1757/1751 1115/432/429
f 1268/1282/1278 240/1281/1277 248/1302/1297
f 1268/1282/1278 3044/2206/2198 1012/2974/2946
f 240/1281/1277 1269/1301/1296 248/1302/1297
f 1809/1278/1274 247/1298/1293 1269/1301/1296
f 467/3178/3144 1270/1236/1233 234/2537/2525
f 1270/1236/1233 3029/2818/2794 767/1237/1234
f 229/1156/1153 1271/1234/1231 3026/3179/3145
f 1271/1234/1231 3080/2755/2734 3026/3179/3145
f 234/2537/2525 1272/1261/1258 2569/1263/1260
f 234/2537/2525 2881/3155/3123 1272/1261/1258
f 1273/285/285 1816/2001/1994 2662/286/286
f 58/2501/2490 2581/2502/2491 731/2499/2488
f 2986/3173/3140 1249/2890/2864 1274/732/729
f 3320/3180/3146 1249/2890/2864 948/2889/2863
f 1139/952/949 1275/2316/2307 660/3111/3080
f 1139/952/949 404/954/951 1275/2316/2307
f 1276/3181/3147 2340/400/397 3097/2409/2400
f 2975/3182/3148 1276/3181/3147 2023/3183/3149
f 1277/237/237 1393/236/236 1934/2672/2651
f 1783/1424/1418 1934/2672/2651 806/1403/1398
f 1278/493/490 2659/3184/3150 2660/1910/1903
f 455/492/489 2150/734/731 1278/493/490
f 2038/2656/2635 2934/3185/3151 2891/2654/2633
f 441/2640/2621 2934/3185/3151 2038/2656/2635
f 930/399/396 1280/284/284 2598/3186/3152
f 2472/3159/3127 1288/1629/1623 2945/2864/2838
f 38/1717/1711 2344/169/169 1281/216/216
f 3179/250/250 2495/1719/1713 1281/216/216
f 1282/2420/2411 13/96/96 1667/2421/2412
f 2203/88/88 2205/90/90 13/96/96
f 354/81/81 1283/78/78 2736/92/92
f 2203/88/88 13/96/96 1282/2420/2411
f 2375/3187/3153 40/223/223 1634/225/225
f 283/1415/1409 2970/1417/1411 2375/3187/3153
f 2689/2618/2601 1877/3122/3091 2101/2619/2602
f 2633/3188/3154 783/2132/2125 1877/3122/3091
f 1286/3189/3155 1605/1387/1382 1377/3190/3156
f 2217/2808/2784 91/641/638 2943/464/461
f 1558/1886/1880 2041/1885/1879 1287/1241/1238
f 1287/1241/1238 235/1270/1266 857/1242/1239
f 1288/1629/1623 1215/3157/3125 1075/306/306
f 3274/3158/3126 1215/3157/3125 1288/1629/1623
f 260/398/395 1289/1338/1333 930/399/396
f 735/413/410 1289/1338/1333 260/398/395
f 677/1627/1621 1290/1898/1892 1215/3157/3125
f 1215/3157/3125 1290/1898/1892 1075/306/306
f 2564/2401/2392 1291/1341/1336 86/491/488
f 86/491/488 1496/1626/1620 1289/1338/1333
f 69/3137/3106 1173/1872/1866 2165/3136/3105
f 2504/2429/2418 2456/2428/421 2165/3191/3105
f 2816/2073/2066 3126/2075/2068 1293/2076/2069
f 1827/903/900 2068/3192/3157 2529/901/898
f 1294/211/211 598/212/212 1658/271/271
f 41/210/210 35/183/183 2382/185/185
f 373/1915/1908 1468/3193/3158 3327/1655/1649
f 1973/1652/1646 1806/1881/1875 3318/1653/1647
f 1296/1056/1053 199/3194/3159 1468/3193/3158
f 1806/1881/1875 1468/3193/3158 3318/1653/1647
f 2819/1002/999 1625/1001/998 1297/991/988
f 2283/1959/1952 1343/1961/1954 2199/3195/3160
f 101/3196/3161 1298/2199/2191 717/566/563
f 101/3196/3161 2526/2837/2811 1298/2199/2191
f 844/2211/2203 2579/2720/2699 3035/3197/3162
f 2355/3198/3163 844/2211/2203 2001/429/426
f 1300/2148/2141 3083/519/516 1140/518/515
f 83/455/452 2142/3199/3164 2353/456/453
f 2671/2349/2340 1301/763/760 2345/2350/2341
f 120/1998/1991 1791/2000/1993 2188/1438/1432
f 363/386/383 1982/419/416 3124/421/418
f 1499/330/329 363/386/383 2323/331/330
f 1303/1617/1611 1302/1614/1608 1483/1918/1911
f 363/386/383 2162/3200/3165 2323/331/330
f 570/2161/2154 1304/2165/2158 1066/2162/2155
f 2377/3043/3013 2561/3044/3014 2379/3045/3015
f 688/2614/859 2916/2616/2599 1305/642/639
f 3142/769/766 3273/2630/491 2397/2407/2398
f 1306/3201/3166 460/1883/1877 1558/1886/1880
f 901/1239/1236 460/1883/1877 1306/3201/3166
f 1307/1185/1182 2983/1146/1143 1041/3017/2987
f 2133/1144/1141 2983/1146/1143 1307/1185/1182
f 751/2983/2955 1308/2982/2954 1017/3202/3134
f 1308/2982/2954 212/2538/2526 2208/3203/2952
f 1309/298/298 72/393/390 3188/3204/3167
f 1309/298/298 3231/2995/2966 72/393/390
f 1311/687/684 2975/3182/3148 1553/2732/2711
f 2975/3182/3148 2023/3183/3149 1553/2732/2711
f 562/735/732 1311/687/684 2482/2523/2511
f 1312/2408/2399 1311/687/684 1687/3205/3168
f 852/770/767 1312/2408/2399 1687/3205/3168
f 3142/769/766 1312/2408/2399 852/770/767
f 109/616/613 958/2903/2876 2588/3206/3169
f 109/616/613 2588/3206/3169 1750/621/618
f 2573/960/957 525/3207/3170 2866/3208/3171
f 159/1909/1902 2866/3208/3171 633/2340/2331
f 1315/668/665 113/2338/2329 1383/669/666
f 2110/2226/2218 113/2338/2329 1315/668/665
f 1856/222/222 3074/2470/2459 1316/2585/2571
f 2494/426/423 1292/425/422 1316/2585/2571
f 3205/2636/2617 1317/568/565 102/570/567
f 1317/568/565 1677/571/568 102/570/567
f 1318/3086/3056 978/2557/2543 1110/2941/2914
f 1943/1188/1185 221/1179/1176 978/2557/2543
f 1519/863/860 607/2274/2265 1319/3209/3172
f 3323/768/765 964/2128/2121 1319/3209/3172
f 3269/3210/3173 1320/977/974 2044/1944/1937
f 3282/996/993 1320/977/974 3269/3210/3173
f 1321/948/945 2230/3211/3174 2238/3212/3175
f 2230/3211/3174 2160/936/933 2006/1463/1457
f 39/2037/2030 1322/177/177 536/198/198
f 536/198/198 1785/123/123 1954/2598/2584
f 2707/658/655 1323/620/617 3093/1542/1536
f 2931/3213/3176 564/2135/2128 630/2336/2327
f 1324/1491/1485 311/1490/1484 224/1151/1148
f 1087/1102/1099 2243/1486/1480 2522/1116/1113
f 1325/3214/3177 3183/2373/2364 2090/1565/1559
f 1325/3214/3177 1881/2439/2428 3183/2373/2364
f 1326/2661/2640 801/339/336 2509/390/387
f 2557/3215/3178 710/2467/2456 1369/2469/2458
f 1937/1548/1542 334/747/744 1327/791/788
f 1327/791/788 334/747/744 140/792/789
f 1328/487/484 1427/1761/1755 405/610/607
f 1930/488/485 1328/487/484 405/610/607
f 3267/1731/1725 2616/2870/2844 37/214/214
f 2419/1730/1724 3267/1731/1725 37/214/214
f 1330/3216/3179 59/1315/1310 254/1323/1318
f 2325/2604/2590 2409/2603/2589 1340/265/265
f 2580/1971/1964 1331/3026/2996 513/302/302
f 1331/3026/2996 2580/1971/1964 57/1970/1963
f 19/39/39 1332/135/135 1644/139/139
f 2122/2680/2659 1683/136/136 1332/135/135
f 1333/2048/2041 2089/2047/2040 3031/3217/3180
f 1333/2048/2041 3031/3217/3180 1225/3163/3131
f 1334/529/526 2525/2945/2918 753/2546/2532
f 1334/529/526 753/2546/2532 1651/531/528
f 2611/3218/3181 1335/3219/3182 2703/700/697
f 116/1836/1830 2704/1835/1829 3135/704/701
f 331/3106/3076 1336/3105/3075 1133/3220/3183
f 1133/3220/3183 2982/3221/3184 748/3222/3185
f 784/840/837 1825/839/836 1337/2155/2148
f 1337/2155/2148 1743/815/812 784/840/837
f 1338/3223/3186 2184/2635/2616 564/2135/2128
f 1435/623/620 3270/622/619 1338/3223/3186
f 395/184/184 2971/3081/3051 1339/1726/1720
f 397/2694/2673 833/44/44 2972/1728/1722
f 1340/265/265 2726/282/282 1280/284/284
f 1330/3216/3179 254/1323/1318 1340/265/265
f 1341/1594/1588 340/1580/1574 27/1595/1589
f 3114/1581/1575 340/1580/1574 1341/1594/1588
f 550/2082/2075 1342/3224/2077 168/3225/3187
f 3065/2855/2829 550/2082/2075 923/2767/2745
f 1343/1961/1954 1297/991/988 1625/1001/998
f 1343/1961/1954 2493/992/989 1297/991/988
f 12/2590/2576 1344/87/87 2085/2591/2577
f 1752/82/82 1091/84/84 1092/3072/3042
f 2415/85/85 20/2574/2560 1345/2848/2822
f 20/2574/2560 1143/2849/2823 1345/2848/2822
f 209/1139/1136 1346/1130/1127 1047/1129/1126
f 1346/1130/1127 209/1139/1136 2089/2047/2040
f 896/263/263 1347/262/262 785/355/352
f 1522/3226/3188 785/355/352 2213/2550/2536
f 3339/725/722 1348/778/775 919/3227/3189
f 1348/778/775 2117/743/740 2860/651/648
f 805/22/22 2271/3015/2985 1707/2668/2647
f 1706/17/17 805/22/22 823/18/18
f 133/2876/2850 1351/821/818 941/874/871
f 2196/3228/3190 133/2876/2850 1822/3229/3191
f 1350/706/703 1169/822/819 2196/3228/3190
f 1870/628/625 2196/3228/3190 1822/3229/3191
f 2946/1879/1873 458/4/4 3/1880/1874
f 1779/2/2 2595/5/5 458/4/4
f 189/1011/1008 1353/1940/1933 201/1641/1635
f 189/1011/1008 370/1000/997 2819/1002/999
f 1354/3230/3192 3025/1294/1289 245/1293/1288
f 712/2474/2463 1354/3230/3192 245/1293/1288
f 2501/2750/2729 1355/1248/1245 1356/2475/2464
f 2021/2122/2115 1354/3230/3192 712/2474/2463
f 1356/2475/2464 712/2474/2463 2814/1274/1270
f 2021/2122/2115 712/2474/2463 1356/2475/2464
f 3334/2159/2152 968/2925/2898 1357/2160/2153
f 2157/110/110 555/3231/3193 1536/112/112
f 2050/2164/2157 1304/2165/2158 570/2161/2154
f 1771/3232/3194 570/2161/2154 1774/2217/2209
f 1359/3233/3195 1932/2663/2642 1150/3090/3060
f 2918/2664/2643 1932/2663/2642 1359/3233/3195
f 214/2934/2907 2133/1144/1141 1307/1185/1182
f 2133/1144/1141 2811/2477/2466 714/2191/2183
f 1028/562/559 1361/561/558 717/566/563
f 2851/527/524 1805/526/523 717/566/563
f 1362/172/172 1410/171/171 1852/1574/1568
f 56/1613/1607 2435/1606/1600 1852/1574/1568
f 847/2950/2923 1363/2289/2280 984/3234/3196
f 2277/2023/2016 984/3234/3196 1363/2289/2280
f 24/159/159 2134/2979/2951 1606/3235/3197
f 2725/157/157 24/159/159 2628/2928/2901
f 965/2214/2206 1365/3236/3198 583/2571/2557
f 1603/2438/2427 1365/3236/3198 965/2214/2206
f 1426/3237/3199 1674/3176/3142 1248/322/321
f 1674/3176/3142 1426/3237/3199 3087/3238/3200
f 3087/3238/3200 45/3239/3201 1674/3176/3142
f 2399/1553/1547 1812/1391/1386 1446/1554/1548
f 338/1392/1387 1812/1391/1386 1368/1829/1823
f 1582/1828/1822 338/1392/1387 1368/1829/1823
f 1132/483/480 1369/2469/2458 3186/2468/2457
f 1369/2469/2458 710/2467/2456 3186/2468/2457
f 2031/2090/2083 1370/2006/1999 146/2091/2084
f 1370/2006/1999 592/797/794 2025/799/796
f 1371/631/628 1916/630/627 408/3240/3202
f 2907/1762/1756 407/1764/1758 2517/1469/1463
f 598/212/212 1372/272/272 1658/271/271
f 598/212/212 2729/3241/3203 2959/2248/2239
f 1373/273/273 2416/2666/2645 3133/2665/2644
f 1389/340/337 2444/2449/2438 2402/2450/2439
f 1374/241/241 3131/243/243 3132/3242/3204
f 1389/340/337 3132/3242/3204 70/2938/2911
f 3271/2824/2798 1375/3047/3017 904/480/477
f 904/480/477 1375/3047/3017 2154/481/478
f 3038/3132/3101 1980/465/462 1376/467/464
f 3082/1390/1385 2527/3243/3205 1456/2787/2763
f 274/1389/1384 2527/3243/3205 1377/3190/3156
f 1605/1387/1382 274/1389/1384 1377/3190/3156
f 3135/704/701 1378/652/649 2117/743/740
f 1378/652/649 879/2784/2760 1174/2393/2384
f 1379/69/69 352/68/68 354/81/81
f 1379/69/69 354/81/81 2293/91/91
f 1909/1500/1494 1380/1033/1030 2744/3244/3206
f 1380/1033/1030 2921/1035/1032 2745/1039/1036
f 1381/825/822 144/1544/1538 1631/826/823
f 1715/1538/1532 2069/1539/1533 3313/3245/3207
f 2058/1510/1504 873/469/466 1382/289/289
f 1382/289/289 3219/3070/3040 2808/2210/2202
f 683/2080/2073 1383/669/666 2108/3246/3208
f 2108/3246/3208 1383/669/666 113/2338/2329
f 2095/1127/1124 1121/1075/1072 3242/3127/3096
f 1121/1075/1072 2476/3095/3065 3241/3247/3209
f 2161/315/314 1385/317/316 1014/1788/1782
f 1385/317/316 1060/3248/2950 1014/1788/1782
f 2163/2967/2939 1386/2028/2021 533/2025/2018
f 1386/2028/2021 2814/1274/1270 533/2025/2018
f 1387/1223/1220 3255/1240/1237 1804/1224/1221
f 1200/1213/1210 900/2815/2791 1387/1223/1220
f 450/1888/1882 1388/801/798 461/753/750
f 1573/1825/1819 1799/1824/1818 2898/3249/3210
f 1374/241/241 3132/3242/3204 1389/340/337
f 801/339/336 1374/241/241 1389/340/337
f 1390/2850/2824 2507/3023/2993 918/2803/2779
f 1047/1129/1126 2507/3023/2993 3039/1140/1137
f 871/2769/2747 1391/3250/3211 580/2770/2099
f 2361/3251/3212 2854/2942/2915 580/2106/2099
f 3153/2114/2107 1392/872/869 1079/871/868
f 162/845/842 2516/3130/3099 1392/872/869
f 30/181/181 1960/2956/2929 1188/182/182
f 289/1414/1408 1188/182/182 1960/2956/2929
f 296/117/117 1394/113/113 2005/115/115
f 1695/108/108 1394/113/113 296/117/117
f 2994/1680/1674 1395/594/591 1175/596/593
f 1033/1707/1701 2008/3007/2978 2991/3006/2977
f 1396/3077/3047 165/896/893 1096/761/758
f 3145/756/753 147/2218/2210 1824/2220/2212
f 808/899/896 1397/894/891 541/900/897
f 1964/849/846 155/851/848 1639/2054/2047
f 659/2329/2320 2143/60/60 2059/3252/3213
f 2059/3252/3213 1429/61/61 627/2359/2350
f 1584/2325/2316 2113/1072/1069 1399/2097/2090
f 371/1028/1025 1399/2097/2090 2113/1072/1069
f 2212/2188/2180 2826/1125/1122 1400/3253/3214
f 554/1110/1107 1399/2097/2090 2923/2098/2091
f 1540/1046/1043 1401/2038/2031 2531/2039/2032
f 1401/2038/2031 969/2796/2772 1979/1047/1044
f 1402/2862/2836 714/2191/2183 1512/2478/2467
f 1690/3254/3215 714/2191/2183 3206/3255/3216
f 1199/963/960 2125/2305/2296 482/831/828
f 2125/2305/2296 1808/1925/1918 482/831/828
f 2042/3256/3217 1404/627/624 753/2546/2532
f 912/3057/3027 3033/705/702 3283/2838/2812
f 1405/2884/2858 2084/1101/1098 741/2883/2857
f 595/998/995 1557/2521/2509 2200/2519/2507
f 1406/45/45 2999/1745/1739 2102/1747/1741
f 1441/46/46 1406/45/45 2477/51/51
f 1407/2035/2028 3150/150/150 21/2464/2453
f 840/2034/2027 3150/150/150 1407/2035/2028
f 1526/1264/1261 934/1266/1263 1408/1907/1900
f 934/1266/1263 2936/2872/2846 2040/2871/2845
f 1409/3140/3109 3209/3141/3110 2492/2858/2832
f 503/1950/1943 3182/2753/2732 2187/2752/2731
f 1410/171/171 627/2359/2350 1430/1586/1580
f 3114/1581/1575 345/1585/1579 3005/1562/1556
f 1519/863/860 688/862/859 1411/2273/2264
f 1411/2273/2264 688/862/859 1305/3257/639
f 1412/723/720 404/954/951 178/953/950
f 2018/2314/2305 2119/2315/2306 2845/3258/3218
f 612/2024/2017 1363/2289/2280 1413/653/650
f 2116/2785/2761 612/2024/2017 1413/653/650
f 1414/3259/3219 1281/216/216 1054/3030/3000
f 1730/370/367 1965/1604/1598 1993/371/368
f 2397/2407/2398 1415/2631/456 2340/400/397
f 1415/459/456 1254/460/457 788/2958/2931
f 3300/859/856 160/858/855 1416/2704/2683
f 3073/2947/2920 2815/2702/2681 837/468/465
f 1417/766/763 2347/1517/1511 1535/767/764
f 160/858/855 2815/2702/2681 3073/2947/2920
f 778/1324/1319 1418/1552/1546 48/258/258
f 1418/1552/1546 1367/259/259 48/258/258
f 1419/2223/2215 2170/2335/2326 1906/2333/2324
f 877/2224/2216 1419/2223/2215 629/578/575
f 1420/533/530 2570/2737/2716 855/2738/2717
f 1419/2223/2215 1420/533/530 3064/2334/2325
f 1536/112/112 1421/2441/2430 698/111/111
f 1684/2442/2431 2255/2989/2961 698/111/111
f 2621/3113/3082 2620/3260/3220 1422/1382/1377
f 1422/1382/1377 2655/162/162 2621/3113/3082
f 1423/1928/1921 1492/1922/1915 2792/1929/1922
f 2219/55/55 1627/54/54 2792/1929/1922
f 2002/2799/2775 1424/2798/2774 1927/1031/1028
f 983/2948/2921 2430/2949/2922 1969/1038/1035
f 1425/2797/2773 969/2796/2772 2430/2949/2922
f 2798/2794/2770 888/2929/2902 2511/1048/1045
f 1426/3237/3199 1248/322/321 1366/321/320
f 1366/321/320 1626/1308/1303 1685/3261/3221
f 1115/432/429 1427/1761/1755 1328/487/484
f 1115/432/429 864/1749/1743 2575/3089/3059
f 425/3262/3222 2783/1812/1806 2876/1809/1803
f 2623/2975/2947 2783/1812/1806 425/3262/3222
f 2059/3252/3213 1398/2396/2387 1429/61/61
f 1398/2396/2387 342/62/62 1429/61/61
f 1430/1586/1580 349/1560/1554 345/1585/1579
f 1430/1586/1580 345/1585/1579 3114/1581/1575
f 1431/2795/2771 195/1030/1027 3321/1937/1930
f 195/1030/1027 2002/2799/2775 1927/1031/1028
f 1432/626/623 2490/1444/1438 680/2398/2389
f 1432/626/623 126/625/622 2231/3263/3223
f 1433/632/629 1371/631/628 2232/1445/1439
f 2231/3263/3223 2490/1444/1438 1432/626/623
f 23/2101/2094 1434/2880/2854 1598/2158/2151
f 2685/101/101 709/153/153 2788/3264/3224
f 2931/3213/3176 1751/619/616 564/2135/2128
f 1751/619/616 1338/3223/3186 564/2135/2128
f 1062/462/459 3011/458/455 1436/2389/2380
f 1062/462/459 1436/2389/2380 672/463/460
f 836/2701/2680 2186/2700/2679 592/797/794
f 592/797/794 2465/3265/3225 596/798/795
f 2465/3265/3225 1438/827/824 596/798/795
f 596/798/795 1438/827/824 3100/2826/2800
f 2611/3218/3181 1439/606/603 1335/3219/3182
f 2612/647/644 1939/646/643 1439/606/603
f 639/2355/2346 1440/1564/1558 654/1568/1562
f 1485/41/41 1440/1564/1558 639/2355/2346
f 1441/46/46 2477/51/51 747/50/50
f 1329/2534/2522 1441/46/46 2130/2869/2843
f 2908/3266/3226 1442/2897/2870 2873/2457/2446
f 1581/2140/2133 1442/2897/2870 2908/3266/3226
f 2880/2255/2246 1443/914/911 170/2254/2245
f 1443/914/911 3101/3060/3030 170/2254/2245
f 1191/509/506 1444/2057/2050 3098/3011/2981
f 2486/3147/3115 1444/2057/2050 1191/509/506
f 1445/206/206 812/2678/2657 800/207/207
f 3159/2679/2658 3157/3267/3227 649/2371/2362
f 1418/1552/1546 1446/1554/1548 1367/259/259
f 1446/1554/1548 45/3239/3201 3087/3238/3200
f 701/2946/2919 980/382/379 1447/1306/1301
f 2818/1620/1614 1609/3268/3228 655/378/375
f 1006/2119/2112 2487/2404/2395 1873/2120/2113
f 1006/2119/2112 893/2806/2782 2487/2404/2395
f 1000/2416/2407 1449/2621/2604 142/2623/2606
f 2073/3269/3229 2775/742/739 3249/741/738
f 1138/3109/3078 1450/1837/1831 924/2856/2830
f 924/2856/2830 1893/1842/1836 674/538/535
f 1071/3049/3019 3230/3048/3018 1451/226/226
f 1451/226/226 3127/3270/3230 1071/3049/3019
f 2114/2311/2302 498/1942/1935 1452/1433/1427
f 498/1942/1935 926/1941/1934 1452/1433/1427
f 648/1642/1636 1453/1029/1026 2164/2366/2357
f 648/1642/1636 498/1942/1935 1453/1029/1026
f 1454/299/299 1309/298/298 3188/3204/3167
f 1454/299/299 3188/3204/3167 1853/3150/3118
f 1567/1590/1584 3123/66/66 1455/1570/1564
f 1455/1570/1564 623/73/73 1638/1571/1565
f 1456/2787/2763 882/418/415 2519/2695/2674
f 2527/3243/3205 882/418/415 1456/2787/2763
f 1457/1051/1048 537/1043/1040 1120/1394/1389
f 1457/1051/1048 1120/1394/1389 2476/3095/3065
f 1458/1948/1941 2795/3046/3016 2036/3143/3112
f 1458/1948/1941 2036/3143/3112 2035/1430/1424
f 1452/1433/1427 2714/1432/1426 1459/966/963
f 2590/3271/3231 2671/2349/2340 1459/966/963
f 1460/2004/1997 2572/2003/1996 1141/435/432
f 66/361/358 1460/2004/1997 1141/435/432
f 1594/2875/2849 1461/2260/2251 1986/2874/2848
f 1461/2260/2251 1412/723/720 178/953/950
f 1462/1763/1757 830/2688/2667 407/1764/1758
f 2533/1468/1462 2189/1439/1433 830/2688/2667
f 1255/1105/1102 1463/1107/1104 561/2123/2116
f 561/2123/2116 1614/1083/1080 720/2125/2118
f 1464/3272/3232 1180/2744/2723 246/1297/1292
f 928/1277/1273 2932/2863/2837 246/1297/1292
f 1465/1005/1002 374/1007/1004 970/1052/1049
f 374/1007/1004 1465/1005/1002 499/1008/1005
f 219/2257/2248 1467/3022/2992 1466/2103/2096
f 2313/3273/3233 556/2625/2608 2755/2627/2610
f 556/2625/2608 2313/3273/3233 1467/3022/2992
f 1467/3022/2992 1047/1129/1126 556/2625/2608
f 1468/3193/3158 1295/1053/1050 3327/1655/1649
f 2215/3274/3234 1295/1053/1050 1468/3193/3158
f 190/1635/1629 375/1634/1628 1469/1933/1926
f 1469/1933/1926 375/1634/1628 829/1638/1632
f 1470/1230/1227 3063/2906/2879 1981/1211/1208
f 1470/1230/1227 787/1229/1226 3063/2906/2879
f 915/2277/2268 1471/3275/2819 1176/2843/2817
f 2369/3276/2101 1471/3275/2819 915/2277/2268
f 423/1483/1477 1472/314/313 308/1474/1468
f 508/389/386 308/1474/1468 1472/314/313
f 1473/1522/1516 1573/1825/1819 2468/3277/3235
f 1560/1772/1766 1473/1522/1516 2468/3277/3235
f 1474/1863/1857 453/1258/1255 1475/1260/1257
f 2981/3174/3054 453/1258/1255 1474/1863/1857
f 1210/1864/1858 1475/1260/1257 866/2754/2733
f 1210/1864/1858 1474/1863/1857 1475/1260/1257
f 593/772/769 1476/3278/3236 908/773/770
f 2920/2829/2803 2641/2830/2804 181/971/968
f 1443/914/911 1477/912/909 3101/3060/3030
f 1032/2936/2909 1825/839/836 2461/3279/3237
f 1478/2620/2603 597/1019/1016 991/2299/2290
f 1690/3254/3215 3206/3255/3216 597/1019/1016
f 1190/1700/1694 2414/3146/3114 388/1621/1615
f 388/1621/1615 2414/3146/3114 3103/599/596
f 3246/33/33 1490/34/34 1480/36/36
f 485/1746/1740 1480/36/36 1423/1928/1921
f 1481/1935/1928 1493/3280/3238 1485/41/41
f 807/38/38 1493/3280/3238 1498/2996/2967
f 670/1897/1891 455/492/489 1482/3281/3239
f 1982/419/416 455/492/489 473/420/417
f 1302/1614/1608 2761/1616/1610 1483/1918/1911
f 2761/1616/1610 479/1920/1913 2927/1921/1914
f 1022/329/328 1484/267/267 1488/221/221
f 1497/332/331 3169/1618/1612 3199/2988/2960
f 5/1934/1927 1481/1935/1928 1485/41/41
f 2791/1573/1567 1485/41/41 639/2355/2346
f 1486/384/381 363/386/383 1499/330/329
f 454/1868/1862 1486/384/381 484/328/327
f 639/2355/2346 344/1567/1561 1487/57/57
f 1487/57/57 344/1567/1561 1567/1590/1584
f 1075/306/306 1290/1898/1892 1488/221/221
f 1075/306/306 1488/221/221 1364/195/195
f 3290/479/476 2893/478/475 78/1625/1619
f 78/1625/1619 2893/478/475 1486/384/381
f 496/27/27 4/1936/1929 3070/32/32
f 1662/1739/1733 399/1737/1731 1495/1736/1730
f 121/682/679 388/1621/1615 1491/1623/1617
f 121/682/679 1491/1623/1617 2942/1624/1618
f 1480/36/36 493/37/37 1492/1922/1915
f 1423/1928/1921 1480/36/36 1492/1922/1915
f 1493/3280/3238 807/38/38 6/42/42
f 1493/3280/3238 6/42/42 1485/41/41
f 493/37/37 1494/1572/1566 8/56/56
f 1494/1572/1566 1487/57/57 8/56/56
f 3070/32/32 1495/1736/1730 1051/1738/1732
f 4/1936/1929 1495/1736/1730 3070/32/32
f 86/491/488 1291/1341/1336 1496/1626/1620
f 1291/1341/1336 367/1340/1335 1496/1626/1620
f 1022/329/328 1497/332/331 1484/267/267
f 484/328/327 1497/332/331 1022/329/328
f 1481/1935/1928 1498/2996/2967 1493/3280/3238
f 1956/35/35 1498/2996/2967 1481/1935/1928
f 1486/384/381 1499/330/329 484/328/327
f 484/328/327 1499/330/329 1497/332/331
f 1994/800/797 472/2383/2374 1500/2384/2375
f 1388/801/798 1994/800/797 3061/754/751
f 3166/3282/3240 658/394/391 1501/220/220
f 3166/3282/3240 1501/220/220 46/219/219
f 2308/3283/3241 2852/1979/1972 1502/1975/1968
f 2308/3283/3241 1502/1975/1968 2647/3284/3242
f 3152/3285/3243 988/2954/2927 860/2530/2518
f 927/2194/2186 988/2954/2927 3152/3285/3243
f 2865/841/838 3335/842/839 2516/3130/3099
f 784/840/837 3335/842/839 2865/841/838
f 2853/2961/2933 1505/2960/2932 998/179/179
f 1786/2250/2241 599/238/238 285/1/1
f 3037/1584/1578 1506/1596/1590 353/189/189
f 353/189/189 2906/1582/1576 1898/190/190
f 1507/466/463 85/1330/1325 2837/3286/3244
f 262/1329/1324 85/1330/1325 1507/466/463
f 2747/1958/1951 504/947/944 2238/3212/3175
f 2238/3212/3175 504/947/944 1321/948/945
f 1509/1269/1265 1147/1874/1868 243/3287/3245
f 1509/1269/1265 243/3287/3245 2700/2868/2842
f 1510/906/903 2364/3118/3087 169/908/905
f 1850/907/904 1510/906/903 169/908/905
f 292/501/498 1511/1437/1431 300/1467/1461
f 292/501/498 1127/3100/3070 1511/1437/1431
f 1512/2478/2467 1876/3288/3246 578/2861/2835
f 2249/2196/2188 988/2954/2927 1876/3288/3246
f 1380/1033/1030 1513/3037/3007 2780/1034/1031
f 2779/1032/1029 1927/1031/1028 196/1037/1034
f 926/1941/1934 1514/1431/1425 1452/1433/1427
f 926/1941/1934 2677/2859/2833 1514/1431/1425
f 2982/3221/3184 1515/817/814 748/3222/3185
f 1618/3289/3247 2146/728/725 748/3222/3185
f 1516/809/806 923/2767/2745 2915/810/807
f 2071/2650/2630 3065/2855/2829 923/2767/2745
f 2045/884/881 2606/1768/1762 1517/752/749
f 1517/752/749 164/1946/1939 409/1945/1938
f 505/2364/2355 1518/2302/2293 2796/2303/2294
f 2428/1630/1624 3297/1632/1626 2272/3290/3248
f 1510/906/903 1519/863/860 1146/3291/3249
f 1519/863/860 1319/3209/3172 1146/3291/3249
f 221/1179/1176 775/1178/1175 1520/1163/1160
f 221/1179/1176 1520/1163/1160 1046/2558/2544
f 2554/443/440 606/3292/451 2857/444/441
f 1024/3293/2261 606/3292/451 2554/443/440
f 1522/3226/3188 1454/299/299 1853/3150/3118
f 785/355/352 1522/3226/3188 2843/446/443
f 1523/1592/1586 63/324/323 360/1611/1605
f 2305/232/232 666/191/191 1523/1592/1586
f 2637/1810/1804 1524/344/341 1796/3294/3250
f 1502/1975/1968 61/316/315 2647/3284/3242
f 1354/3230/3192 1525/3295/3251 3025/1294/1289
f 1525/3295/3251 1391/3250/3211 871/2769/2747
f 469/1855/1849 1526/1264/1261 1408/1907/1900
f 469/1855/1849 1776/1854/1848 1526/1264/1261
f 1032/2936/2909 1527/2154/2147 1825/839/836
f 1032/2936/2909 690/2415/2406 1527/2154/2147
f 2483/1108/1105 1528/2324/2315 626/1109/1106
f 1528/2324/2315 210/1136/1133 2302/2326/2317
f 2842/3296/3252 2879/3297/3253 2120/3000/2971
f 2879/3297/3253 808/899/896 1571/2452/2441
f 1774/2217/2209 1530/2163/2156 584/2999/2970
f 2842/3296/3252 2469/930/927 1529/2724/2703
f 896/263/263 513/302/302 1531/3298/3254
f 1331/3026/2996 1531/3298/3254 513/302/302
f 194/2760/2738 867/2757/2736 1532/2761/2739
f 194/2760/2738 1532/2761/2739 868/1023/1020
f 982/968/965 939/990/987 1533/981/978
f 2209/1024/1021 1533/981/978 939/990/987
f 868/1023/1020 1532/2761/2739 1534/982/979
f 868/1023/1020 1534/982/979 1533/981/978
f 1090/765/762 1535/767/764 324/2213/2205
f 324/2213/2205 3041/2853/2827 922/2083/2076
f 1536/112/112 1357/2160/2153 1421/2441/2430
f 1536/112/112 555/3231/3193 1357/2160/2153
f 2099/2068/2061 148/804/801 1537/2070/2063
f 2661/2857/2831 461/753/750 2181/755/752
f 1538/812/809 524/1993/1986 3147/1995/1988
f 1538/812/809 1950/2914/2887 524/1993/1986
f 1539/1016/1013 2084/1101/1098 208/1103/1100
f 1539/1016/1013 2458/2709/2688 3162/2711/2690
f 2191/3299/3255 1540/1046/1043 537/1043/1040
f 537/1043/1040 1540/1046/1043 848/1395/1390
f 583/2571/2557 1541/145/145 2072/144/144
f 2282/2918/2891 3030/2919/2892 583/2571/2557
f 3110/2933/2906 1542/656/653 3260/3300/3256
f 3260/3300/3256 1542/656/653 1911/2932/2905
f 1/1876/1870 401/1878/1872 1543/2677/2656
f 401/1878/1872 2151/19/19 1781/1744/1738
f 1544/2605/2591 778/1324/1319 2409/2603/2589
f 1078/2608/2594 2445/2607/2593 1544/2605/2591
f 1545/3301/3257 778/1324/1319 1544/2605/2591
f 2733/1556/1550 2320/1555/1549 1545/3301/3257
f 1546/2667/2646 804/200/200 2405/199/199
f 804/200/200 3130/2662/2641 1326/2661/2640
f 730/352/349 295/1451/1445 1547/2498/2487
f 963/2912/2885 730/352/349 1547/2498/2487
f 1548/1708/1702 2236/2385/2376 1489/1870/1864
f 2669/3302/3258 464/832/829 670/1897/1891
f 1549/1701/1695 389/1676/1670 391/1709/1703
f 1549/1701/1695 2131/1684/1678 389/1676/1670
f 258/1344/1339 1550/1346/1341 1166/1388/1383
f 1550/1346/1341 2829/3133/3102 2316/3131/3100
f 2510/3033/3003 220/2486/2475 1551/2485/2474
f 2026/1133/1130 213/1132/1129 2326/2493/2482
f 2813/2831/2805 1552/974/971 2645/956/953
f 2813/2831/2805 2080/2692/2671 1552/974/971
f 1310/600/597 3009/2733/2712 1553/2732/2711
f 2023/3183/3149 1310/600/597 1553/2732/2711
f 267/1077/1074 203/1076/1073 1554/1398/1393
f 2476/3095/3065 3001/3093/3063 1554/1398/1393
f 1555/2133/2126 783/2132/2125 2633/3188/3154
f 1130/695/692 1555/2133/2126 2632/3102/3072
f 166/857/854 1556/2077/2070 2281/855/852
f 1556/2077/2070 166/857/854 2720/1399/1394
f 1557/2521/2509 1405/2884/2858 2200/2519/2507
f 615/2166/2159 2039/2168/2161 1557/2521/2509
f 696/2587/2573 1558/1886/1880 2258/2288/2279
f 1202/1222/1219 1558/1886/1880 696/2587/2573
f 709/153/153 535/2466/2455 1559/154/154
f 709/153/153 1559/154/154 2788/3264/3224
f 3014/3303/3259 2468/3277/3235 2052/1794/1788
f 1129/1793/1787 3014/3303/3259 2052/1794/1788
f 1561/2212/2204 1879/2651/713 1895/3304/687
f 92/2644/2625 2530/2647/2628 796/2645/2626
f 2450/2235/2227 2697/2592/2578 1562/2238/2230
f 2450/2235/2227 3338/2285/2276 1476/3278/3236
f 1562/2238/2230 2417/718/715 1563/720/717
f 2450/2235/2227 1562/2238/2230 3338/2285/2276
f 1564/739/736 1131/771/768 610/942/939
f 2730/719/716 610/942/939 3338/2285/2276
f 1565/1695/1689 3302/3305/3260 1030/1694/1688
f 386/1698/1692 1590/3002/2973 3088/3306/3261
f 1566/1675/1669 1998/678/675 2669/3302/3258
f 1566/1675/1669 1196/679/676 1998/678/675
f 3102/3307/3262 2691/1589/1583 2690/1587/1581
f 350/1563/1557 1487/57/57 3102/3307/3262
f 1813/782/779 152/1754/1748 1568/783/780
f 411/1748/1742 1568/783/780 152/1754/1748
f 2928/1750/1744 1569/2689/2668 412/1453/1447
f 3197/1742/1736 1569/2689/2668 831/1758/1752
f 1570/3034/3004 3090/2005/1998 2225/670/667
f 2177/2294/2285 2297/3054/3024 3325/3308/3263
f 174/898/895 1571/2452/2441 3244/1335/1330
f 2120/3000/2971 2879/3297/3253 1571/2452/2441
f 187/3309/3264 1572/999/996 2148/985/982
f 2925/2520/2508 192/1018/1015 2148/985/982
f 1573/1825/1819 2898/3249/3210 450/1888/1882
f 145/1851/1845 1573/1825/1819 450/1888/1882
f 111/661/658 2941/3310/3265 632/2313/2304
f 3093/1542/1536 2941/3310/3265 2978/2337/2328
f 667/1913/1906 1575/667/664 546/2066/2059
f 546/2066/2059 1575/667/664 1383/669/666
f 2396/1245/1242 1576/1244/1241 1236/3169/3136
f 1576/1244/1241 1168/1247/1244 1236/3169/3136
f 3001/3093/3063 2676/1396/1391 1577/3094/3064
f 2651/1397/1392 459/3311/3266 278/1882/1876
f 1578/2295/2286 1219/2297/2288 567/2835/2809
f 1958/2150/2143 1198/392/389 1579/2699/2678
f 1579/2699/2678 1578/2295/2286 1958/2150/2143
f 1579/2699/2678 2542/3008/2979 1578/2295/2286
f 737/918/915 1580/2714/2693 321/2514/2502
f 3040/869/866 737/918/915 1770/920/917
f 1581/2140/2133 1111/780/777 1885/3312/3267
f 1581/2140/2133 2908/3266/3226 1111/780/777
f 1582/1828/1822 819/2413/2404 338/1392/1387
f 1583/2638/2619 2335/2685/2664 3296/2655/2634
f 689/2412/2403 2335/2685/2664 2011/3313/3268
f 822/163/163 689/2412/2403 1683/136/136
f 625/2322/2313 2872/1073/1070 729/2327/2318
f 625/2322/2313 644/1071/1068 2872/1073/1070
f 2870/938/935 2094/937/934 1585/1442/1436
f 293/1767/1761 3046/3314/3269 2045/884/881
f 239/1280/1276 1268/1282/1278 1586/2482/2471
f 1586/2482/2471 1268/1282/1278 1012/2974/2946
f 1587/1419/1413 283/1415/1409 2375/3187/3153
f 2436/1406/1401 283/1415/1409 1587/1419/1413
f 3239/3315/3270 88/404/401 3224/309/308
f 3125/2525/2513 3239/3315/3270 2106/2526/2514
f 743/1598/1592 1589/2524/2512 1821/536/533
f 456/602/599 1589/2524/2512 743/1598/1592
f 3088/3306/3261 1590/3002/2973 1565/1695/1689
f 2285/3001/2972 1565/1695/1689 1590/3002/2973
f 1591/2411/2402 800/207/207 1970/2659/2638
f 819/2413/2404 2675/2684/2663 816/2657/2636
f 231/1226/1223 1592/1228/1225 1005/2966/2938
f 1005/2966/2938 2163/2967/2939 2484/2628/2611
f 1812/1391/1386 252/254/254 45/3239/3201
f 1812/1391/1386 45/3239/3201 1446/1554/1548
f 1986/2874/2848 940/3316/3271 2336/2263/2254
f 1794/2268/2259 2336/2263/2254 940/3316/3271
f 1595/1042/1039 2191/3299/3255 537/1043/1040
f 1745/1040/1037 3204/3317/3272 1595/1042/1039
f 3321/1937/1930 3214/1938/1931 1596/3318/3273
f 497/2873/2847 2209/1024/1021 939/990/987
f 1945/3128/3097 468/1905/1898 3304/2597/2583
f 1780/7/7 1945/3128/3097 393/125/125
f 968/2925/2898 1598/2158/2151 569/2927/2900
f 1434/2880/2854 2538/2881/2855 1598/2158/2151
f 521/1965/1958 2029/1991/1984 3328/2375/2366
f 521/1965/1958 2030/3319/3274 2029/1991/1984
f 3230/3048/3018 1071/3049/3019 1600/288/288
f 1600/288/288 1602/290/290 2201/3320/3275
f 2201/3320/3275 2603/3321/3276 1601/2940/2913
f 2481/3322/3277 845/2722/2701 1938/2723/2702
f 2355/3198/3163 1602/290/290 844/2211/2203
f 1601/2940/2913 2603/3321/3276 2355/3198/3163
f 697/2216/2208 1365/3236/3198 1603/2438/2427
f 1325/3214/3177 2528/49/49 1881/2439/2428
f 187/3309/3264 2148/985/982 1604/984/981
f 2869/2691/2670 187/3309/3264 1604/984/981
f 91/641/638 1605/1387/1382 1286/3189/3155
f 91/641/638 2467/2506/2494 1605/1387/1382
f 1606/3235/3197 1015/174/174 2329/176/176
f 1991/2926/2899 2628/2928/2901 3258/3323/3278
f 1867/1162/1159 885/2791/2767 1607/1361/1356
f 1843/1369/1364 2543/1371/1366 2338/1363/1358
f 1894/2764/2742 1608/1781/1775 364/3144/2437
f 1608/1781/1775 1609/3268/3228 364/3144/2437
f 701/2946/2919 1447/1306/1301 1609/3324/3228
f 1609/3324/3228 1447/1306/1301 364/2448/2437
f 1506/1596/1590 1610/3325/3279 2905/1583/1577
f 1610/3325/3279 14/104/104 348/103/103
f 903/2823/2797 1611/1718/1712 838/1743/1737
f 903/2823/2797 936/165/165 2321/164/164
f 2321/164/164 1612/166/166 853/167/167
f 853/167/167 1612/166/166 26/168/168
f 1613/2632/2613 2938/3171/3138 1239/2113/2106
f 1257/2633/2614 1613/2632/2613 1239/2113/2106
f 1463/1107/1104 1614/1083/1080 561/2123/2116
f 1463/1107/1104 1016/1081/1078 1614/1083/1080
f 913/2839/2813 1615/1152/1149 2290/2840/2814
f 1148/2062/2055 1615/1152/1149 3275/1225/1222
f 1130/695/692 1616/2130/2123 1555/2133/2126
f 2718/694/691 1616/2130/2123 1130/695/692
f 1617/1770/1764 412/1453/1447 2741/707/704
f 406/1759/1753 2575/3089/3059 2499/1751/1745
f 1515/817/814 1618/3289/3247 748/3222/3185
f 1515/817/814 2020/3326/3280 1618/3289/3247
f 899/693/690 1619/2056/2049 542/2923/2896
f 1619/2056/2049 899/693/690 107/2811/2787
f 128/2985/2957 2652/2987/2959 1019/740/737
f 107/2811/2787 1019/740/737 2301/2812/2788
f 2370/1702/1696 1621/3005/2976 114/1703/1697
f 2466/1671/1665 2074/1670/1664 2370/1702/1696
f 186/1943/1936 1624/3327/3281 1622/1666/1660
f 3069/1665/1659 186/1943/1936 1622/1666/1660
f 186/1943/1936 1623/1462/1456 507/3328/3282
f 1623/1462/1456 502/979/976 507/3328/3282
f 186/1943/1936 507/3328/3282 1624/3327/3281
f 507/3328/3282 502/979/976 3309/978/975
f 370/1000/997 1622/1666/1660 1625/1001/998
f 1622/1666/1660 1624/3327/3281 2199/3195/3160
f 1685/3261/3221 1626/1308/1303 1042/3019/2989
f 1626/1308/1303 1865/1619/1613 1042/3019/2989
f 1627/54/54 1423/1928/1921 2792/1929/1922
f 1423/1928/1921 1627/54/54 7/53/53
f 1300/2148/2141 1140/518/515 1628/2149/2142
f 1628/2149/2142 1140/518/515 3301/2601/2587
f 1629/1532/1526 1919/1533/1527 336/1546/1540
f 1937/1548/1542 336/1546/1540 334/747/744
f 1137/1531/1525 1630/1815/1809 2051/1819/1813
f 1137/1531/1525 2179/1526/1520 1630/1815/1809
f 673/1529/1523 1631/826/823 2337/1932/1925
f 154/1528/1522 1631/826/823 673/1529/1523
f 867/2757/2736 1632/950/947 1532/2761/2739
f 1532/2761/2739 1632/950/947 2757/2762/2740
f 1633/2141/2134 122/692/689 954/2142/2135
f 1299/2721/2700 1725/2643/2624 2356/430/427
f 1634/225/225 42/240/240 268/230/230
f 1854/202/202 2375/3187/3153 1634/225/225
f 2908/3266/3226 2873/2457/2446 1635/837/834
f 705/3087/3057 1635/837/834 151/836/833
f 1636/808/805 253/1320/1315 157/1319/1314
f 1636/808/805 2166/2079/2072 2855/2081/2074
f 1637/567/564 579/2431/2420 1317/568/565
f 2427/2201/2193 1298/2199/2191 1957/2198/2190
f 3081/3329/3283 2415/85/85 12/2590/2576
f 2202/80/80 2443/89/89 2203/88/88
f 3085/3330/3284 1639/2054/2047 2627/2565/2551
f 3085/3330/3284 1397/894/891 1639/2054/2047
f 3216/2522/2510 1640/3074/3044 3175/3075/3045
f 851/2730/2709 2968/605/602 3216/2522/2510
f 1871/3331/3285 1641/1176/1173 766/2577/2563
f 766/2577/2563 1641/1176/1173 1955/2578/2564
f 1642/2432/2421 2413/2433/2422 967/2055/2048
f 2192/2596/2582 967/2055/2048 1444/2057/2050
f 1643/1576/1570 2343/1577/1571 1410/171/171
f 1410/171/171 1430/1586/1580 3114/1581/1575
f 2858/3108/3077 1644/139/139 2830/3114/3083
f 3076/140/140 1644/139/139 1136/142/142
f 1645/1518/1512 878/2781/2757 2794/2782/2758
f 1645/1518/1512 2347/1517/1511 3280/860/857
f 1646/1368/1363 267/1077/1074 2651/1397/1392
f 2846/1367/1362 267/1077/1074 1646/1368/1363
f 1647/757/754 3145/756/753 3144/3078/3048
f 1884/676/673 527/637/634 2032/2089/2082
f 932/2517/2505 1648/2828/2802 2560/891/888
f 3100/2826/2800 907/878/875 1648/2828/2802
f 445/506/503 1649/508/505 448/1838/1832
f 1649/508/505 2172/511/508 1834/510/507
f 1650/507/504 1037/2814/2790 1649/508/505
f 3098/3011/2981 1619/2056/2049 1037/2814/2790
f 1651/531/528 1420/533/530 877/2224/2216
f 529/2780/2756 1651/531/528 3312/2222/2214
f 1652/1104/1101 2212/2188/2180 1400/3253/3214
f 2922/3332/3286 2923/2098/2091 2426/2368/2359
f 1676/1093/1090 1653/2187/2179 1652/1104/1101
f 1908/2185/2177 2446/2186/2178 217/1171/1168
f 1780/7/7 1654/2251/2242 810/8/8
f 998/179/179 2251/2528/2516 744/124/124
f 2967/1082/1079 1655/1069/1066 1758/3165/3133
f 2967/1082/1079 1819/1067/1064 1655/1069/1066
f 271/3333/3287 1656/1381/1376 2917/1378/1373
f 2583/1833/1827 3156/1834/1828 811/205/205
f 1657/1380/1375 1656/1381/1376 271/3333/3287
f 3220/3112/3081 2774/130/130 1040/129/129
f 41/210/210 1658/271/271 1373/273/273
f 41/210/210 1294/211/211 1658/271/271
f 34/2788/2764 26/168/168 1659/2328/2319
f 2218/2378/2369 3180/2379/2370 1659/2328/2319
f 3202/3334/3288 1660/3052/3022 3128/3051/3021
f 64/338/335 2899/1988/1981 3202/3334/3288
f 755/2551/2537 2973/3027/2997 1661/2977/2949
f 2392/1969/1962 1026/1968/1961 3245/2624/2607
f 4/1936/1929 1662/1739/1733 1495/1736/1730
f 4/1936/1929 481/21/21 1662/1739/1733
f 2048/10/10 2270/12/12 1663/1735/1729
f 401/1878/1872 3/1880/1874 2151/19/19
f 69/3137/3106 1664/408/405 1173/1872/1866
f 1664/408/405 3201/3335/3289 1173/1872/1866
f 2916/2616/2599 1154/2706/2685 1153/3123/3092
f 2916/2616/2599 2027/643/640 1305/642/639
f 1666/2422/2413 3265/3024/2994 1049/3025/2995
f 2602/2419/2410 1667/2421/2412 1049/3025/2995
f 1667/2421/2412 1666/2422/2413 1049/3025/2995
f 13/96/96 1666/2422/2413 1667/2421/2412
f 1759/3336/3290 1668/3337/3291 352/68/68
f 342/62/62 2926/1566/1560 1668/3337/3291
f 1436/2389/2380 1669/677/674 3194/3338/3292
f 3194/3338/3292 1669/677/674 134/759/756
f 433/1312/1307 1670/1784/1778 416/1782/1776
f 416/1782/1776 1670/1784/1778 2801/2374/2365
f 63/324/323 1671/1609/1603 3252/325/324
f 3253/358/355 2512/3116/3085 1501/220/220
f 1672/1795/1789 2380/1798/1792 1129/1793/1787
f 413/888/885 2053/1771/1765 2381/889/886
f 599/238/238 1673/3339/3293 2565/2610/2596
f 1673/3339/3293 599/238/238 1786/2250/2241
f 252/254/254 3311/1331/1326 1674/3176/3142
f 45/3239/3201 252/254/254 1674/3176/3142
f 2054/1820/1814 2051/1819/1813 430/1796/1790
f 2051/1819/1813 419/848/845 430/1796/1790
f 217/1171/1168 2446/2186/2178 1676/1093/1090
f 1748/1118/1115 1676/1093/1090 193/2304/2295
f 1677/571/568 579/2431/2420 2638/2430/2419
f 2298/528/525 694/2944/2917 1334/529/526
f 2673/2011/2004 1678/572/569 2418/574/571
f 1678/572/569 1677/571/568 2480/3340/3294
f 1679/1906/1899 1036/1715/1709 35/183/183
f 3068/209/209 1942/1713/1707 35/183/183
f 2182/2040/2033 1680/2042/2035 1241/1106/1103
f 1241/1106/1103 1680/2042/2035 538/2309/2300
f 901/1239/1236 1681/1902/1895 460/1883/1877
f 767/1237/1234 1681/1902/1895 901/1239/1236
f 1682/3341/3295 2513/3117/3086 359/1608/1602
f 3268/1610/1604 1682/3341/3295 359/1608/1602
f 1683/136/136 689/2412/2403 2011/3313/3268
f 1683/136/136 2011/3313/3268 2768/137/137
f 2178/268/268 1684/2442/2431 1421/2441/2430
f 698/111/111 1421/2441/2430 1684/2442/2431
f 1366/321/320 1685/3261/3221 1426/3237/3199
f 48/258/258 2098/260/260 1968/303/303
f 1686/593/590 765/715/712 1196/679/676
f 1910/1685/1679 1686/593/590 2985/1674/1668
f 1687/3205/3168 1311/687/684 562/735/732
f 562/735/732 1944/2126/2119 2360/2731/2710
f 90/579/576 1057/581/578 1688/671/668
f 1977/2901/2874 2954/636/633 115/638/635
f 887/2793/2769 1689/1954/1947 3048/2930/2903
f 2506/2792/2768 1689/1954/1947 887/2793/2769
f 1478/2620/2603 1690/3254/3215 597/1019/1016
f 2100/2243/2235 1478/2620/2603 2101/2619/2602
f 1089/1049/1046 1840/1003/1000 3172/3069/3039
f 3047/3342/3296 1089/1049/1046 3172/3069/3039
f 1109/1501/1495 752/1137/1134 1692/1111/1108
f 1109/1501/1495 1692/1111/1108 2793/1095/1092
f 2927/1921/1914 479/1920/1913 2500/1457/1451
f 1145/218/218 2500/1457/1451 479/1920/1913
f 2171/1460/1454 886/1456/1450 2169/1458/1452
f 886/1456/1450 1695/108/108 1693/1917/1910
f 1694/3343/3297 1695/108/108 886/1456/1450
f 2132/106/106 1695/108/108 1694/3343/3297
f 1696/830/827 464/832/829 2953/2317/2308
f 3264/3151/3119 183/961/958 2061/3152/3120
f 1697/16/16 2/3012/2982 1849/1400/1395
f 3058/2682/2661 2933/1421/1415 2049/11/11
f 1698/2147/2140 1628/2149/2142 835/2152/2145
f 2354/445/442 2542/3008/2979 1034/391/388
f 2724/64/64 740/2215/2207 1699/65/65
f 1699/65/65 2503/3344/3298 3324/74/74
f 1700/2504/2492 731/2499/2488 2581/2502/2491
f 731/2499/2488 1700/2504/2492 1059/1972/1965
f 790/2139/2132 1701/2012/2005 2184/2635/2616
f 1701/2012/2005 1678/572/569 103/2010/2003
f 1702/497/494 1917/499/496 1916/630/627
f 412/1453/1447 2746/1452/1446 126/625/622
f 1703/1015/1012 2358/1085/1082 795/1086/1083
f 1216/2642/2623 1703/1015/1012 795/1086/1083
f 2411/2321/2312 624/577/574 1704/2227/2219
f 2110/2226/2218 1704/2227/2219 631/582/579
f 1663/1735/1729 2270/12/12 1705/1732/1726
f 1705/1732/1726 398/2686/2665 823/18/18
f 1706/17/17 2271/3015/2985 805/22/22
f 1349/3016/2986 1706/17/17 1849/1400/1395
f 1707/2668/2647 1104/133/133 17/132/132
f 1707/2668/2647 2350/30/30 2642/3088/3058
f 1708/23/23 2642/3088/3058 269/1733/1727
f 1705/1732/1726 1708/23/23 269/1733/1727
f 1709/122/122 1863/3082/3052 1105/2674/2653
f 1709/122/122 483/121/121 1863/3082/3052
f 806/1403/1398 2540/2673/2652 815/1401/1396
f 806/1403/1398 1709/122/122 2540/2673/2652
f 279/3345/3299 2234/685/682 1711/684/681
f 279/3345/3299 1711/684/681 1550/1346/1341
f 150/2458/2447 1712/2170/2163 1635/837/834
f 2915/810/807 923/2767/2745 2909/2766/2744
f 1713/471/468 2019/722/719 802/2093/2086
f 1930/488/485 2710/611/608 129/1755/1749
f 1381/825/822 1714/1534/1528 144/1544/1538
f 2751/788/785 1714/1534/1528 139/789/786
f 440/820/817 2682/1537/1531 1715/1538/1532
f 331/3106/3076 1133/3220/3183 2681/3103/3073
f 764/147/147 574/146/146 1716/148/148
f 574/146/146 840/2034/2027 2838/2712/2691
f 1330/3216/3179 1717/1325/1320 59/1315/1310
f 48/258/258 2895/304/304 1717/1325/1320
f 2824/3346/3300 1718/737/734 524/1993/1986
f 1718/737/734 742/736/733 1719/1996/1989
f 524/1993/1986 1718/737/734 1719/1996/1989
f 524/1993/1986 1719/1996/1989 136/1994/1987
f 1092/3072/3042 1720/2032/2025 3134/3073/3043
f 1720/2032/2025 709/153/153 22/100/100
f 1721/2060/2053 1047/1129/1126 839/1128/1125
f 1722/2710/2689 839/1128/1125 1346/1130/1127
f 1722/2710/2689 913/2839/2813 1721/2060/2053
f 1721/2060/2053 839/1128/1125 1722/2710/2689
f 1502/1975/1968 2852/1979/1972 1723/3347/280
f 2852/1979/1972 3231/2994/2966 1723/3347/280
f 3235/2065/2058 1724/635/632 685/1669/1663
f 3284/2402/2393 2074/1670/1664 685/1669/1663
f 1725/2643/2624 122/3348/689 2142/3199/3164
f 1725/2643/2624 796/2645/2626 122/3348/689
f 1319/3209/3172 2678/2917/2890 1726/2916/2889
f 1146/3291/3249 1319/3209/3172 2679/834/831
f 1727/703/700 124/702/699 2775/742/739
f 1088/3067/3037 1727/703/700 585/2221/2213
f 1728/1012/1009 201/1641/1635 2796/2303/2294
f 1728/1012/1009 189/1011/1008 201/1641/1635
f 2380/1798/1792 1729/1797/1791 1129/1793/1787
f 1729/1797/1791 2198/3101/3071 1129/1793/1787
f 1414/3259/3219 1054/3030/3000 1730/370/367
f 1731/3349/3301 2630/251/251 1730/370/367
f 1731/3349/3301 1730/370/367 2883/369/366
f 3234/2991/2963 71/1741/1735 1023/1740/1734
f 958/2903/2876 1732/564/561 1887/569/566
f 958/2903/2876 699/563/560 1732/564/561
f 1733/886/883 1182/1951/1944 297/1949/1942
f 293/1767/1761 1733/886/883 297/1949/1942
f 1735/269/269 1734/2955/2928 1960/2956/2929
f 993/405/402 68/402/399 1734/3350/2928
f 993/405/402 1734/3350/2928 1735/3351/269
f 1588/403/400 993/405/402 3223/307/307
f 1736/688/685 851/2730/2709 127/689/686
f 1310/600/597 2521/1871/1865 3009/2733/2712
f 1509/1269/1265 1737/1358/1353 1147/1874/1868
f 242/1356/1351 1737/1358/1353 1509/1269/1265
f 1240/2822/2796 2807/1283/1279 1738/2820/2795
f 1766/1268/1262 242/1356/1351 1509/1269/1265
f 1739/659/656 138/745/742 1074/744/741
f 2062/655/652 1581/2140/2133 1885/3312/3267
f 1000/2416/2407 1740/2622/2605 1337/2155/2148
f 1000/2416/2407 142/2623/2606 1740/2622/2605
f 999/178/178 1741/311/310 2696/3352/3302
f 1741/335/310 3224/309/308 2696/3353/3302
f 396/1725/1719 2613/1727/1721 1043/1729/1723
f 2613/1727/1721 396/1725/1719 1832/3354/3303
f 1743/815/812 1515/817/814 2982/3221/3184
f 756/3104/3074 1743/815/812 1336/3105/3075
f 1947/2559/2545 2033/2560/2546 1744/2789/2765
f 759/1190/1187 3052/2790/2766 1056/3032/3002
f 1745/1040/1037 861/1036/1033 3204/3317/3272
f 2921/1035/1032 2780/1034/1031 861/1036/1033
f 1152/972/969 181/971/968 1746/2300/2291
f 1746/2300/2291 1151/3121/3090 1152/972/969
f 601/1219/1216 2063/1170/1167 1747/1169/1166
f 2960/2256/2247 921/2508/2496 601/1219/1216
f 217/1171/1168 1676/1093/1090 1748/1118/1115
f 1747/1169/1166 217/1171/1168 1748/1118/1115
f 1749/2151/2144 567/2835/2809 875/2832/2806
f 2958/411/408 875/2832/2806 2410/412/409
f 1753/618/615 1750/621/618 1751/619/616
f 3036/3355/3304 847/2950/2923 2135/617/614
f 1751/619/616 1435/623/620 1338/3223/3186
f 1750/621/618 1435/623/620 1751/619/616
f 3191/86/86 1752/82/82 1344/87/87
f 1344/87/87 1752/82/82 1092/3072/3042
f 640/2356/2347 1753/618/615 1323/620/617
f 2653/2726/2705 3036/3355/3304 640/2356/2347
f 367/1340/1335 1754/1869/1863 677/1627/1621
f 1754/1869/1863 454/1868/1862 677/1627/1621
f 2653/2726/2705 847/2950/2923 3036/3355/3304
f 1363/2289/2280 847/2950/2923 2654/2951/2924
f 1756/530/527 1651/531/528 529/2780/2756
f 1678/572/569 2480/3340/3294 529/2780/2756
f 1757/847/844 333/1521/1515 1128/1523/1517
f 673/1529/1523 2337/1932/1925 2470/2392/2383
f 1758/3165/3133 644/1071/1068 1228/1090/1087
f 2967/1082/1079 1758/3165/3133 2984/2124/2117
f 1759/3336/3290 352/68/68 347/67/67
f 3005/1562/1556 2452/71/71 340/1580/1574
f 1648/2828/2802 1760/2866/2840 2840/3356/3305
f 1123/3357/3306 1760/2866/2840 2252/2241/2233
f 1597/9/9 810/8/8 1761/13/13
f 810/8/8 1543/2677/2656 1761/13/13
f 3055/3358/3307 727/1122/1119 3054/2496/2485
f 3012/2183/2175 727/1122/1119 3055/3358/3307
f 1193/2489/2478 2663/1089/1086 3306/2490/2479
f 723/1142/1139 1193/2489/2478 3306/2490/2479
f 1764/2963/2935 1002/873/870 628/2331/2322
f 2888/917/914 628/2331/2322 429/883/880
f 329/1818/1812 1765/925/922 2555/924/921
f 2054/1820/1814 413/888/885 2250/887/884
f 1766/1268/1262 1738/2820/2795 3314/3359/3308
f 2856/3099/3069 2357/1858/1852 1776/1854/1848
f 581/2207/2199 1767/1135/1132 1768/1134/1131
f 1103/2497/2486 1767/1135/1132 581/2207/2199
f 1012/2974/2946 581/2207/2199 1768/1134/1131
f 1875/2483/2472 2505/2323/2314 1528/2324/2315
f 3306/2490/2479 1769/1091/1088 729/2327/2318
f 1769/1091/1088 625/2322/2313 729/2327/2318
f 1063/3041/3011 1770/920/917 172/921/918
f 1770/920/917 1242/922/919 172/921/918
f 2050/2164/2157 570/2161/2154 1771/3232/3194
f 2252/2241/2233 1358/926/923 2844/928/925
f 1770/920/917 1772/2549/2535 1242/922/919
f 1772/2549/2535 171/2548/2534 1242/922/919
f 2839/1903/1896 1681/1902/1895 1773/2817/2793
f 2856/3099/3069 1776/1854/1848 451/1853/1847
f 1124/2555/2541 758/929/926 1774/2217/2209
f 758/929/926 1771/3232/3194 1774/2217/2209
f 241/2653/2632 1775/1899/1893 466/1284/1280
f 241/2653/2632 1086/2652/2631 1871/3331/3285
f 2357/1858/1852 1766/1265/1262 1776/1854/1848
f 1776/1854/1848 1766/1265/1262 1526/1264/1261
f 1777/881/878 429/883/880 173/1817/1811
f 1101/2242/2234 1777/881/878 173/1817/1811
f 953/2895/2869 1240/2822/2796 1778/2821/1851
f 2881/3155/3123 953/2896/2869 2056/1262/1259
f 1782/3/3 1779/2/2 1352/1877/1871
f 1779/2/2 458/4/4 2946/1879/1873
f 393/125/125 744/124/124 1780/7/7
f 744/124/124 1654/2251/2242 1780/7/7
f 1543/2677/2656 401/1878/1872 1781/1744/1738
f 1543/2677/2656 1781/1744/1738 1761/13/13
f 1786/2250/2241 1782/3/3 3287/2252/2243
f 1/1876/1870 1782/3/3 1352/1877/1871
f 1277/237/237 1934/2672/2651 1783/1424/1418
f 1277/237/237 1783/1424/1418 285/1/1
f 732/2505/2493 1783/1424/1418 1784/1402/1397
f 732/2505/2493 2595/5/5 1779/2/2
f 536/198/198 1322/177/177 1785/123/123
f 1322/177/177 998/179/179 1785/123/123
f 1505/2960/2932 1786/2250/2241 3287/2252/2243
f 1505/2960/2932 1673/3339/3293 1786/2250/2241
f 1197/931/928 3319/3360/3309 1787/932/929
f 3319/3360/3309 1249/2890/2864 3320/3180/3146
f 1788/1850/1844 925/803/800 762/802/799
f 2167/1852/1846 145/1851/1845 3116/1887/1881
f 321/2514/2502 1789/1503/1497 1226/919/916
f 2914/2515/2503 3200/2112/2105 321/2514/2502
f 1790/1305/1300 2600/2765/2743 736/2513/2501
f 2599/397/394 1790/1305/1300 736/2513/2501
f 1791/2000/1993 2866/3208/3171 525/3207/3170
f 1791/2000/1993 2345/2350/2341 2188/1438/1432
f 1719/1996/1989 1093/1997/1990 1792/3068/3038
f 1093/1997/1990 3175/3075/3045 1792/3068/3038
f 1793/2671/2650 820/131/131 1104/133/133
f 1707/2668/2647 1793/2671/2650 1104/133/133
f 605/983/980 2731/2266/2257 1794/2268/2259
f 605/983/980 1794/2268/2259 940/3316/3271
f 421/365/362 2948/364/361 1795/1823/1817
f 432/349/346 1524/344/341 2637/1810/1804
f 2637/1810/1804 1796/3294/3250 1797/1811/1805
f 1796/3294/3250 2647/3284/3242 61/316/315
f 1797/1811/1805 61/316/315 2161/315/314
f 1796/3294/3250 61/316/315 1797/1811/1805
f 1798/1525/1519 1327/791/788 439/793/790
f 1473/1522/1516 1798/1525/1519 1799/1824/1818
f 1799/1824/1818 1798/1525/1519 439/793/790
f 1799/1824/1818 439/793/790 2898/3249/3210
f 1235/1243/1240 857/1242/1239 2396/1245/1242
f 3189/3170/3137 2258/2288/2279 1235/1243/1240
f 3080/2755/2734 750/1235/1232 935/2579/2565
f 3080/2755/2734 234/2537/2525 750/1235/1232
f 1066/2162/2155 1802/893/890 2469/930/927
f 1066/2162/2155 2561/3044/3014 2377/3043/3013
f 1803/3079/3049 3244/1335/1330 1098/3003/2974
f 2631/1336/1331 3170/3361/3310 2103/2899/2872
f 1804/1224/1221 901/1239/1236 3240/3362/3311
f 1558/1886/1880 1804/1224/1221 3240/3362/3311
f 717/566/563 1805/526/523 101/3196/3161
f 2605/558/555 1076/560/557 101/3196/3161
f 2237/1057/1054 1296/1056/1053 1806/1881/1875
f 1296/1056/1053 1468/3193/3158 1806/1881/1875
f 952/2893/2867 1646/1368/1363 3163/3363/3312
f 952/2893/2867 2563/1370/1365 1843/1369/1364
f 1808/1925/1918 2339/1435/1429 185/1434/1428
f 2688/3364/3313 185/1434/1428 470/1908/1901
f 239/1280/1276 1809/1278/1274 240/1281/1277
f 240/1281/1277 1809/1278/1274 1269/1301/1296
f 1041/3017/2987 2153/2542/2530 1810/1157/1154
f 1041/3017/2987 1810/1157/1154 2453/3018/2988
f 1811/524/521 2144/520/517 3034/559/556
f 1811/524/521 3034/559/556 2605/558/555
f 1812/1391/1386 1593/252/252 252/254/254
f 1812/1391/1386 1258/1334/1329 1593/252/252
f 1813/782/779 828/2687/2666 621/945/942
f 621/945/942 638/1752/1746 3042/2354/2345
f 1237/3156/3124 3015/587/584 1814/672/669
f 3015/587/584 589/586/583 1814/672/669
f 1815/2067/2060 548/2078/2071 1537/2070/2063
f 548/2078/2071 1815/2067/2060 683/2080/2073
f 2582/301/301 1816/2001/1994 3106/3365/3314
f 526/300/300 1816/2001/1994 2582/301/301
f 943/156/156 1817/155/155 773/2593/2579
f 1817/155/155 2078/152/152 773/2593/2579
f 691/2423/2414 15/2727/2706 1818/109/109
f 691/2423/2414 1818/109/109 692/114/114
f 618/2306/2297 1819/1067/1064 2967/1082/1079
f 920/2043/2036 2104/2851/2825 618/2306/2297
f 1632/950/947 1820/949/946 2757/2762/2740
f 605/983/980 1102/2264/2255 2731/2266/2257
f 1821/536/533 94/535/532 3105/3110/3079
f 1821/536/533 3105/3110/3079 2352/1599/1593
f 1171/3134/3103 3173/2878/2852 942/2230/2222
f 942/2230/2222 2786/2879/2853 2787/795/792
f 3285/1181/1178 220/2486/2475 1823/1141/1138
f 3285/1181/1178 1823/1141/1138 721/1143/1140
f 1824/2220/2212 2022/897/894 165/896/893
f 165/896/893 1396/3077/3047 1824/2220/2212
f 2461/3279/3237 1825/839/836 3101/3060/3030
f 161/844/841 1825/839/836 2865/841/838
f 82/474/471 957/3096/3066 1826/475/472
f 957/3096/3066 1122/2570/2556 1826/475/472
f 2809/3366/3315 2816/2073/2066 1293/2076/2069
f 2949/3367/3316 1293/2076/2069 1556/2077/2070
f 716/1173/1170 1586/2482/2471 1828/2492/2481
f 576/1174/1171 716/1173/1170 1828/2492/2481
f 576/1174/1171 1828/2492/2481 1829/1123/1120
f 576/1174/1171 3078/3368/3317 2446/2186/2178
f 1830/2180/2173 33/188/188 1027/2998/2969
f 2536/2178/2171 1830/2180/2173 3243/151/151
f 598/212/212 1831/2246/2237 2729/3241/3203
f 2613/1727/1721 1832/3354/3303 1831/2246/2237
f 2729/3241/3203 1831/2246/2237 1832/3354/3303
f 43/2249/2240 3121/1724/1718 1915/276/276
f 1833/1182/1179 2083/2491/2480 575/2182/2174
f 2000/3139/3108 1833/1182/1179 575/2182/2174
f 448/1838/1832 1649/508/505 1834/510/507
f 448/1838/1832 1834/510/507 2635/1840/1834
f 1033/1707/1701 2437/1668/1662 2008/3007/2978
f 1922/3369/3318 2437/1668/1662 1033/1707/1701
f 2475/584/581 2889/583/580 380/1667/1661
f 1922/3369/3318 380/1667/1661 2437/1668/1662
f 1837/6/6 3058/2682/2661 2049/11/11
f 1837/6/6 2595/5/5 3058/2682/2661
f 566/2145/2138 1838/517/514 972/2146/2139
f 3237/2143/2136 954/2142/2135 972/2146/2139
f 1955/2578/2564 1641/1176/1173 1839/1359/1354
f 1641/1176/1173 218/1149/1146 1839/1359/1354
f 888/2929/2902 1840/1003/1000 1089/1049/1046
f 3048/2930/2903 1860/994/991 1840/1003/1000
f 752/2544/1134 1841/1232/1229 211/2545/2531
f 3259/2541/2529 3143/1158/1155 1810/1157/1154
f 229/1156/1153 3026/3179/3145 1842/1186/1183
f 1842/1186/1183 1307/1185/1182 2453/3018/2988
f 2547/2894/2868 952/2893/2867 1843/1369/1364
f 885/2791/2767 1843/1369/1364 2338/1363/1358
f 3337/94/94 11/72/72 1844/95/95
f 11/72/72 1379/69/69 1844/95/95
f 1845/751/748 1068/1947/1940 164/1946/1939
f 2334/1765/1759 1068/1947/1940 1845/751/748
f 1846/1722/1716 496/27/27 2702/24/24
f 1846/1722/1716 4/1936/1929 496/27/27
f 2887/3370/3319 1847/2027/2020 1592/1228/1225
f 2501/2750/2729 1356/2475/2464 1847/2027/2020
f 2573/960/957 1848/959/956 525/3207/3170
f 2345/2350/2341 3023/964/961 1459/966/963
f 1849/1400/1395 280/3014/2984 1349/3016/2986
f 1038/1423/1417 280/3014/2984 1849/1400/1395
f 168/3225/3187 1850/907/904 550/2082/2075
f 878/2781/2757 2331/2613/2598 2794/2782/2758
f 1665/3124/3093 1851/2615/858 167/2612/902
f 167/905/902 1851/861/858 1510/906/903
f 1852/1574/1568 361/1602/1596 357/257/257
f 1852/1574/1568 358/1575/1569 361/1602/1596
f 1522/3226/3188 1853/3150/3118 73/410/407
f 1853/3150/3118 1958/2150/2143 73/410/407
f 268/230/230 1854/202/202 1634/225/225
f 1854/202/202 268/230/230 36/229/229
f 33/188/188 2324/3153/3121 1855/193/193
f 1027/2998/2969 33/188/188 1855/193/193
f 2557/3215/3178 1856/222/222 804/200/200
f 1369/2469/2458 1856/222/222 2557/3215/3178
f 1857/484/481 563/427/424 769/485/482
f 2640/2267/2258 604/2904/2877 563/427/424
f 798/1199/1196 222/1198/1195 1858/1499/1493
f 1859/1889/1883 1892/2637/2618 1858/1499/1493
f 222/1198/1195 1859/1889/1883 1858/1499/1493
f 222/1198/1195 760/1866/1860 2904/2563/2549
f 3048/2930/2903 1689/1954/1947 1860/994/991
f 1860/994/991 1689/1954/1947 661/995/992
f 1861/865/862 2679/834/831 2680/866/863
f 3288/2275/2266 2679/834/831 1861/865/862
f 1999/2583/2569 1862/2169/2162 881/864/861
f 2359/910/907 2463/909/906 870/2768/2746
f 1863/3082/3052 2610/161/161 284/160/160
f 1863/3082/3052 284/160/160 2722/1420/1414
f 3262/1989/1982 519/1983/1976 2562/3371/3320
f 3262/1989/1982 523/1981/1974 519/1983/1976
f 1865/1619/1613 1626/1308/1303 3203/1307/1302
f 1865/1619/1613 249/1773/1767 1187/1314/1309
f 775/1178/1175 1866/1161/1158 1520/1163/1160
f 775/1178/1175 850/1078/1075 1866/1161/1158
f 1520/1163/1160 1867/1162/1159 215/2561/2547
f 1867/1162/1159 1607/1361/1356 215/2561/2547
f 2100/2243/2235 782/2134/2127 1868/2244/948
f 782/2134/2127 3139/2617/2600 1868/2244/948
f 603/2259/2250 1132/483/480 1869/3372/3321
f 2760/2094/2087 602/2096/2089 603/2259/2250
f 1870/628/625 1350/706/703 2196/3228/3190
f 3283/2838/2812 1350/706/703 1870/628/625
f 241/2653/2632 1871/3331/3285 1775/1899/1893
f 1775/1899/1893 1871/3331/3285 766/2577/2563
f 107/2811/2787 1872/738/735 1019/740/737
f 899/693/690 1872/738/735 107/2811/2787
f 237/2118/2111 1873/2120/2113 863/2554/2540
f 1873/2120/2113 928/1277/1273 863/2554/2540
f 3072/2745/2724 858/2109/2102 1874/2743/2722
f 1269/1301/1296 247/1298/1293 2750/1299/1294
f 1586/2482/2471 1012/2974/2946 1875/2483/2472
f 1012/2974/2946 2505/2323/2314 1875/2483/2472
f 1876/3288/3246 988/2954/2927 927/2194/2186
f 578/2861/2835 1876/3288/3246 927/2194/2186
f 1285/944/941 1877/3122/3091 1746/2300/2291
f 177/943/940 1877/3122/3091 1285/944/941
f 1878/2937/2910 2672/486/483 1713/471/468
f 2070/368/365 3092/431/428 975/433/430
f 2514/717/714 1879/716/713 2956/1519/1513
f 324/2213/2205 2955/2854/2828 1879/2651/713
f 633/2340/2331 2210/2341/2332 1880/1914/1907
f 2659/3184/3150 633/2340/2331 2660/1910/1903
f 1881/2439/2428 1603/2438/2427 2723/2440/2429
f 1881/2439/2428 2528/49/49 1603/2438/2427
f 1392/872/869 1882/3129/3098 328/1530/1524
f 1392/872/869 1164/1536/1530 3007/819/816
f 921/2508/2496 1883/2852/2826 960/1220/1217
f 2790/2804/2780 2961/2509/2497 3062/2911/2884
f 552/760/757 1884/676/673 2032/2089/2082
f 1669/677/674 1884/676/673 552/760/757
f 1739/659/656 1885/3312/3267 138/745/742
f 138/745/742 1885/3312/3267 2421/3373/3322
f 2496/2575/2561 622/939/936 1886/680/677
f 1998/678/675 1886/680/677 622/939/936
f 1313/2138/2131 1887/569/566 790/2139/2132
f 1887/569/566 1701/2012/2005 790/2139/2132
f 2867/2566/2552 1888/806/803 3126/2075/2068
f 762/802/799 2508/2069/2062 818/2683/2662
f 517/245/245 1073/244/244 1889/228/228
f 3128/3051/3021 1890/3050/3020 3202/3334/3288
f 3128/3051/3021 1073/244/244 1890/3050/3020
f 1073/244/244 3298/1973/1966 1890/3050/3020
f 3160/2562/2548 1891/1164/1161 1744/2789/2765
f 3160/2562/2548 2532/2239/2231 1891/1164/1161
f 1892/2637/2618 791/1891/1885 1156/1126/1123
f 1892/2637/2618 1156/1126/1123 2586/3125/3094
f 1450/1837/1831 2097/1841/1835 1893/1842/1836
f 924/2856/2830 1450/1837/1831 1893/1842/1836
f 2753/1304/1299 1894/2764/2742 1790/1305/1300
f 2753/1304/1299 2221/1775/1769 1894/2764/2742
f 796/2645/2626 1561/2212/2204 1895/3304/687
f 122/3348/689 796/2645/2626 1895/3304/687
f 1896/2646/2627 1090/765/762 1561/2212/2204
f 582/2719/2698 1090/765/762 1896/2646/2627
f 1897/1447/1441 1206/450/447 299/1466/1460
f 80/3374/3323 1206/450/447 1897/1447/1441
f 3268/1610/1604 351/1579/1573 1682/3341/3295
f 3268/1610/1604 2906/1582/1576 351/1579/1573
f 118/3083/3053 1899/3375/3324 2404/614/611
f 117/650/647 2449/649/646 118/3083/3053
f 690/2415/2406 1901/2156/2149 1000/2416/2407
f 2937/2418/2409 1901/2156/2149 690/2415/2406
f 1901/2156/2149 1900/3376/3325 136/1994/1987
f 3146/2417/2408 1901/2156/2149 2937/2418/2409
f 1902/2480/2469 1556/2077/2070 2720/1399/1394
f 1902/2480/2469 258/1344/1339 1966/2507/2495
f 3016/449/446 3019/326/325 298/414/411
f 3252/325/324 298/414/411 3019/326/325
f 1904/354/351 3018/1464/1458 1897/1447/1441
f 63/324/323 3018/1464/1458 2306/1612/1606
f 1905/2584/2570 1967/913/910 2950/2581/2567
f 1905/2584/2570 568/911/908 1967/913/910
f 629/578/575 1906/2333/2324 2285/3001/2972
f 629/578/575 1419/2223/2215 1906/2333/2324
f 1907/2050/2043 946/2773/2749 872/2046/2039
f 1907/2050/2043 872/2046/2039 1333/2048/2041
f 897/2809/2785 706/1172/1169 1908/2185/2177
f 2719/2810/2786 897/2809/2785 2063/1170/1167
f 1859/1889/1883 1909/1500/1494 462/1890/1884
f 2744/3244/3206 462/1890/1884 1909/1500/1494
f 2012/1683/1677 383/1682/1676 1910/1685/1679
f 383/1682/1676 1686/593/590 1910/1685/1679
f 1911/2932/2905 119/660/657 112/2293/2284
f 777/2599/2585 1911/2932/2905 112/2293/2284
f 16/1714/1708 1912/1721/1715 2086/1723/1717
f 1913/1924/1917 2176/14/14 1912/1721/1715
f 1913/1924/1917 1912/1721/1715 16/1714/1708
f 1946/1716/1710 1913/1924/1917 16/1714/1708
f 2943/464/461 1914/2536/2524 81/461/458
f 1286/3189/3155 1377/3190/3156 3238/396/393
f 1915/276/276 400/2990/2962 938/366/363
f 43/2249/2240 1915/276/276 938/366/363
f 126/625/622 1916/630/627 1433/632/629
f 126/625/622 2746/1452/1446 1916/630/627
f 1917/499/496 408/3240/3202 1916/630/627
f 2833/498/495 2834/1766/1760 1917/499/496
f 486/3377/3326 1918/1540/1534 587/663/660
f 587/663/660 1918/1540/1534 2978/2337/2328
f 1919/1533/1527 2374/1549/1543 2656/1547/1541
f 1918/1540/1534 486/3377/3326 1919/1533/1527
f 1920/1275/1271 894/1295/1290 893/2806/2782
f 2963/1273/1269 1920/1275/1271 893/2806/2782
f 718/1196/1193 1921/2484/2473 2254/2841/2815
f 1056/3032/3002 2510/3033/3003 2964/1191/1188
f 2475/584/581 380/1667/1661 1922/3369/3318
f 3284/2402/2393 1836/2403/2394 2109/1706/1700
f 987/482/479 2154/481/478 1923/437/434
f 987/482/479 1923/437/434 79/453/450
f 362/1601/1595 1924/255/255 361/1602/1596
f 362/1601/1595 2709/1557/1551 1924/255/255
f 294/351/348 357/257/257 1925/256/256
f 1925/256/256 1924/255/255 1926/353/350
f 1925/256/256 1926/353/350 294/351/348
f 1904/354/351 2832/1448/1442 1926/353/350
f 983/2948/2921 1927/1031/1028 1424/2798/2774
f 196/1037/1034 1927/1031/1028 983/2948/2921
f 1010/2172/2165 985/2117/2110 1928/2173/2166
f 985/2117/2110 3251/2953/2926 1928/2173/2166
f 1929/283/283 2598/3186/3152 1280/284/284
f 2384/1317/1312 251/1313/1308 2598/3186/3152
f 1713/471/468 1930/488/485 129/1755/1749
f 1713/471/468 2672/486/483 1930/488/485
f 2641/2830/2804 1931/2284/2275 181/971/968
f 181/971/968 1931/2284/2275 1746/2300/2291
f 702/473/470 3192/472/469 1932/2663/2642
f 1932/2663/2642 802/2093/2086 1150/3090/3060
f 30/181/181 2674/180/180 1933/120/120
f 1393/236/236 30/181/181 1934/2672/2651
f 1934/2672/2651 1933/120/120 1709/122/122
f 1934/2672/2651 30/181/181 1933/120/120
f 1565/1695/1689 1935/1697/1691 3302/3305/3260
f 1935/1697/1691 2825/592/589 2460/591/588
f 39/2037/2030 1936/312/311 999/178/178
f 3299/2036/2029 39/2037/2030 536/198/198
f 139/789/786 1629/1532/1526 1937/1548/1542
f 1629/1532/1526 336/1546/1540 1937/1548/1542
f 1938/2723/2702 976/270/270 2481/3322/3277
f 793/1980/1973 976/270/270 2342/2993/2965
f 1439/606/603 1939/646/643 106/1597/1591
f 2969/2847/2821 2432/1600/1594 106/1597/1591
f 2604/1939/1932 188/970/967 1940/1955/1948
f 188/970/967 1139/952/949 3053/1956/1949
f 2068/3192/3157 1827/903/900 715/902/899
f 2068/3192/3157 715/902/899 1902/2480/2469
f 1942/1713/1707 1679/1906/1899 35/183/183
f 776/1904/1897 1679/1906/1899 1942/1713/1707
f 1948/2203/2195 1943/1188/1185 2559/2204/2196
f 1943/1188/1185 978/2557/2543 2559/2204/2196
f 964/2128/2121 2360/2731/2710 1944/2126/2119
f 1319/3209/3172 964/2128/2121 2678/2917/2890
f 1945/3128/3097 1597/9/9 1159/15/15
f 1780/7/7 1597/9/9 1945/3128/3097
f 468/1905/1898 1946/1716/1710 1679/1906/1899
f 468/1905/1898 1159/15/15 1946/1716/1710
f 1947/2559/2545 3052/2790/2766 759/1190/1187
f 1110/2941/2914 1947/2559/2545 759/1190/1187
f 243/3287/3245 1147/1874/1868 1948/2203/2195
f 1147/1874/1868 1943/1188/1185 1948/2203/2195
f 2700/2868/2842 243/3287/3245 1949/1290/1285
f 243/3287/3245 1948/2203/2195 3024/3119/3088
f 3289/2913/2886 1119/2127/2120 2824/3346/3300
f 2824/3346/3300 1119/2127/2120 1718/737/734
f 1147/1874/1868 1951/1875/1869 457/1187/1184
f 1737/1358/1353 1951/1875/1869 1147/1874/1868
f 1952/2202/2194 225/3085/3055 557/2107/2100
f 1318/3086/3056 225/3085/3055 1952/2202/2194
f 1953/319/318 307/1479/1473 62/1480/1474
f 62/1480/1474 1220/372/369 1953/319/318
f 1785/123/123 393/125/125 1954/2598/2584
f 393/125/125 1945/3128/3097 3304/2597/2583
f 1737/1358/1353 265/1357/1352 1955/2578/2564
f 1737/1358/1353 1955/2578/2564 1951/1875/1869
f 1051/1738/1732 1498/2996/2967 1956/35/35
f 1490/34/34 1051/1738/1732 1956/35/35
f 1637/567/564 1957/2198/2190 579/2431/2420
f 579/2431/2420 1957/2198/2190 2638/2430/2419
f 1958/2150/2143 1578/2295/2286 567/2835/2809
f 1749/2151/2144 1958/2150/2143 567/2835/2809
f 1959/2970/2942 2963/1273/1269 1009/2971/2943
f 1992/2952/2925 2457/2405/2396 1009/2971/2943
f 1735/269/269 1960/2956/2929 1393/236/236
f 1393/236/236 1960/2956/2929 30/181/181
f 2929/1254/1251 1961/2553/2539 559/1279/1275
f 2123/1276/1272 1809/1278/1274 559/1279/1275
f 382/1678/1672 385/1691/1685 1962/1692/1686
f 2376/1322/1317 382/1678/1672 2400/681/678
f 1963/1816/1810 428/1527/1521 2138/2391/2382
f 1630/1815/1809 428/1527/1521 1963/1816/1810
f 2377/3043/3013 1964/849/846 1397/894/891
f 1639/2054/2047 1397/894/891 1964/849/846
f 1965/1604/1598 1054/3030/3000 56/1613/1607
f 1730/370/367 1054/3030/3000 1965/1604/1598
f 1966/2507/2495 1166/1388/1383 2467/2506/2494
f 2467/2506/2494 1097/2454/2443 1966/2507/2495
f 572/2582/2568 1967/913/910 2880/2255/2246
f 2950/2581/2567 1967/913/910 572/2582/2568
f 1426/3237/3199 1685/3261/3221 1968/303/303
f 1685/3261/3221 1042/3019/2989 2952/1318/1313
f 198/1044/1041 1969/1038/1035 197/1045/1042
f 1969/1038/1035 2430/2949/2922 197/1045/1042
f 816/2657/2636 1970/2659/2638 275/2658/2637
f 1591/2411/2402 1970/2659/2638 816/2657/2636
f 1971/933/930 2407/2886/2860 961/2564/2550
f 1971/933/930 961/2564/2550 175/940/937
f 1972/417/414 2837/3286/3244 1172/3378/3327
f 1507/466/463 2837/3286/3244 3113/2511/2499
f 278/1882/1876 1973/1652/1646 1974/1648/1642
f 459/3311/3266 1973/1652/1646 278/1882/1876
f 278/1882/1876 1974/1648/1642 474/1058/1055
f 474/1058/1055 1974/1648/1642 2567/1059/1056
f 1975/63/63 349/1560/1554 1430/1586/1580
f 1975/63/63 342/62/62 349/1560/1554
f 1976/2296/2287 777/2599/2585 1219/2297/2288
f 2924/2153/2146 3301/2601/2587 2524/2602/2588
f 1977/2901/2874 1826/475/472 90/579/576
f 1977/2901/2874 90/579/576 1688/671/668
f 1978/3379/2948 1060/3248/2950 1385/317/316
f 1502/1975/1968 1978/3379/2948 1385/317/316
f 3047/3342/3296 3172/3069/3039 3190/1054/1051
f 1401/2038/2031 3047/3342/3296 2531/2039/2032
f 1980/465/462 262/1329/1324 1507/466/463
f 2316/3131/3100 2829/3133/3102 1980/465/462
f 1981/1211/1208 3063/2906/2879 960/1220/1217
f 1981/1211/1208 960/1220/1217 1883/2852/2826
f 455/492/489 1982/419/416 1482/3281/3239
f 1482/3281/3239 1982/419/416 363/386/383
f 1225/3163/3131 1983/2049/2042 1333/2048/2041
f 1983/2049/2042 1907/2050/2043 1333/2048/2041
f 1984/2447/2436 1983/2049/2042 2706/2887/2861
f 3045/2445/2434 1984/2447/2436 2706/2887/2861
f 99/553/550 100/557/554 1985/550/547
f 98/549/546 99/553/550 1985/550/547
f 188/970/967 1986/2874/2848 178/953/950
f 1986/2874/2848 1461/2260/2251 178/953/950
f 605/983/980 940/3316/3271 1987/969/966
f 940/3316/3271 1986/2874/2848 1987/969/966
f 1988/1353/1348 158/1393/1388 277/856/853
f 2234/685/682 1988/1353/1348 2268/1355/1350
f 1065/48/48 1989/141/141 697/2216/2208
f 6/42/42 1989/141/141 1065/48/48
f 1692/1111/1108 1990/1138/1135 751/3166/2955
f 1990/2543/1135 211/2545/2531 751/2983/2955
f 968/2925/2898 569/2927/2900 1991/2926/2899
f 1357/2160/2153 968/2925/2898 2624/197/197
f 3251/2953/2926 1992/2952/2925 237/2118/2111
f 1992/2952/2925 1009/2971/2943 237/2118/2111
f 1993/371/368 1965/1604/1598 963/2912/2885
f 2882/2690/2669 963/2912/2885 1569/2689/2668
f 140/792/789 1994/800/797 439/793/790
f 2092/749/746 332/748/745 2278/1911/1904
f 427/379/376 1995/3380/3008 3305/380/377
f 1996/375/372 2812/377/374 1995/3380/3008
f 74/1778/1772 1996/375/372 2016/1814/1808
f 427/379/376 1996/375/372 1995/3380/3008
f 1997/3381/279 1502/1975/1968 1723/3347/280
f 1997/3381/279 1978/3379/2948 1502/1975/1968
f 464/832/829 2669/3302/3258 1998/678/675
f 464/832/829 1998/678/675 2953/2317/2308
f 1862/2169/2162 1999/2583/2569 870/2768/2746
f 2909/2766/2744 870/2768/2746 1999/2583/2569
f 1184/3382/2818 2000/3139/3108 1177/2181/2103
f 2743/3138/3107 2805/1180/1177 2000/3139/3108
f 2001/429/426 3035/3197/3162 2356/430/427
f 844/2211/2203 3035/3197/3162 2001/429/426
f 195/1030/1027 1431/2795/2771 2002/2799/2775
f 1431/2795/2771 2604/1939/1932 2506/2792/2768
f 577/2197/2189 2003/1200/1197 3176/1202/1199
f 577/2197/2189 973/2189/2181 2003/1200/1197
f 3181/542/539 2004/1839/1833 449/541/538
f 2097/1841/1835 2004/1839/1833 495/1844/1838
f 2005/115/115 692/114/114 2255/2989/2961
f 3169/1618/1612 2295/118/118 2255/2989/2961
f 2230/3211/3174 2006/1463/1457 502/979/976
f 2006/1463/1457 2346/980/977 502/979/976
f 392/1710/1704 2683/1688/1682 2007/1711/1705
f 1835/588/585 392/1710/1704 2007/1711/1705
f 2991/3006/2977 2008/3007/2978 1395/594/591
f 2008/3007/2978 2007/1711/1705 1395/594/591
f 859/2746/2725 2009/1021/1018 3140/2479/2468
f 615/2166/2159 2009/1021/1018 859/2746/2725
f 837/468/465 2010/2703/2682 873/469/466
f 1382/289/289 873/469/466 3219/3070/3040
f 2011/3313/3268 2335/2685/2664 1583/2638/2619
f 1583/2638/2619 2768/137/137 2011/3313/3268
f 392/1710/1704 2771/2962/2934 1001/1689/1683
f 1001/1689/1683 2131/1684/1678 1549/1701/1695
f 2518/2225/2217 2013/664/661 2284/666/663
f 2518/2225/2217 588/662/659 2013/664/661
f 1353/1940/1933 2014/993/990 865/2860/2834
f 189/1011/1008 2014/993/990 1353/1940/1933
f 791/1891/1885 1238/1894/1888 2015/1895/1889
f 1238/1894/1888 3185/1893/1887 2015/1895/1889
f 427/379/376 655/378/375 2016/1814/1808
f 1996/375/372 427/379/376 2016/1814/1808
f 2017/852/849 1098/3003/2974 809/2455/2444
f 1803/3079/3049 1098/3003/2974 2017/852/849
f 1412/723/720 2019/722/719 2018/2314/2305
f 1412/723/720 2018/2314/2305 2845/3258/3218
f 1713/471/468 129/1755/1749 2019/722/719
f 2019/722/719 129/1755/1749 2018/2314/2305
f 1515/817/814 713/776/773 2020/3326/3280
f 713/776/773 1348/778/775 3339/725/722
f 2021/2122/2115 1356/2475/2464 1355/1248/1245
f 1355/1248/1245 1168/1247/1244 2021/2122/2115
f 2022/897/894 1029/2219/2211 584/2999/2970
f 1029/2219/2211 2022/897/894 1824/2220/2212
f 88/404/401 3239/3315/3270 3187/601/598
f 3097/2409/2400 68/402/399 88/404/401
f 2024/376/373 57/3383/1963 2812/377/374
f 2623/2975/2947 3330/3384/3009 2024/376/373
f 596/798/795 2082/890/887 2025/799/796
f 1370/2006/1999 2025/799/796 146/2091/2084
f 220/2486/2475 594/1131/1128 2026/1133/1130
f 220/2486/2475 2026/1133/1130 2326/2493/2482
f 2916/2616/2599 1153/3123/3092 2027/643/640
f 986/1513/1507 2027/643/640 1153/3123/3092
f 3272/495/492 2028/2825/2799 2694/496/493
f 1186/1964/1957 2030/3319/3274 521/1965/1958
f 2029/1991/1984 2847/1976/1969 2995/1990/1983
f 2030/3319/3274 1599/451/448 2029/1991/1984
f 2028/2825/2799 1599/451/448 2030/3319/3274
f 2028/2825/2799 2030/3319/3274 1186/1964/1957
f 1647/757/754 2031/2090/2083 2705/758/755
f 2032/2089/2082 1370/2006/1999 2031/2090/2083
f 2032/2089/2082 1647/757/754 552/760/757
f 2032/2089/2082 2031/2090/2083 1647/757/754
f 1520/1163/1160 2033/2560/2546 1046/2558/2544
f 1046/2558/2544 2033/2560/2546 1947/2559/2545
f 2034/796/793 1245/877/874 2280/2718/2697
f 2034/796/793 949/2888/2862 1249/2890/2864
f 1182/1951/1944 2035/1430/1424 2197/3142/3111
f 1733/886/883 2035/1430/1424 1182/1951/1944
f 2957/2347/2338 635/2346/2337 636/764/761
f 2957/2347/2338 2795/3046/3016 635/2346/2337
f 2037/2179/2172 1830/2180/2173 1144/2232/2224
f 1644/139/139 2037/2179/2172 2831/3115/3084
f 1279/186/186 2038/2656/2635 779/187/187
f 441/2640/2621 2038/2656/2635 1279/186/186
f 2039/2168/2161 992/2240/2232 1405/2884/2858
f 2039/2168/2161 1405/2884/2858 1557/2521/2509
f 1408/1907/1900 934/1266/1263 2040/2871/2845
f 2759/1884/1878 460/1883/1877 1408/1907/1900
f 2041/1885/1879 2759/1884/1878 235/1270/1266
f 1287/1241/1238 2041/1885/1879 235/1270/1266
f 2042/3256/3217 912/3057/3027 1404/627/624
f 2525/2945/2918 979/2200/2192 3075/2547/2533
f 2043/2345/2336 3084/2965/2937 2383/2370/2361
f 2657/1068/1065 2383/2370/2361 647/1070/1067
f 2044/1944/1937 184/976/973 1623/1462/1456
f 650/1006/1003 2044/1944/1937 1623/1462/1456
f 2045/884/881 1517/752/749 409/1945/1938
f 409/1945/1938 500/885/882 2045/884/881
f 725/523/520 2046/525/522 3254/2495/2484
f 100/557/554 2046/525/522 1361/561/558
f 840/2034/2027 2047/2233/2225 3150/150/150
f 574/146/146 2047/2233/2225 840/2034/2027
f 3/1880/1874 2048/10/10 1663/1735/1729
f 3/1880/1874 458/4/4 2048/10/10
f 2049/11/11 1697/16/16 2270/12/12
f 2049/11/11 2/3012/2982 1697/16/16
f 1358/926/923 1765/925/922 2050/2164/2157
f 1771/3232/3194 1358/926/923 2050/2164/2157
f 2051/1819/1813 1963/1816/1810 1675/846/843
f 2051/1819/1813 1675/846/843 419/848/845
f 1672/1795/1789 2052/1794/1788 1125/3098/3068
f 1125/3098/3068 2052/1794/1788 2167/1852/1846
f 2053/1771/1765 2380/1798/1792 1672/1795/1789
f 2053/1771/1765 1672/1795/1789 1125/3098/3068
f 1765/925/922 329/1818/1812 2054/1820/1814
f 429/883/880 2054/1820/1814 329/1818/1812
f 2055/2816/2792 2569/1263/1260 1773/2817/2793
f 3029/2818/2794 1270/1236/1233 467/3178/3144
f 2056/1262/1259 1778/1857/1851 1126/1856/1850
f 1778/1857/1851 2056/1262/1259 953/2896/2869
f 678/1386/1381 2057/239/239 510/1428/1422
f 42/240/240 2057/239/239 678/1386/1381
f 2058/1510/1504 1600/288/288 1069/1507/1501
f 1382/289/289 1600/288/288 2058/1510/1504
f 641/2358/2349 2059/3252/3213 627/2359/2350
f 3180/2379/2370 659/2329/2320 2059/3252/3213
f 210/1136/1133 3054/2496/2485 2060/1121/1118
f 210/1136/1133 2060/1121/1118 729/2327/2318
f 2245/2362/2353 2061/3152/3120 642/2361/2352
f 2712/962/959 3021/2360/2351 642/2361/2352
f 2062/655/652 1885/3312/3267 1739/659/656
f 2062/655/652 1739/659/656 1542/656/653
f 2063/1170/1167 1908/2185/2177 217/1171/1168
f 2063/1170/1167 897/2809/2785 1908/2185/2177
f 2064/629/626 1171/3134/3103 2065/532/529
f 1171/3134/3103 2064/629/626 3173/2878/2852
f 753/2546/2532 2064/629/626 2065/532/529
f 1651/531/528 753/2546/2532 2065/532/529
f 686/2281/2272 3095/2279/2270 2066/2969/2941
f 2066/2969/2941 1464/3272/3232 246/1297/1292
f 2652/2987/2959 128/2985/2957 2067/2237/2229
f 2417/718/715 128/2985/2957 2730/719/716
f 2068/3192/3157 1941/935/932 2529/901/898
f 1941/935/932 2403/2676/2655 809/2455/2444
f 3313/3245/3207 2069/1539/1533 1714/1534/1528
f 1714/1534/1528 2069/1539/1533 2713/1535/1529
f 1878/2937/2910 2070/368/365 975/433/430
f 70/2938/2911 2070/368/365 1878/2937/2910
f 1516/809/806 797/2648/2629 2071/2650/2630
f 1516/809/806 2071/2650/2630 923/2767/2745
f 2072/144/144 764/147/147 2373/2573/2559
f 2072/144/144 574/146/146 764/147/147
f 1449/2621/2604 2073/3269/3229 3249/741/738
f 1901/2156/2149 3193/2157/2150 1449/2621/2604
f 2370/1702/1696 2074/1670/1664 1621/3005/2976
f 2074/1670/1664 2109/1706/1700 3329/1705/1699
f 1251/3160/3128 910/2600/2586 3278/3385/3328
f 910/2600/2586 112/2293/2284 2789/2775/2751
f 364/2448/2437 2076/381/378 3148/3145/3113
f 1972/417/414 1172/3378/3327 3149/3135/3104
f 3051/1511/1505 981/2705/2684 2077/1512/1506
f 2077/1512/1506 981/2705/2684 2593/1514/1508
f 929/2009/2002 3294/192/192 2078/152/152
f 1027/2998/2969 929/2009/2002 2078/152/152
f 907/878/875 2079/2827/2801 1648/2828/2802
f 172/921/918 3161/923/920 907/878/875
f 909/775/772 1552/974/971 2080/2692/2671
f 2464/774/771 909/775/772 2080/2692/2671
f 2081/892/889 739/927/924 2233/3097/3067
f 2081/892/889 2233/3097/3067 2224/2556/2542
f 2025/799/796 2082/890/887 146/2091/2084
f 146/2091/2084 2082/890/887 2081/892/889
f 1833/1182/1179 721/1143/1140 2083/2491/2480
f 721/1143/1140 723/1142/1139 3012/2183/2175
f 2084/1101/1098 947/1026/1023 741/2883/2857
f 947/1026/1023 2084/1101/1098 1539/1016/1013
f 1344/87/87 1092/3072/3042 2085/2591/2577
f 2799/2589/2575 1092/3072/3042 3134/3073/3043
f 1099/1720/1714 16/1714/1708 2086/1723/1717
f 2701/3080/3050 2702/24/24 3207/26/26
f 980/382/379 1273/285/285 2087/2786/2762
f 980/382/379 2087/2786/2762 2214/383/380
f 2088/784/781 143/1769/1763 2259/2400/2391
f 410/1760/1754 143/1769/1763 2088/784/781
f 2089/2047/2040 209/1139/1136 944/1014/1011
f 2089/2047/2040 944/1014/1011 3031/3217/3180
f 1440/1564/1558 2090/1565/1559 654/1568/1562
f 654/1568/1562 2090/1565/1559 343/2318/2309
f 2551/1065/1062 2091/1861/1855 2173/1859/1853
f 2997/2386/2377 477/1659/1653 2091/1861/1855
f 140/792/789 334/747/744 2092/749/746
f 1994/800/797 140/792/789 2092/749/746
f 238/2111/2104 2093/2209/2201 1103/2497/2486
f 238/2111/2104 575/2182/2174 2093/2209/2201
f 3336/1443/1437 1585/1442/1436 2094/937/934
f 143/1769/1763 680/2398/2389 2259/2400/2391
f 2586/3125/3094 2095/1127/1124 1157/3126/3095
f 1157/3126/3095 2095/1127/1124 3242/3127/3096
f 2206/833/830 2096/813/810 974/2935/2908
f 974/2935/2908 2937/2418/2409 690/2415/2406
f 2097/1841/1835 447/1843/1837 1893/1842/1836
f 2097/1841/1835 495/1844/1838 447/1843/1837
f 2098/260/260 1367/259/259 1426/3237/3199
f 2098/260/260 1426/3237/3199 1968/303/303
f 2099/2068/2061 1537/2070/2063 548/2078/2071
f 1636/808/805 2619/807/804 548/2078/2071
f 3118/2192/2184 1690/3254/3215 1478/2620/2603
f 3118/2192/2184 714/2191/2183 1690/3254/3215
f 2101/2619/2602 783/2132/2125 2100/2243/2235
f 783/2132/2125 2101/2619/2602 1877/3122/3091
f 2102/1747/1741 7/53/53 394/52/52
f 2102/1747/1741 485/1746/1740 7/53/53
f 895/2387/2378 2103/2899/2872 1077/854/851
f 2103/2899/2872 3170/3361/3310 1077/854/851
f 618/2306/2297 2104/2851/2825 1819/1067/1064
f 1819/1067/1064 2104/2851/2825 2657/1068/1065
f 920/2043/2036 2105/1064/1061 2104/2851/2825
f 920/2043/2036 2551/1065/1062 2105/1064/1061
f 3239/3315/3270 3224/309/308 2106/2526/2514
f 2106/2526/2514 3224/309/308 1741/335/310
f 113/2338/2329 631/582/579 2107/634/631
f 113/2338/2329 2107/634/631 544/633/630
f 544/633/630 1724/635/632 3235/2065/2058
f 3235/2065/2058 113/2338/2329 544/633/630
f 2109/1706/1700 1922/3369/3318 1033/1707/1701
f 1836/2403/2394 1922/3369/3318 2109/1706/1700
f 632/2313/2304 2110/2226/2218 2013/664/661
f 632/2313/2304 620/2320/2311 2110/2226/2218
f 2740/367/364 1023/1740/1734 2111/1757/1751
f 1023/1740/1734 3197/1742/1736 2111/1757/1751
f 634/1645/1639 645/1643/1637 2112/2369/2360
f 2112/2369/2360 645/1643/1637 2164/2366/2357
f 1013/2367/2358 2112/2369/2360 2113/1072/1069
f 644/1071/1068 1013/2367/2358 2113/1072/1069
f 498/1942/1935 2114/2311/2302 1453/1029/1026
f 1453/1029/1026 2114/2311/2302 2115/1027/1024
f 2426/2368/2359 2115/1027/1024 646/2310/2301
f 646/2310/2301 2115/1027/1024 2114/2311/2302
f 1378/652/649 2116/2785/2761 1413/653/650
f 1378/652/649 1174/2393/2384 2116/2785/2761
f 2775/742/739 124/702/699 2117/743/740
f 124/702/699 3135/704/701 2117/743/740
f 638/1752/1746 2118/1756/1750 137/1753/1747
f 1275/2316/2307 2119/2315/2306 638/1752/1746
f 2119/2315/2306 2118/1756/1750 638/1752/1746
f 2119/2315/2306 129/1755/1749 2118/1756/1750
f 174/898/895 2022/897/894 2120/3000/2971
f 2120/3000/2971 1571/2452/2441 174/898/895
f 2876/1809/1803 2121/1789/1783 425/3262/3222
f 2121/1789/1783 2623/2975/2947 425/3262/3222
f 19/39/39 2122/2680/2659 1332/135/135
f 807/38/38 2349/1376/1371 19/39/39
f 863/2554/2540 2123/1276/1272 1961/2553/2539
f 1961/2553/2539 2123/1276/1272 559/1279/1275
f 2124/2807/2783 609/2771/2748 686/2281/2272
f 2124/2807/2783 686/2281/2272 2066/2969/2941
f 193/2304/2295 1403/1436/1430 2125/2305/2296
f 2125/2305/2296 1403/1436/1430 1808/1925/1918
f 2126/1272/1268 236/2742/2721 1167/2740/2719
f 2126/1272/1268 1167/2740/2719 1576/1244/1241
f 2127/3031/3001 56/1613/1607 1054/3030/3000
f 2127/3031/3001 2435/1606/1600 56/1613/1607
f 2128/217/217 34/2788/2764 1055/1607/1601
f 2128/217/217 1055/1607/1601 2127/3031/3001
f 2129/2460/2449 1407/2035/2028 21/2464/2453
f 2752/2033/2026 2576/3071/3041 21/2464/2453
f 2130/2869/2843 1441/46/46 747/50/50
f 3094/2533/2521 747/50/50 540/2734/2713
f 1001/1689/1683 2771/2962/2934 2131/1684/1678
f 2131/1684/1678 2012/1683/1677 1910/1685/1679
f 346/1459/1453 2132/106/106 1694/3343/3297
f 346/1459/1453 348/103/103 2727/105/105
f 2133/1144/1141 714/2191/2183 1360/2190/2182
f 2448/2245/2236 2133/1144/1141 1360/2190/2182
f 2134/2979/2951 3138/2778/2754 1015/174/174
f 2134/2979/2951 1015/174/174 1606/3235/3197
f 1753/618/615 2135/617/614 1750/621/618
f 2135/617/614 109/616/613 1750/621/618
f 1137/1531/1525 2136/2330/2321 328/1530/1524
f 2520/2332/2323 328/1530/1524 2136/2330/2321
f 1114/2725/2704 1755/2291/2282 2137/2357/2348
f 551/724/721 1114/2725/2704 2777/2086/2079
f 327/1543/1537 2138/2391/2382 1757/847/844
f 327/1543/1537 1963/1816/1810 2138/2391/2382
f 2139/2053/2046 156/2074/2067 547/2052/2045
f 2627/2565/2551 818/2683/2662 156/2074/2067
f 2140/1672/1666 105/598/595 2749/597/594
f 2140/1672/1666 2683/1688/1682 2141/1690/1684
f 105/598/595 2141/1690/1684 2894/477/474
f 2140/1672/1666 2141/1690/1684 105/598/595
f 2142/3386/3164 122/692/689 1633/2141/2134
f 3083/519/516 1633/2141/2134 1838/517/514
f 2143/60/60 676/58/58 1398/2396/2387
f 2059/3252/3213 2143/60/60 1398/2396/2387
f 2144/520/517 117/650/647 1107/613/610
f 1246/522/519 117/650/647 2144/520/517
f 2145/521/518 2144/520/517 725/523/520
f 2441/2494/2483 725/523/520 2440/2487/2476
f 132/2085/2078 532/729/726 2146/728/725
f 3129/2476/2465 132/2085/2078 2146/728/725
f 232/2177/2170 2147/2459/2448 706/1172/1169
f 2310/1257/1254 1118/3092/3062 706/1172/1169
f 2148/985/982 192/1018/1015 946/2773/2749
f 2148/985/982 946/2773/2749 1907/2050/2043
f 917/2461/2450 2576/3071/3041 2149/83/83
f 2149/83/83 1345/2848/2822 917/2461/2450
f 2150/734/731 2688/3364/3313 470/1908/1901
f 2150/734/731 470/1908/1901 633/2340/2331
f 2151/19/19 1663/1735/1729 3167/20/20
f 2151/19/19 3/1880/1874 1663/1735/1729
f 2770/790/787 1327/791/788 2152/1524/1518
f 489/1545/1539 2152/1524/1518 333/1521/1515
f 2153/2542/2530 212/2538/2526 1308/2982/2954
f 3259/2541/2529 2153/2542/2530 1308/2982/2954
f 322/438/435 2154/481/478 3000/1509/1503
f 1923/437/434 2154/481/478 322/438/435
f 204/2353/2344 2699/2352/2343 2155/1060/1057
f 2488/3172/3139 2489/2351/2342 2156/2044/2037
f 2489/2351/2342 2155/1060/1057 2156/2044/2037
f 2155/1060/1057 2567/1059/1056 2156/2044/2037
f 1818/109/109 15/2727/2706 2157/110/110
f 2802/2100/2093 555/3231/3193 2157/110/110
f 675/1449/1443 2158/2395/2386 87/500/497
f 2158/2395/2386 1207/3154/3122 87/500/497
f 87/500/497 1207/3154/3122 2159/1441/1435
f 1207/3154/3122 298/414/411 2159/1441/1435
f 2607/2399/2390 2160/936/933 2230/3211/3174
f 2607/2399/2390 2094/937/934 2160/936/933
f 2161/315/314 2121/1789/1783 424/1808/1802
f 2161/315/314 424/1808/1802 1797/1811/1805
f 2162/3200/3165 1302/1614/1608 1303/1617/1611
f 3124/421/418 473/420/417 1302/1614/1608
f 1592/1228/1225 2163/2967/2939 1005/2966/2938
f 1592/1228/1225 1386/2028/2021 2163/2967/2939
f 2164/2366/2357 1453/1029/1026 371/1028/1025
f 2164/2366/2357 371/1028/1025 2113/1072/1069
f 2190/2905/2878 2165/3191/3105 1292/425/422
f 1292/425/422 3059/310/309 1936/312/311
f 2166/2079/2072 549/713/710 668/1350/1345
f 2166/2079/2072 545/714/711 549/713/710
f 1125/3098/3068 2167/1852/1846 1788/1850/1844
f 2167/1852/1846 3116/1887/1881 1788/1850/1844
f 1135/2698/2677 2168/2002/1995 1460/2004/1997
f 1135/2698/2677 896/263/263 2168/2002/1995
f 2169/1458/1452 1145/218/218 2512/3116/3085
f 2169/1458/1452 2500/1457/1451 1145/218/218
f 1906/2333/2324 2170/2335/2326 586/1696/1690
f 586/1696/1690 2897/585/582 1935/1697/1691
f 2171/1460/1454 1694/3343/3297 886/1456/1450
f 346/1459/1453 1694/3343/3297 2171/1460/1454
f 1649/508/505 898/2813/2789 2172/511/508
f 2172/511/508 898/2813/2789 1620/2986/2958
f 452/1066/1063 2173/1859/1853 2429/2363/2354
f 2551/1065/1062 2173/1859/1853 452/1066/1063
f 757/1253/1250 2174/2751/2730 1961/2553/2539
f 1928/2173/2166 3251/2953/2926 757/1253/1250
f 1150/3090/3060 1116/721/718 2175/2261/2252
f 1116/721/718 1412/723/720 2175/2261/2252
f 2176/14/14 481/21/21 1064/1923/1916
f 2176/14/14 1064/1923/1916 1912/1721/1715
f 2177/2294/2285 3325/3308/3263 1570/3034/3004
f 2609/2292/2283 2177/2294/2285 1570/3034/3004
f 1421/2441/2430 25/196/196 2178/268/268
f 1488/221/221 2178/268/268 25/196/196
f 1630/1815/1809 2179/1526/1520 154/1528/1522
f 2550/824/821 1631/826/823 154/1528/1522
f 2180/434/431 81/461/458 749/2535/2523
f 2180/434/431 1062/462/459 81/461/458
f 2661/2857/2831 2181/755/752 1537/2070/2063
f 2181/755/752 546/2066/2059 1537/2070/2063
f 266/1362/1357 2182/2040/2033 1255/1105/1102
f 2338/1363/1358 2548/1365/1360 266/1362/1357
f 955/2390/2381 895/2387/2378 2183/2388/2379
f 672/463/460 2183/2388/2379 2217/2808/2784
f 2184/2635/2616 1701/2012/2005 103/2010/2003
f 564/2135/2128 2184/2635/2616 2185/2136/2129
f 2185/2136/2129 2184/2635/2616 103/2010/2003
f 2185/2136/2129 103/2010/2003 2673/2011/2004
f 2648/2234/2226 1437/828/825 2186/2700/2679
f 1437/828/825 1438/827/824 2465/3265/3225
f 2187/2752/2731 3182/2753/2732 2492/2858/2832
f 1343/1961/1954 2187/2752/2731 2493/992/989
f 2189/1439/1433 2188/1438/1432 1301/763/760
f 1301/763/760 2188/1438/1432 2345/2350/2341
f 2189/1439/1433 141/762/759 830/2688/2667
f 2189/1439/1433 1301/763/760 141/762/759
f 2504/2429/2418 2165/3191/3105 2190/2905/2878
f 604/2904/2877 959/2426/2417 2190/2905/2878
f 2191/3299/3255 198/1044/1041 1540/1046/1043
f 861/1036/1033 2778/2749/2728 3204/3317/3272
f 774/406/403 1642/2432/2421 2192/2596/2582
f 1642/2432/2421 967/2055/2048 2192/2596/2582
f 2814/1274/1270 2193/2121/2114 1920/1275/1271
f 712/2474/2463 2193/2121/2114 2814/1274/1270
f 2194/3020/2990 1043/1729/1723 3136/213/213
f 396/1725/1719 2194/3020/2990 2195/277/277
f 2539/278/278 2195/277/277 44/2707/2686
f 2194/3020/2990 3136/213/213 2195/277/277
f 2196/3228/3190 1169/822/819 1351/821/818
f 2196/3228/3190 1351/821/818 133/2876/2850
f 2197/3142/3111 2957/2347/2338 290/1952/1945
f 2492/2858/2832 3209/3141/3110 2677/2859/2833
f 2198/3101/3071 1128/1523/1517 1129/1793/1787
f 1757/847/844 1128/1523/1517 2198/3101/3071
f 2199/3195/3160 1343/1961/1954 1625/1001/998
f 1625/1001/998 1622/1666/1660 2199/3195/3160
f 2200/2519/2507 741/2883/2857 2601/1025/1022
f 1405/2884/2858 741/2883/2857 2200/2519/2507
f 54/2939/2912 2201/3320/3275 1601/2940/2913
f 2201/3320/3275 3230/3048/3018 1600/288/288
f 3248/79/79 3081/3329/3283 2202/80/80
f 3081/3329/3283 2443/89/89 2202/80/80
f 1283/78/78 2203/88/88 2736/92/92
f 1283/78/78 2202/80/80 2203/88/88
f 2204/565/562 1637/567/564 1317/568/565
f 1732/564/561 2204/565/562 1317/568/565
f 2205/90/90 2085/2591/2577 771/97/97
f 13/96/96 2205/90/90 771/97/97
f 911/2836/2810 2206/833/830 974/2935/2908
f 881/864/861 2680/866/863 911/2836/2810
f 2208/2980/2952 2207/1022/1019 2209/1024/1021
f 2208/3203/2952 212/2538/2526 2810/2540/2528
f 1017/3167/3134 2208/2980/2952 3295/1096/1093
f 1017/3202/3134 1308/2982/2954 2208/3203/2952
f 2208/2980/2952 2209/1024/1021 3213/2981/2953
f 3213/2981/2953 2209/1024/1021 3321/1937/1930
f 633/2340/2331 2866/3208/3171 2210/2341/2332
f 1044/2342/2333 2210/2341/2332 1314/1999/1992
f 209/1139/1136 1390/2850/2824 2211/1084/1081
f 209/1139/1136 2211/1084/1081 944/1014/1011
f 3078/3368/3317 2826/1125/1122 2212/2188/2180
f 3078/3368/3317 2212/2188/2180 1653/2187/2179
f 3010/261/261 2213/2550/2536 1347/262/262
f 2213/2550/2536 785/355/352 1347/262/262
f 2214/383/380 882/418/415 3149/3135/3104
f 977/287/287 882/418/415 2214/383/380
f 199/3194/3159 2215/3274/3234 1468/3193/3158
f 199/3194/3159 3047/3342/3296 2215/3274/3234
f 503/1950/1943 2187/2752/2731 2216/1960/1953
f 2346/980/977 2006/1463/1457 503/1950/1943
f 2183/2388/2379 895/2387/2378 2217/2808/2784
f 895/2387/2378 733/640/637 3233/639/636
f 1612/166/166 2218/2378/2369 26/168/168
f 26/168/168 2218/2378/2369 1659/2328/2319
f 2219/55/55 2792/1929/1922 659/2329/2320
f 2218/2378/2369 2939/2380/2371 659/2329/2320
f 2220/173/173 627/2359/2350 1410/171/171
f 641/2358/2349 627/2359/2350 2220/173/173
f 2221/1775/1769 414/1774/1768 1608/1781/1775
f 2221/1775/1769 1608/1781/1775 1894/2764/2742
f 2222/1679/1673 1175/596/593 1113/1677/1671
f 2372/1704/1698 2222/1679/1673 1113/1677/1671
f 2223/126/126 1040/129/129 2401/2670/2649
f 2223/126/126 3220/3112/3081 1040/129/129
f 147/2218/2210 2224/2556/2542 1124/2555/2541
f 2031/2090/2083 3316/2092/2085 2705/758/755
f 2226/2007/2000 2225/670/667 3090/2005/1998
f 1688/671/668 2225/670/667 527/637/634
f 527/637/634 2225/670/667 2226/2007/2000
f 527/637/634 2226/2007/2000 2032/2089/2082
f 2227/2713/2692 841/867/864 2914/2515/2503
f 151/836/833 841/867/864 2629/2472/2461
f 49/305/305 2329/176/176 2228/175/175
f 49/305/305 2228/175/175 2945/2864/2838
f 3297/1632/1626 1518/2302/2293 2272/3290/3248
f 3297/1632/1626 1728/1012/1009 1518/2302/2293
f 184/976/973 2230/3211/3174 502/979/976
f 184/976/973 1508/975/972 2230/3211/3174
f 2231/3263/3223 1433/632/629 153/3387/3329
f 126/625/622 1433/632/629 2231/3263/3223
f 2606/1768/1762 153/3387/3329 2232/1445/1439
f 1433/632/629 2232/1445/1439 153/3387/3329
f 1124/2555/2541 2233/3097/3067 758/929/926
f 2224/2556/2542 2233/3097/3067 1124/2555/2541
f 158/1393/1388 1988/1353/1348 2234/685/682
f 158/1393/1388 2234/685/682 279/3345/3299
f 311/1490/1484 2235/1166/1163 314/1168/1165
f 2522/1116/1113 2243/1486/1480 311/1490/1484
f 2236/2385/2376 670/1897/1891 1482/3281/3239
f 2669/3302/3258 670/1897/1891 2236/2385/2376
f 459/3311/3266 2237/1057/1054 1973/1652/1646
f 1577/3094/3064 2676/1396/1391 459/3311/3266
f 661/995/992 2238/3212/3175 1508/975/972
f 1508/975/972 2238/3212/3175 2230/3211/3174
f 825/1646/1640 2239/1656/1650 2549/1647/1641
f 369/1654/1648 2239/1656/1650 825/1646/1640
f 1230/2014/2007 2240/2588/2574 1083/3065/3035
f 1083/3065/3035 2258/2288/2279 1800/3168/3135
f 2241/2586/2572 1936/312/311 39/2037/2030
f 1292/425/422 1936/312/311 2241/2586/2572
f 2268/1355/1350 276/1354/1349 2242/490/487
f 276/1354/1349 827/1339/1334 2564/2401/2392
f 2243/1486/1480 2235/1166/1163 311/1490/1484
f 2247/1485/1479 2235/1166/1163 2243/1486/1480
f 827/1339/1334 2244/505/502 367/1340/1335
f 2244/505/502 1754/1869/1863 367/1340/1335
f 2245/2362/2353 2125/2305/2296 1199/963/960
f 2061/3152/3120 2245/2362/2353 1199/963/960
f 2268/1355/1350 2242/490/487 2246/489/486
f 2268/1355/1350 2246/489/486 2266/1328/1323
f 318/1167/1164 2235/1166/1163 2247/1485/1479
f 2247/1485/1479 313/1114/1111 318/1167/1164
f 457/1187/1184 2248/1177/1174 221/1179/1176
f 457/1187/1184 1839/1359/1354 2248/1177/1174
f 1512/2478/2467 2249/2196/2188 1876/3288/3246
f 214/2934/2907 2249/2196/2188 1512/2478/2467
f 1765/925/922 2250/887/884 2561/3044/3014
f 2054/1820/1814 2250/887/884 1765/925/922
f 744/124/124 2251/2528/2516 1654/2251/2242
f 2251/2528/2516 3287/2252/2243 1654/2251/2242
f 2252/2241/2233 2844/928/925 739/927/924
f 739/927/924 2560/891/888 2252/2241/2233
f 2253/1385/1380 2263/3388/3330 259/1337/1332
f 2253/1385/1380 259/1337/1332 257/253/253
f 1178/1195/1192 718/1196/1193 2254/2841/2815
f 557/2107/2100 1178/1195/1192 2254/2841/2815
f 2255/2989/2961 29/116/116 698/111/111
f 2255/2989/2961 692/114/114 29/116/116
f 51/1327/1322 306/1481/1475 2256/1478/1472
f 306/1481/1475 1953/319/318 2256/1478/1472
f 2257/1411/1406 2848/2957/2930 282/1426/1420
f 2257/1411/1406 282/1426/1420 1266/1408/1403
f 2240/2588/2574 2258/2288/2279 1083/3065/3035
f 2240/2588/2574 696/2587/2573 2258/2288/2279
f 2259/2400/2391 680/2398/2389 2094/937/934
f 2259/2400/2391 2094/937/934 2607/2399/2390
f 2260/2436/2425 770/2434/2423 2850/2437/2426
f 2260/2436/2425 1081/3061/3031 770/2434/2423
f 1261/3177/3143 2261/1497/1491 51/1327/1322
f 2263/3388/3330 1261/3177/3143 259/1337/1332
f 55/293/293 2262/3389/3331 510/1428/1422
f 55/293/293 301/346/343 2262/3389/3331
f 2263/3388/3330 2253/1385/1380 2261/1497/1491
f 2263/3388/3330 2261/1497/1491 1261/3177/3143
f 2262/3389/3331 2264/350/347 510/1428/1422
f 2262/3389/3331 301/346/343 2264/350/347
f 1250/2532/2520 745/1192/1189 2265/1489/1483
f 2265/1489/1483 745/1192/1189 2387/1194/1191
f 256/1930/1923 2266/1328/1323 735/413/410
f 2266/1328/1323 1289/1338/1333 735/413/410
f 990/1099/1096 2267/2193/2185 207/1488/1482
f 990/1099/1096 927/2194/2186 2267/2193/2185
f 2234/685/682 2268/1355/1350 256/1930/1923
f 256/1930/1923 2268/1355/1350 2266/1328/1323
f 2269/1494/1488 1189/1216/1213 317/1218/1215
f 2269/1494/1488 223/1206/1203 1189/1216/1213
f 2270/12/12 1697/16/16 398/2686/2665
f 2270/12/12 398/2686/2665 1705/1732/1726
f 1349/3016/2986 2223/126/126 2271/3015/2985
f 1706/17/17 1349/3016/2986 2271/3015/2985
f 368/1062/1059 2272/3290/3248 2625/2301/2292
f 2625/2301/2292 2272/3290/3248 1518/2302/2293
f 2273/1637/1631 368/1062/1059 378/1664/1658
f 368/1062/1059 2428/1630/1624 2272/3290/3248
f 1174/2393/2384 95/545/542 2274/547/544
f 1174/2393/2384 2333/2022/2015 2116/2785/2761
f 108/2019/2012 2275/2021/2014 984/3234/3196
f 984/3234/3196 2900/2088/2081 847/2950/2923
f 2333/2022/2015 2276/609/606 2277/2023/2016
f 2296/556/553 2276/609/606 97/554/551
f 2277/2023/2016 2276/609/606 108/2019/2012
f 2277/2023/2016 108/2019/2012 984/3234/3196
f 2092/749/746 2278/1911/1904 1994/800/797
f 1994/800/797 2278/1911/1904 472/2383/2374
f 2279/1912/1905 335/2072/2065 3196/2071/2064
f 2279/1912/1905 472/2383/2374 2278/1911/1904
f 2280/2718/2697 949/2888/2862 2034/796/793
f 2280/2718/2697 182/2716/2695 3067/3390/3332
f 2281/855/852 157/1319/1314 277/856/853
f 1293/2076/2069 157/1319/1314 2281/855/852
f 1365/3236/3198 2282/2918/2891 583/2571/2557
f 2859/143/143 1136/142/142 2282/2918/2891
f 1624/3327/3281 2283/1959/1952 2199/3195/3160
f 3309/978/975 2216/1960/1953 2283/1959/1952
f 2284/666/663 1315/668/665 1575/667/664
f 2284/666/663 1575/667/664 667/1913/1906
f 387/576/573 629/578/575 2285/3001/2972
f 387/576/573 2285/3001/2972 1590/3002/2973
f 808/899/896 2286/934/931 1571/2452/2441
f 808/899/896 2529/901/898 2286/934/931
f 1239/2113/2106 2287/3059/3029 2639/1504/1498
f 558/916/913 2287/3059/3029 1079/871/868
f 1047/1129/1126 1721/2060/2053 2288/2059/2052
f 1047/1129/1126 2288/2059/2052 556/2625/2608
f 2289/2061/2054 1148/2062/2055 2288/2059/2052
f 2290/2840/2814 1615/1152/1149 1148/2062/2055
f 2289/2061/2054 2290/2840/2814 1148/2062/2055
f 1721/2060/2053 2290/2840/2814 2289/2061/2054
f 27/1595/1589 340/1580/1574 2291/70/70
f 27/1595/1589 3037/1584/1578 353/189/189
f 1143/2849/2823 2292/2518/2506 917/2461/2450
f 2373/2573/2559 764/147/147 2292/2518/2506
f 1844/95/95 2293/91/91 2735/93/93
f 1379/69/69 2293/91/91 1844/95/95
f 415/1777/1771 2294/1803/1797 74/1778/1772
f 2294/1803/1797 1428/1780/1774 74/1778/1772
f 2255/2989/2961 2295/118/118 2005/115/115
f 296/117/117 2005/115/115 2295/118/118
f 2276/609/606 2296/556/553 108/2019/2012
f 2296/556/553 614/2020/2013 108/2019/2012
f 2177/2294/2285 119/660/657 2297/3054/3024
f 2742/3053/3023 119/660/657 1739/659/656
f 2480/3340/3294 1677/571/568 2298/528/525
f 1677/571/568 2638/2430/2419 2298/528/525
f 2886/3391/3333 1391/3250/3211 1525/3295/3251
f 1354/3230/3192 2886/3391/3333 1525/3295/3251
f 2021/2122/2115 2300/1292/1287 1354/3230/3192
f 1354/3230/3192 2300/1292/1287 2886/3391/3333
f 2301/2812/2788 1019/740/737 2652/2987/2959
f 898/2813/2789 2301/2812/2788 1620/2986/2958
f 1528/2324/2315 2302/2326/2317 626/1109/1106
f 2302/2326/2317 1584/2325/2316 626/1109/1106
f 2303/1506/1500 600/2580/2566 1613/2632/2613
f 768/838/835 600/2580/2566 2303/1506/1500
f 1376/467/464 1972/417/414 2304/416/413
f 274/1389/1384 1376/467/464 2527/3243/3205
f 2305/232/232 360/1611/1605 2782/233/233
f 2305/232/232 1523/1592/1586 360/1611/1605
f 2306/1612/1606 3018/1464/1458 1904/354/351
f 2782/233/233 360/1611/1605 2306/1612/1606
f 2307/575/572 624/577/574 2411/2321/2312
f 2307/575/572 529/2780/2756 624/577/574
f 2308/3283/3241 2647/3284/3242 3120/1974/1967
f 2852/1979/1972 2308/3283/3241 514/246/246
f 2309/2697/2676 66/361/358 2662/286/286
f 526/300/300 2309/2697/2676 2662/286/286
f 2147/2459/2448 2310/1257/1254 706/1172/1169
f 2311/2176/2169 2310/1257/1254 2147/2459/2448
f 2311/2176/2169 1227/2972/2944 1007/2973/2945
f 1007/2973/2945 1010/2172/2165 2312/1255/1252
f 1007/2973/2945 2312/1255/1252 2311/2176/2169
f 2311/2176/2169 2312/1255/1252 2310/1257/1254
f 1466/2103/2096 2313/3273/3233 2756/1231/1228
f 1466/2103/2096 1467/3022/2992 2313/3273/3233
f 1795/1823/1817 424/1808/1802 2314/1807/1801
f 1795/1823/1817 2314/1807/1801 417/1786/1780
f 2315/336/333 516/1508/1502 1070/337/334
f 2649/439/436 2315/336/333 3281/1977/1970
f 1166/1388/1383 1550/1346/1341 2316/3131/3100
f 1166/1388/1383 2316/3131/3100 3038/3132/3101
f 206/1074/1071 2317/1896/1890 1020/1050/1047
f 2015/1895/1889 2317/1896/1890 206/1074/1071
f 434/1311/1306 2318/1800/1794 415/1777/1771
f 3293/374/371 426/1799/1793 2318/1800/1794
f 426/1799/1793 438/1822/1816 2319/1785/1779
f 438/1822/1816 421/365/362 2319/1785/1779
f 2320/1555/1549 1418/1552/1546 778/1324/1319
f 1545/3301/3257 2320/1555/1549 778/1324/1319
f 1611/1718/1712 2321/164/164 853/167/167
f 903/2823/2797 2321/164/164 1611/1718/1712
f 17/132/132 813/134/134 2351/3392/3334
f 813/134/134 2349/1376/1371 2351/3392/3334
f 1497/332/331 2323/331/330 1303/1617/1611
f 2323/331/330 2162/3200/3165 1303/1617/1611
f 1855/193/193 2324/3153/3121 1204/194/194
f 2324/3153/3121 2445/2607/2593 1204/194/194
f 2454/2779/2755 1078/2608/2594 2325/2604/2590
f 1078/2608/2594 1544/2605/2591 2325/2604/2590
f 1823/1141/1138 2326/2493/2482 723/1142/1139
f 220/2486/2475 2326/2493/2482 1823/1141/1138
f 2327/2471/2460 705/3087/3057 151/836/833
f 2327/2471/2460 151/836/833 1243/2473/2462
f 2328/691/688 1895/690/687 2514/717/714
f 2328/691/688 135/811/808 150/2458/2447
f 1075/306/306 1364/195/195 3258/3323/3278
f 3258/3323/3278 1364/195/195 2624/197/197
f 1889/228/228 2330/227/227 517/245/245
f 2330/227/227 793/1980/1973 517/245/245
f 2331/3393/2598 1850/907/904 2794/3394/2758
f 2331/3393/2598 167/905/902 1850/907/904
f 2676/1396/1391 848/1395/1390 2332/1055/1052
f 848/1395/1390 1540/1046/1043 2332/1055/1052
f 2333/2022/2015 2274/547/544 2276/609/606
f 1174/2393/2384 2274/547/544 2333/2022/2015
f 2334/1765/1759 830/2688/2667 1068/1947/1940
f 407/1764/1758 830/2688/2667 2334/1765/1759
f 3296/2655/2634 2335/2685/2664 819/2413/2404
f 2335/2685/2664 2675/2684/2663 819/2413/2404
f 2336/2263/2254 1594/2875/2849 1986/2874/2848
f 2336/2263/2254 603/2259/2250 3286/2258/2249
f 2470/2392/2383 2337/1932/1925 333/1521/1515
f 2337/1932/1925 489/1545/1539 333/1521/1515
f 1607/1361/1356 2338/1363/1358 266/1362/1357
f 885/2791/2767 2338/1363/1358 1607/1361/1356
f 2478/1092/1089 619/1094/1091 2339/1435/1429
f 2339/1435/1429 2426/2368/2359 646/2310/2301
f 2340/400/397 1415/2631/456 788/3395/2931
f 2340/400/397 788/3395/2931 286/401/398
f 412/1453/1447 126/625/622 2341/624/621
f 412/1453/1447 2341/624/621 2741/707/704
f 2342/2993/2965 976/270/270 1938/2723/2702
f 2552/2269/2260 1938/2723/2702 606/454/451
f 1410/171/171 2343/1577/1571 358/1575/1569
f 2343/1577/1571 2709/1557/1551 358/1575/1569
f 2344/169/169 34/2788/2764 2128/217/217
f 2344/169/169 26/168/168 34/2788/2764
f 525/3207/3170 2345/2350/2341 1791/2000/1993
f 3023/964/961 2345/2350/2341 525/3207/3170
f 3309/978/975 2346/980/977 2216/1960/1953
f 2346/980/977 503/1950/1943 2216/1960/1953
f 2347/1517/1511 160/858/855 3280/860/857
f 160/858/855 2347/1517/1511 2815/2702/2681
f 903/2823/2797 838/1743/1737 2348/2708/2687
f 2348/2708/2687 838/1743/1737 3179/250/250
f 813/134/134 2122/2680/2659 2349/1376/1371
f 2349/1376/1371 2122/2680/2659 19/39/39
f 2350/30/30 1707/2668/2647 17/132/132
f 2350/30/30 17/132/132 2351/3392/3334
f 2350/30/30 2351/3392/3334 2322/31/31
f 2322/31/31 2351/3392/3334 2349/1376/1371
f 2352/1599/1593 924/2856/2830 3119/607/604
f 2352/1599/1593 1138/3109/3078 924/2856/2830
f 2353/3396/453 2142/3386/3164 1300/2148/2141
f 2857/444/441 1300/2148/2141 1698/2147/2140
f 2354/445/442 1698/2147/2140 835/2152/2145
f 2354/445/442 2857/444/441 1698/2147/2140
f 845/2722/2701 2355/3198/3163 2001/429/426
f 2355/3198/3163 845/2722/2701 2481/3322/3277
f 2356/430/427 1725/2643/2624 2142/3199/3164
f 2356/430/427 2142/3199/3164 83/455/452
f 2357/1858/1852 1738/3397/2795 1766/1265/1262
f 2357/1858/1852 1778/1857/1851 1738/3397/2795
f 2358/1085/1082 2764/2801/2777 889/2800/2776
f 795/1086/1083 2358/1085/1082 889/2800/2776
f 550/2082/2075 2359/910/907 923/2767/2745
f 550/2082/2075 169/908/905 2359/910/907
f 2360/2731/2710 1687/3205/3168 562/735/732
f 2360/2731/2710 852/770/767 1687/3205/3168
f 1391/3250/3211 2361/3398/3212 580/2770/2099
f 2362/1291/1286 3024/3119/3088 2361/3251/3212
f 2362/2772/1286 2361/3398/3212 1391/3250/3211
f 2886/3391/3333 2362/2772/1286 1391/3250/3211
f 1464/3272/3232 2363/2280/2271 1180/2744/2723
f 2363/2280/2271 1181/2278/2269 1180/2744/2723
f 1510/906/903 1146/3291/3249 2364/3118/3087
f 1146/3291/3249 2679/834/831 3288/2275/2266
f 2365/1372/1367 268/230/230 42/240/240
f 2365/1372/1367 42/240/240 273/247/247
f 2366/1296/1291 871/2769/2747 609/2771/2748
f 2124/2807/2783 2366/1296/1291 609/2771/2748
f 2367/231/231 664/249/249 649/2371/2362
f 2367/231/231 649/2371/2362 3156/1834/1828
f 1726/2916/2889 2368/2915/2888 149/835/832
f 2206/833/830 149/835/832 2556/814/811
f 892/2282/2273 2369/3276/2101 915/2277/2268
f 580/2770/2099 2369/3276/2101 892/2282/2273
f 2370/1702/1696 2372/1704/1698 390/709/706
f 2466/1671/1665 2370/1702/1696 390/709/706
f 2371/248/248 273/247/247 255/275/275
f 2668/1384/1379 255/275/275 2261/1497/1491
f 3151/712/709 2372/1704/1698 1113/1677/1671
f 390/709/706 2372/1704/1698 131/710/707
f 20/2574/2560 2373/2573/2559 1143/2849/2823
f 1143/2849/2823 2373/2573/2559 2292/2518/2506
f 486/3377/3326 587/663/660 2374/1549/1543
f 1919/1533/1527 486/3377/3326 2374/1549/1543
f 1284/201/201 2375/3187/3153 1854/202/202
f 1587/1419/1413 2375/3187/3153 1284/201/201
f 668/1350/1345 549/713/710 2376/1322/1317
f 668/1350/1345 2376/1322/1317 1192/1321/1316
f 1802/893/890 2377/3043/3013 1397/894/891
f 1802/893/890 1066/2162/2155 2377/3043/3013
f 155/851/848 1125/3098/3068 2378/1849/1843
f 155/851/848 2378/1849/1843 1639/2054/2047
f 2379/3045/3015 163/850/847 2377/3043/3013
f 2381/889/886 2053/1771/1765 163/850/847
f 413/888/885 2380/1798/1792 2053/1771/1765
f 430/1796/1790 2380/1798/1792 413/888/885
f 2381/889/886 163/850/847 2379/3045/3015
f 2250/887/884 2381/889/886 2379/3045/3015
f 1294/211/211 2382/185/185 1742/204/204
f 1294/211/211 41/210/210 2382/185/185
f 2383/2370/2361 634/1645/1639 2112/2369/2360
f 2383/2370/2361 1004/1644/1638 634/1645/1639
f 254/1323/1318 2384/1317/1312 1929/283/283
f 2384/1317/1312 2598/3186/3152 1929/283/283
f 2385/1316/1311 251/1313/1308 2384/1317/1312
f 1042/3019/2989 251/1313/1308 2385/1316/1311
f 2389/1495/1489 2386/2015/2008 1085/1496/1490
f 315/1160/1157 2265/1489/1483 2387/1194/1191
f 2387/1194/1191 531/2016/2009 2386/2015/2008
f 2387/1194/1191 2386/2015/2008 315/1160/1157
f 202/2167/2160 2388/1100/1097 1183/1487/1481
f 1183/1487/1481 2388/1100/1097 207/1488/1482
f 315/1160/1157 2389/1495/1489 492/1207/1204
f 2386/2015/2008 2389/1495/1489 315/1160/1157
f 65/1472/1466 2390/363/360 302/1470/1464
f 518/1992/1985 2734/345/342 65/1472/1466
f 2391/1159/1156 316/1154/1151 1252/1153/1150
f 3158/2529/2517 1252/1153/1150 310/1113/1110
f 2828/1967/1960 2392/1969/1962 1661/2977/2949
f 1661/2977/2949 2392/1969/1962 755/2551/2537
f 352/68/68 2393/1593/1587 10/76/76
f 1668/3337/3291 2393/1593/1587 352/68/68
f 2394/242/242 1374/241/241 3276/3399/3335
f 2395/1712/1706 1942/1713/1707 3068/209/209
f 3276/3399/3335 2395/1712/1706 2394/242/242
f 3130/2662/2641 2395/1712/1706 3276/3399/3335
f 2258/2288/2279 3189/3170/3137 1800/3168/3135
f 1800/3168/3135 3189/3170/3137 611/2287/2278
f 2397/2407/2398 1276/3181/3147 2975/3182/3148
f 2397/2407/2398 2340/400/397 1276/3181/3147
f 2733/1556/1550 1368/1829/1823 2398/1827/1821
f 2398/1827/1821 2399/1553/1547 1418/1552/1546
f 1368/1829/1823 2399/1553/1547 2398/1827/1821
f 1368/1829/1823 1812/1391/1386 2399/1553/1547
f 1962/1692/1686 121/682/679 2400/681/678
f 382/1678/1672 1962/1692/1686 2400/681/678
f 2271/3015/2985 2401/2670/2649 1707/2668/2647
f 1707/2668/2647 2401/2670/2649 1793/2671/2650
f 553/341/338 1389/340/337 2402/2450/2439
f 2509/390/387 553/341/338 2918/2664/2643
f 2403/2676/2655 2068/3192/3157 1902/2480/2469
f 1941/935/932 2068/3192/3157 2403/2676/2655
f 1350/706/703 2404/614/611 1169/822/819
f 1899/3375/3324 1169/822/819 2404/614/611
f 2405/199/199 776/1904/1897 1942/1713/1707
f 3304/2597/2583 776/1904/1897 2405/199/199
f 746/1203/1200 2406/2747/2726 226/1204/1201
f 2406/2747/2726 746/1203/1200 745/1192/1189
f 2407/2886/2860 700/989/986 961/2564/2550
f 700/989/986 2407/2886/2860 2864/987/984
f 2276/609/606 2408/546/543 97/554/551
f 2408/546/543 1222/3161/3129 97/554/551
f 2409/2603/2589 1717/1325/1320 1330/3216/3179
f 2409/2603/2589 1330/3216/3179 1340/265/265
f 763/447/444 2410/412/409 1218/2834/2808
f 2843/446/443 2410/412/409 763/447/444
f 2110/2226/2218 2411/2321/2312 1704/2227/2219
f 2110/2226/2218 620/2320/2311 2411/2321/2312
f 1035/3010/2980 1214/2924/2897 2412/422/419
f 1035/3009/2980 2412/2427/419 2504/2429/2418
f 2413/2433/2422 1214/2924/2897 3332/2131/2124
f 2412/422/419 1214/2924/2897 2413/2433/2422
f 385/1691/1685 1479/1673/1667 2414/3146/3114
f 1479/1673/1667 2140/1672/1666 2749/597/594
f 1067/75/75 2415/85/85 3081/3329/3283
f 20/2574/2560 2415/85/85 1067/75/75
f 1372/272/272 2416/2666/2645 1373/273/273
f 1372/272/272 598/212/212 2959/2248/2239
f 2067/2237/2229 128/2985/2957 2417/718/715
f 2067/2237/2229 2417/718/715 1562/2238/2230
f 2418/574/571 529/2780/2756 2307/575/572
f 1678/572/569 529/2780/2756 2418/574/571
f 1043/1729/1723 2419/1730/1724 37/214/214
f 2972/1728/1722 2419/1730/1724 1043/1729/1723
f 2420/1020/1017 1402/2862/2836 3140/2479/2468
f 3206/3255/3216 2420/1020/1017 597/1019/1016
f 138/745/742 2421/3373/3322 1053/3028/2998
f 2976/779/776 2977/3400/3336 2421/3373/3322
f 2422/2516/2504 1243/2473/2462 2822/2922/2895
f 2421/3373/3322 2977/3400/3336 1053/3028/2998
f 2423/781/778 2327/2471/2460 2422/2516/2504
f 2977/3400/3336 2422/2516/2504 1053/3028/2998
f 3249/741/738 2117/743/740 2424/777/774
f 3249/741/738 2424/777/774 713/776/773
f 304/1348/1343 3229/1310/1305 2425/1349/1344
f 250/1309/1304 304/1348/1343 2425/1349/1344
f 619/1094/1091 2922/3332/3286 2426/2368/2359
f 619/1094/1091 2426/2368/2359 2339/1435/1429
f 1637/567/564 2427/2201/2193 1957/2198/2190
f 717/566/563 2427/2201/2193 1637/567/564
f 2273/1637/1631 2428/1630/1624 368/1062/1059
f 2273/1637/1631 377/1639/1633 2428/1630/1624
f 2429/2363/2354 505/2364/2355 643/2344/2335
f 2754/2343/2334 2429/2363/2354 643/2344/2335
f 1424/2798/2774 1425/2797/2773 2430/2949/2922
f 983/2948/2921 1424/2798/2774 2430/2949/2922
f 456/602/599 743/1598/1592 2431/603/600
f 2431/603/600 743/1598/1592 2432/1600/1594
f 916/604/601 2432/1600/1594 2969/2847/2821
f 2431/603/600 2432/1600/1594 916/604/601
f 1127/3100/3070 2433/3021/2991 120/1998/1991
f 2159/1441/1435 2614/1440/1434 1127/3100/3070
f 275/2658/2637 443/1333/1328 2434/1332/1327
f 338/1392/1387 3071/2414/2405 2434/1332/1327
f 2435/1606/1600 1362/172/172 1852/1574/1568
f 883/170/170 1362/172/172 2435/1606/1600
f 662/1926/1919 2436/1406/1401 1587/1419/1413
f 2674/180/180 1185/1429/1423 2436/1406/1401
f 2437/1668/1662 1835/588/585 2008/3007/2978
f 2437/1668/1662 2728/589/586 1835/588/585
f 2900/2088/2081 1003/2964/2936 2438/615/612
f 2438/615/612 2664/2443/2432 3057/2444/2433
f 2439/1640/1634 189/1011/1008 2987/1010/1007
f 3008/1631/1625 2439/1640/1634 191/1663/1657
f 719/552/549 2440/2487/2476 3254/2495/2484
f 728/551/548 2440/2487/2476 719/552/549
f 2441/2494/2483 2145/521/518 725/523/520
f 2441/2494/2483 724/515/512 2145/521/518
f 1740/2622/2605 713/776/773 2442/816/813
f 1743/815/812 1740/2622/2605 2442/816/813
f 2443/89/89 12/2590/2576 2205/90/90
f 3081/3329/3283 12/2590/2576 2443/89/89
f 2444/2449/2438 70/2938/2911 702/473/470
f 1389/340/337 70/2938/2911 2444/2449/2438
f 2445/2607/2593 1545/3301/3257 1544/2605/2591
f 794/2606/2592 1545/3301/3257 2445/2607/2593
f 2446/2186/2178 1653/2187/2179 1676/1093/1090
f 2446/2186/2178 3078/3368/3317 1653/2187/2179
f 2448/2245/2236 2447/2539/2527 1134/1145/1142
f 2983/1146/1143 1134/1145/1142 2447/2539/2527
f 867/3107/2736 2448/2245/2236 1868/2244/948
f 867/3107/2736 2447/2539/2527 2448/2245/2236
f 118/3083/3053 2449/649/646 1899/3375/3324
f 2464/774/771 2449/649/646 593/772/769
f 2450/2235/2227 1476/3278/3236 593/772/769
f 2449/649/646 2450/2235/2227 593/772/769
f 2451/2174/2167 573/1252/1249 2312/1255/1252
f 2451/2174/2167 757/1253/1250 573/1252/1249
f 3005/1562/1556 347/67/67 2452/71/71
f 2452/71/71 347/67/67 11/72/72
f 2453/3018/2988 1810/1157/1154 229/1156/1153
f 2453/3018/2988 229/1156/1153 1842/1186/1183
f 2454/2779/2755 2325/2604/2590 2134/2979/2951
f 2454/2779/2755 2134/2979/2951 528/2008/2001
f 2455/2594/2580 2454/2779/2755 528/2008/2001
f 2455/2594/2580 528/2008/2001 28/158/158
f 2165/3136/3105 2456/424/421 69/3137/3106
f 2456/424/421 2758/423/420 69/3137/3106
f 1011/1250/1247 1959/2970/2942 2457/2405/2396
f 2457/2405/2396 1959/2970/2942 1009/2971/2943
f 2739/1150/1147 2458/2709/2688 208/1103/1100
f 1539/1016/1013 208/1103/1100 2458/2709/2688
f 2728/589/586 2459/1686/1680 3198/590/587
f 386/1698/1692 3088/3306/3261 2459/1686/1680
f 2460/591/588 383/1682/1676 104/1681/1675
f 1935/1697/1691 2460/591/588 3302/3305/3260
f 1477/912/909 2461/3279/3237 3101/3060/3030
f 1477/912/909 1032/2936/2909 2461/3279/3237
f 2462/362/359 2180/434/431 749/2535/2523
f 749/2535/2523 1914/2536/2524 2594/395/392
f 870/2768/2746 2463/909/906 1862/2169/2162
f 2463/909/906 3288/2275/2266 1862/2169/2162
f 1169/822/819 1899/3375/3324 2464/774/771
f 1899/3375/3324 2449/649/646 2464/774/771
f 2186/2700/2679 2465/3265/3225 592/797/794
f 1437/828/825 2465/3265/3225 2186/2700/2679
f 2108/3246/3208 2466/1671/1665 683/2080/2073
f 2466/1671/1665 390/709/706 683/2080/2073
f 733/640/637 2467/2506/2494 91/641/638
f 2803/853/850 2467/2506/2494 733/640/637
f 2052/1794/1788 2468/3277/3235 145/1851/1845
f 2468/3277/3235 1573/1825/1819 145/1851/1845
f 1530/2163/2156 2469/930/927 2842/3296/3252
f 1530/2163/2156 1066/2162/2155 2469/930/927
f 2470/2392/2383 333/1521/1515 1757/847/844
f 2138/2391/2382 2470/2392/2383 1757/847/844
f 2871/1848/1842 2471/1846/1840 89/1845/1839
f 3247/543/540 2471/1846/1840 2871/1848/1842
f 2896/2681/2660 2472/3159/3127 930/399/396
f 1280/284/284 930/399/396 2472/3159/3127
f 2473/1987/1980 64/338/335 1070/337/334
f 1600/288/288 2473/1987/1980 1070/337/334
f 1438/827/824 2474/829/826 1205/879/876
f 2474/829/826 738/2920/2893 1205/879/876
f 1836/2403/2394 2475/584/581 1922/3369/3318
f 631/582/579 2475/584/581 1836/2403/2394
f 3241/3247/3209 2476/3095/3065 203/1076/1073
f 2476/3095/3065 1554/1398/1393 203/1076/1073
f 1406/45/45 2102/1747/1741 2477/51/51
f 2477/51/51 2102/1747/1741 394/52/52
f 193/2304/2295 1676/1093/1090 2478/1092/1089
f 193/2304/2295 2478/1092/1089 1403/1436/1430
f 2479/2453/2442 2286/934/931 1031/2481/2470
f 1098/3003/2974 2479/2453/2442 3208/3004/2975
f 2480/3340/3294 1756/530/527 529/2780/2756
f 2480/3340/3294 2298/528/525 1756/530/527
f 1601/2940/2913 2355/3198/3163 2481/3322/3277
f 1601/2940/2913 2481/3322/3277 976/270/270
f 2482/2523/2511 3216/2522/2510 742/736/733
f 742/736/733 562/735/732 2482/2523/2511
f 722/1124/1121 1875/2483/2472 2483/1108/1105
f 722/1124/1121 2483/1108/1105 2826/1125/1122
f 2484/2628/2611 2523/2456/2445 950/2891/2865
f 2484/2628/2611 950/2891/2865 787/1229/1226
f 748/3222/3185 2146/728/725 2485/785/782
f 748/3222/3185 2485/785/782 1133/3220/3183
f 94/535/532 1444/2057/2050 2486/3147/3115
f 94/535/532 2486/3147/3115 3105/3110/3079
f 893/2806/2782 1448/2968/2940 2487/2404/2395
f 1448/2968/2940 2932/2863/2837 2487/2404/2395
f 2488/3172/3139 2156/2044/2037 538/2309/2300
f 1680/2042/2035 2488/3172/3139 538/2309/2300
f 2566/1364/1359 204/2353/2344 2489/2351/2342
f 204/2353/2344 2155/1060/1057 2489/2351/2342
f 2490/1444/1438 153/3387/3329 1585/1442/1436
f 2231/3263/3223 153/3387/3329 2490/1444/1438
f 1434/2880/2854 943/156/156 2491/2102/2095
f 943/156/156 773/2593/2579 2491/2102/2095
f 2492/2858/2832 926/1941/1934 865/2860/2834
f 2187/2752/2731 2492/2858/2832 2493/992/989
f 2014/993/990 2493/992/989 865/2860/2834
f 2493/992/989 2492/2858/2832 865/2860/2834
f 563/427/424 2494/426/423 769/485/482
f 2494/426/423 1316/2585/2571 3074/2470/2459
f 38/1717/1711 1281/216/216 2495/1719/1713
f 2495/1719/1713 853/167/167 38/1717/1711
f 622/939/936 2496/2575/2561 175/940/937
f 3066/3148/3116 1197/931/928 175/940/937
f 2497/3149/3117 3066/3148/3116 765/715/712
f 2497/3149/3117 765/715/712 1686/593/590
f 2498/1919/1912 2927/1921/1914 478/119/119
f 3169/1618/1612 478/119/119 2295/118/118
f 2499/1751/1745 1617/1770/1764 2741/707/704
f 2928/1750/1744 1617/1770/1764 2499/1751/1745
f 478/119/119 2500/1457/1451 1693/1917/1910
f 886/1456/1450 1693/1917/1910 2500/1457/1451
f 854/1227/1224 862/1246/1243 2887/3370/3319
f 854/1227/1224 2887/3370/3319 1592/1228/1225
f 2502/2736/2715 1168/1247/1244 862/1246/1243
f 2502/2736/2715 862/1246/1243 854/1227/1224
f 740/2215/2207 2503/3344/3298 1699/65/65
f 740/2215/2207 583/2571/2557 3326/2572/2558
f 959/2426/2417 2504/2429/2418 2190/2905/2878
f 959/2426/2417 1035/3009/2980 2504/2429/2418
f 1012/2974/2946 1768/1134/1131 2505/2323/2314
f 2505/2323/2314 1768/1134/1131 210/1136/1133
f 1431/2795/2771 2506/2792/2768 2002/2799/2775
f 2002/2799/2775 2506/2792/2768 1425/2797/2773
f 918/2803/2779 2507/3023/2993 219/2257/2248
f 2507/3023/2993 1467/3022/2992 219/2257/2248
f 2508/2069/2062 2619/807/804 1888/806/803
f 818/2683/2662 2508/2069/2062 1888/806/803
f 2509/390/387 2918/2664/2643 710/2467/2456
f 2557/3215/3178 2509/390/387 710/2467/2456
f 1921/2484/2473 2964/1191/1188 2510/3033/3003
f 1921/2484/2473 2510/3033/3003 1551/2485/2474
f 2798/2794/2770 2511/1048/1045 969/2796/2772
f 969/2796/2772 2511/1048/1045 1979/1047/1044
f 2513/3117/3086 1165/1461/1455 2512/3116/3085
f 3253/358/355 1671/1609/1603 2512/3116/3085
f 359/1608/1602 2513/3117/3086 1671/1609/1603
f 2513/3117/3086 2512/3116/3085 1671/1609/1603
f 2328/691/688 2514/717/714 135/811/808
f 2514/717/714 2956/1519/1513 135/811/808
f 2515/203/203 1854/202/202 270/1377/1372
f 2515/203/203 270/1377/1372 1656/1381/1376
f 1392/872/869 2516/3130/3099 1164/1536/1530
f 2516/3130/3099 2682/1537/1531 1164/1536/1530
f 1371/631/628 2517/1469/1463 2232/1445/1439
f 1371/631/628 408/3240/3202 2517/1469/1463
f 335/2072/2065 2279/1912/1905 2518/2225/2217
f 2518/2225/2217 2284/666/663 335/2072/2065
f 977/287/287 2519/2695/2674 882/418/415
f 834/2696/2675 2519/2695/2674 977/287/287
f 1002/873/870 2520/2332/2323 628/2331/2322
f 1392/872/869 2520/2332/2323 1002/873/870
f 2521/1871/1865 851/2730/2709 3009/2733/2712
f 2521/1871/1865 2431/603/600 851/2730/2709
f 2739/1150/1147 2522/1116/1113 1324/1491/1485
f 1324/1491/1485 2522/1116/1113 311/1490/1484
f 2163/2967/2939 533/2025/2018 2523/2456/2445
f 2523/2456/2445 533/2025/2018 1011/1250/1247
f 971/2144/2137 777/2599/2585 2524/2602/2588
f 1976/2296/2287 2524/2602/2588 777/2599/2585
f 3075/2547/2533 2042/3256/3217 2525/2945/2918
f 753/2546/2532 2525/2945/2918 2042/3256/3217
f 101/3196/3161 1076/560/557 2526/2837/2811
f 3032/3056/3026 1076/560/557 110/612/609
f 2527/3243/3205 2304/416/413 882/418/415
f 2527/3243/3205 1376/467/464 2304/416/413
f 2528/49/49 697/2216/2208 1603/2438/2427
f 1065/48/48 697/2216/2208 2528/49/49
f 2529/901/898 547/2052/2045 2809/3366/3315
f 541/900/897 547/2052/2045 2529/901/898
f 2530/2647/2628 1896/2646/2627 1561/2212/2204
f 796/2645/2626 2530/2647/2628 1561/2212/2204
f 2531/2039/2032 3047/3342/3296 199/3194/3159
f 2531/2039/2032 199/3194/3159 1296/1056/1053
f 2532/2239/2231 266/1362/1357 1255/1105/1102
f 594/1131/1128 2532/2239/2231 1255/1105/1102
f 1462/1763/1757 2533/1468/1462 830/2688/2667
f 300/1467/1461 2533/1468/1462 1462/1763/1757
f 2534/2424/2415 959/2426/2417 604/2904/2877
f 1820/949/946 2534/2424/2415 604/2904/2877
f 13/96/96 2535/98/98 1666/2422/2413
f 2535/98/98 849/102/102 1666/2422/2413
f 2047/2233/2225 2536/2178/2171 3150/150/150
f 2047/2233/2225 1830/2180/2173 2536/2178/2171
f 1644/139/139 2537/138/138 441/2640/2621
f 2768/137/137 799/2639/2620 441/2640/2621
f 2538/2881/2855 569/2927/2900 1598/2158/2151
f 2538/2881/2855 2491/2102/2095 2725/157/157
f 2539/278/278 3234/2991/2963 400/2990/2962
f 1915/276/276 2539/278/278 400/2990/2962
f 815/1401/1396 2540/2673/2652 1710/1422/1416
f 2540/2673/2652 1105/2674/2653 1710/1422/1416
f 2541/1473/1467 302/1470/1464 821/388/385
f 515/387/384 2541/1473/1467 821/388/385
f 2542/3008/2979 2354/445/442 835/2152/2145
f 2542/3008/2979 835/2152/2145 1578/2295/2286
f 2543/1371/1366 1155/1080/1077 2566/1364/1359
f 2563/1370/1365 1155/1080/1077 2543/1371/1366
f 2544/1985/1978 520/343/340 518/1992/1985
f 2544/1985/1978 518/1992/1985 2545/1471/1465
f 523/1981/1974 2545/1471/1465 2541/1473/1467
f 523/1981/1974 2544/1985/1978 2545/1471/1465
f 2546/2095/2088 3263/3091/3061 602/2096/2089
f 2918/2664/2643 3263/3091/3061 2546/2095/2088
f 885/2791/2767 951/2892/2866 2547/2894/2868
f 885/2791/2767 2547/2894/2868 1843/1369/1364
f 2548/1365/1360 637/2041/2034 2182/2040/2033
f 266/1362/1357 2548/1365/1360 2182/2040/2033
f 2549/1647/1641 2239/1656/1650 475/1658/1652
f 2549/1647/1641 475/1658/1652 477/1659/1653
f 2179/1526/1520 2766/1826/1820 2550/824/821
f 2179/1526/1520 2550/824/821 154/1528/1522
f 671/2045/2038 2997/2386/2377 920/2043/2036
f 671/2045/2038 2567/1059/1056 2997/2386/2377
f 2342/2993/2965 1938/2723/2702 2552/2269/2260
f 2342/2993/2965 2552/2269/2260 1024/2270/2261
f 225/3085/3055 1110/2941/2914 2553/1189/1186
f 2553/1189/1186 1110/2941/2914 759/1190/1187
f 1521/2272/2263 2554/443/440 2354/445/442
f 3232/2271/2262 2554/443/440 1521/2272/2263
f 173/1817/1811 2555/924/921 1760/2866/2840
f 173/1817/1811 329/1818/1812 2555/924/921
f 2368/2915/2888 1950/2914/2887 2556/814/811
f 149/835/832 2368/2915/2888 2556/814/811
f 804/200/200 1326/2661/2640 2557/3215/3178
f 1326/2661/2640 2509/390/387 2557/3215/3178
f 523/1981/1974 2558/1982/1975 2544/1985/1978
f 3262/1989/1982 2558/1982/1975 523/1981/1974
f 2559/2204/2196 978/2557/2543 1318/3086/3056
f 3028/2205/2197 2559/2204/2196 2854/2942/2915
f 2560/891/888 1123/3357/3306 2252/2241/2233
f 1760/2866/2840 1123/3357/3306 2840/3356/3305
f 1304/2165/2158 2561/3044/3014 1066/2162/2155
f 1765/925/922 2561/3044/3014 1304/2165/2158
f 2562/3371/3320 519/1983/1976 522/1984/1977
f 509/1963/1956 2562/3371/3320 522/1984/1977
f 952/2893/2867 3163/3363/3312 2563/1370/1365
f 2563/1370/1365 3163/3363/3312 1155/1080/1077
f 276/1354/1349 2564/2401/2392 2242/490/487
f 2242/490/487 2564/2401/2392 86/491/488
f 2696/3352/3302 2565/2610/2596 999/178/178
f 53/3401/2595 780/235/235 2565/2610/2596
f 2548/1365/1360 2566/1364/1359 637/2041/2034
f 2566/1364/1359 2489/2351/2342 637/2041/2034
f 2567/1059/1056 372/1916/1909 2997/2386/2377
f 2567/1059/1056 2549/1647/1641 372/1916/1909
f 2737/3120/3089 767/1237/1234 2568/1238/1235
f 767/1237/1234 901/1239/1236 2568/1238/1235
f 3029/2818/2794 467/3178/3144 2569/1263/1260
f 467/3178/3144 234/2537/2525 2569/1263/1260
f 2570/2737/2716 1171/3134/3103 856/2229/2221
f 855/2738/2717 2570/2737/2716 2571/2739/2718
f 2570/2737/2716 856/2229/2221 2571/2739/2718
f 2571/2739/2718 856/2229/2221 2986/3173/3140
f 2572/2003/1996 1213/2805/2781 82/474/471
f 2572/2003/1996 891/356/353 1213/2805/2781
f 159/1909/1902 2573/960/957 2866/3208/3171
f 185/1434/1428 2573/960/957 159/1909/1902
f 2574/958/955 646/2310/2301 291/967/964
f 2574/958/955 291/967/964 1848/959/956
f 1115/432/429 2575/3089/3059 1427/1761/1755
f 1427/1761/1755 2575/3089/3059 406/1759/1753
f 2576/3071/3041 2129/2460/2449 21/2464/2453
f 917/2461/2450 2129/2460/2449 2576/3071/3041
f 981/2705/2684 837/468/465 2577/1515/1509
f 981/2705/2684 2577/1515/1509 2593/1514/1508
f 2578/1516/1510 837/468/465 1211/470/467
f 2578/1516/1510 1211/470/467 2154/481/478
f 582/2719/2698 92/2644/2625 2579/2720/2699
f 1725/2643/2624 2579/2720/2699 92/2644/2625
f 2580/1971/1964 58/2501/2490 1050/2500/2489
f 2580/1971/1964 1050/2500/2489 1059/1972/1965
f 2581/2502/2491 2582/301/301 3106/3365/3314
f 2581/2502/2491 1273/285/285 701/2946/2919
f 58/2501/2490 513/302/302 2582/301/301
f 2581/2502/2491 58/2501/2490 2582/301/301
f 1656/1381/1376 270/1377/1372 2583/1833/1827
f 1656/1381/1376 2583/1833/1827 2917/1378/1373
f 1218/2834/2808 3277/2833/2807 2584/2568/2554
f 763/447/444 1218/2834/2808 2584/2568/2554
f 423/1483/1477 2585/1805/1799 435/1813/1807
f 435/1813/1807 2585/1805/1799 426/1799/1793
f 1892/2637/2618 2586/3125/3094 320/1148/1145
f 320/1148/1145 2586/3125/3094 1157/3126/3095
f 1325/3214/3177 2587/47/47 2528/49/49
f 2090/1565/1559 2587/47/47 1325/3214/3177
f 2588/3206/3169 958/2903/2876 1313/2138/2131
f 1750/621/618 2588/3206/3169 3270/622/619
f 2589/2348/2339 636/764/761 2590/3271/3231
f 2957/2347/2338 2589/2348/2339 501/1953/1946
f 2714/1432/1426 2590/3271/3231 1459/966/963
f 2589/2348/2339 2590/3271/3231 501/1953/1946
f 693/3402/2416 2591/2129/2122 1035/3010/2980
f 1868/2244/948 3139/2617/2600 693/3402/2416
f 2592/555/552 1985/550/547 326/2298/2289
f 2592/555/552 326/2298/2289 614/2020/2013
f 3271/2824/2798 2593/1514/1508 1375/3047/3017
f 1375/3047/3017 2593/1514/1508 2578/1516/1510
f 2594/395/392 75/360/357 2462/362/359
f 2594/395/392 2462/362/359 749/2535/2523
f 2595/5/5 1784/1402/1397 815/1401/1396
f 732/2505/2493 1784/1402/1397 2595/5/5
f 2597/1578/1572 2596/1591/1585 346/1459/1453
f 351/1579/1573 2596/1591/1585 1682/3341/3295
f 2597/1578/1572 2513/3117/3086 1682/3341/3295
f 2596/1591/1585 2597/1578/1572 1682/3341/3295
f 2598/3186/3152 251/1313/1308 67/1303/1298
f 2599/397/394 67/1303/1298 1790/1305/1300
f 930/399/396 2598/3186/3152 2599/397/394
f 2598/3186/3152 67/1303/1298 2599/397/394
f 2600/2765/2743 1172/3378/3327 869/2763/2741
f 1894/2764/2742 3148/3145/3113 2600/2765/2743
f 192/1018/1015 2601/1025/1022 1539/1016/1013
f 2601/1025/1022 192/1018/1015 2925/2520/2508
f 2602/2419/2410 1049/3025/2995 1048/107/107
f 2727/105/105 2602/2419/2410 1048/107/107
f 2603/3321/3276 1602/290/290 2355/3198/3163
f 2201/3320/3275 1602/290/290 2603/3321/3276
f 2506/2792/2768 2604/1939/1932 1689/1954/1947
f 2604/1939/1932 1940/1955/1948 1689/1954/1947
f 1805/526/523 2605/558/555 101/3196/3161
f 1811/524/521 2605/558/555 1805/526/523
f 1585/1442/1436 153/3387/3329 3046/3314/3269
f 3046/3314/3269 293/1767/1761 1585/1442/1436
f 1321/948/945 2990/946/943 2607/2399/2390
f 1321/948/945 2607/2399/2390 2230/3211/3174
f 2608/2365/2356 1013/2367/2358 644/1071/1068
f 1758/3165/3133 2608/2365/2356 644/1071/1068
f 613/2774/2750 2609/2292/2283 1057/581/578
f 613/2774/2750 3002/2777/2753 2609/2292/2283
f 483/121/121 2610/161/161 1863/3082/3052
f 483/121/121 662/1926/1919 3049/1927/1920
f 123/699/696 2611/3218/3181 2703/700/697
f 1094/645/642 2612/647/644 3303/698/695
f 2612/647/644 1439/606/603 2611/3218/3181
f 3303/698/695 2612/647/644 2611/3218/3181
f 2613/1727/1721 1742/204/204 2972/1728/1722
f 1742/204/204 2613/1727/1721 1831/2246/2237
f 1127/3100/3070 2614/1440/1434 2433/3021/2991
f 2614/1440/1434 1045/357/354 2433/3021/2991
f 824/323/322 2615/1831/1825 3228/1830/1824
f 1248/322/321 2615/1831/1825 824/323/322
f 1329/2534/2522 936/165/165 2616/2870/2844
f 2616/2870/2844 936/165/165 2962/215/215
f 2114/2311/2302 1452/1433/1427 2617/965/962
f 1452/1433/1427 1459/966/963 2617/965/962
f 1643/1576/1570 1341/1594/1588 2618/1558/1552
f 1341/1594/1588 3310/1559/1553 2618/1558/1552
f 2099/2068/2061 548/2078/2071 2619/807/804
f 2508/2069/2062 2099/2068/2061 2619/807/804
f 2620/3260/3220 2721/3403/3337 1422/1382/1377
f 1039/3013/2983 3109/127/127 280/3014/2984
f 1142/128/128 2621/3113/3082 2773/3404/3338
f 2620/3260/3220 2621/3113/3082 1142/128/128
f 2622/1931/1924 256/1930/1923 735/413/410
f 3022/2512/2500 735/413/410 2599/397/394
f 1014/1788/1782 1060/3248/2950 2623/2975/2947
f 1060/3248/2950 3330/3384/3009 2623/2975/2947
f 968/2925/2898 1991/2926/2899 2624/197/197
f 2624/197/197 1991/2926/2899 3258/3323/3278
f 2625/2301/2292 1518/2302/2293 505/2364/2355
f 616/1063/1060 2625/2301/2292 505/2364/2355
f 200/1061/1058 616/1063/1060 2626/1860/1854
f 2429/2363/2354 2626/1860/1854 616/1063/1060
f 2139/2053/2046 2627/2565/2551 156/2074/2067
f 3085/3330/3284 2627/2565/2551 2139/2053/2046
f 1606/3235/3197 3258/3323/3278 2628/2928/2901
f 24/159/159 1606/3235/3197 2628/2928/2901
f 2629/2472/2461 2227/2713/2692 1580/2714/2693
f 2629/2472/2461 841/867/864 2227/2713/2692
f 2630/251/251 1281/216/216 1414/3259/3219
f 2630/251/251 1414/3259/3219 1730/370/367
f 2631/1336/1331 1803/3079/3049 3170/3361/3310
f 1096/761/758 1803/3079/3049 2631/1336/1331
f 610/942/939 2632/3102/3072 177/943/940
f 2632/3102/3072 1555/2133/2126 2633/3188/3154
f 177/943/940 2633/3188/3154 1877/3122/3091
f 177/943/940 2632/3102/3072 2633/3188/3154
f 2634/513/510 724/515/512 446/540/537
f 2635/1840/1834 446/540/537 449/541/538
f 2635/1840/1834 2634/513/510 446/540/537
f 2635/1840/1834 1834/510/507 2634/513/510
f 787/1229/1226 950/2891/2865 2636/2629/2612
f 787/1229/1226 2636/2629/2612 3063/2906/2879
f 1795/1823/1817 2637/1810/1804 424/1808/1802
f 1795/1823/1817 432/349/346 2637/1810/1804
f 2638/2430/2419 694/2944/2917 2298/528/525
f 2638/2430/2419 3107/2943/2916 694/2944/2917
f 2639/1504/1498 558/916/913 2935/1505/1499
f 2639/1504/1498 2287/3059/3029 558/916/913
f 1857/484/481 176/2265/2256 2640/2267/2258
f 1857/484/481 2640/2267/2258 563/427/424
f 1476/3278/3236 2641/2830/2804 908/773/770
f 3340/2286/2277 610/942/939 2641/2830/2804
f 817/2669/2648 1707/2668/2647 2642/3088/3058
f 1708/23/23 817/2669/2648 2642/3088/3058
f 182/2716/2695 2643/2446/2435 3045/2445/2434
f 182/2716/2695 1604/984/981 2643/2446/2435
f 2644/2308/2299 205/2307/2298 1016/1081/1078
f 1241/1106/1103 2644/2308/2299 1016/1081/1078
f 2645/956/953 1163/973/970 2646/997/994
f 2645/956/953 1552/974/971 1163/973/970
f 2646/997/994 1572/999/996 187/3309/3264
f 187/3309/3264 2645/956/953 2646/997/994
f 1524/344/341 3120/1974/1967 2647/3284/3242
f 2647/3284/3242 1796/3294/3250 1524/344/341
f 1074/744/741 711/746/743 2648/2234/2226
f 2742/3053/3023 1074/744/741 2648/2234/2226
f 2649/439/436 322/438/435 516/1508/1502
f 2649/439/436 516/1508/1502 2315/336/333
f 2650/2488/2477 1246/522/519 2145/521/518
f 2650/2488/2477 2697/2592/2578 1246/522/519
f 1577/3094/3064 459/3311/3266 2651/1397/1392
f 1554/1398/1393 1577/3094/3064 2651/1397/1392
f 1620/2986/2958 2652/2987/2959 1018/2984/2956
f 2301/2812/2788 2652/2987/2959 1620/2986/2958
f 2137/2357/2348 1755/2291/2282 2653/2726/2705
f 1413/653/650 2654/2951/2924 1755/2291/2282
f 2654/2951/2924 847/2950/2923 2653/2726/2705
f 1755/2291/2282 2654/2951/2924 2653/2726/2705
f 2655/162/162 1100/1418/1412 2515/203/203
f 2655/162/162 2610/161/161 1100/1418/1412
f 2656/1547/1541 2374/1549/1543 332/748/745
f 334/747/744 2656/1547/1541 332/748/745
f 2657/1068/1065 2754/2343/2334 2043/2345/2336
f 2043/2345/2336 2383/2370/2361 2657/1068/1065
f 1169/822/819 2658/2693/2672 1170/823/820
f 1170/823/820 2658/2693/2672 180/955/952
f 2150/734/731 633/2340/2331 2659/3184/3150
f 2150/734/731 2659/3184/3150 1278/493/490
f 2660/1910/1903 1880/1914/1907 473/420/417
f 2660/1910/1903 633/2340/2331 1880/1914/1907
f 925/803/800 2661/2857/2831 148/804/801
f 2661/2857/2831 1537/2070/2063 148/804/801
f 2662/286/286 834/2696/2675 977/287/287
f 2662/286/286 66/361/358 834/2696/2675
f 720/2125/2118 2984/2124/2117 2663/1089/1086
f 720/2125/2118 2663/1089/1086 1193/2489/2478
f 2664/2443/2432 1003/2964/2936 614/2020/2013
f 1003/2964/2936 2664/2443/2432 2438/615/612
f 512/1477/1471 2665/1966/1959 307/1479/1473
f 2665/1966/1959 303/348/345 307/1479/1473
f 2666/2567/2553 1122/2570/2556 957/3096/3066
f 2584/2568/2554 1122/2570/2556 2666/2567/2553
f 548/2078/2071 2667/711/708 545/714/711
f 2667/711/708 131/710/707 545/714/711
f 2668/1384/1379 2371/248/248 255/275/275
f 272/1383/1378 2371/248/248 2668/1384/1379
f 1548/1708/1702 2669/3302/3258 2236/2385/2376
f 1566/1675/1669 2669/3302/3258 1548/1708/1702
f 2670/1201/1198 1200/1213/1210 1161/2017/2010
f 2003/1200/1197 1200/1213/1210 2670/1201/1198
f 636/764/761 1301/763/760 2671/2349/2340
f 636/764/761 2671/2349/2340 2590/3271/3231
f 975/433/430 1328/487/484 2672/486/483
f 1878/2937/2910 975/433/430 2672/486/483
f 2965/573/570 2673/2011/2004 2418/574/571
f 632/2313/2304 2673/2011/2004 2965/573/570
f 1933/120/120 2674/180/180 662/1926/1919
f 2674/180/180 2436/1406/1401 662/1926/1919
f 1591/2411/2402 816/2657/2636 2675/2684/2663
f 689/2412/2403 1591/2411/2402 2675/2684/2663
f 2676/1396/1391 2237/1057/1054 459/3311/3266
f 2676/1396/1391 2332/1055/1052 2237/1057/1054
f 290/1952/1945 1514/1431/1425 2677/2859/2833
f 3209/3141/3110 290/1952/1945 2677/2859/2833
f 964/2128/2121 1944/2126/2119 2678/2917/2890
f 2678/2917/2890 3289/2913/2886 2368/2915/2888
f 1319/3209/3172 1726/2916/2889 2679/834/831
f 2679/834/831 1726/2916/2889 149/835/832
f 2680/866/863 2206/833/830 911/2836/2810
f 2679/834/831 2206/833/830 2680/866/863
f 2681/3103/3073 330/786/783 1715/1538/1532
f 331/3106/3076 2681/3103/3073 1715/1538/1532
f 2516/3130/3099 331/3106/3076 2682/1537/1531
f 2682/1537/1531 331/3106/3076 1715/1538/1532
f 381/595/592 2683/1688/1682 2140/1672/1666
f 1395/594/591 2683/1688/1682 381/595/592
f 946/2773/2749 945/1017/1014 3162/2711/2690
f 1539/1016/1013 3162/2711/2690 945/1017/1014
f 2802/2100/2093 2685/101/101 23/2101/2094
f 2685/101/101 2788/3264/3224 23/2101/2094
f 2693/2728/2707 2846/1367/1362 2686/1366/1361
f 951/2892/2866 2686/1366/1361 952/2893/2867
f 482/831/828 1808/1925/1918 2688/3364/3313
f 1808/1925/1918 185/1434/1428 2688/3364/3313
f 2687/733/730 2688/3364/3313 2150/734/731
f 482/831/828 2688/3364/3313 2687/733/730
f 1746/2300/2291 2689/2618/2601 1151/3121/3090
f 1151/3121/3090 2689/2618/2601 991/2299/2290
f 350/1563/1557 3102/3307/3262 2690/1587/1581
f 2926/1566/1560 350/1563/1557 2690/1587/1581
f 341/1588/1582 2690/1587/1581 2691/1589/1583
f 10/76/76 341/1588/1582 2692/77/77
f 341/1588/1582 2691/1589/1583 2692/77/77
f 2691/1589/1583 1455/1570/1564 3248/79/79
f 2693/2728/2707 951/2892/2866 1866/1161/1158
f 2693/2728/2707 2686/1366/1361 951/2892/2866
f 1186/1964/1957 2694/496/493 2028/2825/2799
f 2694/496/493 1186/1964/1957 656/442/439
f 96/516/513 1018/2984/2956 2695/2236/2228
f 96/516/513 2695/2236/2228 2650/2488/2477
f 2696/3352/3302 53/3401/2595 2565/2610/2596
f 3224/309/308 53/2609/2595 2696/3353/3302
f 2697/2592/2578 2450/2235/2227 772/648/645
f 2697/2592/2578 772/648/645 117/650/647
f 136/1994/1987 2698/3066/3036 585/2221/2213
f 1719/1996/1989 2698/3066/3036 136/1994/1987
f 2699/2352/2343 474/1058/1055 2155/1060/1057
f 474/1058/1055 2699/2352/2343 1155/1080/1077
f 2936/2872/2846 3117/3405/1264 2700/3406/2842
f 933/2867/2841 2700/3406/2842 244/1287/1283
f 1099/1720/1714 2086/1723/1717 2701/3080/3050
f 395/184/184 1099/1720/1714 2701/3080/3050
f 2086/1723/1717 2702/24/24 2701/3080/3050
f 2086/1723/1717 1846/1722/1716 2702/24/24
f 1335/3219/3182 116/1836/1830 2703/700/697
f 1727/703/700 2703/700/697 116/1836/1830
f 1335/3219/3182 2974/608/605 116/1836/1830
f 1439/606/603 2974/608/605 1335/3219/3182
f 2705/758/755 147/2218/2210 3145/756/753
f 2705/758/755 3316/2092/2085 147/2218/2210
f 2407/2886/2860 2706/2887/2861 2864/987/984
f 1983/2049/2042 1225/3163/3131 2706/2887/2861
f 3093/1542/1536 125/1541/1535 2707/658/655
f 2708/731/728 125/1541/1535 1919/1533/1527
f 2708/731/728 2707/658/655 125/1541/1535
f 3091/657/654 2707/658/655 2708/731/728
f 1924/255/255 2709/1557/1551 32/1603/1597
f 2709/1557/1551 3310/1559/1553 32/1603/1597
f 137/1753/1747 2710/611/608 152/1754/1748
f 129/1755/1749 2710/611/608 137/1753/1747
f 2711/1088/1085 3062/2911/2884 617/2910/2883
f 2711/1088/1085 617/2910/2883 642/2361/2352
f 2712/962/959 642/2361/2352 2061/3152/3120
f 183/961/958 2712/962/959 2061/3152/3120
f 1629/1532/1526 2713/1535/1529 2823/730/727
f 330/786/783 337/727/724 2713/1535/1529
f 2714/1432/1426 501/1953/1946 2590/3271/3231
f 1514/1431/1425 501/1953/1946 2714/1432/1426
f 93/534/531 3125/2525/2513 2715/2527/2515
f 2716/407/404 3201/3335/3289 1664/408/405
f 93/534/531 2716/407/404 94/535/532
f 2716/407/404 93/534/531 2715/2527/2515
f 2106/2526/2514 2717/1873/1867 2715/2527/2515
f 2716/407/404 2715/2527/2515 3201/3335/3289
f 899/693/690 542/2923/2896 2718/694/691
f 3332/2131/2124 1616/2130/2123 2718/694/691
f 2719/2810/2786 601/1219/1216 1194/1221/1218
f 1194/1221/1218 232/2177/2170 2719/2810/2786
f 258/1344/1339 1902/2480/2469 2720/1399/1394
f 258/1344/1339 2720/1399/1394 3079/1345/1340
f 1105/2674/2653 2721/3403/3337 1039/3013/2983
f 1039/3013/2983 2721/3403/3337 2620/3260/3220
f 1105/2674/2653 2722/1420/1414 2721/3403/3337
f 2722/1420/1414 1422/1382/1377 2721/3403/3337
f 2723/2440/2429 1603/2438/2427 2724/64/64
f 652/2372/2363 2723/2440/2429 9/2319/2310
f 9/2319/2310 2724/64/64 3123/66/66
f 2723/2440/2429 2724/64/64 9/2319/2310
f 569/2927/2900 2725/157/157 2628/2928/2901
f 2538/2881/2855 2725/157/157 569/2927/2900
f 1340/265/265 254/1323/1318 2726/282/282
f 2726/282/282 254/1323/1318 1929/283/283
f 346/1459/1453 2727/105/105 2132/106/106
f 2727/105/105 1048/107/107 2132/106/106
f 2728/589/586 386/1698/1692 2459/1686/1680
f 380/1667/1661 386/1698/1692 2728/589/586
f 2729/3241/3203 43/2249/2240 2959/2248/2239
f 1832/3354/3303 43/2249/2240 2729/3241/3203
f 2730/719/716 1564/739/736 610/942/939
f 128/2985/2957 1564/739/736 2730/719/716
f 2731/2266/2257 2757/2762/2740 1820/949/946
f 2731/2266/2257 1820/949/946 604/2904/2877
f 56/1613/1607 357/257/257 2732/1605/1599
f 2732/1605/1599 357/257/257 730/352/349
f 794/2606/2592 2733/1556/1550 1545/3301/3257
f 2891/2654/2633 3296/2655/2634 2733/1556/1550
f 65/1472/1466 2734/345/342 2390/363/360
f 2390/363/360 2734/345/342 2948/364/361
f 1610/3325/3279 2735/93/93 14/104/104
f 2735/93/93 1282/2420/2411 14/104/104
f 2736/92/92 2203/88/88 1282/2420/2411
f 2735/93/93 2736/92/92 1282/2420/2411
f 1149/1212/1209 2737/3120/3089 900/2815/2791
f 935/2579/2565 2737/3120/3089 1149/1212/1209
f 1063/3041/3011 172/921/918 2738/880/877
f 1205/879/876 1063/3041/3011 2738/880/877
f 2739/1150/1147 1615/1152/1149 913/2839/2813
f 2739/1150/1147 913/2839/2813 1722/2710/2689
f 2740/367/364 938/366/363 1267/2992/2964
f 1267/2992/2964 1023/1740/1734 2740/367/364
f 2499/1751/1745 2741/707/704 406/1759/1753
f 2741/707/704 2919/708/705 406/1759/1753
f 2297/3054/3024 119/660/657 2742/3053/3023
f 2297/3054/3024 2742/3053/3023 2648/2234/2226
f 2947/2846/2820 2743/3138/3107 1184/3382/2818
f 1184/3382/2818 2743/3138/3107 2000/3139/3108
f 2744/3244/3206 1217/1892/1886 462/1890/1884
f 1217/1892/1886 2745/1039/1036 463/1041/1038
f 2744/3244/3206 2745/1039/1036 1217/1892/1886
f 2744/3244/3206 1380/1033/1030 2745/1039/1036
f 1702/497/494 1916/630/627 2746/1452/1446
f 3291/1454/1448 1702/497/494 2746/1452/1446
f 1940/1955/1948 2747/1958/1951 661/995/992
f 661/995/992 2747/1958/1951 2238/3212/3175
f 2748/1957/1950 660/3111/3080 1275/2316/2307
f 3053/1956/1949 660/3111/3080 2748/1957/1950
f 1479/1673/1667 2749/597/594 2414/3146/3114
f 2414/3146/3114 2749/597/594 3103/599/596
f 1874/2743/2722 238/2111/2104 2750/1299/1294
f 247/1298/1293 1874/2743/2722 2750/1299/1294
f 144/1544/1538 2751/788/785 489/1545/1539
f 144/1544/1538 1714/1534/1528 2751/788/785
f 1091/84/84 2752/2033/2026 1092/3072/3042
f 1091/84/84 2576/3071/3041 2752/2033/2026
f 1187/1314/1309 2753/1304/1299 67/1303/1298
f 1187/1314/1309 2221/1775/1769 2753/1304/1299
f 452/1066/1063 2429/2363/2354 2754/2343/2334
f 2105/1064/1061 452/1066/1063 2754/2343/2334
f 786/2626/2609 1117/2105/2098 2755/2627/2610
f 1117/2105/2098 787/1229/1226 2756/1231/1228
f 2756/1231/1228 2755/2627/2610 1117/2105/2098
f 2755/2627/2610 2756/1231/1228 2313/3273/3233
f 1102/2264/2255 1534/982/979 2757/2762/2740
f 1102/2264/2255 2757/2762/2740 2731/2266/2257
f 2413/2433/2422 695/2058/2051 2758/423/420
f 2758/423/420 695/2058/2051 69/3137/3106
f 2759/1884/1878 1408/1907/1900 2040/2871/2845
f 2759/1884/1878 2040/2871/2845 937/1271/1267
f 3186/2468/2457 2546/2095/2088 2760/2094/2087
f 1869/3372/3321 2760/2094/2087 603/2259/2250
f 2761/1616/1610 3166/3282/3240 46/219/219
f 2761/1616/1610 46/219/219 479/1920/1913
f 1104/133/133 2762/2410/2401 822/163/163
f 2762/2410/2401 689/2412/2403 822/163/163
f 2763/1087/1084 3062/2911/2884 2711/1088/1085
f 918/2803/2779 962/2802/2778 2763/1087/1084
f 2764/2801/2777 1390/2850/2824 918/2803/2779
f 2763/1087/1084 2764/2801/2777 918/2803/2779
f 1501/220/220 2765/359/356 3253/358/355
f 2765/359/356 1501/220/220 658/394/391
f 2766/1826/1820 1381/825/822 2550/824/821
f 2766/1826/1820 1715/1538/1532 3313/3245/3207
f 2634/513/510 2767/512/509 1234/514/511
f 2767/512/509 1018/2984/2956 1234/514/511
f 2537/138/138 2768/137/137 441/2640/2621
f 1332/135/135 2768/137/137 2537/138/138
f 1056/3032/3002 2769/1165/1162 2510/3033/3003
f 3052/2790/2766 2769/1165/1162 1056/3032/3002
f 489/1545/1539 2751/788/785 2770/790/787
f 489/1545/1539 2770/790/787 2152/1524/1518
f 2771/2962/2934 2012/1683/1677 2131/1684/1678
f 384/1687/1681 2012/1683/1677 2771/2962/2934
f 1826/475/472 2772/2900/2873 956/476/473
f 3011/458/455 3056/3040/3010 1436/2389/2380
f 2773/3404/3338 1657/1380/1375 271/3333/3287
f 2621/3113/3082 1657/1380/1375 2773/3404/3338
f 2774/130/130 2773/3404/3338 271/3333/3287
f 2774/130/130 271/3333/3287 2917/1378/1373
f 585/2221/2213 1727/703/700 2775/742/739
f 585/2221/2213 2775/742/739 2073/3269/3229
f 2776/2087/2080 640/2356/2347 3091/657/654
f 132/2085/2078 2776/2087/2080 532/729/726
f 2777/2086/2079 1114/2725/2704 2137/2357/2348
f 2777/2086/2079 2137/2357/2348 2776/2087/2080
f 3204/3317/3272 2778/2749/2728 198/1044/1041
f 2778/2749/2728 1969/1038/1035 198/1044/1041
f 1513/3037/3007 2779/1032/1029 2780/1034/1031
f 2779/1032/1029 3214/1938/1931 195/1030/1027
f 2780/1034/1031 196/1037/1034 861/1036/1033
f 2780/1034/1031 2779/1032/1029 196/1037/1034
f 798/1199/1196 2781/1498/1492 1086/2652/2631
f 1086/2652/2631 2875/1147/1144 3211/1175/1172
f 1904/354/351 2782/233/233 2306/1612/1606
f 1904/354/351 356/234/234 2782/233/233
f 2783/1812/1806 2024/376/373 1428/1780/1774
f 2783/1812/1806 1428/1780/1774 2294/1803/1797
f 429/883/880 2784/1821/1815 2054/1820/1814
f 628/2331/2322 2784/1821/1815 429/883/880
f 2785/544/541 3247/543/540 1222/3161/3129
f 2408/546/543 2785/544/541 1222/3161/3129
f 1822/3229/3191 133/2876/2850 2786/2879/2853
f 3173/2878/2852 2786/2879/2853 942/2230/2222
f 2787/795/792 590/2877/2851 2034/796/793
f 2786/2879/2853 590/2877/2851 2787/795/792
f 2788/3264/3224 1434/2880/2854 23/2101/2094
f 1559/154/154 1434/2880/2854 2788/3264/3224
f 3278/3385/3328 910/2600/2586 2789/2775/2751
f 2075/2776/2752 3002/2777/2753 874/580/577
f 2790/2804/2780 734/1209/1206 1883/2852/2826
f 2790/2804/2780 1883/2852/2826 921/2508/2496
f 5/1934/1927 2791/1573/1567 1494/1572/1566
f 5/1934/1927 1485/41/41 2791/1573/1567
f 2792/1929/1922 480/59/59 2143/60/60
f 2792/1929/1922 8/56/56 480/59/59
f 1109/1501/1495 2793/1095/1092 1058/3035/3005
f 2793/1095/1092 3215/1097/1094 1058/3035/3005
f 2794/3394/2758 1850/907/904 168/3225/3187
f 1342/3224/2077 2794/3394/2758 168/3225/3187
f 164/1946/1939 2795/3046/3016 1458/1948/1941
f 2795/3046/3016 164/1946/1939 1068/1947/1940
f 3084/2965/2937 505/2364/2355 2796/2303/2294
f 2796/2303/2294 201/1641/1635 1004/1644/1638
f 2797/1251/1248 687/2116/2109 1195/2115/2108
f 2989/2907/2880 2797/1251/1248 1195/2115/2108
f 1425/2797/2773 2798/2794/2770 969/2796/2772
f 2798/2794/2770 1425/2797/2773 2506/2792/2768
f 2085/2591/2577 1092/3072/3042 2799/2589/2575
f 2085/2591/2577 2799/2589/2575 771/97/97
f 540/2734/2713 2800/2051/2044 2939/2380/2371
f 747/50/50 2800/2051/2044 540/2734/2713
f 1608/1781/1775 2801/2374/2365 1609/3268/3228
f 655/378/375 1609/3268/3228 2801/2374/2365
f 2802/2100/2093 2157/110/110 15/2727/2706
f 1106/99/99 2802/2100/2093 15/2727/2706
f 2803/853/850 1097/2454/2443 2467/2506/2494
f 2017/852/849 1097/2454/2443 2803/853/850
f 1338/3223/3186 2804/2137/2130 2184/2635/2616
f 3270/622/619 2804/2137/2130 1338/3223/3186
f 914/2842/2816 2805/1180/1177 2743/3138/3107
f 914/2842/2816 1921/2484/2473 2805/1180/1177
f 407/1764/1758 2334/1765/1759 2806/750/747
f 2517/1469/1463 407/1764/1758 3221/1446/1440
f 3315/3407/3339 242/1356/1351 1766/1268/1262
f 3315/3407/3339 265/1357/1352 242/1356/1351
f 582/2719/2698 844/2211/2203 2808/2210/2202
f 2808/2210/2202 3219/3070/3040 582/2719/2698
f 2529/901/898 2809/3366/3315 1827/903/900
f 1827/903/900 2949/3367/3316 3195/904/901
f 2208/3203/2952 2810/2540/2528 2207/3408/1019
f 2810/2540/2528 194/2759/2738 2207/3408/1019
f 2811/2477/2466 214/2934/2907 1512/2478/2467
f 2133/1144/1141 214/2934/2907 2811/2477/2466
f 1059/1972/1965 1995/3038/3008 2812/3409/374
f 2812/3409/374 57/1970/1963 1059/1972/1965
f 2813/2831/2805 2645/956/953 180/955/952
f 2658/2693/2672 2813/2831/2805 180/955/952
f 560/2026/2019 2814/1274/1270 1008/2406/2397
f 533/2025/2018 2814/1274/1270 560/2026/2019
f 1417/766/763 2010/2703/2682 2815/2702/2681
f 2815/2702/2681 2347/1517/1511 1417/766/763
f 547/2052/2045 156/2074/2067 2816/2073/2066
f 2809/3366/3315 547/2052/2045 2816/2073/2066
f 2817/1455/1449 295/1451/1445 299/1466/1460
f 2835/2394/2385 299/1466/1460 2158/2395/2386
f 2818/2503/1614 701/2946/2919 1609/3324/3228
f 2581/2502/2491 701/2946/2919 2818/2503/1614
f 2819/1002/999 1297/991/988 2014/993/990
f 189/1011/1008 2819/1002/999 2014/993/990
f 3236/2902/2875 1884/676/673 2820/675/672
f 2772/2900/2873 3236/2902/2875 2820/675/672
f 2942/1624/1618 78/1625/1619 2821/1867/1861
f 366/504/501 2821/1867/1861 2244/505/502
f 1053/3028/2998 2822/2922/2895 2988/3029/2999
f 2422/2516/2504 2822/2922/2895 1053/3028/2998
f 532/729/726 2823/730/727 337/727/724
f 2713/1535/1529 337/727/724 2823/730/727
f 1950/2914/2887 2824/3346/3300 524/1993/1986
f 1950/2914/2887 3289/2913/2886 2824/3346/3300
f 1935/1697/1691 1237/3156/3124 2825/592/589
f 2825/592/589 1237/3156/3124 2497/3149/3117
f 2826/1125/1122 554/1110/1107 1400/3253/3214
f 2826/1125/1122 2483/1108/1105 554/1110/1107
f 2750/1299/1294 1103/2497/2486 2827/1300/1295
f 1103/2497/2486 581/2207/2199 2827/1300/1295
f 2828/1967/1960 1061/297/297 1026/1968/1961
f 2849/281/281 2828/1967/1960 1978/2976/2948
f 2829/3133/3102 1711/684/681 262/1329/1324
f 2829/3133/3102 262/1329/1324 1980/465/462
f 2858/3108/3077 2830/3114/3083 591/2231/2223
f 591/2231/2223 2830/3114/3083 574/146/146
f 2831/3115/3084 2037/2179/2172 1144/2232/2224
f 2830/3114/3083 2831/3115/3084 1144/2232/2224
f 2832/1448/1442 295/1451/1445 294/351/348
f 1926/353/350 2832/1448/1442 294/351/348
f 2833/498/495 675/1449/1443 3257/1450/1444
f 2835/2394/2385 675/1449/1443 2833/498/495
f 2834/1766/1760 300/1467/1461 2907/1762/1756
f 1917/499/496 2834/1766/1760 408/3240/3202
f 299/1466/1460 2835/2394/2385 2817/1455/1449
f 2817/1455/1449 2835/2394/2385 2833/498/495
f 1256/3175/3141 2836/296/296 261/1342/1337
f 2836/296/296 305/318/317 261/1342/1337
f 85/1330/1325 869/2763/2741 2837/3286/3244
f 2837/3286/3244 869/2763/2741 1172/3378/3327
f 1716/148/148 574/146/146 2838/2712/2691
f 1716/148/148 2838/2712/2691 707/149/149
f 2839/1903/1896 2856/3099/3069 451/1853/1847
f 2839/1903/1896 451/1853/1847 469/1855/1849
f 2560/891/888 2840/3356/3305 1123/3357/3306
f 2560/891/888 1648/2828/2802 2840/3356/3305
f 2841/1326/1321 319/1482/1476 2261/1497/1491
f 2841/1326/1321 512/1477/1471 319/1482/1476
f 584/2999/2970 2842/3296/3252 2120/3000/2971
f 584/2999/2970 1530/2163/2156 2842/3296/3252
f 2843/446/443 73/410/407 2410/412/409
f 1522/3226/3188 73/410/407 2843/446/443
f 1358/926/923 1771/3232/3194 2844/928/925
f 2844/928/925 1771/3232/3194 758/929/926
f 404/954/951 1412/723/720 2845/3258/3218
f 404/954/951 2845/3258/3218 2119/2315/2306
f 850/1078/1075 2846/1367/1362 2693/2728/2707
f 850/1078/1075 267/1077/1074 2846/1367/1362
f 1599/451/448 79/453/450 2847/1976/1969
f 1599/451/448 2847/1976/1969 2029/1991/1984
f 1254/460/457 995/440/437 2848/2957/2930
f 2848/2957/2930 995/440/437 282/1426/1420
f 2849/281/281 1309/298/298 1061/297/297
f 2849/281/281 1061/297/297 2828/1967/1960
f 2850/2437/2426 770/2434/2423 530/2013/2006
f 2850/2437/2426 530/2013/2006 1085/1496/1490
f 1361/561/558 2046/525/522 2851/527/524
f 1361/561/558 2851/527/524 717/566/563
f 2852/1979/1972 517/245/245 793/1980/1973
f 2852/1979/1972 793/1980/1973 2342/2993/2965
f 2853/2961/2933 1673/3339/3293 1505/2960/2932
f 2853/2961/2933 2565/2610/2596 1673/3339/3293
f 2854/2942/2915 1318/3086/3056 1952/2202/2194
f 2854/2942/2915 2559/2204/2196 1318/3086/3056
f 253/1320/1315 1636/808/805 2855/2081/2074
f 253/1320/1315 2855/2081/2074 3027/1352/1347
f 1773/2817/2793 2856/3099/3069 2839/1903/1896
f 1126/1856/1850 2856/3099/3069 1773/2817/2793
f 2353/3396/453 1300/2148/2141 2857/444/441
f 606/3292/451 2353/3396/453 2857/444/441
f 1136/142/142 1644/139/139 2858/3108/3077
f 1136/142/142 2858/3108/3077 2282/2918/2891
f 697/2216/2208 2859/143/143 1365/3236/3198
f 2859/143/143 2282/2918/2891 1365/3236/3198
f 2862/2290/2281 1348/778/775 2860/651/648
f 2860/651/648 1413/653/650 2862/2290/2281
f 3339/725/722 919/3227/3189 2861/726/723
f 1348/778/775 2862/2290/2281 919/3227/3189
f 919/3227/3189 2862/2290/2281 2861/726/723
f 2861/726/723 2862/2290/2281 1114/2725/2704
f 1225/3163/3131 761/2641/2622 2863/988/985
f 3168/2909/2882 761/2641/2622 1216/2642/2623
f 2864/987/984 1225/3163/3131 2863/988/985
f 2864/987/984 2706/2887/2861 1225/3163/3131
f 1504/2552/2538 2865/841/838 2516/3130/3099
f 161/844/841 2865/841/838 1504/2552/2538
f 1314/1999/1992 2866/3208/3171 1791/2000/1993
f 1314/1999/1992 2210/2341/2332 2866/3208/3171
f 818/2683/2662 1888/806/803 2867/2566/2552
f 2867/2566/2552 156/2074/2067 818/2683/2662
f 1245/877/874 2868/876/873 842/2715/2694
f 2869/2691/2670 1604/984/981 842/2715/2694
f 2868/876/873 2869/2691/2670 842/2715/2694
f 832/875/872 2869/2691/2670 2868/876/873
f 2006/1463/1457 2870/938/935 293/1767/1761
f 2870/938/935 1585/1442/1436 293/1767/1761
f 490/548/545 2871/1848/1842 98/549/546
f 98/549/546 2871/1848/1842 728/551/548
f 2872/1073/1070 1584/2325/2316 2302/2326/2317
f 2872/1073/1070 2113/1072/1069 1584/2325/2316
f 2328/691/688 2873/2457/2446 1442/2897/2870
f 2873/2457/2446 2328/691/688 150/2458/2447
f 2874/665/662 2110/2226/2218 1315/668/665
f 2284/666/663 2874/665/662 1315/668/665
f 1086/2652/2631 2781/1498/1492 2875/1147/1144
f 2781/1498/1492 320/1148/1145 2875/1147/1144
f 2783/1812/1806 669/1802/1796 2876/1809/1803
f 669/1802/1796 422/1787/1781 2876/1809/1803
f 2877/1801/1795 422/1787/1781 669/1802/1796
f 2319/1785/1779 422/1787/1781 2877/1801/1795
f 1792/3068/3038 2878/696/693 1088/3067/3037
f 1088/3067/3037 3086/701/698 1727/703/700
f 2842/3296/3252 1529/2724/2703 2879/3297/3253
f 1529/2724/2703 808/899/896 2879/3297/3253
f 1224/2634/2615 572/2582/2568 2880/2255/2246
f 2880/2255/2246 3307/3162/3130 1224/2634/2615
f 1475/1260/1257 1209/2756/2735 2881/3155/3123
f 1209/2756/2735 953/2896/2869 2881/3155/3123
f 1993/371/368 963/2912/2885 2882/2690/2669
f 403/409/406 1993/371/368 2882/2690/2669
f 71/1741/1735 2883/369/366 403/409/406
f 71/1741/1735 1731/3349/3301 2883/369/366
f 433/1312/1307 2884/1783/1777 1670/1784/1778
f 2885/1779/1773 74/1778/1772 2884/1783/1777
f 434/1311/1306 2885/1779/1773 433/1312/1307
f 2885/1779/1773 2884/1783/1777 433/1312/1307
f 2299/1288/1284 2362/2772/1286 2886/3391/3333
f 2300/1292/1287 2299/1288/1284 2886/3391/3333
f 2887/3370/3319 2501/2750/2729 1847/2027/2020
f 862/1246/1243 2501/2750/2729 2887/3370/3319
f 558/916/913 1764/2963/2935 2888/917/914
f 2888/917/914 1764/2963/2935 628/2331/2322
f 2889/583/580 1590/3002/2973 386/1698/1692
f 631/582/579 1590/3002/2973 2889/583/580
f 2890/3410/3340 794/2606/2592 2038/2656/2635
f 2890/3410/3340 2733/1556/1550 794/2606/2592
f 2891/2654/2633 2890/3410/3340 2038/2656/2635
f 2891/2654/2633 2733/1556/1550 2890/3410/3340
f 2892/385/382 2236/2385/2376 1482/3281/3239
f 2892/385/382 1482/3281/3239 363/386/383
f 2894/477/474 1489/1870/1864 2893/478/475
f 1489/1870/1864 2892/385/382 2893/478/475
f 391/1709/1703 1489/1870/1864 2894/477/474
f 1549/1701/1695 391/1709/1703 2894/477/474
f 2895/304/304 2385/1316/1311 59/1315/1310
f 2895/304/304 59/1315/1310 1717/1325/1320
f 1496/1626/1620 814/1628/1622 2896/2681/2660
f 814/1628/1622 1215/3157/3125 3274/3158/3126
f 2170/2335/2326 2897/585/582 586/1696/1690
f 2170/2335/2326 3064/2334/2325 2897/585/582
f 2898/3249/3210 1388/801/798 450/1888/1882
f 2898/3249/3210 439/793/790 1388/801/798
f 2899/1988/1981 1660/3052/3022 3202/3334/3288
f 2899/1988/1981 1071/3049/3019 1660/3052/3022
f 2275/2021/2014 2900/2088/2081 984/3234/3196
f 2275/2021/2014 1003/2964/2936 2900/2088/2081
f 171/2548/2534 2888/917/914 2901/882/879
f 171/2548/2534 2901/882/879 1242/922/919
f 792/3042/3012 2902/870/867 1770/920/917
f 1063/3041/3011 2903/2921/2894 792/3042/3012
f 966/868/865 2902/870/867 2903/2921/2894
f 2903/2921/2894 2902/870/867 792/3042/3012
f 1859/1889/1883 2904/2563/2549 1909/1500/1494
f 222/1198/1195 2904/2563/2549 1859/1889/1883
f 2905/1583/1577 1610/3325/3279 348/103/103
f 2905/1583/1577 348/103/103 351/1579/1573
f 2906/1582/1576 353/189/189 1506/1596/1590
f 1506/1596/1590 2905/1583/1577 2906/1582/1576
f 2834/1766/1760 2907/1762/1756 408/3240/3202
f 2517/1469/1463 408/3240/3202 2907/1762/1756
f 2908/3266/3226 705/3087/3057 1111/780/777
f 2908/3266/3226 1635/837/834 705/3087/3057
f 2909/2766/2744 1999/2583/2569 1712/2170/2163
f 1712/2170/2163 2915/810/807 2909/2766/2744
f 1109/1501/1495 1058/3035/3005 2910/1502/1496
f 2910/1502/1496 1058/3035/3005 1513/3037/3007
f 1133/3220/3183 2911/787/784 2681/3103/3073
f 1133/3220/3183 2485/785/782 2911/787/784
f 2912/1636/1630 378/1664/1658 368/1062/1059
f 475/1658/1652 378/1664/1658 2912/1636/1630
f 2959/2248/2239 2913/2247/2238 803/2451/2440
f 2913/2247/2238 938/366/363 803/2451/2440
f 2914/2515/2503 2303/1506/1500 1257/2633/2614
f 2914/2515/2503 1257/2633/2614 3200/2112/2105
f 135/811/808 2915/810/807 150/2458/2447
f 2915/810/807 1712/2170/2163 150/2458/2447
f 1851/2615/858 1665/3124/3093 2916/2616/2599
f 1665/3124/3093 1154/2706/2685 2916/2616/2599
f 2583/1833/1827 811/205/205 2917/1378/1373
f 3155/208/208 2917/1378/1373 811/205/205
f 2918/2664/2643 2402/2450/2439 1932/2663/2642
f 553/341/338 2402/2450/2439 2918/2664/2643
f 410/1760/1754 2919/708/705 143/1769/1763
f 406/1759/1753 2919/708/705 410/1760/1754
f 908/773/770 2641/2830/2804 2920/2829/2803
f 909/775/772 908/773/770 2920/2829/2803
f 2745/1039/1036 2921/1035/1032 1745/1040/1037
f 2921/1035/1032 861/1036/1033 1745/1040/1037
f 1652/1104/1101 1400/3253/3214 2922/3332/3286
f 1652/1104/1101 2922/3332/3286 619/1094/1091
f 1400/3253/3214 554/1110/1107 2923/2098/2091
f 1400/3253/3214 2923/2098/2091 2922/3332/3286
f 2924/2153/2146 2524/2602/2588 1976/2296/2287
f 1578/2295/2286 2924/2153/2146 1976/2296/2287
f 1572/999/996 2925/2520/2508 2148/985/982
f 595/998/995 2925/2520/2508 1572/999/996
f 2926/1566/1560 2690/1587/1581 2393/1593/1587
f 2926/1566/1560 2393/1593/1587 1668/3337/3291
f 1483/1918/1911 2761/1616/1610 2927/1921/1914
f 1483/1918/1911 2927/1921/1914 2498/1919/1912
f 831/1758/1752 1569/2689/2668 2928/1750/1744
f 831/1758/1752 2928/1750/1744 864/1749/1743
f 2310/1257/1254 2929/1254/1251 1118/3092/3062
f 2929/1254/1251 559/1279/1275 1118/3092/3062
f 573/1252/1249 2929/1254/1251 2930/1256/1253
f 2930/1256/1253 2929/1254/1251 2310/1257/1254
f 1323/620/617 1751/619/616 2931/3213/3176
f 1323/620/617 2931/3213/3176 630/2336/2327
f 2932/2863/2837 2066/2969/2941 246/1297/1292
f 2932/2863/2837 1448/2968/2940 2066/2969/2941
f 2933/1421/1415 1038/1423/1417 2/3012/2982
f 2933/1421/1415 2/3012/2982 2049/11/11
f 441/2640/2621 799/2639/2620 2934/3185/3151
f 2891/2654/2633 2934/3185/3151 799/2639/2620
f 558/916/913 754/915/912 2935/1505/1499
f 3006/3164/3132 754/915/912 171/2548/2534
f 3165/2741/2720 2936/2872/2846 933/2867/2841
f 933/2867/2841 2936/2872/2846 2700/3406/2842
f 2096/813/810 1538/812/809 2937/2418/2409
f 2096/813/810 2937/2418/2409 974/2935/2908
f 2938/3171/3138 1224/2634/2615 3307/3162/3130
f 2938/3171/3138 789/2253/2244 2287/3059/3029
f 2939/2380/2371 2219/55/55 659/2329/2320
f 2800/2051/2044 2219/55/55 2939/2380/2371
f 2940/2339/2330 1836/2403/2394 3284/2402/2393
f 1724/635/632 2107/634/631 2940/2339/2330
f 2941/3310/3265 1574/2312/2303 632/2313/2304
f 630/2336/2327 1574/2312/2303 2941/3310/3265
f 684/683/680 2942/1624/1618 366/504/501
f 366/504/501 2942/1624/1618 2821/1867/1861
f 2943/464/461 91/641/638 1286/3189/3155
f 2943/464/461 1286/3189/3155 1914/2536/2524
f 1340/265/265 1280/284/284 2944/266/266
f 2945/2864/2838 1280/284/284 2472/3159/3127
f 2944/266/266 2945/2864/2838 2228/175/175
f 2944/266/266 1280/284/284 2945/2864/2838
f 1352/1877/1871 2946/1879/1873 401/1878/1872
f 1352/1877/1871 1779/2/2 2946/1879/1873
f 1471/2845/2819 2947/2846/2820 1176/3411/2817
f 1176/3411/2817 2947/2846/2820 1184/3382/2818
f 2948/364/361 432/349/346 1795/1823/1817
f 2734/345/342 432/349/346 2948/364/361
f 1293/2076/2069 2949/3367/3316 2809/3366/3315
f 1827/903/900 2809/3366/3315 2949/3367/3316
f 1162/2171/2164 2950/2581/2567 600/2580/2566
f 1712/2170/2163 2950/2581/2567 1162/2171/2164
f 1662/1739/1733 2951/1734/1728 399/1737/1731
f 2951/1734/1728 2966/2675/2654 399/1737/1731
f 1968/303/303 1685/3261/3221 2952/1318/1313
f 1968/303/303 2952/1318/1313 2895/304/304
f 2953/2317/2308 183/961/958 3264/3151/3119
f 2953/2317/2308 622/939/936 183/961/958
f 2954/636/633 1688/671/668 527/637/634
f 1977/2901/2874 1688/671/668 2954/636/633
f 1879/716/713 2955/3412/2828 2956/1519/1513
f 2955/3412/2828 922/2649/2076 797/2648/2629
f 2956/1519/1513 797/2648/2629 1516/809/806
f 2956/1519/1513 2955/3412/2828 797/2648/2629
f 2036/3143/3112 2795/3046/3016 2957/2347/2338
f 2197/3142/3111 2036/3143/3112 2957/2347/2338
f 73/410/407 1749/2151/2144 2958/411/408
f 2958/411/408 1749/2151/2144 875/2832/2806
f 1372/272/272 2959/2248/2239 2416/2666/2645
f 2416/2666/2645 2959/2248/2239 803/2451/2440
f 2960/2256/2247 1747/1169/1166 1748/1118/1115
f 2960/2256/2247 601/1219/1216 1747/1169/1166
f 2960/2256/2247 2961/2509/2497 921/2508/2496
f 2961/2509/2497 2790/2804/2780 921/2508/2496
f 2962/215/215 936/165/165 903/2823/2797
f 2962/215/215 903/2823/2797 44/2707/2686
f 1008/2406/2397 2963/1273/1269 1959/2970/2942
f 1008/2406/2397 2814/1274/1270 2963/1273/1269
f 718/1196/1193 2964/1191/1188 1921/2484/2473
f 2553/1189/1186 2964/1191/1188 718/1196/1193
f 2965/573/570 620/2320/2311 632/2313/2304
f 2965/573/570 2307/575/572 620/2320/2311
f 2966/2675/2654 1052/1373/1368 1025/1375/1370
f 269/1733/1727 1052/1373/1368 2966/2675/2654
f 1016/1081/1078 205/2307/2298 2967/1082/1079
f 205/2307/2298 618/2306/2297 2967/1082/1079
f 2968/605/602 2969/2847/2821 1640/3074/3044
f 1640/3074/3044 3216/2522/2510 2968/605/602
f 1640/3074/3044 2969/2847/2821 1939/646/643
f 2969/2847/2821 106/1597/1591 1939/646/643
f 2970/1417/1411 325/1427/1421 40/223/223
f 2970/1417/1411 40/223/223 2375/3187/3153
f 1339/1726/1720 2971/3081/3051 397/2694/2673
f 3207/26/26 2999/1745/1739 397/2694/2673
f 1339/1726/1720 397/2694/2673 2972/1728/1722
f 1742/204/204 1339/1726/1720 2972/1728/1722
f 1331/3026/2996 2973/3027/2997 755/2551/2537
f 2973/3027/2997 1331/3026/2996 3330/3039/3009
f 2974/608/605 2704/1835/1829 116/1836/1830
f 2974/608/605 355/537/534 2704/1835/1829
f 1312/2408/2399 2975/3182/3148 1311/687/684
f 1312/2408/2399 2397/2407/2398 2975/3182/3148
f 1885/3312/3267 2976/779/776 2421/3373/3322
f 1111/780/777 2976/779/776 1885/3312/3267
f 2976/779/776 2423/781/778 2977/3400/3336
f 2977/3400/3336 2423/781/778 2422/2516/2504
f 2978/2337/2328 2941/3310/3265 111/661/658
f 2978/2337/2328 111/661/658 587/663/660
f 2979/1806/1800 1795/1823/1817 417/1786/1780
f 2319/1785/1779 2979/1806/1800 417/1786/1780
f 226/1204/1201 2980/3063/3033 1265/3064/3034
f 2670/1201/1198 2980/3063/3033 226/1204/1201
f 453/1901/1255 2981/3084/3054 1247/1197/1194
f 2981/3084/3054 222/1198/1195 1247/1197/1194
f 2982/3221/3184 1133/3220/3183 1336/3105/3075
f 1743/815/812 2982/3221/3184 1336/3105/3075
f 2447/2539/2527 212/2538/2526 2983/1146/1143
f 1041/3017/2987 2983/1146/1143 212/2538/2526
f 2984/2124/2117 1758/3165/3133 1228/1090/1087
f 2984/2124/2117 1228/1090/1087 2663/1089/1086
f 2985/1674/1668 1196/679/676 1566/1675/1669
f 1686/593/590 1196/679/676 2985/1674/1668
f 2571/2739/2718 2986/3173/3140 130/673/670
f 130/673/670 2986/3173/3140 1274/732/729
f 2229/1662/1656 191/1663/1657 2987/1010/1007
f 2439/1640/1634 2987/1010/1007 191/1663/1657
f 711/746/743 138/745/742 2988/3029/2999
f 711/746/743 2988/3029/2999 2474/829/826
f 2989/2907/2880 1195/2115/2108 534/2029/2022
f 960/1220/1217 2989/2907/2880 534/2029/2022
f 2990/946/943 621/945/942 828/2687/2666
f 828/2687/2666 2259/2400/2391 2990/946/943
f 1621/3005/2976 2991/3006/2977 114/1703/1697
f 114/1703/1697 2994/1680/1674 2222/1679/1673
f 2992/1660/1654 2912/1636/1630 200/1061/1058
f 2992/1660/1654 200/1061/1058 2626/1860/1854
f 1175/596/593 2993/1699/1693 1113/1677/1671
f 1175/596/593 381/595/592 2993/1699/1693
f 2991/3006/2977 1395/594/591 2994/1680/1674
f 114/1703/1697 2991/3006/2977 2994/1680/1674
f 2995/1990/1983 3262/1989/1982 2562/3371/3320
f 2995/1990/1983 2562/3371/3320 509/1963/1956
f 657/1425/1419 665/2377/2368 2996/2376/2367
f 656/442/439 3328/2375/2366 665/2377/2368
f 2997/2386/2377 2091/1861/1855 2551/1065/1062
f 920/2043/2036 2997/2386/2377 2551/1065/1062
f 2702/24/24 402/28/28 2998/25/25
f 3207/26/26 2998/25/25 2999/1745/1739
f 402/28/28 3246/33/33 2999/1745/1739
f 2998/25/25 402/28/28 2999/1745/1739
f 1069/1507/1501 3000/1509/1503 2058/1510/1504
f 3000/1509/1503 1069/1507/1501 516/1508/1502
f 3001/3093/3063 1120/1394/1389 2676/1396/1391
f 2476/3095/3065 1120/1394/1389 3001/3093/3063
f 2789/2775/2751 2609/2292/2283 3002/2777/2753
f 2075/2776/2752 2789/2775/2751 3002/2777/2753
f 3003/2569/2555 2075/2776/2752 874/580/577
f 1122/2570/2556 3003/2569/2555 874/580/577
f 3004/2595/2581 2716/407/404 774/406/403
f 3004/2595/2581 774/406/403 2192/2596/2582
f 3005/1562/1556 1759/3336/3290 347/67/67
f 3005/1562/1556 1668/3337/3291 1759/3336/3290
f 2935/1505/1499 754/915/912 3006/3164/3132
f 1226/919/916 2935/1505/1499 3006/3164/3132
f 1392/872/869 3007/819/816 1882/3129/3098
f 1882/3129/3098 3007/819/816 1160/818/815
f 377/1639/1633 2439/1640/1634 3008/1631/1625
f 2428/1630/1624 377/1639/1633 3008/1631/1625
f 1311/687/684 3009/2733/2712 1736/688/685
f 1736/688/685 3009/2733/2712 851/2730/2709
f 1531/3298/3254 1331/3026/2996 3010/261/261
f 1531/3298/3254 3010/261/261 896/263/263
f 82/474/471 956/476/473 3011/458/455
f 3011/458/455 956/476/473 3056/3040/3010
f 2083/2491/2480 3012/2183/2175 1762/2208/2200
f 2083/2491/2480 721/1143/1140 3012/2183/2175
f 3012/2183/2175 3013/2184/2176 727/1122/1119
f 727/1122/1119 3013/2184/2176 1763/1120/1117
f 3014/3303/3259 1560/1772/1766 2468/3277/3235
f 1129/1793/1787 1560/1772/1766 3014/3303/3259
f 3015/587/584 1237/3156/3124 1935/1697/1691
f 2897/585/582 3015/587/584 1935/1697/1691
f 3016/449/446 298/414/411 1207/3154/3122
f 1206/450/447 3016/449/446 1207/3154/3122
f 80/3374/3323 3017/448/445 1206/450/447
f 3018/1464/1458 80/3374/3323 1897/1447/1441
f 3018/1464/1458 3017/448/445 80/3374/3323
f 3018/1464/1458 1903/1465/1459 3017/448/445
f 1903/1465/1459 3019/326/325 3017/448/445
f 1903/1465/1459 63/324/323 3019/326/325
f 85/1330/1325 488/686/683 3020/2510/2498
f 85/1330/1325 3020/2510/2498 869/2763/2741
f 3021/2360/2351 1216/2642/2623 795/1086/1083
f 2712/962/959 3250/2908/2881 3021/2360/2351
f 2622/1931/1924 3022/2512/2500 3020/2510/2498
f 2622/1931/1924 735/413/410 3022/2512/2500
f 1848/959/956 2617/965/962 3023/964/961
f 1848/959/956 3023/964/961 525/3207/3170
f 1949/1290/1285 243/3287/3245 3024/3119/3088
f 1949/1290/1285 3024/3119/3088 2362/1291/1286
f 3025/1294/1289 871/2769/2747 2366/1296/1291
f 1525/3295/3251 871/2769/2747 3025/1294/1289
f 935/2579/2565 3026/3179/3145 3080/2755/2734
f 3026/3179/3145 935/2579/2565 1842/1186/1183
f 253/1320/1315 3027/1352/1347 277/856/853
f 3027/1352/1347 264/1351/1346 277/856/853
f 3028/2205/2197 2854/2942/2915 2361/3251/3212
f 3024/3119/3088 3028/2205/2197 2361/3251/3212
f 3029/2818/2794 2055/2816/2792 1681/1902/1895
f 2055/2816/2792 3029/2818/2794 2569/1263/1260
f 3030/2919/2892 591/2231/2223 1541/145/145
f 583/2571/2557 3030/2919/2892 1541/145/145
f 3031/3217/3180 944/1014/1011 539/1013/1010
f 1225/3163/3131 3031/3217/3180 539/1013/1010
f 2526/2837/2811 3032/3056/3026 3075/2547/2533
f 2526/2837/2811 1076/560/557 3032/3056/3026
f 3032/3056/3026 110/612/609 3033/705/702
f 110/612/609 2404/614/611 3033/705/702
f 2144/520/517 1107/613/610 3034/559/556
f 3034/559/556 1107/613/610 110/612/609
f 1299/2721/2700 3035/3197/3162 2579/2720/2699
f 2356/430/427 3035/3197/3162 1299/2721/2700
f 3036/3355/3304 2135/617/614 1753/618/615
f 640/2356/2347 3036/3355/3304 1753/618/615
f 27/1595/1589 2291/70/70 3037/1584/1578
f 2291/70/70 11/72/72 3037/1584/1578
f 274/1389/1384 1166/1388/1383 3038/3132/3101
f 274/1389/1384 3038/3132/3101 1376/467/464
f 209/1139/1136 3039/1140/1137 1390/2850/2824
f 3039/1140/1137 2507/3023/2993 1390/2850/2824
f 1580/2714/2693 737/918/915 3040/869/866
f 1580/2714/2693 3040/869/866 966/868/865
f 3041/2853/2827 1535/767/764 1645/1518/1512
f 324/2213/2205 1535/767/764 3041/2853/2827
f 3042/2354/2345 152/1754/1748 1813/782/779
f 3042/2354/2345 1813/782/779 621/945/942
f 3043/2262/2253 176/2265/2256 1857/484/481
f 1794/2268/2259 176/2265/2256 3043/2262/2253
f 3044/2206/2198 248/1302/1297 2827/1300/1295
f 248/1302/1297 3044/2206/2198 1268/1282/1278
f 949/2888/2862 3067/3390/3332 3279/2885/2859
f 949/2888/2862 2280/2718/2697 3067/3390/3332
f 2045/884/881 3046/3314/3269 2606/1768/1762
f 3046/3314/3269 153/3387/3329 2606/1768/1762
f 1979/1047/1044 1089/1049/1046 3047/3342/3296
f 1401/2038/2031 1979/1047/1044 3047/3342/3296
f 3048/2930/2903 888/2929/2902 2798/2794/2770
f 888/2929/2902 3048/2930/2903 1840/1003/1000
f 483/121/121 3049/1927/1920 2610/161/161
f 2610/161/161 3049/1927/1920 1100/1418/1412
f 2643/2446/2435 1604/984/981 3050/986/983
f 1984/2447/2436 2643/2446/2435 3050/986/983
f 1153/3123/3092 1154/2706/2685 3051/1511/1505
f 1154/2706/2685 981/2705/2684 3051/1511/1505
f 1947/2559/2545 1744/2789/2765 3052/2790/2766
f 3052/2790/2766 1744/2789/2765 1891/1164/1161
f 3053/1956/1949 2747/1958/1951 1940/1955/1948
f 1940/1955/1948 188/970/967 3053/1956/1949
f 1767/1135/1132 3054/2496/2485 210/1136/1133
f 3055/3358/3307 3054/2496/2485 1767/1135/1132
f 1762/2208/2200 3055/3358/3307 1767/1135/1132
f 1762/2208/2200 3012/2183/2175 3055/3358/3307
f 3056/3040/3010 956/476/473 2772/2900/2873
f 3056/3040/3010 2772/2900/2873 2820/675/672
f 3057/2444/2433 958/2903/2876 109/616/613
f 2438/615/612 3057/2444/2433 109/616/613
f 3058/2682/2661 815/1401/1396 1710/1422/1416
f 2595/5/5 815/1401/1396 3058/2682/2661
f 2165/3191/3105 3059/310/309 1292/425/422
f 3059/333/309 2165/3136/3105 1021/334/332
f 3060/1569/1563 3123/66/66 1567/1590/1584
f 344/1567/1561 3060/1569/1563 1567/1590/1584
f 1500/2384/2375 667/1913/1906 3061/754/751
f 3061/754/751 1994/800/797 1500/2384/2375
f 2790/2804/2780 3062/2911/2884 962/2802/2778
f 2763/1087/1084 962/2802/2778 3062/2911/2884
f 3063/2906/2879 233/2030/2023 2989/2907/2880
f 3063/2906/2879 2636/2629/2612 233/2030/2023
f 3064/2334/2325 855/2738/2717 589/586/583
f 1420/533/530 855/2738/2717 3064/2334/2325
f 1342/3224/2077 550/2082/2075 3065/2855/2829
f 3065/2855/2829 922/2649/2076 1342/3224/2077
f 2496/2575/2561 3066/3148/3116 175/940/937
f 2496/2575/2561 765/715/712 3066/3148/3116
f 3279/2885/2859 3067/3390/3332 3045/2445/2434
f 182/2716/2695 3045/2445/2434 3067/3390/3332
f 2395/1712/1706 3068/209/209 2394/242/242
f 3068/209/209 41/210/210 2394/242/242
f 376/1633/1627 379/1009/1006 3069/1665/1659
f 379/1009/1006 186/1943/1936 3069/1665/1659
f 3070/32/32 1051/1738/1732 1490/34/34
f 3070/32/32 1490/34/34 3246/33/33
f 275/2658/2637 2434/1332/1327 3071/2414/2405
f 816/2657/2636 275/2658/2637 3071/2414/2405
f 3072/2745/2724 1874/2743/2722 247/1298/1293
f 246/1297/1292 3072/2745/2724 247/1298/1293
f 160/858/855 3073/2947/2920 1416/2704/2683
f 1416/2704/2683 3073/2947/2920 981/2705/2684
f 1369/2469/2458 769/485/482 3074/2470/2459
f 769/485/482 2494/426/423 3074/2470/2459
f 3075/2547/2533 912/3057/3027 2042/3256/3217
f 3075/2547/2533 3032/3056/3026 912/3057/3027
f 18/40/40 3076/140/140 1989/141/141
f 19/39/39 3076/140/140 18/40/40
f 1197/931/928 3077/2576/2562 3319/3360/3309
f 3077/2576/2562 1197/931/928 3066/3148/3116
f 576/1174/1171 1829/1123/1120 3078/3368/3317
f 3078/3368/3317 1829/1123/1120 2826/1125/1122
f 1550/1346/1341 3079/1345/1340 279/3345/3299
f 3079/1345/1340 158/1393/1388 279/3345/3299
f 1801/1233/1230 866/2754/2733 3080/2755/2734
f 1271/1234/1231 1801/1233/1230 3080/2755/2734
f 3248/79/79 1638/1571/1565 3081/3329/3283
f 1638/1571/1565 1067/75/75 3081/3329/3283
f 1377/3190/3156 2527/3243/3205 3082/1390/1385
f 3238/396/393 1377/3190/3156 3082/1390/1385
f 2142/3386/3164 1633/2141/2134 3083/519/516
f 2142/3386/3164 3083/519/516 1300/2148/2141
f 3084/2965/2937 1004/1644/1638 2383/2370/2361
f 3084/2965/2937 2796/2303/2294 1004/1644/1638
f 3085/3330/3284 2139/2053/2046 541/900/897
f 3085/3330/3284 541/900/897 1397/894/891
f 2878/696/693 3303/698/695 3086/701/698
f 2878/696/693 3086/701/698 1088/3067/3037
f 1367/259/259 3087/3238/3200 1426/3237/3199
f 1446/1554/1548 3087/3238/3200 1367/259/259
f 3088/3306/3261 1565/1695/1689 1030/1694/1688
f 3088/3306/3261 1030/1694/1688 2459/1686/1680
f 236/2742/2721 933/2867/2841 3089/1286/1282
f 236/2742/2721 3089/1286/1282 2300/1292/1287
f 3090/2005/1998 836/2701/2680 592/797/794
f 3325/3308/3263 2297/3054/3024 836/2701/2680
f 2823/730/727 532/729/726 3091/657/654
f 2776/2087/2080 3091/657/654 532/729/726
f 2070/368/365 2740/367/364 3092/431/428
f 3092/431/428 2740/367/364 2111/1757/1751
f 3093/1542/1536 630/2336/2327 2941/3310/3265
f 1323/620/617 630/2336/2327 3093/1542/1536
f 936/165/165 2130/2869/2843 3094/2533/2521
f 2130/2869/2843 747/50/50 3094/2533/2521
f 2066/2969/2941 3095/2279/2270 1464/3272/3232
f 3095/2279/2270 2363/2280/2271 1464/3272/3232
f 3096/2283/2274 608/2276/2267 3095/2279/2270
f 3096/2283/2274 892/2282/2273 608/2276/2267
f 3097/2409/2400 2023/3183/3149 1276/3181/3147
f 3187/601/598 3097/2409/2400 88/404/401
f 1191/509/506 3098/3011/2981 1650/507/504
f 3098/3011/2981 1037/2814/2790 1650/507/504
f 1221/2382/2373 3099/2397/2388 1264/1416/1410
f 679/1405/1400 3099/2397/2388 1221/2382/2373
f 3100/2826/2800 1648/2828/2802 932/2517/2505
f 596/798/795 3100/2826/2800 932/2517/2505
f 3101/3060/3030 161/844/841 1080/843/840
f 3101/3060/3030 1825/839/836 161/844/841
f 3102/3307/3262 1567/1590/1584 2691/1589/1583
f 1487/57/57 1567/1590/1584 3102/3307/3262
f 388/1621/1615 3103/599/596 365/1622/1616
f 365/1622/1616 3103/599/596 2942/1624/1618
f 2810/2540/2528 2447/2539/2527 3104/2758/2737
f 3104/2758/2737 2447/2539/2527 867/3107/2736
f 2352/1599/1593 3105/3110/3079 1138/3109/3078
f 3105/3110/3079 445/506/503 1138/3109/3078
f 2581/2502/2491 3106/3365/3314 1273/285/285
f 3106/3365/3314 1816/2001/1994 1273/285/285
f 3107/2943/2916 979/2200/2192 2525/2945/2918
f 2638/2430/2419 979/2200/2192 3107/2943/2916
f 1454/299/299 1522/3226/3188 3108/2997/2968
f 2213/2550/2536 3108/2997/2968 1522/3226/3188
f 1039/3013/2983 2620/3260/3220 3109/127/127
f 2620/3260/3220 1142/128/128 3109/127/127
f 3110/2933/2906 3111/654/651 1542/656/653
f 972/2146/2139 565/2898/2871 3110/2933/2906
f 3111/654/651 565/2898/2871 1581/2140/2133
f 3110/2933/2906 565/2898/2871 3111/654/651
f 3112/1776/1770 416/1782/1776 414/1774/1768
f 3112/1776/1770 414/1774/1768 249/1773/1767
f 3113/2511/2499 2837/3286/3244 1972/417/414
f 3113/2511/2499 1972/417/414 1376/467/464
f 1643/1576/1570 3114/1581/1575 1341/1594/1588
f 1410/171/171 3114/1581/1575 1643/1576/1570
f 1203/2064/2057 3115/2104/2097 786/2626/2609
f 786/2626/2609 3115/2104/2097 1117/2105/2098
f 3116/1887/1881 461/753/750 925/803/800
f 3116/1887/1881 925/803/800 1788/1850/1844
f 1766/1265/1262 3117/3405/1264 934/1266/1263
f 934/1266/1263 3117/3405/1264 2936/2872/2846
f 2448/2245/2236 3118/2192/2184 2100/2243/2235
f 2100/2243/2235 3118/2192/2184 1478/2620/2603
f 3119/607/604 355/537/534 2974/608/605
f 3119/607/604 924/2856/2830 355/537/534
f 2308/3283/3241 3120/1974/1967 514/246/246
f 3120/1974/1967 1073/244/244 514/246/246
f 1832/3354/3303 3121/1724/1718 43/2249/2240
f 1832/3354/3303 396/1725/1719 3121/1724/1718
f 3122/1561/1555 1668/3337/3291 3005/1562/1556
f 3122/1561/1555 342/62/62 1668/3337/3291
f 1455/1570/1564 3123/66/66 623/73/73
f 3123/66/66 3324/74/74 623/73/73
f 3124/421/418 2162/3200/3165 363/386/383
f 2162/3200/3165 3124/421/418 1302/1614/1608
f 3239/3315/3270 3125/2525/2513 1589/2524/2512
f 3125/2525/2513 93/534/531 1589/2524/2512
f 3126/2075/2068 826/805/802 157/1319/1314
f 3126/2075/2068 1888/806/803 826/805/802
f 1071/3049/3019 3127/3270/3230 3128/3051/3021
f 3127/3270/3230 1451/226/226 1889/228/228
f 3128/3051/3021 3127/3270/3230 1889/228/228
f 3128/3051/3021 1889/228/228 1073/244/244
f 2020/3326/3280 3129/2476/2465 1618/3289/3247
f 1618/3289/3247 3129/2476/2465 2146/728/725
f 1546/2667/2646 3130/2662/2641 804/200/200
f 1546/2667/2646 2395/1712/1706 3130/2662/2641
f 2394/242/242 41/210/210 3131/243/243
f 41/210/210 1373/273/273 3131/243/243
f 3131/243/243 1373/273/273 3132/3242/3204
f 1373/273/273 3133/2665/2644 3132/3242/3204
f 3132/3242/3204 3133/2665/2644 70/2938/2911
f 3133/2665/2644 2070/368/365 70/2938/2911
f 3134/3073/3043 22/100/100 1106/99/99
f 3134/3073/3043 1720/2032/2025 22/100/100
f 3135/704/701 879/2784/2760 1378/652/649
f 2704/1835/1829 879/2784/2760 3135/704/701
f 2195/277/277 3136/213/213 44/2707/2686
f 3136/213/213 2962/215/215 44/2707/2686
f 3137/3058/3028 1340/265/265 876/264/264
f 3138/2778/2754 876/264/264 2944/266/266
f 2134/2979/2951 3137/3058/3028 3138/2778/2754
f 3137/3058/3028 876/264/264 3138/2778/2754
f 3139/2617/2600 2591/2129/2122 693/3402/2416
f 1616/2130/2123 2591/2129/2122 3139/2617/2600
f 3140/2479/2468 1402/2862/2836 578/2861/2835
f 3141/1098/1095 578/2861/2835 990/1099/1096
f 3140/2479/2468 578/2861/2835 3141/1098/1095
f 3140/2479/2468 3141/1098/1095 202/2167/2160
f 1411/2273/2264 3273/2630/491 3142/769/766
f 3323/768/765 1411/2273/2264 3142/769/766
f 1271/1234/1231 3143/1158/1155 1841/1232/1229
f 1841/1232/1229 3143/1158/1155 211/2545/2531
f 552/760/757 3144/3078/3048 1096/761/758
f 552/760/757 1647/757/754 3144/3078/3048
f 3145/756/753 1824/2220/2212 1396/3077/3047
f 3145/756/753 1396/3077/3047 3144/3078/3048
f 3146/2417/2408 1900/3376/3325 1901/2156/2149
f 3147/1995/1988 136/1994/1987 1900/3376/3325
f 1538/812/809 3147/1995/1988 3146/2417/2408
f 3146/2417/2408 3147/1995/1988 1900/3376/3325
f 3148/3145/3113 3149/3135/3104 1172/3378/3327
f 2600/2765/2743 3148/3145/3113 1172/3378/3327
f 3148/3145/3113 2076/381/378 3149/3135/3104
f 2214/383/380 3149/3135/3104 2076/381/378
f 3150/150/150 708/2462/2451 21/2464/2453
f 3150/150/150 2078/152/152 708/2462/2451
f 131/710/707 2372/1704/1698 3151/712/709
f 545/714/711 131/710/707 3151/712/709
f 927/2194/2186 3152/3285/3243 1503/2195/2187
f 1503/2195/2187 3152/3285/3243 860/2530/2518
f 3153/2114/2107 162/845/842 1392/872/869
f 1080/843/840 162/845/842 3153/2114/2107
f 2239/1656/1650 491/1651/1645 3154/1657/1651
f 491/1651/1645 1469/1933/1926 3154/1657/1651
f 31/1379/1374 2917/1378/1373 3155/208/208
f 31/1379/1374 3155/208/208 2762/2410/2401
f 811/205/205 3156/1834/1828 1445/206/206
f 3156/1834/1828 649/2371/2362 3157/3267/3227
f 3157/3267/3227 812/2678/2657 1445/206/206
f 3156/1834/1828 3157/3267/3227 1445/206/206
f 3158/2529/2517 2391/1159/1156 1252/1153/1150
f 3158/2529/2517 2265/1489/1483 2391/1159/1156
f 812/2678/2657 3159/2679/2658 996/1832/1826
f 3157/3267/3227 3159/2679/2658 812/2678/2657
f 215/2561/2547 884/1360/1355 3160/2562/2548
f 3160/2562/2548 884/1360/1355 2532/2239/2231
f 3161/923/920 1101/2242/2234 2079/2827/2801
f 907/878/875 3161/923/920 2079/2827/2801
f 872/2046/2039 3162/2711/2690 2684/2882/2856
f 3162/2711/2690 1722/2710/2689 2684/2882/2856
f 3163/3363/3312 1807/1079/1076 1155/1080/1077
f 3163/3363/3312 1646/1368/1363 1807/1079/1076
f 3164/539/536 674/538/535 444/2783/2759
f 2704/1835/1829 3164/539/536 444/2783/2759
f 937/1271/1267 3165/2741/2720 2126/1272/1268
f 937/1271/1267 2040/2871/2845 3165/2741/2720
f 76/1615/1609 658/394/391 3166/3282/3240
f 76/1615/1609 3166/3282/3240 2761/1616/1610
f 481/21/21 3167/20/20 1662/1739/1733
f 3167/20/20 1705/1732/1726 1662/1739/1733
f 2863/988/985 761/2641/2622 3168/2909/2882
f 3168/2909/2882 961/2564/2550 2863/988/985
f 3169/1618/1612 2498/1919/1912 478/119/119
f 1303/1617/1611 2498/1919/1912 3169/1618/1612
f 3170/3361/3310 2017/852/849 1077/854/851
f 3170/3361/3310 1803/3079/3049 2017/852/849
f 1290/1898/1892 3171/3055/3025 1488/221/221
f 3171/3055/3025 1022/329/328 1488/221/221
f 3172/3069/3039 1840/1003/1000 1691/2931/2904
f 1691/2931/2904 970/1052/1049 3172/3069/3039
f 1870/628/625 1822/3229/3191 3173/2878/2852
f 3173/2878/2852 1822/3229/3191 2786/2879/2853
f 3174/697/694 1094/645/642 3303/698/695
f 1640/3074/3044 1094/645/642 3175/3075/3045
f 1792/3068/3038 3175/3075/3045 3174/697/694
f 3175/3075/3045 1094/645/642 3174/697/694
f 3176/1202/1199 2670/1201/1198 989/2748/2727
f 860/2530/2518 3176/1202/1199 989/2748/2727
f 663/2381/2372 3099/2397/2388 3177/1409/1404
f 663/2381/2372 3177/1409/1404 1260/1407/1402
f 1112/1374/1369 2642/3088/3058 3178/29/29
f 1112/1374/1369 3178/29/29 807/38/38
f 2630/251/251 1731/3349/3301 3179/250/250
f 2539/278/278 3179/250/250 3234/2991/2963
f 3180/2379/2370 2059/3252/3213 641/2358/2349
f 1659/2328/2319 3180/2379/2370 641/2358/2349
f 495/1844/1838 2004/1839/1833 3181/542/539
f 495/1844/1838 3181/542/539 2785/544/541
f 2492/2858/2832 3182/2753/2732 1409/3140/3109
f 1182/1951/1944 1409/3140/3109 3182/2753/2732
f 3183/2373/2364 2723/2440/2429 652/2372/2363
f 3183/2373/2364 652/2372/2363 343/2318/2309
f 3315/3407/3339 3184/1285/1281 265/1357/1352
f 3184/1285/1281 766/2577/2563 265/1357/1352
f 3185/1893/1887 463/1041/1038 1020/1050/1047
f 1217/1892/1886 463/1041/1038 3185/1893/1887
f 1869/3372/3321 1132/483/480 3186/2468/2457
f 1869/3372/3321 3186/2468/2457 2760/2094/2087
f 2023/3183/3149 3187/601/598 1310/600/597
f 2023/3183/3149 3097/2409/2400 3187/601/598
f 1853/3150/3118 3188/3204/3167 1198/392/389
f 3188/3204/3167 72/393/390 1198/392/389
f 1233/2735/2714 3189/3170/3137 2396/1245/1242
f 3189/3170/3137 1235/1243/1240 2396/1245/1242
f 2215/3274/3234 3047/3342/3296 3190/1054/1051
f 2215/3274/3234 3190/1054/1051 1295/1053/1050
f 1345/2848/2822 2149/83/83 3191/86/86
f 2415/85/85 1345/2848/2822 3191/86/86
f 3192/472/469 1713/471/468 802/2093/2086
f 1932/2663/2642 3192/472/469 802/2093/2086
f 3193/2157/2150 585/2221/2213 2073/3269/3229
f 1449/2621/2604 3193/2157/2150 2073/3269/3229
f 3194/3338/3292 134/759/756 955/2390/2381
f 1436/2389/2380 3194/3338/3292 955/2390/2381
f 1902/2480/2469 3195/904/901 1556/2077/2070
f 3195/904/901 2949/3367/3316 1556/2077/2070
f 472/2383/2374 3196/2071/2064 667/1913/1906
f 2279/1912/1905 3196/2071/2064 472/2383/2374
f 71/1741/1735 403/409/406 3197/1742/1736
f 403/409/406 2882/2690/2669 3197/1742/1736
f 1835/588/585 3198/590/587 392/1710/1704
f 3198/590/587 2771/2962/2934 392/1710/1704
f 1497/332/331 3199/2988/2960 1484/267/267
f 1484/267/267 3199/2988/2960 1684/2442/2431
f 1789/1503/1497 3200/2112/2105 2639/1504/1498
f 3200/2112/2105 1789/1503/1497 321/2514/2502
f 3201/3335/3289 2717/1873/1867 1173/1872/1866
f 3201/3335/3289 2715/2527/2515 2717/1873/1867
f 1072/1986/1979 3202/3334/3288 1890/3050/3020
f 64/338/335 3202/3334/3288 1072/1986/1979
f 3203/1307/1302 3112/1776/1770 249/1773/1767
f 1865/1619/1613 3203/1307/1302 249/1773/1767
f 1595/1042/1039 3204/3317/3272 2191/3299/3255
f 3204/3317/3272 198/1044/1041 2191/3299/3255
f 1887/569/566 3205/2636/2617 1701/2012/2005
f 1887/569/566 1317/568/565 3205/2636/2617
f 3206/3255/3216 1402/2862/2836 2420/1020/1017
f 714/2191/2183 1402/2862/2836 3206/3255/3216
f 2971/3081/3051 3207/26/26 397/2694/2673
f 2971/3081/3051 2701/3080/3050 3207/26/26
f 3208/3004/2975 1031/2481/2470 809/2455/2444
f 2479/2453/2442 1031/2481/2470 3208/3004/2975
f 1182/1951/1944 2197/3142/3111 3209/3141/3110
f 2197/3142/3111 290/1952/1945 3209/3141/3110
f 3210/2063/2056 231/1226/1223 1005/2966/2938
f 3115/2104/2097 3210/2063/2056 1005/2966/2938
f 3211/1175/1172 1641/1176/1173 1871/3331/3285
f 1086/2652/2631 3211/1175/1172 1871/3331/3285
f 2869/2691/2670 3212/957/954 187/3309/3264
f 3212/957/954 2645/956/953 187/3309/3264
f 3213/2981/2953 3321/1937/1930 1596/3318/3273
f 3295/1096/1093 3213/2981/2953 1596/3318/3273
f 1513/3037/3007 3322/3036/3006 2779/1032/1029
f 1058/3035/3005 3322/3036/3006 1513/3037/3007
f 3215/1097/1094 1596/3318/3273 3322/3036/3006
f 3295/1096/1093 1596/3318/3273 3215/1097/1094
f 127/689/686 851/2730/2709 3216/2522/2510
f 127/689/686 3216/2522/2510 2482/2523/2511
f 3217/436/433 82/474/471 3011/458/455
f 1141/435/432 82/474/471 3217/436/433
f 3217/436/433 3218/457/454 2180/434/431
f 2180/434/431 3218/457/454 1062/462/459
f 2010/2703/2682 3219/3070/3040 873/469/466
f 3219/3070/3040 2010/2703/2682 1090/765/762
f 1142/128/128 2773/3404/3338 3220/3112/3081
f 3220/3112/3081 2773/3404/3338 2774/130/130
f 3221/1446/1440 407/1764/1758 2806/750/747
f 3221/1446/1440 2806/750/747 1517/752/749
f 83/455/452 3222/428/425 2356/430/427
f 606/454/451 3222/428/425 83/455/452
f 3223/307/307 1735/3351/269 780/308/235
f 3223/307/307 993/405/402 1735/3351/269
f 3224/309/308 88/404/401 1588/403/400
f 3224/309/308 1588/403/400 3223/307/307
f 1817/155/155 535/2466/2455 3225/2463/2452
f 3225/2463/2452 535/2466/2455 1095/2465/2454
f 3226/2031/2024 1095/2465/2454 1720/2032/2025
f 3226/2031/2024 3225/2463/2452 1095/2465/2454
f 559/1279/1275 239/1280/1276 3227/1183/1180
f 3227/1183/1180 239/1280/1276 716/1173/1170
f 3228/1830/1824 442/1347/1342 824/323/322
f 3228/1830/1824 263/1343/1338 442/1347/1342
f 997/320/319 3229/1310/1305 263/1343/1338
f 442/1347/1342 263/1343/1338 3229/1310/1305
f 3230/3048/3018 54/2939/2912 976/270/270
f 2201/3320/3275 54/2939/2912 3230/3048/3018
f 3231/2994/2966 2342/2993/2965 1024/2270/2261
f 72/393/390 3231/2995/2966 3232/2271/2262
f 1024/3293/2261 2554/443/440 3232/2271/2262
f 3231/2995/2966 1024/3293/2261 3232/2271/2262
f 895/2387/2378 3233/639/636 2217/2808/2784
f 2217/2808/2784 3233/639/636 91/641/638
f 3179/250/250 1731/3349/3301 3234/2991/2963
f 3234/2991/2963 1731/3349/3301 71/1741/1735
f 2108/3246/3208 113/2338/2329 3235/2065/2058
f 2108/3246/3208 3235/2065/2058 2466/1671/1665
f 3236/2902/2875 1977/2901/2874 115/638/635
f 3236/2902/2875 115/638/635 1884/676/673
f 1633/2141/2134 3237/2143/2136 1838/517/514
f 1838/517/514 3237/2143/2136 972/2146/2139
f 1914/2536/2524 1286/3189/3155 3238/396/393
f 1914/2536/2524 3238/396/393 2594/395/392
f 456/602/599 3239/3315/3270 1589/2524/2512
f 3187/601/598 3239/3315/3270 456/602/599
f 3240/3362/3311 1306/3201/3166 1558/1886/1880
f 901/1239/1236 1306/3201/3166 3240/3362/3311
f 3241/3247/3209 203/1076/1073 1384/2729/2708
f 1121/1075/1072 3241/3247/3209 1384/2729/2708
f 218/1149/1146 3242/3127/3096 1384/2729/2708
f 3242/3127/3096 1121/1075/1072 1384/2729/2708
f 1830/2180/2173 1027/2998/2969 3243/151/151
f 3243/151/151 1027/2998/2969 2078/152/152
f 703/3076/3046 165/896/893 3244/1335/1330
f 703/3076/3046 3244/1335/1330 1803/3079/3049
f 3245/2624/2607 2213/2550/2536 755/2551/2537
f 2392/1969/1962 3245/2624/2607 755/2551/2537
f 2999/1745/1739 3246/33/33 485/1746/1740
f 3246/33/33 1480/36/36 485/1746/1740
f 1222/3161/3129 3247/543/540 651/1847/1841
f 3247/543/540 2871/1848/1842 651/1847/1841
f 2692/77/77 2691/1589/1583 3248/79/79
f 2692/77/77 3248/79/79 1283/78/78
f 3249/741/738 713/776/773 142/2623/2606
f 142/2623/2606 1449/2621/2604 3249/741/738
f 3168/2909/2882 1216/2642/2623 3250/2908/2881
f 3250/2908/2881 1216/2642/2623 3021/2360/2351
f 2174/2751/2730 3251/2953/2926 237/2118/2111
f 3251/2953/2926 2174/2751/2730 757/1253/1250
f 298/414/411 3252/325/324 77/415/412
f 77/415/412 3253/358/355 1045/357/354
f 77/415/412 3252/325/324 3253/358/355
f 1671/1609/1603 3253/358/355 3252/325/324
f 100/557/554 3254/2495/2484 2046/525/522
f 719/552/549 3254/2495/2484 100/557/554
f 900/2815/2791 2568/1238/1235 3255/1240/1237
f 900/2815/2791 3255/1240/1237 1387/1223/1220
f 3256/502/499 300/1467/1461 2834/1766/1760
f 3256/502/499 292/501/498 300/1467/1461
f 87/500/497 3256/502/499 3257/1450/1444
f 3257/1450/1444 3256/502/499 2834/1766/1760
f 1075/306/306 3258/3323/3278 2329/176/176
f 2329/176/176 3258/3323/3278 1606/3235/3197
f 3143/1158/1155 3259/2541/2529 211/2545/2531
f 211/2545/2531 3259/2541/2529 1308/2982/2954
f 971/2144/2137 3260/3300/3256 1911/2932/2905
f 971/2144/2137 3110/2933/2906 3260/3300/3256
f 1190/1700/1694 388/1621/1615 3261/1693/1687
f 1962/1692/1686 1190/1700/1694 3261/1693/1687
f 1864/1978/1971 2558/1982/1975 3262/1989/1982
f 2847/1976/1969 1864/1978/1971 3262/1989/1982
f 2918/2664/2643 1359/3233/3195 3263/3091/3061
f 3263/3091/3061 1359/3233/3195 1150/3090/3060
f 3264/3151/3119 1199/963/960 1696/830/827
f 2953/2317/2308 3264/3151/3119 1696/830/827
f 1049/3025/2995 3265/3024/2994 692/114/114
f 3265/3024/2994 691/2423/2414 692/114/114
f 3266/1184/1181 1842/1186/1183 973/2189/2181
f 577/2197/2189 3266/1184/1181 973/2189/2181
f 3267/1731/1725 1329/2534/2522 2616/2870/2844
f 3267/1731/1725 833/44/44 1329/2534/2522
f 1898/190/190 3268/1610/1604 1523/1592/1586
f 1898/190/190 2906/1582/1576 3268/1610/1604
f 650/1006/1003 3269/3210/3173 2044/1944/1937
f 506/1004/1001 3269/3210/3173 650/1006/1003
f 2588/3206/3169 1313/2138/2131 3270/622/619
f 1313/2138/2131 2804/2137/2130 3270/622/619
f 986/1513/1507 2077/1512/1506 3271/2824/2798
f 3272/495/492 986/1513/1507 3271/2824/2798
f 323/644/641 3272/495/492 3273/494/491
f 986/1513/1507 3272/495/492 323/644/641
f 1411/2273/2264 1305/3257/639 3273/2630/491
f 1305/642/639 323/644/641 3273/494/491
f 2896/2681/2660 814/1628/1622 3274/3158/3126
f 2896/2681/2660 3274/3158/3126 2472/3159/3127
f 3275/1225/1222 1179/1792/1786 231/1226/1223
f 3275/1225/1222 231/1226/1223 1148/2062/2055
f 3130/2662/2641 3276/3399/3335 50/2660/2639
f 3276/3399/3335 1374/241/241 50/2660/2639
f 875/2832/2806 1251/3160/3128 3277/2833/2807
f 3277/2833/2807 1251/3160/3128 3278/3385/3328
f 3278/3385/3328 2075/2776/2752 3277/2833/2807
f 3278/3385/3328 2789/2775/2751 2075/2776/2752
f 2407/2886/2860 3279/2885/2859 3045/2445/2434
f 1971/933/930 3279/2885/2859 2407/2886/2860
f 3280/860/857 878/2781/2757 1645/1518/1512
f 3280/860/857 781/2611/2597 878/2781/2757
f 79/453/450 2649/439/436 3281/1977/1970
f 2847/1976/1969 79/453/450 3281/1977/1970
f 1860/994/991 3282/996/993 506/1004/1001
f 3282/996/993 3269/3210/3173 506/1004/1001
f 1404/627/624 912/3057/3027 3283/2838/2812
f 3283/2838/2812 1870/628/625 1404/627/624
f 1724/635/632 2940/2339/2330 3284/2402/2393
f 1724/635/632 3284/2402/2393 685/1669/1663
f 1551/2485/2474 220/2486/2475 3285/1181/1178
f 2805/1180/1177 1551/2485/2474 3285/1181/1178
f 3286/2258/2249 1594/2875/2849 2336/2263/2254
f 3286/2258/2249 602/2096/2089 1594/2875/2849
f 1782/3/3 1/1876/1870 3287/2252/2243
f 3287/2252/2243 1/1876/1870 1543/2677/2656
f 2463/909/906 2364/3118/3087 3288/2275/2266
f 2364/3118/3087 1146/3291/3249 3288/2275/2266
f 2678/2917/2890 1944/2126/2119 3289/2913/2886
f 1944/2126/2119 1119/2127/2120 3289/2913/2886
f 3103/599/596 105/598/595 3290/479/476
f 3103/599/596 3290/479/476 2942/1624/1618
f 295/1451/1445 3291/1454/1448 2746/1452/1446
f 3291/1454/1448 295/1451/1445 2817/1455/1449
f 1814/672/669 589/586/583 3292/2228/2220
f 589/586/583 2571/2739/2718 3292/2228/2220
f 3293/374/371 2318/1800/1794 434/1311/1306
f 3229/1310/1305 3293/374/371 434/1311/1306
f 2455/2594/2580 3294/192/192 2454/2779/2755
f 2455/2594/2580 2078/152/152 3294/192/192
f 2793/1095/1092 1231/1112/1109 3295/1096/1093
f 1231/1112/1109 1017/3167/3134 3295/1096/1093
f 3296/2655/2634 819/2413/2404 1582/1828/1822
f 3296/2655/2634 1582/1828/1822 2733/1556/1550
f 3297/1632/1626 3008/1631/1625 2229/1662/1656
f 2229/1662/1656 1728/1012/1009 3297/1632/1626
f 1524/344/341 520/343/340 3298/1973/1966
f 3120/1974/1967 1524/344/341 3298/1973/1966
f 3299/2036/2029 2241/2586/2572 39/2037/2030
f 1316/2585/2571 2241/2586/2572 3299/2036/2029
f 3300/859/856 167/2612/902 781/2611/2597
f 3280/860/857 3300/859/856 781/2611/2597
f 3301/2601/2587 566/2145/2138 971/2144/2137
f 3301/2601/2587 1140/518/515 566/2145/2138
f 1030/1694/1688 3302/3305/3260 104/1681/1675
f 3302/3305/3260 2460/591/588 104/1681/1675
f 2611/3218/3181 123/699/696 3303/698/695
f 3303/698/695 123/699/696 3086/701/698
f 393/125/125 3304/2597/2583 1954/2598/2584
f 1954/2598/2584 3304/2597/2583 2405/199/199
f 3305/3413/377 1700/2504/2492 2818/2503/1614
f 1995/3038/3008 1700/2504/2492 3305/3413/377
f 3306/2490/2479 729/2327/2318 1763/1120/1117
f 3013/2184/2176 3306/2490/2479 1763/1120/1117
f 2938/3171/3138 3307/3162/3130 789/2253/2244
f 3307/3162/3130 170/2254/2245 789/2253/2244
f 3308/1650/1644 190/1635/1629 1469/1933/1926
f 3308/1650/1644 374/1007/1004 190/1635/1629
f 1624/3327/3281 3309/978/975 2283/1959/1952
f 507/3328/3282 3309/978/975 1624/3327/3281
f 27/1595/1589 353/189/189 3310/1559/1553
f 3310/1559/1553 353/189/189 666/191/191
f 3311/1331/1326 1256/3175/3141 1248/322/321
f 3311/1331/1326 52/294/294 1256/3175/3141
f 3312/2222/2214 877/2224/2216 629/578/575
f 3312/2222/2214 1651/531/528 877/2224/2216
f 2766/1826/1820 3313/3245/3207 1381/825/822
f 3313/3245/3207 1714/1534/1528 1381/825/822
f 1738/2820/2795 2807/1283/1279 3314/3359/3308
f 3315/3407/3339 2807/1283/1279 3184/1285/1281
f 1766/1268/1262 3314/3359/3308 3315/3407/3339
f 2807/1283/1279 3315/3407/3339 3314/3359/3308
f 3316/2092/2085 2224/2556/2542 147/2218/2210
f 146/2091/2084 2224/2556/2542 3316/2092/2085
f 518/1992/1985 520/343/340 3317/342/339
f 2734/345/342 518/1992/1985 3317/342/339
f 1468/3193/3158 373/1915/1908 3318/1653/1647
f 3318/1653/1647 373/1915/1908 369/1654/1648
f 1274/732/729 1249/2890/2864 3319/3360/3309
f 1274/732/729 3319/3360/3309 3077/2576/2562
f 3319/3360/3309 3320/3180/3146 1787/932/929
f 3320/3180/3146 948/2889/2863 1787/932/929
f 3321/1937/1930 497/2873/2847 1431/2795/2771
f 497/2873/2847 3321/1937/1930 2209/1024/1021
f 3322/3036/3006 1596/3318/3273 3214/1938/1931
f 3322/3036/3006 3214/1938/1931 2779/1032/1029
f 1411/2273/2264 3323/768/765 607/2274/2265
f 607/2274/2265 3323/768/765 1319/3209/3172
f 20/2574/2560 3324/74/74 3326/2572/2558
f 3324/74/74 20/2574/2560 1067/75/75
f 3325/3308/3263 3090/2005/1998 1570/3034/3004
f 3325/3308/3263 836/2701/2680 3090/2005/1998
f 3324/74/74 2503/3344/3298 3326/2572/2558
f 740/2215/2207 3326/2572/2558 2503/3344/3298
f 3327/1655/1649 476/1649/1643 373/1915/1908
f 3327/1655/1649 3308/1650/1644 476/1649/1643
f 3328/2375/2366 509/1963/1956 2996/2376/2367
f 665/2377/2368 3328/2375/2366 2996/2376/2367
f 3329/1705/1699 1033/1707/1701 1621/3005/2976
f 2074/1670/1664 3329/1705/1699 1621/3005/2976
f 2024/376/373 3330/3384/3009 57/3383/1963
f 3330/3039/3009 1331/3026/2996 57/1970/1963
f 3331/2175/2168 1227/2972/2944 2311/2176/2169
f 3331/2175/2168 534/2029/2022 1227/2972/2944
f 3332/2131/2124 2718/694/691 542/2923/2896
f 3332/2131/2124 542/2923/2896 967/2055/2048
f 2802/2100/2093 3333/2099/2092 555/3231/3193
f 3333/2099/2092 23/2101/2094 3334/2159/2152
f 555/3231/3193 3333/2099/2092 3334/2159/2152
f 1357/2160/2153 555/3231/3193 3334/2159/2152
f 2516/3130/3099 3335/842/839 756/3104/3074
f 756/3104/3074 3335/842/839 1743/815/812
f 680/2398/2389 2490/1444/1438 3336/1443/1437
f 2094/937/934 680/2398/2389 3336/1443/1437
f 1506/1596/1590 3337/94/94 1610/3325/3279
f 3337/94/94 2735/93/93 1610/3325/3279
f 1563/720/717 2730/719/716 3338/2285/2276
f 1562/2238/2230 1563/720/717 3338/2285/2276
f 2020/3326/3280 713/776/773 3339/725/722
f 2020/3326/3280 3339/725/722 3129/2476/2465
f 3338/2285/2276 3340/2286/2277 1476/3278/3236
f 1476/3278/3236 3340/2286/2277 2641/2830/2804
