# This file uses centimeters as units for non-parametric coordinates.

mtllib pathpre4_low.mtl
g default
v -8741.095703 -9138.171875 -8082.481934
v -8865.638672 -6291.634277 85.298698
v -12709.408203 -5457.157227 -5337.405762
v -9117.061523 -4584.815918 -8040.378418
v -9217.777344 -8617.611328 -1555.910645
v -12464.979492 -8541.953125 -9424.287109
v -9795.465820 -8316.006836 -1387.770630
v -8973.917969 -7891.074219 -1383.890503
v -9525.291016 -5560.312988 -1195.266724
v -7671.286133 -8703.926758 -1708.445557
v -9867.240234 -9079.041992 -1340.907837
v -12223.626953 -5586.699219 -8033.430664
v -12143.627930 -7221.254883 -8987.994141
v -9961.809570 -7391.145020 -1519.641846
v -10155.066406 -8695.538086 -1588.872925
v -9953.054688 -6759.788086 -1560.514404
v -8255.717773 -9350.741211 -792.459106
v -7550.515625 -7598.515137 -1794.593140
v -7710.524414 -8365.922852 -1584.541382
v -12522.059570 -5242.745117 -3586.468994
v -10463.112305 -5909.687500 -1727.243896
v -6454.504883 -9472.326172 -1425.859375
v -5996.882324 -6917.750000 -1641.937134
v -9880.422852 -6240.960449 -1211.985962
v -10273.638672 -7489.896484 -1701.897339
v -8742.840820 -9138.882812 -8083.967773
v -8738.650391 -9138.036133 -8081.471191
v -9540.156250 -5841.375488 -1362.925903
v -12680.143555 -7892.198730 -7849.244629
v -10569.916016 -8973.917969 -1862.207153
v -8898.229492 -8967.455078 -7924.733887
v -8498.484375 -8584.841797 -1543.191040
v -12184.088867 -5045.703613 -7883.257324
v -10625.272461 -5162.333984 -1825.842529
v -10363.015625 -7377.577148 -2048.197510
v -10245.642578 -7111.171387 -1828.310181
v -11888.545898 -5520.727051 -9017.700195
v -11596.962891 -9459.829102 -5104.310059
v -10557.713867 -8640.725586 -2193.085205
v -12100.558594 -4911.427734 -6429.338867
v -10955.240234 -4546.828125 -2683.082520
v -10952.638672 -5447.158203 -5492.211426
v -6004.345215 -7675.164551 -943.995483
v -8040.208008 -6200.509277 -221.828613
v -10155.978516 -8868.429688 -6387.285156
v -10809.579102 -4742.778320 -2731.183838
v -6201.986816 -8825.471680 -1961.526367
v -10856.460938 -4818.842285 -3066.275635
v -11726.712891 -4527.817383 -2369.385742
v -10590.980469 -7917.661133 -2892.280029
v -8317.581055 -5826.733887 -1402.446899
v -12241.529297 -5901.782227 -1463.665649
v -12517.887695 -9318.860352 -7699.186035
v -11458.805664 -3902.451660 -4325.743164
v -8820.668945 -7684.430176 -7824.844727
v -10913.521484 -5420.761230 -9745.288086
v -10817.666016 -6180.966797 -3636.907471
v -10734.779297 -5864.513184 -2823.879150
v -10150.090820 -7100.565430 -9547.637695
v -10679.079102 -8300.293945 -3850.898682
v -12769.660156 -6714.155273 -4491.109375
v -7124.156250 -6084.985840 -902.812988
v -10753.666992 -8846.708984 -2939.226807
v -11304.503906 -3983.457275 -7222.618164
v -12617.845703 -5154.198730 -4045.936035
v -10744.239258 -7251.237305 -4496.696289
v -8852.219727 -5712.081055 -9319.773438
v -10303.915039 -5734.255859 -9511.903320
v -11149.159180 -4467.833496 -2738.252197
v -11584.567383 -3709.663330 -5507.000488
v -11782.166992 -4076.416260 -3314.378906
v -8139.337402 -8904.669922 -7962.127930
v -8070.465332 -8240.023438 -8958.155273
v -11280.906250 -3738.568848 -5160.604492
v -7852.767090 -7984.128906 -8736.148438
v -5873.191406 -6720.473633 -1177.338257
v -12487.493164 -5851.238281 -2856.380371
v -10815.373047 -5462.333008 -4400.233887
v -12278.235352 -4867.041016 -4722.548340
v -10992.742188 -8445.982422 -10432.485352
v -8686.669922 -5565.198242 -1075.664795
v -10768.212891 -8165.004395 -3359.363037
v -7121.627930 -6097.980957 -1426.870483
v -10799.516602 -6719.111328 -3680.606689
v -10388.378906 -6553.570312 -8389.884766
v -11861.001953 -9523.047852 -5108.950684
v -12437.342773 -6569.571289 -1935.379517
v -11055.549805 -5729.279297 -9658.158203
v -9118.477539 -5074.979492 -9364.565430
v -8278.523438 -9346.038086 -8246.279297
v -7911.334473 -8584.558594 -8031.795410
v -12051.063477 -3884.496094 -5713.008301
v -10942.404297 -4544.567871 -7785.659180
v -11752.983398 -6504.897461 -9012.868164
v -10415.419922 -4644.989258 -8357.588867
v -8605.465820 -6372.067871 -1.472668
v -8628.348633 -6877.493164 -8121.449707
v -7946.701172 -6278.162598 -8204.449219
v -11560.629883 -4279.999023 -3170.078125
v -9140.931641 -8751.619141 -9817.226562
v -6136.418945 -8109.905762 -1966.422974
v -8711.144531 -9324.547852 145.027664
v -10127.045898 -6044.597656 -9260.859375
v -10623.055664 -9123.685547 -5856.675781
v -8786.593750 -5467.822266 -8026.140625
v -10902.547852 -4053.134277 -7368.952637
v -10812.789062 -9190.625000 -3908.542725
v -12027.522461 -6467.872070 -8253.772461
v -10737.690430 -5121.825195 -8120.449219
v -8129.933594 -5705.024902 -9031.484375
v -10749.441406 -7068.593262 -7893.471680
v -10302.933594 -9060.509766 -7587.510742
v -12092.938477 -4798.332031 -8990.645508
v -13247.720703 -8632.275391 -7808.135254
v -7675.597168 -7766.455078 -8522.593750
v -12263.404297 -5967.560547 -6484.040527
v -10495.230469 -7507.843262 -7756.245117
v -11644.738281 -4371.920410 -9061.769531
v -12328.633789 -5361.614258 -2420.120361
v -10806.719727 -7011.092285 -4757.250977
v -8664.082031 -4626.799805 -8021.109863
v -11934.975586 -6249.330566 -7406.481445
v -11828.937500 -9377.513672 -8715.087891
v -12101.898438 -5597.945801 -7863.978516
v -11199.872070 -7653.607422 -9488.067383
v -9963.347656 -3911.685303 -8843.748047
v -7810.400879 -6862.600586 -8686.405273
v -12402.013672 -9346.647461 -6565.691895
v -12274.999023 -7756.291016 -8578.751953
v -9489.539062 -7542.139648 -9324.854492
v -6759.017090 -9147.083008 -1747.105225
v -8209.275391 -9284.927734 -9053.811523
v -10892.665039 -9201.328125 -10010.338867
v -8271.002930 -7596.330078 -9099.530273
v -8604.684570 -4172.064941 -8940.096680
v -10908.416016 -5083.633789 -7516.682617
v -13116.013672 -9091.911133 -6526.684570
v -9508.044922 -7963.903809 -9627.969727
v -12580.680664 -8258.071289 -8939.595703
v -11272.660156 -5081.696289 -1620.318970
v -9401.664062 -7620.662109 -9368.980469
v -9590.204102 -5894.148438 -8234.089844
v -10711.192383 -7586.459473 -4292.484375
v -9297.216797 -5988.948730 -9252.156250
v -8649.201172 -6024.579102 -9171.282227
v -12016.093750 -4758.726562 -8014.031250
v -9631.793945 -8972.424805 -10049.980469
v -10859.744141 -3925.218018 -8693.180664
v -7418.291992 -7072.247070 -1854.177612
v -12206.783203 -4210.007812 -4751.272949
v -10475.380859 -9176.697266 -6522.954590
v -11893.283203 -4499.084473 -6838.903809
v -10998.093750 -9342.440430 -6372.294434
v -10051.453125 -8635.042969 -7033.278809
v -9865.978516 -5637.976562 -8320.747070
v -10860.590820 -6545.904785 -5984.846680
v -11972.918945 -8114.919434 -9693.524414
v -10823.546875 -9165.546875 -4817.757812
v -10883.338867 -4455.933594 -4999.193848
v -7907.932129 -4277.236328 -8387.863281
v -7976.867676 -7501.172852 -1623.533325
v -8335.659180 -4151.625000 -8624.750977
v -7976.547852 -9045.189453 -8189.651855
v -9828.679688 -9288.215820 -9086.053711
v -11925.736328 -4646.760742 -7770.934082
v -10708.457031 -7356.420898 -5489.355957
v -12451.636719 -6368.269043 -1650.185669
v -11818.732422 -3845.532959 -4001.469727
v -9975.111328 -7859.795410 -7394.882812
v -8579.355469 -7289.986816 -9153.452148
v -9583.664062 -3933.562988 -8474.439453
v -11596.040039 -9496.322266 -7684.289551
v -10979.280273 -4967.969727 -6358.197266
v -10204.821289 -6372.592285 -9328.690430
v -9810.146484 -4015.729248 -8409.652344
v -9563.744141 -8316.390625 -9963.859375
v -10540.987305 -6168.488281 -8240.364258
v -10938.899414 -4399.456055 -5544.430664
v -9656.093750 -9247.195312 -9661.001953
v -11693.326172 -8822.329102 -10115.472656
v -11042.744141 -6722.839355 -9136.402344
v -9779.630859 -5684.333984 -1337.508179
v -10894.122070 -9327.921875 -7855.493652
v -10901.873047 -5647.969238 -6177.801270
v -11214.167969 -8065.256836 -10022.675781
v -10265.976562 -8102.388672 -5668.863281
v -11643.435547 -4488.482422 -9081.949219
v -10508.125977 -7568.894531 -6803.875488
v -9758.662109 -7471.484375 -7859.370117
v -10936.988281 -3911.980225 -5375.366211
v -10835.741211 -5849.765137 -5929.871094
v -10917.208008 -9380.630859 -6644.039551
v -10839.990234 -7018.354004 -6080.618652
v -7977.877441 -5563.744141 -8931.299805
v -12782.208008 -6656.109375 -3845.509033
v -10536.120117 -8371.837891 -10418.016602
v -9925.644531 -9092.601562 -7932.041504
v -12019.740234 -4241.636719 -5967.454590
v -9037.359375 -6171.544434 -5.751232
v -11383.082031 -5121.158691 -1419.448730
v -10836.945312 -8053.773926 355.707367
v -12627.021484 -5659.880859 -5762.520020
v -5986.570801 -9142.083984 -1563.623047
v -11130.555664 -5256.782715 -1234.864136
v -9131.104492 -6084.605469 -9134.041992
v -12041.843750 -4157.066406 -7327.726074
v -12345.504883 -6715.899902 -6809.127441
v -12064.471680 -5444.412598 -7528.633301
v -11758.362305 -6862.077637 -9200.746094
v -8476.312500 -5464.166992 -9346.255859
v -12321.207031 -6553.716309 -7665.323730
v -9234.309570 -6998.412109 -8134.710938
v -8950.723633 -8355.075195 -9351.396484
v -6038.800781 -9406.416016 -1432.404053
v -10933.475586 -4046.035400 -6837.615234
v -12713.246094 -5680.690918 -4906.541504
v -9022.218750 -8402.266602 804.029053
v -10928.192383 -6580.387207 -7610.851562
v -11846.033203 -4049.305420 -8402.739258
v -12318.588867 -6286.201172 -6540.358398
v -12349.022461 -5398.188965 -8676.326172
v -11594.426758 -5157.945801 -9597.111328
v -12220.019531 -6839.322266 -8214.408203
v -10225.970703 -4833.697754 -9502.911133
v -12819.712891 -6694.170410 -5110.057617
v -11950.817383 -3929.994141 -3909.008789
v -12606.098633 -5999.971191 -3078.302734
v -12432.699219 -5359.172363 -6316.978516
v -12250.157227 -4598.641113 -5108.065918
v -8738.446289 -8851.248047 601.772461
v -9262.204102 -9374.231445 244.308167
v -12931.109375 -9479.001953 -5593.337402
v -12156.071289 -9602.925781 -3810.946045
v -13338.084961 -9381.130859 -5035.425293
v -11662.103516 -9468.809570 -4037.353516
v -12455.622070 -7450.678223 -1362.456299
v -11683.180664 -9810.002930 -33.521416
v -10621.585938 -9315.469727 690.815369
v -6011.040527 -8495.236328 -729.105591
v -11543.856445 -9080.830078 640.518860
v -11726.322266 -9634.588867 -878.702454
v -10514.515625 -9521.885742 -347.447113
v -12260.840820 -7346.446777 -1320.742188
v -13576.827148 -9123.765625 -3466.306641
v -12344.146484 -6527.107422 -991.905334
v -11384.231445 -9564.584961 -845.087463
v -12378.474609 -9761.782227 -525.086670
v -9582.843750 -9328.789062 -864.986023
v -11063.581055 -9668.713867 -422.423615
v -13017.035156 -9227.682617 -1143.812378
v -13272.118164 -9514.323242 -1668.935425
v -12115.302734 -9625.506836 -96.140846
v -13371.873047 -9465.577148 -2698.678955
v -13040.055664 -9636.916016 -2747.613525
v -13536.127930 -8735.976562 -2512.420166
v -12409.392578 -8271.891602 -671.691345
v -12872.893555 -6970.384277 -5325.120605
v -12737.453125 -6818.394531 -3070.961670
v -12143.719727 -5913.283691 -7165.371582
v -10827.026367 -5975.413574 -7478.866699
v -11860.277344 -6341.814941 -8699.486328
v -12490.569336 -7097.416504 -7585.312500
v -13020.751953 -8428.125000 -8168.236816
v -10359.515625 -6647.940918 277.491333
v -13167.113281 -8129.808594 -7738.056152
v -13253.577148 -8401.815430 -1855.406128
v -12223.064453 -4713.675781 -4339.244629
v -13154.754883 -7401.751953 -2790.438721
v -13306.519531 -7543.459961 -4164.137695
v -7175.925293 -8536.180664 220.659103
v -13109.676758 -7532.940918 -6450.462891
v -12567.938477 -6341.171387 -3447.621094
v -12696.448242 -6372.039551 -5904.730469
v -13312.260742 -7907.469238 -5508.096680
v -10874.610352 -6290.410645 -119.775497
v -12079.645508 -8249.654297 -456.845551
v -12592.261719 -9161.948242 -408.826874
v -12569.926758 -8955.753906 -382.559021
v -11555.237305 -8327.693359 605.995239
v -12111.056641 -7934.751465 -9211.575195
v -9972.915039 -9359.810547 -976.226868
v -10949.370117 -6250.160645 -346.799377
v -13105.295898 -7692.225586 -6748.644531
v -13529.049805 -8703.657227 -4853.092285
v -13241.184570 -8911.047852 -7414.565918
v -12638.802734 -7392.936523 -6490.399902
v -12554.651367 -7473.891113 -6762.851074
v -13578.649414 -8269.424805 -3690.985107
v -13525.570312 -8270.060547 -3219.710693
v -11967.483398 -7885.072266 -9235.078125
v -12663.383789 -9082.405273 -8483.631836
v -6780.255371 -8756.699219 -174.236328
v -10851.566406 -6488.033203 -7336.133301
v -13438.768555 -8519.479492 -5392.718262
v -13394.541016 -7968.696289 -6577.005859
v -13406.206055 -8512.235352 -7009.373047
v -6086.229492 -7349.603027 -868.022217
v -9998.515625 -9311.033203 249.680649
v -11589.188477 -6274.899414 14.737475
v -7091.238281 -6930.382324 -331.585999
v -11820.825195 -7493.627441 -315.230133
v -10669.324219 -9017.168945 840.667664
v -11441.545898 -5548.113281 -879.920532
v -8758.182617 -8094.594727 561.763916
v -10202.206055 -5683.258301 -126.838371
v -12771.474609 -8741.609375 -939.211365
v -11489.741211 -6673.520020 168.232300
v -8896.934570 -5642.118164 -228.375092
v -12040.593750 -8257.473633 -119.418358
v -12938.008789 -9755.029297 -1624.468872
v -12397.943359 -6837.805664 -1607.059570
v -11437.425781 -7095.492188 119.840271
v -11966.465820 -6688.948242 -164.615860
v -9597.883789 -5476.773926 -326.692993
v -10052.264648 -8520.666016 725.189575
v -10260.139648 -7657.699707 312.770569
v -12608.728516 -9852.054688 -1730.291870
v -11971.649414 -6205.945801 -820.501892
v -12788.012695 -9416.350586 -1039.434692
v -7111.516113 -7698.109863 -243.304199
v -7114.335938 -6671.334473 -469.353790
v -7912.001465 -8108.735352 197.674866
v -7898.750000 -7054.583008 -294.440948
v -8429.082031 -7916.342285 8.502252
v -5868.067871 -8243.578125 -1144.201050
v -7386.025391 -9405.810547 -922.923828
v -6008.170898 -9152.112305 -1043.699707
v -8070.505859 -9404.524414 -172.708786
v -6216.822266 -8753.264648 -780.414185
v -7099.476074 -9018.621094 -7.091657
v -7392.630371 -9365.060547 -203.223694
v -9984.973633 -6295.490723 -8313.872070
v -10556.929688 -4999.630859 -8264.649414
v -12457.645508 -6761.665527 -7241.216309
v -9310.238281 -5399.930176 -8136.426270
v -10603.860352 -6680.096680 -8211.800781
v -12340.188477 -6445.192383 -6785.687500
v -10705.839844 -3939.762939 -8562.101562
v -9222.095703 -6635.125488 -8154.340820
v -8769.208984 -4395.546875 -8088.879395
v -10830.940430 -6221.202637 -4752.848633
v -11957.208008 -6051.301270 -7886.698242
v -12009.754883 -5877.043945 -7426.946777
v -9041.052734 -5722.687988 -8088.501465
v -10889.373047 -5082.104492 -7274.762207
v -10208.719727 -6263.286621 -8354.691406
v -10852.003906 -6817.171387 -5479.440918
v -12266.817383 -6571.679688 -6900.763672
v -7816.333496 -6361.876465 -8697.877930
v -8073.297363 -7111.048828 -8163.738770
v -8344.868164 -5746.697266 -8027.053223
v -7803.368164 -7578.889160 -8713.539062
v -8418.702148 -4085.438477 -8267.842773
v -7705.646973 -8358.618164 -8517.383789
v -10887.409180 -4497.233887 -8055.332031
v -8167.628418 -5383.645996 -8085.991699
v -10839.223633 -6123.865723 -6306.401855
v -7962.078125 -4752.846680 -8879.018555
v -9939.456055 -6770.813477 -8331.740234
v -8346.627930 -4404.833984 -9048.952148
v -9108.201172 -4996.910156 -8069.267578
v -9780.393555 -6694.006348 -8271.620117
v -12305.760742 -4780.658203 -5726.315918
v -10873.583008 -5774.196289 -6894.541016
v -11991.555664 -4882.790527 -6924.064941
v -10857.884766 -5994.587402 -6856.827637
v -12018.323242 -5179.577637 -7493.144043
v -7897.308594 -6713.566895 -8241.744141
v -10837.144531 -4105.830078 -8231.500977
v -9146.513672 -6105.325195 -8144.409668
v -7839.276367 -4940.676270 -8424.213867
v -10989.588867 -3976.855957 -8069.212402
v -9806.460938 -6318.873047 -8263.323242
v -12045.046875 -5596.401367 -7705.885742
v -11986.687500 -6182.567871 -7795.003418
v -10870.252930 -6526.655273 -6611.803711
v -12262.513672 -6262.575684 -6833.322266
v -10953.666016 -4904.686035 -6810.615723
v -8327.742188 -6112.655762 -9080.351562
v -12268.881836 -8953.712891 111.302040
v -10412.321289 -8956.421875 -5755.109863
v -11292.480469 -9315.187500 -9469.041016
v -11367.252930 -4006.749268 -6720.952637
v -11957.232422 -4522.301758 -6189.507324
v -11731.548828 -9760.321289 -676.657227
v -10036.961914 -8955.366211 673.376343
v -11890.098633 -3967.087891 -7567.045898
v -11931.832031 -3970.464111 -6150.290039
v -11388.292969 -9418.921875 -6388.409668
v -11029.053711 -9290.276367 -5574.362305
v -12611.900391 -9322.230469 -6648.270996
v -12931.596680 -9228.945312 -6526.173828
v -11415.687500 -9429.016602 -8235.911133
v -11474.850586 -3933.714111 -8809.561523
v -9650.539062 -9278.024414 -8530.581055
v -10400.457031 -9312.073242 -8462.320312
v -12484.347656 -7169.828613 -6570.570801
v -11933.139648 -9355.270508 -6560.145508
v -11998.736328 -4166.428711 -6359.056641
v -11912.958984 -4072.708008 -7949.443359
v -11659.693359 -3912.595703 -8414.362305
v -11926.353516 -4025.694092 -6435.507812
v -11495.664062 -9480.142578 -6973.150391
v -11838.085938 -6522.777832 -8438.113281
v -11851.389648 -6119.603516 -8513.195312
v -12124.356445 -6231.706543 -7033.653809
v -10786.145508 -9362.800781 -7166.654785
v -7786.344727 -7485.638672 -8340.360352
v -12007.797852 -6355.650879 -7490.991211
v -7828.714844 -6504.440430 -8398.760742
v -8665.334961 -7089.635742 -8097.624512
v -10571.656250 -4369.139648 -8307.600586
v -12004.314453 -4239.531738 -7790.739258
v -10261.112305 -9050.888672 -6781.103027
v -9680.599609 -5393.765625 -8260.409180
v -11579.627930 -9367.834961 -8728.341797
v -11751.630859 -3989.365967 -6909.367676
v -10929.787109 -8786.189453 843.832458
v -11305.050781 -9465.916992 -7989.909180
v -7853.547852 -4982.622559 -8638.896484
v -8345.529297 -5363.642090 -8035.748047
v -8241.860352 -6629.194336 -8071.997070
v -10889.733398 -5284.350586 -1278.233521
v -11850.000000 -4748.389160 -2000.998291
v -11085.186523 -4683.103027 -2344.195068
v -11381.267578 -4641.572754 -2494.876465
v -10708.797852 -5187.291992 -1596.302856
v -11377.374023 -4754.976074 -2153.384766
v -11448.491211 -4177.095703 -3416.437256
v -11062.434570 -4216.375488 -3179.268555
v -11524.868164 -4602.786621 -2496.408936
v -11121.613281 -5197.367676 -1473.489380
v -12185.517578 -6511.170898 -7138.526367
v -12626.456055 -5689.934570 -6113.245605
v -10773.344727 -9281.316406 -1785.573120
v -11666.610352 -9624.759766 -1443.099487
v -8299.781250 -8523.006836 486.397888
v -9419.399414 -9460.665039 -76.404213
v -12697.317383 -5365.491211 -3825.614746
v -6056.422363 -7787.388184 -1911.818237
v -9050.786133 -9399.802734 -428.146057
v -12267.733398 -5582.404297 -6936.078125
v -10650.232422 -3981.485352 -9350.250000
v -10866.568359 -4651.812988 -7105.496582
v -6590.413574 -9494.960938 -734.812744
v -10672.791992 -9594.527344 145.141922
v -8034.944336 -6943.952637 -8173.928223
v -12655.877930 -5980.619141 -5141.385254
v -11156.425781 -5020.915527 -1797.206909
v -8191.479004 -6328.811523 -8080.752930
v -11974.836914 -4022.459961 -7526.137695
v -10818.198242 -7233.792969 -5295.499023
v -10703.566406 -7337.978516 -6217.180664
v -10914.292969 -5838.340332 -5338.777832
v -10807.513672 -7271.250977 -4884.667480
v -10808.419922 -6201.608887 -5532.204102
v -10844.187500 -6773.099609 -5708.122070
v -10833.102539 -7048.688477 -5533.831055
v -10801.278320 -6090.437500 -5703.447754
v -10833.627930 -5832.488770 -5586.952637
v -10854.721680 -6927.956055 -5849.636719
v -8439.677734 -7187.479492 -9130.433594
v -8947.586914 -5550.603027 -9347.813477
v -10887.064453 -6991.944824 -7692.704590
v -10769.160156 -7289.959473 -7481.652344
v -9823.689453 -6911.572266 -8245.674805
v -7901.667480 -6065.910156 -8796.224609
v -10795.689453 -7082.377930 -7289.547852
v -10740.469727 -5573.655762 -8005.663574
v -11891.129883 -6196.203613 -7602.084473
v -10320.102539 -7447.700195 -7944.169922
v -10069.416016 -7662.635742 -7626.379883
v -9440.274414 -7106.994629 -8103.643066
v -10274.946289 -7786.255371 -7180.100586
v -9054.412109 -7337.182129 -8032.862305
v -10002.513672 -7360.104492 -8056.212402
v -10520.018555 -7595.268066 -7254.733887
v -9385.052734 -6905.379395 -8174.444824
v -10234.416992 -7076.675781 -8263.750977
v -10473.677734 -5127.644043 -9602.019531
v -11240.913086 -4188.013184 -9304.224609
v -10255.906250 -8207.279297 -10271.684570
v -9251.350586 -7457.400879 -9331.487305
v -9818.232422 -6031.190430 -9288.911133
v -9887.753906 -6343.229492 -9316.421875
v -10507.508789 -7882.500488 -9936.351562
v -10588.438477 -6036.135742 -9389.924805
v -9773.994141 -6528.712402 -9207.342773
v -9616.314453 -6188.193848 -9191.758789
v -11935.493164 -4024.921387 -3459.554443
v -11222.513672 -7892.747070 -9615.662109
v -11895.883789 -8448.381836 -9975.312500
v -11581.552734 -3871.394287 -6235.071777
v -10928.704102 -4926.136719 -3836.202148
v -10872.024414 -4849.199219 -4533.584473
v -10875.313477 -4242.344727 -4939.862305
v -11146.819336 -7869.489746 -9799.245117
v -9705.847656 -8705.572266 -7410.249512
v -10972.671875 -5529.127930 -5029.045410
v -9060.719727 -8802.416992 751.870361
v -11010.087891 -3910.865723 -5978.839355
v -6561.557129 -8191.897461 -202.891739
v -7416.122559 -8140.766602 212.588669
v -10073.998047 -8806.329102 -7178.131836
v -11040.451172 -8122.751465 -10219.435547
v -9763.453125 -8919.999023 -7579.686523
v -10709.085938 -6516.959473 -4195.099609
v -11143.258789 -9366.453125 -4239.368652
v -10439.974609 -8925.520508 -5368.451660
v -10848.435547 -4413.309082 -6572.341797
v -10896.870117 -5559.473633 -3385.592773
v -11244.967773 -3859.404053 -5979.403320
v -11359.633789 -3967.056396 -4117.203125
v -9036.815430 -9000.823242 -7967.179688
v -10920.266602 -4545.698242 -6294.809082
v -10859.814453 -4258.048340 -7461.215820
v -10884.446289 -4152.349121 -5507.950195
v -10116.326172 -8838.000000 -6771.528809
v -11672.076172 -9483.447266 -4576.469727
v -9979.538086 -8824.296875 -7326.438477
v -11186.553711 -3940.164307 -6435.497070
v -11156.890625 -3857.546387 -4320.777832
v -10962.537109 -3944.906250 -6485.569824
v -11361.736328 -4540.439941 -2784.090088
v -8914.671875 -4685.546387 -8043.126953
v -8569.590820 -6670.564453 -8097.526855
v -10723.448242 -9280.741211 -8162.099609
v -11633.013672 -9393.416016 -5971.439941
v -8185.491211 -6959.235352 -8145.851074
v -12255.813477 -7622.544922 -8625.432617
v -10972.475586 -4811.863281 -5432.372559
v -8327.633789 -6198.198730 -8049.231445
v -11317.832031 -8022.203613 -9868.534180
v -6900.990234 -9197.802734 -317.661774
v -10898.957031 -6490.500000 -7776.870605
v -11960.426758 -5869.533691 -7590.035156
v -10708.958008 -5590.891602 -532.917786
v -11997.050781 -5675.312012 -1629.092407
v -11699.128906 -5656.147461 -1105.661499
v -12256.016602 -6958.296387 -682.093567
v -10426.886719 -5965.820312 14.450499
v -12339.735352 -6530.007812 -1451.644043
v -12277.378906 -6095.495117 -1340.704590
v -11373.202148 -6141.733398 -428.942230
v -11614.279297 -8037.065918 -274.468628
v -10568.561523 -6765.160156 351.449493
v -12097.780273 -6439.951660 -364.684601
v -8117.306641 -7838.481934 -7915.228027
v -10093.676758 -8162.656738 -7013.041016
v -7762.093262 -8656.671875 -8298.809570
v -8972.138672 -8570.867188 -7692.205078
v -8200.931641 -8649.740234 -7833.928223
v -9471.975586 -8696.960938 -7516.159180
v -8596.980469 -8050.730957 -7752.482422
v -8709.973633 -7504.383789 -7932.327148
v -9285.864258 -8402.009766 -7552.343262
v -10784.047852 -4994.416504 -3131.105469
v -10999.347656 -8418.997070 759.157227
v -10665.950195 -5526.056152 -2587.775635
v -10437.017578 -7830.467773 263.641754
v -12068.863281 -4181.617188 -4320.850098
v -8983.269531 -6756.878906 -1308.572144
v -12775.528320 -9141.440430 -8066.655762
v -12109.462891 -4541.708008 -3539.414551
v -8895.247070 -8741.705078 -9471.479492
v -12217.176758 -7122.006836 -8550.698242
v -10065.297852 -4195.700684 -9446.442383
v -6615.532715 -7516.052734 -1890.671387
v -6656.646973 -6942.491699 -2001.679321
v -7992.916992 -6704.159180 -1666.741333
v -8018.598145 -7184.048828 -1534.150391
v -9954.720703 -7944.728516 559.701111
v -8753.661133 -7969.524902 385.648315
v -8073.950684 -7419.383789 -268.899994
v -7424.909668 -6555.568359 -1899.616699
v -9399.083984 -9136.157227 -9817.980469
v -6597.420410 -8816.191406 -1863.107300
v -8484.984375 -7510.343262 -129.792709
v -10388.402344 -8450.871094 -4950.072754
v -8270.431641 -5831.663086 -298.253510
v -12270.204102 -4766.250977 -8837.607422
v -12123.851562 -5811.673828 -8722.428711
v -10558.915039 -8014.919434 -4454.738281
v -8918.061523 -7616.248047 42.686684
v -10947.251953 -4172.593262 -3517.555420
v -12236.040039 -7246.982422 -8221.790039
v -12963.302734 -8454.680664 -8428.196289
v -13334.105469 -8095.461426 -7428.281250
v -12265.127930 -7917.738770 -8189.160156
v -9618.059570 -5727.014648 -9369.584961
v -12022.117188 -9302.149414 -9014.426758
v -10806.169922 -6365.455078 -5615.475586
v -7900.183105 -5436.593262 -8824.217773
v -9481.004883 -7098.460449 -9271.610352
v -12730.952148 -6638.222168 -5763.497559
v -12007.828125 -4958.771973 -2098.126465
v -11711.109375 -5794.356934 -9374.206055
v -13535.860352 -9284.996094 -4098.666504
v -12339.135742 -8993.610352 -9206.701172
v -11735.706055 -5057.384766 -9122.622070
v -6504.447754 -6965.362305 -656.777588
v -5938.779297 -7939.523926 -839.775208
v -12497.781250 -5046.522949 -5111.473633
v -10797.628906 -9176.555664 -2266.222900
v -11228.664062 -9439.627930 -3838.582031
v -12915.824219 -6875.382324 -3684.516846
v -10524.854492 -9099.585938 -10170.903320
v -12389.993164 -6492.113770 -2169.607178
v -11567.407227 -6960.871094 -9287.931641
v -9137.545898 -4351.627930 -9149.292969
v -10270.825195 -8669.761719 -1701.954956
v -9405.081055 -5660.218750 -129.961823
v -9170.002930 -5506.827637 -325.502808
v -6897.920898 -7968.710938 -128.889496
v -13324.693359 -9489.166992 -4300.214844
v -8631.966797 -8841.256836 -9504.103516
v -10730.603516 -7727.015625 -4039.493896
v -10817.894531 -7841.082520 -3833.152100
v -13360.412109 -7839.358398 -6120.528320
v -13286.530273 -9112.077148 -1444.077393
v -13070.121094 -7678.118652 -2136.662354
v -12042.176758 -4854.835938 -2649.099609
v -12174.803711 -5228.863770 -2596.363281
v -8294.704102 -6400.031250 -1466.946533
v -7112.380371 -6515.962402 -1961.968994
v -12667.439453 -8374.397461 -859.789856
v -7890.365723 -8827.250977 -8783.361328
v -6224.899414 -9426.250000 -1577.499634
v -9332.004883 -4865.583496 -9400.257812
v -10220.075195 -8806.872070 -10332.238281
v -7787.259766 -6433.608398 -258.385315
v -11393.088867 -6306.015137 -9081.684570
v -10414.424805 -7306.429688 -2167.154785
v -10439.098633 -5376.556641 -1425.818848
v -8617.089844 -9115.609375 -9392.580078
v -8256.342773 -9080.400391 -1404.227173
v -6804.053223 -8236.716797 -1817.377563
v -7358.696289 -8286.971680 -1697.198608
v -11700.326172 -9480.412109 -2780.811523
v -12609.117188 -5446.016602 -3437.974609
v -10044.359375 -5514.353516 -1322.643921
v -12611.767578 -7086.216797 -1834.463989
v -10518.867188 -7581.020996 -5392.251465
v -11199.370117 -4505.035645 -9482.370117
v -12960.497070 -7309.870117 -2412.070068
v -9948.054688 -4845.604004 -9476.428711
v -10484.837891 -4953.556152 -9505.072266
v -11011.720703 -6128.744141 -9329.841797
v -12108.465820 -4198.837402 -3748.210449
v -10323.239258 -6580.787109 -1799.005249
v -8942.345703 -7249.238770 -1335.993286
v -12092.242188 -9586.274414 -2697.059326
v -12472.649414 -6040.019531 -1824.049561
v -8033.483398 -5775.589844 -466.277100
v -9725.128906 -6592.624512 270.172058
v -8933.929688 -5511.286621 -633.598999
v -8715.898438 -5558.826172 -466.615356
v -9069.291016 -5820.328125 -98.231544
v -9838.736328 -5660.688477 -144.038086
v -12687.853516 -7190.917969 -6166.145020
v -12565.369141 -6913.163086 -6401.952148
v -9365.008789 -6907.904297 247.011505
v -10152.578125 -5463.599609 -538.471130
v -12520.575195 -7002.129883 -6503.894531
v -12404.708984 -6867.793945 -6713.640137
v -8773.014648 -5793.193359 -139.813507
v -8641.883789 -5703.966309 -235.832901
v -12319.835938 -9847.484375 -1419.952515
v -10491.532227 -8757.437500 -4596.506836
v -12310.045898 -9800.731445 -1078.461670
v -10454.531250 -7680.041992 -5894.095703
v -11627.807617 -9535.223633 -1826.566772
v -10903.420898 -9426.411133 -1256.910034
v -10749.267578 -9506.633789 -577.084351
v -12372.287109 -9707.581055 -2305.988525
v -11966.961914 -9879.562500 -476.467926
v -11008.373047 -3935.793945 -8166.921875
v -12470.258789 -9797.024414 -1126.230347
v -12209.382812 -9844.048828 -855.777588
v -12754.465820 -9833.368164 -1645.802368
v -12105.174805 -9620.087891 -2418.987793
v -11927.699219 -9665.560547 -1058.142090
v -10113.529297 -8360.392578 -6432.201660
v -10850.858398 -5167.183594 -7763.480957
v -11769.733398 -3938.540527 -7974.088867
v -9314.064453 -7795.021484 449.127777
v -7271.254395 -6265.499023 -538.019531
v -10798.462891 -6952.540039 -6660.595215
v -10759.731445 -7046.546387 -7070.771973
v -11693.814453 -7571.869141 -9326.155273
v -11737.034180 -4998.110352 -1686.126587
v -13204.976562 -7570.473145 -5037.479492
v -6654.396973 -6345.156250 -1651.155884
v -11164.765625 -4957.480957 -9720.317383
v -12744.021484 -5700.470215 -5405.466309
v -11389.201172 -6187.509277 -9102.443359
v -13435.702148 -8580.285156 -6363.867676
v -13402.517578 -8025.675781 -5928.698730
v -12627.201172 -9704.602539 -862.074890
v -11492.744141 -5682.212402 -883.357056
v -6562.334473 -6581.861816 -2016.558472
v -7701.886719 -7129.507812 -308.160065
v -13550.860352 -9242.724609 -2449.313232
v -9638.864258 -7176.083984 -1313.877197
v -9586.736328 -7869.428223 -1419.328979
v -11028.446289 -6426.333496 227.986465
v -10411.973633 -7648.603516 -1962.172241
v -9864.420898 -9459.304688 -392.362122
v -9874.422852 -8878.921875 617.459045
v -11888.971680 -5223.633789 -1773.770142
v -13032.862305 -8533.402344 -8059.594238
v -12885.529297 -6788.255859 -4928.017578
v -10375.561523 -9276.738281 -9598.290039
v -12786.991211 -6855.358398 -6063.594727
v -11860.047852 -5946.466797 -8717.994141
v -10607.016602 -5351.284668 -1999.903931
v -10119.826172 -5908.438477 -1459.728027
v -12121.492188 -5094.569824 -2392.010010
v -11042.292969 -9331.088867 -2782.208984
v -10453.750977 -7741.060059 -2564.671143
v -10878.011719 -4411.477539 -3853.928223
v -7638.352051 -9013.997070 194.491135
v -12075.067383 -8456.246094 145.517059
v -8375.811523 -6253.871582 -1470.832397
v -10035.607422 -6896.548340 327.083435
v -6876.701172 -9399.324219 -1313.924805
v -13316.546875 -9089.287109 -5811.409668
v -12687.035156 -6894.422363 -2413.441162
v -10234.795898 -8625.613281 765.302490
v -13613.050781 -9084.496094 -2675.872803
v -7611.242188 -9018.629883 -1658.290771
v -6497.742676 -7513.637207 -621.083557
v -10906.157227 -6412.813965 -9112.003906
v -8804.659180 -5265.590820 -9397.530273
v -12965.839844 -9149.631836 -7393.768555
v -12572.453125 -6146.858887 -4225.356445
v -12611.705078 -6075.410156 -3870.509766
v -12626.368164 -6123.776367 -4953.119629
v -6899.001953 -8241.629883 -2.183363
v -12363.652344 -6719.959473 -1265.421265
v -11781.871094 -5305.887207 -9308.737305
v -11989.206055 -4676.856445 -7363.703125
v -10730.030273 -9055.511719 -3416.267822
v -8242.000000 -8653.591797 -1561.501709
v -8686.968750 -8861.861328 -1478.560547
v -9022.526367 -9194.215820 -1101.966797
v -6126.338867 -9263.494141 -872.345764
v -12014.911133 -5366.942871 -1935.892700
v -12596.545898 -6066.066895 -6269.076172
v -11328.644531 -8367.913086 -10313.533203
v -12119.285156 -4458.713379 -4158.859375
v -10385.023438 -8473.235352 713.490112
v -10063.043945 -8301.398438 645.036682
v -12080.916016 -4100.133789 -5718.051270
v -11628.254883 -9071.439453 -9880.067383
v -10808.952148 -4277.743652 -9513.645508
v -12139.293945 -5102.415039 -6918.749023
v -11898.805664 -4934.354492 -7321.554199
v -8717.588867 -8050.579590 -9333.307617
v -12216.795898 -5420.099609 -6433.580078
v -10536.475586 -5392.569824 -1213.242798
v -10660.559570 -5471.470215 -662.669128
v -11643.324219 -6753.359375 105.940338
v -13633.441406 -8498.818359 -3333.555420
v -10700.840820 -6844.703125 -2926.849365
v -10578.413086 -6725.759277 -2534.871582
v -12903.327148 -7628.138672 -1765.317383
v -11893.815430 -3702.022949 -5248.300293
v -12381.834961 -4934.700195 -5238.988281
v -10346.166992 -5680.719238 -1563.563232
v -9474.577148 -8597.666992 850.739746
v -11739.041992 -6085.014648 -8906.702148
v -9191.297852 -9435.489258 -185.227814
v -9529.603516 -8868.392578 -1335.306885
v -9698.901367 -8733.486328 -1381.089111
v -11466.123047 -8101.860352 406.821625
v -13090.196289 -8680.398438 -8118.681641
v -12988.826172 -8892.304688 -7990.558105
v -10575.905273 -8542.121094 -2624.916016
v -10680.761719 -8335.657227 -3138.010498
v -6853.183594 -8429.201172 -5.583904
v -12829.812500 -8224.578125 -8527.391602
v -5922.745605 -7045.975098 -1225.086182
v -5821.667480 -6748.675781 -1323.525513
v -10418.519531 -9105.245117 759.383057
v -9956.557617 -7081.353516 322.237213
v -11049.857422 -9451.109375 603.217224
v -9887.968750 -3935.639160 -9210.396484
v -9028.911133 -4071.297363 -9054.787109
v -10465.299805 -7757.546875 -9845.380859
v -8761.649414 -6128.505859 -1411.165039
v -12999.722656 -9614.271484 -4428.382812
v -12856.813477 -9024.751953 -994.342407
v -6919.197754 -9296.022461 -365.979156
v -8389.973633 -8512.846680 -9355.955078
v -13339.022461 -8890.015625 -6156.615723
v -13579.431641 -8461.304688 -3849.814697
v -13506.634766 -8339.549805 -4425.618164
v -10272.779297 -8334.808594 -1661.054443
v -6023.313965 -9102.958008 -1853.957275
v -10919.689453 -5085.408691 -3646.902344
v -10419.376953 -6312.714844 218.607986
v -11219.572266 -6870.111328 231.762146
v -11484.583008 -8016.868652 -9575.613281
v -10875.647461 -7097.480957 -9349.250977
v -11192.507812 -7137.882324 -9366.303711
v -10051.751953 -5456.773438 -824.811951
v -11854.995117 -3980.753906 -7221.100098
v -8838.485352 -6854.955566 -8109.583008
v -10072.034180 -6636.132812 240.801468
v -8973.761719 -6405.155762 -8123.029785
v -10628.728516 -7329.760742 -7822.665039
v -9973.988281 -3909.856201 -8604.095703
v -9831.941406 -4817.510742 -8227.291016
v -10169.834961 -5396.176758 -8357.404297
v -13403.276367 -8282.589844 -2724.814941
v -7742.012207 -8632.103516 -8434.050781
v -7871.145996 -9235.839844 -8829.242188
v -9984.290039 -8097.914062 -10059.170898
v -13210.241211 -9564.739258 -3492.957275
v -12802.457031 -9725.812500 -2278.765381
v -11866.265625 -5936.244141 -891.352783
v -12147.854492 -4045.395752 -4982.950195
v -12260.689453 -4426.087891 -4708.868164
v -10290.163086 -8798.509766 -5758.629395
v -9541.987305 -7444.317383 317.235352
v -10270.490234 -9183.921875 -1346.524170
v -10837.880859 -9349.221680 -1604.138550
v -11154.457031 -9379.162109 -3018.422852
v -12275.074219 -7900.180664 -8367.135742
v -12705.708984 -5849.308594 -3842.831055
v -12139.497070 -6855.574219 -8677.593750
v -7443.226562 -5978.509277 -724.899048
v -13020.241211 -7164.165527 -5165.492676
v -12454.693359 -5085.864746 -6068.194824
v -12604.331055 -5228.478027 -5757.169434
v -12314.347656 -9256.125977 -8581.081055
v -7844.275391 -9018.560547 -8372.407227
v -12049.719727 -4427.545410 -3135.393555
v -9146.376953 -5686.147461 -9343.243164
v -10208.580078 -8642.203125 -10367.738281
v -12686.095703 -8684.845703 -8922.408203
v -6921.806152 -7379.807129 -302.529388
v -10477.057617 -8096.895996 -2155.189453
v -12468.838867 -6022.746094 -2237.755859
v -11559.146484 -6110.849121 -660.341858
v -6947.130859 -6213.357422 -746.666992
v -11995.867188 -7909.790039 -631.866333
v -11149.484375 -8913.393555 -10334.484375
v -13534.039062 -8969.663086 -4896.659668
v -13605.479492 -8701.538086 -4490.086914
v -12153.491211 -8072.727051 -9440.365234
v -8510.563477 -5676.979004 -1275.424927
v -8953.047852 -5859.458496 -1375.068970
v -10340.919922 -9364.210938 450.650818
v -12445.002930 -7718.766602 -7909.151855
v -12294.558594 -9438.623047 -110.035378
v -8505.071289 -9170.125977 -1218.428101
v -7755.455078 -5930.633301 -1536.640991
v -12573.758789 -5316.883301 -5654.064453
v -12238.023438 -5144.793945 -3115.892578
v -12416.018555 -5620.412109 -2592.171143
v -9751.317383 -6814.380859 -1371.816772
v -9955.090820 -8304.121094 -1355.102905
v -13311.449219 -9288.933594 -1508.065552
v -9448.090820 -7374.180176 -7948.044434
v -11431.362305 -3797.556641 -4983.200684
v -10093.119141 -7654.134766 -9703.180664
v -7927.946777 -8900.969727 -1591.501221
v -10384.782227 -4874.710449 -8315.210938
v -10102.666016 -7931.074219 -9900.742188
v -10702.877930 -5199.826172 -2519.296387
v -7244.201172 -6040.770996 -1061.052368
v -7913.923828 -5854.936035 -371.330048
v -8844.010742 -8647.440430 -1548.169922
v -9512.486328 -8559.010742 -1432.698242
v -7855.738281 -8363.739258 -8098.450195
v -8724.842773 -6770.840332 46.187080
v -10848.458008 -5951.723633 -6375.095215
v -11290.109375 -3854.463379 -5634.588379
v -8066.609863 -7280.556152 -8132.231934
v -11259.857422 -3779.172852 -5556.722168
v -10476.604492 -9141.480469 -7314.150391
v -11388.640625 -3832.244873 -5545.114258
v -11176.318359 -9371.162109 -8497.690430
v -8820.558594 -7786.462891 -1317.803101
v -10797.852539 -5720.553711 -7840.346680
v -10510.063477 -5523.487793 -8231.224609
v -11144.622070 -9455.704102 -6755.220215
v -8178.458008 -5688.276855 -653.748535
v -10404.067383 -6185.216797 -1764.051147
v -8610.663086 -5633.241699 -673.222473
v -9031.651367 -5467.268066 -1026.894897
v -9998.203125 -5991.560547 -1390.168945
v -10037.817383 -5586.412598 -1377.496094
v -10588.865234 -5431.631836 -842.562256
v -10319.175781 -5443.688965 -1073.457153
v -7831.005371 -5832.496094 -990.216797
v -9682.510742 -6125.123535 -1298.572021
v -9564.120117 -5498.431152 -1082.659302
v -10739.505859 -5387.506348 -1010.966370
v -10129.340820 -7930.934570 -7226.301758
v -10471.583984 -5359.920410 -1565.771362
v -10888.093750 -6251.972168 -5202.692871
v -8674.070312 -5578.383301 -348.792023
v -7794.653809 -8501.469727 -8645.731445
v -8350.770508 -5637.692871 -450.579742
v -7873.069336 -6832.402832 -8793.797852
v -10858.772461 -6227.152344 -6772.151855
v -8481.791992 -7300.959961 -8051.875488
v -10772.862305 -7546.489746 -9690.997070
v -10259.314453 -8971.110352 -1546.459717
v -7583.447754 -9220.564453 -1424.845459
v -9320.952148 -9329.829102 -811.151306
v -9572.981445 -9068.961914 -1186.705933
v -11840.518555 -5626.165527 -9194.939453
v -9280.065430 -8846.733398 -1380.087891
v -11881.968750 -5837.784180 -9058.166016
v -11932.096680 -4552.129395 -8931.247070
v -11926.901367 -8332.969727 237.834534
v -10126.767578 -9466.143555 -236.154053
v -8831.003906 -9181.163086 362.665863
v -11932.416992 -4513.229980 -7711.499023
v -8821.027344 -6122.655762 -9112.515625
v -9997.908203 -7000.085938 -1607.034424
v -10219.853516 -7221.938477 -1750.799927
v -10553.363281 -7577.966797 -2735.454346
v -10370.763672 -8123.468750 -1818.566040
v -10467.694336 -6916.156250 -2141.024170
v -9773.827148 -7517.144531 -1398.181763
v -9755.898438 -7131.076172 -1350.820679
v -10505.449219 -7316.264648 -2346.383545
v -10179.811523 -6843.247559 -1720.501831
v -9859.502930 -6892.244629 -1493.073975
v -10142.141602 -7186.773438 -1674.578247
v -9640.657227 -4602.805664 -9429.444336
v -10545.668945 -6440.123535 -8289.979492
v -6324.151855 -8554.420898 -1946.251831
v -12665.902344 -5249.196289 -4674.151855
v -12508.562500 -5008.077148 -4443.627930
v -12639.962891 -6155.241699 -5643.663574
v -9389.503906 -6314.660156 -9232.380859
v -10373.162109 -8482.807617 -1872.754761
v -10164.855469 -9488.979492 -568.707153
v -13202.633789 -7598.998047 -5637.595215
v -10481.188477 -9051.917969 -1547.395874
v -12174.304688 -4675.397949 -8512.123047
v -12548.957031 -6443.420898 -2894.162842
v -11929.351562 -8629.764648 -9946.749023
v -11747.155273 -8524.078125 -10161.782227
v -13369.886719 -9456.553711 -3461.586182
v -6146.404785 -6621.104492 -1924.393433
v -11816.747070 -4412.954590 -8810.928711
v -10263.102539 -4428.047363 -8312.612305
v -10710.631836 -7708.887207 164.662643
v -11847.648438 -5464.048828 -1670.318604
v -10710.637695 -9064.410156 -4665.952637
v -7579.621094 -7922.982422 -1635.513916
v -11604.128906 -6213.536133 -98.105598
v -8045.993164 -8299.820312 362.368103
v -10795.548828 -8310.981445 -10409.016602
v -5924.040039 -8626.509766 -1043.401978
v -5940.239258 -8456.143555 -1723.649048
v -6061.568848 -8072.874023 -1944.846558
v -13114.108398 -7783.137695 -7126.687988
v -8440.971680 -8058.184570 -1412.261719
v -8770.770508 -7289.435059 -9083.410156
v -10774.949219 -5663.090332 -3132.237549
v -10766.655273 -6267.074707 -3153.110840
v -7168.845215 -7167.539551 -1907.246826
v -7533.520020 -8040.850586 40.735420
v -11390.962891 -8805.210938 745.080078
v -12056.734375 -4816.113770 -2326.495605
v -10896.794922 -4044.935059 -4801.754883
v -10945.259766 -4574.625977 -9560.059570
v -5924.879395 -8403.034180 -881.717957
v -12359.378906 -5435.827148 -8589.802734
v -10466.849609 -8627.612305 -4530.497559
v -13545.212891 -9200.559570 -2311.757812
v -11010.206055 -5764.616699 -562.013123
v -10536.641602 -6284.282715 -2180.501465
v -10588.749023 -5761.308594 -261.616730
v -8735.549805 -4484.994629 -9085.436523
v -6245.186035 -8988.873047 -656.296265
v -8785.815430 -7691.437500 -9186.799805
v -8921.761719 -6883.806152 -9145.476562
v -11279.716797 -4724.767090 -9613.081055
v -6353.830078 -8806.514648 -633.688049
v -12058.490234 -4733.487793 -2994.436035
v -6321.933594 -9216.663086 -671.439453
v -9844.958984 -7507.400391 394.284607
v -11113.490234 -6171.284668 -9201.396484
v -5900.885742 -8411.121094 -1383.719604
v -10890.196289 -9310.753906 -8919.343750
v -6864.733398 -7833.686035 -299.521057
v -6226.572754 -7534.745605 -758.466309
v -9020.141602 -9094.305664 -9579.221680
v -11988.606445 -9427.681641 -5714.543945
v -9226.225586 -4075.504883 -8220.312500
v -7787.793457 -7866.454590 -112.763908
v -11170.586914 -5452.405762 -860.592285
v -12192.164062 -7630.159180 -8357.843750
v -12358.108398 -4965.167480 -5121.343750
v -10222.806641 -4700.716797 -8310.474609
v -13437.413086 -9454.054688 -3866.016846
v -5964.291992 -6940.665527 -1085.160278
v -9434.699219 -6536.122559 161.330475
v -9629.574219 -6426.702148 190.680374
v -8633.650391 -8559.381836 -7766.150879
v -12919.954102 -9603.496094 -1231.880127
v -10886.040039 -4700.948730 -3984.926025
v -11768.522461 -4638.772949 -9050.164062
v -9115.045898 -9326.091797 -8569.189453
v -9722.383789 -9317.383789 -8746.455078
v -9845.678711 -6789.223633 -9322.585938
v -8397.419922 -8307.796875 487.079773
v -11186.095703 -5272.952148 -9764.151367
v -11513.920898 -5311.605957 -9722.900391
v -9707.642578 -5948.861328 -33.319901
v -12229.807617 -5558.286621 -7151.401367
v -12429.702148 -6050.434570 -6416.125977
v -10637.785156 -7398.429199 -6571.966797
v -10355.389648 -7958.359375 -5409.461426
v -9931.495117 -5489.326172 -353.612152
v -11322.268555 -5726.760254 -9631.703125
v -10877.183594 -6883.681152 -5269.386230
v -12105.979492 -6097.322266 -7011.942871
v -10185.826172 -8029.892578 -6787.160156
v -10812.416016 -6293.635254 -5839.222656
v -10517.039062 -7567.442383 -6371.485352
v -11536.352539 -3743.425781 -4728.077637
v -12818.106445 -9240.666016 -7203.918945
v -9239.048828 -8202.865234 -9603.582031
v -10590.537109 -7761.381348 -4782.785645
v -12965.332031 -8861.832031 -8312.193359
v -10338.811523 -6903.410156 -9524.868164
v -13012.334961 -8976.696289 -7892.368652
v -7997.811035 -5923.299805 -8193.756836
v -7857.718750 -5917.026367 -8328.492188
v -8836.804688 -4258.057129 -9064.928711
v -13022.725586 -7154.098633 -2903.953857
v -12675.213867 -6563.599121 -3355.138672
v -11498.575195 -7901.270508 -200.012970
v -7040.382812 -9454.366211 -982.319946
v -12374.508789 -8505.145508 -460.465607
v -12416.054688 -8436.060547 -641.330261
v -7152.737305 -6216.775391 -1818.823730
v -12282.890625 -5280.056641 -2350.994385
v -8905.308594 -7694.118164 100.916893
v -11156.761719 -3826.416992 -5705.676758
v -12783.910156 -8121.537109 -8315.044922
v -12701.446289 -8184.384766 -8166.951172
v -9201.818359 -6797.726562 -1290.463867
v -7991.437012 -8697.509766 388.267090
v -13399.339844 -8809.871094 -1842.544312
v -10637.088867 -8771.026367 -3721.582275
v -11391.626953 -8629.554688 -10362.322266
v -9928.475586 -5724.692871 -9326.816406
v -7031.429199 -9393.152344 -434.437958
v -11195.363281 -6229.048340 -148.060257
v -8687.438477 -4884.237305 -9305.132812
v -11123.458008 -8953.478516 795.063538
v -11506.065430 -9167.591797 -9853.500000
v -10545.589844 -8991.239258 -10303.651367
v -6739.491211 -6865.589844 -486.621887
v -12933.705078 -7103.352051 -5852.636230
v -12925.772461 -7269.753906 -6133.426758
v -7362.999023 -7990.111816 -1703.175171
v -12077.936523 -6922.808105 -8311.528320
v -12192.035156 -7301.923340 -8429.200195
v -12250.588867 -8777.643555 -9606.165039
v -12066.594727 -5017.787598 -6574.606445
v -11984.249023 -4688.022461 -6911.266602
v -11845.517578 -6433.653809 -8880.003906
v -8760.087891 -8946.259766 -9451.668945
v -8660.873047 -8614.988281 -9505.416016
v -10931.582031 -4137.285156 -4096.756348
v -12263.852539 -5687.342773 -8587.326172
v -12649.637695 -5231.831543 -5146.974121
v -12872.328125 -7029.042969 -5653.499023
v -12100.759766 -4492.069336 -5856.995605
v -12067.466797 -7186.413574 -486.224243
v -11981.384766 -7758.444824 -726.422974
v -9882.817383 -9143.374023 476.776489
v -11037.040039 -3944.385254 -4077.836670
v -12344.396484 -5376.312988 -3022.989746
v -12366.465820 -5684.686035 -2812.227783
v -6482.130859 -8546.447266 -292.191010
v -12320.863281 -8595.396484 -129.842178
v -7923.989258 -6156.903809 -1642.854736
v -12082.876953 -9819.162109 -288.604248
v -11595.554688 -9520.102539 377.355652
v -12723.650391 -9656.344727 -1176.621338
v -10083.076172 -8089.077148 -7116.543457
v -12512.471680 -9459.976562 -5799.508789
v -8254.450195 -8945.761719 -9248.836914
v -10926.946289 -3894.903809 -5666.899414
v -6343.164062 -9280.278320 -1819.117065
v -7126.117188 -7638.113770 -1858.704102
v -5997.155273 -8970.037109 -1027.602051
v -6265.643066 -6884.666504 -1965.419922
v -7855.315430 -9291.514648 -1223.534302
v -9495.019531 -9406.847656 -525.305298
v -10602.790039 -9393.334961 -1168.168457
v -6106.911621 -9354.289062 -1683.529419
v -5996.546875 -9290.476562 -1353.145386
v -5956.235352 -9008.611328 -1414.187744
v -8526.208984 -7343.971680 -1400.840210
v -6669.434082 -9542.682617 -1028.697754
v -6277.450195 -9504.483398 -1304.563477
v -7527.620605 -9436.083008 -610.109192
v -9536.066406 -6986.417969 -1312.713989
v -10021.624023 -6411.623047 -1487.447754
v -7164.923828 -9328.181641 -1332.034058
v -8706.594727 -9352.080078 -659.112061
v -9763.719727 -6624.029785 -1323.218750
v -9941.959961 -6331.417969 -1257.446167
v -10107.320312 -6202.560547 -1420.356445
v -9633.667969 -6719.091797 -1297.250488
v -5924.946289 -8995.101562 -1659.011353
v -8787.403320 -9336.908203 -903.239380
v -6848.103516 -9220.390625 -1668.265259
v -6088.738770 -9192.490234 -1814.849731
v -11817.354492 -4254.106934 -8750.230469
v -6087.825684 -8963.724609 -1939.596436
v -11052.439453 -7986.777344 257.150146
v -9860.102539 -8537.375977 -1402.669922
v -12076.610352 -6945.255859 -8943.749023
v -12733.570312 -9621.240234 -4424.140625
v -12460.880859 -9604.464844 -4114.746582
v -10856.367188 -9265.128906 -3442.277832
v -10832.135742 -6017.010254 -7672.506348
v -10954.095703 -9250.439453 -2799.421387
v -11122.908203 -9319.788086 -4909.467773
v -10846.248047 -6359.278809 -6936.312500
v -11548.024414 -9447.596680 -3359.800293
v -11347.978516 -9417.912109 -4185.018555
v -10834.262695 -6760.800781 -7283.413086
v -10890.796875 -9285.731445 -3200.697266
v -10776.582031 -9099.286133 -4391.463867
v -10963.365234 -9271.453125 -4391.289062
v -12263.758789 -9607.463867 -3253.851074
v -11120.463867 -9434.326172 -3387.200439
v -10968.343750 -9364.136719 -3248.475830
v -10985.847656 -9310.613281 -3028.643066
v -11343.523438 -9399.757812 -4772.151855
v -11025.537109 -9408.580078 -3501.386475
v -10822.235352 -6745.168457 -6925.404297
v -9747.758789 -5456.018555 -651.508545
v -10919.498047 -6769.053711 -7543.421387
v -9113.762695 -3999.684570 -8565.610352
v -9350.883789 -9099.650391 -8120.374023
v -13435.351562 -8497.558594 -6172.644531
v -11111.126953 -7521.822266 -9427.001953
v -10703.776367 -8376.442383 -3636.365479
v -8155.281250 -6914.910156 -1532.604370
v -8660.890625 -6596.187500 -1383.428101
v -9063.711914 -8935.586914 -9735.554688
v -10820.821289 -8182.430176 630.720215
v -12208.076172 -9141.653320 -9150.313477
v -8812.281250 -9310.862305 -9218.638672
v -11429.723633 -9258.555664 -9699.237305
v -8277.564453 -4614.683105 -9073.632812
v -12337.369141 -8297.834961 -9383.836914
v -11842.585938 -8037.427246 -9616.679688
v -12210.980469 -8247.275391 -9621.091797
v -8553.084961 -5177.886230 -9377.208984
v -12422.163086 -5116.787109 -3695.189453
v -12728.215820 -8258.441406 -959.941162
v -10758.081055 -4937.962891 -9687.180664
v -7884.785156 -7802.788086 -220.177811
v -12224.762695 -4838.181641 -3480.049072
v -10933.378906 -4749.836426 -6023.389160
v -13632.388672 -8785.898438 -2869.354248
v -12156.322266 -6320.050781 -988.893433
v -11896.805664 -6186.492676 -629.447266
v -8379.715820 -7924.369141 -1376.197876
v -5871.497559 -8694.725586 -1384.170288
v -13249.224609 -7526.956543 -4885.376465
v -6086.366699 -8086.176758 -626.904968
v -12090.027344 -9097.709961 321.981720
v -12179.808594 -4635.194336 -8889.602539
v -10241.975586 -5195.587402 -9432.590820
v -11784.254883 -6223.488770 -8496.045898
v -13089.399414 -7373.069824 -6045.107910
v -12313.196289 -9370.649414 -6275.519043
v -9454.174805 -4321.598633 -8131.894531
v -9775.006836 -4453.588379 -8152.687012
v -8954.271484 -7307.572754 45.138130
v -9612.912109 -7948.256348 588.282776
v -10424.428711 -5490.634277 -9613.877930
v -9747.573242 -8078.208984 646.461670
v -10566.556641 -4163.537598 -8352.528320
v -11909.793945 -3752.023438 -5771.925293
v -12866.819336 -7031.480957 -2582.436279
v -11571.914062 -4765.186035 -9275.629883
v -12803.764648 -9536.212891 -5439.485352
v -10797.705078 -5949.880859 -313.509155
v -13330.100586 -7583.173340 -3337.727051
v -13305.855469 -8370.325195 -7747.666016
v -5913.556152 -7476.732910 -1042.438477
v -11961.728516 -6019.276367 -926.094971
v -12298.565430 -5629.238770 -1896.637207
v -9270.599609 -8385.894531 -1561.443237
v -12698.249023 -8183.711426 -8044.529297
v -12528.500977 -7927.354980 -7976.457031
v -10884.305664 -6018.446289 -465.337921
v -12493.545898 -4951.984375 -4065.769287
v -13483.642578 -9375.093750 -3276.207764
v -11659.955078 -5900.509766 -9349.477539
v -7471.900879 -6646.079102 -435.762207
v -6977.416504 -6344.713379 -604.849121
v -10107.419922 -7328.937012 289.166504
v -7367.812988 -8437.790039 306.220490
v -8879.021484 -9387.894531 40.421455
v -10424.864258 -5678.187988 -1652.141968
v -7013.395020 -9480.309570 -748.336670
v -12011.162109 -4299.274902 -6882.338867
v -12072.794922 -4213.316895 -5677.080078
v -8312.178711 -8267.442383 -7746.825195
v -7292.447266 -9210.835938 -1588.267090
v -12199.006836 -4200.301270 -5388.110352
v -6552.220703 -9547.658203 -947.242188
v -7908.462891 -7902.357422 -8102.913574
v -11842.816406 -5681.640137 -1276.708740
v -11813.615234 -3844.504639 -6096.905273
v -10490.220703 -9171.749023 -1495.138184
v -9317.756836 -6686.857422 217.182999
v -10968.536133 -4010.610352 -5797.497070
v -12194.289062 -5702.342285 -8076.541992
v -10383.430664 -6936.844727 356.088806
v -11030.178711 -9059.113281 -10221.671875
v -6989.906250 -6747.302246 -2001.510132
v -9374.266602 -8309.628906 813.805176
v -7146.631836 -6124.812500 -1731.920532
v -8515.730469 -5999.870117 -1417.599121
v -10591.362305 -5555.714844 -2049.256348
v -12504.272461 -6208.410156 -1991.801025
v -10496.063477 -8204.540039 510.401367
v -11615.008789 -5384.704590 -1126.313110
v -12956.605469 -6925.219238 -4581.677246
v -10061.731445 -8339.443359 -10270.077148
v -10416.916016 -8727.574219 -5041.748535
v -10911.343750 -5533.131836 -4764.000977
v -10639.442383 -8495.200195 -2876.648682
v -8764.475586 -9126.596680 -9394.016602
v -11959.452148 -8923.876953 472.083221
v -11823.753906 -6165.591309 -8760.608398
v -8177.846191 -9416.173828 -8436.832031
v -12303.318359 -7887.915039 -8991.351562
v -12227.515625 -7116.815430 -8752.784180
v -10576.153320 -8627.286133 -4082.280273
v -10858.734375 -8037.074219 -10092.992188
v -10886.767578 -5304.122070 -4030.378418
v -10868.353516 -5279.205566 -4578.270996
v -9176.061523 -8827.567383 -7762.079590
v -9065.421875 -7503.840332 -7872.124512
v -8262.781250 -6625.785645 -1520.354736
v -9323.820312 -5137.808594 -9425.885742
v -8029.586914 -4246.543945 -8148.068359
v -13424.381836 -8363.223633 -6939.458008
v -12770.943359 -8521.084961 -8750.575195
v -8104.522461 -7048.050781 -8986.493164
v -12987.619141 -6989.661621 -3399.933105
v -10459.511719 -6218.942871 -9180.732422
v -10746.735352 -7226.153809 -3962.501221
v -10717.074219 -6755.244141 -3954.258545
v -10874.534180 -9293.485352 -9651.782227
v -12066.956055 -4568.405273 -8555.516602
v -10064.281250 -4521.835938 -8282.919922
v -12571.817383 -6237.824219 -4399.291016
v -12709.143555 -6518.402344 -5429.327637
v -13232.716797 -7821.757324 -2576.824463
v -13356.334961 -8760.745117 -6727.297363
v -13521.065430 -9258.944336 -3453.155029
v -11347.542969 -7956.091797 64.438446
v -12940.975586 -7871.459473 -7532.007324
v -10933.067383 -5306.779297 -3833.342285
v -12754.487305 -9627.152344 -3766.715576
v -12588.070312 -9582.183594 -4974.488770
v -13616.861328 -9193.515625 -3046.129639
v -7957.369629 -9408.802734 -8586.690430
v -8514.967773 -9030.445312 -7897.421875
v -8997.614258 -9320.430664 -9112.135742
v -12836.414062 -7595.605469 -6920.449707
v -9431.880859 -3971.119873 -8666.718750
v -11918.075195 -4240.267578 -8448.879883
v -12507.277344 -7813.250000 -1095.947510
v -10751.014648 -6986.993652 -3379.208984
v -13448.757812 -9280.387695 -4632.599609
v -13446.137695 -9105.319336 -5215.862793
v -10022.120117 -4477.500977 -9497.216797
v -11590.669922 -7842.603027 -9442.633789
v -12241.569336 -4767.360352 -5890.717773
v -12274.763672 -6677.728027 -8079.838379
v -12405.331055 -6760.391113 -7861.218262
v -10703.679688 -9517.259766 494.203827
v -10330.457031 -9485.564453 -200.229782
v -10737.000000 -7275.013672 -3144.894287
v -10107.614258 -6416.436035 -9366.777344
v -9524.980469 -7642.144531 -7675.713379
v -9642.631836 -7323.161621 -7999.414551
v -12283.503906 -4992.945801 -8908.437500
v -13207.547852 -7481.847656 -5871.768555
v -8624.695312 -8085.642090 -9343.429688
v -10552.363281 -6419.523926 194.971527
v -9387.948242 -8071.627930 709.004639
v -7928.255371 -4623.969727 -8776.900391
v -12056.943359 -4196.789062 -3409.020508
v -11905.332031 -4282.913574 -2846.442871
v -6116.676758 -7855.034668 -705.817322
v -10699.553711 -5207.718750 -2889.867676
v -12523.578125 -7273.980469 -7045.048340
v -12527.142578 -7681.429199 -7270.587891
v -12510.321289 -7830.791504 -7816.690430
v -12045.708984 -9390.281250 -7043.842285
v -10578.844727 -4535.333496 -9569.848633
v -10603.832031 -4776.336426 -9482.362305
v -10292.077148 -7474.520996 298.455017
v -9100.257812 -8067.666504 -9357.166992
v -8013.498535 -4175.968262 -8248.950195
v -12442.030273 -6814.486816 -6947.175293
v -12033.419922 -6201.875977 -7971.274902
v -12322.667969 -6568.425293 -7322.662109
v -10690.541992 -5575.886719 -8087.431152
v -10670.759766 -8813.679688 -2548.869385
v -12407.709961 -9318.713867 -162.069046
v -9705.682617 -9376.069336 176.269455
v -10403.362305 -4172.293457 -8385.397461
v -6054.654785 -7087.547852 -1867.935059
v -9067.945312 -5778.186035 -9278.339844
v -13126.244141 -9271.492188 -5910.812500
v -8779.248047 -8758.941406 -7786.863281
v -5911.135254 -7253.056152 -1300.670898
v -7622.161621 -7785.067871 -179.057358
v -7424.375000 -7059.279297 -335.378784
v -8752.232422 -8704.363281 649.162354
v -7957.790039 -8475.351562 381.200623
v -12715.854492 -5706.081055 -3630.893555
v -12593.010742 -5906.428223 -4404.520508
v -12654.526367 -9651.824219 -2778.836426
v -10929.377930 -5487.432129 -5879.197266
v -11006.490234 -5307.932129 -6197.363281
v -11019.196289 -5295.225586 -6673.854004
v -11447.850586 -5315.131348 -1108.095825
v -10481.862305 -5608.057129 -384.154938
v -8070.992676 -4271.820312 -8923.546875
v -10947.632812 -5111.696289 -5945.101074
v -8040.976074 -4179.880859 -8721.361328
v -10972.668945 -5400.605957 -935.272827
v -12296.375977 -7789.178711 -8795.027344
v -12220.030273 -7783.226562 -8905.316406
v -7075.429199 -7795.246582 -206.102463
v -10616.617188 -6170.976074 -9250.418945
v -10906.698242 -6081.072266 -9389.958984
v -12167.381836 -5394.553223 -2032.553589
v -10947.837891 -4093.551025 -6206.882812
v -7635.543457 -8721.076172 322.659149
v -10926.157227 -4529.012695 -7527.597656
v -10317.215820 -8873.256836 -1677.957642
v -5918.399414 -8143.469727 -1427.491211
v -13436.374023 -8357.541016 -5067.614258
v -13248.982422 -7808.989258 -5317.732910
v -7973.775879 -9015.887695 -8984.798828
v -6023.065430 -6702.832031 -1681.400513
v -11734.695312 -5553.572266 -1249.995605
v -10609.367188 -5831.091309 -2431.367188
v -6379.597168 -6541.723145 -896.205322
v -12929.237305 -9706.526367 -1361.073608
v -8761.305664 -6500.495117 73.212379
v -11929.722656 -7704.536621 -9198.398438
v -9164.648438 -8023.632812 -7585.753418
v -12113.258789 -5106.029785 -2625.462158
v -13324.063477 -7637.974609 -3084.406982
v -10009.887695 -8963.470703 -10213.804688
v -10608.316406 -4200.808594 -9512.937500
v -10971.088867 -6569.833496 -9091.058594
v -10664.117188 -6652.792969 -9187.368164
v -10796.240234 -6386.603027 -9161.656250
v -12621.583984 -8565.434570 -815.841919
v -12447.852539 -9347.504883 -7456.057129
v -13498.040039 -8015.086914 -3827.193359
v -8083.009766 -6610.300781 -149.785721
v -13189.478516 -8437.948242 -7903.652832
v -12844.024414 -8065.128906 -7925.147949
v -10606.631836 -7965.833008 265.910583
v -9728.057617 -7327.954102 326.893616
v -10803.109375 -7289.534180 295.279388
v -10224.280273 -6804.649414 304.593994
v -10853.109375 -5787.704102 -3361.121094
v -10144.624023 -7838.817383 453.410828
v -8391.939453 -6411.221680 -9084.715820
v -8723.740234 -6861.243652 -9092.314453
v -10426.671875 -8910.997070 835.166504
v -9150.171875 -9097.166992 -9733.000000
v -12482.683594 -7484.627441 -7718.647949
v -11037.796875 -4002.076660 -6776.212891
v -10943.075195 -5272.338867 -4857.846680
v -10882.067383 -6327.631348 -7.372336
v -11247.733398 -3922.842285 -7629.805176
v -10095.810547 -6001.590820 85.317589
v -11019.014648 -6320.765625 -298.711426
v -9433.205078 -5909.807617 -10.919514
v -10988.397461 -4001.236328 -7419.056152
v -6208.271973 -9444.052734 -1129.997925
v -10795.559570 -7155.078125 -6258.023438
v -6235.173340 -9334.994141 -1773.878174
v -12884.841797 -7120.653320 -6030.519531
v -12169.364258 -6418.987305 -7599.582520
v -10172.964844 -7007.820801 -1725.560303
v -10099.404297 -6383.014160 238.064835
v -12422.431641 -6927.713867 -7936.053711
v -10875.541992 -6039.329590 -4879.696777
v -11558.693359 -4697.784180 -2174.228271
v -9453.651367 -6943.131348 252.474854
v -9803.064453 -6322.326172 137.199219
v -10989.465820 -5371.565430 -5258.127930
v -10732.239258 -6894.144531 353.143463
v -10637.957031 -7100.530762 352.890656
v -10440.084961 -7549.454102 275.530151
v -8130.499512 -5725.027832 -1288.269653
v -8074.520996 -5722.399414 -1187.760254
v -10304.348633 -5632.031738 -224.777542
v -12017.174805 -6372.650879 -7350.345215
v -9069.332031 -5483.222656 -424.664551
v -11265.097656 -4035.626709 -6753.123535
v -5910.004883 -7824.893066 -1147.086060
v -9367.484375 -9220.640625 -8350.780273
v -9553.942383 -8111.926270 -1470.284058
v -10106.752930 -5938.001953 -9301.302734
v -9106.457031 -6244.716797 -9105.367188
v -8971.024414 -6521.647949 -9124.170898
v -10939.549805 -5129.200195 -9774.192383
v -9981.314453 -7007.378906 -8272.187500
v -13608.032227 -8938.111328 -3958.270264
v -13358.954102 -7992.498047 -6891.401367
v -10248.788086 -5463.635254 -1397.000610
v -11302.283203 -8108.845215 528.373840
v -10355.286133 -6048.636719 -1598.605835
v -7539.637207 -6130.730469 -370.290100
v -7277.831055 -6130.073242 -596.030212
v -12175.886719 -5025.980469 -6339.633301
v -11260.646484 -3988.633789 -9062.244141
v -11622.757812 -4059.368408 -8842.630859
v -10416.337891 -8678.625000 827.188721
v -12316.587891 -7063.654785 -1109.976929
v -12254.277344 -7542.288574 -1209.242188
v -12846.006836 -6768.405762 -3998.065674
v -8400.854492 -9147.220703 250.447128
v -10110.434570 -3907.167236 -9149.022461
v -7950.730469 -8086.426270 -1487.482422
v -8698.454102 -6010.754883 -42.886395
v -9654.942383 -7556.069824 -9494.425781
v -11949.541016 -4474.054688 -6546.552246
v -11954.024414 -4607.360352 -6554.290039
v -8167.261230 -8106.716797 269.920166
v -11899.820312 -4407.122559 -8552.126953
v -12108.775391 -4319.752930 -3515.693115
v -12321.415039 -8074.400879 -9148.767578
v -10036.242188 -9195.329102 -8283.166992
v -10855.613281 -7772.855957 -9833.414062
v -12427.996094 -5711.829590 -2156.967041
v -9891.170898 -8104.733398 -7306.646973
v -6823.921387 -8876.694336 -308.672852
v -6937.468750 -8951.864258 -121.446983
v -7092.610840 -8724.448242 124.024376
v -10836.275391 -8612.928711 -10466.128906
v -10470.110352 -6689.641113 -8359.183594
v -12633.405273 -9518.591797 -696.421753
v -11328.896484 -4175.718262 -3521.840088
v -9158.641602 -7915.814941 497.589081
v -9983.541992 -7498.355469 -7902.747070
v -10817.938477 -8334.837891 749.364929
v -13617.912109 -9031.094727 -4352.868164
v -9155.463867 -8118.782227 727.238037
v -12022.533203 -4359.833984 -7388.148438
v -12049.685547 -4720.599121 -6135.574707
v -8030.034180 -9330.714844 -41.599049
v -12484.742188 -6124.863281 -2870.015381
v -6099.048340 -6893.692383 -941.469360
v -10721.001953 -7886.140137 -4032.013428
v -10954.327148 -7607.398926 -9635.815430
v -10954.188477 -7380.701172 -9483.083008
v -10096.463867 -8913.317383 -1505.210693
v -7739.400391 -6067.433594 -293.297546
v -12019.130859 -4572.145020 -2625.997314
v -12044.305664 -9731.870117 -1734.088623
v -11954.075195 -4498.248047 -7224.520996
v -11955.696289 -4820.182617 -7512.558594
v -10647.811523 -9147.068359 -1803.057983
v -12165.737305 -5176.644043 -7133.379395
v -8127.958984 -7712.089355 -224.236877
v -10372.439453 -6249.732910 -8327.395508
v -10413.219727 -7272.484863 -9649.765625
v -8454.447266 -7991.664551 282.203491
v -13139.704102 -9531.432617 -4945.036133
v -12227.332031 -4811.730957 -8384.279297
v -8228.059570 -9389.228516 -8839.192383
v -11584.880859 -6227.528809 -9019.348633
v -11593.088867 -6604.594727 -9119.484375
v -10274.297852 -4073.231445 -8442.128906
v -13399.410156 -8374.084961 -7494.402344
v -9221.783203 -8354.221680 -9725.263672
v -12468.313477 -6477.349121 -6412.005371
v -13263.791992 -7987.212891 -2393.136475
v -12080.460938 -5718.879395 -7422.589844
v -7903.698730 -6773.765625 -274.075500
v -10300.041992 -8140.366211 509.722168
v -10170.767578 -8602.205078 -6099.983887
v -11083.453125 -6237.260254 -408.918610
v -11093.916016 -6166.835938 -516.247986
v -9795.355469 -4740.573242 -9468.832031
v -11934.163086 -5842.026855 -1080.353638
v -11885.243164 -3737.715088 -4818.515625
v -12735.329102 -5554.428711 -3974.178711
v -6020.123535 -8894.991211 -1252.257202
v -11383.432617 -3780.584473 -5183.940918
v -10214.618164 -8941.262695 -7121.931152
v -9442.801758 -5919.412109 -9320.104492
v -13616.647461 -8734.947266 -3595.751221
v -11253.704102 -7363.533203 -9387.465820
v -10889.195312 -4578.884766 -6569.575684
v -8875.209961 -6543.219238 -9073.351562
v -5877.051758 -7991.390137 -1212.236938
v -7055.157715 -8643.657227 -1794.502197
v -7692.579102 -8858.053711 -1705.413940
v -11136.257812 -9716.145508 -10.895225
v -10938.644531 -3947.341309 -8947.083984
v -9532.734375 -4100.126465 -9316.591797
v -12030.273438 -5352.484375 -7710.529785
v -12068.859375 -8139.604492 -9561.081055
v -9572.022461 -8787.291992 -10062.776367
v -8341.967773 -4403.046387 -8069.827637
v -13402.175781 -9099.065430 -1738.015869
v -7578.080078 -7298.044434 -1797.448975
v -9027.056641 -8086.770020 -9290.553711
v -9934.311523 -8590.529297 -7245.455078
v -13297.760742 -9274.835938 -5503.036621
v -12627.536133 -6352.344727 -4501.840820
v -6380.168945 -7578.845215 -1928.941040
v -6386.840332 -7136.095703 -1939.368896
v -12617.629883 -6668.338379 -2855.029785
v -9296.262695 -7083.332520 219.510300
v -11832.194336 -7875.055176 -475.230957
v -11563.116211 -4576.881348 -9150.065430
v -12442.329102 -5322.471680 -3282.578369
v -12411.945312 -6110.510742 -2500.388916
v -12437.942383 -6022.534180 -2736.864502
v -12401.806641 -5624.920410 -2999.368164
v -10631.675781 -8936.878906 -4436.870117
v -7696.720703 -5849.445312 -539.574036
v -11136.912109 -6324.497070 155.746567
v -6735.401367 -6343.516113 -1913.072266
v -11967.388672 -7978.154297 -9498.938477
v -9687.758789 -7910.801270 -7418.691406
v -8331.131836 -4994.878906 -9226.083984
v -10726.268555 -5086.337891 -2753.979980
v -10017.144531 -8488.019531 -7122.430664
v -12530.636719 -9875.660156 -1488.756714
v -10946.661133 -4189.868164 -7734.591309
v -10194.574219 -7780.749023 -7373.239746
v -10318.089844 -9064.435547 -6427.048828
v -6622.286133 -8833.107422 -383.653870
v -12995.816406 -7720.774414 -7160.318848
v -13169.470703 -7973.471680 -7522.515625
v -12327.176758 -6701.408691 -1431.892090
v -12340.833984 -7017.495605 -1463.348022
v -12592.411133 -7373.233887 -1548.270752
v -6037.524902 -8313.892578 -657.040222
v -12561.424805 -6217.379395 -3330.295166
v -11800.074219 -8321.379883 -9984.921875
v -11152.749023 -4072.864502 -3535.768799
v -12643.873047 -7017.996582 -6157.335449
v -11040.708984 -3841.810303 -4431.662598
v -10796.038086 -4848.687012 -2390.574219
v -12610.146484 -7536.688965 -6807.818848
v -10987.900391 -4986.681641 -1811.322754
v -10698.731445 -8483.250977 -3300.510498
v -9291.726562 -6805.705566 -9247.145508
v -8889.108398 -9194.493164 -8190.625000
v -5991.293945 -7187.291016 -1001.984619
v -7940.871582 -7488.461914 -8187.774414
v -11952.051758 -5300.508301 -1899.428711
v -12215.525391 -4778.668457 -4685.287598
v -11687.985352 -4817.814941 -9103.694336
v -11923.915039 -5296.382812 -9018.627930
v -12016.257812 -5716.262207 -8889.193359
v -10084.406250 -8924.733398 -7411.911133
v -12583.839844 -8919.443359 -8956.237305
v -12917.865234 -8696.263672 -8482.110352
v -11798.346680 -6127.256836 -748.550781
v -11829.550781 -6286.429199 -198.791290
v -12726.046875 -5922.825684 -5461.778809
v -8336.236328 -6343.000977 -114.588326
v -12784.171875 -6727.505371 -6000.834961
v -12649.157227 -6357.174805 -5685.514160
v -11008.411133 -4725.844727 -9655.020508
v -12500.474609 -4975.673828 -4803.138672
v -9387.996094 -7807.357910 -7589.510742
v -13346.356445 -7805.246094 -6384.875488
v -7255.609375 -7604.420898 -225.000641
v -7294.289551 -7832.628418 -1784.319092
v -9111.431641 -4874.370117 -9321.669922
v -12612.946289 -6225.830566 -3884.077393
v -12761.488281 -7710.844238 -1419.152710
v -7396.827637 -9285.344727 -89.486397
v -10351.419922 -7118.579590 -8228.902344
v -13258.991211 -9571.106445 -2191.187500
v -12235.606445 -4592.861328 -5301.729492
v -13120.511719 -9059.348633 -6798.650879
v -13111.637695 -9030.000000 -7493.085938
v -7147.119629 -8079.884277 34.492996
v -7763.952637 -6925.564941 -8534.799805
v -7834.192871 -5372.306641 -8474.831055
v -10049.828125 -7419.471191 -9602.251953
v -8292.912109 -8888.601562 -1547.269409
v -7897.545410 -8756.863281 -1623.783813
v -8263.411133 -8016.479492 172.489273
v -7920.673340 -4415.408691 -8211.117188
v -13160.116211 -7256.524902 -4225.322266
v -13140.020508 -7197.610840 -4675.543457
v -12271.436523 -7596.932617 -8794.317383
v -12209.485352 -4517.735352 -4418.729004
v -11132.696289 -5559.937012 -9730.360352
v -10654.907227 -9612.044922 -167.203156
v -12075.241211 -6596.047363 -308.156464
v -13405.104492 -8936.364258 -5667.877930
v -10337.343750 -6049.658691 -9244.604492
v -12905.966797 -9340.489258 -6108.119629
v -12497.581055 -8738.845703 -9357.388672
v -11929.476562 -8962.080078 -9732.757812
v -9657.246094 -9138.811523 549.016418
v -13533.378906 -9016.641602 -2205.552490
v -13683.242188 -8951.350586 -3137.714844
v -11589.800781 -5635.923340 -9600.639648
v -11799.928711 -4606.589355 -2166.772949
v -10795.862305 -4657.835938 -9569.866211
v -11322.800781 -3874.425049 -4445.191406
v -7484.892090 -8897.455078 221.150299
v -7578.521484 -6179.672363 -1725.240967
v -9034.852539 -7662.552246 -9304.483398
v -12666.606445 -5660.734863 -4313.732422
v -12684.575195 -5455.481445 -4453.591309
v -8325.372070 -7437.330566 -1473.751587
v -7046.922363 -9105.908203 -228.536133
v -10475.533203 -8500.097656 -4499.738281
v -12896.250977 -8206.261719 -1231.897217
v -13610.507812 -8769.452148 -4069.227783
v -12899.482422 -8377.492188 -8067.182129
v -9803.751953 -5543.792969 -1238.219604
v -12024.161133 -6874.090332 -8391.057617
v -12497.095703 -7919.814453 -8711.124023
v -11784.655273 -7082.895996 -9244.988281
v -12201.284180 -7676.173340 -8498.945312
v -9289.666016 -7427.577148 205.813675
v -12235.113281 -7320.926758 -8858.453125
v -12207.710938 -7329.553223 -8269.388672
v -9227.372070 -7549.749512 214.378006
v -11291.502930 -6601.391113 -9129.358398
v -9603.962891 -5451.969727 -424.201263
v -10919.762695 -6775.851562 -7702.824707
v -9911.492188 -6620.202148 -1497.031372
v -10850.776367 -7122.552734 -7533.541016
v -12565.820312 -7470.636230 -6615.703125
v -8905.666016 -6148.493652 -8108.040039
v -12503.185547 -6950.667480 -7080.555176
v -11019.009766 -4597.012695 -2501.015869
v -10622.829102 -6505.203613 219.335770
v -9932.825195 -6487.551758 209.021698
v -11529.050781 -5082.019043 -1483.598389
v -10478.898438 -7038.750000 365.787537
v -12339.506836 -7967.709473 -8100.823730
v -9238.903320 -7245.931641 178.199127
v -8996.588867 -8696.964844 -7715.842285
v -11988.856445 -9352.063477 -6410.590332
v -12394.690430 -9840.145508 -777.490479
v -12016.131836 -4118.004395 -6062.040039
v -9808.773438 -7717.254395 -1406.543701
v -7198.801758 -8208.160156 201.597183
v -12214.658203 -4815.771973 -3778.030518
v -12166.611328 -4731.466309 -4171.884766
v -12273.965820 -4803.652344 -4265.174316
v -11691.126953 -5050.229492 -9344.882812
v -10079.407227 -5528.349609 -9413.370117
v -10728.050781 -7429.750488 -4609.027832
v -12441.083984 -8790.652344 -205.680542
v -11216.535156 -9497.740234 -1261.652832
v -8540.014648 -7632.483887 -1371.371460
v -10833.166016 -4317.095215 -7286.762207
v -8141.845215 -9195.606445 -9075.440430
v -8044.516113 -9382.876953 -8911.104492
v -8089.044434 -8318.763672 -7861.905273
v -7985.169434 -7923.252441 -8840.802734
v -5993.566895 -8756.362305 -1861.137939
v -12613.439453 -5203.244629 -4479.244141
v -9557.401367 -6602.299805 -9210.191406
v -9601.820312 -6781.098633 -9188.622070
v -12590.149414 -8533.694336 -9101.341797
v -12626.265625 -8060.652344 -8757.856445
v -11989.936523 -3938.541260 -4445.926758
v -10967.827148 -9252.862305 729.763245
v -7861.282715 -6472.562012 -1701.560425
v -9788.463867 -9440.671875 -84.914558
v -7352.008789 -6008.613770 -1244.329834
v -7467.618652 -5981.917969 -1055.687134
v -10224.518555 -4010.877441 -9393.667969
v -5942.417969 -8662.922852 -1135.623169
v -12712.994141 -5403.979492 -4851.176758
v -11765.671875 -8197.641602 -9901.062500
v -7576.711426 -7460.596191 -262.504639
v -12048.742188 -4650.686523 -2716.201172
v -12085.862305 -4955.195312 -2395.662109
v -11447.967773 -9389.236328 -5962.119629
v -10832.667969 -6318.111816 -7896.760254
v -10688.858398 -6184.385254 -8074.384277
v -12159.787109 -8028.006836 -653.022583
v -12091.000977 -5031.485840 -9008.063477
v -10733.517578 -9433.147461 -935.350220
v -11740.697266 -5545.368164 -9428.961914
v -10912.172852 -4268.236328 -8073.807617
v -11977.448242 -5846.092285 -8823.911133
v -8759.096680 -4084.766357 -8644.670898
v -10442.583008 -6417.109375 -9255.638672
v -11944.474609 -4213.923828 -8057.058105
v -12382.443359 -4813.781250 -5316.169922
v -12534.206055 -5234.441406 -5469.238281
v -12256.678711 -5357.967285 -7007.607910
v -10881.434570 -4669.559570 -3391.001709
v -11006.731445 -9601.933594 -541.764587
v -11098.823242 -9458.504883 -856.373108
v -9986.064453 -4287.309082 -8281.110352
v -11455.514648 -4169.353516 -9116.960938
v -8453.980469 -8294.207031 -1461.206055
v -13231.198242 -8766.583984 -1466.028931
v -13266.447266 -8996.258789 -6194.869629
v -10885.684570 -5746.188477 -6515.866699
v -11341.557617 -9502.615234 -7229.010742
v -11461.926758 -5873.636230 -774.696228
v -10876.315430 -4284.504883 -3633.388184
v -11610.629883 -6098.185059 -9014.808594
v -12713.679688 -8954.513672 -8720.143555
v -12934.003906 -8998.823242 -8080.861816
v -13431.805664 -8193.735352 -6224.029785
v -11921.536133 -6097.817871 -8324.817383
v -11918.893555 -6174.617188 -8283.630859
v -12025.156250 -5993.307617 -8507.103516
v -11292.786133 -9076.571289 -10122.086914
v -8082.537598 -7885.919922 -65.285881
v -9158.179688 -9294.905273 -8448.255859
v -10489.188477 -6845.895508 -9443.059570
v -10654.188477 -5744.582031 -386.443573
v -10804.619141 -5333.577148 -3228.815186
v -7629.354004 -5979.189941 -393.980530
v -8250.835938 -8007.130859 -7794.579102
v -12864.150391 -7442.445801 -6546.139648
v -10761.828125 -7408.944336 -5176.446289
v -10461.292969 -7949.752441 -2581.398193
v -8629.619141 -7078.361328 -1351.885864
v -7805.479004 -9055.978516 -8504.658203
v -7933.959961 -9326.072266 -8924.831055
v -6538.249023 -7988.328125 -303.254456
v -13518.699219 -9103.804688 -4775.543457
v -10509.413086 -7929.347656 -4822.791992
v -11537.110352 -8278.721680 -10153.519531
v -12304.072266 -6774.613770 -765.099182
v -12265.302734 -5195.578125 -8083.919434
v -7173.262207 -7191.740723 -271.895721
v -11880.264648 -9278.135742 -9289.891602
v -11874.687500 -9335.579102 -9072.867188
v -6775.782227 -6581.271484 -600.728027
v -8786.959961 -9416.647461 -147.872238
v -10738.279297 -8967.738281 -3120.849854
v -13046.223633 -9672.431641 -2255.288574
v -11591.156250 -8700.634766 670.605530
v -10745.128906 -9303.528320 -9372.409180
v -10783.792969 -8058.314941 -3521.254639
v -8989.985352 -6274.333008 -1356.480225
v -9445.527344 -6427.852539 -1253.158691
v -5903.024902 -7477.770508 -1251.960327
v -8253.893555 -8637.099609 -9242.641602
v -7309.828613 -8814.471680 -1747.757812
v -9269.302734 -7655.655762 -1367.989868
v -5946.735840 -7934.508301 -1509.051147
v -5884.635254 -8515.168945 -1528.619507
v -8336.781250 -8036.555176 -9204.584961
v -7125.376465 -9239.312500 -285.865814
v -7187.756836 -9411.131836 -446.867035
v -12342.659180 -9626.750000 -2782.680420
v -12665.982422 -6262.530762 -6159.865234
v -10001.714844 -8642.619141 723.746643
v -10856.176758 -5443.475586 -7270.676270
v -12119.924805 -8372.250000 -43.863377
v -11192.462891 -9415.727539 -8130.828125
v -13076.214844 -9018.068359 -1155.260864
v -8276.647461 -7138.062988 -1424.843628
v -10809.504883 -9242.477539 -9882.704102
v -8053.529297 -4752.056641 -8113.610352
v -8346.234375 -9091.744141 -7949.522949
v -11657.070312 -7810.223633 -295.736389
v -8525.888672 -8967.082031 -9421.063477
v -12469.255859 -9077.525391 -172.479385
v -7321.793457 -9441.834961 -537.802734
v -11371.910156 -9409.056641 -5312.500000
v -12763.506836 -9550.586914 -1107.453613
v -9661.829102 -8603.701172 -10114.977539
v -12686.755859 -9396.300781 -6099.723633
v -12593.066406 -8738.305664 -617.020935
v -10224.282227 -7722.423340 -1633.944580
v -9951.241211 -8024.873535 -1365.612183
v -8116.938477 -5964.057129 -1490.729126
v -7652.218750 -6361.732910 -1773.145386
v -10713.144531 -4351.259766 -8243.550781
v -11190.021484 -3788.518066 -4685.297363
v -11063.162109 -3755.039795 -4962.422363
v -9659.158203 -7090.470215 -9284.379883
v -5890.263672 -8089.836914 -933.193848
v -10354.642578 -5072.189941 -8305.250977
v -10074.867188 -5055.430176 -8299.798828
v -12467.500000 -5238.837891 -6203.742188
v -12550.692383 -5600.044922 -6266.559570
v -10729.440430 -6138.925293 -4347.331055
v -10748.730469 -6173.914551 -4064.622314
v -11733.163086 -9513.289062 -2231.387207
v -10297.977539 -7885.248047 -6353.602539
v -10882.338867 -6626.311035 -5063.892090
v -10897.722656 -6555.152344 -4916.885254
v -10827.761719 -6677.266113 -4753.419434
v -12185.156250 -5817.597168 -6593.200195
v -11438.319336 -7331.704590 58.366955
v -11335.413086 -7871.106934 -64.440247
v -10004.051758 -8281.794922 -7179.502930
v -9433.373047 -4251.175293 -9266.467773
v -7873.206055 -9034.750977 -1519.073242
v -6687.821289 -6673.182617 -2041.905518
v -7709.867188 -7398.073730 -8611.491211
v -13293.339844 -9432.554688 -1564.449829
v -12346.124023 -5809.400879 -1691.080322
v -12174.929688 -5594.353027 -1797.705322
v -12738.412109 -6645.173340 -4775.264648
v -9367.604492 -8211.024414 -9751.227539
v -8106.406738 -5204.554688 -9097.437500
v -10755.962891 -7781.562012 -3332.870850
v -10747.471680 -9045.026367 -2273.750488
v -10627.346680 -8782.281250 -2139.030029
v -10560.590820 -8548.130859 -2383.315674
v -10567.350586 -9043.528320 -5207.491699
v -10455.687500 -8435.206055 -2083.262939
v -7700.352539 -7873.691406 -8579.766602
v -10685.487305 -8971.161133 -4131.316895
v -10408.690430 -7602.856445 -2092.657715
v -7813.279297 -6108.211914 -8611.881836
v -10675.777344 -9122.115234 -5311.793945
v -11385.726562 -6030.359863 -9429.755859
v -7864.345215 -7160.912598 -8802.033203
v -12430.319336 -6721.471191 -1797.256836
v -10795.268555 -7482.730957 -3717.218750
v -10165.649414 -8178.195801 -1521.644409
v -9169.422852 -6342.932129 -9170.255859
v -12888.141602 -9657.522461 -2723.938721
v -10819.658203 -6321.040039 -3418.311279
v -6679.070312 -7877.320312 -1863.668579
v -7026.828613 -8460.297852 -1764.645386
v -6815.646973 -8775.415039 -1814.328369
v -11103.890625 -7742.689453 -9562.320312
v -12023.855469 -6319.876953 -8192.082031
v -9473.959961 -4867.615723 -9467.671875
v -11223.795898 -8776.390625 -10390.860352
v -9422.211914 -5003.242676 -8139.552246
v -6057.079590 -8980.757812 -871.846497
v -7823.722168 -8198.377930 267.806091
v -7935.198730 -7187.848633 -8205.086914
v -12374.530273 -8634.946289 -9561.866211
v -12338.392578 -8432.407227 -9594.148438
v -11414.021484 -3793.047607 -5798.713379
v -12709.472656 -6780.204102 -2775.431396
v -6908.178711 -6879.256348 -397.837189
v -10861.165039 -5883.900879 -3507.399658
v -7874.098633 -7492.777344 -279.950867
v -12497.334961 -6619.085938 -2382.476807
v -12977.320312 -7868.296387 -1649.533447
v -12408.696289 -5937.959961 -1684.389038
v -5915.857910 -8921.867188 -1459.311523
v -6524.897949 -8916.417969 -480.002533
v -11725.927734 -3732.331055 -4708.208984
v -11900.142578 -3816.685059 -4518.302734
v -7812.713379 -6196.979004 -8516.154297
v -7859.316406 -5345.015625 -8354.024414
v -7814.512695 -5756.314941 -8438.164062
v -10054.655273 -7808.992676 -1463.735718
v -6071.190430 -8785.166992 -944.240173
v -12614.788086 -8073.405273 -963.753723
v -11632.545898 -8198.972656 415.362549
v -12792.777344 -7749.667480 -7370.091309
v -10859.231445 -5394.682617 -7505.174316
v -12118.703125 -4415.767578 -5709.698242
v -12027.755859 -5708.298828 -7621.742676
v -10892.077148 -9408.195312 -7066.460938
v -9395.852539 -8001.658691 -1452.012939
v -12190.604492 -7787.041992 -946.587280
v -10903.305664 -9200.344727 -2956.345947
v -13023.500977 -8029.838379 -7748.358887
v -11879.603516 -8101.463867 -423.972748
v -10951.982422 -9354.375000 -8410.447266
v -10099.744141 -8769.691406 -6480.272461
v -10841.944336 -6099.178223 -7793.136719
v -9822.730469 -8025.764160 -1362.766724
v -11486.575195 -7985.386719 -74.779510
v -12277.922852 -7459.359863 -8100.993652
v -10369.335938 -9142.674805 -6748.567871
v -10027.523438 -8287.175781 -1381.932129
v -12262.551758 -7819.486816 -8091.644043
v -10827.006836 -5676.684082 -7646.601074
v -6450.788086 -9492.347656 -791.011658
v -10848.887695 -6204.588867 -7520.462891
v -9921.625000 -7680.555176 -1432.217773
v -5996.641602 -9309.402344 -1517.424683
v -9335.487305 -9429.312500 109.020615
v -5960.270020 -9185.657227 -1427.808838
v -10833.374023 -5844.189941 -7290.014160
v -6143.265137 -9333.039062 -948.265076
v -11512.093750 -9445.723633 -3820.945068
v -10833.176758 -6410.835938 -7222.794434
v -12039.024414 -5751.386719 -7794.551758
v -12654.370117 -5845.826660 -6033.184570
v -8834.447266 -8466.677734 -1537.801025
v -12607.699219 -5223.847656 -5874.035645
v -10358.629883 -9125.021484 -6971.399414
v -12941.396484 -8648.755859 -1064.503296
v -12029.668945 -6272.811523 -7213.135742
v -12289.007812 -8417.333984 -528.419739
v -11182.665039 -9394.873047 -2665.646484
v -7736.580078 -7304.558594 -8487.856445
v -11305.919922 -9413.968750 -3079.824707
v -12197.123047 -5640.353027 -6551.316406
v -10758.882812 -5948.801758 -7952.011719
v -8852.850586 -8917.220703 -9479.099609
v -9788.608398 -8535.153320 771.938049
v -9532.257812 -6227.006836 -9220.236328
v -6890.013672 -7253.320801 -1903.606934
v -12100.635742 -9538.979492 -5329.006836
v -11932.610352 -4025.761719 -7007.711914
v -12198.945312 -7522.238770 -1118.945190
v -11472.781250 -8782.689453 -10279.270508
v -12377.479492 -5171.766113 -8668.756836
v -12248.211914 -4593.062012 -4675.134277
v -11900.939453 -8488.283203 374.898834
v -12116.681641 -8677.634766 226.071182
v -12079.514648 -9563.208008 -4354.794922
v -9910.897461 -6000.172852 -9288.209961
v -10942.631836 -4203.428223 -5729.087891
v -10936.651367 -4221.805664 -6000.011230
v -12657.320312 -6116.401855 -5797.850098
v -9420.318359 -9010.328125 -1235.093506
v -9010.321289 -9067.079102 -1256.469238
v -12045.568359 -9391.501953 -8358.861328
v -11066.985352 -4059.978516 -3566.613037
v -11239.860352 -6151.450684 -570.416443
v -11133.786133 -7867.870117 74.757919
v -11773.304688 -9839.493164 -516.588928
v -9166.268555 -9258.791016 -9478.377930
v -8653.144531 -7511.210938 -9176.470703
v -11947.409180 -9164.934570 414.625763
v -11237.457031 -9682.435547 212.438431
v -11449.406250 -9793.410156 -19.299417
v -6383.597168 -7827.668945 -554.309753
v -8279.032227 -4181.765625 -8151.330078
v -8591.613281 -4106.833008 -8213.167969
v -10838.336914 -8937.487305 -10357.325195
v -11984.812500 -5058.659668 -7543.250000
v -13383.528320 -8366.170898 -2430.996094
v -7673.401855 -6813.039551 -359.076416
v -10071.935547 -8478.698242 -10318.170898
v -10636.832031 -7392.902344 -6905.812500
v -6162.434082 -9181.209961 -1911.200562
v -10893.625977 -5496.807617 -6980.467773
v -10263.088867 -9428.359375 -855.032654
v -6058.319336 -6631.482910 -1629.906616
v -6395.322266 -6427.286621 -1073.019043
v -12502.029297 -9614.194336 -546.355347
v -9676.774414 -7555.068848 422.850952
v -12782.199219 -6602.872559 -5030.597656
v -11053.018555 -3965.508301 -7874.603027
v -10979.707031 -4040.477539 -7708.617188
v -9431.350586 -8929.222656 -7768.685059
v -9508.538086 -8994.488281 -7858.760742
v -10217.305664 -7273.979980 -8122.991699
v -6999.982422 -7949.384277 -1802.602295
v -9165.407227 -4334.480469 -8095.007812
v -8348.102539 -9313.086914 -971.242126
v -11747.921875 -5344.044922 -1364.325684
v -11772.332031 -5176.603516 -1552.981079
v -13218.150391 -7343.465820 -3629.047119
v -8861.068359 -8651.740234 -9439.826172
v -9031.438477 -8452.656250 -9473.059570
v -9289.128906 -8115.500000 -9462.098633
v -8183.431152 -8024.087402 -9077.585938
v -8034.342285 -7506.421387 -8891.467773
v -10366.891602 -4371.576172 -9540.443359
v -9832.952148 -4245.546387 -9425.948242
v -9890.097656 -7637.834473 -7646.515625
v -10069.892578 -7802.090332 -7425.395996
v -10684.331055 -8669.065430 -3055.373291
v -12218.088867 -5349.530273 -7166.761719
v -10553.230469 -4067.650391 -8424.284180
v -9520.319336 -6182.037109 51.742195
v -12468.293945 -8853.956055 -9284.595703
v -10539.698242 -5813.116699 -1890.922852
v -12554.030273 -6316.692383 -3240.318115
v -8389.476562 -4618.584961 -8032.222656
v -12573.357422 -9739.400391 -2251.331055
v -8350.416016 -8558.337891 -7775.432129
v -10204.471680 -9285.526367 439.880646
v -10432.466797 -9515.233398 -44.073887
v -11969.787109 -6082.469238 -8014.156250
v -7346.438477 -8316.546875 296.840210
v -7958.808105 -9437.901367 -416.437592
v -12513.400391 -9133.413086 -8569.210938
v -6622.407227 -7253.660645 -534.908630
v -6831.617188 -7182.368652 -355.010162
v -12583.717773 -6356.056641 -4234.180176
v -11781.366211 -9403.888672 -5725.465820
v -10790.864258 -9461.211914 608.721069
v -10913.605469 -9583.321289 420.638794
v -6928.412598 -9299.405273 -1529.736816
v -11713.349609 -9643.599609 -1277.485962
v -11519.619141 -3704.128906 -5050.006836
v -8473.266602 -5941.076172 -9199.201172
v -8672.511719 -5500.536621 -9376.321289
v -12240.097656 -5241.117676 -8881.016602
v -9737.813477 -8939.288086 -1358.269531
v -12398.872070 -7250.222168 -1433.829956
v -10298.996094 -6713.531250 -8406.590820
v -11434.534180 -6200.672852 -12.987726
v -10922.814453 -4859.687500 -2099.305420
v -10818.022461 -4856.151367 -2214.291748
v -11821.763672 -7767.478027 -479.171265
v -8270.842773 -6383.165527 -9034.358398
v -9680.391602 -8215.449219 -1421.833496
v -6499.029297 -6739.328613 -711.901428
v -8828.505859 -8114.765137 -7694.079590
v -8410.226562 -7386.411621 -9140.508789
v -6108.093262 -6720.770508 -1944.252808
v -11120.569336 -3969.953125 -3938.034912
v -11209.440430 -3924.058594 -7948.875000
v -11969.768555 -4799.823730 -7033.251465
v -12436.056641 -6716.861816 -1922.186279
v -12689.609375 -6369.437500 -5269.679688
v -7993.584473 -5991.968262 -8890.707031
v -7978.730957 -6340.437988 -8868.013672
v -12967.314453 -9087.783203 -7782.218750
v -8868.498047 -7806.306152 220.645615
v -9098.581055 -7741.342773 284.311279
v -13458.912109 -8790.806641 -5469.104492
v -11414.090820 -8177.281738 574.989136
v -12227.371094 -5439.308105 -6729.107422
v -12170.735352 -5386.893555 -6522.103516
v -8548.179688 -5678.203613 -9322.060547
v -9852.241211 -7296.937012 327.284943
v -11436.063477 -4438.158203 -2942.507324
v -11701.883789 -3793.546875 -4244.260254
v -13191.800781 -9380.669922 -5486.370117
v -12252.415039 -5017.433105 -3306.597656
v -11939.369141 -9867.488281 -291.717804
v -9542.699219 -8010.799316 -7435.858398
v -12661.207031 -6428.339844 -3971.816406
v -13227.904297 -7387.648926 -3205.678467
v -9912.694336 -9175.301758 -9900.906250
v -9408.549805 -9214.990234 -9689.867188
v -8155.615723 -7646.602539 -1511.930298
v -10714.000000 -7005.222168 -4138.439453
v -11847.148438 -3985.643311 -6656.833496
v -11748.045898 -3938.173340 -6487.414551
v -10896.867188 -7906.108398 170.864578
v -13226.212891 -8971.073242 -6561.413086
v -10669.917969 -5000.235840 -8209.412109
v -12659.763672 -7090.948730 -1947.290894
v -11995.455078 -4103.683594 -3363.216553
v -8712.783203 -9352.577148 -8352.835938
v -10542.798828 -9343.102539 -8687.878906
v -9327.815430 -7977.398926 633.031372
v -12332.993164 -5060.690918 -3450.723877
v -11919.979492 -4433.756348 -8394.966797
v -8133.411621 -5792.112305 -376.579285
v -11828.752930 -6040.691406 -8688.317383
v -12269.046875 -4818.451172 -5092.851562
v -10732.889648 -6813.454590 -8064.185547
v -11310.983398 -8119.126953 -10087.520508
v -12951.261719 -7592.305176 -6797.838379
v -12202.838867 -6326.169922 -1143.516357
v -12271.528320 -6439.602051 -1153.200684
v -12266.499023 -6418.053711 -870.459290
v -8945.928711 -8184.698730 -9317.477539
v -8764.081055 -8207.059570 630.326233
v -10946.477539 -4737.822266 -5131.646484
v -10960.113281 -4583.520508 -5140.474609
v -10879.321289 -4626.967285 -4733.194824
v -10986.005859 -3814.543945 -5480.263184
v -12033.752930 -5780.092285 -1346.942505
v -13364.100586 -8343.038086 -2300.533203
v -12073.571289 -6756.035156 -8581.946289
v -8418.775391 -6929.497070 -1435.038940
v -12537.752930 -5992.566406 -2891.936768
v -10006.166992 -8691.584961 -7176.379883
v -10006.967773 -8537.413086 -1445.103027
v -13227.402344 -9579.076172 -3711.151855
v -13222.120117 -9554.336914 -4401.279297
v -11975.519531 -7005.763672 -9079.145508
v -11719.647461 -3958.447998 -8524.969727
v -8499.822266 -6416.677246 -1397.269653
v -8201.659180 -6116.687012 -1515.874268
v -12110.712891 -4540.600098 -3805.726074
v -12079.602539 -4321.275879 -4078.617676
v -10766.089844 -6287.507812 8.479761
v -10734.591797 -6127.130859 -66.351028
v -11022.170898 -6925.721680 -9245.226562
v -10820.344727 -6889.781250 -9202.316406
v -11739.036133 -4831.488281 -1823.121216
v -7175.818359 -6460.247070 -526.915588
v -11884.612305 -6552.272461 -8366.240234
v -9079.338867 -4646.846191 -9210.824219
v -12974.885742 -8553.985352 -1119.532715
v -12295.616211 -4892.270020 -4561.876465
v -10987.201172 -5149.050293 -1584.363159
v -10351.319336 -8045.241211 -10142.945312
v -10582.626953 -8188.055664 -10308.919922
v -9806.860352 -7558.650879 -9565.257812
v -8282.323242 -4206.352051 -8885.326172
v -6386.423340 -9387.114258 -1655.518188
v -10318.205078 -6297.663086 -1679.337280
v -6103.537109 -9438.630859 -1447.584106
v -12367.257812 -7844.549316 -7965.398438
v -10855.800781 -4455.590820 -4564.717285
v -11243.669922 -5868.385254 -682.024353
v -12503.529297 -5498.335449 -3167.167480
v -10914.190430 -4994.305664 -4821.550781
v -11121.277344 -5607.146484 -679.065491
v -11549.966797 -9425.423828 -6466.341309
v -12874.918945 -6864.439941 -3426.515625
v -9600.275391 -8661.249023 -1386.405884
v -12919.076172 -8277.062500 -8208.239258
v -10614.545898 -5201.227051 -1689.846069
v -10811.239258 -5019.707520 -1827.012085
v -5948.294434 -8171.563477 -1493.208496
v -9946.667969 -5828.117676 -1403.650513
v -12614.125977 -5855.411133 -4127.744629
v -12626.056641 -5228.764160 -3857.802002
v -12722.385742 -5533.432129 -3754.127686
v -12702.074219 -5647.324219 -4667.121094
v -12615.706055 -5977.059570 -4816.174316
v -12691.046875 -5474.982910 -4264.766602
v -12509.706055 -7376.437012 -6606.081055
v -12179.026367 -4939.873535 -6224.880371
v -10621.760742 -7541.947754 -9722.543945
v -10814.111328 -4730.520020 -2925.219238
v -10090.059570 -5174.810547 -9438.987305
v -12661.224609 -6173.062500 -5301.516113
v -12397.344727 -6335.896484 -2197.196045
v -10653.958008 -8894.379883 -3915.114502
v -10677.095703 -8879.195312 -3380.453613
v -12431.257812 -6174.459473 -1622.282837
v -12458.048828 -6838.749512 -7709.648926
v -12299.255859 -6624.114746 -7010.747070
v -12245.129883 -7403.124512 -1231.540894
v -12018.621094 -8244.728516 -364.173615
v -12321.890625 -6553.030762 -1312.933472
v -12566.750977 -6591.696777 -2668.819824
v -12472.431641 -6863.225098 -1729.335571
v -10769.567383 -9145.750977 -3583.009766
v -10947.068359 -9355.418945 -3548.917236
v -10634.839844 -5970.923828 -2605.579346
v -9862.083984 -7442.285156 -1437.137817
v -10499.813477 -6613.375977 -2136.637939
v -10866.189453 -5203.692871 -4479.591797
v -9518.844727 -7326.353516 277.595673
v -10234.027344 -8967.470703 -6362.692383
v -8073.913086 -7508.958496 -8046.783691
v -10059.400391 -6704.729004 -9447.904297
v -6412.285645 -8692.266602 -441.364990
v -6396.882812 -8397.791016 -308.893250
v -11176.074219 -9331.522461 -9281.766602
v -10705.837891 -4033.215820 -9401.368164
v -8873.177734 -4025.139160 -8267.895508
v -13092.630859 -9654.114258 -1581.524902
v -6153.666504 -7016.220703 -1959.404663
v -11251.375000 -9488.226562 -974.491516
v -12308.583008 -6584.789551 -802.377380
v -7134.660156 -7942.301270 -47.752407
v -7332.052734 -7773.474609 -157.988403
v -10749.341797 -4037.348633 -8340.943359
v -10937.762695 -4645.786133 -6528.420898
v -10664.811523 -9355.080078 -1372.038086
v -11670.817383 -7334.036133 -9303.095703
v -12179.062500 -4955.159180 -3123.092529
v -12269.469727 -5276.636230 -2899.732422
v -12047.785156 -4598.442383 -3248.735840
v -9424.580078 -9293.830078 -9335.517578
v -11010.508789 -3951.060303 -6234.021973
v -10732.913086 -9232.062500 772.285278
v -8499.902344 -6759.247559 -38.413517
v -10470.519531 -8872.458984 -1842.608154
v -13375.631836 -7956.147949 -4618.792969
v -11332.086914 -4490.937500 -9372.378906
v -9746.195312 -7793.334473 -9661.071289
v -9887.527344 -7912.335449 -9810.975586
v -7958.594727 -8695.001953 -8906.094727
v -11191.301758 -5816.229492 -9612.149414
v -8134.115723 -8208.855469 342.787994
v -10412.741211 -7714.012207 -2378.089355
v -9202.897461 -8261.536133 813.852844
v -11230.044922 -9483.999023 -7603.746094
v -9282.623047 -8638.183594 833.290833
v -12145.893555 -5143.725586 -2484.413818
v -12247.035156 -4435.429688 -5216.580566
v -11869.101562 -6051.096191 -7669.416992
v -10095.347656 -6091.309082 -1412.424438
v -10971.059570 -9447.654297 -1066.423950
v -10867.117188 -4448.493164 -3124.412354
v -9936.684570 -3954.662354 -9313.266602
v -13415.666016 -8628.107422 -6098.193359
v -7884.827637 -5957.700195 -288.808472
v -8166.859863 -6058.128418 -252.825699
v -12178.413086 -5777.708496 -1534.001465
v -12033.884766 -4507.619141 -3172.980713
v -12456.551758 -5835.407227 -2549.236084
v -13040.912109 -8735.923828 -8003.049316
v -9669.864258 -8147.273926 -9922.936523
v -7964.852539 -4338.226562 -8822.123047
v -8077.683105 -4644.553711 -8963.531250
v -12884.620117 -9584.183594 -5038.092773
v -11718.603516 -3928.813721 -7763.679199
v -9756.386719 -5887.549316 -9296.145508
v -8232.896484 -8914.114258 396.878174
v -8356.533203 -8753.547852 481.127930
v -12109.786133 -3922.588623 -5468.994141
v -11365.144531 -6263.756348 99.243614
v -11736.376953 -6367.721191 -33.602379
v -11752.666016 -8657.764648 -10148.028320
v -11160.220703 -9169.718750 -10041.768555
v -8008.143066 -4342.135254 -8904.448242
v -12000.184570 -7277.544922 -9124.587891
v -10688.941406 -5441.552246 -2874.589600
v -13131.184570 -7637.094727 -2430.917969
v -12904.755859 -7352.162598 -2175.365479
v -8958.159180 -5938.045898 -69.640915
v -9518.709961 -5720.116211 -1322.848999
v -11899.477539 -9382.899414 329.747192
v -11056.610352 -7790.187012 66.324936
v -8101.564453 -7174.980469 -252.162689
v -12038.486328 -4044.035400 -3976.093506
v -9586.430664 -4569.993652 -8097.604004
v -10330.778320 -7646.302246 -7515.492676
v -11768.557617 -5475.125000 -1496.220825
v -12592.970703 -5411.088867 -5633.279297
v -11193.900391 -3921.579102 -5801.449219
v -10557.340820 -4628.239258 -8314.733398
v -12688.443359 -8855.400391 -8861.432617
v -11550.521484 -6129.694336 -425.633453
v -11439.636719 -3780.896729 -5286.566406
v -11708.825195 -6850.882812 50.505226
v -10937.739258 -4772.156250 -5742.758301
v -10981.793945 -5154.126953 -5234.647461
v -7365.493164 -6397.634766 -1879.894043
v -11338.957031 -4863.222168 -1946.590576
v -8562.747070 -9231.737305 -9285.162109
v -8248.253906 -9353.730469 -8976.894531
v -11146.738281 -4263.398926 -3084.682129
v -12030.555664 -3972.835449 -4686.541504
v -12705.478516 -9292.036133 -7005.144043
v -11643.369141 -5271.554199 -9572.090820
v -10934.477539 -3971.924316 -8192.622070
v -9152.752930 -9180.720703 -9653.331055
v -13679.075195 -8906.160156 -2982.044922
v -7582.132812 -5969.501953 -1536.983276
v -5860.513184 -6700.865234 -1401.831543
v -13629.541992 -8883.045898 -4433.121094
v -11244.359375 -6198.551758 -9154.685547
v -11605.534180 -3971.976318 -7264.366211
v -11779.666016 -3961.607422 -8297.513672
v -12085.354492 -4924.402344 -7807.609375
v -11629.066406 -9286.164062 506.893768
v -11359.881836 -7108.468750 -9350.789062
v -11871.654297 -9520.391602 238.665787
v -9741.844727 -7744.297363 -7529.576660
v -6007.945801 -7425.020020 -1729.715576
v -11848.961914 -5957.564453 -9024.834961
v -6692.038574 -9031.953125 -1803.669312
v -10664.792969 -8636.681641 -3585.803223
v -9418.529297 -4478.446289 -8076.001953
v -10646.804688 -8347.448242 729.118225
v -10329.405273 -8340.949219 616.849121
v -10096.506836 -8252.649414 -6811.512695
v -9045.879883 -8297.610352 -9304.916992
v -10859.768555 -4422.681152 -3533.395264
v -10547.881836 -7504.850586 -7580.604004
v -9797.212891 -5065.252930 -9457.767578
v -9756.187500 -5568.393555 -9386.897461
v -11373.919922 -4867.138184 -9612.353516
v -9033.990234 -9202.254883 -9492.717773
v -11144.208008 -4005.373779 -7333.621582
v -8944.384766 -6362.355957 -9061.316406
v -9510.522461 -8846.874023 -7633.892578
v -10200.661133 -3892.724121 -8815.484375
v -12052.806641 -4551.773926 -8826.727539
v -12596.863281 -7290.140625 -6465.880371
v -8825.332031 -7942.025391 -9249.260742
v -12412.049805 -9858.083984 -1662.046631
v -11861.664062 -6365.447266 -8787.819336
v -7648.604004 -6592.392578 -372.257568
v -6685.743652 -6447.392578 -706.423645
v -7817.051270 -8992.735352 -8606.690430
v -11584.219727 -5442.476074 -9665.388672
v -7062.384766 -7307.421875 -262.953552
v -9528.568359 -6950.148926 -8173.606445
v -9504.763672 -9282.074219 -941.357849
v -11724.271484 -9422.149414 -8284.955078
v -10866.623047 -4272.985352 -6570.548340
v -10329.055664 -7761.253906 -7067.902832
v -11588.750000 -8591.463867 -10271.898438
v -10697.246094 -8686.217773 -2890.937744
v -6944.790527 -8762.756836 -4.327143
v -12611.887695 -5640.658691 -3237.635986
v -11005.907227 -6325.458496 74.951340
v -12328.043945 -4885.873535 -8725.329102
v -5957.731934 -8114.614746 -1671.311401
v -13003.458008 -9240.958984 -6279.907227
v -13267.888672 -9481.955078 -4792.474609
v -10713.282227 -8747.080078 864.030640
v -10330.595703 -5757.799805 -8320.224609
v -10372.408203 -7837.977051 -5738.677246
v -10329.592773 -8456.786133 -10392.586914
v -7894.159180 -4500.970215 -8369.912109
v -10867.454102 -9174.309570 -2578.322754
v -11569.755859 -8929.569336 -10116.010742
v -9500.022461 -7842.673828 -9514.036133
v -8455.594727 -8941.598633 -7852.773438
v -10535.720703 -5847.871094 -8212.458008
v -12085.721680 -5167.887207 -2230.760498
v -10576.617188 -6043.003418 -5.689158
v -11027.118164 -6015.310547 -538.274109
v -12144.543945 -6072.026855 -6878.103027
v -12217.267578 -6074.461426 -6688.033203
v -7801.195801 -5826.200684 -1154.765137
v -9396.447266 -6279.112793 76.990761
v -12769.153320 -8887.670898 -888.994019
v -12826.766602 -6882.386719 -5849.689941
v -7862.210449 -8632.459961 -1614.652344
v -8925.566406 -7256.820801 -8079.575195
v -13034.320312 -8212.025391 -7896.964844
v -9379.001953 -9035.576172 626.239258
v -8926.243164 -9011.302734 576.617432
v -9169.856445 -9197.562500 476.375275
v -8538.762695 -6211.375977 -9118.991211
v -8490.646484 -6748.071289 -9122.827148
v -12206.873047 -9386.854492 -8007.822754
v -10200.651367 -7935.490723 -6990.047852
v -10725.231445 -5046.308105 -2454.260254
v -11030.129883 -3856.099854 -5736.926758
v -13038.911133 -8504.485352 -8247.148438
v -12278.939453 -7388.894043 -8736.148438
v -12659.857422 -6477.134766 -4366.600586
v -10970.875977 -3816.581543 -5251.011719
v -10369.365234 -6810.677734 -8376.519531
v -12010.658203 -4526.601074 -6031.564941
v -13385.822266 -8143.794922 -7066.362793
v -9316.365234 -8507.073242 -1556.021362
v -7331.476562 -6840.638184 -411.741608
v -9888.188477 -9287.087891 -1076.534790
v -10418.969727 -9350.378906 -1238.903320
v -7855.044922 -7964.779297 -1524.186646
v -12107.624023 -4305.195312 -3959.673828
v -12097.577148 -4397.610840 -3541.573730
v -8699.041016 -4211.237793 -9021.594727
v -10304.916992 -8410.051758 -5362.190430
v -9437.191406 -4652.696289 -9377.515625
v -9240.295898 -4524.711914 -9238.980469
v -13431.436523 -8566.431641 -5828.518555
v -10710.899414 -7229.078613 -6658.074219
v -10734.814453 -7118.408203 -6898.509277
v -5894.415039 -8722.098633 -1262.479492
v -11199.778320 -6248.346680 48.708698
v -13066.597656 -9625.136719 -3426.051025
v -9927.863281 -8224.243164 -7264.743652
v -10204.047852 -5858.492188 -9395.500000
v -10665.882812 -8099.822266 -4032.450684
v -12275.459961 -4335.308105 -5107.963379
v -8294.700195 -6490.472656 -81.586891
v -10278.226562 -6307.068359 243.454422
v -8006.174805 -5101.617188 -8155.422852
v -6534.447754 -9297.989258 -581.484375
v -8519.942383 -7850.548340 -14.992966
v -11993.297852 -8757.961914 -9852.084961
v -12183.317383 -8602.805664 -9714.079102
v -10034.367188 -6180.746582 156.573303
v -10586.965820 -8803.714844 -10406.397461
v -10601.750000 -8669.175781 -10445.943359
v -8617.090820 -7342.590820 -90.717072
v -13050.753906 -8196.868164 -1516.662354
v -10450.625977 -5701.148926 -204.530823
v -12216.826172 -8925.786133 -9477.329102
v -8469.980469 -6506.348145 -38.543961
v -8884.061523 -6715.205566 115.241447
v -8460.130859 -7387.914551 -164.202042
v -13191.142578 -7600.571777 -2688.992920
v -8657.310547 -7068.896973 -34.670223
v -11956.765625 -9534.831055 -4624.126465
v -10361.410156 -6164.760742 167.814880
v -7816.684570 -7215.427246 -8296.974609
v -11387.194336 -8910.335938 -10258.937500
v -7882.618164 -6292.037598 -8262.041992
v -12790.280273 -7562.949219 -1609.210083
v -7860.033203 -7104.633301 -8248.373047
v -10812.280273 -9174.156250 -3200.690186
v -6437.742676 -9533.310547 -1188.640137
v -7923.610840 -6847.094238 -8214.037109
v -10231.163086 -6522.222656 -1689.659912
v -12128.788086 -4522.001953 -3983.910645
v -9756.596680 -6282.709961 -1208.977661
v -9810.648438 -6373.510254 -1210.064453
v -7807.763672 -9429.501953 -316.924988
v -11722.474609 -9365.199219 -9042.247070
v -10713.019531 -7348.095703 -7614.085938
v -10819.535156 -7186.902832 -7661.571777
v -5933.619141 -7698.378418 -1044.965454
v -10277.871094 -3919.551514 -8626.862305
v -10771.263672 -7220.090820 -5599.510742
v -9640.012695 -8249.360352 726.206177
v -7916.422852 -4171.037598 -8395.378906
v -10369.591797 -5489.904297 -1533.676270
v -12685.656250 -9303.906250 -682.930237
v -8614.394531 -9050.229492 -1330.049561
v -11967.369141 -4321.082520 -2865.941895
v -11988.898438 -4650.089355 -2358.648682
v -10081.630859 -9283.740234 -8516.788086
v -10387.066406 -8740.355469 -1863.862061
v -12636.630859 -5463.371094 -5979.834473
v -7778.683105 -8016.391602 -8280.383789
v -8031.818359 -8551.976562 -7903.922363
v -10309.476562 -6155.250000 -9221.520508
v -8600.322266 -7912.614258 -7763.077148
v -8283.625000 -8990.227539 -7913.302734
v -8202.168945 -8466.468750 -7795.624512
v -10000.590820 -6384.298828 -9351.754883
v -10155.672852 -6975.074219 329.801178
v -10871.644531 -6476.513672 -6263.149414
v -13389.563477 -9268.855469 -5188.587402
v -12708.256836 -6425.055664 -5006.667969
v -12120.180664 -7663.374512 -1000.352722
v -8272.124023 -9016.882812 339.848053
v -10022.153320 -5960.415039 -8328.739258
v -10216.426758 -5873.215332 -8344.223633
v -9122.891602 -9357.753906 -628.969604
v -11858.056641 -3806.311523 -4225.115723
v -6096.972656 -6578.935059 -1425.556152
v -8016.268066 -4228.622070 -8841.252930
v -12796.978516 -9793.430664 -1440.886475
v -11290.584961 -6662.842285 223.238297
v -9627.988281 -5962.950684 -1351.167969
v -9485.347656 -6146.760742 -1337.621582
v -11883.260742 -6607.575684 -82.430725
v -9428.415039 -6036.697266 -9261.802734
v -8783.386719 -7004.166504 -9064.773438
v -10783.852539 -6778.582031 -3526.525391
v -11273.727539 -4754.588379 -2325.089111
v -10553.981445 -8524.080078 807.663513
v -12604.926758 -5554.354004 -5854.641113
v -10871.719727 -4853.031250 -3529.520752
v -10880.895508 -4681.119629 -3666.059570
v -12093.916016 -5857.489746 -8087.954102
v -10671.773438 -7668.367188 -4474.524902
v -6068.545410 -7555.291504 -1932.124756
v -12712.214844 -7821.641602 -7672.388672
v -6289.281250 -9162.105469 -1910.362671
v -13425.621094 -7830.292969 -4146.585938
v -11488.052734 -3992.815918 -3963.093994
v -7822.416992 -9332.499023 -8559.873047
v -7867.458496 -9385.789062 -8704.783203
v -10954.094727 -3965.934570 -4531.223145
v -12502.745117 -6392.562500 -1927.255127
v -11392.693359 -3937.458252 -6469.468262
v -11472.934570 -3989.906738 -6588.923340
v -11479.460938 -4013.411621 -6756.626953
v -12578.498047 -8008.835449 -8348.677734
v -12425.070312 -8038.711426 -820.728577
v -9816.124023 -5506.402344 -1159.744507
v -7235.957520 -9110.854492 -1674.116821
v -12002.568359 -4643.729980 -7155.279297
v -11309.706055 -4494.564941 -2865.941162
v -11383.018555 -4202.359375 -3481.020264
v -10882.366211 -4116.969238 -7478.927734
v -8739.601562 -5585.908203 -823.541687
v -13043.897461 -7356.181152 -5227.175781
v -11742.366211 -9042.965820 577.395630
v -10867.851562 -4502.200684 -3990.248535
v -10236.942383 -7992.226074 456.453339
v -11687.209961 -7934.754395 -9438.036133
v -12649.389648 -9241.357422 -7970.059082
v -13411.663086 -9470.800781 -3631.778076
v -12626.083984 -9832.291016 -1427.404907
v -12666.248047 -9700.283203 -1138.430908
v -11582.334961 -5756.815918 -906.013794
v -13665.526367 -9053.603516 -2989.984375
v -10418.485352 -7945.301758 -1855.128174
v -12215.723633 -4748.529297 -3994.298096
v -12361.862305 -4948.681152 -3870.212646
v -12214.705078 -5787.375488 -7099.574219
v -13592.002930 -8613.872070 -4007.974121
v -9402.820312 -7286.945312 -8007.702637
v -12962.433594 -6933.636230 -4201.302734
v -9487.851562 -5145.646973 -9476.480469
v -9059.287109 -4153.268555 -9124.074219
v -8409.346680 -4877.095215 -9232.227539
v -12433.521484 -5847.540039 -1898.543457
v -10684.048828 -7357.142090 -5725.741211
v -10632.850586 -9201.388672 -1665.661743
v -10563.000000 -9274.311523 -1486.960693
v -11893.855469 -5618.345215 -1619.655029
v -10787.862305 -6387.018555 106.019501
v -12254.631836 -4661.562988 -5629.233887
v -13332.774414 -7864.091309 -6597.577637
v -9855.841797 -6034.973633 -1329.542114
v -13578.325195 -9107.011719 -3803.473389
v -12396.250977 -5782.748047 -2800.691162
v -7815.250488 -6054.767090 -1622.336792
v -8156.886719 -5826.387695 -1402.449585
v -13074.462891 -7089.816895 -3586.226562
v -12550.969727 -7587.248047 -6982.124512
v -10514.271484 -8538.098633 -2194.057129
v -12387.359375 -6257.566895 -2376.354980
v -11028.576172 -5306.362793 -6497.169434
v -12512.548828 -6291.312012 -6391.065430
v -5963.065918 -7024.643066 -1530.306274
v -8286.178711 -7035.037598 -9076.630859
v -13389.541016 -8256.573242 -7472.589844
v -11338.975586 -9558.860352 400.518921
v -11643.959961 -9481.915039 -7475.236816
v -10913.810547 -5954.767578 -5202.107422
v -10289.662109 -7551.305176 -7825.371094
v -12971.071289 -7438.609375 -6452.833984
v -12852.873047 -7254.808105 -6160.617676
v -10646.429688 -5530.020508 -2261.179688
v -7617.471191 -6790.399414 -1831.477661
v -7276.592285 -6691.511719 -1944.383301
v -8682.858398 -6193.961914 20.194534
v -10579.729492 -6399.345215 -2479.145264
v -11585.004883 -4090.077637 -3567.122314
v -11253.614258 -8198.026367 635.854309
v -9300.818359 -3973.648682 -8346.941406
v -11834.060547 -3939.592041 -6393.502441
v -12879.282227 -9224.545898 -6890.963379
v -11797.179688 -6027.782715 -8806.988281
v -7907.612793 -5302.617676 -8269.202148
v -10408.032227 -7476.421875 -2218.887939
v -8649.949219 -7915.104492 240.966095
v -12113.361328 -6124.943848 -1061.518433
v -12135.419922 -6016.295898 -1150.085327
v -10674.480469 -5668.119629 -2665.117188
v -10365.695312 -9061.405273 -7470.351562
v -10502.024414 -9135.332031 -7573.590332
v -9777.827148 -7783.168457 538.049194
v -6400.489258 -7323.956055 -687.696411
v -11330.885742 -7781.248047 -53.455959
v -6527.909668 -6784.185547 -2029.237549
v -9768.012695 -5092.459961 -8253.417969
v -10509.692383 -6373.933594 -9164.172852
v -12339.292969 -5408.103516 -8409.474609
v -9107.288086 -8499.483398 833.700134
v -10865.922852 -4751.154785 -3460.912842
v -11234.071289 -6409.200684 -9088.112305
v -11276.451172 -4440.206543 -9419.514648
v -7774.224609 -8298.117188 316.650604
v -9267.565430 -6559.278320 -1262.268066
v -7649.042480 -7664.376465 -1748.624146
v -7839.297363 -9214.994141 -1341.536743
v -7472.606445 -9276.214844 -1351.538574
v -8058.705078 -9286.418945 -1135.633911
v -12325.049805 -7808.803711 -8682.165039
v -10569.324219 -8239.832031 559.034485
v -11637.277344 -5591.955566 -1054.429443
v -10555.685547 -9059.834961 -1656.697144
v -11161.941406 -9247.080078 -9849.771484
v -10698.077148 -5694.083496 -448.376587
v -12805.126953 -6852.214844 -5544.717773
v -10992.779297 -5424.069824 -6177.920898
v -13320.697266 -8735.912109 -7438.257812
v -8866.357422 -4652.712402 -9171.440430
v -8985.031250 -4915.551758 -9308.923828
v -8991.818359 -5085.082031 -9353.594727
v -11869.096680 -9522.628906 -3124.378174
v -11984.210938 -9581.638672 -3727.284668
v -12217.265625 -5321.666992 -7963.951172
v -7014.235352 -8481.530273 145.048355
v -6997.084473 -8321.935547 110.101952
v -12639.202148 -6358.740234 -6273.647949
v -10242.958008 -5450.055176 -1292.882935
v -10573.755859 -5338.130859 -1374.918701
v -9116.407227 -9118.918945 -8134.703613
v -8911.490234 -8735.400391 -1512.941528
v -8969.506836 -8894.926758 -1406.757812
v -6805.524902 -7884.228027 -1841.159302
v -7247.958008 -9292.708984 -158.271774
v -11980.647461 -4352.223633 -6598.477051
v -11963.115234 -4403.863281 -6304.202637
v -11465.513672 -5444.762695 -962.520386
v -12337.707031 -9807.785156 -1215.454956
v -10526.162109 -5418.721680 -1758.248291
v -6251.864258 -7685.479004 -756.025696
v -6507.248535 -7711.604004 -621.937317
v -6836.782715 -7722.291016 -426.375641
v -6719.948730 -7772.407715 -472.558228
v -6357.929688 -9017.540039 -1933.112549
v -10877.408203 -4594.729492 -7291.701660
v -9466.208008 -4048.481445 -9274.076172
v -6379.690918 -6463.749023 -973.918457
v -10301.430664 -9280.488281 -1281.267090
v -10441.000000 -5899.166992 -9455.023438
v -10823.722656 -5837.363770 -4602.966309
v -9368.459961 -8608.291992 -9933.464844
v -10720.543945 -6627.819336 -8101.728516
v -12807.773438 -9280.304688 -6540.822754
v -11541.573242 -7127.754395 -9331.504883
v -7522.356445 -5921.720703 -807.235291
v -6735.851074 -6264.243164 -1146.876465
v -6682.405273 -6268.991211 -937.018127
v -6577.354980 -7220.612305 -1920.749146
v -7757.232422 -5819.421875 -641.904236
v -7244.482422 -8987.484375 89.451317
v -10529.430664 -8338.047852 -2682.455322
v -11603.289062 -8070.912598 -9772.011719
v -10622.904297 -7481.645020 -7212.048828
v -8936.882812 -6994.625977 -1308.739502
v -6766.060059 -9089.141602 -354.034088
v -11242.875000 -4022.239746 -3882.284424
v -11451.151367 -9412.022461 -5501.718750
v -11735.483398 -9439.064453 -5448.710449
v -12350.865234 -9139.108398 1.507753
v -12117.134766 -9252.567383 223.134842
v -11944.032227 -4327.918457 -7912.282715
v -11943.114258 -4481.687988 -7509.052246
v -10726.338867 -7356.218262 -4287.729492
v -9957.632812 -5697.170410 -1391.359131
v -11690.819336 -6060.522949 -743.361816
v -6660.706055 -6991.263672 -515.013672
v -8186.695801 -6264.194824 -1538.163940
v -11790.605469 -8206.749023 219.710022
v -10689.205078 -4354.090332 -9549.576172
v -9038.055664 -7222.721191 -9228.977539
v -11683.728516 -9320.478516 -9332.153320
v -12520.634766 -6200.742676 -3057.052734
v -13115.936523 -8772.016602 -7944.578125
v -7673.224609 -8353.331055 -8410.266602
v -10529.084961 -7782.311035 -5005.926270
v -12173.776367 -9563.742188 -5150.373047
v -12018.862305 -9553.625977 -4933.166504
v -7469.256348 -7569.076172 -264.546783
v -7412.875488 -7279.520996 -279.378723
v -11367.221680 -3802.408203 -5448.151855
v -10921.751953 -4380.279785 -3073.100098
v -10860.276367 -4666.396484 -2622.434570
v -10739.415039 -6605.589844 -2981.531250
v -10864.253906 -7811.299805 124.317650
v -10955.295898 -7654.595215 138.757355
v -12964.710938 -7160.696777 -5955.172363
v -11979.902344 -5999.775391 -8043.848633
v -8028.399414 -5479.412109 -8168.406738
v -10747.572266 -8250.819336 -3530.082520
v -10229.911133 -5185.549316 -8322.341797
v -11054.890625 -9422.027344 -7592.772949
v -11049.680664 -9357.027344 -8072.084961
v -8547.029297 -6381.195801 -9095.502930
v -12371.565430 -5085.110352 -8777.037109
v -12277.510742 -6379.987305 -1281.738525
v -7835.037598 -5597.694824 -8669.068359
v -10518.875000 -7966.389160 -10024.704102
v -12964.650391 -7034.470215 -3062.942627
v -9134.186523 -5981.395508 -1385.594360
v -8783.460938 -5114.819824 -9383.473633
v -11346.716797 -9470.171875 -6767.073730
v -7592.480957 -7157.023438 -1771.925049
v -7885.188965 -6864.929688 -1695.962524
v -12626.656250 -5833.974609 -5887.857910
v -11417.189453 -6594.498535 -9149.476562
v -6172.342773 -8669.813477 -656.718201
v -5901.112305 -8551.458008 -1227.366699
v -10731.926758 -7085.015625 -4363.165039
v -10570.938477 -5235.359863 -9663.606445
v -12032.578125 -9799.820312 -839.089722
v -8065.854980 -4163.599609 -8390.812500
v -12247.094727 -5330.038086 -2703.510742
v -8870.041016 -5741.731445 -1306.109863
v -10222.575195 -8094.960938 -5990.827637
v -10032.516602 -9214.526367 -1227.781372
v -10761.953125 -5878.698730 -4275.073242
v -12204.213867 -4073.461914 -5271.774414
v -11780.698242 -4362.524902 -2702.594482
v -11851.864258 -4086.898438 -3251.014648
v -10848.505859 -9172.980469 -4508.234375
v -12492.339844 -6714.045410 -6550.251953
v -12475.827148 -6566.099609 -6427.230469
v -12038.375000 -6091.768066 -7180.577637
v -7785.444336 -8598.471680 -8196.953125
v -12388.900391 -6450.424316 -6678.254395
v -10438.044922 -9134.323242 -7732.415527
v -11055.628906 -7361.655762 218.084412
v -10092.276367 -8762.500977 -7039.335449
v -10431.775391 -6531.784668 -1923.562622
v -10222.554688 -8954.617188 -7285.800293
v -8825.002930 -9412.829102 -313.922974
v -10238.546875 -6891.286133 -1786.559570
v -9451.911133 -9447.401367 -314.610291
v -11984.770508 -9156.593750 -9440.488281
v -10816.609375 -6649.949707 -7944.936523
v -10482.554688 -6602.477539 267.907745
v -10662.275391 -5917.554688 -8090.176758
v -13458.527344 -8604.021484 -2290.530029
v -11007.895508 -3942.627441 -5809.040527
v -8684.957031 -7901.634766 -9311.036133
v -10236.299805 -4205.955078 -8366.374023
v -7874.639160 -5797.982910 -1338.941284
v -12571.052734 -8615.560547 -707.242310
v -12407.242188 -8570.791992 -390.012329
v -13300.432617 -8847.595703 -7243.638672
v -6530.532715 -6453.246582 -1948.755005
v -11964.928711 -5723.533691 -1475.979980
v -8574.459961 -8037.458496 418.351074
v -10920.113281 -4993.183105 -7082.940918
v -7741.029785 -8417.348633 -8266.496094
v -7660.715820 -8148.076660 -8445.800781
v -10943.015625 -7052.443848 312.114777
v -7366.028809 -8044.392090 42.164906
v -12417.156250 -6697.736816 -7638.783203
v -8100.899414 -4204.711914 -8892.387695
v -7005.138184 -8142.726562 17.630634
v -7942.787598 -4284.592285 -8181.662109
v -9738.591797 -9198.804688 -8356.061523
v -12517.757812 -9261.601562 -296.705261
v -10520.396484 -6017.923340 -2057.626709
v -7991.471191 -4528.414551 -8874.108398
v -10161.052734 -8719.858398 754.422546
v -10674.125977 -6353.013184 -9186.100586
v -12307.877930 -4952.749023 -3680.019775
v -7952.877930 -7399.691895 -1636.802124
v -11728.968750 -4431.549805 -8955.364258
v -11442.778320 -3932.972656 -7609.832520
v -11986.036133 -4086.866943 -6858.939941
v -11300.744141 -5301.594238 -9734.636719
v -11197.800781 -5146.149902 -9753.485352
v -10257.283203 -8814.930664 -1662.051147
v -12524.837891 -9810.665039 -1259.698853
v -12582.818359 -9756.913086 -1083.385254
v -11847.608398 -7868.505371 -9304.818359
v -10564.766602 -6012.880371 -2351.458740
v -10916.545898 -5524.965332 -3520.889404
v -12473.158203 -7588.232422 -7841.946777
v -12416.212891 -7472.364746 -8006.674805
v -12460.709961 -9341.844727 -6832.389160
v -12479.552734 -6391.666504 -2632.253418
v -10145.115234 -9215.654297 545.636536
v -10068.384766 -9108.488281 606.553040
v -9879.291016 -9018.014648 558.302246
v -11885.163086 -4623.557617 -2216.029053
v -12552.043945 -9352.655273 -6370.232910
v -9176.032227 -8202.049805 -9418.295898
v -8258.785156 -4132.667969 -8206.405273
v -12309.220703 -9349.412109 -8170.133301
v -12514.842773 -7315.908203 -6770.292969
v -8922.617188 -8562.420898 758.316101
v -7401.688477 -8224.099609 280.410583
v -9581.977539 -9084.989258 -8051.173828
v -9728.453125 -9184.878906 -1106.614258
v -12180.504883 -9813.030273 -1558.453003
v -9206.666992 -6472.607910 158.071167
v -8111.577148 -9049.051758 -9102.984375
v -12160.024414 -7395.287598 -858.658142
v -12259.158203 -7265.683105 -1038.023193
v -9393.528320 -7958.133301 -9440.681641
v -12195.030273 -4369.377441 -4459.341797
v -12064.460938 -4100.874023 -4130.265137
v -11930.042969 -5760.151855 -8975.823242
v -9021.352539 -7907.104004 -7661.151855
v -11897.011719 -4371.246582 -8221.535156
v -8520.936523 -8966.299805 461.242859
v -12574.634766 -7769.347656 -7538.535156
v -5953.449707 -7992.657227 -1430.835083
v -12163.020508 -6423.264160 -7989.842285
v -12328.059570 -6592.464844 -7833.220703
v -11486.388672 -7496.305176 -9369.639648
v -10458.868164 -7755.881836 -5293.577637
v -9941.614258 -7844.849609 -9768.850586
v -12020.733398 -6243.444336 -673.401550
v -12650.855469 -6448.654785 -3731.821289
v -9798.974609 -8280.034180 -7342.283691
v -11761.259766 -3759.896973 -4356.349609
v -12008.999023 -6499.582031 -227.660797
v -11960.119141 -3748.136230 -5617.433594
v -10347.128906 -5352.242676 -9569.916016
v -10513.373047 -9127.166016 -6170.900879
v -10867.220703 -6363.684082 -5322.602539
v -8713.169922 -7296.330566 -1357.358276
v -11095.608398 -3958.429932 -7622.023926
v -11718.536133 -9853.415039 -202.259308
v -11751.883789 -9861.360352 -378.046570
v -6090.859863 -6657.739746 -1032.898926
v -6041.573242 -6812.384277 -1019.621582
v -13435.443359 -8417.293945 -6449.321289
v -13282.354492 -9535.890625 -2776.074951
v -13378.632812 -9475.934570 -3290.629883
v -9304.367188 -7950.361328 -9447.080078
v -12113.484375 -6904.077637 -8839.444336
v -12707.943359 -6875.705566 -6132.149902
v -12611.175781 -6493.541016 -6307.165527
v -10493.164062 -8232.994141 -2251.630615
v -10249.610352 -8343.347656 -10347.708008
v -7421.213379 -6501.559082 -483.034210
v -10326.470703 -4515.562988 -9546.973633
v -9933.394531 -9258.793945 360.823456
v -12708.443359 -7309.323242 -6300.665039
v -9478.208984 -6488.378418 -8203.543945
v -13208.396484 -9463.998047 -5124.625000
v -10793.970703 -9362.979492 -6837.202148
v -13642.077148 -8764.567383 -3369.692627
v -10778.813477 -4892.324707 -2778.809814
v -10721.768555 -7760.199707 -3180.494629
v -11866.818359 -6117.872070 -7517.847656
v -13056.830078 -8804.757812 -8162.961914
v -6980.441895 -7093.716309 -302.710205
v -9123.318359 -6464.274414 -1299.187378
v -12863.735352 -9218.711914 -1042.943115
v -12823.664062 -9099.365234 -964.962830
v -12495.209961 -5588.644043 -6328.259277
v -12386.563477 -5491.939453 -6378.604980
v -12978.680664 -9451.219727 -1199.793579
v -11009.623047 -5413.449219 -6538.687012
v -9679.397461 -9274.001953 -9555.713867
v -13488.043945 -9172.552734 -2056.627686
v -10984.269531 -5257.620117 -5026.038086
v -11152.293945 -9331.111328 -5636.108887
v -10426.673828 -8254.131836 -4860.597656
v -12526.588867 -7782.421875 -7718.743164
v -12086.291992 -5071.232910 -7184.075684
v -11208.792969 -7167.306152 204.761139
v -9464.220703 -7642.125000 400.479340
v -6155.543457 -7833.980957 -1958.550903
v -6057.006348 -8467.280273 -1925.317749
v -6034.625977 -8172.926758 -1895.050781
v -7629.808594 -7703.546875 -227.742676
v -10818.271484 -8044.048340 -3780.965820
v -10879.560547 -4929.638672 -4368.759277
v -13158.761719 -9605.791992 -2673.786621
v -6044.159668 -8780.529297 -1077.982178
v -11395.976562 -6894.099609 -9272.337891
v -11282.293945 -6828.503906 -9251.928711
v -8240.616211 -4997.384277 -8053.900391
v -8381.216797 -9324.498047 -8188.711426
v -8334.877930 -9390.759766 -8288.781250
v -8431.033203 -6155.687500 -1458.204956
v -13355.615234 -8063.493164 -4954.171387
v -8095.976562 -8558.994141 -9040.250977
v -8239.454102 -7827.081543 -109.363373
v -11987.612305 -4899.065430 -7598.001465
v -7822.907227 -9307.975586 -8614.778320
v -10187.754883 -7700.953125 -7533.295410
v -11031.104492 -7216.952148 -9330.942383
v -11623.731445 -5157.252930 -1440.364746
v -12382.392578 -6727.302734 -1663.292236
v -12304.909180 -6664.100098 -1521.024048
v -12325.647461 -6772.969238 -1494.715820
v -12161.120117 -7197.867188 -8374.836914
v -9779.609375 -7026.292480 330.385010
v -8548.671875 -7516.432617 -9208.253906
v -8013.068359 -9330.181641 -940.560791
v -11746.896484 -4034.470703 -8627.770508
v -10838.913086 -4387.600098 -8131.226074
v -12209.168945 -5633.687988 -6481.317383
v -12155.587891 -5284.847168 -6446.663574
v -8504.854492 -7999.428223 -9280.621094
v -9276.239258 -9295.002930 -922.385864
v -13081.554688 -7427.366211 -5492.538574
v -13064.298828 -7345.064941 -5677.942383
v -9845.107422 -5585.396484 -202.779282
v -10494.246094 -9034.841797 -5778.386230
v -9172.514648 -9312.923828 333.579559
v -5919.065430 -6742.052246 -1105.137939
v -12085.417969 -6318.782227 -7730.616211
v -12640.323242 -7490.296875 -6619.016602
v -10027.203125 -8814.779297 -1497.692993
v -10962.861328 -4184.968262 -7867.341797
v -9536.770508 -9313.108398 -8653.510742
v -9127.851562 -9326.936523 -8697.919922
v -10291.358398 -7815.347656 -6912.257812
v -11838.807617 -5147.714355 -1676.872803
v -10662.291992 -7531.316406 -5188.571289
v -10930.333984 -9281.506836 -2516.309814
v -10439.305664 -5504.947754 -1621.375122
v -10139.242188 -7554.988770 -1589.404663
v -13311.457031 -8243.488281 -7653.547852
v -12275.054688 -4814.467773 -4041.548096
v -11029.862305 -3985.802490 -9163.414062
v -9565.925781 -7558.577148 -9398.300781
v -12162.388672 -5188.796875 -2354.661133
v -9117.707031 -5939.146973 -9189.346680
v -8632.382812 -5829.388184 -1369.906006
v -8807.898438 -6267.266113 -9064.894531
v -12099.894531 -8403.558594 -9780.690430
v -7882.653320 -5098.329102 -8758.318359
v -9611.872070 -6856.759277 -1315.326416
v -8776.516602 -8605.010742 -7753.683594
v -13128.497070 -9598.498047 -4122.849609
v -8876.009766 -4030.180420 -8393.375977
v -11001.218750 -9437.464844 -6880.344238
v -10261.101562 -4546.221680 -8354.263672
v -8270.875977 -5342.503418 -9220.209961
v -7985.172363 -5237.403320 -8952.355469
v -10951.664062 -5329.218750 -5846.905273
v -5949.465820 -8924.944336 -1762.892090
v -8890.120117 -7371.307129 -9189.318359
v -7983.181641 -6266.092773 -1647.395142
v -11078.416992 -4555.090820 -9545.135742
v -13207.441406 -7680.266113 -5160.406250
v -13275.821289 -7501.897949 -4581.809570
v -12179.600586 -5067.398438 -2877.342285
v -12262.708008 -7232.709473 -8620.186523
v -9958.250000 -6617.543457 -8341.593750
v -10298.276367 -9290.652344 -9308.427734
v -11213.076172 -4028.511719 -7022.910645
v -11041.259766 -4015.230713 -6946.987305
v -7911.355469 -7618.942871 -1621.103882
v -10982.228516 -5472.591309 -4899.965332
v -12203.470703 -4806.039062 -6025.227539
v -10887.038086 -4161.750000 -6806.739746
v -11079.672852 -5537.447754 -713.146484
v -11186.692383 -6209.301270 -349.213043
v -6916.691406 -6552.573730 -560.523376
v -12710.098633 -6589.788086 -3657.157471
v -12392.844727 -7331.934082 -8038.531738
v -11019.328125 -7754.440430 -9737.799805
v -10196.699219 -9320.559570 -8800.699219
v -11380.031250 -4134.517090 -3692.964355
v -11976.784180 -5941.327637 -7911.953125
v -10952.583984 -8160.565918 -10280.768555
v -7441.350098 -9413.076172 -324.175873
v -10930.742188 -4735.031738 -7551.934570
v -6630.306641 -7927.441895 -291.762787
v -12324.233398 -6846.163574 -8122.209473
v -12340.764648 -7043.578125 -8161.412109
v -10144.726562 -7483.277832 -7939.752930
v -8540.019531 -4578.289062 -9101.620117
v -9754.685547 -9073.174805 580.851013
v -9721.392578 -8880.049805 709.879944
v -10909.865234 -4458.854004 -6008.161621
v -9968.648438 -5930.125000 -9273.154297
v -11225.673828 -7967.702637 203.471085
v -12473.489258 -6974.801758 -6848.431152
v -9735.011719 -8391.209961 -10096.192383
v -12506.649414 -5172.475098 -3717.036133
v -11370.596680 -9415.090820 -4481.534180
v -11519.842773 -4417.902344 -9222.147461
v -12128.538086 -5209.449219 -6560.010254
v -7653.853516 -7032.700684 -1755.454468
v -9831.235352 -8754.083984 -1408.954712
v -9442.593750 -7902.808105 541.583801
v -13379.581055 -8796.070312 -6106.885254
v -7890.595703 -8296.083008 -1504.762207
v -10106.962891 -5743.654785 -70.487450
v -12022.913086 -4295.583008 -3072.333252
v -11467.644531 -8338.996094 655.761902
v -11414.720703 -9495.843750 -7863.613281
v -6154.047852 -9059.375977 -743.151306
v -12351.894531 -6767.654297 -1092.412964
v -8771.476562 -9214.619141 -9329.708984
v -8566.862305 -9324.795898 -9142.291992
v -10751.431641 -5140.957520 -3096.435303
v -13146.790039 -9586.610352 -1510.404175
v -12099.431641 -9578.300781 -2904.919922
v -12367.853516 -9824.778320 -609.959839
v -12180.711914 -9867.787109 -558.848267
v -11081.436523 -9365.006836 -8296.312500
v -8959.172852 -5481.044434 -960.621277
v -9429.878906 -9159.193359 -1078.137817
v -8005.967773 -5747.081543 -595.114441
v -10987.421875 -5534.015625 -5234.021973
v -11737.135742 -8310.416016 427.817719
v -10896.033203 -5135.250977 -7160.778320
v -8209.076172 -7352.915527 -9045.904297
v -13461.037109 -9407.130859 -3047.778809
v -6624.150391 -8429.614258 -1869.099121
v -10292.904297 -8059.206543 -1691.962402
v -10781.202148 -7674.303223 -3557.279053
v -10825.810547 -7947.399902 -3729.038818
v -8964.234375 -8970.887695 -9600.745117
v -8827.250977 -9031.553711 -9462.697266
v -8521.399414 -7428.799805 -7992.954590
v -11508.375977 -5509.503418 -9677.594727
v -12043.692383 -4243.207520 -7386.686523
v -9979.718750 -4656.268555 -8245.286133
v -12188.964844 -5115.568359 -8953.669922
v -10872.309570 -5646.257812 -5788.698242
v -10931.763672 -5425.385742 -5688.275391
v -7449.522461 -9329.147461 -1182.732300
v -13419.854492 -8101.274414 -6587.729492
v -12228.652344 -5794.194824 -6922.543457
v -6827.241699 -8540.083984 -42.934074
v -12321.833008 -7835.309082 -8513.563477
v -11438.088867 -9540.026367 -1482.656860
v -10693.330078 -7556.972656 -4633.273926
v -11958.898438 -9368.034180 -6129.823730
v -10919.546875 -5082.724609 -3928.209717
v -8600.822266 -8647.128906 -9504.506836
v -9737.130859 -7307.358398 -1365.050781
v -9360.499023 -7384.978027 -1319.970215
v -11652.231445 -3774.315918 -5860.641113
v -11529.879883 -3973.169189 -8853.971680
v -10986.299805 -4007.497559 -6082.614746
v -10782.164062 -7384.111816 -4905.908203
v -12814.166016 -7094.527832 -6077.895508
v -11593.425781 -8038.538574 -9562.941406
v -8439.349609 -5315.527344 -9338.176758
v -11053.749023 -9691.533203 -313.437195
v -12277.515625 -7069.789062 -1395.032227
v -9728.019531 -9310.958984 341.803833
v -12478.360352 -5734.889160 -2941.463135
v -12302.472656 -5474.139648 -2739.532227
v -12414.751953 -5508.064453 -3101.613770
v -8665.791016 -9394.052734 -480.320984
v -9266.577148 -5620.272461 -9388.863281
v -9005.951172 -5305.139648 -9362.496094
v -9101.168945 -5496.762695 -9351.472656
v -10898.727539 -4814.448730 -7358.061523
v -13582.250000 -9182.594727 -4211.000977
v -10534.330078 -6869.178711 -2407.733154
v -10015.174805 -8121.265137 -7210.653809
v -12023.488281 -5922.992188 -8655.250977
v -9572.907227 -7749.821777 514.975891
v -12598.777344 -9178.498047 -8317.104492
v -12309.682617 -5536.833984 -8395.267578
v -9799.814453 -7134.959473 -9418.583008
v -10336.014648 -9385.308594 -1109.826782
v -9187.535156 -5694.777832 -1301.869995
v -9519.702148 -5626.047363 -1265.841431
v -11109.720703 -9399.645508 -3911.965332
v -7813.927246 -5759.694824 -8570.919922
v -8626.674805 -6739.234375 -1395.455933
v -10913.095703 -5566.078613 -6804.185547
v -9844.111328 -8662.782227 -7328.119629
v -10144.714844 -9036.780273 -10166.482422
v -10741.141602 -7509.928223 -4018.193115
v -7194.231445 -6316.781738 -1875.399170
v -13226.070312 -8567.357422 -7897.944336
v -7378.664551 -6223.771484 -490.928314
v -9967.362305 -6225.028809 -1261.915527
v -11596.810547 -6365.088379 -9041.575195
v -10410.801758 -4397.731445 -8331.975586
v -8589.933594 -5690.331055 -8016.945801
v -8755.344727 -5785.695312 -8039.931641
v -5985.118164 -7745.244141 -1657.933228
v -11957.213867 -3786.259277 -5793.578613
v -11795.730469 -6232.063477 -8594.402344
v -7153.797852 -8384.787109 233.153854
v -10784.568359 -7614.327637 -3871.519287
v -10414.708984 -4856.339355 -9504.301758
v -5955.014160 -9024.318359 -1309.917114
v -6089.680664 -6582.107422 -1182.012695
v -10905.619141 -4401.828125 -5358.013672
v -11097.985352 -3759.861816 -4747.211914
v -11907.981445 -3705.082520 -5462.703613
v -10437.307617 -4648.954102 -9533.779297
v -10718.722656 -4821.417969 -9634.249023
v -10914.645508 -9219.213867 -4876.185059
v -11755.494141 -6023.688477 -8912.625000
v -10873.708984 -9253.909180 -3930.854248
v -13562.376953 -8902.420898 -2492.293213
v -11270.949219 -6118.513184 -630.449463
v -10907.763672 -4294.909180 -6163.526855
v -12369.717773 -7991.333496 -8275.153320
v -10890.221680 -4415.874023 -6294.410156
v -8295.534180 -7312.035156 -198.382874
v -13132.132812 -9116.705078 -6323.507324
v -10621.961914 -9423.379883 581.304443
v -11506.330078 -9342.663086 -9317.251953
v -10368.212891 -5547.046875 -420.722443
v -10615.808594 -6670.615234 327.427979
v -11748.149414 -9234.988281 -9526.779297
v -10556.333008 -6181.336426 104.977753
v -7848.762695 -7580.250977 -8224.999023
v -11431.171875 -3844.497559 -6060.593750
v -13192.623047 -7862.674316 -2280.543457
v -11335.703125 -9348.891602 -9234.570312
v -10835.324219 -4262.922363 -7113.239746
v -12198.830078 -6417.037109 -7797.149902
v -8020.736816 -8840.385742 368.979370
v -10039.300781 -5525.212891 -8337.259766
v -10036.953125 -8697.538086 -10305.759766
v -12631.541016 -5149.416504 -4945.611816
v -12691.133789 -5279.729004 -5041.004883
v -12738.019531 -5500.003906 -5158.953125
v -10624.720703 -8285.765625 -2925.269775
v -10657.857422 -8473.075195 -3005.062012
v -10693.478516 -8713.833008 -2779.000244
v -10199.284180 -8373.198242 -5951.234863
v -11973.014648 -4853.773438 -2082.075195
v -12058.375000 -4317.899414 -5835.101562
v -12992.523438 -9154.479492 -7089.421387
v -6185.980957 -7552.840820 -1959.822876
v -6120.407227 -7445.470215 -1963.105591
v -7689.142578 -7514.789551 -1770.638184
v -6943.682129 -6273.810547 -663.618225
v -8657.398438 -7855.426270 -1331.513184
v -8445.385742 -8786.732422 -1551.258301
v -9188.848633 -6044.868652 -24.892319
v -6150.013184 -8505.427734 -1954.969971
v -12514.938477 -5399.051758 -6247.355469
v -9602.167969 -8979.933594 -1294.075806
v -11882.141602 -6443.749023 -8599.117188
v -11292.807617 -3746.449463 -5372.367188
v -9029.616211 -8806.535156 -7787.382812
v -10675.949219 -9277.833984 -1618.157715
v -9444.802734 -8704.857422 -1410.437256
v -8253.986328 -7962.824707 67.210159
v -11971.547852 -4622.172363 -6347.411621
v -11671.875000 -5426.358887 -1158.499512
v -11993.836914 -4752.353027 -6724.058594
v -5973.085938 -7772.283203 -923.439331
v -6181.657715 -7738.816895 -763.105652
v -11024.058594 -4331.393066 -9478.293945
v -13341.811523 -8014.216309 -5400.925293
v -13350.208984 -8033.662109 -5596.496582
v -11806.950195 -5240.867676 -9086.384766
v -6192.237305 -9074.322266 -1941.769043
v -13404.250000 -8630.734375 -6712.993164
v -10360.179688 -9461.362305 -39.937462
v -10457.727539 -9522.902344 -206.148331
v -13451.900391 -8277.505859 -4728.909180
v -6506.819336 -9191.539062 -1824.083374
v -13377.936523 -8524.451172 -7468.581055
v -13483.552734 -8208.518555 -4345.849609
v -10790.344727 -9638.672852 105.746025
v -6587.878418 -9269.212891 -1721.700073
v -9281.373047 -6110.185547 -9218.172852
v -12169.470703 -6000.003906 -6774.625000
v -12102.408203 -9235.319336 -9116.958984
v -12177.921875 -6467.478516 -7034.004883
v -13441.625000 -8619.254883 -5598.747070
v -11423.381836 -4682.207031 -9416.593750
v -6063.479492 -9279.245117 -1045.787720
v -11868.994141 -9119.682617 -9615.241211
v -9933.315430 -6552.137695 -9350.929688
v -13489.656250 -8766.259766 -5224.535645
v -9162.849609 -8507.155273 -1570.371094
v -9076.280273 -8217.897461 764.745605
v -9661.943359 -5487.352051 -9418.985352
v -12652.501953 -5982.730957 -5745.577637
v -6230.588867 -8038.181152 -516.808411
v -13494.731445 -8024.227051 -4031.121582
v -12679.842773 -6075.846191 -5962.941406
v -7654.790039 -8104.395020 -1585.427002
v -13462.237305 -8074.584473 -3208.520752
v -8614.289062 -8054.139160 -1409.570068
v -9659.781250 -6056.392578 -9243.677734
v -9332.225586 -8440.764648 846.882202
v -13420.682617 -8694.003906 -5891.437500
v -12248.854492 -5122.511719 -6316.279297
v -10484.272461 -5621.721191 -1765.930908
v -11179.079102 -9373.870117 -6274.298340
v -11665.918945 -9485.438477 -3638.519287
v -12477.525391 -6201.070801 -2770.808350
v -6727.535156 -6508.012207 -1997.211792
v -10245.613281 -4336.429688 -8318.888672
v -10881.103516 -4339.483887 -4251.342773
v -9644.619141 -7586.054199 -7713.422852
v -11313.205078 -3871.414795 -5775.313477
v -10057.291992 -5494.022949 -1249.519653
v -12488.584961 -8431.012695 -9236.945312
v -12676.766602 -8405.750977 -8870.169922
v -10994.784180 -4021.951660 -7933.509766
v -8099.532227 -4626.338379 -8099.343262
v -12463.315430 -6145.620117 -2199.435547
v -10739.902344 -8135.761719 -3251.103271
v -10602.833008 -6942.681641 -8134.078613
v -10657.047852 -7133.986328 -7998.514160
v -10613.947266 -7314.986816 -7899.958984
v -12049.951172 -3893.779297 -5102.302734
v -7832.310059 -8310.900391 -8707.555664
v -7929.727051 -8223.541016 -8818.493164
v -10303.574219 -3962.180420 -9359.626953
v -12147.645508 -4858.198730 -8050.552246
v -12200.566406 -5891.103027 -6544.109375
v -12609.546875 -9561.155273 -5260.244629
v -7877.989746 -6351.369141 -235.335419
v -12269.687500 -5709.878906 -1709.174805
v -8575.579102 -8528.916016 593.851379
v -10793.742188 -4766.737793 -8101.356934
v -9401.409180 -5773.062500 -65.042992
v -8797.280273 -4124.591309 -8956.783203
v -8808.857422 -8850.353516 -7827.744141
v -12835.915039 -6801.347168 -5245.286621
v -10683.989258 -7806.064941 -4242.619141
v -13226.080078 -7909.966309 -7228.491699
v -7089.541016 -7592.415039 -263.787506
v -12627.453125 -6737.961426 -2562.868896
v -10033.195312 -8667.033203 -1499.554810
v -12131.195312 -8973.825195 297.160492
v -13613.509766 -8946.525391 -3516.425049
v -13616.920898 -9036.665039 -3343.248779
v -12242.628906 -4831.494629 -4871.731934
v -12236.635742 -4749.173828 -4910.754883
v -6751.376953 -7446.885742 -437.501160
v -12687.723633 -5671.611328 -4143.211426
v -8795.246094 -7151.029297 -20.385252
v -9931.416992 -5367.795898 -9415.992188
v -10034.094727 -5478.303711 -9392.994141
v -12026.809570 -4077.146729 -7506.321777
v -11392.523438 -6428.071289 -9091.910156
v -12286.537109 -8150.586914 -632.986389
v -10545.550781 -3995.221436 -8501.281250
v -10705.740234 -3962.953369 -8482.666016
v -9706.186523 -5845.069336 -1370.004150
v -12966.085938 -9629.191406 -3764.287598
v -12007.176758 -4225.441895 -6305.848145
v -12587.821289 -7148.605957 -1716.684326
v -12526.433594 -7227.631348 -1584.534546
v -12052.966797 -5188.862793 -7694.369141
v -12006.908203 -5210.133789 -7593.030273
v -12061.016602 -5558.393555 -7557.760254
v -12155.494141 -9391.158203 -7310.026367
v -10742.685547 -8737.340820 -10443.725586
v -6958.500488 -9032.435547 -240.437119
v -10149.834961 -7574.124023 -7812.298828
v -10724.110352 -6916.790039 -9340.583008
v -5966.377441 -8307.603516 -764.903931
v -11552.197266 -4469.305664 -2784.700439
v -8871.778320 -4149.105957 -9037.256836
v -9483.240234 -7080.739746 263.890961
v -13554.282227 -9257.268555 -3278.820312
v -7864.764160 -9392.099609 -8556.936523
v -7513.469238 -9426.208008 -735.923767
v -7767.594238 -9391.740234 -800.790466
v -8542.057617 -5807.591309 -198.382874
v -12976.087891 -7197.442383 -5284.054688
v -11747.458984 -3971.208252 -6634.937012
v -6638.426270 -9505.853516 -1202.519409
v -8416.585938 -6227.023926 -9095.887695
v -11315.582031 -4373.195312 -3077.216797
v -11978.284180 -7705.274902 -712.074158
v -6780.039062 -8054.547852 -113.037392
v -7196.066406 -9200.315430 -77.316422
v -12014.039062 -9381.651367 245.555023
v -11906.498047 -4475.071289 -8137.978516
v -7674.008301 -8546.609375 -1668.549927
v -13070.005859 -9452.073242 -5494.019043
v -10796.514648 -9286.513672 -7985.605957
v -9205.277344 -8677.367188 -7629.631836
v -10047.367188 -8428.578125 -7014.943848
v -12079.529297 -6388.767578 -400.307526
v -9955.386719 -8003.912109 -7308.525879
v -10727.791016 -6759.488770 -9182.989258
v -13336.619141 -8962.634766 -1592.162354
v -9184.878906 -7413.397461 -7931.711426
v -10784.857422 -7279.860840 -3793.766113
v -12381.973633 -6251.169434 -6476.899414
v -11939.938477 -4692.816406 -7882.982910
v -8951.317383 -4360.535645 -9096.231445
v -12073.194336 -5763.837891 -7909.278320
v -11915.301758 -6284.870605 -8344.484375
v -11875.700195 -6170.505371 -8400.766602
v -10871.749023 -5509.175781 -3924.925293
v -13024.393555 -8508.776367 -8009.013184
v -12290.576172 -4902.900391 -4988.408691
v -8211.372070 -9063.304688 -7994.294434
v -9876.001953 -9458.641602 -518.975586
v -10747.862305 -5687.895020 -3028.198242
v -11638.013672 -8130.895508 -9906.981445
v -11525.492188 -3694.543457 -5334.623047
v -6249.575684 -6712.259766 -1962.671509
v -10101.982422 -9317.964844 -8658.828125
v -12569.132812 -9760.425781 -870.248779
v -12905.227539 -8307.497070 -8012.888184
v -10049.529297 -7978.991211 -7270.817871
v -12337.239258 -5272.743652 -8762.940430
v -10931.576172 -5582.984863 -6605.276367
v -7778.793457 -8762.269531 -8540.043945
v -13303.941406 -7678.123535 -5966.952637
v -13514.423828 -8797.242188 -2285.062256
v -9718.211914 -4295.386719 -9396.988281
v -7939.550781 -6840.715820 -8864.259766
v -10253.110352 -6007.045898 -1519.343628
v -10714.050781 -7245.208984 -7061.700684
v -5850.463867 -6758.395020 -1462.432251
v -5826.585938 -6815.332031 -1383.354370
v -12642.790039 -7731.396484 -1276.042114
v -11349.054688 -5264.735840 -1163.390625
v -8722.393555 -7387.509766 -8024.206055
v -12519.150391 -9826.163086 -1871.497437
v -10117.884766 -7937.816406 -1488.984741
v -10772.477539 -9456.459961 -739.366638
v -12016.865234 -4066.810059 -3564.633545
v -8243.125977 -5925.026367 -8057.774414
v -12609.454102 -6167.899414 -4632.218750
v -11221.857422 -9486.644531 -7378.254395
v -12346.260742 -7856.531250 -8879.667969
v -13025.224609 -9576.132812 -4867.157715
v -11142.809570 -7394.545898 -9377.426758
v -12351.834961 -5390.673828 -2584.812256
v -11823.984375 -3754.115967 -4604.879883
v -8292.584961 -8989.282227 -1485.604492
v -10322.118164 -9029.344727 -7255.880859
v -12775.290039 -6709.634277 -3450.994629
v -11206.596680 -9292.106445 -9654.966797
v -12146.613281 -4603.086426 -4104.007324
v -11832.412109 -7626.037598 -9262.212891
v -7603.718750 -5913.497559 -1191.806763
v -12584.841797 -5986.321777 -4179.529785
v -10814.727539 -5245.842285 -1439.851074
v -6060.162598 -8625.417969 -754.049194
v -6111.643555 -8568.496094 -617.686646
v -9296.877930 -5479.612305 -1031.345337
v -9302.991211 -5461.545410 -746.382690
v -7555.643555 -6033.349121 -1633.727783
v -10067.017578 -8729.299805 -6696.665039
v -11738.931641 -5925.789551 -830.850159
v -12120.661133 -7455.996582 -9020.136719
v -10046.982422 -7034.191406 -9499.629883
v -10948.502930 -5263.175293 -5704.846191
v -10933.495117 -5017.349609 -5792.749512
v -9443.567383 -8908.766602 -1315.554077
v -12603.446289 -5537.708496 -3286.348633
v -9745.749023 -6966.777832 -1365.497925
v -13525.739258 -8547.064453 -4674.928223
v -10938.068359 -4740.793457 -6795.779785
v -10356.668945 -6972.923340 -8320.719727
v -10456.719727 -6853.029297 -8317.210938
v -7987.950195 -7105.729004 -1549.540527
v -11002.677734 -9372.197266 -1825.939209
v -10885.639648 -9338.158203 -1837.717896
v -11424.191406 -3918.406250 -8345.442383
v -5908.288086 -7051.372070 -1328.154907
v -7278.812988 -7911.314453 -49.662289
v -11828.018555 -7930.626465 -9393.056641
v -10441.948242 -8091.828613 -1982.212524
v -13244.087891 -8920.961914 -1408.429321
v -10964.692383 -4727.466797 -5300.649414
v -6327.915527 -6975.315918 -779.591980
v -12046.845703 -5063.174805 -2198.026367
v -12441.391602 -6049.322266 -2467.697754
v -11903.578125 -4367.490723 -8475.071289
v -8122.618164 -9265.879883 68.842056
v -11275.727539 -4590.691406 -2636.365479
v -5887.245605 -8391.095703 -1051.111694
v -10851.400391 -6854.926758 -4889.318848
v -11392.017578 -9434.478516 -2287.223877
v -11338.348633 -9426.797852 -2805.178467
v -8338.506836 -8155.596680 391.000122
v -12688.709961 -7316.938965 -1716.760742
v -10948.069336 -4224.596191 -7993.043457
v -12253.081055 -4659.274414 -5197.456055
v -11633.697266 -5985.190430 -9278.955078
v -12465.323242 -7002.938477 -7776.066895
v -12166.773438 -9679.349609 -2159.123047
v -9644.617188 -7042.674316 -8154.795410
v -12985.101562 -9032.118164 -1076.054321
v -8670.432617 -9324.933594 -8265.153320
v -9080.838867 -9243.008789 -8303.302734
v -12536.708984 -8210.886719 -794.388794
v -11052.236328 -7411.070801 -9394.836914
v -8839.014648 -9161.666016 -1185.476196
v -9198.214844 -8161.881836 -7567.533203
v -9483.135742 -6537.953125 -1240.519043
v -10641.603516 -9259.311523 -7297.960938
v -9327.144531 -8419.248047 -9849.207031
v -9180.164062 -8527.147461 -9777.604492
v -10568.280273 -3934.897949 -9036.416992
v -11339.480469 -3830.905273 -4725.115723
v -12257.517578 -4840.801270 -3832.041992
v -12190.425781 -4741.383789 -3765.567139
v -13272.618164 -7696.497559 -6385.752441
v -13323.571289 -9496.872070 -1973.723267
v -13483.214844 -9333.963867 -2539.514404
v -10331.692383 -7742.965332 -1744.024902
v -10704.506836 -4582.848633 -9561.211914
v -9130.706055 -4080.415039 -9133.046875
v -9455.652344 -4032.674316 -9181.000977
v -12068.711914 -3977.613281 -5769.414551
v -11423.379883 -4887.931641 -1852.571899
v -9432.246094 -9297.451172 -9014.097656
v -12105.588867 -4579.259766 -8691.973633
v -12739.487305 -9636.879883 -3418.336914
v -10920.885742 -3959.631104 -4995.179688
v -10311.808594 -8109.939453 -10207.993164
v -11373.626953 -5848.677246 -9556.157227
v -10264.250977 -6928.123047 -8346.061523
v -11443.991211 -3825.213379 -4697.080078
v -9922.071289 -7190.748535 -8132.032227
v -9422.354492 -8020.333008 -9584.178711
v -9828.623047 -7321.259766 -8033.515625
v -10844.040039 -5890.649414 -497.818481
v -12301.616211 -7634.100586 -8048.888672
v -13629.505859 -9144.471680 -3174.295410
v -9547.110352 -7757.367676 -1410.250122
v -13211.574219 -8285.078125 -7806.608398
v -12283.046875 -5285.499023 -2531.828857
v -12514.677734 -9339.592773 -7175.865723
v -7349.696777 -8761.960938 223.849136
v -12710.784180 -6406.719727 -6030.925781
v -9663.568359 -9125.891602 -9914.887695
v -7958.798340 -9183.931641 -8307.737305
v -12317.926758 -6014.770020 -1480.368286
v -11240.676758 -3927.011963 -8661.577148
v -7252.481934 -9391.198242 -374.794464
v -7156.067383 -8532.315430 -1772.179688
v -11023.316406 -3979.847168 -7697.426758
v -6844.308594 -8980.684570 -1777.967773
v -9513.000977 -8468.659180 830.512817
v -8772.174805 -7148.380371 -8087.651367
v -7810.483398 -6830.460449 -8397.141602
v -13403.570312 -8115.249512 -2943.604248
v -8531.281250 -6997.154297 -8133.777832
v -8790.023438 -8209.672852 -9366.937500
v -11512.850586 -5076.963379 -9636.813477
v -8002.988281 -7319.700684 -8147.711426
v -11991.393555 -5094.280762 -7447.930664
v -9025.946289 -8356.333984 -9363.145508
v -8224.746094 -4246.418945 -8952.987305
v -13437.361328 -8418.328125 -5994.361328
v -10913.207031 -9129.056641 -10143.864258
v -9774.870117 -6139.432129 -9268.064453
v -10643.254883 -9177.011719 -10051.952148
v -12582.596680 -6422.144043 -3188.324951
v -9486.684570 -6786.850098 -8196.786133
v -9899.401367 -7735.744141 -9686.149414
v -9580.059570 -7776.397949 -9555.396484
v -8241.957031 -8316.016602 -1470.126587
v -9747.386719 -7937.385742 -9763.880859
v -10252.389648 -6604.424805 -8402.491211
v -10363.342773 -7289.746094 317.001465
v -10454.208984 -7015.384277 -8237.767578
v -10611.702148 -9297.025391 -9040.241211
v -12695.606445 -8752.537109 -817.257019
v -10818.503906 -6765.673828 -7166.454102
v -10559.427734 -7408.205078 292.343048
v -11171.466797 -3904.785156 -5751.135742
v -12142.874023 -9768.941406 -1015.790100
v -8040.658691 -8666.375000 -1586.266846
v -7503.329590 -9112.360352 -1618.982178
v -8012.505371 -8803.432617 -1598.052124
v -11007.141602 -6308.079102 -52.758759
v -9850.280273 -5904.688477 -1377.048950
v -10816.109375 -7965.991211 -10009.822266
v -12046.909180 -4082.827637 -4351.395508
v -12077.889648 -4089.608154 -4539.807129
v -10097.766602 -8631.979492 -6440.960449
v -10056.003906 -8576.201172 -6798.465332
v -12471.344727 -7238.760254 -6635.708984
v -10956.000977 -9353.823242 -8574.005859
v -10899.113281 -5295.480469 -9776.141602
v -10737.572266 -9047.230469 -10252.659180
v -9375.413086 -8784.293945 778.894775
v -10890.091797 -4769.342285 -7238.549805
v -11403.381836 -5666.700684 -9628.388672
v -12247.464844 -7664.858398 -8152.381348
v -10827.745117 -4336.249023 -7097.565430
v -10824.729492 -9160.686523 794.331238
v -11306.076172 -5164.005371 -9726.240234
v -10144.408203 -8852.328125 -7088.466797
v -8996.696289 -8498.132812 -9416.416016
v -7206.447754 -9192.676758 -1629.435669
v -10421.265625 -7546.199707 -9730.731445
v -9251.994141 -7113.062988 -8111.339355
v -7309.058594 -8949.961914 -1717.440430
v -9630.055664 -8964.160156 693.770569
v -12647.162109 -7274.585938 -6363.283203
v -11405.250000 -9506.412109 -7630.042480
v -11882.488281 -6010.970703 -7581.297363
v -10666.613281 -8709.521484 -3428.771484
v -10678.197266 -8579.100586 -3193.977783
v -6814.926758 -7661.685547 -1865.730103
v -6783.217285 -7515.809082 -1867.937256
v -12873.580078 -6996.690430 -5958.707031
v -10878.695312 -6109.701172 -5334.378418
v -10202.994141 -8503.677734 710.347778
v -10366.285156 -7546.927734 -1870.488159
v -11567.900391 -5484.319824 -1002.532471
v -12183.494141 -7117.055664 -8877.188477
v -10352.084961 -5320.998047 -8301.111328
v -8909.831055 -6232.633789 79.593346
v -11065.889648 -9336.427734 -6190.612793
v -6318.337891 -6496.284668 -1582.115479
v -12311.122070 -6490.819824 -857.457153
v -11446.184570 -9727.400391 -569.162354
v -11286.356445 -9639.041016 -658.093689
v -12003.332031 -6197.272949 -911.437561
v -10759.509766 -6510.788086 -3183.288086
v -10260.323242 -5661.362305 -1509.221191
v -12291.456055 -8465.600586 -261.386444
v -12012.608398 -4698.610840 -8984.928711
v -10621.696289 -5547.180176 -8157.522461
v -10976.243164 -9536.739258 501.967499
v -6701.914551 -6329.170898 -805.153564
v -8102.511719 -6830.308594 -177.795197
v -12929.363281 -8360.414062 -8468.738281
v -8022.556641 -5774.244141 -928.806396
v -10598.191406 -8779.001953 -4107.810059
v -10604.769531 -8852.440430 -4252.318359
v -12616.364258 -5873.604980 -3153.046143
v -12655.368164 -5891.854980 -3387.316895
v -9656.438477 -6705.082520 -9202.496094
v -9573.997070 -6820.248047 256.430450
v -11378.966797 -4334.775391 -3190.201172
v -10789.039062 -5411.833984 -7917.719727
v -12827.131836 -9115.903320 -7945.086914
v -13311.666992 -8852.322266 -6674.161133
v -9282.515625 -6447.273438 -9212.004883
v -7831.033203 -6123.878418 -8685.228516
v -12242.258789 -4986.643555 -8117.341309
v -12194.895508 -4959.200195 -7971.448242
v -10720.590820 -6725.529785 337.729462
v -9978.522461 -6693.939941 280.480743
v -12411.116211 -6677.080566 -7270.923828
v -9646.063477 -3977.653076 -9005.551758
v -6082.462891 -8726.304688 -879.594849
v -9260.027344 -8964.966797 -7891.082520
v -9244.681641 -9096.825195 -8112.857422
v -10884.275391 -4226.591309 -5538.500488
v -8131.019531 -5907.709473 -306.473297
v -8484.707031 -8620.502930 -9446.039062
v -5889.638672 -7909.062012 -1094.195068
v -11255.001953 -6114.591309 -9342.448242
v -10982.716797 -6178.378906 -9235.313477
v -7990.993652 -7781.267090 -227.454788
v -10576.393555 -9495.422852 -543.103210
v -12783.933594 -9184.705078 -7867.835449
v -12107.094727 -9782.159180 -1347.895142
v -12183.614258 -9763.805664 -1145.189697
v -12713.357422 -9323.210938 -6437.032227
v -12680.946289 -5629.928223 -4488.660645
v -13547.090820 -8866.981445 -4849.313965
v -8279.347656 -4283.817871 -8101.885254
v -11923.318359 -6036.675293 -7426.926758
v -9209.329102 -5574.624512 -1186.786011
v -8898.535156 -5539.144531 -1135.963257
v -8898.390625 -5605.774902 -1208.679077
v -11462.384766 -6046.255859 -9393.232422
v -9032.222656 -9417.360352 -43.669960
v -12019.605469 -5945.747559 -1049.964600
v -8418.329102 -6153.693359 -139.724442
v -12267.983398 -9858.611328 -777.248474
v -12276.580078 -4469.248047 -4848.068359
v -10911.043945 -6904.652832 -7596.210449
v -13014.375000 -9519.199219 -5304.952148
v -13038.282227 -8546.559570 -1225.110474
v -11936.475586 -7994.041504 -518.507812
v -12670.528320 -6079.100098 -5384.946289
v -9912.152344 -7704.861328 472.820007
v -7196.797363 -7764.353516 -175.998672
v -11000.999023 -9428.938477 -1403.451782
v -6393.767090 -8231.916992 -328.715332
v -9903.420898 -5840.586914 -9288.312500
v -12402.236328 -5934.892090 -2708.226074
v -11752.550781 -3915.843994 -3851.897217
v -9888.192383 -8736.277344 -7314.584961
v -6127.817383 -8931.968750 -794.784607
v -6038.581055 -7966.131836 -1881.909668
v -6104.013672 -7921.792480 -1950.276733
v -9914.578125 -3997.952881 -9360.077148
v -9703.708984 -3994.717773 -9309.842773
v -12269.982422 -9789.305664 -1824.840332
v -10490.989258 -7981.579590 -2686.919678
v -8889.870117 -6045.945312 -22.697260
v -9147.289062 -5472.327148 -535.154236
v -8556.250977 -7093.869141 -9132.862305
v -13378.821289 -9505.706055 -3826.211182
v -9205.510742 -4889.190430 -8077.170898
v -11008.495117 -4105.300781 -3528.781250
v -12610.097656 -5901.085449 -4589.205566
v -10614.861328 -7492.685059 -7447.399414
v -8975.402344 -7097.051270 -1323.298828
v -11153.132812 -8007.513672 -9951.942383
v -13295.767578 -7871.153320 -5034.355957
v -7887.120605 -4172.660645 -8298.596680
v -11914.098633 -4534.850586 -6958.170898
v -10758.289062 -9274.243164 -7757.039551
v -13440.872070 -9353.525391 -2126.609131
v -12123.710938 -9602.457031 -3589.822998
v -11868.377930 -3884.232666 -6157.521484
v -11443.670898 -8048.798828 -9792.779297
v -10253.479492 -5497.268066 -1449.215942
v -6487.392090 -6689.574707 -2028.338013
v -11971.224609 -4903.840820 -7074.587891
v -9790.066406 -5603.446777 -1292.415039
v -8211.179688 -7325.118652 -1500.907349
v -12056.251953 -5018.704102 -6675.986328
v -11141.329102 -4809.006836 -2167.915283
v -11024.660156 -4890.009766 -2003.264404
v -11380.636719 -8300.577148 -10248.754883
v -10346.906250 -8723.663086 -5407.721191
v -10457.995117 -8841.155273 -4998.249023
v -13116.308594 -8062.129395 -1808.335205
vt 0.449730 0.295830
vt 0.458040 0.281880
vt 0.457810 0.296950
vt 0.586890 0.193350
vt 0.597740 0.184770
vt 0.595870 0.196890
vt 0.445400 0.277090
vt 0.423520 0.295260
vt 0.404500 0.303850
vt 0.388720 0.297470
vt 0.311770 0.193520
vt 0.311660 0.181230
vt 0.325680 0.182750
vt 0.436110 0.212590
vt 0.444640 0.220180
vt 0.442830 0.233850
vt 0.197100 0.061240
vt 0.208450 0.074150
vt 0.196470 0.073880
vt 0.360530 0.456490
vt 0.356370 0.436410
vt 0.368710 0.448090
vt 0.203250 0.352840
vt 0.228550 0.389770
vt 0.213140 0.386800
vt 0.071170 0.255780
vt 0.096600 0.245030
vt 0.083600 0.276110
vt 0.156830 0.026170
vt 0.157590 0.037510
vt 0.138050 0.044610
vt 0.141160 0.085640
vt 0.152510 0.077830
vt 0.151570 0.086320
vt 0.193400 0.209290
vt 0.196110 0.181080
vt 0.205230 0.197940
vt 0.306960 0.626560
vt 0.305730 0.657040
vt 0.288090 0.610550
vt 0.127310 0.071180
vt 0.139420 0.076360
vt 0.133430 0.081280
vt 0.313320 0.240010
vt 0.336990 0.255120
vt 0.317120 0.257180
vt 0.357280 0.197920
vt 0.329320 0.200160
vt 0.347810 0.191120
vt 0.495290 0.359690
vt 0.488910 0.342180
vt 0.506510 0.348290
vt 0.362300 0.298500
vt 0.369320 0.288910
vt 0.366350 0.309360
vt 0.370140 0.202030
vt 0.373500 0.223490
vt 0.364220 0.211840
vt 0.360490 0.315290
vt 0.347110 0.328070
vt 0.353140 0.316020
vt 0.177320 0.373070
vt 0.164660 0.360980
vt 0.175090 0.343040
vt 0.105370 0.303750
vt 0.123360 0.301330
vt 0.113090 0.310100
vt 0.483910 0.514520
vt 0.494520 0.506770
vt 0.498410 0.513020
vt 0.389030 0.343410
vt 0.387870 0.335900
vt 0.407250 0.340770
vt 0.808900 0.724180
vt 0.790810 0.741250
vt 0.782110 0.724120
vt 0.332700 0.840300
vt 0.324170 0.815900
vt 0.331460 0.812100
vt 0.854010 0.620190
vt 0.861410 0.635280
vt 0.831790 0.612960
vt 0.741190 0.628980
vt 0.754120 0.622130
vt 0.760590 0.640410
vt 0.339390 0.300930
vt 0.343570 0.310210
vt 0.338040 0.323510
vt 0.096590 0.269200
vt 0.084310 0.296530
vt 0.294480 0.291190
vt 0.283070 0.313980
vt 0.277170 0.297070
vt 0.752080 0.574220
vt 0.737120 0.596370
vt 0.728950 0.588880
vt 0.459900 0.759080
vt 0.450630 0.733790
vt 0.458670 0.739220
vt 0.145160 0.189350
vt 0.138440 0.180940
vt 0.145830 0.175360
vt 0.612220 0.657220
vt 0.590800 0.665600
vt 0.606270 0.650330
vt 0.712490 0.580730
vt 0.725570 0.552720
vt 0.738810 0.555510
vt 0.471130 0.478050
vt 0.459380 0.470720
vt 0.470910 0.455430
vt 0.398110 0.579820
vt 0.392550 0.598160
vt 0.386300 0.577740
vt 0.176660 0.065540
vt 0.108870 0.141030
vt 0.087450 0.139910
vt 0.131160 0.133040
vt 0.441430 0.894140
vt 0.423670 0.898700
vt 0.419480 0.885140
vt 0.292210 0.685540
vt 0.297420 0.677980
vt 0.317000 0.697760
vt 0.141190 0.111990
vt 0.146250 0.114410
vt 0.137690 0.121470
vt 0.459100 0.809280
vt 0.463010 0.815970
vt 0.453610 0.823130
vt 0.480450 0.233030
vt 0.467940 0.233900
vt 0.457950 0.226420
vt 0.098120 0.222320
vt 0.080020 0.211060
vt 0.094460 0.196700
vt 0.437720 0.137900
vt 0.416650 0.157000
vt 0.404120 0.158680
vt 0.497960 0.793140
vt 0.477200 0.805130
vt 0.481400 0.797680
vt 0.496780 0.534980
vt 0.503910 0.525620
vt 0.527020 0.522220
vt 0.560650 0.807800
vt 0.540440 0.815910
vt 0.541300 0.796920
vt 0.385950 0.599570
vt 0.387490 0.614230
vt 0.376340 0.602040
vt 0.455420 0.661370
vt 0.472530 0.665800
vt 0.465780 0.678560
vt 0.081990 0.323830
vt 0.071510 0.317010
vt 0.090890 0.310130
vt 0.482940 0.621210
vt 0.468970 0.618020
vt 0.484900 0.610520
vt 0.451970 0.706240
vt 0.449700 0.694810
vt 0.458580 0.701410
vt 0.152830 0.184420
vt 0.149770 0.169750
vt 0.161140 0.168930
vt 0.898840 0.634850
vt 0.908120 0.641090
vt 0.885750 0.651660
vt 0.923060 0.606810
vt 0.933950 0.582960
vt 0.943400 0.596680
vt 0.391950 0.679550
vt 0.383500 0.683140
vt 0.373560 0.659770
vt 0.925380 0.500270
vt 0.916190 0.503810
vt 0.908310 0.473330
vt 0.383820 0.327040
vt 0.400090 0.320540
vt 0.403350 0.331450
vt 0.286320 0.258550
vt 0.308070 0.267350
vt 0.300740 0.275400
vt 0.137700 0.103900
vt 0.136960 0.094010
vt 0.143820 0.097110
vt 0.304650 0.181960
vt 0.308500 0.203980
vt 0.292230 0.198210
vt 0.134100 0.198310
vt 0.117610 0.212020
vt 0.112170 0.196810
vt 0.465580 0.751570
vt 0.504450 0.464740
vt 0.514740 0.473190
vt 0.508560 0.485440
vt 0.792640 0.605050
vt 0.773910 0.600760
vt 0.783080 0.584980
vt 0.882160 0.465740
vt 0.866390 0.432510
vt 0.884330 0.450280
vt 0.623250 0.180440
vt 0.619840 0.210720
vt 0.614800 0.189760
vt 0.428670 0.878800
vt 0.438030 0.870170
vt 0.459990 0.882850
vt 0.242000 0.317480
vt 0.253960 0.308000
vt 0.253260 0.327370
vt 0.274150 0.276770
vt 0.263570 0.280540
vt 0.261150 0.265210
vt 0.374670 0.490040
vt 0.387080 0.496750
vt 0.372630 0.504620
vt 0.539310 0.708570
vt 0.531910 0.707130
vt 0.533910 0.691930
vt 0.193050 0.159010
vt 0.214150 0.190060
vt 0.181930 0.322090
vt 0.174370 0.312310
vt 0.187980 0.301950
vt 0.860960 0.610270
vt 0.876900 0.626150
vt 0.161370 0.113240
vt 0.175430 0.111580
vt 0.158640 0.120230
vt 0.437750 0.618730
vt 0.423810 0.623270
vt 0.422290 0.614940
vt 0.272870 0.235860
vt 0.260910 0.259590
vt 0.250380 0.255380
vt 0.453960 0.131770
vt 0.466540 0.112230
vt 0.466870 0.125320
vt 0.310810 0.759980
vt 0.283460 0.723210
vt 0.309660 0.721340
vt 0.379000 0.297270
vt 0.386760 0.312170
vt 0.372900 0.304390
vt 0.474160 0.271470
vt 0.476920 0.251770
vt 0.486810 0.263260
vt 0.451440 0.431370
vt 0.439080 0.428020
vt 0.447140 0.414900
vt 0.187430 0.174330
vt 0.173380 0.157390
vt 0.620240 0.602760
vt 0.625310 0.580000
vt 0.629070 0.600330
vt 0.257200 0.338890
vt 0.260170 0.354050
vt 0.244340 0.343680
vt 0.516060 0.892810
vt 0.553380 0.871590
vt 0.552240 0.878350
vt 0.496270 0.309530
vt 0.510550 0.320820
vt 0.496370 0.321070
vt 0.950570 0.587700
vt 0.959790 0.570680
vt 0.972810 0.579550
vt 0.486480 0.687560
vt 0.497260 0.691070
vt 0.492100 0.706660
vt 0.148030 0.130140
vt 0.157250 0.128370
vt 0.154500 0.147010
vt 0.960540 0.562090
vt 0.945600 0.570500
vt 0.954860 0.554090
vt 0.400330 0.425060
vt 0.367400 0.428910
vt 0.335990 0.518740
vt 0.341190 0.503870
vt 0.346630 0.535840
vt 0.425800 0.132260
vt 0.769370 0.653820
vt 0.798070 0.651790
vt 0.761790 0.671840
vt 0.900060 0.531450
vt 0.886960 0.494340
vt 0.909660 0.490270
vt 0.433160 0.591090
vt 0.425670 0.581020
vt 0.434780 0.571470
vt 0.527340 0.199740
vt 0.541530 0.216880
vt 0.524980 0.226160
vt 0.576110 0.194030
vt 0.578500 0.217160
vt 0.568980 0.197120
vt 0.447090 0.264310
vt 0.502170 0.174630
vt 0.501890 0.153610
vt 0.515880 0.160930
vt 0.064780 0.054390
vt 0.072730 0.030870
vt 0.078470 0.050800
vt 0.107430 0.036840
vt 0.101370 0.052140
vt 0.085600 0.038670
vt 0.348810 0.670610
vt 0.310870 0.666640
vt 0.341970 0.655010
vt 0.433490 0.828270
vt 0.453470 0.826390
vt 0.434540 0.837170
vt 0.770930 0.464300
vt 0.767170 0.483560
vt 0.759410 0.477850
vt 0.483830 0.054090
vt 0.472340 0.050650
vt 0.500160 0.041760
vt 0.055360 0.176440
vt 0.066860 0.184530
vt 0.063950 0.199700
vt 0.533900 0.601820
vt 0.527760 0.592140
vt 0.542330 0.593260
vt 0.489370 0.421020
vt 0.498870 0.432270
vt 0.478930 0.424870
vt 0.554110 0.204610
vt 0.594100 0.140820
vt 0.565620 0.102730
vt 0.578460 0.107140
vt 0.875340 0.564710
vt 0.869060 0.535840
vt 0.879800 0.533940
vt 0.545610 0.761160
vt 0.535210 0.769630
vt 0.519260 0.762530
vt 0.272210 0.638980
vt 0.264590 0.645890
vt 0.261340 0.619730
vt 0.467880 0.523110
vt 0.457910 0.519070
vt 0.469400 0.512190
vt 0.339370 0.083940
vt 0.322290 0.074670
vt 0.345700 0.074970
vt 0.136970 0.303240
vt 0.150150 0.301380
vt 0.132610 0.315220
vt 0.542730 0.352830
vt 0.533610 0.351600
vt 0.528250 0.340700
vt 0.477410 0.808980
vt 0.505380 0.807450
vt 0.494760 0.819460
vt 0.284030 0.072920
vt 0.271390 0.112360
vt 0.261560 0.092290
vt 0.403550 0.571730
vt 0.421540 0.564060
vt 0.412450 0.584070
vt 0.409500 0.323660
vt 0.422500 0.324760
vt 0.413690 0.330830
vt 0.551450 0.171310
vt 0.539510 0.154930
vt 0.533970 0.137410
vt 0.361150 0.332550
vt 0.364620 0.344790
vt 0.339980 0.364370
vt 0.348810 0.350660
vt 0.366280 0.357550
vt 0.489600 0.539990
vt 0.459840 0.536700
vt 0.464420 0.531810
vt 0.393730 0.535320
vt 0.366060 0.537700
vt 0.391980 0.522160
vt 0.200340 0.248150
vt 0.223120 0.262850
vt 0.201100 0.270620
vt 0.284360 0.273060
vt 0.290500 0.280430
vt 0.352940 0.525750
vt 0.514340 0.317420
vt 0.518670 0.310180
vt 0.528610 0.326170
vt 0.151470 0.117780
vt 0.149490 0.123750
vt 0.389530 0.076340
vt 0.367040 0.085010
vt 0.368000 0.070620
vt 0.461590 0.423150
vt 0.454340 0.408210
vt 0.460670 0.398520
vt 0.537800 0.307940
vt 0.531760 0.286810
vt 0.534610 0.278730
vt 0.245480 0.461290
vt 0.276670 0.467070
vt 0.265110 0.485310
vt 0.397280 0.596060
vt 0.404330 0.592950
vt 0.079590 0.122380
vt 0.114270 0.128880
vt 0.537080 0.466010
vt 0.544320 0.465480
vt 0.532740 0.483000
vt 0.135340 0.259820
vt 0.116540 0.271850
vt 0.104770 0.251770
vt 0.435400 0.499860
vt 0.434980 0.494340
vt 0.454880 0.493000
vt 0.290500 0.374750
vt 0.301030 0.398960
vt 0.289920 0.400780
vt 0.131170 0.284550
vt 0.124340 0.278560
vt 0.142130 0.260300
vt 0.134010 0.237120
vt 0.148100 0.270870
vt 0.159050 0.279410
vt 0.137430 0.289970
vt 0.154620 0.274610
vt 0.161590 0.252590
vt 0.146500 0.253520
vt 0.160100 0.235410
vt 0.479280 0.164330
vt 0.467670 0.148890
vt 0.467650 0.135970
vt 0.540190 0.608450
vt 0.542770 0.598590
vt 0.612130 0.579980
vt 0.600640 0.564010
vt 0.605690 0.557470
vt 0.557250 0.759760
vt 0.569900 0.761660
vt 0.550340 0.769970
vt 0.164130 0.534770
vt 0.170090 0.567420
vt 0.156400 0.531180
vt 0.173620 0.205090
vt 0.194710 0.234760
vt 0.182550 0.227830
vt 0.731280 0.520040
vt 0.750290 0.486810
vt 0.748700 0.512410
vt 0.564870 0.169330
vt 0.557540 0.170030
vt 0.550140 0.136660
vt 0.576750 0.421150
vt 0.563940 0.411970
vt 0.573660 0.411770
vt 0.393020 0.375160
vt 0.394330 0.357870
vt 0.409520 0.370420
vt 0.371460 0.274740
vt 0.361310 0.293980
vt 0.354240 0.288210
vt 0.415470 0.519050
vt 0.422400 0.527390
vt 0.398160 0.517270
vt 0.540990 0.529680
vt 0.508940 0.534020
vt 0.533770 0.524750
vt 0.212410 0.154710
vt 0.215770 0.143910
vt 0.231400 0.184800
vt 0.122880 0.183890
vt 0.113860 0.187980
vt 0.106180 0.172800
vt 0.839160 0.538690
vt 0.853600 0.537990
vt 0.843950 0.545340
vt 0.129860 0.191210
vt 0.834240 0.595380
vt 0.848450 0.581250
vt 0.867720 0.593980
vt 0.434090 0.333420
vt 0.418880 0.344680
vt 0.414870 0.339120
vt 0.533560 0.561850
vt 0.549130 0.579490
vt 0.540500 0.575800
vt 0.120920 0.159000
vt 0.112240 0.158380
vt 0.124600 0.149740
vt 0.394550 0.222140
vt 0.378780 0.233850
vt 0.386310 0.212780
vt 0.212080 0.497690
vt 0.203810 0.477100
vt 0.216880 0.475530
vt 0.114100 0.116530
vt 0.114310 0.121000
vt 0.101320 0.116390
vt 0.288890 0.327020
vt 0.292510 0.307360
vt 0.302690 0.309920
vt 0.490490 0.154570
vt 0.496340 0.173950
vt 0.165920 0.214240
vt 0.176890 0.220830
vt 0.708400 0.662810
vt 0.715090 0.642560
vt 0.732660 0.664160
vt 0.574610 0.825800
vt 0.543890 0.826260
vt 0.577650 0.811230
vt 0.621380 0.655300
vt 0.613930 0.643320
vt 0.621260 0.643790
vt 0.607530 0.751700
vt 0.629000 0.749570
vt 0.608160 0.771840
vt 0.467550 0.550760
vt 0.497290 0.556130
vt 0.494230 0.563580
vt 0.524440 0.268910
vt 0.571970 0.131470
vt 0.585330 0.135030
vt 0.578960 0.160880
vt 0.396080 0.643870
vt 0.386670 0.632440
vt 0.405970 0.639130
vt 0.239240 0.349980
vt 0.250780 0.369600
vt 0.230180 0.367260
vt 0.188880 0.284890
vt 0.187790 0.265320
vt 0.194090 0.271140
vt 0.525240 0.542050
vt 0.530750 0.554850
vt 0.519210 0.551820
vt 0.514490 0.636510
vt 0.518190 0.644330
vt 0.496550 0.635330
vt 0.501660 0.644380
vt 0.220650 0.113490
vt 0.253780 0.149160
vt 0.239090 0.143660
vt 0.621940 0.617130
vt 0.368040 0.604750
vt 0.383750 0.622890
vt 0.372910 0.625670
vt 0.636180 0.782040
vt 0.645200 0.790410
vt 0.625520 0.794460
vt 0.461130 0.833810
vt 0.470710 0.837550
vt 0.550170 0.372630
vt 0.491090 0.618230
vt 0.512820 0.624200
vt 0.493690 0.623610
vt 0.065700 0.288600
vt 0.064040 0.259000
vt 0.286320 0.106140
vt 0.293300 0.070000
vt 0.297770 0.093020
vt 0.166610 0.129230
vt 0.179510 0.136180
vt 0.164000 0.140420
vt 0.622360 0.830050
vt 0.630880 0.802100
vt 0.641270 0.809610
vt 0.397810 0.252240
vt 0.407800 0.248850
vt 0.423770 0.253770
vt 0.327560 0.552850
vt 0.339120 0.544250
vt 0.338640 0.568140
vt 0.177880 0.282100
vt 0.447130 0.146280
vt 0.441190 0.140110
vt 0.452950 0.140090
vt 0.586900 0.202920
vt 0.406430 0.320370
vt 0.438660 0.316470
vt 0.439950 0.323400
vt 0.581200 0.646850
vt 0.564680 0.655410
vt 0.567040 0.647260
vt 0.578600 0.675340
vt 0.589940 0.680130
vt 0.572970 0.680970
vt 0.544560 0.267790
vt 0.533880 0.261120
vt 0.542350 0.251160
vt 0.311790 0.333860
vt 0.322120 0.343180
vt 0.306290 0.348310
vt 0.241710 0.229490
vt 0.246600 0.203760
vt 0.254020 0.217420
vt 0.565710 0.575680
vt 0.548610 0.586430
vt 0.445830 0.820810
vt 0.427500 0.826120
vt 0.448660 0.808190
vt 0.279600 0.324860
vt 0.277930 0.334210
vt 0.273810 0.317930
vt 0.605960 0.337700
vt 0.602950 0.348230
vt 0.594910 0.319120
vt 0.354780 0.230540
vt 0.340890 0.230070
vt 0.340010 0.219200
vt 0.526750 0.095330
vt 0.518940 0.096940
vt 0.521120 0.072690
vt 0.471380 0.855740
vt 0.473630 0.847250
vt 0.500110 0.857680
vt 0.776860 0.500940
vt 0.783620 0.512400
vt 0.766750 0.516250
vt 0.329330 0.569940
vt 0.313820 0.537780
vt 0.320420 0.535000
vt 0.100680 0.319130
vt 0.260180 0.137230
vt 0.242750 0.107840
vt 0.158140 0.323470
vt 0.159060 0.312630
vt 0.035830 0.041090
vt 0.043020 0.032120
vt 0.052080 0.047070
vt 0.543910 0.636140
vt 0.540710 0.644240
vt 0.531730 0.635780
vt 0.553630 0.532430
vt 0.564670 0.534680
vt 0.562410 0.545940
vt 0.279750 0.356010
vt 0.289910 0.352410
vt 0.280660 0.363750
vt 0.481060 0.116390
vt 0.480190 0.098640
vt 0.487340 0.106250
vt 0.432820 0.686920
vt 0.427410 0.694310
vt 0.423460 0.684290
vt 0.630180 0.202590
vt 0.632860 0.181120
vt 0.646850 0.195170
vt 0.371200 0.876820
vt 0.356000 0.866460
vt 0.384900 0.867690
vt 0.728800 0.645480
vt 0.287360 0.366240
vt 0.292800 0.354140
vt 0.513470 0.574330
vt 0.501600 0.568240
vt 0.512310 0.565570
vt 0.296770 0.587570
vt 0.277840 0.590460
vt 0.268950 0.570550
vt 0.461490 0.576460
vt 0.473820 0.597180
vt 0.457970 0.605520
vt 0.611110 0.601560
vt 0.603840 0.608900
vt 0.592390 0.587790
vt 0.338400 0.258630
vt 0.336700 0.275590
vt 0.319130 0.280840
vt 0.211850 0.659580
vt 0.196050 0.614540
vt 0.219360 0.659970
vt 0.304230 0.126510
vt 0.307530 0.159980
vt 0.294270 0.139720
vt 0.101920 0.200890
vt 0.099840 0.186910
vt 0.917350 0.582740
vt 0.902050 0.609840
vt 0.904820 0.569430
vt 0.518970 0.726790
vt 0.524110 0.738460
vt 0.486520 0.735550
vt 0.453570 0.353720
vt 0.460020 0.373090
vt 0.448270 0.365140
vt 0.956050 0.596380
vt 0.581710 0.775770
vt 0.576240 0.765580
vt 0.583630 0.757210
vt 0.025610 0.056430
vt 0.027550 0.086970
vt 0.001950 0.082620
vt 0.599990 0.478460
vt 0.607900 0.498060
vt 0.598590 0.496900
vt 0.487140 0.301250
vt 0.486100 0.312130
vt 0.483480 0.289480
vt 0.058220 0.042820
vt 0.529950 0.057980
vt 0.521260 0.060430
vt 0.522860 0.036380
vt 0.503470 0.887490
vt 0.483660 0.897640
vt 0.454200 0.890260
vt 0.605090 0.620500
vt 0.613830 0.608500
vt 0.615800 0.621520
vt 0.422240 0.215900
vt 0.437430 0.228830
vt 0.426200 0.238920
vt 0.489910 0.580980
vt 0.499410 0.597090
vt 0.491830 0.596690
vt 0.546730 0.695980
vt 0.542840 0.689180
vt 0.551850 0.689580
vt 0.694150 0.551360
vt 0.681500 0.550720
vt 0.694580 0.536850
vt 0.402740 0.508410
vt 0.448380 0.545530
vt 0.437590 0.554950
vt 0.444220 0.537520
vt 0.516050 0.402030
vt 0.516650 0.414910
vt 0.505390 0.398600
vt 0.475330 0.349990
vt 0.485370 0.360930
vt 0.084320 0.329560
vt 0.101470 0.338960
vt 0.092440 0.347560
vt 0.180220 0.113500
vt 0.188170 0.127090
vt 0.173350 0.119340
vt 0.605660 0.667430
vt 0.595260 0.677210
vt 0.586570 0.672970
vt 0.564530 0.429990
vt 0.558800 0.416990
vt 0.572190 0.420970
vt 0.265710 0.549170
vt 0.299840 0.540660
vt 0.294420 0.562190
vt 0.521260 0.143320
vt 0.503250 0.142940
vt 0.475820 0.628050
vt 0.464970 0.624070
vt 0.478650 0.646580
vt 0.460710 0.647910
vt 0.475180 0.638000
vt 0.323470 0.496570
vt 0.311950 0.506130
vt 0.309440 0.485200
vt 0.069700 0.097650
vt 0.058980 0.084320
vt 0.068180 0.085470
vt 0.550670 0.066450
vt 0.568370 0.085150
vt 0.559040 0.092220
vt 0.518650 0.619920
vt 0.510480 0.610720
vt 0.521860 0.608300
vt 0.194100 0.092910
vt 0.169270 0.089300
vt 0.181520 0.085060
vt 0.319670 0.311660
vt 0.322140 0.297850
vt 0.331920 0.308470
vt 0.669470 0.220890
vt 0.638350 0.208890
vt 0.652560 0.199130
vt 0.575590 0.550260
vt 0.577390 0.561200
vt 0.566990 0.556650
vt 0.058400 0.141240
vt 0.071300 0.140200
vt 0.077230 0.143720
vt 0.514110 0.598410
vt 0.512880 0.587220
vt 0.521490 0.590570
vt 0.521320 0.450270
vt 0.531520 0.437430
vt 0.528300 0.460560
vt 0.366100 0.638490
vt 0.375090 0.633970
vt 0.376360 0.653040
vt 0.084270 0.095400
vt 0.824890 0.483220
vt 0.818060 0.468120
vt 0.828310 0.461750
vt 0.514330 0.548820
vt 0.502040 0.544390
vt 0.521210 0.541140
vt 0.478580 0.225430
vt 0.462510 0.219250
vt 0.485380 0.216050
vt 0.481710 0.240150
vt 0.493890 0.239780
vt 0.488640 0.252200
vt 0.363010 0.611310
vt 0.348170 0.585990
vt 0.163430 0.105250
vt 0.285990 0.349760
vt 0.289040 0.341730
vt 0.334810 0.857530
vt 0.299480 0.823780
vt 0.316100 0.834720
vt 0.320420 0.826340
vt 0.316170 0.834480
vt 0.751700 0.756120
vt 0.751460 0.756120
vt 0.751570 0.756100
vt 0.548220 0.323570
vt 0.549320 0.296200
vt 0.038930 0.108330
vt 0.051550 0.094790
vt 0.044340 0.109470
vt 0.290250 0.450370
vt 0.286610 0.465590
vt 0.280430 0.420160
vt 0.275380 0.251040
vt 0.374930 0.799880
vt 0.356690 0.780800
vt 0.364320 0.761420
vt 0.164090 0.508370
vt 0.185930 0.588340
vt 0.175110 0.562830
vt 0.654610 0.227740
vt 0.623200 0.239480
vt 0.618340 0.219510
vt 0.458820 0.873330
vt 0.479990 0.878740
vt 0.641980 0.725460
vt 0.648080 0.708040
vt 0.652040 0.726980
vt 0.588920 0.376420
vt 0.587530 0.393520
vt 0.576360 0.371470
vt 0.146210 0.353010
vt 0.129030 0.357510
vt 0.128940 0.347000
vt 0.546170 0.470570
vt 0.103910 0.351500
vt 0.106650 0.344610
vt 0.427320 0.772900
vt 0.423280 0.791270
vt 0.413370 0.789120
vt 0.801180 0.548090
vt 0.789600 0.550150
vt 0.797340 0.540510
vt 0.458790 0.082110
vt 0.457030 0.061610
vt 0.470020 0.084490
vt 0.824630 0.704750
vt 0.839710 0.706660
vt 0.803410 0.715170
vt 0.586340 0.289730
vt 0.578060 0.288320
vt 0.571310 0.270570
vt 0.753550 0.688230
vt 0.752390 0.667610
vt 0.184440 0.342460
vt 0.184160 0.374210
vt 0.108520 0.368000
vt 0.602660 0.535030
vt 0.599290 0.508800
vt 0.614410 0.553180
vt 0.807140 0.532540
vt 0.413750 0.216650
vt 0.413710 0.714360
vt 0.401540 0.701720
vt 0.412630 0.700830
vt 0.470520 0.801450
vt 0.468080 0.810310
vt 0.401380 0.632480
vt 0.404430 0.629060
vt 0.410870 0.640210
vt 0.211220 0.614620
vt 0.198660 0.578240
vt 0.222240 0.586100
vt 0.595500 0.759520
vt 0.588350 0.771920
vt 0.594230 0.295850
vt 0.578230 0.259970
vt 0.603360 0.290000
vt 0.631370 0.262860
vt 0.611630 0.264630
vt 0.606670 0.238090
vt 0.785180 0.476400
vt 0.786300 0.429530
vt 0.535120 0.495190
vt 0.530270 0.491370
vt 0.552120 0.473320
vt 0.499430 0.767250
vt 0.517260 0.775870
vt 0.494490 0.780240
vt 0.611300 0.287050
vt 0.625890 0.279300
vt 0.763860 0.340190
vt 0.775100 0.343370
vt 0.759320 0.358470
vt 0.119580 0.381630
vt 0.135620 0.363820
vt 0.138370 0.391780
vt 0.163160 0.388400
vt 0.150750 0.374300
vt 0.584080 0.727550
vt 0.573880 0.724320
vt 0.574930 0.695420
vt 0.660310 0.796000
vt 0.687260 0.800030
vt 0.652500 0.814660
vt 0.470130 0.823560
vt 0.471070 0.819210
vt 0.494330 0.832160
vt 0.683450 0.772600
vt 0.685360 0.787310
vt 0.660270 0.775870
vt 0.665760 0.788710
vt 0.410980 0.286600
vt 0.429640 0.270030
vt 0.679610 0.622970
vt 0.673790 0.600170
vt 0.681910 0.612890
vt 0.580150 0.589830
vt 0.585870 0.591530
vt 0.596780 0.608330
vt 0.697260 0.223170
vt 0.724410 0.238050
vt 0.677590 0.235930
vt 0.464220 0.451140
vt 0.453730 0.459670
vt 0.446650 0.439630
vt 0.144860 0.102380
vt 0.152590 0.094500
vt 0.249240 0.500920
vt 0.225720 0.487160
vt 0.239450 0.468750
vt 0.572620 0.624750
vt 0.575300 0.629970
vt 0.556110 0.642920
vt 0.614780 0.441840
vt 0.603360 0.455440
vt 0.601790 0.430010
vt 0.641920 0.417030
vt 0.651490 0.419950
vt 0.657020 0.448570
vt 0.869100 0.456420
vt 0.437620 0.771060
vt 0.443800 0.784830
vt 0.432660 0.787530
vt 0.579980 0.306070
vt 0.588070 0.327460
vt 0.579470 0.324310
vt 0.485890 0.541850
vt 0.495110 0.551420
vt 0.480910 0.548730
vt 0.291130 0.706580
vt 0.263640 0.703640
vt 0.268190 0.693360
vt 0.301910 0.224620
vt 0.291660 0.212980
vt 0.306870 0.211390
vt 0.766680 0.576850
vt 0.747710 0.588430
vt 0.227400 0.294090
vt 0.212340 0.278540
vt 0.543680 0.426110
vt 0.542740 0.440080
vt 0.587220 0.312430
vt 0.502520 0.706510
vt 0.515190 0.710630
vt 0.502310 0.715140
vt 0.387660 0.743880
vt 0.388330 0.789760
vt 0.377820 0.760020
vt 0.443040 0.130240
vt 0.446700 0.117450
vt 0.476140 0.887030
vt 0.858380 0.555600
vt 0.863070 0.533980
vt 0.867810 0.564270
vt 0.825360 0.399760
vt 0.804800 0.384230
vt 0.824290 0.379660
vt 0.587410 0.618070
vt 0.575440 0.619380
vt 0.579660 0.596130
vt 0.431200 0.085770
vt 0.423200 0.076090
vt 0.448520 0.066310
vt 0.520340 0.667340
vt 0.495000 0.668520
vt 0.521250 0.658640
vt 0.281030 0.497030
vt 0.495310 0.660850
vt 0.472490 0.363170
vt 0.469420 0.376620
vt 0.465190 0.359710
vt 0.347260 0.600370
vt 0.337030 0.596360
vt 0.504160 0.364140
vt 0.509560 0.375920
vt 0.503550 0.381220
vt 0.477700 0.372450
vt 0.479540 0.380210
vt 0.473270 0.380050
vt 0.856850 0.457650
vt 0.844290 0.410650
vt 0.690480 0.301000
vt 0.690270 0.284620
vt 0.713910 0.296760
vt 0.388280 0.130050
vt 0.410500 0.129060
vt 0.393750 0.155230
vt 0.509930 0.415390
vt 0.520920 0.422350
vt 0.522190 0.441370
vt 0.438890 0.450920
vt 0.561890 0.345290
vt 0.581500 0.357210
vt 0.610150 0.336870
vt 0.597770 0.311420
vt 0.605110 0.312190
vt 0.581500 0.468650
vt 0.594170 0.468630
vt 0.597250 0.482340
vt 0.216810 0.231720
vt 0.218620 0.206860
vt 0.552650 0.601360
vt 0.550060 0.593530
vt 0.559880 0.582690
vt 0.565910 0.522770
vt 0.563350 0.530440
vt 0.548360 0.528960
vt 0.643570 0.637530
vt 0.651470 0.666010
vt 0.634710 0.650070
vt 0.555930 0.314350
vt 0.566610 0.325990
vt 0.555830 0.329530
vt 0.475940 0.575160
vt 0.589640 0.411590
vt 0.573410 0.380900
vt 0.587660 0.401560
vt 0.539170 0.174920
vt 0.547170 0.189490
vt 0.516010 0.183110
vt 0.765390 0.702520
vt 0.745520 0.707160
vt 0.527470 0.721380
vt 0.545420 0.733760
vt 0.514490 0.697270
vt 0.633380 0.622090
vt 0.632020 0.637640
vt 0.620630 0.634430
vt 0.333650 0.628820
vt 0.445620 0.588670
vt 0.370960 0.573030
vt 0.662620 0.582250
vt 0.669870 0.597390
vt 0.669560 0.629170
vt 0.770530 0.257240
vt 0.749080 0.259720
vt 0.747050 0.240430
vt 0.136180 0.422800
vt 0.125210 0.427920
vt 0.116420 0.401340
vt 0.451060 0.901670
vt 0.678840 0.288500
vt 0.666340 0.309940
vt 0.652770 0.301130
vt 0.985620 0.561740
vt 0.981940 0.580310
vt 0.966410 0.565360
vt 0.650500 0.600950
vt 0.637560 0.341270
vt 0.644170 0.314740
vt 0.658560 0.316930
vt 0.414490 0.813430
vt 0.405310 0.809580
vt 0.607750 0.626620
vt 0.616740 0.629440
vt 0.616040 0.637250
vt 0.590400 0.696350
vt 0.632890 0.407210
vt 0.629110 0.384700
vt 0.747640 0.556610
vt 0.749450 0.561410
vt 0.729250 0.573670
vt 0.546130 0.280100
vt 0.892410 0.462510
vt 0.889220 0.441380
vt 0.898650 0.459530
vt 0.457050 0.679710
vt 0.450030 0.687800
vt 0.450970 0.675240
vt 0.886650 0.592770
vt 0.889450 0.568350
vt 0.640160 0.386610
vt 0.520120 0.406970
vt 0.575610 0.587330
vt 0.563900 0.594490
vt 0.567430 0.579910
vt 0.678590 0.500880
vt 0.694950 0.525760
vt 0.681050 0.529740
vt 0.762470 0.544490
vt 0.792520 0.535230
vt 0.774430 0.545480
vt 0.169790 0.498780
vt 0.163620 0.483710
vt 0.175270 0.461350
vt 0.835520 0.548510
vt 0.838390 0.564090
vt 0.827560 0.563410
vt 0.769060 0.616330
vt 0.780170 0.632280
vt 0.450990 0.650500
vt 0.422940 0.634700
vt 0.449240 0.643560
vt 0.649870 0.353550
vt 0.649790 0.340910
vt 0.661760 0.324210
vt 0.440120 0.754130
vt 0.426790 0.752870
vt 0.428310 0.744830
vt 0.774920 0.273170
vt 0.785710 0.271230
vt 0.780810 0.287340
vt 0.615120 0.360560
vt 0.620730 0.389350
vt 0.612390 0.363410
vt 0.655550 0.736630
vt 0.668960 0.740040
vt 0.647240 0.747860
vt 0.410990 0.614130
vt 0.399360 0.623380
vt 0.397950 0.615480
vt 0.253070 0.196280
vt 0.263040 0.213140
vt 0.773940 0.361280
vt 0.416020 0.827080
vt 0.424910 0.809510
vt 0.438060 0.808960
vt 0.723490 0.725460
vt 0.698680 0.728080
vt 0.717240 0.704010
vt 0.069950 0.072380
vt 0.079030 0.059840
vt 0.080950 0.067540
vt 0.585540 0.867230
vt 0.691970 0.315280
vt 0.716120 0.305900
vt 0.726500 0.319790
vt 0.646230 0.676580
vt 0.662950 0.678180
vt 0.334570 0.741700
vt 0.331760 0.719640
vt 0.346240 0.729520
vt 0.667930 0.551650
vt 0.664380 0.519430
vt 0.671610 0.547850
vt 0.369700 0.478350
vt 0.352250 0.484550
vt 0.354080 0.464330
vt 0.043340 0.079780
vt 0.035910 0.101470
vt 0.756670 0.281520
vt 0.755080 0.267650
vt 0.581430 0.631420
vt 0.576690 0.643270
vt 0.149340 0.457590
vt 0.125980 0.435160
vt 0.142540 0.435880
vt 0.446420 0.708310
vt 0.454940 0.724640
vt 0.449640 0.722750
vt 0.153170 0.447620
vt 0.153030 0.421470
vt 0.161350 0.446080
vt 0.697320 0.566280
vt 0.608720 0.383570
vt 0.598120 0.368030
vt 0.606700 0.366660
vt 0.347710 0.290160
vt 0.346510 0.302060
vt 0.397150 0.607740
vt 0.402900 0.609750
vt 0.672520 0.502630
vt 0.669820 0.516500
vt 0.657350 0.501960
vt 0.742960 0.324990
vt 0.762900 0.309780
vt 0.763300 0.327010
vt 0.774340 0.323540
vt 0.268610 0.147640
vt 0.288480 0.168740
vt 0.274030 0.168000
vt 0.721050 0.437620
vt 0.731840 0.441180
vt 0.726560 0.458020
vt 0.434960 0.706060
vt 0.428070 0.704020
vt 0.307290 0.514320
vt 0.304280 0.490620
vt 0.448300 0.512840
vt 0.717430 0.490740
vt 0.730180 0.503380
vt 0.716700 0.520270
vt 0.618890 0.463000
vt 0.608980 0.478350
vt 0.605660 0.464780
vt 0.638390 0.506390
vt 0.621730 0.511120
vt 0.627150 0.497100
vt 0.569270 0.464070
vt 0.591390 0.482150
vt 0.677470 0.378050
vt 0.669190 0.353950
vt 0.685560 0.368500
vt 0.331870 0.287580
vt 0.623070 0.419880
vt 0.623150 0.445100
vt 0.617720 0.423720
vt 0.398830 0.714070
vt 0.409160 0.718680
vt 0.393870 0.718190
vt 0.163010 0.415560
vt 0.181290 0.420550
vt 0.167040 0.429270
vt 0.462430 0.481440
vt 0.451670 0.479740
vt 0.792340 0.301310
vt 0.825310 0.320180
vt 0.800730 0.325950
vt 0.417620 0.692040
vt 0.536030 0.452500
vt 0.490030 0.464350
vt 0.492910 0.478010
vt 0.456600 0.801860
vt 0.458330 0.787880
vt 0.472950 0.796800
vt 0.724890 0.372080
vt 0.711180 0.351800
vt 0.752680 0.335580
vt 0.469620 0.350080
vt 0.475260 0.360590
vt 0.603050 0.817470
vt 0.688520 0.494510
vt 0.681340 0.483950
vt 0.699890 0.479980
vt 0.500430 0.209440
vt 0.499310 0.188880
vt 0.513820 0.226180
vt 0.602870 0.510380
vt 0.612820 0.531640
vt 0.620230 0.560350
vt 0.632190 0.430260
vt 0.643060 0.451840
vt 0.629790 0.451900
vt 0.346210 0.814250
vt 0.376590 0.859610
vt 0.326480 0.318540
vt 0.317410 0.322020
vt 0.194180 0.513350
vt 0.191810 0.456460
vt 0.198610 0.482060
vt 0.615120 0.492910
vt 0.620510 0.480020
vt 0.464150 0.212170
vt 0.458340 0.642210
vt 0.931390 0.529710
vt 0.923750 0.518850
vt 0.934470 0.518210
vt 0.395000 0.062810
vt 0.380130 0.062140
vt 0.386780 0.050020
vt 0.602300 0.785620
vt 0.594920 0.811940
vt 0.591500 0.788590
vt 0.429590 0.677190
vt 0.425130 0.659580
vt 0.439850 0.669210
vt 0.097030 0.073520
vt 0.110490 0.067140
vt 0.111770 0.073890
vt 0.577990 0.486020
vt 0.564370 0.485080
vt 0.391990 0.514150
vt 0.366200 0.519560
vt 0.423250 0.748220
vt 0.419590 0.732180
vt 0.433610 0.550470
vt 0.536820 0.860590
vt 0.577930 0.839730
vt 0.584210 0.855200
vt 0.559490 0.490300
vt 0.536430 0.499850
vt 0.593760 0.717610
vt 0.595890 0.694730
vt 0.603140 0.706660
vt 0.206750 0.085400
vt 0.681420 0.434370
vt 0.667120 0.447210
vt 0.676130 0.429120
vt 0.469870 0.105910
vt 0.473560 0.100900
vt 0.373080 0.820130
vt 0.470590 0.769420
vt 0.540940 0.656290
vt 0.547900 0.655850
vt 0.470490 0.402280
vt 0.312260 0.679280
vt 0.336520 0.680290
vt 0.326430 0.691130
vt 0.323120 0.744470
vt 0.491530 0.378520
vt 0.502820 0.386200
vt 0.495990 0.392150
vt 0.812850 0.523030
vt 0.820460 0.517170
vt 0.813340 0.538080
vt 0.405460 0.738150
vt 0.413440 0.734610
vt 0.413550 0.745090
vt 0.466690 0.252480
vt 0.463560 0.259430
vt 0.449000 0.247290
vt 0.705470 0.371420
vt 0.682660 0.381420
vt 0.252300 0.648660
vt 0.230270 0.659320
vt 0.245450 0.631830
vt 0.317570 0.354110
vt 0.317600 0.371690
vt 0.307120 0.357500
vt 0.788800 0.493470
vt 0.803960 0.489480
vt 0.790980 0.505990
vt 0.591890 0.452040
vt 0.537910 0.519770
vt 0.552410 0.519750
vt 0.601400 0.572820
vt 0.595890 0.576430
vt 0.584520 0.567820
vt 0.563990 0.613370
vt 0.570310 0.597570
vt 0.239900 0.712650
vt 0.222900 0.693040
vt 0.232110 0.684180
vt 0.797830 0.405640
vt 0.821750 0.438030
vt 0.804900 0.432520
vt 0.794640 0.373710
vt 0.804030 0.359870
vt 0.811050 0.376250
vt 0.806450 0.347560
vt 0.840070 0.671640
vt 0.811690 0.680550
vt 0.832360 0.659640
vt 0.801410 0.633050
vt 0.403900 0.755650
vt 0.397730 0.779480
vt 0.396980 0.750940
vt 0.408400 0.500580
vt 0.426570 0.499510
vt 0.364600 0.575930
vt 0.368570 0.596720
vt 0.518770 0.479920
vt 0.515320 0.499610
vt 0.694880 0.449470
vt 0.684370 0.451320
vt 0.691530 0.417910
vt 0.410180 0.348570
vt 0.795820 0.436970
vt 0.778300 0.399930
vt 0.787950 0.400860
vt 0.615010 0.384450
vt 0.610650 0.366700
vt 0.441300 0.258170
vt 0.432040 0.264950
vt 0.442440 0.681800
vt 0.546670 0.376770
vt 0.529770 0.375070
vt 0.523860 0.364930
vt 0.405040 0.046500
vt 0.423470 0.049250
vt 0.410400 0.059020
vt 0.965050 0.558290
vt 0.959010 0.550450
vt 0.982460 0.555970
vt 0.413170 0.841360
vt 0.397500 0.861860
vt 0.403370 0.836700
vt 0.740410 0.414120
vt 0.743350 0.400060
vt 0.766490 0.400700
vt 0.764530 0.596650
vt 0.781400 0.304410
vt 0.707640 0.425900
vt 0.721180 0.410320
vt 0.725890 0.423700
vt 0.844310 0.369830
vt 0.860220 0.366500
vt 0.870490 0.409220
vt 0.660490 0.486020
vt 0.574740 0.752510
vt 0.549350 0.750860
vt 0.568550 0.743160
vt 0.540200 0.666860
vt 0.552290 0.670230
vt 0.908310 0.520770
vt 0.925580 0.533490
vt 0.801060 0.479240
vt 0.842280 0.500620
vt 0.829600 0.501980
vt 0.848840 0.482450
vt 0.560790 0.461670
vt 0.552900 0.453890
vt 0.563780 0.448490
vt 0.617560 0.805140
vt 0.826740 0.494840
vt 0.609450 0.427900
vt 0.596080 0.409700
vt 0.607360 0.407440
vt 0.647410 0.502180
vt 0.639790 0.480620
vt 0.650420 0.476950
vt 0.653640 0.532280
vt 0.660560 0.526540
vt 0.660180 0.548170
vt 0.926400 0.572690
vt 0.910650 0.565370
vt 0.932980 0.550730
vt 0.548890 0.428190
vt 0.557070 0.441920
vt 0.477330 0.558600
vt 0.461840 0.556060
vt 0.633850 0.722900
vt 0.615140 0.726350
vt 0.628730 0.711750
vt 0.751570 0.756150
vt 0.586430 0.780690
vt 0.455370 0.311740
vt 0.468930 0.310510
vt 0.465600 0.325300
vt 0.820310 0.700250
vt 0.688650 0.648130
vt 0.684150 0.659640
vt 0.716590 0.462550
vt 0.715390 0.445440
vt 0.241970 0.619720
vt 0.590430 0.511520
vt 0.583120 0.508480
vt 0.591080 0.494990
vt 0.678000 0.627580
vt 0.832660 0.579700
vt 0.820720 0.590350
vt 0.820150 0.572670
vt 0.741980 0.736650
vt 0.729060 0.707690
vt 0.748920 0.455770
vt 0.749580 0.428500
vt 0.763070 0.431790
vt 0.709740 0.678020
vt 0.696620 0.663010
vt 0.600150 0.391710
vt 0.700650 0.455750
vt 0.686710 0.466280
vt 0.218140 0.637180
vt 0.522180 0.747030
vt 0.503080 0.748590
vt 0.487940 0.742570
vt 0.536190 0.850450
vt 0.361990 0.135880
vt 0.356490 0.136510
vt 0.346350 0.118100
vt 0.805900 0.673120
vt 0.821970 0.661050
vt 0.439840 0.334170
vt 0.448510 0.321840
vt 0.456750 0.329170
vt 0.634900 0.580950
vt 0.623650 0.561010
vt 0.628420 0.562600
vt 0.433820 0.611740
vt 0.860130 0.485870
vt 0.855510 0.470750
vt 0.867360 0.477870
vt 0.523780 0.792200
vt 0.495980 0.802260
vt 0.697360 0.638320
vt 0.688870 0.624370
vt 0.697730 0.626980
vt 0.445680 0.522080
vt 0.430340 0.517680
vt 0.495130 0.679760
vt 0.471150 0.683010
vt 0.482880 0.671200
vt 0.267470 0.679820
vt 0.554620 0.625790
vt 0.539110 0.630270
vt 0.508790 0.506760
vt 0.170120 0.048250
vt 0.145060 0.054070
vt 0.157540 0.042260
vt 0.530640 0.624760
vt 0.532240 0.609160
vt 0.558640 0.615040
vt 0.547890 0.605090
vt 0.473020 0.315780
vt 0.476620 0.324750
vt 0.547340 0.152020
vt 0.526270 0.581400
vt 0.524140 0.586400
vt 0.520760 0.570800
vt 0.553520 0.653810
vt 0.572000 0.663400
vt 0.561470 0.666870
vt 0.259990 0.169740
vt 0.246330 0.171260
vt 0.314560 0.143600
vt 0.216780 0.514770
vt 0.232580 0.517050
vt 0.144840 0.024270
vt 0.120570 0.034460
vt 0.125350 0.020790
vt 0.241520 0.294300
vt 0.233440 0.286500
vt 0.247550 0.291820
vt 0.294120 0.250600
vt 0.266340 0.184260
vt 0.279240 0.188220
vt 0.301750 0.335250
vt 0.299670 0.359010
vt 0.303020 0.371870
vt 0.295060 0.364540
vt 0.268050 0.398310
vt 0.269660 0.381410
vt 0.278410 0.400670
vt 0.200070 0.337420
vt 0.212160 0.331630
vt 0.325850 0.343870
vt 0.326150 0.349370
vt 0.316480 0.347690
vt 0.324910 0.367710
vt 0.327320 0.353640
vt 0.408730 0.187890
vt 0.399400 0.177140
vt 0.423740 0.174800
vt 0.326140 0.379560
vt 0.323140 0.392650
vt 0.355670 0.328990
vt 0.307050 0.390490
vt 0.307280 0.378660
vt 0.281930 0.374010
vt 0.298650 0.374210
vt 0.319670 0.448010
vt 0.329340 0.460660
vt 0.322160 0.474080
vt 0.331030 0.441890
vt 0.319850 0.440890
vt 0.325810 0.435790
vt 0.302070 0.293030
vt 0.308410 0.294740
vt 0.369150 0.264030
vt 0.350320 0.271610
vt 0.351250 0.255730
vt 0.422460 0.354360
vt 0.237990 0.268960
vt 0.160320 0.082470
vt 0.174030 0.074020
vt 0.185920 0.079910
vt 0.425760 0.550630
vt 0.407480 0.559310
vt 0.433900 0.371960
vt 0.215130 0.119280
vt 0.231750 0.143790
vt 0.225120 0.151190
vt 0.485420 0.533220
vt 0.413160 0.666410
vt 0.416660 0.677900
vt 0.403480 0.660960
vt 0.096430 0.095860
vt 0.106030 0.091270
vt 0.441310 0.178410
vt 0.464160 0.175820
vt 0.450040 0.188700
vt 0.101770 0.064280
vt 0.087760 0.073000
vt 0.090970 0.058090
vt 0.292340 0.228890
vt 0.285830 0.240940
vt 0.283190 0.218170
vt 0.321540 0.222800
vt 0.332310 0.230900
vt 0.312780 0.231610
vt 0.376700 0.425970
vt 0.387580 0.396010
vt 0.396770 0.415360
vt 0.441040 0.650780
vt 0.418970 0.642460
vt 0.406810 0.458150
vt 0.392380 0.461170
vt 0.483160 0.726750
vt 0.477870 0.718370
vt 0.487800 0.715060
vt 0.380410 0.274070
vt 0.375180 0.266470
vt 0.420210 0.257840
vt 0.395100 0.277250
vt 0.450810 0.076730
vt 0.452280 0.087000
vt 0.456460 0.240470
vt 0.453030 0.230810
vt 0.463930 0.235260
vt 0.404790 0.206890
vt 0.402730 0.213720
vt 0.390430 0.203430
vt 0.339070 0.098620
vt 0.314740 0.096020
vt 0.327490 0.121890
vt 0.326290 0.111370
vt 0.341090 0.114790
vt 0.354090 0.097830
vt 0.366990 0.114500
vt 0.169890 0.082380
vt 0.161020 0.089380
vt 0.198150 0.105950
vt 0.182540 0.102350
vt 0.155710 0.100340
vt 0.145370 0.109100
vt 0.804130 0.583410
vt 0.786000 0.562280
vt 0.778420 0.556050
vt 0.797960 0.554770
vt 0.726140 0.582650
vt 0.695000 0.591030
vt 0.696760 0.601630
vt 0.492370 0.568770
vt 0.496170 0.582320
vt 0.473290 0.565720
vt 0.459940 0.559520
vt 0.738800 0.649310
vt 0.801890 0.509630
vt 0.799370 0.529780
vt 0.792700 0.513110
vt 0.781880 0.522020
vt 0.790780 0.526920
vt 0.776360 0.531890
vt 0.685530 0.629840
vt 0.734120 0.701910
vt 0.721000 0.686050
vt 0.728580 0.684160
vt 0.744570 0.364010
vt 0.706600 0.410820
vt 0.522140 0.599770
vt 0.508250 0.602190
vt 0.542910 0.584720
vt 0.535280 0.585960
vt 0.814330 0.616020
vt 0.854130 0.602430
vt 0.715710 0.527530
vt 0.732050 0.533680
vt 0.718590 0.540790
vt 0.704960 0.537060
vt 0.703550 0.549550
vt 0.798020 0.577050
vt 0.790600 0.569070
vt 0.811640 0.568370
vt 0.774360 0.578950
vt 0.768820 0.413550
vt 0.778390 0.418730
vt 0.485860 0.561040
vt 0.603230 0.854700
vt 0.633850 0.835090
vt 0.643810 0.838390
vt 0.683840 0.810870
vt 0.653410 0.824410
vt 0.872190 0.662980
vt 0.859180 0.664240
vt 0.875870 0.648180
vt 0.856200 0.661130
vt 0.850510 0.647910
vt 0.880210 0.641840
vt 0.766230 0.683320
vt 0.812810 0.652780
vt 0.841220 0.646680
vt 0.812150 0.642810
vt 0.823020 0.624390
vt 0.551960 0.866910
vt 0.758930 0.728470
vt 0.748580 0.715450
vt 0.776140 0.719220
vt 0.928880 0.631430
vt 0.912250 0.620890
vt 0.933080 0.613770
vt 0.698470 0.583080
vt 0.675640 0.553290
vt 0.680720 0.568350
vt 0.673410 0.567980
vt 0.766780 0.718050
vt 0.762220 0.708940
vt 0.763760 0.723190
vt 0.755980 0.716760
vt 0.735380 0.473870
vt 0.742430 0.462550
vt 0.741230 0.493310
vt 0.817010 0.726460
vt 0.800340 0.743040
vt 0.803170 0.558380
vt 0.705770 0.748420
vt 0.708470 0.780830
vt 0.697240 0.777050
vt 0.705190 0.795180
vt 0.762210 0.653460
vt 0.818100 0.564360
vt 0.563850 0.503760
vt 0.560980 0.514230
vt 0.546840 0.506960
vt 0.583590 0.524600
vt 0.580260 0.516190
vt 0.720750 0.481530
vt 0.729330 0.481740
vt 0.731110 0.492640
vt 0.578120 0.533490
vt 0.596700 0.551940
vt 0.763930 0.447330
vt 0.570090 0.568350
vt 0.572900 0.571770
vt 0.581320 0.572310
vt 0.880670 0.633280
vt 0.905730 0.619320
vt 0.914040 0.595550
vt 0.682560 0.602670
vt 0.706910 0.617430
vt 0.692680 0.618150
vt 0.701330 0.609740
vt 0.674000 0.582120
vt 0.681580 0.576540
vt 0.684550 0.583820
vt 0.670000 0.578640
vt 0.528810 0.602410
vt 0.528320 0.609020
vt 0.517420 0.557150
vt 0.533440 0.578610
vt 0.528800 0.566660
vt 0.709620 0.518520
vt 0.702710 0.505160
vt 0.685730 0.498150
vt 0.695620 0.507170
vt 0.594280 0.830280
vt 0.606440 0.846400
vt 0.585210 0.822170
vt 0.323460 0.263370
vt 0.309790 0.284710
vt 0.300580 0.288020
vt 0.311910 0.273970
vt 0.201900 0.613370
vt 0.190070 0.574240
vt 0.350340 0.744150
vt 0.350670 0.656640
vt 0.368950 0.693400
vt 0.651650 0.543370
vt 0.637570 0.571310
vt 0.638210 0.547360
vt 0.649960 0.564120
vt 0.577020 0.493350
vt 0.572250 0.508480
vt 0.269300 0.310070
vt 0.251220 0.287780
vt 0.273370 0.303510
vt 0.277710 0.311350
vt 0.278020 0.224060
vt 0.275780 0.203000
vt 0.637810 0.521600
vt 0.636070 0.513490
vt 0.618810 0.537420
vt 0.626750 0.531250
vt 0.249260 0.620770
vt 0.251530 0.596490
vt 0.229640 0.586520
vt 0.239870 0.571830
vt 0.219780 0.532400
vt 0.238110 0.547050
vt 0.309130 0.544490
vt 0.319970 0.565610
vt 0.309270 0.570530
vt 0.307840 0.596980
vt 0.286470 0.602320
vt 0.331580 0.605540
vt 0.343530 0.635040
vt 0.319040 0.594440
vt 0.317090 0.605820
vt 0.311170 0.702820
vt 0.298740 0.703450
vt 0.323900 0.716310
vt 0.642310 0.621970
vt 0.654020 0.619750
vt 0.658440 0.639540
vt 0.631770 0.610980
vt 0.339260 0.815040
vt 0.337070 0.837960
vt 0.331610 0.763020
vt 0.337010 0.792400
vt 0.323980 0.761910
vt 0.339510 0.783270
vt 0.306710 0.797370
vt 0.316870 0.777890
vt 0.328530 0.785060
vt 0.448920 0.554300
vt 0.453800 0.559780
vt 0.449460 0.560850
vt 0.457460 0.565760
vt 0.284330 0.642670
vt 0.270160 0.618360
vt 0.259650 0.592140
vt 0.259990 0.576100
vt 0.611410 0.511470
vt 0.615330 0.573730
vt 0.611150 0.556430
vt 0.639610 0.601850
vt 0.635480 0.606350
vt 0.633930 0.595780
vt 0.289030 0.669600
vt 0.263950 0.657160
vt 0.287610 0.658790
vt 0.512180 0.633090
vt 0.493160 0.631780
vt 0.536520 0.644430
vt 0.527080 0.637080
vt 0.526910 0.623770
vt 0.522760 0.628070
vt 0.506770 0.556450
vt 0.518140 0.563270
vt 0.235620 0.676910
vt 0.254920 0.663080
vt 0.267060 0.670280
vt 0.892560 0.635850
vt 0.893520 0.629160
vt 0.500530 0.573120
vt 0.507320 0.593360
vt 0.517440 0.582720
vt 0.511010 0.581250
vt 0.893870 0.654530
vt 0.861650 0.685890
vt 0.862690 0.678750
vt 0.868510 0.600650
vt 0.893200 0.619360
vt 0.868570 0.609980
vt 0.712960 0.601770
vt 0.607280 0.590790
vt 0.349000 0.696830
vt 0.355050 0.686900
vt 0.364270 0.698050
vt 0.625820 0.546520
vt 0.618770 0.520420
vt 0.616580 0.507630
vt 0.308400 0.249740
vt 0.300720 0.235120
vt 0.312560 0.220030
vt 0.303310 0.671810
vt 0.836240 0.719560
vt 0.556340 0.216710
vt 0.572380 0.253470
vt 0.545380 0.327670
vt 0.560730 0.354880
vt 0.564940 0.277280
vt 0.570460 0.309470
vt 0.557350 0.282040
vt 0.554140 0.266380
vt 0.564380 0.254620
vt 0.579950 0.333150
vt 0.583850 0.336010
vt 0.588750 0.353100
vt 0.572770 0.339600
vt 0.555830 0.238090
vt 0.552700 0.252950
vt 0.561060 0.306920
vt 0.571840 0.321050
vt 0.580970 0.342910
vt 0.591060 0.366370
vt 0.597550 0.345170
vt 0.555650 0.296660
vt 0.518290 0.514100
vt 0.525000 0.519320
vt 0.541310 0.513670
vt 0.188000 0.319090
vt 0.201420 0.318900
vt 0.233140 0.319420
vt 0.219160 0.301050
vt 0.221300 0.314950
vt 0.207030 0.306350
vt 0.279500 0.155030
vt 0.287740 0.152150
vt 0.263950 0.118210
vt 0.241420 0.183230
vt 0.485500 0.401530
vt 0.134340 0.119870
vt 0.132860 0.097570
vt 0.135010 0.111340
vt 0.226970 0.222410
vt 0.223350 0.191950
vt 0.544050 0.561100
vt 0.553230 0.559160
vt 0.566180 0.571230
vt 0.553970 0.576410
vt 0.648570 0.647320
vt 0.655080 0.665290
vt 0.675120 0.677130
vt 0.666670 0.655110
vt 0.701710 0.531090
vt 0.198570 0.114630
vt 0.201640 0.120690
vt 0.248190 0.268470
vt 0.886280 0.625540
vt 0.476280 0.488320
vt 0.484730 0.471870
vt 0.485750 0.487080
vt 0.456200 0.506050
vt 0.471170 0.496880
vt 0.619070 0.585340
vt 0.781360 0.384140
vt 0.765060 0.388440
vt 0.749350 0.381870
vt 0.791630 0.460080
vt 0.735990 0.395560
vt 0.720110 0.382340
vt 0.787060 0.374910
vt 0.779640 0.360610
vt 0.796540 0.347870
vt 0.732570 0.405050
vt 0.738760 0.425010
vt 0.749050 0.415650
vt 0.530700 0.837940
vt 0.552670 0.835180
vt 0.525470 0.845210
vt 0.464040 0.827320
vt 0.478810 0.831630
vt 0.617670 0.784150
vt 0.610310 0.792960
vt 0.808260 0.518440
vt 0.810640 0.506190
vt 0.820640 0.513510
vt 0.815130 0.497260
vt 0.806770 0.501050
vt 0.806010 0.553810
vt 0.814810 0.548540
vt 0.807410 0.543680
vt 0.797310 0.506530
vt 0.750920 0.544030
vt 0.760780 0.528000
vt 0.765880 0.531990
vt 0.833060 0.523150
vt 0.819580 0.538500
vt 0.838080 0.517290
vt 0.830560 0.510720
vt 0.851510 0.512860
vt 0.857380 0.520660
vt 0.843680 0.520040
vt 0.857780 0.500430
vt 0.863550 0.501120
vt 0.867170 0.518970
vt 0.847150 0.568630
vt 0.867430 0.583490
vt 0.852550 0.576030
vt 0.838000 0.571940
vt 0.844870 0.475680
vt 0.833090 0.485290
vt 0.840360 0.433940
vt 0.884730 0.581090
vt 0.829280 0.535740
vt 0.839710 0.527160
vt 0.845960 0.530660
vt 0.819160 0.503180
vt 0.840280 0.579060
vt 0.821210 0.544020
vt 0.825890 0.554810
vt 0.619000 0.705040
vt 0.597840 0.735060
vt 0.609660 0.708260
vt 0.602050 0.690070
vt 0.617400 0.678110
vt 0.612800 0.692670
vt 0.633060 0.664920
vt 0.625360 0.675830
vt 0.618630 0.691540
vt 0.441640 0.744770
vt 0.449290 0.751680
vt 0.444520 0.771210
vt 0.566950 0.783620
vt 0.549530 0.781210
vt 0.569480 0.775440
vt 0.568200 0.794800
vt 0.561100 0.791190
vt 0.579720 0.784370
vt 0.577420 0.748470
vt 0.578300 0.735390
vt 0.601240 0.718480
vt 0.550160 0.745480
vt 0.535510 0.757120
vt 0.514550 0.758550
vt 0.486820 0.767710
vt 0.478290 0.752000
vt 0.545870 0.719840
vt 0.547000 0.728180
vt 0.532860 0.723660
vt 0.496010 0.787600
vt 0.522460 0.783250
vt 0.500320 0.797290
vt 0.569980 0.770800
vt 0.542850 0.778110
vt 0.572480 0.370530
vt 0.458130 0.688800
vt 0.476170 0.689070
vt 0.480620 0.712750
vt 0.466950 0.697360
vt 0.420900 0.712330
vt 0.424900 0.726040
vt 0.618280 0.436740
vt 0.646130 0.365940
vt 0.635990 0.351920
vt 0.658080 0.354180
vt 0.664370 0.378650
vt 0.677330 0.399620
vt 0.661640 0.402630
vt 0.665490 0.388220
vt 0.660420 0.418930
vt 0.660230 0.449130
vt 0.651790 0.398140
vt 0.467370 0.722960
vt 0.456190 0.712030
vt 0.469750 0.715350
vt 0.463680 0.739580
vt 0.474290 0.734940
vt 0.471140 0.751330
vt 0.887700 0.471230
vt 0.896390 0.477470
vt 0.879330 0.479220
vt 0.905360 0.478870
vt 0.898600 0.469860
vt 0.702600 0.400410
vt 0.723370 0.400930
vt 0.697020 0.386200
vt 0.298030 0.157900
vt 0.293530 0.181780
vt 0.286800 0.196430
vt 0.640340 0.464440
vt 0.634030 0.459420
vt 0.648790 0.459570
vt 0.645960 0.445730
vt 0.145360 0.067230
vt 0.139660 0.059770
vt 0.168820 0.059880
vt 0.190860 0.044300
vt 0.195960 0.055000
vt 0.245230 0.709790
vt 0.244580 0.690140
vt 0.255810 0.709860
vt 0.291180 0.758710
vt 0.259500 0.733110
vt 0.273430 0.725910
vt 0.448450 0.737570
vt 0.434520 0.738820
vt 0.436410 0.726330
vt 0.269660 0.760570
vt 0.321520 0.799230
vt 0.311410 0.812020
vt 0.307740 0.803930
vt 0.723300 0.336930
vt 0.704780 0.336940
vt 0.675290 0.314800
vt 0.199750 0.545280
vt 0.211120 0.543770
vt 0.232020 0.562920
vt 0.180580 0.483070
vt 0.181770 0.515450
vt 0.664200 0.473590
vt 0.655400 0.480940
vt 0.660960 0.459910
vt 0.673950 0.344100
vt 0.698900 0.353520
vt 0.632310 0.486960
vt 0.629950 0.474350
vt 0.599280 0.376590
vt 0.607860 0.396110
vt 0.613330 0.424130
vt 0.284110 0.806270
vt 0.300780 0.815520
vt 0.286090 0.815260
vt 0.292750 0.800830
vt 0.675690 0.486170
vt 0.669080 0.481020
vt 0.678000 0.531480
vt 0.664120 0.437560
vt 0.207500 0.664910
vt 0.886550 0.428370
vt 0.872090 0.385610
vt 0.889350 0.420830
vt 0.250560 0.542580
vt 0.247130 0.516050
vt 0.281630 0.524160
vt 0.254900 0.530860
vt 0.903960 0.465700
vt 0.254350 0.718060
vt 0.647870 0.519400
vt 0.658510 0.517700
vt 0.614360 0.410730
vt 0.619410 0.402810
vt 0.653510 0.489580
vt 0.571160 0.298560
vt 0.276560 0.714230
vt 0.302580 0.712450
vt 0.321450 0.707460
vt 0.448210 0.663180
vt 0.431790 0.651680
vt 0.691850 0.405320
vt 0.459430 0.725730
vt 0.457750 0.718070
vt 0.214210 0.110080
vt 0.205610 0.120220
vt 0.207020 0.107280
vt 0.216660 0.090630
vt 0.216470 0.102370
vt 0.496590 0.213820
vt 0.503000 0.226110
vt 0.506720 0.245800
vt 0.493280 0.303340
vt 0.508030 0.306360
vt 0.513370 0.290450
vt 0.507530 0.297530
vt 0.502580 0.287240
vt 0.504010 0.264800
vt 0.435380 0.309880
vt 0.421790 0.312930
vt 0.432470 0.297180
vt 0.441170 0.296410
vt 0.435240 0.276180
vt 0.440460 0.209860
vt 0.454360 0.210340
vt 0.452780 0.220270
vt 0.438400 0.190850
vt 0.425480 0.201310
vt 0.424390 0.189310
vt 0.441870 0.326420
vt 0.447040 0.316110
vt 0.467830 0.296540
vt 0.458140 0.304070
vt 0.464980 0.288770
vt 0.480370 0.275540
vt 0.465360 0.243500
vt 0.474470 0.242510
vt 0.393140 0.234160
vt 0.377570 0.254960
vt 0.374090 0.240660
vt 0.363100 0.247830
vt 0.367160 0.255290
vt 0.425330 0.211780
vt 0.415650 0.195680
vt 0.442570 0.276900
vt 0.438240 0.271470
vt 0.865230 0.489570
vt 0.903100 0.482650
vt 0.879920 0.487310
vt 0.963910 0.605440
vt 0.951620 0.612910
vt 0.961150 0.599100
vt 0.943720 0.619210
vt 0.940180 0.539940
vt 0.938300 0.564620
vt 0.945170 0.580740
vt 0.893860 0.548900
vt 0.882400 0.599990
vt 0.907790 0.552010
vt 0.628450 0.319580
vt 0.620000 0.323030
vt 0.617020 0.300640
vt 0.626640 0.302420
vt 0.329760 0.238550
vt 0.347920 0.248410
vt 0.649850 0.295470
vt 0.634700 0.278760
vt 0.649280 0.281460
vt 0.696220 0.264080
vt 0.675640 0.245800
vt 0.323600 0.214960
vt 0.331250 0.224350
vt 0.316190 0.203480
vt 0.574860 0.404420
vt 0.580130 0.399880
vt 0.584200 0.423440
vt 0.584720 0.434510
vt 0.597300 0.437050
vt 0.583760 0.172090
vt 0.592790 0.153270
vt 0.594910 0.172710
vt 0.603930 0.132800
vt 0.613840 0.158800
vt 0.600930 0.173970
vt 0.356920 0.639880
vt 0.341690 0.609460
vt 0.365850 0.666640
vt 0.371330 0.686960
vt 0.550100 0.390000
vt 0.556170 0.388830
vt 0.563320 0.406520
vt 0.552300 0.401920
vt 0.536240 0.390670
vt 0.412310 0.819890
vt 0.403780 0.817440
vt 0.384210 0.857380
vt 0.385530 0.840780
vt 0.395200 0.839770
vt 0.476210 0.656860
vt 0.482650 0.662790
vt 0.496080 0.655930
vt 0.496870 0.648700
vt 0.523190 0.653410
vt 0.688810 0.694170
vt 0.688430 0.672440
vt 0.063130 0.115860
vt 0.046560 0.113720
vt 0.057060 0.105640
vt 0.049480 0.123050
vt 0.062510 0.125960
vt 0.027310 0.170380
vt 0.041300 0.178900
vt 0.034380 0.193390
vt 0.053410 0.205130
vt 0.069530 0.232790
vt 0.057800 0.240940
vt 0.054980 0.221060
vt 0.049030 0.203190
vt 0.040690 0.213600
vt 0.047480 0.263290
vt 0.046660 0.230750
vt 0.317650 0.172950
vt 0.331190 0.169460
vt 0.313410 0.120160
vt 0.323760 0.130140
vt 0.321260 0.141030
vt 0.339750 0.155320
vt 0.336590 0.165130
vt 0.331950 0.136570
vt 0.352750 0.148290
vt 0.366200 0.152200
vt 0.360720 0.165690
vt 0.049940 0.153030
vt 0.025470 0.144660
vt 0.033940 0.132050
vt 0.032000 0.111830
vt 0.038700 0.116590
vt 0.021090 0.128320
vt 0.383840 0.828420
vt 0.395060 0.817020
vt 0.393860 0.829810
vt 0.135190 0.144000
vt 0.124730 0.141420
vt 0.134390 0.149560
vt 0.131990 0.167020
vt 0.378510 0.105110
vt 0.371730 0.094300
vt 0.386470 0.095780
vt 0.410970 0.118100
vt 0.393030 0.124020
vt 0.856470 0.404390
vt 0.823630 0.344340
vt 0.444140 0.099660
vt 0.452950 0.106260
vt 0.435510 0.112650
vt 0.465430 0.095770
vt 0.584910 0.626290
vt 0.579800 0.622030
vt 0.593010 0.621110
vt 0.595400 0.629340
vt 0.599370 0.622200
vt 0.600710 0.629410
vt 0.550580 0.635360
vt 0.566930 0.623420
vt 0.549110 0.643440
vt 0.783390 0.332260
vt 0.783610 0.317300
vt 0.782010 0.342770
vt 0.397730 0.184900
vt 0.405480 0.193080
vt 0.385830 0.192640
vt 0.361250 0.186670
vt 0.372320 0.182110
vt 0.639540 0.370990
vt 0.632910 0.367340
vt 0.611740 0.320040
vt 0.623580 0.353410
vt 0.408510 0.652930
vt 0.409330 0.605780
vt 0.401040 0.602820
vt 0.424710 0.597340
vt 0.417240 0.606300
vt 0.413590 0.596150
vt 0.443010 0.626240
vt 0.441770 0.632860
vt 0.460050 0.636270
vt 0.456960 0.627720
vt 0.472880 0.631070
vt 0.589400 0.746080
vt 0.385630 0.719170
vt 0.371310 0.711010
vt 0.375110 0.704750
vt 0.600900 0.862580
vt 0.482020 0.505220
vt 0.500070 0.502930
vt 0.522550 0.304420
vt 0.539830 0.318250
vt 0.533530 0.324530
vt 0.557930 0.356900
vt 0.542690 0.335930
vt 0.592740 0.683930
vt 0.581600 0.690060
vt 0.571550 0.684780
vt 0.558130 0.705710
vt 0.555850 0.683470
vt 0.569090 0.690810
vt 0.336000 0.482040
vt 0.327960 0.477720
vt 0.333810 0.500320
vt 0.327380 0.519550
vt 0.392640 0.666330
vt 0.407050 0.677210
vt 0.592590 0.654650
vt 0.590420 0.646560
vt 0.586180 0.633820
vt 0.601400 0.643150
vt 0.109160 0.024390
vt 0.088080 0.029270
vt 0.086860 0.015180
vt 0.065420 0.016920
vt 0.091260 0.005640
vt 0.116320 0.073510
vt 0.128870 0.054970
vt 0.527010 0.469680
vt 0.216200 0.448900
vt 0.223190 0.417780
vt 0.231450 0.437120
vt 0.196080 0.449810
vt 0.204030 0.431680
vt 0.188160 0.440680
vt 0.196510 0.427070
vt 0.185240 0.484240
vt 0.427720 0.404130
vt 0.441370 0.399320
vt 0.438840 0.416510
vt 0.426630 0.427630
vt 0.421940 0.456740
vt 0.413830 0.433420
vt 0.402440 0.788880
vt 0.409080 0.769760
vt 0.414140 0.774350
vt 0.421560 0.766510
vt 0.441720 0.345840
vt 0.448570 0.344470
vt 0.460680 0.353030
vt 0.503940 0.687360
vt 0.504900 0.677090
vt 0.519150 0.678120
vt 0.674620 0.722310
vt 0.692750 0.731400
vt 0.681480 0.737420
vt 0.686420 0.759210
vt 0.698340 0.744280
vt 0.168710 0.322690
vt 0.156500 0.362360
vt 0.169310 0.338120
vt 0.482850 0.182960
vt 0.477940 0.193800
vt 0.461160 0.191880
vt 0.488450 0.183820
vt 0.482910 0.198280
vt 0.478470 0.141980
vt 0.483100 0.132070
vt 0.473530 0.130310
vt 0.203050 0.048670
vt 0.212330 0.040590
vt 0.307880 0.071620
vt 0.311610 0.466280
vt 0.293720 0.418170
vt 0.300390 0.422140
vt 0.297880 0.452480
vt 0.434100 0.845060
vt 0.413960 0.855860
vt 0.432460 0.839530
vt 0.748060 0.311620
vt 0.774860 0.286190
vt 0.773870 0.307390
vt 0.763330 0.299710
vt 0.772810 0.293550
vt 0.412080 0.533160
vt 0.431340 0.532970
vt 0.414560 0.549450
vt 0.339170 0.380700
vt 0.340520 0.397990
vt 0.330330 0.397230
vt 0.358080 0.374950
vt 0.349610 0.395740
vt 0.379050 0.390960
vt 0.361530 0.397870
vt 0.362010 0.392420
vt 0.384590 0.384420
vt 0.506260 0.329030
vt 0.516890 0.341380
vt 0.510250 0.343910
vt 0.494450 0.370300
vt 0.505850 0.355930
vt 0.516180 0.353670
vt 0.511000 0.351910
vt 0.519530 0.346970
vt 0.539770 0.366460
vt 0.522200 0.353030
vt 0.536540 0.042280
vt 0.540630 0.057680
vt 0.545530 0.110480
vt 0.561060 0.144630
vt 0.544820 0.042060
vt 0.338930 0.337190
vt 0.343530 0.344420
vt 0.332930 0.364080
vt 0.347980 0.346020
vt 0.389700 0.872390
vt 0.380610 0.879410
vt 0.391100 0.858530
vt 0.135820 0.125390
vt 0.144350 0.121230
vt 0.142790 0.126410
vt 0.144880 0.138500
vt 0.141160 0.130570
vt 0.652800 0.757170
vt 0.633020 0.756320
vt 0.641080 0.763130
vt 0.617870 0.776040
vt 0.411380 0.755080
vt 0.420660 0.753590
vt 0.426660 0.110150
vt 0.435680 0.090900
vt 0.407160 0.098160
vt 0.522660 0.686340
vt 0.540390 0.680900
vt 0.688580 0.204800
vt 0.689720 0.212940
vt 0.665570 0.197000
vt 0.700790 0.212250
vt 0.562300 0.232040
vt 0.603000 0.253860
vt 0.591660 0.237190
vt 0.407970 0.827310
vt 0.401170 0.830030
vt 0.421110 0.836830
vt 0.413750 0.830900
vt 0.172820 0.175070
vt 0.165080 0.162720
vt 0.187440 0.190510
vt 0.073600 0.157950
vt 0.071050 0.178180
vt 0.075560 0.198090
vt 0.074850 0.183710
vt 0.089690 0.183040
vt 0.101350 0.148300
vt 0.082990 0.168050
vt 0.188980 0.392730
vt 0.192800 0.345130
vt 0.191130 0.411190
vt 0.185540 0.410910
vt 0.182450 0.395110
vt 0.485890 0.376450
vt 0.485500 0.391010
vt 0.494580 0.410430
vt 0.564670 0.203750
vt 0.567630 0.219490
vt 0.559050 0.204590
vt 0.545970 0.172310
vt 0.552420 0.188910
vt 0.433190 0.339960
vt 0.819760 0.410470
vt 0.792690 0.392780
vt 0.624320 0.657450
vt 0.412060 0.380310
vt 0.407530 0.399230
vt 0.398110 0.397620
vt 0.431210 0.417950
vt 0.409390 0.416650
vt 0.626330 0.735020
vt 0.643170 0.741960
vt 0.624400 0.705150
vt 0.611400 0.720900
vt 0.623100 0.663040
vt 0.623450 0.669980
vt 0.565170 0.683300
vt 0.557100 0.669690
vt 0.570930 0.386620
vt 0.558960 0.366520
vt 0.546140 0.347960
vt 0.641770 0.218570
vt 0.604370 0.214650
vt 0.602710 0.195700
vt 0.063670 0.215230
vt 0.084610 0.231830
vt 0.223260 0.464710
vt 0.251190 0.444350
vt 0.274790 0.450910
vt 0.482990 0.322570
vt 0.481670 0.332790
vt 0.493030 0.328260
vt 0.458260 0.043590
vt 0.462830 0.028020
vt 0.470650 0.068960
vt 0.477770 0.072020
vt 0.426620 0.162200
vt 0.410160 0.167960
vt 0.455190 0.153220
vt 0.460060 0.143520
vt 0.509040 0.132040
vt 0.520880 0.128040
vt 0.516470 0.063930
vt 0.514340 0.083100
vt 0.499880 0.070490
vt 0.490130 0.133430
vt 0.494700 0.150070
vt 0.433400 0.170980
vt 0.431970 0.183580
vt 0.419940 0.185390
vt 0.471920 0.163600
vt 0.452310 0.539280
vt 0.469300 0.545140
vt 0.452090 0.547970
vt 0.453690 0.552420
vt 0.373730 0.154720
vt 0.379740 0.137740
vt 0.384100 0.152110
vt 0.481300 0.568270
vt 0.267960 0.360070
vt 0.272410 0.351980
vt 0.275390 0.365290
vt 0.258290 0.399550
vt 0.259360 0.376890
vt 0.267660 0.371110
vt 0.129420 0.447370
vt 0.819630 0.295260
vt 0.267470 0.332270
vt 0.267760 0.341270
vt 0.266890 0.346920
vt 0.846690 0.466540
vt 0.250080 0.391180
vt 0.242650 0.416470
vt 0.224690 0.330940
vt 0.228990 0.346400
vt 0.231560 0.310000
vt 0.254450 0.421800
vt 0.269270 0.422470
vt 0.245030 0.402950
vt 0.274050 0.336170
vt 0.265790 0.315280
vt 0.672370 0.591320
vt 0.687740 0.588460
vt 0.273700 0.346320
vt 0.279820 0.350220
vt 0.282870 0.336220
vt 0.274840 0.376100
vt 0.837600 0.392220
vt 0.337120 0.184230
vt 0.343210 0.176670
vt 0.354470 0.181700
vt 0.367370 0.175030
vt 0.447740 0.060340
vt 0.431420 0.065250
vt 0.436600 0.053850
vt 0.806050 0.456720
vt 0.811070 0.476930
vt 0.803130 0.469860
vt 0.460760 0.685280
vt 0.518460 0.271180
vt 0.509100 0.280920
vt 0.458560 0.486000
vt 0.411600 0.474730
vt 0.412730 0.487420
vt 0.068720 0.063670
vt 0.064700 0.072170
vt 0.058730 0.060580
vt 0.612700 0.667860
vt 0.595330 0.667450
vt 0.499290 0.490410
vt 0.490760 0.500970
vt 0.491030 0.489270
vt 0.535160 0.670240
vt 0.364860 0.549360
vt 0.369780 0.558970
vt 0.356200 0.552310
vt 0.374530 0.542480
vt 0.387480 0.548600
vt 0.378660 0.559980
vt 0.401480 0.559550
vt 0.404580 0.540720
vt 0.395150 0.561390
vt 0.296700 0.328890
vt 0.496790 0.267080
vt 0.506440 0.272770
vt 0.500660 0.277320
vt 0.497170 0.281460
vt 0.478290 0.281850
vt 0.492120 0.271310
vt 0.004280 0.103090
vt 0.026500 0.103890
vt 0.007630 0.111540
vt 0.393930 0.086140
vt 0.421710 0.066740
vt 0.310890 0.432530
vt 0.320060 0.408260
vt 0.323190 0.431110
vt 0.336120 0.407130
vt 0.328000 0.415960
vt 0.075440 0.298440
vt 0.060200 0.293700
vt 0.076330 0.292030
vt 0.106150 0.297070
vt 0.111750 0.283540
vt 0.122370 0.294510
vt 0.095500 0.297040
vt 0.105420 0.282640
vt 0.444650 0.252120
vt 0.426400 0.246990
vt 0.444630 0.242940
vt 0.448200 0.237450
vt 0.098300 0.328690
vt 0.148860 0.338170
vt 0.130670 0.336250
vt 0.141090 0.324480
vt 0.231480 0.278610
vt 0.261460 0.226680
vt 0.242090 0.255640
vt 0.238130 0.248550
vt 0.283830 0.209180
vt 0.292260 0.205510
vt 0.275510 0.213510
vt 0.267310 0.220280
vt 0.511690 0.277870
vt 0.525280 0.288680
vt 0.521820 0.297680
vt 0.530680 0.301920
vt 0.391770 0.629140
vt 0.398620 0.625440
vt 0.433820 0.636470
vt 0.423940 0.627940
vt 0.427550 0.474730
vt 0.365060 0.723440
vt 0.365690 0.742560
vt 0.388690 0.730520
vt 0.377910 0.739740
vt 0.380990 0.726790
vt 0.451480 0.532020
vt 0.443300 0.526930
vt 0.523490 0.648980
vt 0.527650 0.642140
vt 0.532100 0.649930
vt 0.538870 0.650910
vt 0.538200 0.657800
vt 0.592850 0.259150
vt 0.583200 0.244890
vt 0.603770 0.226640
vt 0.588440 0.228830
vt 0.521710 0.341970
vt 0.197650 0.350930
vt 0.199390 0.405900
vt 0.187610 0.426280
vt 0.726730 0.225060
vt 0.134800 0.408120
vt 0.120670 0.388420
vt 0.622860 0.361540
vt 0.226410 0.091700
vt 0.218810 0.073390
vt 0.222490 0.062870
vt 0.236820 0.081600
vt 0.341420 0.285380
vt 0.342250 0.267200
vt 0.549410 0.088220
vt 0.419810 0.209830
vt 0.152600 0.160670
vt 0.327840 0.533470
vt 0.320090 0.514720
vt 0.448060 0.387150
vt 0.440960 0.386180
vt 0.313070 0.212170
vt 0.319690 0.208680
vt 0.342170 0.420900
vt 0.344140 0.440420
vt 0.334960 0.432940
vt 0.141140 0.145290
vt 0.145790 0.160780
vt 0.138630 0.165550
vt 0.149920 0.158390
vt 0.146790 0.146700
vt 0.114480 0.047260
vt 0.113150 0.061360
vt 0.117120 0.063340
vt 0.123310 0.052060
vt 0.549210 0.702920
vt 0.555330 0.720820
vt 0.554590 0.729350
vt 0.630370 0.774540
vt 0.653350 0.763680
vt 0.672810 0.759750
vt 0.353340 0.611900
vt 0.378400 0.628350
vt 0.365100 0.633150
vt 0.490220 0.433870
vt 0.465620 0.408880
vt 0.472360 0.427110
vt 0.478280 0.441110
vt 0.469430 0.443810
vt 0.463600 0.433480
vt 0.174460 0.037730
vt 0.181060 0.021860
vt 0.172500 0.030360
vt 0.165650 0.011060
vt 0.445580 0.303030
vt 0.580350 0.671720
vt 0.572180 0.673150
vt 0.579900 0.547340
vt 0.589800 0.559890
vt 0.583450 0.540830
vt 0.591690 0.540820
vt 0.170180 0.449720
vt 0.176870 0.436350
vt 0.136060 0.207160
vt 0.135850 0.219650
vt 0.149210 0.204790
vt 0.155360 0.202490
vt 0.140210 0.252560
vt 0.143670 0.234460
vt 0.145800 0.213580
vt 0.172210 0.232560
vt 0.158760 0.104580
vt 0.149960 0.110360
vt 0.173670 0.098530
vt 0.523600 0.331770
vt 0.492870 0.523380
vt 0.490530 0.529370
vt 0.462950 0.527430
vt 0.439280 0.716930
vt 0.552220 0.416040
vt 0.557910 0.429710
vt 0.542960 0.402330
vt 0.342300 0.215930
vt 0.359600 0.220230
vt 0.366120 0.233210
vt 0.350760 0.203680
vt 0.343230 0.207580
vt 0.584710 0.490510
vt 0.384780 0.705450
vt 0.392410 0.702450
vt 0.387680 0.695920
vt 0.644770 0.691430
vt 0.658610 0.696350
vt 0.634050 0.688650
vt 0.638720 0.678770
vt 0.550850 0.552730
vt 0.560830 0.555700
vt 0.512900 0.848980
vt 0.468040 0.841550
vt 0.504230 0.842880
vt 0.516320 0.539070
vt 0.532750 0.537780
vt 0.544260 0.542360
vt 0.540350 0.552530
vt 0.547270 0.231390
vt 0.531580 0.236920
vt 0.513070 0.252980
vt 0.416380 0.237040
vt 0.343880 0.406090
vt 0.644460 0.267220
vt 0.687450 0.272350
vt 0.724350 0.267240
vt 0.718680 0.285020
vt 0.382240 0.357470
vt 0.551420 0.462560
vt 0.559200 0.466120
vt 0.563500 0.470070
vt 0.570490 0.238180
vt 0.299940 0.175010
vt 0.304150 0.165230
vt 0.317210 0.165270
vt 0.310300 0.173500
vt 0.238210 0.213190
vt 0.227630 0.243370
vt 0.169990 0.277530
vt 0.172370 0.267340
vt 0.179140 0.261240
vt 0.170150 0.303020
vt 0.137500 0.298900
vt 0.149520 0.291700
vt 0.346770 0.262600
vt 0.344310 0.252610
vt 0.341780 0.246600
vt 0.386880 0.625950
vt 0.391840 0.616590
vt 0.157220 0.403260
vt 0.147900 0.429840
vt 0.210260 0.058110
vt 0.413120 0.630430
vt 0.074610 0.081630
vt 0.079520 0.072360
vt 0.066360 0.074910
vt 0.054430 0.072100
vt 0.292020 0.241970
vt 0.380630 0.165730
vt 0.394650 0.163850
vt 0.373760 0.167440
vt 0.381830 0.175500
vt 0.281830 0.250580
vt 0.662400 0.683340
vt 0.676390 0.712030
vt 0.676890 0.689330
vt 0.662320 0.706880
vt 0.670070 0.694050
vt 0.484010 0.777190
vt 0.558410 0.121690
vt 0.550740 0.103350
vt 0.553920 0.098760
vt 0.300550 0.512820
vt 0.293650 0.494340
vt 0.287580 0.536450
vt 0.265700 0.539140
vt 0.331840 0.337260
vt 0.199140 0.100120
vt 0.433110 0.858340
vt 0.408390 0.872980
vt 0.351650 0.555910
vt 0.345770 0.559620
vt 0.350240 0.574270
vt 0.358970 0.575710
vt 0.346350 0.449130
vt 0.346910 0.468240
vt 0.335880 0.447890
vt 0.375590 0.473710
vt 0.382270 0.458840
vt 0.389910 0.481910
vt 0.111260 0.331970
vt 0.127140 0.327720
vt 0.121720 0.339530
vt 0.120080 0.313130
vt 0.124250 0.115900
vt 0.129150 0.122530
vt 0.124000 0.099710
vt 0.626780 0.340540
vt 0.631850 0.341080
vt 0.444520 0.204120
vt 0.466590 0.206000
vt 0.452610 0.202030
vt 0.461520 0.705190
vt 0.501010 0.698680
vt 0.492840 0.712020
vt 0.509600 0.201260
vt 0.448550 0.166970
vt 0.744030 0.609770
vt 0.717350 0.608420
vt 0.728030 0.601690
vt 0.717370 0.618960
vt 0.374490 0.415320
vt 0.366330 0.408480
vt 0.977480 0.590200
vt 0.982830 0.595040
vt 0.406930 0.893130
vt 0.382490 0.886000
vt 0.392770 0.878820
vt 0.450300 0.763450
vt 0.459130 0.774470
vt 0.455640 0.760900
vt 0.473130 0.778620
vt 0.309130 0.456970
vt 0.307390 0.450080
vt 0.299330 0.461630
vt 0.297140 0.479840
vt 0.287790 0.421340
vt 0.473540 0.286540
vt 0.469440 0.275860
vt 0.477040 0.291810
vt 0.583300 0.449040
vt 0.573660 0.441170
vt 0.584700 0.462070
vt 0.571850 0.458170
vt 0.186720 0.619040
vt 0.199300 0.302330
vt 0.193730 0.299380
vt 0.193420 0.321060
vt 0.193240 0.332470
vt 0.447840 0.636940
vt 0.446840 0.629960
vt 0.502750 0.423720
vt 0.484790 0.651990
vt 0.480050 0.635330
vt 0.483630 0.643510
vt 0.476620 0.086150
vt 0.495770 0.084750
vt 0.412600 0.494250
vt 0.563170 0.497350
vt 0.526690 0.506170
vt 0.534020 0.516550
vt 0.367410 0.650640
vt 0.998040 0.586090
vt 0.553510 0.370390
vt 0.565960 0.396250
vt 0.564160 0.381160
vt 0.606450 0.779020
vt 0.429360 0.766480
vt 0.437350 0.761680
vt 0.394700 0.660910
vt 0.386080 0.639340
vt 0.125160 0.001950
vt 0.146890 0.009010
vt 0.126810 0.010030
vt 0.111190 0.011170
vt 0.151120 0.361290
vt 0.472480 0.332380
vt 0.457060 0.341330
vt 0.440750 0.340380
vt 0.449570 0.254610
vt 0.452120 0.043910
vt 0.446490 0.045290
vt 0.434550 0.040210
vt 0.386550 0.298630
vt 0.393230 0.310870
vt 0.379490 0.286690
vt 0.417620 0.723180
vt 0.412310 0.726150
vt 0.402950 0.728390
vt 0.346010 0.500900
vt 0.354090 0.499520
vt 0.352920 0.515390
vt 0.343390 0.483890
vt 0.338310 0.465350
vt 0.360940 0.490640
vt 0.441140 0.687570
vt 0.527750 0.116390
vt 0.529110 0.138510
vt 0.526250 0.146770
vt 0.531580 0.103270
vt 0.541390 0.133860
vt 0.532930 0.090180
vt 0.272210 0.229450
vt 0.442780 0.612090
vt 0.446210 0.619820
vt 0.441990 0.599720
vt 0.434790 0.604300
vt 0.308950 0.312620
vt 0.165660 0.177670
vt 0.177740 0.181870
vt 0.161490 0.198490
vt 0.516850 0.038670
vt 0.496120 0.056600
vt 0.521230 0.502050
vt 0.525650 0.491570
vt 0.527450 0.384500
vt 0.489600 0.371390
vt 0.064830 0.308800
vt 0.067170 0.299780
vt 0.614240 0.168250
vt 0.311350 0.374570
vt 0.314510 0.396140
vt 0.855880 0.561820
vt 0.867240 0.574600
vt 0.618740 0.454460
vt 0.622660 0.450670
vt 0.477440 0.776030
vt 0.483970 0.792800
vt 0.141020 0.194700
vt 0.136900 0.190800
vt 0.745230 0.598410
vt 0.725190 0.615260
vt 0.755670 0.594650
vt 0.472450 0.785020
vt 0.481470 0.784710
vt 0.611700 0.308670
vt 0.489140 0.065110
vt 0.503340 0.081520
vt 0.512450 0.095420
vt 0.458040 0.094320
vt 0.149470 0.235930
vt 0.153910 0.222880
vt 0.155470 0.264650
vt 0.165560 0.266000
vt 0.950460 0.604360
vt 0.420160 0.099140
vt 0.433170 0.125380
vt 0.640880 0.471170
vt 0.628770 0.462090
vt 0.896670 0.620960
vt 0.634120 0.464640
vt 0.635080 0.471600
vt 0.268100 0.717680
vt 0.627950 0.457080
vt 0.627030 0.442430
vt 0.331950 0.708400
vt 0.108490 0.232280
vt 0.765050 0.563780
vt 0.750180 0.567070
vt 0.498400 0.126470
vt 0.497530 0.095010
vt 0.583570 0.222400
vt 0.597520 0.208780
vt 0.531630 0.160640
vt 0.596050 0.179450
vt 0.584420 0.183850
vt 0.569530 0.179230
vt 0.557090 0.187710
vt 0.562300 0.186160
vt 0.521960 0.245930
vt 0.573530 0.172360
vt 0.577190 0.186620
vt 0.849100 0.504190
vt 0.563410 0.218920
vt 0.531080 0.876960
vt 0.507200 0.872130
vt 0.878780 0.586440
vt 0.494500 0.722610
vt 0.474850 0.726460
vt 0.164720 0.300440
vt 0.165410 0.319600
vt 0.157140 0.302950
vt 0.160770 0.287470
vt 0.200990 0.233280
vt 0.208910 0.217330
vt 0.185200 0.249000
vt 0.195160 0.247330
vt 0.174020 0.255040
vt 0.580360 0.655520
vt 0.585510 0.665390
vt 0.167410 0.259880
vt 0.555470 0.648530
vt 0.602650 0.614660
vt 0.344720 0.277220
vt 0.257550 0.189190
vt 0.588750 0.550710
vt 0.585790 0.806930
vt 0.560810 0.813320
vt 0.648110 0.180640
vt 0.623940 0.164420
vt 0.634460 0.171530
vt 0.668530 0.190800
vt 0.655660 0.192140
vt 0.663480 0.186020
vt 0.092590 0.302950
vt 0.139730 0.136630
vt 0.516000 0.459390
vt 0.510560 0.443120
vt 0.508410 0.435240
vt 0.530910 0.420650
vt 0.161750 0.336660
vt 0.424740 0.510980
vt 0.181730 0.330760
vt 0.589230 0.604720
vt 0.465780 0.399330
vt 0.458720 0.385580
vt 0.479750 0.389010
vt 0.470290 0.389590
vt 0.414150 0.684120
vt 0.408460 0.689230
vt 0.426700 0.712020
vt 0.419510 0.703530
vt 0.306490 0.443110
vt 0.313330 0.441610
vt 0.051530 0.101130
vt 0.091890 0.114330
vt 0.084300 0.107050
vt 0.092340 0.108540
vt 0.712520 0.623970
vt 0.722390 0.628930
vt 0.370880 0.244720
vt 0.500700 0.306060
vt 0.183550 0.534880
vt 0.193700 0.543060
vt 0.171880 0.520590
vt 0.091520 0.172760
vt 0.461560 0.276580
vt 0.305960 0.093640
vt 0.117810 0.106670
vt 0.130900 0.113920
vt 0.098940 0.108830
vt 0.108070 0.100550
vt 0.095680 0.112820
vt 0.101260 0.112760
vt 0.105450 0.111680
vt 0.097990 0.236390
vt 0.535130 0.825280
vt 0.479790 0.838350
vt 0.504950 0.837610
vt 0.634370 0.294780
vt 0.043500 0.164430
vt 0.191700 0.036940
vt 0.193910 0.029690
vt 0.534540 0.336340
vt 0.641840 0.427330
vt 0.640380 0.441460
vt 0.632570 0.697840
vt 0.624520 0.695680
vt 0.624720 0.684030
vt 0.148360 0.074110
vt 0.156220 0.073060
vt 0.564680 0.620710
vt 0.835410 0.345970
vt 0.832100 0.319320
vt 0.850820 0.345400
vt 0.322020 0.402720
vt 0.329960 0.427940
vt 0.495650 0.224080
vt 0.502270 0.246920
vt 0.486770 0.231650
vt 0.658530 0.250560
vt 0.640980 0.238610
vt 0.635700 0.253720
vt 0.488930 0.203780
vt 0.485570 0.209470
vt 0.688070 0.744920
vt 0.667570 0.750710
vt 0.165460 0.092950
vt 0.164310 0.101430
vt 0.158300 0.092150
vt 0.518670 0.829890
vt 0.512640 0.823830
vt 0.605400 0.677980
vt 0.597570 0.680960
vt 0.196060 0.083010
vt 0.384580 0.181020
vt 0.553500 0.701040
vt 0.564470 0.719820
vt 0.564470 0.733580
vt 0.124380 0.092790
vt 0.133150 0.089910
vt 0.125900 0.081490
vt 0.365220 0.716240
vt 0.163020 0.016700
vt 0.131810 0.038160
vt 0.388980 0.811060
vt 0.399290 0.810320
vt 0.251510 0.562950
vt 0.741110 0.675160
vt 0.349410 0.091960
vt 0.453880 0.646000
vt 0.546810 0.458780
vt 0.545450 0.446830
vt 0.549100 0.452820
vt 0.730440 0.628180
vt 0.307810 0.465210
vt 0.441990 0.161360
vt 0.428630 0.152490
vt 0.463890 0.164340
vt 0.932160 0.542750
vt 0.299160 0.351380
vt 0.607550 0.636000
vt 0.358160 0.799390
vt 0.339230 0.760410
vt 0.299900 0.107410
vt 0.307450 0.110220
vt 0.289880 0.125480
vt 0.501740 0.540340
vt 0.814280 0.450620
vt 0.554040 0.680000
vt 0.331240 0.581270
vt 0.325390 0.585060
vt 0.448640 0.792180
vt 0.365250 0.624420
vt 0.359690 0.632570
vt 0.816190 0.697160
vt 0.803930 0.696250
vt 0.845170 0.680280
vt 0.713780 0.750380
vt 0.707990 0.738110
vt 0.701880 0.737440
vt 0.692780 0.725440
vt 0.426250 0.383090
vt 0.420680 0.399560
vt 0.185220 0.147000
vt 0.165020 0.151040
vt 0.200010 0.141410
vt 0.200320 0.130030
vt 0.348050 0.310540
vt 0.344520 0.324100
vt 0.354070 0.308760
vt 0.010080 0.121200
vt 0.529060 0.035830
vt 0.346950 0.137530
vt 0.653090 0.466030
vt 0.649480 0.468100
vt 0.409640 0.624300
vt 0.411770 0.621410
vt 0.599380 0.153170
vt 0.277310 0.133360
vt 0.156500 0.469160
vt 0.150230 0.495470
vt 0.158360 0.497740
vt 0.425060 0.718750
vt 0.574790 0.757370
vt 0.583380 0.749660
vt 0.601280 0.749920
vt 0.210640 0.126790
vt 0.446940 0.229190
vt 0.644940 0.778630
vt 0.400780 0.741810
vt 0.407270 0.748320
vt 0.093620 0.019810
vt 0.447970 0.529750
vt 0.440990 0.535950
vt 0.453110 0.525040
vt 0.399580 0.688400
vt 0.400740 0.677000
vt 0.574650 0.543560
vt 0.523220 0.465940
vt 0.447620 0.498570
vt 0.586080 0.482320
vt 0.383940 0.285470
vt 0.627530 0.421440
vt 0.625440 0.406190
vt 0.521210 0.376860
vt 0.514030 0.368680
vt 0.511930 0.388430
vt 0.497980 0.377870
vt 0.162500 0.054650
vt 0.542670 0.091660
vt 0.537480 0.075600
vt 0.544070 0.076570
vt 0.292590 0.342060
vt 0.868830 0.470230
vt 0.645740 0.463930
vt 0.641020 0.468510
vt 0.132380 0.126680
vt 0.135770 0.129710
vt 0.088810 0.155570
vt 0.064170 0.103080
vt 0.079370 0.108210
vt 0.221850 0.248320
vt 0.150560 0.115370
vt 0.141380 0.104570
vt 0.070030 0.243340
vt 0.164600 0.122210
vt 0.194470 0.145220
vt 0.602290 0.181640
vt 0.619910 0.154890
vt 0.630320 0.160170
vt 0.124110 0.125960
vt 0.360920 0.239820
vt 0.485990 0.657400
vt 0.296320 0.522230
vt 0.183190 0.437160
vt 0.746150 0.534810
vt 0.756500 0.519170
vt 0.772390 0.496850
vt 0.202260 0.502360
vt 0.788160 0.487770
vt 0.181540 0.452470
vt 0.188620 0.522320
vt 0.242530 0.426810
vt 0.187830 0.459490
vt 0.706080 0.692690
vt 0.288390 0.784020
vt 0.299920 0.782280
vt 0.362220 0.529030
vt 0.360110 0.541940
vt 0.509180 0.721490
vt 0.520530 0.718990
vt 0.797170 0.288210
vt 0.795480 0.275650
vt 0.564360 0.068410
vt 0.595250 0.120850
vt 0.583940 0.101860
vt 0.586290 0.085960
vt 0.578670 0.073200
vt 0.377790 0.686250
vt 0.377900 0.697090
vt 0.382800 0.789110
vt 0.394020 0.741840
vt 0.397130 0.732420
vt 0.708020 0.789990
vt 0.420420 0.671150
vt 0.442240 0.693710
vt 0.639630 0.799620
vt 0.547510 0.420300
vt 0.544300 0.412900
vt 0.541000 0.416110
vt 0.363130 0.322090
vt 0.371680 0.318100
vt 0.347470 0.087270
vt 0.525490 0.392220
vt 0.523920 0.404390
vt 0.532060 0.401190
vt 0.674410 0.470410
vt 0.336720 0.426520
vt 0.452000 0.307290
vt 0.463770 0.284890
vt 0.106310 0.223920
vt 0.146760 0.089880
vt 0.139820 0.089110
vt 0.125540 0.064420
vt 0.314130 0.289770
vt 0.319480 0.289960
vt 0.315640 0.304850
vt 0.608530 0.737740
vt 0.309620 0.585110
vt 0.740000 0.659570
vt 0.377060 0.120910
vt 0.344420 0.168310
vt 0.354230 0.172440
vt 0.605150 0.472220
vt 0.606840 0.479980
vt 0.491020 0.221330
vt 0.380210 0.582320
vt 0.478980 0.312290
vt 0.472990 0.299210
vt 0.532740 0.410330
vt 0.314550 0.412250
vt 0.306090 0.418960
vt 0.409580 0.075880
vt 0.410780 0.087900
vt 0.377860 0.209100
vt 0.228500 0.049580
vt 0.234190 0.058650
vt 0.217440 0.052770
vt 0.237770 0.193480
vt 0.231570 0.205700
vt 0.579050 0.233720
vt 0.573170 0.228120
vt 0.172970 0.125320
vt 0.591830 0.535330
vt 0.589960 0.522620
vt 0.937310 0.573590
vt 0.564190 0.441880
vt 0.911650 0.629370
vt 0.495070 0.292150
vt 0.612820 0.496510
vt 0.188640 0.333820
vt 0.402510 0.162570
vt 0.409400 0.202590
vt 0.539960 0.119730
vt 0.465680 0.341810
vt 0.331440 0.211040
vt 0.441870 0.466950
vt 0.443100 0.764100
vt 0.697660 0.395050
vt 0.673700 0.420220
vt 0.688840 0.396230
vt 0.145540 0.407200
vt 0.148830 0.390220
vt 0.143770 0.415660
vt 0.342970 0.859310
vt 0.372990 0.882790
vt 0.462570 0.655130
vt 0.472020 0.651880
vt 0.135600 0.456640
vt 0.663330 0.344300
vt 0.283160 0.788080
vt 0.780860 0.705030
vt 0.787330 0.703400
vt 0.416200 0.657060
vt 0.516240 0.859010
vt 0.745450 0.301450
vt 0.491510 0.453910
vt 0.480100 0.458820
vt 0.475570 0.449540
vt 0.395930 0.386990
vt 0.373880 0.256460
vt 0.995770 0.589050
vt 0.996260 0.592060
vt 0.952350 0.531030
vt 0.945110 0.537200
vt 0.419670 0.579560
vt 0.430290 0.565800
vt 0.680850 0.712130
vt 0.614920 0.604550
vt 0.370090 0.328180
vt 0.752490 0.293620
vt 0.640050 0.697700
vt 0.461310 0.694590
vt 0.498590 0.615550
vt 0.491350 0.606310
vt 0.486110 0.600470
vt 0.485550 0.580430
vt 0.279610 0.244850
vt 0.280100 0.259780
vt 0.243420 0.261540
vt 0.552940 0.755200
vt 0.850140 0.551230
vt 0.408190 0.550510
vt 0.429090 0.206440
vt 0.771460 0.747310
vt 0.762990 0.748240
vt 0.765890 0.729340
vt 0.559300 0.387080
vt 0.568400 0.378010
vt 0.632190 0.313590
vt 0.447120 0.576270
vt 0.450010 0.566680
vt 0.446140 0.568590
vt 0.450070 0.615190
vt 0.443840 0.607510
vt 0.328550 0.617130
vt 0.380080 0.201880
vt 0.771410 0.728690
vt 0.767390 0.726130
vt 0.764240 0.553570
vt 0.312480 0.318220
vt 0.704130 0.634150
vt 0.709400 0.628380
vt 0.055240 0.096480
vt 0.342010 0.576190
vt 0.321340 0.066400
vt 0.332260 0.060070
vt 0.357640 0.055330
vt 0.502470 0.414010
vt 0.489950 0.446120
vt 0.500500 0.439470
vt 0.709970 0.436520
vt 0.700610 0.415110
vt 0.703490 0.440360
vt 0.712040 0.465660
vt 0.715740 0.481310
vt 0.509700 0.267780
vt 0.742430 0.750440
vt 0.759870 0.743160
vt 0.708290 0.446660
vt 0.770000 0.752030
vt 0.760980 0.753370
vt 0.452880 0.655550
vt 0.448410 0.658440
vt 0.156080 0.012010
vt 0.344900 0.060680
vt 0.488610 0.320870
vt 0.243470 0.094420
vt 0.266080 0.131550
vt 0.114940 0.090620
vt 0.406870 0.864040
vt 0.056060 0.081580
vt 0.446290 0.029110
vt 0.425600 0.118220
vt 0.413910 0.137170
vt 0.894930 0.537320
vt 0.883550 0.516660
vt 0.402560 0.799280
vt 0.639310 0.671670
vt 0.530360 0.684350
vt 0.524300 0.706090
vt 0.542430 0.714100
vt 0.338080 0.331950
vt 0.318780 0.633430
vt 0.381630 0.450480
vt 0.370700 0.231670
vt 0.406820 0.226120
vt 0.574710 0.834000
vt 0.585980 0.828530
vt 0.518750 0.839550
vt 0.394870 0.799730
vt 0.454810 0.611240
vt 0.451780 0.224980
vt 0.665730 0.563900
vt 0.658870 0.564980
vt 0.669940 0.567840
vt 0.443450 0.198270
vt 0.479770 0.604370
vt 0.642610 0.518800
vt 0.115860 0.079440
vt 0.574670 0.742120
vt 0.559690 0.736200
vt 0.583060 0.791960
vt 0.574750 0.796690
vt 0.570460 0.806820
vt 0.326870 0.447440
vt 0.558430 0.520190
vt 0.638830 0.623200
vt 0.411880 0.311320
vt 0.596590 0.523200
vt 0.316040 0.109560
vt 0.333060 0.108710
vt 0.876400 0.494050
vt 0.869990 0.494210
vt 0.872020 0.484240
vt 0.206730 0.097660
vt 0.203620 0.091990
vt 0.807880 0.548580
vt 0.595080 0.367040
vt 0.349580 0.160630
vt 0.324490 0.160660
vt 0.317750 0.159010
vt 0.579670 0.501830
vt 0.070130 0.060280
vt 0.073610 0.054650
vt 0.259710 0.364090
vt 0.346170 0.104630
vt 0.489560 0.751660
vt 0.336900 0.129040
vt 0.313910 0.520540
vt 0.307140 0.531210
vt 0.581360 0.581920
vt 0.535380 0.682220
vt 0.529260 0.672610
vt 0.443870 0.802620
vt 0.433000 0.800140
vt 0.373700 0.367680
vt 0.879290 0.428570
vt 0.469000 0.240000
vt 0.474600 0.249340
vt 0.591210 0.424760
vt 0.596290 0.427160
vt 0.242710 0.722330
vt 0.482680 0.697720
vt 0.109800 0.088820
vt 0.130710 0.182050
vt 0.116620 0.163410
vt 0.271660 0.290090
vt 0.685110 0.709870
vt 0.773120 0.693970
vt 0.331720 0.372300
vt 0.047890 0.176550
vt 0.458320 0.823280
vt 0.073620 0.132480
vt 0.081920 0.112740
vt 0.442580 0.375740
vt 0.481890 0.369600
vt 0.875430 0.512680
vt 0.852110 0.494550
vt 0.436680 0.326830
vt 0.425090 0.328390
vt 0.140640 0.070690
vt 0.439170 0.723520
vt 0.518650 0.334340
vt 0.549470 0.444150
vt 0.251980 0.737200
vt 0.387940 0.657270
vt 0.352560 0.048050
vt 0.345780 0.053520
vt 0.359570 0.046610
vt 0.379450 0.044620
vt 0.643140 0.768680
vt 0.484830 0.437420
vt 0.397040 0.349290
vt 0.814010 0.543970
vt 0.319160 0.055540
vt 0.329430 0.053300
vt 0.915300 0.644000
vt 0.895660 0.663200
vt 0.874960 0.680670
vt 0.770290 0.720200
vt 0.318500 0.583450
vt 0.280520 0.205120
vt 0.629650 0.685290
vt 0.529680 0.072390
vt 0.520230 0.814710
vt 0.503180 0.446570
vt 0.503830 0.454360
vt 0.069610 0.201080
vt 0.071210 0.220830
vt 0.446340 0.560440
vt 0.570370 0.287320
vt 0.449920 0.625890
vt 0.285390 0.329970
vt 0.305460 0.060290
vt 0.300270 0.072080
vt 0.539790 0.403700
vt 0.601080 0.736090
vt 0.682280 0.540230
vt 0.472560 0.864940
vt 0.539670 0.781910
vt 0.577970 0.429640
vt 0.296400 0.243410
vt 0.672040 0.690810
vt 0.441260 0.704700
vt 0.352140 0.074660
vt 0.360900 0.065870
vt 0.260020 0.319830
vt 0.245790 0.306980
vt 0.119240 0.221740
vt 0.528360 0.630190
vt 0.109050 0.378790
vt 0.058420 0.258090
vt 0.052040 0.273620
vt 0.108540 0.002630
vt 0.053570 0.026010
vt 0.435730 0.032770
vt 0.775570 0.262730
vt 0.440920 0.850560
vt 0.114010 0.093980
vt 0.483960 0.520090
vt 0.510030 0.512830
vt 0.314320 0.688000
vt 0.793070 0.688410
vt 0.109730 0.323630
vt 0.743130 0.375400
vt 0.755530 0.368540
vt 0.532040 0.534860
vt 0.663420 0.713020
vt 0.934950 0.631840
vt 0.422370 0.349000
vt 0.086930 0.145910
vt 0.450530 0.377830
vt 0.411830 0.037540
vt 0.395420 0.040310
vt 0.595460 0.415630
vt 0.844670 0.696570
vt 0.841100 0.690820
vt 0.819990 0.684530
vt 0.152610 0.083410
vt 0.400430 0.315870
vt 0.155200 0.410540
vt 0.374470 0.292630
vt 0.896340 0.442850
vt 0.456740 0.622730
vt 0.206130 0.415790
vt 0.248440 0.472120
vt 0.472600 0.264440
vt 0.275490 0.260390
vt 0.122230 0.048710
vt 0.757990 0.713230
vt 0.203260 0.292770
vt 0.046880 0.051950
vt 0.273140 0.781430
vt 0.444200 0.823770
vt 0.249990 0.251690
vt 0.544440 0.533260
vt 0.623390 0.518290
vt 0.341620 0.863300
vt 0.594970 0.581380
vt 0.612770 0.593640
vt 0.462080 0.105440
vt 0.445910 0.297140
vt 0.668210 0.423670
vt 0.554460 0.409810
vt 0.524910 0.692280
vt 0.747560 0.754650
vt 0.756480 0.750690
vt 0.500670 0.393140
vt 0.159650 0.076970
vt 0.374150 0.721240
vt 0.213220 0.321450
vt 0.397370 0.497750
vt 0.097040 0.357430
vt 0.675920 0.701490
vt 0.372150 0.550450
vt 0.784730 0.748440
vt 0.696240 0.802100
vt 0.015970 0.147490
vt 0.009510 0.136120
vt 0.588850 0.346640
vt 0.068040 0.069830
vt 0.509820 0.693410
vt 0.983440 0.601170
vt 0.374180 0.112870
vt 0.377990 0.886400
vt 0.538580 0.406790
vt 0.559690 0.047090
vt 0.143810 0.030280
vt 0.474900 0.026330
vt 0.972340 0.605730
vt 0.955020 0.617410
vt 0.864490 0.688580
vt 0.569300 0.059650
vt 0.511110 0.360270
vt 0.403050 0.239050
vt 0.499140 0.604390
vt 0.462340 0.617390
vt 0.454430 0.421890
vt 0.528780 0.587880
vt 0.493270 0.716360
vt 0.455120 0.030060
vt 0.937780 0.526430
vt 0.233780 0.713380
vt 0.176620 0.594260
vn -0.719571 0.682990 0.125473
vn -0.600831 0.772718 0.204717
vn -0.672424 0.735473 0.083220
vn 0.365138 -0.299888 -0.881329
vn 0.597570 -0.152127 -0.787253
vn 0.559102 -0.162586 -0.813001
vn -0.645545 0.700937 0.303246
vn -0.887267 -0.200513 0.415394
vn -0.883502 -0.337187 0.325160
vn -0.849751 -0.308419 0.427552
vn -0.207349 0.161151 0.964902
vn -0.220694 0.218171 0.950629
vn -0.209028 0.312088 0.926773
vn 0.032844 0.570987 0.820302
vn 0.138110 0.808200 0.572484
vn 0.114712 0.745100 0.657014
vn 0.607681 -0.231846 0.759586
vn 0.636735 -0.305174 0.708123
vn 0.613787 -0.436455 0.657854
vn -0.989207 0.111223 -0.095388
vn -0.967831 0.242135 0.068363
vn -0.971721 0.235970 0.008751
vn 0.229386 -0.972201 -0.046982
vn 0.272462 -0.957813 -0.091424
vn 0.191245 -0.981157 -0.027520
vn -0.044058 -0.014220 -0.998928
vn -0.011418 0.070948 -0.997415
vn 0.035503 0.069060 -0.996981
vn 0.341949 0.711424 0.613959
vn 0.339254 0.700161 0.628237
vn 0.377440 0.667466 0.641894
vn 0.902670 -0.366728 0.225161
vn 0.765571 -0.492766 0.413621
vn 0.899965 -0.092694 0.425995
vn -0.032717 -0.939971 -0.339683
vn -0.059310 -0.973822 -0.219441
vn -0.019252 -0.991083 -0.131845
vn -0.107948 -0.990800 0.081623
vn -0.160721 -0.985441 0.055446
vn -0.135046 -0.989088 0.058893
vn 0.967724 0.041876 0.248507
vn 0.940239 -0.142966 0.309048
vn 0.985852 -0.104853 0.130773
vn -0.158672 0.064511 0.985222
vn -0.247516 0.234621 0.940047
vn -0.262224 0.027821 0.964606
vn -0.388528 0.354138 0.850666
vn -0.216495 0.344060 0.913648
vn -0.257991 0.319903 0.911649
vn -0.966021 0.246104 -0.078973
vn -0.959742 0.267459 0.085800
vn -0.938800 0.335415 0.078434
vn -0.535452 0.504524 0.677309
vn -0.506296 0.422935 0.751526
vn -0.506087 0.437947 0.743020
vn -0.330584 0.222617 0.917146
vn -0.233837 -0.150133 0.960615
vn -0.374025 0.279708 0.884234
vn -0.584897 0.204765 0.784835
vn -0.690581 0.139730 0.709630
vn -0.688692 0.343157 0.638707
vn 0.906304 -0.370203 -0.203871
vn 0.875844 -0.378921 -0.298857
vn 0.824271 -0.455488 -0.336316
vn 0.332434 -0.180515 -0.925690
vn 0.324963 -0.116747 -0.938493
vn 0.514815 -0.187154 -0.836624
vn -0.978013 0.150486 0.144380
vn -0.987538 0.074560 0.138601
vn -0.989808 0.116094 0.082482
vn -0.730220 0.446060 0.517502
vn -0.579455 0.529640 0.619446
vn -0.626041 0.511996 0.588160
vn 0.985074 0.083711 -0.150405
vn 0.972972 0.119587 -0.197544
vn 0.994295 0.102160 -0.030673
vn -0.182623 -0.805048 0.564399
vn -0.177691 -0.843868 0.506274
vn -0.132140 -0.941547 0.309885
vn -0.060617 -0.032298 0.997638
vn 0.099348 -0.091651 0.990823
vn -0.087649 -0.021910 0.995910
vn -0.261254 -0.150393 0.953482
vn -0.230530 -0.119266 0.965729
vn -0.262077 -0.125057 0.956910
vn -0.805307 0.388718 0.447637
vn -0.800111 0.517586 0.303195
vn -0.844848 0.375858 0.380740
vn 0.134445 0.209525 -0.968516
vn 0.205199 0.165509 -0.964624
vn -0.385610 -0.693843 0.608183
vn -0.426876 -0.754200 0.498958
vn -0.231774 -0.819782 0.523677
vn 0.460989 0.048093 0.886102
vn 0.177961 0.039799 0.983232
vn 0.325828 0.104246 0.939664
vn 0.063134 0.813984 -0.577446
vn -0.160428 0.800323 -0.577707
vn -0.082460 0.843583 -0.530630
vn -0.235431 -0.404700 -0.883623
vn -0.231649 -0.176764 -0.956605
vn -0.235910 -0.475207 -0.847659
vn -0.701385 0.453088 -0.550245
vn -0.755402 0.354997 -0.550768
vn -0.805645 0.394369 -0.442052
vn 0.876844 0.132825 0.462062
vn 0.968850 0.114133 0.219780
vn 0.947736 0.078728 0.309191
vn -0.945569 0.318785 0.065388
vn -0.888220 0.445511 0.112184
vn -0.956620 0.264860 0.121353
vn -0.983436 0.170148 -0.062470
vn -0.985842 -0.028200 -0.165286
vn -0.998346 0.030651 -0.048634
vn 0.582598 -0.338727 0.738812
vn -0.271055 -0.016113 -0.962429
vn -0.203307 -0.008528 -0.979078
vn -0.252223 -0.106424 -0.961799
vn 0.864652 -0.067618 -0.497800
vn 0.928959 -0.098173 -0.356928
vn 0.905711 0.013506 -0.423680
vn 0.345164 -0.934047 -0.091750
vn 0.266122 -0.961852 -0.063398
vn 0.264845 -0.956948 -0.118779
vn 0.943925 -0.268645 -0.191927
vn 0.892583 -0.362040 -0.268743
vn 0.758553 -0.514476 -0.399890
vn 0.704840 0.568715 -0.423986
vn 0.704930 0.411991 -0.577353
vn 0.691118 0.525721 -0.495957
vn -0.731252 0.415813 0.540713
vn -0.665356 0.557440 0.496550
vn -0.707402 0.577944 0.406895
vn -0.239363 -0.024231 -0.970628
vn -0.318795 -0.244861 -0.915649
vn -0.310298 -0.195284 -0.930365
vn 0.227628 0.100636 0.968534
vn 0.062745 0.160641 0.985017
vn 0.224130 0.013318 0.974468
vn 0.665675 0.328639 -0.669980
vn 0.493854 0.415958 -0.763601
vn 0.736909 0.425809 -0.525026
vn -0.643101 0.056476 -0.763696
vn -0.831328 0.090892 -0.548300
vn -0.602469 0.111419 -0.790327
vn 0.343921 0.121138 -0.931152
vn 0.370132 0.117111 -0.921568
vn 0.147728 0.111324 -0.982743
vn -0.961426 -0.231734 -0.148188
vn -0.876522 -0.354524 -0.325610
vn -0.933125 -0.322785 -0.158390
vn -0.719998 0.250595 -0.647151
vn -0.712118 -0.000102 -0.702060
vn -0.681604 0.049736 -0.730029
vn 0.586381 -0.154421 -0.795180
vn 0.613151 -0.054351 -0.788094
vn 0.543249 -0.168060 -0.822579
vn -0.773309 0.018464 -0.633761
vn -0.883767 -0.037678 -0.466409
vn -0.944843 0.099593 -0.312014
vn -0.101258 0.957855 -0.268815
vn -0.124586 0.895387 -0.427505
vn -0.047787 0.930610 -0.362879
vn -0.212944 -0.660175 -0.720294
vn -0.275858 -0.719391 -0.637479
vn -0.232794 -0.811792 -0.535538
vn 0.871426 0.062100 0.486580
vn 0.956698 0.084113 0.278663
vn 0.925798 0.078632 0.369751
vn 0.718254 0.113620 0.686442
vn 0.639984 0.073357 0.764879
vn 0.771990 0.069566 0.631817
vn -0.594775 -0.713728 -0.369911
vn -0.602856 -0.718605 -0.346659
vn -0.521638 -0.796022 -0.306990
vn 0.355292 -0.665214 0.656702
vn 0.401772 -0.383446 0.831594
vn 0.414501 -0.714231 0.563971
vn -0.439742 0.599895 0.668396
vn -0.416632 0.549579 0.724141
vn -0.470238 0.530296 0.705452
vn -0.202170 -0.557797 0.804978
vn -0.287919 -0.339758 0.895359
vn -0.312737 -0.458691 0.831744
vn 0.937350 -0.297915 0.180613
vn 0.901607 -0.279215 0.330370
vn 0.951849 -0.099049 0.290126
vn -0.119811 -0.197909 0.972871
vn -0.033414 -0.208859 0.977375
vn -0.251970 -0.358874 0.898733
vn -0.137477 0.219305 -0.965922
vn -0.091251 0.191825 -0.977178
vn -0.209093 0.148598 -0.966540
vn 0.016333 0.793096 -0.608878
vn -0.978728 -0.184932 0.088837
vn -0.997531 0.069465 0.010340
vn -0.991877 0.037080 -0.121679
vn -0.233113 -0.000321 0.972450
vn -0.208360 0.000982 0.978052
vn -0.170265 0.032256 0.984870
vn 0.988796 0.096675 0.113736
vn 0.981808 0.137166 0.131297
vn 0.994505 0.050832 0.091523
vn 0.650254 0.274136 -0.708533
vn 0.702621 0.294328 -0.647838
vn 0.668839 0.438353 -0.600418
vn 0.800957 0.062617 -0.595439
vn 0.756610 0.098545 -0.646398
vn 0.727427 0.063641 -0.683228
vn 0.243094 -0.880059 -0.407922
vn 0.252306 -0.886312 -0.388321
vn 0.292863 -0.902638 -0.315397
vn 0.045283 -0.917267 0.395691
vn 0.212707 -0.975333 0.058995
vn 0.209541 -0.968795 0.132397
vn -0.959572 0.253404 -0.122507
vn -0.954091 0.279617 -0.107355
vn -0.970000 0.228464 -0.083087
vn -0.218256 -0.253467 -0.942400
vn -0.085631 0.118022 -0.989312
vn -0.066961 -0.159385 -0.984943
vn -0.088376 -0.970120 -0.225956
vn -0.048148 -0.980756 -0.189208
vn 0.483411 -0.616196 -0.621785
vn 0.260335 -0.657736 -0.706831
vn 0.261032 -0.656329 -0.707880
vn 0.018080 -0.136883 0.990422
vn 0.072213 -0.153751 0.985467
vn 0.506013 -0.836450 0.210483
vn 0.431305 -0.767114 0.474882
vn 0.246332 -0.968369 -0.039781
vn -0.371894 0.573763 -0.729720
vn -0.502391 0.656811 -0.562319
vn -0.414195 0.545487 -0.728620
vn 0.441212 -0.857710 0.263941
vn 0.384833 -0.905377 0.179432
vn 0.453412 -0.883052 0.120985
vn 0.248843 0.384890 0.888784
vn 0.334952 0.392811 0.856450
vn 0.317606 0.461779 0.828183
vn 0.136048 -0.954921 0.263851
vn 0.201964 -0.956060 0.212511
vn 0.166180 -0.967331 0.191455
vn -0.594906 0.531190 0.603261
vn -0.439286 0.637264 0.633184
vn -0.468492 0.631528 0.617809
vn -0.246013 0.445266 0.860939
vn -0.301229 0.413311 0.859322
vn -0.286201 0.404650 0.868532
vn -0.849425 0.524242 0.060395
vn -0.810559 0.584549 0.036004
vn -0.832653 0.533750 0.147647
vn -0.077045 -0.970287 -0.229363
vn -0.107057 -0.961632 -0.252591
vn -0.955013 0.226562 -0.191361
vn -0.820129 0.548401 -0.163234
vn -0.855084 0.486009 -0.180628
vn 0.300014 -0.953512 0.028411
vn 0.296531 -0.948618 0.110426
vn 0.278699 -0.956785 0.083002
vn 0.934459 0.047249 -0.352921
vn 0.799088 0.032066 -0.600359
vn 0.924259 0.056385 -0.377579
vn -0.320591 0.758796 0.566965
vn -0.563455 0.597596 0.570437
vn -0.407703 0.698243 0.588418
vn 0.724594 -0.218843 0.653507
vn 0.595383 -0.335011 0.730265
vn 0.703943 -0.360425 0.612012
vn -0.236227 0.080554 -0.968353
vn -0.219239 0.085666 -0.971903
vn -0.107041 0.197854 -0.974370
vn -0.188511 -0.868611 -0.458235
vn -0.165411 -0.923581 -0.345886
vn -0.204559 -0.880589 -0.427456
vn 0.326499 -0.340398 0.881775
vn 0.363821 -0.257698 0.895112
vn 0.108029 -0.289606 0.951030
vn -0.932414 0.358077 0.048831
vn -0.933090 0.320425 0.163315
vn -0.940607 -0.288201 -0.179438
vn -0.972678 -0.164103 -0.164220
vn -0.950846 -0.259696 -0.168674
vn 0.293258 0.035916 0.955358
vn -0.153948 -0.031287 0.987583
vn -0.118729 -0.020627 0.992712
vn -0.065999 0.027174 0.997450
vn 0.352174 -0.052116 0.934483
vn 0.386350 -0.040392 0.921467
vn 0.396648 -0.117410 0.910432
vn -0.201642 0.923319 -0.326838
vn -0.355006 0.875627 -0.327487
vn -0.161575 0.927240 -0.337817
vn 0.051279 0.998177 -0.031835
vn 0.118416 0.992909 0.010422
vn 0.039927 0.991669 0.122465
vn 0.266978 0.002963 -0.963698
vn 0.442800 0.147435 -0.884415
vn 0.316903 0.242207 -0.917011
vn -0.522724 0.753260 0.399198
vn 0.006694 0.997048 0.076488
vn 0.083695 0.996001 0.031264
vn 0.018458 0.999632 -0.019901
vn 0.549684 0.377772 0.745075
vn 0.553686 0.300223 0.776722
vn 0.589689 0.196976 0.783242
vn 0.531865 0.078042 0.843225
vn 0.609722 0.090367 0.787447
vn 0.537576 0.136958 0.832018
vn -0.169243 -0.980547 -0.099420
vn -0.129196 -0.991209 -0.028513
vn -0.180002 -0.983130 -0.032480
vn -0.198926 0.137967 -0.970255
vn -0.235336 0.243253 -0.940981
vn -0.166350 0.159211 -0.973129
vn 0.996359 0.069615 0.049218
vn 0.997765 0.028478 0.060451
vn 0.999650 -0.025666 0.006436
vn 0.343113 0.938650 -0.034783
vn 0.394298 0.918249 0.036716
vn 0.382191 0.920945 -0.076090
vn -0.358332 0.069283 -0.931020
vn -0.351717 -0.043333 -0.935103
vn -0.427866 0.182519 -0.885222
vn -0.888792 -0.385318 0.248149
vn -0.966197 -0.120022 0.228162
vn -0.911683 -0.355272 0.206437
vn -0.960409 -0.271663 -0.061758
vn -0.954435 -0.233653 -0.185633
vn -0.970447 -0.236883 -0.046034
vn 0.144103 0.984429 -0.100663
vn -0.143730 -0.018603 -0.989442
vn -0.226449 -0.067225 -0.971700
vn -0.232640 0.072067 -0.969889
vn 0.177949 0.580891 0.794292
vn 0.159080 0.624310 0.764808
vn 0.243973 0.525285 0.815201
vn 0.563847 0.118357 -0.817354
vn 0.538682 0.193349 -0.820023
vn 0.439433 0.199988 -0.875730
vn 0.007761 -0.994898 0.100589
vn 0.148302 -0.981865 0.118099
vn 0.071611 -0.990448 0.117829
vn -0.971420 0.226382 -0.071371
vn -0.930621 0.361099 0.059595
vn -0.959747 0.276673 0.048341
vn 0.011156 0.733363 0.679746
vn 0.046084 0.788088 0.613835
vn -0.080156 0.589619 0.803694
vn 0.645471 0.097224 -0.757571
vn 0.546435 0.187802 -0.816174
vn 0.738086 0.021575 -0.674362
vn -0.997091 0.073890 0.018678
vn -0.990016 0.140906 -0.003797
vn -0.981253 0.180133 0.068521
vn 0.268643 0.130793 -0.954319
vn 0.178391 0.170504 -0.969074
vn 0.371565 0.122933 -0.920232
vn 0.218328 -0.077986 0.972754
vn 0.196298 -0.064690 0.978408
vn 0.213335 -0.214952 0.953039
vn -0.802823 0.577608 -0.147797
vn -0.665322 0.700658 -0.257731
vn -0.713252 0.676298 -0.184099
vn -0.652422 0.287928 0.701031
vn -0.961035 -0.011790 0.276174
vn -0.610572 0.312774 0.727581
vn 0.078093 0.628611 -0.773789
vn 0.017204 0.814437 -0.579996
vn 0.023528 0.659115 -0.751674
vn -0.721765 0.355935 0.593605
vn -0.776770 0.377907 0.503800
vn -0.875425 0.291727 0.385393
vn -0.842103 0.298660 0.449071
vn -0.855022 0.333620 0.397034
vn -0.672408 -0.031069 -0.739529
vn -0.811709 0.103187 -0.574875
vn -0.622634 -0.119926 -0.773269
vn -0.979737 0.171747 0.103049
vn -0.997210 0.071449 0.021612
vn -0.986319 0.129609 0.101865
vn 0.123672 -0.953160 -0.276029
vn 0.087478 -0.984918 -0.149281
vn 0.167089 -0.939735 -0.298294
vn -0.122627 -0.809611 0.574015
vn -0.262402 -0.655513 0.708130
vn -0.984233 -0.097429 -0.147626
vn -0.868025 0.189715 0.458848
vn -0.916736 0.058703 0.395158
vn -0.919090 0.137935 0.369116
vn 0.302731 -0.931164 -0.203194
vn 0.084687 -0.938037 -0.336029
vn 0.040722 0.121609 0.991742
vn -0.003952 0.130044 0.991500
vn -0.024370 0.119837 0.992494
vn -0.932886 0.341634 0.114062
vn -0.881423 0.450705 0.141278
vn -0.912428 0.383118 0.143859
vn -0.093409 0.801580 0.590546
vn -0.188360 0.777238 0.600351
vn 0.190804 0.882616 0.429632
vn 0.108821 -0.994033 0.007588
vn 0.037327 -0.999076 -0.021295
vn 0.067573 -0.997308 -0.028485
vn -0.955572 0.243308 -0.166384
vn -0.827215 0.512368 -0.230638
vn -0.177378 -0.012248 -0.984067
vn -0.196003 -0.003503 -0.980597
vn -0.614345 0.744272 -0.261992
vn -0.682576 0.726878 -0.075753
vn -0.820113 0.541278 -0.185559
vn 0.026880 0.235562 -0.971488
vn 0.049124 0.250560 -0.966854
vn 0.103415 0.280445 -0.954283
vn -0.904007 0.404364 -0.138786
vn -0.886774 0.393618 -0.242273
vn -0.916493 0.345172 -0.202231
vn -0.456807 -0.889338 0.020145
vn -0.584098 -0.811670 -0.004692
vn -0.338885 -0.938123 -0.071291
vn -0.333239 -0.019612 -0.942639
vn -0.246090 0.130322 -0.960446
vn -0.359296 -0.164666 -0.918581
vn 0.077242 0.228307 -0.970520
vn -0.414781 -0.211206 -0.885070
vn 0.116281 -0.079595 -0.990022
vn -0.174001 0.001885 -0.984744
vn -0.134697 -0.141249 -0.980768
vn -0.172646 -0.567176 -0.805298
vn -0.180310 -0.415131 -0.891715
vn -0.133940 -0.596992 -0.790987
vn 0.055234 0.656470 0.752327
vn 0.109781 0.335446 0.935641
vn 0.153230 0.499977 0.852376
vn -0.807127 -0.575555 0.131463
vn -0.832060 -0.406368 0.377546
vn -0.967348 -0.219552 -0.126629
vn -0.976671 -0.183005 -0.112356
vn -0.942752 -0.331230 -0.038807
vn 0.484550 -0.043131 -0.873700
vn 0.412094 -0.109918 -0.904487
vn 0.379938 0.041028 -0.924102
vn 0.920103 -0.355191 0.165074
vn 0.968539 -0.190730 0.159855
vn 0.973137 -0.136725 0.185234
vn -0.106071 -0.837909 -0.535404
vn -0.060819 -0.868562 -0.491835
vn -0.113969 -0.785779 -0.607917
vn 0.994306 0.077313 0.073334
vn 0.999042 0.032930 0.028819
vn 0.997955 0.034462 0.053842
vn -0.015594 0.140871 -0.989905
vn 0.036914 0.392771 -0.918895
vn 0.000539 0.336868 -0.941552
vn -0.954223 0.297972 0.025897
vn -0.987829 0.141378 -0.064857
vn -0.967805 0.247213 -0.047321
vn -0.861446 0.418546 0.287629
vn -0.822915 0.453614 0.342118
vn -0.822011 0.487824 0.293814
vn -0.587947 0.711866 0.384143
vn -0.531037 0.844617 0.067990
vn -0.534337 0.834009 0.137523
vn -0.871954 0.432275 0.229859
vn -0.858754 0.509470 0.054610
vn -0.924298 0.349069 0.154349
vn -0.430294 0.188205 -0.882851
vn -0.474324 0.110840 -0.873345
vn -0.399859 0.128350 -0.907546
vn -0.023425 -0.999235 -0.031331
vn 0.025396 -0.990493 0.135201
vn 0.010793 -0.997062 0.075830
vn -0.335853 0.279885 -0.899370
vn -0.338571 0.270655 -0.901174
vn -0.241804 0.077707 -0.967209
vn -0.115648 0.622319 0.774173
vn -0.106892 0.767268 0.632356
vn -0.190397 0.583237 0.789673
vn -0.281710 0.252343 -0.925723
vn -0.146259 0.019530 0.989054
vn -0.095156 0.087714 0.991590
vn -0.047845 0.111293 0.992635
vn -0.816351 0.272707 0.509119
vn -0.792853 0.366962 0.486543
vn -0.720712 0.348684 0.599161
vn -0.935040 -0.225258 -0.273786
vn -0.958455 -0.007304 -0.285152
vn -0.876625 -0.285306 -0.387465
vn -0.092208 0.022272 -0.995491
vn -0.189059 0.021635 -0.981727
vn -0.185589 -0.070385 -0.980103
vn -0.164272 -0.260186 0.951482
vn -0.196524 -0.305576 0.931666
vn -0.114418 -0.257586 0.959457
vn 0.160356 -0.985695 -0.051886
vn 0.098773 -0.994016 -0.046640
vn 0.093431 -0.995474 -0.017398
vn 0.544543 -0.006234 -0.838710
vn 0.085090 -0.018553 -0.996201
vn -0.060755 0.005283 -0.998139
vn -0.638237 -0.585023 0.500401
vn -0.571163 -0.595247 0.565203
vn -0.661957 -0.493805 0.563889
vn 0.094905 0.812259 0.575525
vn 0.016212 0.841767 0.539598
vn -0.156798 -0.686720 -0.709810
vn -0.101934 -0.766184 -0.634485
vn -0.169976 0.629653 0.758053
vn -0.164863 0.494507 0.853395
vn -0.187719 0.447733 0.874240
vn -0.069659 0.011060 -0.997510
vn -0.190254 0.019128 -0.981549
vn -0.057445 -0.112113 -0.992034
vn -0.665952 0.326459 -0.670770
vn -0.725826 0.190553 -0.660959
vn -0.644019 0.244267 -0.724964
vn -0.051593 -0.168594 -0.984334
vn 0.052189 -0.073994 -0.995892
vn 0.122923 -0.173567 -0.977121
vn -0.858978 0.057640 -0.508758
vn -0.852052 0.088333 -0.515951
vn -0.883692 0.134843 -0.448226
vn 0.025219 0.860845 0.508242
vn -0.121345 -0.183507 -0.975500
vn -0.129243 -0.208403 -0.969466
vn -0.126896 -0.209054 -0.969636
vn -0.882964 -0.119552 -0.453962
vn -0.921159 -0.311743 -0.232987
vn -0.891645 -0.008070 -0.452664
vn 0.341969 -0.933515 -0.107736
vn 0.365411 -0.911521 -0.188692
vn 0.305323 -0.940595 -0.148523
vn 0.262801 -0.750270 -0.606655
vn 0.267056 -0.723049 -0.637088
vn 0.254362 -0.797378 -0.547256
vn -0.994792 -0.093705 0.040096
vn -0.975285 -0.219691 0.023560
vn -0.994607 -0.089780 -0.051919
vn -0.907528 0.390415 0.154822
vn -0.810035 0.441027 0.386444
vn -0.876337 0.424253 0.228130
vn -0.825420 0.455280 0.333770
vn 0.169157 -0.698107 0.695725
vn 0.179513 -0.692941 0.698290
vn 0.136393 -0.751573 0.645395
vn -0.822362 0.347142 -0.450791
vn -0.775831 -0.612453 -0.151617
vn -0.790947 -0.435752 -0.429562
vn -0.749720 -0.544079 -0.376695
vn -0.039801 -0.026518 -0.998856
vn 0.244269 0.151595 -0.957785
vn 0.045293 -0.148035 -0.987945
vn -0.228767 0.255793 -0.939274
vn -0.177616 0.295215 -0.938776
vn -0.997302 -0.057857 0.045172
vn -0.803251 0.258233 -0.536753
vn -0.635658 0.198215 -0.746089
vn -0.565654 0.181420 -0.804439
vn -0.020258 -0.007038 -0.999770
vn 0.001458 0.103321 -0.994647
vn 0.174314 0.081074 0.981347
vn 0.196066 0.163260 0.966904
vn 0.064404 0.334358 0.940243
vn -0.221329 -0.932536 -0.285290
vn -0.196596 -0.961002 -0.194489
vn -0.242918 -0.916091 -0.319011
vn 0.572107 -0.172761 -0.801778
vn 0.459221 -0.179311 -0.870037
vn 0.609457 -0.117578 -0.784052
vn -0.485489 -0.293095 0.823648
vn -0.377895 -0.180451 0.908093
vn -0.451725 -0.009183 0.892110
vn -0.708938 -0.653572 -0.265047
vn -0.834190 -0.499901 -0.232866
vn -0.702707 -0.684873 -0.192749
vn 0.283660 -0.647963 -0.706881
vn -0.073107 0.409575 0.909342
vn -0.067195 0.428584 0.901000
vn -0.165211 0.424370 0.890289
vn 0.377600 -0.048094 -0.924719
vn -0.986331 -0.153087 0.060953
vn -0.988726 -0.062286 -0.136167
vn -0.980283 -0.102953 -0.168658
vn -0.798845 0.164701 -0.578551
vn -0.935905 0.035746 -0.350435
vn -0.827031 0.049958 -0.559932
vn -0.103078 -0.293898 -0.950262
vn -0.120836 -0.145077 -0.982014
vn -0.164179 -0.312036 -0.935777
vn 0.232974 0.911251 0.339624
vn 0.135638 0.914887 0.380241
vn 0.183804 0.945231 0.269732
vn -0.911453 -0.182136 0.368891
vn -0.914322 -0.057371 0.400904
vn -0.907683 -0.254711 0.333518
vn -0.061681 -0.977594 0.201262
vn 0.019522 -0.963550 0.266816
vn -0.102198 -0.947653 0.302507
vn -0.993903 0.082940 0.072655
vn -0.992113 -0.005150 0.125243
vn 0.811047 0.395268 -0.431237
vn 0.744970 0.261360 -0.613768
vn 0.731890 0.414509 -0.540851
vn -0.172091 -0.977961 0.118224
vn -0.044663 -0.994847 -0.091016
vn 0.076703 -0.992958 -0.090279
vn 0.694652 0.654314 0.298885
vn 0.357772 0.847858 0.391325
vn 0.573654 0.733477 0.364599
vn 0.089772 0.867151 0.489888
vn 0.123487 0.816162 0.564474
vn 0.240222 0.764726 0.597902
vn -0.022402 0.680890 -0.732043
vn 0.134516 0.891638 -0.432305
vn 0.014650 0.731899 -0.681255
vn 0.533207 0.173708 -0.827959
vn 0.404793 0.193816 -0.893632
vn 0.553226 0.099325 -0.827089
vn 0.975397 -0.067701 -0.209803
vn 0.991727 -0.093183 -0.088283
vn 0.984313 -0.128872 -0.120496
vn -0.555003 -0.798615 -0.232780
vn -0.447919 -0.859996 -0.244488
vn -0.580185 -0.775925 -0.247641
vn 0.563875 -0.185129 -0.804843
vn 0.185097 -0.632614 0.752023
vn 0.194769 -0.583746 0.788230
vn 0.788726 0.020779 -0.614393
vn 0.652445 0.071005 -0.754503
vn 0.453113 0.884271 0.112930
vn 0.516950 0.675594 0.525677
vn 0.545041 0.724886 0.421272
vn -0.452459 -0.760430 -0.465861
vn -0.545426 -0.765475 -0.341408
vn -0.646610 -0.680318 -0.345055
vn -0.936629 0.333215 0.108143
vn -0.898621 0.432859 0.071516
vn -0.884145 0.463878 0.055718
vn -0.222161 -0.937750 0.266965
vn -0.693040 -0.701423 0.166433
vn -0.282079 -0.883695 0.373517
vn 0.289195 0.924558 0.248113
vn 0.316803 0.928464 0.193880
vn 0.209338 0.967233 -0.143658
vn -0.635075 0.583386 -0.506301
vn -0.649617 0.151991 -0.744914
vn -0.754552 0.275381 -0.595665
vn 0.589771 0.227379 -0.774899
vn 0.577919 0.132583 -0.805253
vn 0.588688 0.126018 -0.798477
vn 0.040240 -0.998426 -0.039079
vn -0.042739 -0.999000 0.013170
vn 0.114731 -0.945334 -0.305253
vn -0.274455 0.191815 0.942275
vn -0.314284 -0.898497 0.306479
vn -0.445330 -0.740883 0.502766
vn -0.884506 0.166596 -0.435769
vn -0.848314 0.287022 -0.444952
vn -0.835488 0.225769 -0.500987
vn 0.035847 -0.990528 -0.132553
vn 0.019096 -0.995233 -0.095638
vn 0.107013 -0.976073 -0.189286
vn -0.997210 0.060847 -0.043246
vn -0.996884 0.041069 -0.067341
vn -0.995561 0.055337 -0.076134
vn -0.803891 0.552071 0.221307
vn -0.717397 0.657398 0.230587
vn -0.744123 0.609014 0.274558
vn -0.557325 0.329802 0.761985
vn -0.649980 0.288661 0.702994
vn -0.609491 0.091775 0.787463
vn 0.743548 -0.643683 0.181130
vn 0.733027 -0.659330 0.167199
vn 0.610071 -0.777165 0.154363
vn 0.389683 0.230054 0.891752
vn 0.365401 0.154898 0.917872
vn 0.413830 0.007620 0.910322
vn -0.219854 0.020765 -0.975312
vn -0.342805 -0.021785 -0.939154
vn 0.289231 0.262075 0.920686
vn 0.330275 0.331300 0.883832
vn 0.184733 0.345742 0.919965
vn -0.521007 0.464051 -0.716386
vn -0.449544 0.434853 -0.780265
vn -0.331384 0.483098 -0.810433
vn -0.961215 0.250680 0.115002
vn -0.925482 0.309040 0.219037
vn -0.860335 0.448819 0.241630
vn 0.822478 -0.213146 0.527350
vn 0.028965 -0.270383 -0.962317
vn 0.068344 -0.292958 -0.953680
vn -0.082253 -0.269861 -0.959380
vn 0.423545 0.903882 -0.060060
vn 0.428809 0.897816 -0.100244
vn -0.853378 0.472794 -0.219574
vn -0.852865 0.464930 -0.237617
vn -0.959926 0.207712 -0.188142
vn -0.467982 0.831523 0.299268
vn -0.493771 0.728779 0.474417
vn -0.560247 0.697385 0.446964
vn 0.542699 0.451685 0.708138
vn -0.177150 0.445581 -0.877539
vn -0.038073 0.677049 -0.734952
vn -0.041847 0.600158 -0.798786
vn 0.680239 -0.040293 -0.731882
vn 0.809410 -0.036947 -0.586081
vn 0.782163 -0.005162 -0.623052
vn -0.497567 0.838290 -0.222928
vn -0.826402 0.533768 -0.179307
vn -0.707939 0.593924 -0.382200
vn -0.139079 0.167652 0.975987
vn -0.114973 0.328161 0.937599
vn -0.233526 0.147580 0.961086
vn -0.803932 0.589200 0.080854
vn -0.782967 0.621781 -0.018752
vn -0.900352 0.430828 -0.061263
vn -0.055222 -0.883056 -0.466007
vn -0.188669 -0.630686 -0.752754
vn -0.081362 -0.842269 -0.532881
vn 0.974280 -0.085138 -0.208639
vn 0.963267 -0.068385 -0.259693
vn 0.979381 -0.115705 -0.165604
vn -0.924942 0.380073 -0.005199
vn -0.192781 0.848708 -0.492473
vn -0.123718 0.899935 -0.418104
vn -0.293736 0.772389 -0.563147
vn -0.764061 0.576256 0.290068
vn -0.768397 0.571052 0.288903
vn -0.830101 0.468011 0.303146
vn -0.995853 0.086704 -0.027545
vn -0.993964 0.055987 -0.094342
vn 0.863652 -0.197239 -0.463898
vn 0.915406 -0.223351 -0.334883
vn 0.937367 -0.157805 -0.310551
vn 0.083667 -0.918373 0.386769
vn -0.089576 -0.993596 0.068866
vn 0.112277 -0.985172 0.129731
vn -0.508934 0.389701 -0.767541
vn -0.226269 0.249965 -0.941446
vn -0.329731 0.064262 -0.941885
vn -0.913560 0.310076 0.263174
vn -0.937610 0.268995 0.220295
vn -0.910031 0.345371 0.229267
vn 0.103806 -0.976613 -0.188285
vn -0.041526 -0.982358 -0.182340
vn 0.041314 -0.981144 -0.188812
vn 0.276820 0.959722 0.048014
vn 0.269468 0.962925 0.012734
vn -0.689886 -0.045081 -0.722513
vn -0.786306 -0.125870 -0.604880
vn -0.977710 0.109934 0.178880
vn -0.959265 0.062854 0.275426
vn -0.978709 0.025462 0.203666
vn -0.823020 -0.555056 -0.120626
vn -0.659984 -0.745607 -0.092148
vn -0.705444 -0.698703 -0.119010
vn 0.938445 0.036313 -0.343515
vn 0.893923 0.217434 -0.391948
vn 0.927049 -0.011933 -0.374750
vn -0.405944 0.079478 -0.910435
vn -0.401112 0.032404 -0.915456
vn -0.408109 0.036932 -0.912186
vn -0.819557 0.396450 -0.413707
vn -0.820466 0.500599 -0.276109
vn -0.857349 0.496787 -0.134741
vn 0.486992 -0.231157 0.842262
vn 0.585340 -0.043250 0.809634
vn 0.570407 -0.070760 0.818309
vn -0.854699 0.042747 0.517361
vn -0.811192 0.148566 0.565593
vn -0.846974 0.269252 0.458408
vn 0.862895 0.146870 -0.483571
vn 0.768192 0.220706 -0.600974
vn 0.810244 0.157472 -0.564542
vn -0.837159 0.483630 -0.255475
vn -0.985826 0.130782 -0.105084
vn -0.783112 0.571342 -0.245570
vn -0.037563 -0.179983 -0.982952
vn -0.016472 -0.082899 -0.996422
vn -0.046665 -0.087437 -0.995077
vn -0.669147 0.702357 0.242770
vn -0.582743 0.793045 0.177453
vn -0.813054 0.530439 0.239953
vn -0.926398 0.365071 0.092247
vn -0.730135 0.682170 -0.039341
vn -0.830594 0.555170 -0.043597
vn -0.583680 -0.776728 -0.236666
vn -0.722267 -0.668058 -0.178966
vn -0.594942 -0.752609 -0.282175
vn 0.968549 0.012890 -0.248488
vn 0.811458 0.579418 -0.076226
vn 0.878484 0.473581 -0.063145
vn 0.766733 0.641862 -0.011581
vn -0.910823 0.336975 -0.238431
vn -0.894180 0.363981 -0.260689
vn -0.900393 0.177762 -0.397105
vn -0.742001 0.500673 0.445826
vn -0.632525 0.492536 0.597763
vn -0.573269 0.607107 0.550258
vn -0.426997 0.212532 0.878922
vn -0.428769 0.213376 0.877854
vn -0.468292 0.210801 0.858059
vn -0.663212 -0.740389 -0.109427
vn -0.653510 -0.755383 -0.048187
vn 0.611789 -0.721321 0.324671
vn -0.456178 -0.889612 0.022173
vn -0.541029 -0.832427 0.119801
vn -0.057016 -0.765545 0.640851
vn -0.109772 -0.690368 0.715082
vn -0.213988 -0.761870 0.611362
vn -0.166216 -0.749873 0.640361
vn -0.186667 -0.743367 0.642309
vn 0.210654 0.762101 -0.612231
vn 0.050616 0.878971 0.474182
vn 0.287367 0.852981 0.435710
vn 0.161486 0.336784 -0.927631
vn 0.487708 0.808140 -0.330229
vn 0.201531 0.115554 -0.972642
vn -0.219053 -0.975570 -0.016685
vn -0.053460 -0.998352 -0.020847
vn -0.037496 -0.996615 -0.073165
vn 0.321025 -0.891230 0.320393
vn -0.001311 -0.997368 -0.072497
vn 0.000362 -0.999438 -0.033511
vn 0.008391 -0.999625 -0.026064
vn 0.867747 -0.472965 0.152704
vn 0.800897 -0.582523 0.138678
vn 0.887812 -0.431839 0.159075
vn 0.964450 0.077235 -0.252728
vn 0.964213 0.135423 -0.227935
vn 0.916659 0.154495 -0.368601
vn 0.747903 0.087101 -0.658069
vn 0.702197 0.010428 -0.711907
vn 0.083315 0.024946 -0.996211
vn 0.173233 0.082615 -0.981410
vn 0.214580 0.162592 -0.963078
vn 0.367989 0.877200 0.308389
vn 0.366576 0.879617 0.303144
vn 0.390473 0.853754 0.344435
vn 0.939463 -0.028986 -0.341422
vn 0.992936 -0.092896 -0.073817
vn 0.954053 0.059169 -0.293738
vn -0.921074 0.253365 0.295683
vn 0.991401 -0.130356 -0.011487
vn 0.978828 -0.137937 -0.151229
vn 0.393631 -0.125218 -0.910700
vn 0.475483 -0.126359 -0.870603
vn 0.402127 -0.375457 -0.835060
vn 0.602054 0.093871 0.792919
vn 0.669160 -0.097943 0.736636
vn 0.713046 0.123961 0.690072
vn 0.502157 0.652496 0.567527
vn 0.473471 0.702528 0.531300
vn 0.442262 0.841338 0.310733
vn 0.997755 0.027514 0.061051
vn 0.967058 0.033707 -0.252314
vn 0.989933 0.049767 0.132499
vn 0.610145 0.743212 0.274517
vn 0.297885 0.853606 0.427342
vn 0.383356 0.833482 0.397928
vn -0.002374 0.321475 0.946915
vn -0.043694 0.047442 0.997918
vn 0.784681 -0.578996 -0.221449
vn 0.864651 -0.437645 -0.246668
vn 0.994855 -0.088835 -0.048695
vn -0.960249 -0.275108 0.047310
vn -0.993510 -0.112954 -0.013386
vn -0.986337 0.159732 0.040323
vn 0.671758 0.266689 0.691099
vn -0.151914 0.035028 0.987773
vn -0.576340 -0.490098 -0.653939
vn -0.559861 -0.600467 -0.570960
vn -0.634538 -0.421031 -0.648147
vn 0.704827 0.603861 -0.372251
vn 0.653059 0.560025 -0.509791
vn -0.950106 0.120169 -0.287851
vn -0.860838 0.496854 0.109974
vn -0.858834 0.340587 -0.382629
vn 0.415343 -0.906124 0.080192
vn 0.451382 -0.891339 0.042067
vn 0.383966 -0.922826 0.031011
vn -0.056908 -0.251395 -0.966210
vn 0.039157 -0.345423 -0.937630
vn 0.915786 0.401032 0.022562
vn 0.921691 0.379055 -0.082482
vn 0.960049 0.272575 -0.063318
vn 0.976504 0.156668 -0.147969
vn 0.983760 0.121088 -0.132493
vn 0.958543 0.144691 -0.245479
vn 0.989634 0.133322 0.053389
vn 0.984831 0.170103 0.034240
vn -0.960306 0.194763 0.199699
vn -0.963863 0.106546 0.244163
vn -0.885786 0.457345 0.078866
vn 0.285201 0.289222 -0.913789
vn 0.441743 0.308087 -0.842583
vn 0.348959 0.340391 -0.873133
vn 0.987885 0.131022 -0.083166
vn 0.992296 0.102857 -0.069060
vn 0.990277 0.091853 -0.104470
vn 0.981930 0.170722 -0.081660
vn 0.978590 0.083354 -0.188186
vn 0.986763 -0.140207 -0.081494
vn 0.988212 -0.127717 -0.084415
vn 0.967723 -0.173729 -0.182567
vn 0.900461 -0.406833 -0.153808
vn 0.958931 -0.270436 -0.085533
vn 0.298547 -0.306791 -0.903742
vn 0.185630 -0.510428 -0.839646
vn 0.129964 -0.431782 -0.892566
vn 0.544543 0.165489 -0.822245
vn 0.558883 0.145268 -0.816423
vn 0.658807 0.047214 -0.750829
vn 0.415998 0.010610 -0.909304
vn 0.490496 0.023547 -0.871125
vn 0.228246 0.161333 -0.960144
vn 0.129623 0.491800 -0.861006
vn 0.334050 0.263498 -0.904975
vn 0.095386 0.417819 -0.903509
vn 0.303009 0.346928 -0.887596
vn -0.798482 -0.270851 0.537648
vn -0.751034 -0.195500 0.630657
vn 0.366677 0.841150 0.397511
vn 0.710197 0.481846 0.513269
vn 0.516547 0.593054 0.617630
vn -0.834130 0.448038 0.321696
vn -0.679794 0.664636 0.310064
vn -0.743227 0.632169 0.219034
vn 0.962141 0.123536 -0.242948
vn 0.930615 0.104197 -0.350855
vn 0.979038 0.060030 -0.194629
vn -0.898209 0.439005 -0.022246
vn -0.837383 0.546425 -0.014512
vn -0.846082 0.532048 -0.032709
vn 0.993466 0.058308 0.098115
vn 0.970914 0.142062 0.192727
vn 0.143405 -0.988949 -0.037616
vn 0.229817 -0.972938 -0.024018
vn 0.246907 -0.968917 -0.015359
vn -0.744631 -0.285793 -0.603197
vn -0.641137 -0.260971 -0.721691
vn -0.635131 -0.279530 -0.720050
vn 0.158154 0.985416 0.062787
vn -0.377635 0.924554 0.050910
vn -0.008815 0.996386 0.084483
vn 0.978635 0.203157 0.031638
vn 0.998679 0.049689 -0.013107
vn 0.989576 0.142865 -0.018124
vn 0.958586 0.268637 0.094586
vn 0.416323 0.128142 -0.900142
vn 0.487307 0.329412 -0.808715
vn 0.491280 0.109735 -0.864061
vn -0.125463 0.851547 0.509045
vn -0.374968 0.802342 0.464377
vn -0.340387 0.817581 0.464433
vn -0.936872 0.253481 -0.240870
vn -0.914057 0.348054 -0.208228
vn -0.916282 0.114659 -0.383772
vn 0.473440 -0.877016 -0.081837
vn 0.578616 -0.806019 -0.124647
vn 0.536846 -0.836190 -0.112176
vn 0.232111 -0.164682 0.958647
vn 0.411899 -0.265811 0.871599
vn 0.307095 -0.085889 0.947795
vn 0.345753 -0.018282 0.938147
vn 0.332077 -0.015249 0.943129
vn 0.045720 -0.981181 -0.187601
vn 0.059732 -0.978468 -0.197564
vn -0.650287 0.757623 -0.055985
vn -0.628754 0.775606 -0.055712
vn 0.264368 0.850612 0.454498
vn 0.112916 0.227554 -0.967197
vn 0.172584 0.377604 -0.909742
vn -0.077423 0.352183 -0.932723
vn 0.035823 -0.966438 -0.254392
vn 0.063354 -0.948736 -0.309657
vn 0.022780 -0.993154 -0.114570
vn 0.368858 0.219759 0.903133
vn 0.429257 0.225254 0.874642
vn 0.631137 -0.006303 -0.775646
vn 0.021904 0.688187 0.725202
vn 0.032260 0.742006 0.669617
vn 0.118128 0.674423 0.728835
vn 0.892352 0.445047 0.075105
vn 0.816783 0.560463 0.136922
vn 0.942523 0.278348 0.184858
vn -0.946375 0.306355 0.102575
vn -0.983765 0.117779 0.135403
vn -0.952963 0.223204 0.205042
vn 0.449573 -0.085744 0.889119
vn 0.465032 -0.089300 0.880778
vn 0.536174 -0.012526 0.844014
vn -0.571480 0.338345 -0.747618
vn -0.641267 0.295521 -0.708127
vn -0.761649 0.320208 -0.563345
vn 0.045597 -0.998262 -0.037337
vn -0.723290 0.363938 -0.586856
vn -0.997438 -0.047267 0.053705
vn -0.965090 0.157866 0.208995
vn -0.994205 0.025840 0.104352
vn -0.588087 -0.808074 -0.034211
vn -0.486494 -0.872291 -0.049310
vn -0.940572 0.338912 -0.021503
vn -0.867913 0.396194 0.299595
vn -0.835060 0.348311 0.425858
vn -0.937211 0.170159 0.304436
vn -0.908500 0.033757 0.416520
vn -0.955799 -0.088776 0.280299
vn 0.906080 0.414202 0.086344
vn 0.933282 0.345113 0.099406
vn 0.992385 0.078127 -0.095228
vn 0.990728 0.062702 -0.120525
vn 0.991129 0.054953 -0.121014
vn 0.365447 -0.165838 0.915940
vn 0.368799 -0.191043 0.909665
vn 0.333729 -0.125062 0.934336
vn -0.942882 0.321549 0.087063
vn -0.908889 0.417033 -0.002286
vn -0.927712 0.372570 0.023276
vn -0.826019 0.563374 -0.017405
vn 0.413462 0.830819 0.372543
vn 0.414926 0.819140 0.396038
vn 0.916287 0.380386 0.125399
vn 0.802864 0.560210 0.203896
vn 0.949624 0.307481 0.060585
vn -0.956691 0.069781 -0.282619
vn -0.872639 0.484423 -0.061930
vn -0.953034 0.187259 -0.238033
vn 0.100591 -0.966608 -0.235691
vn 0.031341 -0.983555 -0.177867
vn -0.917545 -0.168058 0.360372
vn -0.856200 -0.149421 0.494566
vn -0.892713 -0.081971 0.443108
vn -0.915977 0.324080 -0.236555
vn -0.955231 0.167784 -0.243683
vn -0.847687 0.216052 -0.484509
vn -0.333354 0.761660 -0.555652
vn -0.201111 0.628800 -0.751109
vn -0.392680 0.595709 -0.700666
vn 0.323887 0.874673 0.360617
vn 0.380875 0.863032 0.331828
vn 0.386563 0.847951 0.362694
vn -0.990664 0.135744 0.012614
vn -0.529691 0.838961 0.124783
vn -0.255929 0.920469 0.295359
vn -0.100457 0.957065 0.271912
vn -0.003049 0.980649 -0.195751
vn 0.063109 0.986263 -0.152653
vn 0.000871 0.998948 -0.045858
vn 0.062544 0.234041 0.970213
vn -0.002037 0.457160 0.889382
vn -0.536966 0.400291 -0.742587
vn -0.453404 0.402041 -0.795479
vn 0.095842 0.433632 -0.895979
vn -0.674783 0.504368 -0.538777
vn -0.558484 0.540843 -0.628955
vn -0.712205 0.374271 -0.593872
vn -0.198710 -0.980003 -0.010424
vn -0.742766 0.623493 -0.244039
vn -0.961180 -0.269884 -0.057402
vn 0.039316 0.998940 0.023923
vn 0.166505 0.982012 0.089042
vn -0.007378 0.999841 -0.016227
vn 0.932537 0.040294 -0.358820
vn 0.936025 0.058740 -0.346996
vn 0.916271 0.035423 -0.398989
vn 0.958651 0.042624 -0.281375
vn 0.896706 -0.101423 -0.430850
vn 0.984722 0.027669 -0.171923
vn 0.958949 0.075127 -0.273447
vn 0.943117 0.007405 -0.332379
vn 0.381569 -0.691443 0.613442
vn 0.477634 -0.594345 0.647008
vn 0.471557 -0.575423 0.668224
vn 0.013503 0.999878 0.007819
vn 0.970348 -0.042787 -0.237896
vn 0.928231 -0.071263 -0.365114
vn 0.948374 -0.005453 -0.317108
vn 0.620506 -0.167640 -0.766074
vn 0.498491 -0.397309 -0.770489
vn -0.414188 0.568326 -0.710953
vn -0.591663 0.577983 -0.562023
vn -0.616440 0.182423 -0.765979
vn 0.176783 -0.313829 -0.932877
vn 0.884484 0.458407 0.086896
vn 0.941742 0.330784 0.060859
vn 0.898863 0.075915 0.431604
vn 0.774732 0.096748 0.624844
vn 0.801012 0.114665 0.587564
vn 0.333784 0.851412 0.404582
vn 0.986208 -0.129031 0.103654
vn 0.981110 -0.183159 0.062252
vn 0.920228 -0.390293 0.029181
vn -0.349429 0.821763 -0.450117
vn -0.318362 0.802009 -0.505398
vn -0.477286 0.757872 -0.444777
vn 0.146825 0.396697 0.906131
vn 0.196712 0.439095 0.876641
vn 0.985407 0.163326 0.047939
vn -0.660694 0.675321 0.327758
vn -0.886409 0.073368 0.457051
vn -0.875138 -0.081736 0.476920
vn -0.848393 -0.114152 0.516912
vn 0.994650 -0.068206 0.077586
vn 0.979131 -0.200897 0.030714
vn 0.997629 -0.067541 0.013201
vn 0.868803 -0.041040 0.493454
vn 0.791371 -0.023082 0.610900
vn 0.767687 -0.088716 0.634654
vn 0.861707 -0.507372 0.005864
vn 0.933819 -0.355664 0.038544
vn 0.865475 -0.500952 0.000428
vn -0.245469 0.482286 0.840920
vn -0.136225 0.438163 0.888514
vn -0.256621 0.303498 0.917625
vn -0.288287 -0.050419 0.956216
vn -0.264408 -0.049578 0.963136
vn -0.662344 0.747974 0.042838
vn -0.649119 0.756343 0.081175
vn -0.460253 0.850265 0.255377
vn 0.996150 -0.087665 -0.000397
vn 0.984720 -0.061821 -0.162802
vn 0.995863 0.085589 -0.030508
vn 0.109043 0.286244 -0.951932
vn 0.144307 -0.057321 -0.987871
vn -0.055552 -0.008946 -0.998416
vn 0.991006 0.049421 -0.124359
vn 0.971976 0.235059 0.003245
vn 0.932836 0.259727 0.249719
vn 0.830954 0.537901 0.142052
vn 0.717319 0.677926 0.160838
vn 0.615541 0.748638 0.246272
vn 0.381229 0.265823 -0.885439
vn 0.407500 0.260412 -0.875288
vn 0.362652 0.231985 -0.902589
vn -0.488910 0.421988 -0.763474
vn -0.576671 0.231482 -0.783496
vn -0.554178 0.262303 -0.789990
vn 0.059513 -0.901227 0.429242
vn -0.061400 -0.833955 0.548406
vn 0.983565 0.143056 -0.110160
vn 0.666625 0.143076 -0.731532
vn 0.658421 0.060516 -0.750213
vn 0.740100 0.294159 -0.604750
vn 0.190631 0.971506 -0.140842
vn 0.179606 0.971049 -0.157499
vn 0.154804 0.984753 -0.079355
vn 0.967525 -0.251328 -0.027028
vn 0.888907 -0.039664 0.456368
vn 0.946278 -0.117264 0.301343
vn 0.915986 0.035823 -0.399608
vn 0.990872 0.057056 0.122140
vn 0.988744 0.011636 0.149162
vn 0.983902 0.013869 0.178168
vn 0.001089 0.404080 -0.914723
vn -0.031394 0.878148 -0.477357
vn 0.029136 -0.998332 -0.049834
vn 0.023205 -0.996588 -0.079209
vn 0.047555 -0.997480 -0.052648
vn 0.258665 0.964136 0.059453
vn 0.780626 0.624779 -0.016604
vn 0.805810 0.592125 0.007647
vn -0.965820 0.246182 -0.081153
vn -0.975598 0.199916 -0.090792
vn -0.984735 0.169319 -0.040341
vn 0.416525 0.903968 -0.096687
vn 0.383184 0.829731 -0.405852
vn 0.991967 -0.022671 -0.124447
vn 0.988554 -0.000182 -0.150866
vn -0.445527 -0.183797 -0.876199
vn -0.358027 -0.123357 -0.925527
vn 0.981025 0.153229 0.118789
vn 0.987220 0.111036 -0.114318
vn 0.983109 0.171657 -0.063486
vn -0.297206 0.819300 -0.490323
vn -0.211372 0.885923 -0.412871
vn -0.291244 0.782776 -0.549944
vn 0.997642 0.022765 0.064749
vn 0.982420 -0.163570 0.089975
vn 0.975601 -0.201321 0.087594
vn 0.973942 0.133812 0.183118
vn -0.297703 0.908302 0.293870
vn -0.418121 0.847659 0.326571
vn -0.331623 0.889592 0.314091
vn -0.714107 0.601449 0.358204
vn -0.736804 0.629703 0.246159
vn -0.891009 0.066069 -0.449153
vn -0.619406 0.408078 -0.670678
vn 0.975757 0.206092 0.073658
vn 0.947031 0.319022 0.036836
vn 0.686081 0.727476 -0.008433
vn 0.999481 -0.030815 0.009407
vn 0.989441 -0.009379 0.144634
vn 0.999942 0.010268 0.003250
vn 0.990572 0.110065 0.081568
vn 0.254489 -0.596807 0.760958
vn 0.199885 -0.438461 0.876241
vn 0.236101 -0.599929 0.764422
vn 0.970176 0.240981 -0.026208
vn 0.987429 0.151142 -0.046262
vn 0.948843 0.311769 -0.049965
vn -0.537919 0.483736 -0.690393
vn -0.660158 0.230693 -0.714823
vn -0.376332 -0.918145 -0.124034
vn -0.406827 -0.910701 -0.071521
vn -0.901535 0.432246 0.019955
vn 0.987908 0.016634 0.154146
vn 0.948467 0.167710 0.268857
vn 0.975944 0.091638 0.197830
vn 0.074364 0.985933 -0.149684
vn -0.073882 0.974025 -0.214047
vn -0.302662 0.951873 -0.048310
vn 0.026943 0.961840 -0.272281
vn -0.037087 0.968845 -0.244876
vn 0.020529 0.971291 -0.237007
vn -0.915077 -0.174850 -0.363403
vn -0.955330 -0.085359 -0.282947
vn 0.996737 0.080673 -0.002694
vn 0.984878 0.115274 0.129332
vn 0.987837 0.155489 0.001146
vn -0.752078 0.263804 0.603975
vn -0.249173 0.954086 0.166230
vn -0.279565 0.957112 0.076029
vn -0.172676 0.973966 0.146877
vn -0.480430 -0.690484 -0.540757
vn -0.463537 -0.665754 -0.584727
vn -0.333632 -0.813627 -0.476131
vn 0.912612 -0.325503 0.247361
vn 0.860133 -0.466197 0.206957
vn 0.922620 -0.316725 0.220132
vn -0.901436 0.421062 0.100601
vn -0.863083 0.502831 -0.047420
vn 0.933189 0.187264 0.306742
vn 0.963259 0.111211 0.244468
vn 0.950008 0.200625 0.239239
vn -0.636893 -0.030207 -0.770360
vn -0.645139 0.763592 -0.026901
vn -0.976063 -0.195734 0.094814
vn -0.964849 -0.224090 0.137298
vn 0.542253 0.546333 -0.638343
vn 0.443942 0.559506 -0.699906
vn 0.507517 0.577109 -0.639822
vn 0.966340 0.020939 -0.256415
vn 0.984545 0.042015 -0.170021
vn 0.987216 0.012901 -0.158863
vn -0.944934 -0.225953 -0.236739
vn -0.958779 -0.200770 -0.201085
vn 0.390867 -0.271332 -0.879546
vn 0.977636 -0.202706 0.056019
vn 0.991665 -0.128035 -0.014407
vn 0.991136 -0.119643 -0.057746
vn -0.204908 0.850056 0.485198
vn -0.098476 0.911448 0.399456
vn -0.124875 0.911149 0.392700
vn -0.949200 0.314596 -0.007015
vn -0.805238 0.591462 0.042011
vn -0.932943 0.353402 -0.068731
vn 0.529536 0.847448 0.037728
vn 0.378281 0.921285 -0.090203
vn 0.046316 0.993713 -0.101929
vn -0.064966 -0.997304 -0.034129
vn -0.059024 -0.995630 -0.072364
vn -0.899559 0.158815 0.406905
vn -0.911754 -0.038929 0.408887
vn 0.503113 -0.861606 -0.067178
vn 0.390800 -0.919564 -0.040967
vn 0.372409 -0.921771 -0.107935
vn -0.089564 0.957726 -0.273385
vn 0.047023 0.973877 -0.222153
vn -0.482190 0.545119 0.685812
vn -0.962395 0.157492 0.221340
vn 0.232312 -0.417688 0.878389
vn 0.336507 -0.514597 0.788640
vn 0.254641 -0.670295 0.697038
vn -0.000204 0.248883 0.968534
vn -0.060198 0.155437 0.986010
vn -0.047097 0.184977 0.981614
vn 0.057943 -0.416681 -0.907204
vn -0.026046 -0.387478 -0.921511
vn 0.115887 -0.461698 -0.879435
vn -0.756765 0.515759 -0.401620
vn -0.777765 0.358795 -0.516089
vn -0.688758 0.536291 -0.487857
vn 0.993426 -0.002747 -0.114440
vn 0.964166 0.055706 0.259385
vn 0.997728 0.025069 -0.062534
vn -0.884910 0.439621 -0.153843
vn -0.871759 0.462806 -0.160768
vn -0.960220 0.276943 0.035773
vn -0.980287 0.178652 -0.084388
vn -0.021914 -0.310463 -0.950333
vn -0.200411 -0.218864 -0.954952
vn -0.455835 0.816676 -0.353913
vn 0.524680 0.013622 -0.851191
vn 0.464654 0.025057 -0.885138
vn 0.529025 0.025524 -0.848222
vn -0.809599 0.565481 -0.157421
vn -0.868785 0.465950 -0.167638
vn 0.325835 -0.164113 -0.931074
vn 0.160668 -0.069410 -0.984565
vn 0.351043 0.071966 -0.933590
vn 0.707011 -0.507520 0.492504
vn 0.997801 -0.021220 0.062799
vn 0.996897 -0.078096 0.009915
vn 0.997657 -0.062387 -0.028076
vn 0.282700 0.687502 0.668896
vn 0.318348 0.880522 0.351192
vn -0.055901 -0.996724 -0.058452
vn 0.153196 0.775287 -0.612749
vn -0.622765 -0.771919 -0.127692
vn -0.680641 -0.673583 -0.288121
vn -0.975150 -0.207638 0.077257
vn -0.013728 -0.994546 -0.103396
vn -0.034794 -0.991926 -0.121948
vn 0.047071 -0.987625 -0.149602
vn 0.129175 -0.963647 0.233875
vn -0.727175 0.473749 0.496767
vn -0.682515 0.489127 0.543073
vn -0.926944 0.192927 0.321798
vn 0.662215 0.420554 0.620165
vn 0.511527 0.608529 0.606657
vn 0.538459 0.445749 0.715101
vn -0.127328 -0.729366 -0.672170
vn -0.172308 -0.584464 -0.792914
vn -0.042335 -0.508128 -0.860240
vn 0.139577 0.982981 0.119442
vn -0.124774 0.978076 0.166732
vn 0.015827 0.964781 0.262579
vn 0.959896 0.096595 -0.263189
vn 0.974105 0.063403 -0.217025
vn 0.315717 -0.930049 0.187968
vn 0.412392 -0.898841 0.148381
vn 0.331176 -0.924314 0.189647
vn -0.671495 -0.241833 0.700436
vn -0.860871 -0.201491 0.467228
vn -0.650410 -0.331169 0.683589
vn 0.965004 0.072739 -0.251946
vn 0.961218 0.146167 -0.233870
vn 0.970253 0.059075 -0.234777
vn -0.771225 0.629218 0.096414
vn -0.517165 0.329357 -0.789977
vn -0.578656 0.428908 -0.693683
vn -0.995716 -0.046582 -0.079872
vn -0.995229 0.089373 -0.039145
vn -0.999498 -0.026826 0.016849
vn -0.978842 -0.031041 0.202248
vn -0.967789 0.041225 0.248365
vn 0.797853 -0.602831 0.005023
vn 0.854060 -0.520173 -0.000947
vn 0.767928 -0.640529 -0.002966
vn 0.816461 0.577338 0.008531
vn 0.806299 0.590422 0.035842
vn 0.834025 0.551389 0.019299
vn 0.719357 0.628036 0.296810
vn 0.822392 0.523313 0.223193
vn 0.900950 0.378395 0.212384
vn 0.904875 0.373194 0.204762
vn 0.570504 0.019690 0.821058
vn 0.388194 -0.021775 0.921321
vn 0.405127 -0.008870 0.914218
vn -0.214614 -0.064006 0.974599
vn 0.098587 -0.834522 -0.542083
vn 0.104399 -0.895329 -0.432997
vn 0.058645 -0.925873 -0.373256
vn -0.909725 0.381060 -0.164904
vn -0.916800 0.360897 -0.170972
vn -0.921072 -0.386892 -0.044071
vn -0.885954 -0.460347 -0.056263
vn -0.917442 0.321482 -0.234412
vn -0.962052 0.131893 -0.238874
vn 0.998990 -0.019354 0.040556
vn 0.997281 -0.022109 0.070300
vn 0.998368 -0.026795 0.050430
vn -0.671065 0.496211 0.550860
vn 0.936561 0.344038 0.067016
vn 0.977848 0.203660 0.048326
vn 0.917018 0.395717 0.049857
vn -0.104716 0.958907 0.263687
vn 0.225888 0.932899 0.280490
vn -0.543580 0.311996 0.779217
vn -0.621356 0.119358 0.774384
vn -0.635784 0.597688 -0.488414
vn -0.929861 0.301051 0.211485
vn -0.903050 0.377996 0.204011
vn -0.887293 0.398723 0.231799
vn 0.009139 0.367693 0.929902
vn 0.095081 0.373830 0.922611
vn 0.014245 0.318116 0.947945
vn 0.143344 -0.663097 0.734680
vn -0.122651 -0.672522 0.729843
vn 0.481042 -0.272858 -0.833155
vn 0.449481 -0.373539 -0.811440
vn 0.300924 -0.465378 -0.832387
vn 0.978216 0.027551 0.205754
vn 0.972888 -0.026868 0.229710
vn 0.994649 -0.005625 0.103159
vn -0.142664 -0.030669 0.989296
vn 0.919960 0.186989 0.344542
vn 0.970635 0.174687 0.165384
vn 0.955738 0.171729 0.238903
vn 0.971328 0.173020 0.163049
vn 0.978468 -0.048032 0.200730
vn 0.962808 -0.177413 0.203777
vn 0.969758 -0.101194 0.222104
vn 0.957205 0.271168 0.101130
vn -0.079793 0.174667 -0.981389
vn -0.084136 0.296806 -0.951224
vn -0.177371 0.119790 -0.976826
vn -0.532061 -0.708312 -0.463902
vn -0.529675 -0.761537 -0.373504
vn 0.366468 -0.092110 0.925860
vn 0.322696 -0.117755 0.939149
vn 0.975734 0.194274 -0.100995
vn 0.431440 0.855774 0.285501
vn 0.564452 0.800525 0.201382
vn 0.642209 0.737549 0.208780
vn -0.996562 -0.032744 -0.076099
vn -0.995933 -0.080246 0.040963
vn -0.998356 -0.053359 0.020932
vn 0.180695 -0.326582 -0.927736
vn 0.673430 0.729215 0.121397
vn 0.340036 0.927853 0.153181
vn 0.369277 0.892320 0.259616
vn 0.355187 0.900440 0.251098
vn 0.054470 0.983100 -0.174777
vn 0.209694 0.974795 -0.076181
vn 0.436004 0.898925 -0.042830
vn 0.051743 0.997261 0.052854
vn 0.094542 0.995370 0.017314
vn 0.100244 0.988852 0.110105
vn 0.146232 0.013071 0.989164
vn 0.110868 0.002925 0.993831
vn 0.066533 -0.087562 0.993935
vn -0.968257 0.226335 0.106072
vn -0.993684 -0.085767 0.072364
vn -0.974979 0.219345 -0.036112
vn -0.853712 0.101779 -0.510702
vn 0.078238 -0.083656 -0.993419
vn 0.008518 -0.144345 -0.989491
vn 0.063205 -0.143568 -0.987620
vn -0.210463 -0.762133 0.612257
vn 0.289457 -0.369509 -0.882994
vn -0.915219 0.098983 0.390610
vn -0.865762 0.187411 0.464040
vn -0.917703 0.102940 0.383698
vn 0.928493 0.011506 0.371173
vn -0.020973 0.939882 0.340855
vn -0.024275 0.999692 -0.005180
vn 0.954683 0.284667 -0.086861
vn 0.958287 0.266607 -0.102987
vn 0.346887 -0.933903 0.086575
vn -0.983540 -0.176437 -0.038975
vn -0.982767 0.090142 -0.161380
vn -0.983238 -0.057634 -0.172976
vn 0.048104 0.988486 0.143465
vn -0.195312 0.073069 0.978015
vn -0.186309 0.011077 0.982429
vn -0.259837 0.033430 0.965074
vn 0.133347 0.979894 -0.148413
vn 0.166854 0.980432 -0.104464
vn 0.997986 -0.041167 -0.048264
vn 0.994179 -0.071100 -0.080955
vn 0.993545 -0.071118 -0.088374
vn 0.045299 0.988691 0.142963
vn -0.062784 0.926540 0.370920
vn 0.350885 0.882727 0.312527
vn 0.991172 -0.080857 -0.105076
vn 0.996122 -0.078287 -0.040161
vn 0.401566 -0.901852 0.159396
vn -0.105060 0.344006 -0.933071
vn 0.056100 0.303656 -0.951129
vn -0.120578 0.414880 -0.901851
vn 0.378002 0.039119 -0.924978
vn 0.412612 0.232214 0.880811
vn 0.442390 0.658032 0.609331
vn 0.364828 0.489861 0.791793
vn 0.149903 0.011050 0.988639
vn 0.114028 -0.008321 0.993443
vn -0.926141 -0.039360 0.375118
vn -0.932180 -0.123310 0.340346
vn -0.953244 -0.055570 0.297047
vn -0.496021 0.866447 -0.056857
vn -0.645548 0.762441 -0.044168
vn -0.347684 0.937578 0.007967
vn -0.384449 0.769851 -0.509439
vn 0.714174 0.593565 0.370993
vn 0.844106 0.503997 0.182953
vn 0.858138 0.368846 0.357145
vn -0.144411 0.125157 -0.981571
vn -0.092292 0.203194 -0.974779
vn -0.055303 0.661510 0.747895
vn 0.216331 0.644533 0.733334
vn 0.074073 0.338647 0.937993
vn -0.858647 0.507742 0.070166
vn -0.816839 0.544185 0.191409
vn -0.476995 0.146350 -0.866636
vn -0.518158 0.094780 -0.850017
vn -0.599495 0.088730 -0.795445
vn 0.439078 -0.896274 -0.062484
vn -0.852241 -0.512225 -0.106352
vn -0.751442 -0.659071 -0.030970
vn -0.994114 0.079940 0.073119
vn 0.553051 0.148926 0.819729
vn 0.598748 0.317527 0.735308
vn 0.532660 0.409449 0.740693
vn -0.815829 -0.577968 -0.019405
vn -0.879955 -0.471095 0.061235
vn -0.933343 -0.335044 0.128904
vn -0.863662 -0.465514 0.193353
vn -0.825110 0.338640 0.452235
vn -0.878338 0.297199 0.374426
vn 0.040581 0.540815 -0.840162
vn -0.849169 -0.330924 -0.411584
vn -0.964571 0.063223 -0.256138
vn -0.877288 -0.203131 -0.434861
vn -0.858954 -0.252518 -0.445459
vn -0.867513 -0.072846 -0.492052
vn -0.784983 -0.304154 -0.539715
vn 0.243262 -0.721449 0.648333
vn 0.154118 -0.841636 0.517587
vn 0.394285 0.328067 0.858436
vn 0.219274 -0.975606 -0.010553
vn 0.213209 -0.976981 0.007046
vn 0.540421 0.061968 0.839110
vn 0.521442 -0.014702 0.853160
vn 0.586901 -0.092268 0.804384
vn 0.274448 -0.861627 -0.426939
vn 0.236238 -0.902802 -0.359360
vn 0.271461 -0.918210 -0.288443
vn -0.218470 -0.404610 0.888010
vn 0.110679 -0.702074 0.703450
vn 0.070626 -0.598085 0.798315
vn -0.863953 -0.314743 0.393093
vn -0.581415 -0.512718 0.631725
vn -0.687634 -0.583339 0.432291
vn -0.483010 -0.767875 0.420797
vn 0.031861 -0.980812 -0.192335
vn 0.047487 -0.976021 -0.212435
vn -0.148939 -0.978799 -0.140605
vn 0.279432 -0.945802 -0.165457
vn 0.255315 -0.955038 -0.150721
vn -0.610928 -0.050767 0.790057
vn -0.596227 -0.044772 0.801567
vn -0.565996 -0.262282 0.781573
vn -0.859972 -0.007039 0.510292
vn -0.771856 0.013726 0.635649
vn 0.015378 0.125606 0.991961
vn 0.122394 0.075174 0.989631
vn 0.127908 0.238001 0.962806
vn -0.953688 0.010531 0.300614
vn -0.952208 -0.191244 0.238171
vn -0.647033 0.120306 0.752911
vn -0.751228 -0.656706 0.066290
vn -0.737590 -0.663521 0.125301
vn -0.292440 -0.955161 -0.046323
vn -0.575437 -0.812476 0.093566
vn -0.890414 -0.454331 -0.027302
vn -0.970639 -0.239616 0.021060
vn -0.854141 -0.517204 -0.054255
vn -0.962990 -0.192081 -0.189093
vn -0.884129 -0.443431 -0.147260
vn -0.929627 -0.330474 -0.163033
vn -0.597705 -0.499033 0.627467
vn -0.685816 -0.355778 0.634884
vn -0.464891 0.864743 0.189991
vn -0.476740 0.839768 0.259824
vn -0.366139 0.877471 0.309818
vn -0.818886 0.499132 0.283361
vn 0.179326 -0.972803 -0.146615
vn 0.598324 -0.602977 0.527663
vn 0.580420 -0.561666 0.589613
vn 0.553447 -0.461610 0.693262
vn -0.660563 0.690025 -0.295841
vn -0.747267 0.615403 -0.250741
vn -0.795618 0.533554 0.286900
vn 0.134313 -0.882493 0.450740
vn 0.103235 -0.852549 0.512350
vn 0.061568 -0.938479 0.339803
vn -0.674782 -0.111192 -0.729593
vn -0.893008 0.193003 -0.406554
vn -0.885504 0.168102 -0.433156
vn -0.901079 -0.055361 -0.430107
vn 0.971164 0.036336 -0.235628
vn 0.990751 0.004131 -0.135634
vn 0.152485 0.374216 0.914719
vn 0.074204 0.367871 0.926911
vn 0.215697 0.361990 0.906884
vn 0.918020 0.062940 0.391506
vn 0.996906 0.030781 -0.072324
vn 0.876248 0.113734 0.468245
vn 0.290033 -0.450585 0.844307
vn 0.276284 -0.607307 0.744879
vn 0.364029 -0.530708 0.765397
vn 0.105004 0.335498 0.936171
vn -0.017665 0.421491 0.906661
vn -0.022350 0.096545 0.995078
vn -0.942308 0.257077 0.214400
vn -0.933339 0.288375 0.213819
vn -0.935869 0.291697 0.197639
vn -0.609659 0.786357 -0.099795
vn -0.766886 0.605006 -0.214135
vn -0.912271 0.409355 -0.013804
vn -0.944816 0.321238 -0.064249
vn -0.539353 0.521109 -0.661471
vn -0.515917 0.514010 -0.685291
vn -0.350434 0.433943 -0.829993
vn -0.638351 -0.299235 0.709201
vn -0.599799 -0.207402 0.772804
vn -0.636738 -0.237932 0.733453
vn -0.707688 -0.290008 0.644262
vn 0.531440 0.111864 0.839678
vn 0.312767 0.179737 0.932669
vn 0.369424 0.926865 0.066691
vn 0.294385 0.955589 0.013685
vn 0.098915 0.969533 0.224103
vn 0.047642 -0.084321 0.995299
vn -0.084605 -0.141620 0.986299
vn 0.054950 -0.130538 0.989919
vn 0.104659 0.789841 0.604315
vn 0.110623 0.780961 0.614705
vn 0.302264 0.857986 0.415328
vn 0.249896 0.873600 0.417582
vn 0.249283 0.827761 0.502663
vn 0.266732 0.225151 0.937103
vn 0.331731 0.133988 0.933810
vn 0.620288 0.271359 0.735940
vn 0.703902 0.309299 0.639419
vn 0.294716 -0.623790 0.723899
vn 0.445240 -0.493044 0.747442
vn 0.936200 -0.214264 0.278604
vn 0.988692 -0.149759 0.007809
vn -0.210815 0.006115 0.977507
vn 0.300912 -0.118684 0.946238
vn 0.594371 -0.096925 0.798329
vn 0.264243 -0.124096 0.956439
vn 0.599267 0.098270 0.794495
vn 0.675005 0.171320 0.717647
vn 0.548443 0.145681 0.823400
vn -0.714458 0.691508 0.106611
vn -0.649972 0.751345 0.114092
vn -0.956997 0.209529 0.200636
vn -0.979683 0.192190 0.057316
vn -0.235398 -0.106295 0.966069
vn 0.904251 0.248302 0.347385
vn 0.791350 0.195253 0.579345
vn 0.940267 0.098709 0.325813
vn 0.958535 -0.063954 0.277707
vn 0.882691 0.041868 0.468084
vn 0.865465 -0.083916 0.493891
vn 0.085848 0.776089 0.624753
vn 0.091296 0.927634 0.362162
vn -0.056475 0.853522 0.517988
vn -0.088099 0.548819 0.831286
vn 0.967312 0.026987 -0.252148
vn 0.990416 0.128225 0.051335
vn -0.749328 0.577320 0.324360
vn -0.758429 0.651235 -0.026054
vn -0.958900 -0.272119 -0.080384
vn -0.889664 -0.450639 -0.073635
vn -0.193456 -0.029434 0.980667
vn -0.060179 0.025299 0.997867
vn 0.997874 0.064382 0.010118
vn 0.992886 0.102690 0.060268
vn 0.989876 0.126033 0.065283
vn 0.992198 0.007849 -0.124427
vn 0.996755 0.040442 -0.069597
vn -0.235684 -0.034379 0.971222
vn -0.051498 -0.071218 0.996131
vn -0.283921 -0.067465 0.956472
vn 0.040007 -0.007273 0.999173
vn 0.998092 -0.045823 -0.041388
vn 0.997450 0.069369 -0.016799
vn -0.858712 0.507606 0.070358
vn 0.784633 -0.016256 -0.619747
vn 0.729606 -0.076381 -0.679589
vn 0.884239 0.007620 -0.466973
vn 0.816642 0.087038 -0.570544
vn 0.812303 0.026524 -0.582633
vn 0.946765 0.032053 0.320325
vn 0.853353 0.018127 0.521019
vn 0.846323 0.043309 0.530906
vn 0.503796 0.017843 0.863638
vn 0.409268 -0.005825 0.912396
vn 0.442627 -0.010114 0.896649
vn -0.030797 0.075114 0.996699
vn -0.003897 -0.023931 0.999706
vn -0.043800 -0.074796 0.996237
vn -0.129996 -0.104027 0.986042
vn -0.119053 -0.077202 0.989882
vn 0.622183 0.025994 -0.782440
vn 0.131546 0.989728 -0.055981
vn 0.159339 0.986197 -0.045030
vn 0.866051 -0.000088 0.499955
vn 0.962636 0.069954 0.261606
vn 0.774984 0.125385 0.619417
vn 0.860777 0.091044 0.500774
vn 0.911781 0.206460 0.355007
vn 0.938062 0.302875 -0.168242
vn 0.978353 0.034468 -0.204054
vn 0.903676 0.396803 -0.160989
vn 0.272117 0.292102 0.916858
vn -0.008060 0.326372 0.945207
vn 0.199751 0.940144 0.276095
vn 0.161969 0.862313 0.479774
vn 0.977925 0.208796 -0.008183
vn 0.994953 0.091378 -0.041461
vn 0.991698 0.108426 0.069129
vn 0.928498 0.047667 -0.368266
vn -0.134303 -0.074056 0.988169
vn 0.184950 0.507404 -0.841626
vn 0.170598 0.543086 -0.822164
vn 0.166594 0.254935 -0.952499
vn 0.603964 0.115936 -0.788535
vn -0.171808 -0.099067 0.980137
vn -0.255884 0.179712 0.949856
vn -0.671603 0.580851 -0.459958
vn -0.697582 0.571583 -0.432057
vn -0.742580 0.572613 -0.347404
vn -0.956649 0.277856 -0.087292
vn -0.918237 0.384677 -0.094157
vn 0.943766 0.328016 0.041378
vn 0.931993 0.359534 0.046094
vn 0.966243 0.224511 0.126370
vn -0.954965 0.274487 -0.112684
vn -0.984495 -0.164143 0.061868
vn 0.999458 -0.025895 -0.020310
vn -0.842633 0.500856 -0.197772
vn -0.922717 0.113702 0.368327
vn -0.911161 0.259385 0.320163
vn 0.301809 -0.070586 0.950752
vn 0.607260 0.170406 0.776014
vn 0.610989 0.174487 0.772170
vn 0.601692 0.290485 0.744033
vn 0.065518 0.038979 0.997090
vn 0.344506 0.320154 0.882506
vn 0.310038 0.075849 0.947694
vn 0.943119 0.326625 0.061991
vn 0.995281 0.095417 -0.017669
vn 0.969962 0.160610 0.182699
vn 0.336755 0.939912 0.056230
vn -0.959379 0.119927 0.255361
vn -0.963702 0.236790 -0.123325
vn -0.959367 0.030757 -0.280480
vn -0.822356 -0.403374 -0.401273
vn -0.845143 -0.370184 -0.385614
vn 0.983873 -0.031515 0.176073
vn 0.987447 -0.116965 0.106150
vn 0.938744 -0.320372 0.126971
vn 0.962246 -0.256819 0.090144
vn 0.493200 -0.108526 -0.863120
vn 0.575800 -0.093151 -0.812267
vn -0.029162 -0.253828 -0.966810
vn -0.455110 0.104415 0.884292
vn -0.510979 -0.329224 0.794048
vn -0.419077 -0.474258 0.774244
vn -0.422603 -0.209704 0.881720
vn 0.589769 -0.798385 0.121465
vn 0.680821 -0.722452 0.120607
vn 0.019553 -0.998319 -0.054568
vn -0.337667 -0.929769 -0.146668
vn -0.224976 -0.961246 -0.159347
vn 0.077361 0.991269 0.106780
vn -0.046464 0.998244 0.036730
vn 0.003113 0.996364 0.085144
vn -0.016303 0.997699 0.065811
vn -0.832792 0.394994 -0.387863
vn -0.801811 0.488368 -0.344376
vn 0.208750 -0.974037 -0.087609
vn 0.235638 -0.968853 -0.076145
vn 0.091205 -0.988512 0.120522
vn -0.156292 -0.950430 0.268803
vn 0.337415 -0.716894 0.610093
vn -0.028432 -0.721762 0.691557
vn 0.033982 0.999419 0.002622
vn 0.000270 0.961326 -0.275415
vn -0.586613 0.809152 0.034031
vn 0.051391 0.998411 0.023119
vn 0.173461 -0.978274 0.113544
vn 0.108819 -0.993630 0.029292
vn 0.242792 -0.970054 0.006908
vn 0.145307 -0.986819 -0.071234
vn 0.276900 -0.960587 -0.024478
vn 0.214727 -0.976000 -0.036286
vn -0.243087 -0.939791 -0.240214
vn -0.327120 -0.911491 -0.249353
vn -0.123586 -0.969582 -0.211275
vn -0.032283 -0.998650 -0.040690
vn -0.028693 -0.999011 -0.033969
vn -0.293937 -0.955430 -0.027459
vn -0.325862 -0.943000 -0.067566
vn -0.174382 -0.983844 -0.040523
vn -0.106075 -0.993957 0.028252
vn 0.351641 -0.933324 -0.072492
vn 0.363999 -0.925921 -0.100872
vn 0.096362 -0.990463 0.098475
vn -0.084151 0.986436 -0.140936
vn 0.001649 0.998871 -0.047487
vn -0.037075 0.992563 -0.115947
vn -0.736124 0.557780 -0.383410
vn -0.097110 -0.991424 0.087453
vn -0.148337 -0.965370 0.214609
vn 0.052241 -0.993408 0.102032
vn -0.038976 -0.987401 0.153361
vn 0.088054 -0.952750 0.290713
vn -0.004615 -0.999662 -0.025571
vn 0.006218 -0.910003 0.414554
vn 0.033527 -0.928468 0.369896
vn -0.017660 -0.932946 0.359582
vn -0.609807 0.557845 -0.562978
vn -0.886517 0.341055 -0.312680
vn -0.593457 0.705347 -0.387679
vn -0.976304 0.182453 0.116366
vn -0.167261 -0.983509 0.068801
vn -0.143984 -0.987224 0.068250
vn -0.045913 -0.998843 -0.014287
vn 0.040308 -0.994817 -0.093346
vn -0.806125 0.590661 -0.035809
vn -0.980122 -0.090284 -0.176664
vn -0.995711 -0.088804 -0.025963
vn -0.085669 0.995888 -0.029447
vn -0.511809 0.823964 -0.243175
vn -0.615872 0.784268 -0.075000
vn 0.220474 -0.975045 -0.026035
vn 0.227995 -0.972477 0.048028
vn 0.019709 -0.999271 0.032712
vn -0.690958 0.163636 -0.704131
vn -0.647610 0.168879 -0.743021
vn -0.964825 -0.228166 -0.130590
vn -0.951289 -0.075596 -0.298889
vn -0.926518 0.202252 -0.317267
vn -0.768459 0.053456 -0.637662
vn -0.856468 0.344824 -0.384134
vn -0.931303 -0.198793 -0.305215
vn 0.516677 -0.855480 0.034624
vn 0.413999 -0.907808 0.067007
vn 0.300472 -0.953500 -0.023545
vn 0.662120 0.016300 0.749221
vn 0.450834 0.039141 0.891749
vn -0.632825 0.772503 0.052648
vn -0.544422 0.824468 0.154456
vn -0.902005 0.344290 -0.260482
vn -0.782845 0.605859 -0.141734
vn 0.995364 0.094703 -0.016818
vn 0.994792 0.029713 -0.097501
vn 0.988970 0.035191 0.143873
vn 0.098866 0.199523 0.974893
vn 0.189953 0.281854 0.940466
vn 0.098421 0.102594 0.989842
vn 0.439031 0.073119 0.895492
vn -0.996295 0.084318 -0.016929
vn 0.051575 -0.996398 -0.067317
vn -0.045806 -0.994949 -0.089321
vn -0.035314 -0.997201 -0.065910
vn -0.125004 0.990130 0.063370
vn -0.341754 0.939231 -0.032386
vn -0.492484 0.846923 -0.200453
vn -0.217094 -0.216061 0.951939
vn 0.016308 -0.195837 0.980501
vn 0.185406 0.126969 0.974425
vn 0.018926 -0.999746 -0.012252
vn 0.246006 0.968874 0.027662
vn 0.547412 0.791833 0.270813
vn -0.566051 0.699185 0.436722
vn -0.238543 0.870153 0.431198
vn 0.016468 0.860906 0.508498
vn 0.061657 0.900203 0.431083
vn 0.076721 0.870557 0.486050
vn 0.089828 0.850828 0.517709
vn 0.284077 0.852157 0.439464
vn 0.219965 0.896803 0.383876
vn -0.365018 0.816884 0.446612
vn 0.213743 0.871419 0.441524
vn 0.439396 0.820983 0.364580
vn 0.298971 0.902321 0.310537
vn 0.176394 0.905367 0.386259
vn 0.410905 0.855480 0.315137
vn 0.321962 0.887016 0.330972
vn 0.303320 0.858498 0.413495
vn 0.312118 0.875437 0.369042
vn -0.261414 0.858412 0.441351
vn 0.338127 0.843959 0.416416
vn -0.940190 0.104869 -0.324106
vn -0.872001 0.135391 -0.470408
vn -0.737600 0.446129 -0.506868
vn 0.598521 -0.424804 -0.679201
vn 0.230123 -0.937071 -0.262568
vn 0.246447 -0.969156 0.001169
vn 0.093341 -0.991787 -0.087445
vn 0.137014 -0.990390 -0.018844
vn 0.079909 -0.983844 -0.160206
vn 0.340671 -0.313409 0.886408
vn 0.384232 -0.198172 0.901717
vn 0.225207 -0.256019 0.940072
vn 0.095072 -0.954162 0.283788
vn -0.970901 -0.217871 0.099419
vn 0.775611 -0.373966 -0.508505
vn 0.999124 -0.041231 -0.007168
vn 0.963590 -0.222855 -0.147750
vn 0.068182 -0.990116 -0.122563
vn -0.012107 -0.997297 -0.072470
vn -0.943243 -0.064497 -0.325782
vn -0.920774 0.172049 -0.350106
vn -0.889922 0.279158 -0.360707
vn -0.896148 0.149789 -0.417711
vn -0.085595 0.971130 -0.222667
vn -0.098317 0.962577 -0.252547
vn -0.007176 0.993512 -0.113504
vn -0.078902 0.990601 -0.111735
vn 0.994705 -0.088840 0.051658
vn 0.135144 -0.804315 0.578631
vn 0.065889 -0.934645 0.349426
vn 0.284904 -0.954147 -0.091829
vn 0.180829 0.096666 0.978753
vn -0.971673 0.231459 -0.047726
vn -0.993128 0.087731 0.077464
vn -0.997605 0.068628 0.008625
vn -0.941925 0.330567 -0.059181
vn -0.954976 0.280024 -0.098021
vn -0.985556 0.109516 -0.129170
vn 0.968945 0.240803 0.056204
vn 0.996628 0.081678 0.007778
vn 0.998909 0.044409 -0.014431
vn 0.962320 0.252679 0.100466
vn 0.999681 0.025268 0.000661
vn 0.983347 0.090775 -0.157442
vn 0.873148 0.473960 0.113907
vn 0.924368 0.381359 -0.010443
vn 0.880866 0.461239 0.106460
vn 0.964475 0.095247 0.246405
vn 0.998465 0.054288 -0.011013
vn 0.997599 -0.064140 0.026119
vn -0.040331 0.067818 -0.996882
vn 0.008636 0.050708 -0.998676
vn 0.207249 0.075196 -0.975394
vn -0.208938 0.238582 -0.948379
vn -0.205737 0.297826 -0.932187
vn -0.077996 -0.175430 -0.981397
vn -0.025608 -0.358210 -0.933290
vn 0.812352 0.341225 0.472916
vn 0.831208 0.462376 0.308709
vn 0.741238 0.568936 0.356200
vn 0.876123 0.476814 -0.071111
vn 0.943361 0.301907 -0.137555
vn -0.057427 0.144784 0.987795
vn -0.108821 0.321309 0.940701
vn 0.608501 0.287197 0.739760
vn 0.974686 0.172614 -0.142098
vn 0.974289 0.015549 0.224764
vn 0.995060 -0.099216 0.003359
vn 0.973597 -0.134109 0.184727
vn 0.310644 0.674943 0.669292
vn 0.332194 0.588268 0.737284
vn 0.247147 0.857732 0.450793
vn 0.472263 0.793516 0.383797
vn -0.008791 0.867791 0.496851
vn -0.032878 0.809617 0.586037
vn -0.002658 0.871099 0.491100
vn 0.193914 0.759224 0.621270
vn 0.169748 0.589160 0.789985
vn 0.145306 0.669203 0.728734
vn 0.010964 0.453433 0.891223
vn -0.005167 0.275801 0.961201
vn 0.005273 0.271944 0.962299
vn -0.134911 0.269085 0.953621
vn 0.681919 0.731356 0.010249
vn 0.670315 0.741871 0.017504
vn 0.856384 0.511859 0.067883
vn 0.100909 0.548044 0.830341
vn 0.075809 0.631749 0.771457
vn 0.036430 0.731898 0.680440
vn -0.156185 0.794008 0.587501
vn 0.739879 0.633295 0.226971
vn -0.149247 0.119380 0.981567
vn -0.066051 0.523709 0.849333
vn -0.214423 0.422957 0.880415
vn 0.506579 0.282668 -0.814541
vn 0.477935 -0.001843 -0.878394
vn 0.594729 0.314833 -0.739715
vn 0.133610 0.165030 -0.977197
vn 0.027850 0.394068 -0.918659
vn 0.268475 0.239346 -0.933078
vn -0.296730 0.456254 -0.838918
vn 0.011369 0.296409 -0.954993
vn 0.426018 0.417364 -0.802693
vn -0.053286 0.427887 -0.902260
vn 0.031546 0.683985 -0.728814
vn 0.422204 0.422976 -0.801770
vn -0.050381 -0.035241 -0.998108
vn -0.190543 0.023090 -0.981407
vn -0.219941 -0.044816 -0.974483
vn 0.373331 0.098166 -0.922490
vn 0.285494 0.059068 -0.956558
vn 0.366701 -0.056770 -0.928605
vn 0.170693 -0.264548 -0.949146
vn 0.256878 -0.622141 -0.739564
vn 0.522952 0.113912 -0.844716
vn -0.289475 0.343758 -0.893328
vn 0.217512 0.231704 -0.948157
vn 0.208226 0.245529 -0.946762
vn 0.258836 0.359942 -0.896351
vn 0.097333 0.502832 -0.858887
vn 0.013346 -0.194204 -0.980870
vn -0.284535 0.185797 -0.940489
vn -0.308629 0.117685 -0.943874
vn 0.541518 0.334791 -0.771150
vn 0.472909 0.255992 -0.843105
vn 0.203756 0.262482 -0.943179
vn 0.111106 -0.143712 -0.983363
vn 0.280117 0.115930 -0.952940
vn -0.034977 0.920431 0.389337
vn -0.044384 0.890477 -0.452858
vn -0.360808 0.177069 -0.915677
vn -0.229551 0.358803 -0.904747
vn -0.333346 0.337787 -0.880216
vn -0.642189 -0.242080 -0.727317
vn -0.316184 0.050744 -0.947340
vn 0.439186 0.892999 0.098333
vn 0.992435 -0.113805 0.046066
vn 0.997617 -0.060613 -0.032977
vn 0.992029 0.038041 0.120131
vn 0.998064 -0.000746 0.062183
vn 0.985520 -0.054665 -0.160508
vn 0.990842 -0.070576 -0.115118
vn 0.998607 -0.034927 -0.039545
vn 0.986315 -0.139780 -0.087432
vn 0.980892 -0.097826 -0.168170
vn 0.999644 0.026124 0.005415
vn -0.490102 0.796381 -0.354369
vn -0.317141 0.912869 -0.257083
vn -0.513838 0.774632 -0.368667
vn -0.105705 0.700394 -0.705886
vn -0.174983 0.621337 -0.763755
vn 0.073156 0.645197 -0.760506
vn 0.907590 0.036192 0.418296
vn 0.735539 -0.037576 0.676439
vn 0.822580 0.084806 0.562291
vn 0.544959 -0.430402 0.719565
vn 0.794481 -0.293428 0.531695
vn 0.989535 0.137294 -0.044401
vn 0.989737 0.140349 -0.026871
vn 0.934148 0.097441 -0.343327
vn 0.389600 -0.123418 0.912677
vn 0.016529 -0.422420 0.906249
vn -0.054384 -0.508687 0.859232
vn 0.003767 0.915252 -0.402865
vn -0.031441 0.966837 -0.253451
vn 0.914354 0.365170 -0.174950
vn 0.966976 0.254832 -0.004205
vn 0.737428 -0.005546 0.675403
vn 0.709522 0.146270 0.689335
vn 0.632580 -0.089964 0.769253
vn 0.515660 0.206416 0.831557
vn 0.582837 0.004891 0.812575
vn 0.749276 -0.657037 -0.082995
vn 0.592476 -0.800716 -0.088471
vn 0.645177 -0.756033 -0.110275
vn 0.164168 -0.942490 0.291137
vn 0.302005 -0.878208 0.370869
vn 0.260814 -0.915101 0.307516
vn -0.143966 0.613421 -0.776523
vn -0.178211 0.220533 -0.958961
vn -0.304613 0.377265 -0.874575
vn 0.232336 -0.867926 0.439003
vn -0.114810 -0.876553 0.467413
vn -0.089260 -0.821523 0.563145
vn -0.024892 -0.876182 0.481337
vn 0.999253 0.027733 -0.026911
vn 0.986069 0.099134 0.133565
vn 0.988839 0.125844 0.079761
vn 0.446644 -0.894681 0.007447
vn 0.377291 -0.926004 -0.013007
vn 0.280291 -0.959817 -0.013711
vn 0.809684 -0.585217 -0.043970
vn 0.768333 -0.640034 0.004613
vn 0.983799 0.174617 0.040595
vn 0.965276 0.261220 0.002614
vn 0.994972 0.054513 -0.084024
vn 0.973918 0.177096 0.141847
vn 0.983974 0.147072 0.100822
vn 0.112719 0.973770 -0.197652
vn 0.290567 0.949630 -0.117359
vn 0.014737 0.943746 0.330342
vn -0.085035 0.951873 0.294459
vn 0.401858 0.899909 0.169332
vn 0.015657 -0.765149 0.643663
vn 0.162032 -0.622982 0.765271
vn 0.172989 -0.787740 0.591220
vn 0.973557 -0.142997 0.178151
vn 0.989702 0.116543 0.083118
vn 0.955884 0.291421 0.036868
vn 0.937826 -0.323502 -0.125812
vn 0.865102 -0.472285 0.168950
vn 0.954244 -0.249222 0.165245
vn 0.891949 -0.401725 0.207471
vn 0.206974 -0.975745 -0.071303
vn 0.123081 -0.992303 -0.013664
vn 0.052971 -0.997410 -0.048663
vn 0.103615 -0.994406 0.020518
vn 0.674976 -0.650182 0.348813
vn 0.509761 -0.838706 0.191614
vn 0.028173 0.993641 -0.109018
vn -0.001635 0.985550 -0.169378
vn -0.177685 0.963224 0.201564
vn -0.111166 0.960213 0.256190
vn 0.515531 0.856712 -0.016493
vn -0.243515 0.821894 0.514967
vn 0.454578 -0.890623 0.012230
vn 0.313263 -0.948569 0.045633
vn 0.227317 -0.973821 -0.000071
vn -0.587724 0.608742 -0.532929
vn -0.765007 0.464432 -0.446170
vn 0.987022 -0.072181 -0.143447
vn -0.257576 0.743244 -0.617449
vn -0.427056 0.734884 -0.526849
vn 0.455606 -0.770306 0.446153
vn 0.386677 -0.818132 0.425607
vn 0.441496 -0.662426 0.605205
vn 0.538716 -0.456348 0.708189
vn 0.401895 -0.624862 0.669348
vn -0.351150 0.767998 0.535605
vn -0.282268 0.688358 0.668197
vn -0.247862 0.706642 0.662738
vn -0.478187 0.843130 0.245906
vn -0.833267 0.240378 0.497880
vn -0.939053 0.101492 0.328448
vn -0.944209 0.149427 0.293499
vn -0.865897 0.355718 0.351691
vn -0.494814 0.329377 0.804158
vn -0.991354 -0.078732 0.104967
vn -0.982546 -0.178251 0.053199
vn -0.948260 -0.045557 0.314209
vn -0.929255 0.087878 0.358836
vn -0.860672 -0.049568 0.506742
vn -0.383849 0.342847 0.857389
vn -0.441407 0.413621 0.796290
vn -0.503691 0.489063 0.712118
vn 0.165603 0.160845 0.972987
vn 0.090768 0.193815 0.976830
vn 0.054767 0.177901 0.982523
vn -0.927018 -0.188720 0.324073
vn -0.975524 0.219739 -0.008234
vn -0.794903 0.192557 0.575370
vn -0.860465 0.256471 0.440252
vn -0.730186 0.361814 0.579586
vn -0.328206 0.534216 0.779034
vn 0.368858 0.917800 0.146925
vn -0.407550 0.530067 0.743594
vn -0.315357 -0.277820 0.907395
vn -0.436594 -0.288331 0.852203
vn -0.372954 -0.161085 0.913760
vn -0.176388 0.904216 0.388948
vn -0.386295 0.864759 0.320886
vn 0.074539 0.430052 0.899722
vn 0.092928 0.240948 0.966079
vn -0.849837 0.237559 0.470471
vn -0.702937 0.276278 0.655401
vn 0.560121 0.530838 0.635984
vn 0.540131 -0.049020 0.840152
vn 0.629182 0.071639 0.773950
vn 0.977856 -0.204734 0.043369
vn 0.992246 -0.102609 0.070141
vn 0.945818 -0.217256 0.241305
vn 0.979446 0.049222 0.195608
vn 0.091396 -0.269066 0.958775
vn 0.111237 -0.174438 0.978365
vn 0.635197 -0.140004 0.759555
vn 0.261374 0.376121 0.888941
vn 0.119880 0.344168 0.931224
vn 0.292381 -0.052326 0.954869
vn 0.947831 0.315427 -0.046071
vn 0.989793 0.097875 -0.103584
vn 0.974517 0.221189 -0.037311
vn 0.985988 0.148863 -0.075282
vn -0.144644 0.247929 0.957919
vn -0.070243 0.878446 0.472650
vn 0.983235 -0.047498 -0.176046
vn 0.975604 -0.016959 -0.218880
vn 0.970496 0.007422 -0.241005
vn 0.939909 0.080389 -0.331826
vn 0.950895 0.066669 -0.302248
vn 0.224834 0.574080 0.787326
vn 0.279657 0.625995 0.727958
vn -0.116166 0.236702 0.964613
vn -0.851066 0.523417 0.041488
vn -0.677910 0.724670 0.123659
vn -0.835881 0.545665 0.059604
vn -0.819919 0.557419 0.130451
vn -0.570959 0.813039 0.113899
vn -0.175231 -0.352417 -0.919291
vn -0.180569 -0.237157 -0.954543
vn -0.183896 -0.243523 -0.952302
vn -0.009020 0.129786 -0.991501
vn 0.119257 0.253055 -0.960073
vn 0.181587 0.266812 -0.946487
vn -0.404467 -0.904308 -0.136504
vn -0.392074 -0.917687 -0.064248
vn -0.460907 -0.860296 -0.217845
vn -0.347299 -0.919191 -0.185666
vn -0.955890 0.267810 0.120632
vn -0.996811 -0.019298 0.077432
vn -0.993747 0.086245 -0.070918
vn -0.976948 0.209303 0.042008
vn -0.892191 0.424206 0.155060
vn 0.683953 -0.296910 -0.666373
vn 0.590622 -0.477672 -0.650381
vn 0.103684 -0.901700 -0.419745
vn 0.102501 -0.911900 -0.397406
vn 0.287975 -0.661097 -0.692836
vn -0.884032 0.077743 -0.460915
vn -0.756355 0.132424 -0.640617
vn -0.847676 0.405925 -0.341570
vn -0.905436 0.416892 -0.079920
vn -0.902193 0.353725 -0.246832
vn 0.176011 0.980648 -0.085733
vn 0.120973 0.991456 -0.048789
vn -0.037551 -0.102426 -0.994032
vn 0.090329 -0.157790 -0.983333
vn 0.130268 -0.082149 -0.988070
vn -0.038050 -0.213510 -0.976200
vn -0.027689 -0.194896 -0.980433
vn -0.362659 -0.065845 -0.929593
vn -0.435802 -0.204007 -0.876617
vn -0.439536 -0.224955 -0.869600
vn -0.417899 0.194901 -0.887341
vn -0.260182 0.038120 -0.964807
vn -0.186597 -0.013272 -0.982347
vn -0.298417 -0.013620 -0.954338
vn -0.442560 -0.211832 -0.871360
vn -0.408623 -0.201667 -0.890145
vn -0.172502 -0.039700 -0.984209
vn -0.294992 -0.179802 -0.938430
vn -0.164335 0.330004 0.929565
vn -0.101978 0.487206 0.867312
vn 0.368503 0.480788 0.795643
vn 0.301519 0.727037 0.616850
vn 0.293323 0.656012 0.695421
vn 0.266727 0.697451 0.665146
vn 0.122102 0.734609 0.667413
vn 0.257763 0.793196 0.551723
vn 0.371446 0.648534 0.664403
vn 0.446255 0.465096 0.764553
vn 0.354823 0.520840 0.776419
vn -0.143809 -0.133815 -0.980516
vn -0.240890 -0.058697 -0.968776
vn -0.148661 -0.088021 -0.984963
vn -0.037155 0.357902 -0.933020
vn -0.074238 0.015348 -0.997122
vn -0.139816 0.232227 -0.962560
vn 0.028683 -0.966602 -0.254672
vn 0.374134 -0.727250 -0.575441
vn 0.235284 -0.715360 -0.657952
vn -0.307891 -0.185382 -0.933186
vn -0.290387 -0.065019 -0.954698
vn -0.149591 -0.202631 -0.967762
vn -0.107916 -0.164003 -0.980539
vn 0.314912 -0.113317 0.942332
vn 0.195074 0.059887 0.978958
vn 0.306962 -0.121274 0.943964
vn 0.327662 -0.128230 0.936053
vn 0.306395 -0.163571 0.937745
vn 0.983213 0.036256 0.178823
vn 0.966151 0.141806 0.215507
vn 0.187296 0.227418 0.955616
vn 0.163977 0.304838 0.938182
vn 0.274053 0.268477 0.923480
vn 0.281306 0.779089 0.560256
vn -0.702477 0.075093 -0.707734
vn -0.941765 0.031054 -0.334835
vn -0.872003 0.457964 -0.172857
vn -0.378553 0.152783 -0.912883
vn -0.695445 0.573042 -0.433566
vn -0.297137 0.342146 -0.891429
vn -0.726313 -0.494052 -0.477894
vn -0.809991 -0.309430 -0.498165
vn -0.645552 -0.679035 -0.349534
vn 0.937957 0.304574 0.165745
vn 0.944446 0.241769 0.222641
vn 0.929506 0.367664 0.029017
vn -0.050559 -0.056673 0.997112
vn 0.063732 -0.036457 0.997301
vn -0.052570 0.011462 0.998551
vn -0.280832 0.418329 0.863791
vn -0.212201 0.364166 0.906837
vn 0.999606 -0.012380 0.025200
vn 0.996267 0.083785 -0.020806
vn 0.995082 0.016768 -0.097624
vn 0.997898 -0.027756 -0.058563
vn -0.867444 0.062812 -0.493554
vn -0.601036 0.573908 -0.556223
vn -0.781413 0.436556 -0.445884
vn -0.387741 0.833904 -0.392760
vn -0.454420 0.737439 -0.499685
vn -0.539041 0.742391 -0.397859
vn -0.558803 0.741744 -0.370884
vn -0.444612 0.860509 0.248687
vn -0.990850 0.085639 -0.104315
vn -0.953789 0.032534 -0.298712
vn -0.955441 0.050466 -0.290836
vn 0.240954 -0.199622 -0.949786
vn -0.184497 -0.928395 -0.322559
vn -0.045862 -0.985164 -0.165374
vn -0.180084 -0.952024 -0.247428
vn 0.907300 0.026837 -0.419628
vn -0.984379 0.171836 0.038338
vn -0.979640 -0.004488 -0.200712
vn -0.827789 0.298026 0.475337
vn -0.623555 0.563286 0.542114
vn -0.791780 0.397403 0.463849
vn -0.725340 0.599589 0.338194
vn -0.771837 0.537148 0.340206
vn -0.131688 -0.089408 -0.987251
vn -0.120711 -0.236728 -0.964048
vn -0.219491 -0.318999 -0.921989
vn 0.052956 -0.656854 -0.752156
vn -0.063556 -0.655962 -0.752113
vn -0.004877 -0.575388 -0.817866
vn -0.973801 -0.215266 -0.073292
vn -0.929176 -0.365594 -0.054525
vn -0.917146 -0.371381 -0.144633
vn -0.872353 -0.455921 -0.176457
vn -0.584008 -0.734811 -0.344945
vn -0.853400 -0.212957 -0.475770
vn -0.860465 0.374302 -0.345685
vn -0.916411 0.343348 -0.205679
vn -0.278672 -0.037661 -0.959648
vn -0.281480 0.046441 -0.958443
vn 0.615589 0.032834 0.787383
vn 0.605951 0.122261 0.786051
vn 0.502573 0.299765 0.810901
vn 0.444568 0.365555 0.817759
vn 0.320803 0.357151 0.877228
vn 0.984751 0.138264 0.105591
vn 0.578152 0.462028 0.672511
vn -0.800758 0.551367 -0.234056
vn 0.137282 -0.990415 0.015194
vn 0.206747 -0.978163 -0.021285
vn 0.246612 -0.968928 0.018997
vn 0.112660 -0.992395 0.049607
vn 0.132964 -0.990655 0.030379
vn 0.457735 -0.877931 0.140412
vn 0.283348 -0.956494 0.069517
vn 0.628763 -0.773744 -0.077311
vn -0.773444 0.620695 0.128541
vn -0.784990 0.606854 0.124575
vn -0.757131 0.634282 0.156328
vn -0.843678 0.536485 0.019788
vn -0.869994 0.493053 -0.003040
vn -0.889847 0.456259 -0.000477
vn 0.162932 -0.821457 -0.546499
vn 0.150630 -0.783211 -0.603234
vn 0.284354 -0.491329 -0.823249
vn 0.215191 -0.331134 -0.918718
vn -0.885402 0.426866 0.183983
vn -0.940426 -0.193943 -0.279258
vn -0.929904 -0.235874 -0.282210
vn -0.183315 0.318847 -0.929910
vn -0.463717 0.359107 -0.809944
vn -0.237757 0.389290 -0.889902
vn 0.394863 0.106947 -0.912494
vn 0.339034 0.044990 -0.939698
vn 0.347498 0.122508 -0.929644
vn 0.112699 0.221077 -0.968723
vn 0.170591 0.185090 -0.967802
vn 0.493100 -0.658382 -0.568670
vn 0.785322 -0.455574 -0.419191
vn 0.601282 -0.624617 -0.498311
vn 0.054166 0.496235 0.866497
vn -0.019999 0.558352 0.829363
vn 0.091028 0.468538 0.878741
vn -0.047693 0.752097 0.657324
vn -0.163888 0.681966 0.712785
vn 0.137605 0.663488 0.735424
vn 0.241691 0.839236 0.487102
vn 0.262190 0.641772 0.720684
vn 0.600079 0.234510 0.764794
vn 0.382096 0.522531 0.762210
vn 0.090533 0.777637 0.622162
vn -0.821708 -0.569555 -0.020102
vn -0.397878 -0.916836 -0.033233
vn -0.529198 -0.848438 -0.010079
vn -0.444829 -0.895344 0.022049
vn 0.513681 0.085127 -0.853748
vn 0.613207 -0.123939 -0.780139
vn 0.318610 0.164100 -0.933573
vn 0.983126 -0.040303 0.178435
vn 0.992305 -0.006178 -0.123663
vn 0.969835 0.045120 0.239549
vn 0.969686 -0.064506 0.235687
vn 0.973139 -0.008477 0.230063
vn -0.927362 0.366323 0.076204
vn -0.736743 0.637590 -0.225141
vn -0.772770 0.602301 -0.200151
vn -0.916617 0.255442 0.307512
vn -0.952361 0.216328 0.214966
vn -0.970493 0.079011 0.227817
vn -0.897641 0.324502 0.298227
vn -0.919390 0.325509 0.220831
vn -0.935195 0.315810 0.160231
vn -0.932993 0.329536 0.144670
vn -0.917701 0.320732 0.234428
vn -0.902331 0.346112 0.256913
vn -0.551456 0.679002 0.484616
vn -0.637475 0.668910 0.382342
vn -0.743895 0.602580 0.288995
vn -0.951507 0.284510 0.116996
vn -0.904576 0.392018 -0.167522
vn -0.831315 0.555573 0.015965
vn -0.731598 0.665510 -0.147853
vn -0.786356 0.614819 -0.060340
vn -0.938429 0.307935 0.156612
vn -0.920022 0.367835 0.135116
vn -0.226902 0.326547 -0.917542
vn -0.315183 0.224847 -0.922011
vn -0.116244 0.187599 -0.975343
vn -0.070127 -0.068755 -0.995166
vn -0.319931 0.097870 -0.942373
vn -0.643240 0.054501 0.763722
vn -0.649532 0.069989 0.757106
vn -0.837730 0.144152 0.526714
vn -0.773406 0.230573 0.590490
vn 0.658819 -0.405920 -0.633392
vn 0.552047 -0.801663 -0.229306
vn 0.313324 -0.632801 -0.708090
vn 0.290548 -0.519116 -0.803804
vn 0.554576 -0.692380 -0.461579
vn 0.097898 -0.798050 -0.594586
vn -0.277420 -0.726452 -0.628733
vn -0.199405 -0.682479 -0.703179
vn 0.287773 0.305803 -0.907563
vn 0.291182 0.002990 -0.956663
vn 0.229553 0.066521 -0.971020
vn 0.169122 -0.080309 -0.982318
vn 0.129867 -0.567399 -0.813138
vn 0.139103 -0.389773 -0.910345
vn 0.266396 0.073133 0.961085
vn 0.269352 0.120446 0.955480
vn 0.357251 -0.182950 0.915916
vn -0.043829 0.369352 -0.928256
vn -0.390233 -0.707104 -0.589680
vn 0.873303 0.121475 -0.471791
vn 0.884375 0.004715 -0.466754
vn 0.958405 0.140464 -0.248454
vn 0.367125 0.916249 0.160333
vn 0.955516 0.082043 -0.283300
vn 0.923717 0.085219 -0.373476
vn 0.558288 -0.198218 -0.805621
vn 0.261031 -0.472095 -0.842015
vn 0.086932 -0.148998 -0.985009
vn -0.075659 -0.135039 -0.987948
vn -0.113680 -0.952531 -0.282421
vn -0.125517 -0.929262 -0.347444
vn -0.052724 -0.935084 -0.350483
vn -0.111730 -0.142800 -0.983425
vn -0.193748 -0.145219 -0.970244
vn -0.391506 -0.330593 -0.858738
vn -0.380186 -0.392203 -0.837637
vn -0.346788 -0.349466 -0.870409
vn -0.253952 -0.039354 -0.966416
vn -0.211229 -0.304852 -0.928680
vn 0.723070 -0.673437 -0.153794
vn 0.619551 -0.767785 -0.163288
vn 0.470979 -0.880936 -0.046155
vn 0.857339 -0.509983 -0.069906
vn 0.866620 -0.462743 -0.186651
vn -0.832066 0.267327 0.486007
vn -0.972206 0.062413 0.225655
vn -0.989301 -0.025719 0.143607
vn 0.375791 0.436293 -0.817575
vn 0.471301 0.426588 -0.771944
vn 0.335380 0.790653 -0.512238
vn 0.084755 0.828282 -0.553864
vn 0.190813 0.819342 -0.540619
vn -0.864238 0.408498 0.293636
vn 0.835653 0.548556 0.027749
vn 0.768712 0.616178 0.171486
vn -0.489882 0.368788 -0.789944
vn -0.828998 0.469566 0.303761
vn -0.865029 0.433046 0.253370
vn -0.895918 0.336475 0.290026
vn -0.796098 0.595580 0.107297
vn -0.866160 0.487632 0.109459
vn -0.043171 -0.079748 -0.995880
vn 0.149990 0.102515 -0.983359
vn 0.006606 -0.130646 -0.991407
vn 0.189220 -0.035583 -0.981290
vn -0.373405 0.481355 -0.793011
vn -0.168559 0.421884 -0.890843
vn -0.261940 -0.506756 -0.821332
vn -0.603066 -0.517149 -0.607346
vn -0.790878 0.595207 0.142274
vn -0.924996 0.322844 0.200384
vn -0.931538 0.320952 0.170961
vn 0.869985 0.166539 -0.464102
vn 0.736262 0.198781 -0.646842
vn 0.688309 0.322729 -0.649674
vn -0.355053 0.236539 -0.904426
vn -0.253296 -0.093291 -0.962880
vn 0.273340 -0.961856 0.010853
vn 0.085585 -0.996324 -0.003812
vn 0.041787 -0.998815 -0.024935
vn -0.765924 0.506174 0.396421
vn -0.891060 0.391684 0.229336
vn -0.744773 0.547774 0.381125
vn 0.424468 0.818292 0.387589
vn 0.488404 0.840513 0.234519
vn 0.375918 0.925284 -0.050345
vn 0.136178 0.278685 0.950679
vn 0.253518 0.138510 0.957363
vn 0.128272 0.236384 0.963156
vn 0.043863 0.323201 0.945313
vn 0.313543 0.945180 0.091241
vn 0.280056 0.955949 0.087920
vn 0.303276 0.930282 -0.206394
vn 0.314045 0.919952 -0.234659
vn 0.391539 0.919301 -0.039782
vn 0.230782 0.970553 -0.069043
vn 0.142087 0.974239 0.175129
vn 0.133626 0.382121 0.914400
vn 0.075970 0.270889 0.959608
vn -0.076236 0.295369 0.952337
vn 0.039970 0.421723 0.905843
vn -0.757895 0.367671 -0.538901
vn -0.941922 0.187334 -0.278728
vn -0.919012 0.198062 -0.340865
vn -0.803418 0.227903 -0.550073
vn 0.400292 0.109978 0.909765
vn 0.402566 0.014814 0.915271
vn 0.397375 -0.025634 0.917298
vn -0.879773 0.445133 0.166900
vn 0.170307 -0.980858 0.094413
vn 0.091393 -0.983288 0.157453
vn -0.058232 -0.994793 0.083639
vn 0.176624 -0.968140 -0.177506
vn 0.269828 -0.941288 -0.202905
vn 0.154952 -0.978637 -0.135131
vn 0.971772 0.060234 0.228101
vn 0.327516 -0.868671 -0.371678
vn 0.355575 -0.890459 -0.283988
vn 0.281716 -0.954728 0.095556
vn 0.814661 0.575722 0.069797
vn 0.322683 -0.928898 -0.181727
vn 0.244684 -0.966460 -0.078003
vn 0.253530 -0.967323 -0.002776
vn 0.289305 -0.944466 -0.155840
vn 0.212955 -0.939362 -0.268791
vn 0.127213 -0.987450 -0.093594
vn 0.042203 -0.995839 -0.080764
vn 0.304078 -0.945553 -0.116040
vn 0.145252 -0.962649 -0.228494
vn 0.233907 -0.938265 -0.254844
vn 0.873967 0.397159 0.280082
vn 0.847197 0.205029 0.490122
vn 0.128604 -0.980834 -0.146372
vn -0.199037 -0.979904 0.013118
vn -0.296557 -0.954696 0.024675
vn -0.122417 -0.982338 -0.141516
vn 0.973428 0.141006 0.180429
vn -0.170812 0.334127 0.926921
vn -0.019994 0.477527 0.878389
vn -0.065681 0.379132 0.923009
vn 0.123925 0.447492 0.885660
vn 0.303322 0.219707 0.927214
vn 0.323536 0.079712 0.942852
vn 0.185513 0.237558 0.953494
vn 0.931105 0.354417 0.086208
vn 0.947238 0.270508 -0.171947
vn 0.961013 0.276026 0.016227
vn -0.548674 0.295540 -0.782057
vn -0.242287 0.779292 0.577928
vn -0.809740 0.313035 0.496316
vn -0.918257 0.375770 -0.124907
vn -0.932212 0.354520 -0.072776
vn -0.935692 0.299902 -0.185846
vn 0.836105 0.433489 0.336179
vn 0.580118 0.810432 -0.081621
vn 0.489152 0.865778 0.105638
vn -0.401022 0.437439 -0.804878
vn -0.571110 0.404758 -0.714146
vn -0.985700 -0.164671 -0.035764
vn -0.997102 -0.058997 -0.048035
vn -0.973467 -0.224854 0.042471
vn -0.402717 0.134018 -0.905460
vn -0.984540 -0.174910 -0.009359
vn -0.987437 -0.155600 -0.027511
vn -0.956209 -0.280037 -0.085106
vn -0.998047 0.040810 0.047288
vn -0.996514 0.082944 0.008988
vn -0.999683 0.006990 -0.024186
vn -0.960716 0.272146 -0.054421
vn -0.963260 0.268159 0.014856
vn -0.992854 0.114784 -0.032628
vn -0.748749 -0.454607 0.482398
vn -0.537642 0.280249 0.795237
vn -0.654952 0.322143 0.683565
vn -0.769298 0.229793 0.596134
vn -0.575017 0.633529 0.517684
vn -0.491805 0.585881 0.644105
vn -0.423595 0.589788 0.687544
vn 0.297026 0.912740 -0.280502
vn 0.279390 0.818642 -0.501763
vn 0.179877 0.006654 0.983667
vn 0.198580 0.209667 0.957395
vn -0.732843 -0.679897 0.026119
vn -0.880970 -0.466031 0.081900
vn -0.862087 -0.505779 0.031538
vn -0.975980 0.127672 0.176531
vn -0.982438 0.024033 0.185038
vn 0.619036 -0.045411 -0.784049
vn 0.090191 0.086502 -0.992161
vn 0.124753 0.085438 -0.988502
vn 0.020517 -0.077219 -0.996803
vn -0.140334 0.038620 -0.989351
vn -0.153982 -0.025338 -0.987749
vn 0.149154 0.102609 -0.983476
vn 0.064930 0.148581 -0.986766
vn -0.408989 0.402748 0.818854
vn -0.350342 0.120028 0.928899
vn -0.247021 0.404016 0.880768
vn 0.206157 0.944889 0.254330
vn 0.763702 -0.184324 -0.618696
vn 0.905733 0.008999 -0.423753
vn 0.892255 0.071249 -0.445875
vn 0.827207 0.057163 -0.558982
vn 0.025251 -0.983335 -0.180041
vn 0.044498 -0.952393 0.301610
vn 0.143206 -0.973023 0.180880
vn 0.059061 -0.971438 0.229828
vn 0.193682 -0.414487 0.889206
vn -0.316517 -0.485583 0.814878
vn 0.087324 -0.672585 0.734850
vn 0.053910 -0.830946 0.553736
vn -0.478353 0.672385 0.564870
vn -0.420461 0.716248 0.556957
vn -0.612410 0.566890 0.550990
vn -0.555066 0.533984 0.637780
vn -0.999841 -0.017719 -0.001872
vn -0.907067 0.344916 0.241378
vn -0.333130 0.826352 0.454056
vn -0.477209 0.821546 0.311983
vn -0.882183 0.464133 -0.079586
vn 0.061174 -0.997249 -0.041860
vn 0.046478 -0.998543 -0.027433
vn -0.075868 -0.950938 -0.299934
vn 0.032910 -0.990528 -0.133307
vn -0.041981 -0.981823 -0.185096
vn -0.491595 0.235565 -0.838358
vn -0.785370 0.567261 -0.247808
vn -0.913756 0.399725 0.072595
vn -0.952832 0.217879 0.211280
vn -0.993761 0.088149 0.068333
vn -0.905232 0.011377 -0.424765
vn -0.684947 0.138826 -0.715245
vn 0.969021 0.170804 -0.178396
vn 0.919715 0.249876 -0.302796
vn 0.900608 0.152184 -0.407118
vn 0.830763 0.070876 -0.552096
vn -0.940189 0.308776 0.143880
vn 0.397542 -0.914501 -0.075153
vn 0.273426 -0.961391 -0.031090
vn 0.540025 -0.826606 0.158417
vn 0.933538 0.140838 -0.329652
vn 0.942985 -0.088059 -0.320976
vn 0.924946 -0.029587 -0.378946
vn 0.940340 0.338962 0.029418
vn 0.328041 -0.474287 0.816971
vn 0.483328 -0.304194 0.820890
vn 0.379104 -0.213905 0.900292
vn 0.327683 -0.279828 0.902397
vn -0.748662 0.422988 0.510477
vn -0.616147 0.486565 0.619368
vn -0.448358 -0.025151 -0.893500
vn 0.058011 0.171590 0.983459
vn -0.181019 -0.873261 -0.452379
vn -0.756050 -0.602501 -0.255699
vn -0.748644 -0.650343 -0.128787
vn -0.885254 0.452885 0.105926
vn -0.772880 0.625332 0.107783
vn 0.197075 0.271516 0.942040
vn -0.037783 0.413533 0.909705
vn -0.937961 0.276687 0.208983
vn -0.989861 -0.012927 -0.141452
vn -0.994778 -0.034156 -0.096174
vn -0.234549 -0.398981 -0.886454
vn -0.157846 -0.397484 -0.903931
vn -0.122232 -0.265589 -0.956306
vn -0.147956 -0.661674 -0.735049
vn -0.189761 -0.725276 -0.661790
vn 0.533432 0.034881 0.845124
vn 0.696478 0.075427 0.713603
vn 0.682855 0.426783 0.592930
vn 0.471871 0.581434 0.662776
vn -0.135245 -0.632364 -0.762774
vn 0.146848 -0.572577 -0.806592
vn 0.075073 -0.306059 -0.949048
vn -0.096291 -0.032039 -0.994837
vn 0.049325 0.371707 -0.927039
vn 0.088800 0.448772 -0.889224
vn -0.494415 -0.864322 -0.092207
vn -0.820492 -0.521488 -0.234188
vn -0.672985 -0.694608 -0.254188
vn -0.939685 -0.297454 -0.168860
vn -0.974797 0.199450 0.099956
vn -0.992941 0.118222 0.009627
vn -0.998204 -0.011140 -0.058870
vn -0.945617 0.319784 -0.059562
vn -0.906763 0.418624 -0.050354
vn 0.433818 0.371672 0.820769
vn 0.249873 0.554597 0.793716
vn 0.330141 0.647375 0.686959
vn 0.224829 0.532899 0.815764
vn -0.964259 0.259653 0.052777
vn -0.731135 -0.073306 -0.678283
vn -0.573012 -0.359452 -0.736513
vn -0.987105 -0.142492 -0.072932
vn -0.991916 -0.095758 -0.083268
vn -0.976286 0.206771 0.064117
vn -0.921683 0.359389 0.146084
vn 0.925409 -0.373286 0.065389
vn 0.865820 -0.469392 0.173285
vn -0.070548 0.178456 -0.981416
vn 0.022982 0.178727 -0.983630
vn -0.142212 -0.402559 -0.904280
vn -0.169936 -0.614192 -0.770642
vn 0.026039 0.017787 -0.999503
vn -0.022656 -0.113666 -0.993261
vn -0.050737 -0.011440 -0.998647
vn -0.129877 -0.668174 -0.732581
vn 0.821351 -0.507610 0.260221
vn 0.923313 -0.351701 0.154271
vn 0.537091 -0.374318 0.755922
vn -0.935022 0.123583 0.332357
vn -0.950495 0.117952 -0.287483
vn -0.862878 0.100758 -0.495267
vn -0.828860 0.093547 -0.551580
vn -0.419901 0.572961 -0.703846
vn -0.966355 0.246768 0.072551
vn -0.968989 0.139183 0.204179
vn -0.908979 0.414180 0.047038
vn -0.074545 0.670806 0.737877
vn -0.219979 0.555441 0.801932
vn -0.102311 0.686168 0.720213
vn -0.418700 0.356719 0.835130
vn -0.240350 0.498096 0.833146
vn -0.953032 0.163786 -0.254761
vn -0.331965 -0.859945 -0.387678
vn -0.487006 -0.706778 -0.513118
vn -0.524006 -0.722209 -0.451477
vn 0.114859 0.220314 -0.968643
vn 0.131049 0.281724 -0.950504
vn 0.019380 -0.036514 -0.999145
vn -0.039882 0.169699 -0.984689
vn -0.969775 0.243152 0.020331
vn -0.878876 0.420694 -0.224928
vn 0.395676 0.099533 -0.912981
vn 0.192201 0.252420 -0.948337
vn 0.109629 0.220979 -0.969097
vn -0.545275 0.154499 -0.823897
vn -0.992699 -0.020437 0.118874
vn -0.971098 0.149997 0.185662
vn -0.998197 -0.051498 0.030848
vn 0.210627 0.962822 0.169147
vn 0.123528 0.963304 0.238300
vn -0.105114 0.852777 0.511588
vn -0.327381 -0.106243 0.938901
vn -0.937707 0.291326 0.189301
vn 0.943169 0.064895 -0.325916
vn 0.971475 0.046770 -0.232486
vn 0.989983 0.013911 -0.140497
vn 0.995224 0.021463 -0.095231
vn -0.832685 0.387534 0.395541
vn -0.918410 0.310081 0.245710
vn -0.941318 0.281978 0.185498
vn -0.893700 0.447995 -0.024503
vn 0.816861 0.507212 -0.274726
vn 0.091241 -0.253460 0.963033
vn 0.198434 -0.075214 0.977224
vn 0.056526 0.318311 0.946300
vn 0.010172 0.087767 0.996089
vn 0.016422 -0.997541 0.068133
vn 0.044402 -0.998678 0.025913
vn 0.293902 -0.278931 -0.914231
vn 0.291688 -0.604809 -0.741030
vn 0.197007 -0.735488 -0.648264
vn 0.399178 -0.358464 -0.843896
vn 0.047921 0.113234 -0.992412
vn 0.210337 0.112861 -0.971093
vn -0.509903 0.710957 0.484292
vn -0.360834 0.662918 0.656002
vn -0.104705 0.542683 0.833386
vn -0.861566 -0.126314 -0.491680
vn -0.770747 -0.070662 -0.633211
vn 0.888714 -0.404151 -0.216445
vn 0.998839 0.028213 -0.039060
vn 0.599564 -0.115466 0.791954
vn -0.719208 0.669141 0.187055
vn 0.955925 -0.074614 -0.283973
vn 0.970444 -0.200032 -0.135004
vn 0.858780 0.073445 -0.507054
vn 0.428730 0.900831 -0.068508
vn 0.074314 -0.476851 0.875837
vn 0.277577 0.076646 0.957641
vn 0.241889 0.027112 0.969925
vn 0.359189 0.402820 0.841855
vn 0.157200 0.171580 0.972547
vn 0.046044 -0.686171 0.725982
vn 0.082057 0.426041 -0.900975
vn 0.323163 0.144794 -0.935201
vn 0.165679 0.982197 -0.088541
vn 0.194614 0.215369 -0.956944
vn 0.144630 0.418850 -0.896464
vn 0.259506 0.469741 -0.843801
vn -0.119657 -0.031631 -0.992311
vn -0.176065 0.121009 -0.976912
vn -0.229769 -0.151738 -0.961344
vn -0.233771 -0.968020 -0.091044
vn -0.108043 -0.993117 -0.045225
vn 0.012117 -0.992785 -0.119295
vn 0.058302 -0.996782 -0.055023
vn -0.899697 0.151803 0.409268
vn 0.412017 -0.376940 0.829553
vn 0.715567 0.072190 -0.694804
vn 0.786867 0.046063 -0.615402
vn -0.892936 -0.427980 -0.139639
vn -0.794936 -0.573887 -0.196799
vn -0.750533 -0.656685 -0.073920
vn -0.838396 -0.543402 -0.042504
vn -0.997797 0.018401 -0.063745
vn -0.997919 0.063665 0.010193
vn -0.994420 -0.102500 -0.024946
vn -0.967251 0.216686 -0.132183
vn -0.969194 0.215329 -0.119565
vn -0.964479 0.217974 -0.149224
vn 0.815550 -0.076097 -0.573661
vn 0.797281 -0.016839 -0.603373
vn 0.939859 -0.034233 -0.339843
vn 0.673354 -0.091039 -0.733693
vn 0.824429 -0.005659 -0.565938
vn 0.468913 -0.079907 -0.879622
vn 0.987334 0.055506 -0.148627
vn 0.995470 -0.050699 -0.080428
vn 0.984301 0.155855 -0.082832
vn -0.276877 0.293834 0.914877
vn -0.278677 0.563832 0.777453
vn -0.152130 0.490710 0.857940
vn -0.355748 0.685627 -0.635106
vn -0.070404 0.211592 -0.974819
vn 0.074417 0.235002 -0.969142
vn -0.017287 0.994167 0.106462
vn 0.069019 0.348378 0.934810
vn -0.163961 -0.085897 0.982720
vn 0.111773 0.076241 0.990805
vn 0.043927 0.125562 0.991113
vn -0.189428 -0.026974 0.981524
vn -0.933379 0.272417 0.233650
vn -0.923449 0.330243 0.195401
vn 0.832533 -0.286443 0.474172
vn 0.983137 -0.156202 0.095098
vn 0.961717 -0.007279 -0.273949
vn 0.985848 -0.066182 -0.154025
vn 0.926555 -0.015368 -0.375846
vn 0.255123 0.555536 -0.791386
vn 0.347058 0.623340 -0.700712
vn 0.194843 0.684808 -0.702193
vn 0.286523 0.684188 -0.670664
vn -0.725423 -0.679378 0.110486
vn -0.683049 -0.729498 0.035728
vn -0.346417 -0.938072 0.004011
vn -0.233977 -0.971853 -0.027507
vn -0.200024 -0.979071 -0.037550
vn -0.667319 0.314633 0.675049
vn -0.392428 0.828903 0.398647
vn -0.661926 0.571542 0.484968
vn -0.819322 0.555883 0.140377
vn -0.907485 0.390568 0.154687
vn -0.916349 0.399777 -0.021993
vn -0.985904 0.166707 -0.014257
vn 0.225048 -0.887753 -0.401558
vn 0.354590 -0.718326 -0.598560
vn 0.452026 -0.748600 -0.485047
vn 0.469329 -0.821146 -0.324729
vn -0.659297 0.683078 0.314215
vn -0.894603 0.435362 -0.100727
vn -0.993732 0.085435 -0.072099
vn -0.947069 0.286614 -0.144614
vn -0.905549 0.337194 0.257452
vn -0.892038 0.320420 0.318747
vn 0.321174 0.945957 -0.044854
vn 0.331525 0.942520 -0.041793
vn -0.892725 0.304230 -0.332395
vn -0.779814 0.554647 -0.290271
vn -0.978821 0.143986 -0.145526
vn -0.853861 0.268776 -0.445736
vn -0.477597 -0.843824 -0.244669
vn 0.496466 -0.693573 0.521995
vn -0.995927 0.024358 0.086810
vn -0.960492 0.275809 0.037210
vn -0.919383 0.352684 0.174208
vn 0.299593 -0.280186 -0.911998
vn 0.244502 -0.085269 -0.965892
vn 0.209081 0.078018 -0.974781
vn -0.859592 -0.261910 -0.438754
vn -0.777136 -0.519090 -0.355816
vn 0.159321 0.066932 0.984955
vn 0.380614 -0.069882 0.922090
vn 0.456644 -0.085037 0.885576
vn 0.544695 0.070319 0.835681
vn 0.921947 -0.176033 -0.345000
vn -0.980630 0.144151 0.132609
vn -0.990021 -0.138690 -0.024987
vn -0.980263 -0.019385 0.196743
vn -0.307314 0.905696 0.292014
vn 0.435041 0.605767 0.666172
vn 0.327698 0.349961 0.877577
vn 0.256920 0.363485 0.895473
vn -0.802606 0.271542 0.531120
vn -0.763516 0.280460 0.581709
vn -0.658900 0.210087 0.722298
vn -0.452292 -0.343405 -0.823107
vn -0.352729 -0.591866 -0.724760
vn -0.299945 -0.751077 -0.588146
vn -0.985035 0.029449 -0.169820
vn -0.976577 0.166601 -0.136172
vn -0.987239 0.104828 -0.119881
vn -0.996152 -0.013136 -0.086656
vn -0.996830 -0.076678 0.021225
vn -0.952922 0.250730 -0.170514
vn -0.562411 0.696565 -0.445523
vn 0.016505 0.709954 -0.704054
vn 0.083339 0.850613 -0.519145
vn 0.051373 0.969332 -0.240327
vn -0.102176 0.449594 -0.887370
vn 0.001064 0.553602 -0.832781
vn -0.240303 0.381070 -0.892771
vn 0.288033 -0.918309 0.271560
vn -0.526741 0.735091 -0.426833
vn -0.617263 0.353864 -0.702685
vn -0.236761 0.937455 -0.255193
vn -0.274570 0.904895 -0.325231
vn -0.749807 -0.372539 0.546813
vn -0.177105 -0.772871 -0.609347
vn -0.125907 -0.917223 -0.377955
vn -0.160659 -0.748391 -0.643506
vn 0.311939 0.947881 -0.064934
vn -0.990425 0.055111 0.126579
vn -0.910147 0.330868 -0.249316
vn -0.849149 0.438988 0.293659
vn -0.971734 0.226641 0.066090
vn 0.689985 -0.008581 -0.723773
vn 0.593390 -0.065671 -0.802232
vn 0.622324 0.397256 -0.674463
vn -0.852038 -0.356138 0.383663
vn -0.877578 -0.458336 0.140660
vn 0.059781 0.518204 0.853165
vn 0.104427 0.552024 0.827264
vn 0.225837 0.974113 -0.010108
vn 0.560296 0.828190 -0.013009
vn 0.215337 0.587788 -0.779830
vn 0.530249 0.436879 -0.726617
vn -0.130585 -0.074545 -0.988631
vn -0.323033 0.010487 -0.946330
vn 0.051415 -0.066350 0.996471
vn -0.214782 0.039163 0.975877
vn 0.003157 -0.052369 0.998623
vn 0.409011 0.612194 -0.676704
vn 0.406895 0.475680 -0.779849
vn 0.964836 0.202967 -0.167019
vn 0.322737 0.944367 -0.063342
vn 0.381072 0.923265 0.048640
vn 0.275183 0.959786 0.055540
vn 0.185669 0.401457 0.896861
vn -0.099294 -0.440808 -0.892092
vn -0.170377 -0.596273 -0.784494
vn -0.292088 -0.401642 -0.867968
vn 0.051320 -0.308861 -0.949722
vn 0.858986 0.043183 0.510175
vn 0.342917 -0.074405 0.936414
vn 0.403331 0.121121 0.907003
vn 0.250056 0.962031 0.109402
vn 0.612831 0.789889 -0.022669
vn 0.577061 0.116493 0.808350
vn -0.375855 0.775155 -0.507806
vn 0.495222 0.863357 0.096795
vn 0.424905 -0.896889 0.122660
vn -0.362731 0.904754 -0.223261
vn -0.159641 0.985566 0.056344
vn 0.070505 -0.991148 -0.112494
vn 0.054258 0.286582 -0.956518
vn 0.591198 -0.040173 0.805525
vn 0.597710 0.110396 0.794075
vn 0.228271 0.968676 -0.097771
vn 0.257102 0.965937 0.029389
vn 0.648156 0.089732 -0.756203
vn 0.540084 0.019053 -0.841396
vn -0.018735 0.974652 -0.222941
vn 0.136887 -0.318332 -0.938044
vn 0.081928 -0.430697 -0.898770
vn 0.096815 0.075642 -0.992424
vn 0.206184 0.576532 -0.790632
vn 0.177489 0.382214 -0.906868
vn -0.021079 0.927465 0.373316
vn -0.054781 -0.161096 -0.985417
vn 0.122087 -0.241452 -0.962702
vn 0.267276 0.863069 0.428574
vn 0.437463 0.846692 -0.302884
vn 0.688092 -0.023105 -0.725256
vn 0.634776 -0.027693 -0.772200
vn 0.014432 0.493698 0.869514
vn -0.498206 0.464874 -0.731903
vn -0.463886 0.684322 -0.562596
vn 0.454606 -0.111398 -0.883699
vn 0.658350 -0.230909 -0.716419
vn 0.475742 0.109724 -0.872714
vn 0.355160 -0.004890 -0.934793
vn -0.003886 -0.978350 -0.206918
vn 0.006945 -0.986404 -0.164190
vn -0.081593 -0.745462 -0.661535
vn 0.097878 -0.794620 -0.599166
vn -0.073697 -0.677356 -0.731954
vn -0.935802 0.164038 -0.312036
vn -0.846633 0.141081 -0.513136
vn -0.047069 -0.537317 -0.842066
vn -0.871679 -0.081444 -0.483262
vn -0.668143 0.743414 0.030341
vn -0.657894 0.589668 0.468473
vn 0.116265 -0.810435 0.574175
vn -0.995635 0.089041 0.027971
vn -0.038771 -0.380639 -0.923911
vn 0.156424 0.075030 -0.984836
vn 0.651637 0.108086 -0.750791
vn 0.659292 -0.016892 -0.751697
vn 0.575459 -0.072956 -0.814570
vn -0.321521 -0.418529 -0.849387
vn -0.992154 0.106285 0.065833
vn -0.989643 0.133192 0.053546
vn -0.991193 0.105185 -0.080449
vn -0.712354 0.692106 0.116362
vn 0.855997 -0.155018 -0.493192
vn -0.895473 0.442424 0.048881
vn 0.750243 -0.548389 -0.369331
vn -0.871471 0.445635 0.204809
vn -0.980345 0.174326 0.092381
vn -0.953714 0.259826 0.151392
vn -0.965202 -0.129876 0.226973
vn -0.984563 -0.061526 0.163863
vn -0.722975 -0.172757 -0.668927
vn -0.611889 -0.493818 -0.617848
vn -0.585266 0.283112 -0.759810
vn -0.719547 -0.049610 -0.692669
vn -0.543620 -0.838888 -0.027284
vn -0.781790 -0.616105 -0.096015
vn 0.230573 0.043863 -0.972066
vn 0.002744 0.016699 -0.999857
vn 0.837843 0.008752 -0.545842
vn 0.896332 0.029588 -0.442395
vn -0.262866 -0.102544 0.959368
vn -0.335567 -0.149519 0.930075
vn -0.303349 0.719315 0.624953
vn -0.653822 0.592965 0.470010
vn 0.665330 -0.736739 0.120632
vn 0.544101 -0.835258 0.079363
vn 0.773830 -0.619593 0.131498
vn -0.286228 -0.125081 -0.949962
vn -0.385682 0.896609 0.217579
vn 0.069672 0.570710 0.818191
vn 0.939288 0.044645 -0.340213
vn 0.932871 -0.053041 -0.356284
vn 0.916001 0.064262 -0.395995
vn 0.971937 0.088089 -0.218126
vn 0.484679 0.052256 -0.873130
vn 0.642629 -0.012917 -0.766068
vn 0.818782 0.031912 -0.573216
vn -0.043134 0.148796 -0.987927
vn 0.236770 0.062684 -0.969541
vn -0.188461 0.273726 -0.943163
vn -0.292310 0.264475 -0.919025
vn 0.978472 -0.025343 -0.204820
vn -0.283589 -0.115499 -0.951965
vn 0.418088 0.452159 0.787880
vn 0.261692 0.605678 0.751446
vn -0.942071 0.262654 0.208604
vn 0.872121 0.484525 0.068116
vn 0.803677 0.594536 0.025097
vn -0.000413 -0.190967 -0.981596
vn 0.311719 0.140018 -0.939801
vn 0.270673 0.250467 -0.929517
vn 0.848279 -0.247278 0.468270
vn 0.695331 -0.249566 0.673967
vn -0.979560 -0.201148 -0.001146
vn 0.983008 -0.016740 0.182798
vn -0.967335 -0.175279 0.183141
vn -0.964406 -0.253987 0.073561
vn -0.424897 0.414501 0.804768
vn -0.402235 0.420316 0.813352
vn -0.529605 0.264982 0.805793
vn 0.975836 0.052656 -0.212065
vn 0.980188 0.048350 -0.192077
vn 0.978867 0.071410 -0.191625
vn -0.200829 0.837409 0.508344
vn -0.380976 0.652570 0.654988
vn 0.229685 0.182576 -0.955987
vn 0.280367 0.336985 -0.898797
vn 0.717073 -0.205451 0.666030
vn 0.697439 -0.436929 0.568042
vn 0.878792 -0.019651 0.476800
vn 0.146945 0.124740 -0.981248
vn 0.487348 0.145645 -0.860976
vn -0.159376 0.268210 -0.950086
vn -0.188282 0.174375 -0.966511
vn 0.573840 -0.424932 0.700100
vn -0.129027 0.119847 0.984372
vn -0.017571 -0.857753 -0.513761
vn 0.169939 -0.626040 -0.761049
vn 0.221714 -0.621365 -0.751498
vn 0.996452 0.065506 -0.052844
vn 0.996632 -0.075074 0.033007
vn 0.999545 -0.013524 -0.026972
vn 0.066796 -0.997401 -0.027019
vn 0.410438 0.594423 0.691522
vn 0.445035 0.291384 0.846781
vn 0.090334 -0.957454 -0.274082
vn 0.344427 -0.793567 -0.501620
vn 0.143154 -0.977823 -0.152871
vn -0.013010 0.352054 0.935889
vn 0.069956 0.386769 0.919519
vn -0.849186 0.421630 0.317980
vn -0.614606 0.787008 -0.053649
vn -0.563534 0.825958 -0.014917
vn -0.930905 0.362383 0.045767
vn -0.309183 -0.077765 0.947818
vn -0.480203 -0.876764 -0.026278
vn 0.145565 0.331264 0.932242
vn -0.049316 0.395867 0.916983
vn 0.025643 0.273883 0.961421
vn 0.213081 -0.130644 0.968261
vn -0.738022 -0.437628 0.513620
vn -0.376158 0.198969 -0.904940
vn -0.030061 -0.998458 -0.046674
vn 0.016363 -0.995997 -0.087876
vn 0.242341 0.280196 0.928850
vn 0.251204 0.517589 0.817923
vn 0.329106 0.024674 0.943971
vn -0.587797 0.120410 -0.799998
vn 0.845582 0.532061 0.043611
vn -0.427685 -0.716116 -0.551600
vn -0.511546 -0.847006 -0.144575
vn -0.322319 -0.939293 -0.117643
vn 0.495697 0.404346 -0.768628
vn -0.630980 -0.741453 -0.228281
vn -0.499915 -0.851811 -0.156533
vn 0.779866 -0.026497 0.625385
vn 0.623740 -0.040476 0.780583
vn 0.843885 0.008944 0.536450
vn 0.176060 0.940475 -0.290707
vn 0.275985 0.936003 -0.218475
vn 0.376105 0.526634 -0.762366
vn 0.331248 0.655523 -0.678650
vn -0.793646 0.546254 0.267830
vn -0.818903 0.549849 0.164511
vn -0.145445 -0.958387 -0.245644
vn -0.173957 -0.935947 -0.306174
vn -0.046095 -0.998461 -0.030847
vn 0.003453 -0.991467 0.130311
vn -0.675093 0.704115 0.220162
vn -0.789454 0.436643 0.431400
vn -0.607717 0.686988 0.398406
vn -0.110713 0.444784 -0.888769
vn 0.388581 0.763269 0.516164
vn 0.975274 0.137562 -0.172964
vn 0.471824 0.861582 -0.187237
vn -0.697902 0.707760 0.109584
vn -0.466116 0.387698 -0.795252
vn -0.061293 0.087960 -0.994237
vn 0.333896 -0.146911 0.931091
vn 0.989154 -0.099162 0.108357
vn 0.952493 -0.266689 0.147088
vn -0.468248 0.088104 -0.879194
vn 0.152898 0.014292 -0.988139
vn 0.150497 -0.286551 -0.946171
vn -0.120034 -0.216591 -0.968855
vn 0.074477 -0.965034 0.251323
vn 0.247102 0.930892 0.269037
vn 0.004116 0.229806 -0.973228
vn -0.031567 -0.834979 -0.549376
vn 0.003902 -0.756596 -0.653871
vn 0.630527 0.116985 0.767300
vn -0.706141 0.404516 -0.581146
vn -0.555005 0.720314 -0.416074
vn -0.912384 0.362213 -0.190677
vn -0.576574 -0.645065 -0.501451
vn -0.660837 -0.610027 -0.437220
vn -0.923333 0.376530 -0.075376
vn -0.949686 0.311377 -0.033783
vn -0.921052 0.361157 -0.145705
vn -0.959154 0.023455 -0.281909
vn -0.799998 -0.256426 0.542447
vn 0.102859 0.985097 0.137854
vn 0.632383 0.756292 0.167674
vn -0.861699 0.430800 0.268119
vn -0.905936 0.377870 0.191035
vn -0.762805 0.498163 0.412265
vn -0.685294 0.504218 0.525486
vn 0.643395 0.131671 0.754126
vn -0.339087 0.241400 -0.909256
vn -0.276979 0.322650 -0.905086
vn -0.398606 0.085585 -0.913120
vn -0.829236 -0.469714 0.302882
vn 0.936508 0.278338 0.213264
vn 0.282351 0.865547 -0.413649
vn -0.135266 0.754312 -0.642430
vn 0.016902 -0.152641 -0.988137
vn -0.201368 -0.393488 -0.897005
vn -0.195461 -0.162804 -0.967104
vn 0.103326 -0.008889 -0.994608
vn 0.123490 0.011215 -0.992282
vn 0.099536 -0.990936 -0.090209
vn 0.700725 -0.712175 0.042326
vn 0.983405 -0.116062 0.139439
vn -0.142942 -0.008065 -0.989698
vn 0.012748 -0.989902 -0.141182
vn -0.083968 -0.986089 -0.143453
vn 0.685042 0.447727 -0.574681
vn 0.013308 -0.009569 -0.999866
vn -0.004317 0.867076 0.498157
vn -0.862650 0.270748 -0.427236
vn -0.061264 -0.993819 -0.092582
vn 0.741224 -0.652272 0.158520
vn 0.996591 0.032332 0.075896
vn 0.999878 -0.015565 0.001290
vn 0.999975 0.005969 0.003873
vn 0.324787 -0.941885 -0.085831
vn 0.993779 0.106422 -0.032818
vn 0.770256 -0.637526 0.016340
vn 0.654069 -0.756249 -0.016767
vn 0.218276 -0.975872 -0.005457
vn 0.650004 -0.758284 -0.050000
vn 0.127176 0.985567 -0.111735
vn 0.160056 -0.899626 0.406269
vn 0.087601 -0.938296 0.334556
vn -0.988571 0.146863 -0.034029
vn -0.987134 -0.125785 -0.098719
vn -0.502328 0.491630 -0.711313
vn -0.237990 0.444174 -0.863753
vn 0.939412 0.237300 0.247373
vn 0.958161 0.233864 0.165034
vn -0.449238 -0.003448 -0.893406
vn -0.266640 -0.044021 -0.962790
vn -0.501565 -0.813931 -0.293169
vn -0.355655 -0.878991 -0.317625
vn 0.022893 -0.987883 -0.153503
vn -0.015561 -0.922352 -0.386037
vn -0.163868 -0.866026 -0.472384
vn 0.392435 0.271440 -0.878814
vn -0.820873 0.390331 -0.416904
vn -0.455741 0.692926 -0.558707
vn 0.499704 0.049115 -0.864803
vn -0.890372 0.444918 0.096362
vn -0.884024 0.467085 0.018257
vn -0.608032 0.786054 0.111430
vn -0.613842 0.359333 0.702907
vn -0.471018 0.599722 0.646897
vn -0.018999 0.689920 0.723636
vn -0.798960 0.558927 0.221953
vn -0.722302 0.642114 0.256846
vn -0.835270 0.541422 0.095841
vn 0.999435 -0.013770 0.030668
vn -0.984875 0.111895 0.132289
vn -0.845171 0.532777 0.042826
vn -0.520297 0.846853 0.110147
vn -0.086291 0.229274 -0.969529
vn 0.858829 -0.420655 0.292339
vn 0.870201 -0.414714 0.266014
vn 0.846289 0.224440 0.483138
vn -0.692958 -0.213638 0.688599
vn -0.758365 0.070172 0.648042
vn -0.781598 -0.182556 0.596471
vn -0.020296 -0.157042 -0.987383
vn -0.052670 -0.987574 -0.148066
vn -0.123353 0.171012 0.977517
vn 0.348391 -0.030508 0.936853
vn 0.150369 0.580616 0.800171
vn 0.164286 0.433764 0.885923
vn -0.682720 0.727995 -0.062584
vn -0.723368 0.623843 -0.295904
vn -0.622858 0.588340 0.515659
vn -0.991273 -0.122751 -0.048070
vn -0.711523 0.532136 0.458875
vn -0.765012 0.420576 0.487721
vn -0.668193 0.672608 0.317989
vn -0.756097 -0.653079 0.042494
vn -0.689444 -0.723847 0.026701
vn 0.216600 0.117144 0.969207
vn 0.418923 -0.140322 0.897114
vn -0.217662 -0.181531 0.958994
vn 0.453656 0.089835 0.886637
vn 0.083066 -0.990208 0.112200
vn 0.077347 -0.995605 -0.052811
vn 0.832753 0.251448 -0.493250
vn 0.661906 0.307630 -0.683553
vn -0.164218 -0.982152 -0.091708
vn -0.982310 -0.184783 0.030366
vn -0.990979 -0.112133 -0.073396
vn 0.386618 -0.083309 0.918469
vn -0.975297 0.167881 0.143565
vn 0.894121 0.051892 0.444808
vn -0.661901 0.694288 0.282579
vn -0.640163 0.703310 -0.309106
vn 0.757389 -0.505567 -0.413237
vn 0.080561 0.139686 0.986913
vn 0.115054 0.113581 0.986844
vn -0.055630 0.313954 -0.947807
vn -0.997533 0.068488 -0.015389
vn -0.096354 0.507640 0.856164
vn -0.810639 0.584450 0.035817
vn 0.251885 0.365309 -0.896160
vn 0.970823 0.082590 -0.225128
vn 0.988251 -0.039997 -0.147511
vn 0.964661 -0.069339 -0.254207
vn 0.930027 -0.246984 -0.272120
vn 0.932998 -0.316826 -0.170692
vn 0.987329 -0.089341 -0.131145
vn -0.052939 -0.982504 0.178561
vn -0.968292 0.057089 -0.243211
vn -0.998037 0.041437 -0.046961
vn 0.995476 0.075442 0.057754
vn 0.236261 -0.821376 0.519156
vn 0.281688 0.060246 0.957613
vn 0.496484 -0.005670 0.868027
vn -0.830441 0.250945 -0.497387
vn 0.543814 -0.014304 -0.839084
vn 0.981412 -0.026132 0.190124
vn -0.980267 -0.169757 0.101292
vn -0.989479 0.097236 0.107129
vn -0.991244 0.080687 0.104519
vn -0.878597 0.411064 0.243093
vn -0.572735 0.460582 0.678114
vn 0.860435 -0.311865 0.402979
vn -0.058688 -0.530977 0.845351
vn -0.586188 0.777420 -0.228041
vn -0.483380 0.815308 -0.318775
vn 0.339291 0.665580 -0.664744
vn -0.998481 -0.049970 -0.023206
vn -0.641488 0.472621 0.604254
vn 0.997769 -0.020440 -0.063559
vn 0.117011 -0.022869 -0.992867
vn -0.349545 0.533146 -0.770437
vn -0.810132 0.409366 -0.419649
vn -0.897359 0.344683 -0.275574
vn -0.979423 0.180940 -0.089396
vn -0.953424 0.301546 0.007325
vn 0.343254 -0.734535 0.585350
vn -0.058183 -0.833592 0.549308
vn 0.366779 -0.928564 -0.056943
vn 0.188802 0.143142 -0.971527
vn -0.081350 0.582755 0.808566
vn -0.900340 0.427263 -0.082669
vn -0.022845 0.306525 0.951589
vn 0.960679 0.168619 -0.220597
vn 0.783766 0.533340 -0.318213
vn 0.651426 0.747449 -0.130246
vn -0.991585 0.074512 0.105867
vn -0.664929 0.683691 0.300725
vn 0.961610 0.007093 -0.274329
vn -0.869230 0.453187 -0.197640
vn -0.956197 0.290911 -0.032540
vn -0.132698 0.928911 -0.345710
vn -0.768053 -0.079738 -0.635403
vn -0.980460 0.171073 -0.097122
vn -0.180198 -0.983629 0.001673
vn -0.023630 -0.019329 0.999534
vn 0.994588 0.040335 -0.095749
vn 0.873103 0.454603 0.176148
vn 0.758339 0.000908 0.651860
vn -0.834383 -0.273663 0.478450
vn -0.148284 0.385457 0.910733
vn -0.242548 0.272060 0.931211
vn 0.815141 0.136980 -0.562833
vn -0.648562 -0.751397 -0.121532
vn 0.037102 0.719448 0.693555
vn -0.004915 0.590745 0.806844
vn -0.001111 0.184981 0.982742
vn -0.973465 0.153339 0.169862
vn -0.983174 -0.177857 0.041667
vn -0.971361 -0.236497 -0.022960
vn 0.975617 0.211245 0.059549
vn 0.998179 -0.006011 0.060014
vn 0.998055 -0.004749 0.062156
vn 0.991701 -0.064497 -0.111213
vn 0.998143 -0.060204 -0.009337
vn -0.303427 0.677146 0.670377
vn 0.094975 0.966619 -0.237964
vn 0.177775 0.974500 -0.136915
vn 0.994002 0.026974 -0.105987
vn -0.870013 0.360234 -0.336614
vn -0.606286 0.720098 -0.337456
vn 0.459592 0.289812 0.839515
vn -0.045511 0.501034 0.864230
vn -0.564661 0.677706 0.471033
vn 0.257929 -0.408717 0.875456
vn 0.242019 -0.422878 0.873271
vn 0.964567 0.061062 -0.256674
vn 0.614426 -0.168014 -0.770877
vn 0.586088 0.785005 -0.200669
vn 0.517203 0.438018 0.735283
vn 0.323111 0.032337 0.945809
vn 0.312261 -0.037385 0.949261
vn 0.340434 0.089872 0.935964
vn 0.341231 0.135392 0.930178
vn 0.274910 -0.694241 -0.665172
vn -0.200609 0.382341 -0.901982
vn -0.043743 0.223742 -0.973666
vn 0.094971 0.368501 -0.924763
vn -0.231590 -0.250604 -0.939981
vn -0.852028 0.297185 0.430964
vn -0.147987 -0.988278 0.037511
vn -0.941196 0.337685 0.010902
vn -0.242554 0.146505 0.959012
vn -0.234562 -0.067571 0.969750
vn 0.261712 0.041987 -0.964232
vn 0.254530 -0.163943 -0.953067
vn -0.211550 0.133159 -0.968254
vn 0.118247 -0.910730 -0.395713
vn -0.963101 0.051762 -0.264114
vn -0.039040 0.962993 0.266684
vn 0.229107 0.968543 0.097130
vn 0.075699 0.993367 0.086553
vn 0.582837 0.811766 -0.036564
vn 0.012725 0.263034 0.964703
vn -0.981794 0.052081 -0.182668
vn 0.073890 0.992589 -0.096476
vn 0.982355 0.120258 -0.143238
vn 0.140498 -0.569922 -0.809598
vn -0.311966 0.142813 -0.939299
vn 0.222392 -0.263254 -0.938743
vn 0.413106 0.051851 -0.909206
vn 0.196397 0.031516 -0.980018
vn -0.952133 -0.300418 -0.056487
vn -0.824730 0.276577 -0.493281
vn -0.482610 0.719398 -0.499554
vn -0.940376 -0.266878 0.210876
vn -0.945020 -0.326993 -0.003484
vn 0.246645 0.723924 0.644283
vn 0.103742 0.822570 0.559121
vn 0.347902 0.086516 0.933531
vn 0.328880 0.387219 0.861336
vn 0.741026 0.261370 0.618519
vn 0.592535 -0.611303 0.524605
vn 0.607666 -0.391004 0.691273
vn 0.248197 0.248648 0.936255
vn 0.315102 0.891792 0.324681
vn 0.307394 0.581661 0.753114
vn 0.197984 0.638888 0.743388
vn 0.310871 0.403127 0.860725
vn -0.878535 0.269291 -0.394536
vn 0.651381 0.368729 0.663130
vn 0.633981 0.142609 0.760086
vn 0.311073 -0.946727 -0.083314
vn 0.162429 0.685218 0.709995
vn 0.112538 0.370047 -0.922172
vn 0.330145 0.844961 0.420767
vn -0.530745 -0.827403 -0.183613
vn -0.287201 -0.942521 -0.170794
vn -0.752804 0.580306 0.310695
vn -0.203987 -0.028484 -0.978559
vn -0.277283 0.230433 -0.932746
vn 0.544177 0.323353 -0.774154
vn 0.518143 0.168936 -0.838444
vn -0.888575 0.337381 0.310818
vn 0.986269 0.013426 0.164598
vn 0.293250 0.887242 0.356098
vn 0.122562 0.966562 0.225249
vn -0.711470 0.696976 0.089633
vn -0.311075 0.943547 0.113802
vn -0.232187 0.206200 -0.950563
vn 0.986119 0.049345 -0.158538
vn -0.211851 0.090500 -0.973103
vn -0.136900 0.141689 -0.980399
vn 0.179199 -0.973507 0.142026
vn 0.158990 0.978927 -0.128155
vn 0.104559 0.046895 0.993412
vn -0.916709 0.159506 0.366337
vn -0.474220 0.028657 -0.879940
vn 0.419057 0.265272 -0.868344
vn -0.146035 -0.048122 -0.988108
vn -0.063449 -0.017393 -0.997834
vn -0.797674 0.556587 0.232222
vn -0.938039 0.184122 0.293568
vn 0.251244 0.459061 0.852138
vn 0.504419 0.779180 0.372076
vn -0.949974 0.073344 0.303597
vn -0.717401 0.231898 0.656932
vn 0.881248 -0.022018 0.472142
vn -0.304584 0.624983 -0.718767
vn -0.854265 0.303046 0.422368
vn -0.990464 0.137532 -0.008177
vn -0.655953 -0.659414 -0.367286
vn -0.034982 0.149884 -0.988085
vn -0.991109 -0.109386 -0.075747
vn -0.773124 0.469538 0.426395
vn 0.262741 0.439074 0.859175
vn 0.610122 0.121597 0.782921
vn -0.195427 -0.967323 -0.161541
vn -0.293002 -0.549923 0.782134
vn 0.102580 -0.219409 -0.970225
vn -0.153975 0.507530 -0.847765
vn 0.335624 0.130155 -0.932961
vn -0.977725 -0.194667 0.078481
vn -0.986086 -0.136829 0.094400
vn -0.409494 -0.126569 -0.903490
vn -0.380458 -0.005937 -0.924779
vn 0.017602 0.929759 -0.367748
vn 0.078136 0.883143 0.462550
vn -0.890523 0.147556 -0.430345
vn -0.480990 -0.821896 0.305181
vn 0.104683 0.445930 0.888925
vn -0.873543 0.478136 0.091146
vn 0.128557 -0.124949 -0.983799
vn 0.994458 -0.017852 -0.103606
vn 0.703391 0.080544 -0.706225
vn -0.010737 0.127316 -0.991804
vn -0.843826 0.501193 0.191740
vn -0.132918 -0.266396 0.954655
vn 0.072658 0.918229 -0.389329
vn -0.430537 0.630013 -0.646314
vn -0.062112 0.273339 0.959910
vn -0.065860 0.177041 0.981998
vn 0.302075 -0.847568 -0.436325
vn 0.275906 -0.852725 -0.443549
vn 0.022445 0.246817 -0.968802
vn -0.863390 -0.175709 -0.472952
vn -0.060538 0.057669 -0.996499
vn 0.263545 0.198838 0.943932
vn 0.644433 0.130954 -0.753364
vn 0.989252 0.102265 -0.104508
vn -0.983937 0.170482 -0.052946
vn -0.995961 0.081736 -0.037170
vn 0.193968 -0.971322 -0.137515
vn 0.238432 -0.001429 0.971158
vn 0.708520 -0.084664 -0.700593
vn 0.986209 0.007419 -0.165336
vn 0.986431 0.100439 -0.129866
vn -0.865304 0.113143 -0.488312
vn 0.342302 0.173428 -0.923446
vn -0.827727 0.455102 0.328254
vn -0.150248 -0.094631 -0.984109
vn -0.888152 0.417452 0.192145
vn -0.009589 0.989077 0.147088
vn 0.997121 0.030119 -0.069588
vn 0.977646 0.015485 0.209686
vn 0.596432 -0.025288 0.802265
vn 0.450548 -0.708019 0.543798
vn -0.909741 -0.252551 0.329530
vn 0.939474 -0.340252 -0.040208
vn -0.536594 0.429118 0.726584
vn -0.724946 -0.124383 -0.677482
vn 0.167331 -0.985834 -0.011445
vn 0.082723 -0.995806 -0.039078
vn -0.041212 0.970825 0.236220
vn 0.127631 -0.941333 0.312413
vn 0.515791 0.084020 0.852584
vn 0.034036 0.559185 0.828344
vn 0.128168 -0.958262 -0.255553
vn 0.455146 0.890416 -0.001418
vn 0.567861 0.407445 -0.715208
vn 0.467427 -0.868593 0.164495
vn -0.976999 0.171013 0.127385
vn 0.051501 0.990008 -0.131270
vn -0.903009 0.400811 0.154681
vn -0.990652 -0.134371 -0.023511
vn 0.102453 0.404103 0.908958
vn -0.892923 0.348630 0.284860
vn 0.980506 -0.161273 -0.112242
vn -0.970435 0.238398 0.037710
vn 0.144284 0.368955 -0.918180
vn 0.130097 0.919268 -0.371511
vn -0.870930 0.357403 0.337260
vn 0.523002 -0.709681 0.472040
vn -0.011044 -0.988811 -0.148761
vn 0.189378 -0.976518 -0.102703
vn -0.960797 0.238388 -0.141565
vn 0.239958 0.847298 -0.473821
vn -0.991875 -0.124789 0.024750
vn 0.779678 0.046078 -0.624483
vn -0.455931 0.788586 0.412624
vn 0.948379 0.268515 0.168754
vn -0.041223 0.368291 -0.928796
vn 0.327610 0.030660 0.944315
vn -0.773148 0.601093 0.202312
vn 0.340364 0.700881 0.626833
vn -0.896333 0.441600 0.039718
vn -0.359534 -0.168664 0.917762
vn -0.829667 0.506846 -0.234010
vn -0.774774 -0.080920 -0.627039
vn -0.855472 0.510240 0.088452
vn -0.902039 -0.402982 -0.154695
vn -0.495488 0.386088 -0.778093
s 1
g pathpre4_low:Group63647
f 2091/1/1 2789/2/2 1175/3/3
f 894/4/4 3049/5/5 2215/6/6
f 2091/1/1 3252/7/7 2789/2/2
f 540/8/8 2773/9/9 3242/10/10
f 1937/11/11 3410/12/12 2426/13/13
f 1668/14/14 2517/15/15 1552/16/16
f 3001/17/17 2320/18/18 292/19/19
f 797/20/20 764/21/21 288/22/22
f 3331/23/23 1823/24/24 3348/25/25
f 651/26/26 886/27/27 3009/28/28
f 995/29/29 2942/30/30 1965/31/31
f 962/32/32 3312/33/33 1890/34/34
f 1121/35/35 17/36/36 1115/37/37
f 1316/38/38 2535/39/39 398/40/40
f 1816/41/41 976/42/42 3346/43/43
f 418/44/44 2965/45/45 972/46/46
f 1391/47/47 753/48/48 572/49/49
f 862/50/50 1462/51/51 119/52/52
f 276/53/53 1902/54/54 3212/55/55
f 316/56/56 955/57/57 560/58/58
f 256/59/59 1380/60/60 1046/61/61
f 1843/62/62 1844/63/63 30/64/64
f 1915/65/65 1809/66/66 1889/67/67
f 273/68/68 1952/69/69 3153/70/70
f 1605/71/71 3288/72/72 1568/73/73
f 420/74/74 1308/75/75 2331/76/76
f 3359/77/77 3360/78/78 1749/79/79
f 526/80/80 422/81/81 811/82/82
f 814/83/83 2563/84/84 1868/85/85
f 1089/86/86 2720/87/87 1807/88/88
f 1782/89/89 3008/90/90 3009/28/28
f 2282/91/91 1091/92/92 237/93/93
f 888/94/94 1817/95/95 333/96/96
f 2124/97/97 505/98/98 1253/99/99
f 869/100/100 1526/101/101 731/102/102
f 3142/103/103 222/104/104 1196/105/105
f 3190/106/106 684/107/107 3506/108/108
f 2446/109/109 1839/110/110 1539/111/111
f 2364/112/112 1502/113/113 1261/114/114
f 292/19/19 1088/115/115 3001/17/17
f 2985/116/116 1861/117/117 2610/118/118
f 906/119/119 3279/120/120 627/121/121
f 2667/122/122 2210/123/123 1793/124/124
f 203/125/125 1916/126/126 1123/127/127
f 1033/128/128 2762/129/129 3419/130/130
f 1207/131/131 282/132/132 275/133/133
f 1177/134/134 2069/135/135 2369/136/136
f 2/137/137 1228/138/138 662/139/139
f 2898/140/140 2775/141/141 2334/142/142
f 2530/143/143 749/144/144 2829/145/145
f 1432/146/146 986/147/147 1579/148/148
f 3133/149/149 114/150/150 2584/151/151
f 1352/152/152 3319/153/153 1371/154/154
f 935/155/155 925/156/156 14/157/157
f 2944/158/158 2934/159/159 1412/160/160
f 2628/161/161 1165/162/162 3015/163/163
f 1833/164/164 3441/165/165 913/166/166
f 2407/167/167 1932/168/168 3412/169/169
f 1224/170/170 1692/171/171 877/172/172
f 599/173/173 1160/174/174 2017/175/175
f 2301/176/176 553/177/177 520/178/178
f 1288/179/179 1447/180/180 236/181/181
f 787/182/182 240/183/183 2280/184/184
f 1882/185/185 2379/186/186 1516/187/187
f 771/188/188 1790/189/189 2948/190/190
f 3440/191/191 3429/192/192 2962/193/193
f 2673/194/194 2124/97/97 1253/99/99
f 216/195/195 3094/196/196 695/197/197
f 142/198/198 155/199/199 2449/200/200
f 3251/201/201 683/202/202 3449/203/203
f 1662/204/204 2129/205/205 1113/206/206
f 2205/207/207 2857/208/208 3182/209/209
f 246/210/210 3486/211/211 241/212/212
f 1963/213/213 1527/214/214 3135/215/215
f 3131/216/216 2856/217/217 1362/218/218
f 733/219/219 1377/220/220 2568/221/221
f 17/36/36 3235/222/222 3023/223/223
f 946/224/224 912/225/225 827/226/226
f 422/81/81 97/227/227 529/228/228
f 1405/229/229 1913/230/230 1110/231/231
f 1206/232/232 1205/233/233 1385/234/234
f 855/235/235 446/236/236 2013/237/237
f 1452/238/238 580/239/239 3236/240/240
f 1460/241/241 2702/242/242 527/243/243
f 848/244/244 1899/245/245 1716/246/246
f 2641/247/247 3071/248/248 1738/249/249
f 195/250/250 606/251/251 3305/252/252
f 2870/253/253 2998/254/254 3235/222/222
f 1287/255/255 400/256/256 219/257/257
f 682/258/258 3529/259/259 2025/260/260
f 1835/261/261 908/262/262 127/263/263
f 538/264/264 748/265/265 1838/266/266
f 91/267/267 72/268/268 163/269/269
f 2192/270/270 2620/271/271 1521/272/272
f 2128/273/273 22/274/274 2024/275/275
f 2440/276/276 552/277/277 2335/278/278
f 1199/279/279 288/22/22 289/280/280
f 1291/281/281 850/282/282 1627/283/283
f 662/139/139 1370/284/284 2/137/137
f 361/285/285 105/286/286 525/287/287
f 3364/288/288 2791/289/289 498/290/290
f 1893/291/291 1564/292/292 1285/293/293
f 807/294/294 897/295/295 896/296/296
f 2144/297/297 3490/298/298 2640/299/299
f 1592/300/300 2789/2/2 3252/7/7
f 1660/301/301 3566/302/302 3315/303/303
f 2802/304/304 2039/305/305 1480/306/306
f 2560/307/307 297/308/308 3340/309/309
f 1955/310/310 172/311/311 2354/312/312
f 1993/313/313 213/314/314 1076/315/315
f 376/316/316 1135/317/317 909/318/318
f 873/319/319 62/320/320 83/321/321
f 1535/322/322 3104/323/323 2741/324/324
f 2938/325/325 2214/326/326 1923/327/327
f 831/328/328 3206/329/329 737/330/330
f 807/294/294 3170/331/331 897/295/295
f 2571/332/332 2109/333/333 1157/334/334
f 1257/335/335 1301/336/336 1599/337/337
f 3145/338/338 1015/339/339 3320/340/340
f 2677/341/341 889/342/342 389/343/343
f 1595/344/344 2345/345/345 595/346/346
f 1000/347/347 971/348/348 1335/349/349
f 1910/350/350 2104/351/351 1857/352/352
f 1711/353/353 622/354/354 1712/355/355
f 2807/356/356 483/357/357 1641/358/358
f 1214/359/359 1054/360/360 1358/361/361
f 1436/362/362 283/363/363 3196/364/364
f 243/365/365 3018/366/366 2031/367/367
f 3038/368/368 3536/369/369 3538/370/370
f 1169/371/371 1605/71/71 1647/372/372
f 1734/373/373 3547/374/374 2397/375/375
f 1504/376/376 1573/377/377 2809/378/378
f 698/379/379 2376/380/380 3125/381/381
f 248/382/382 944/383/383 281/384/384
f 2534/385/385 1092/386/386 237/93/93
f 2053/387/387 1627/283/283 850/282/282
f 1583/388/388 710/389/389 596/390/390
f 2130/391/391 1110/231/231 628/392/392
f 702/393/393 1878/394/394 1710/395/395
f 2790/396/396 1042/397/397 3425/398/398
f 2117/399/399 1670/400/400 200/401/401
f 3580/402/402 1279/403/403 1130/404/404
f 2533/405/405 1436/362/362 588/406/406
f 1540/407/407 938/408/408 1861/117/117
f 603/409/409 1003/410/410 1726/411/411
f 1204/412/412 1898/413/413 8/414/414
f 3237/415/415 834/416/416 3194/417/417
f 310/418/418 1608/419/419 1773/420/420
f 2038/421/421 1429/422/422 2365/423/423
f 1204/412/412 8/414/414 1925/424/424
f 2038/421/421 2365/423/423 876/425/425
f 775/426/426 7/427/427 2139/428/428
f 917/429/429 5/430/430 2598/431/431
f 612/432/432 658/433/433 666/434/434
f 2468/435/435 2938/325/325 3261/436/436
f 2637/437/437 2638/438/438 1476/439/439
f 485/440/440 3423/441/441 488/442/442
f 669/443/443 1243/444/444 978/445/445
f 858/446/446 2876/447/447 746/448/448
f 1791/449/449 366/450/450 1919/451/451
f 28/452/452 2245/453/453 854/454/454
f 3446/455/455 2112/456/456 2777/457/457
f 621/458/458 767/459/459 2243/460/460
f 545/461/461 2164/462/462 309/463/463
f 945/464/464 1304/465/465 274/466/466
f 760/467/467 1021/468/468 2830/469/469
f 2016/470/470 2419/471/471 1771/472/472
f 3247/473/473 19/474/474 638/475/475
f 476/476/476 189/477/477 3392/478/478
f 3247/473/473 2346/479/479 19/474/474
f 339/480/480 212/481/481 3411/482/482
f 311/483/483 3218/484/484 3219/485/485
f 2505/486/486 3222/487/487 1506/488/488
f 1525/489/489 1862/490/490 1863/491/491
f 1388/492/492 2661/493/493 3437/494/494
f 1137/495/495 605/496/496 1921/497/497
f 2843/498/498 3109/499/499 101/500/500
f 247/501/501 252/502/502 857/503/503
f 613/504/504 314/505/505 612/432/432
f 2430/506/506 858/446/446 3363/507/507
f 175/508/508 1731/509/509 1187/510/510
f 2669/511/511 1393/512/512 2902/513/513
f 2202/514/514 1545/515/515 2956/516/516
f 3149/517/517 2509/518/518 3024/519/519
f 664/520/520 337/521/521 348/522/522
f 1670/400/400 3289/523/523 200/401/401
f 1777/524/524 2826/525/525 2458/526/526
f 1590/527/527 2824/528/528 587/529/529
f 436/530/530 1487/531/531 672/532/532
f 2691/533/533 2769/534/534 2367/535/535
f 1828/536/536 3000/537/537 3138/538/538
f 404/539/539 3112/540/540 1651/541/541
f 3112/540/540 2100/542/542 1651/541/541
f 1606/543/543 1449/544/544 3344/545/545
f 1287/255/255 219/257/257 1124/546/546
f 285/547/547 2649/548/548 1037/549/549
f 734/550/550 1167/551/551 2028/552/552
f 1076/315/315 3415/553/553 759/554/554
f 622/354/354 1711/353/353 2223/555/555
f 2943/556/556 108/557/557 223/558/558
f 1112/559/559 3573/560/560 651/26/26
f 1338/561/561 2015/562/562 2570/563/563
f 3239/564/564 1044/565/565 726/566/566
f 110/567/567 210/568/568 2911/569/569
f 1829/570/570 312/571/571 763/572/572
f 1332/573/573 727/574/574 3076/575/575
f 912/225/225 11/576/576 827/226/226
f 199/577/577 3482/578/578 3565/579/579
f 717/580/580 3490/298/298 2144/297/297
f 2163/581/581 740/582/582 1566/583/583
f 3126/584/584 916/585/585 37/586/586
f 2992/587/587 2745/588/588 3456/589/589
f 432/590/590 204/591/591 423/592/592
f 2429/593/593 2828/594/594 319/595/595
f 1703/596/596 1917/597/597 1328/598/598
f 3222/487/487 3221/599/599 374/600/600
f 1994/601/601 565/602/602 1503/603/603
f 2975/604/604 3543/605/605 676/606/606
f 2657/607/607 430/608/608 41/609/609
f 201/610/610 1159/611/611 2577/612/612
f 2524/613/613 1421/614/614 859/615/615
f 1785/616/616 2875/617/617 134/618/618
f 293/619/619 218/620/620 1914/621/621
f 276/53/53 545/461/461 1902/54/54
f 2325/622/622 3248/623/623 2061/624/624
f 2894/625/625 935/155/155 14/157/157
f 2448/626/626 1606/543/543 722/627/627
f 611/628/628 1857/352/352 15/629/629
f 2623/630/630 3495/631/631 2613/632/632
f 3031/633/633 715/634/634 405/635/635
f 2957/636/636 3588/637/637 757/638/638
f 2748/639/639 2499/640/640 2498/641/641
f 907/642/642 2979/643/643 890/644/644
f 1166/645/645 2903/646/646 1873/647/647
f 2415/648/648 16/649/649 933/650/650
f 1282/651/651 1249/652/652 1691/653/653
f 1731/509/509 1188/654/654 1187/510/510
f 2455/655/655 2498/641/641 1093/656/656
f 1929/657/657 3140/658/658 406/659/659
f 1186/660/660 3005/661/661 998/662/662
f 1313/663/663 262/664/664 1396/665/665
f 2082/666/666 1269/667/667 146/668/668
f 279/669/669 1946/670/670 1247/671/671
f 2175/672/672 381/673/673 1562/674/674
f 1016/675/675 217/676/676 3189/677/677
f 1451/678/678 3154/679/679 2962/193/193
f 1754/680/680 2176/681/681 2439/682/682
f 3227/683/683 1750/684/684 911/685/685
f 608/686/686 2756/687/687 1879/688/688
f 163/269/269 2700/689/689 91/267/267
f 2460/690/690 3157/691/691 2231/692/692
f 2622/693/693 693/694/694 83/695/321
f 92/696/695 388/697/696 1677/698/697
f 2098/699/698 2222/700/699 1513/701/700
f 2802/304/304 1368/702/701 2039/305/305
f 1640/703/702 3316/704/703 1047/705/704
f 352/706/705 1848/707/706 3181/708/707
f 2303/709/708 1457/710/709 953/711/710
f 3513/712/711 706/713/712 2456/714/713
f 3515/715/714 211/716/715 2730/717/716
f 992/718/717 2276/719/718 3524/720/719
f 1359/721/720 516/722/721 2611/723/722
f 1363/724/723 1362/218/218 2856/217/217
f 2816/725/724 1755/726/725 2539/727/726
f 20/728/727 2146/729/728 640/730/729
f 845/731/730 1462/51/51 2224/732/731
f 926/733/732 3478/734/733 35/735/734
f 445/736/735 1217/737/736 1223/738/737
f 2297/739/738 3460/740/739 1018/741/740
f 2776/742/741 751/743/742 561/744/743
f 1940/745/744 1197/746/745 1095/747/746
f 2977/748/747 3566/302/302 656/749/748
f 2934/159/159 586/750/749 1908/751/750
f 2921/752/751 530/753/752 1070/754/753
f 1290/755/754 2326/756/755 615/757/756
f 1330/758/757 1365/759/758 23/760/759
f 1702/761/760 1258/762/761 624/763/762
f 1865/764/763 2784/765/764 1323/766/765
f 2631/767/766 984/768/767 1883/769/768
f 1801/770/769 380/771/770 1686/772/771
f 929/773/772 650/774/773 2708/775/774
f 3585/776/775 758/777/776 2839/778/777
f 1939/779/778 3474/780/779 3473/781/780
f 2883/782/781 409/783/782 470/784/783
f 939/785/784 940/786/785 3092/787/786
f 563/788/787 1742/789/788 291/790/789
f 23/760/759 2284/791/790 1330/758/757
f 2629/792/791 1973/793/792 188/794/793
f 2341/795/794 220/796/795 3185/797/796
f 1198/798/797 2114/799/798 982/800/799
f 2339/801/800 980/802/801 2133/803/802
f 1611/804/803 1610/805/804 285/547/547
f 1913/230/230 1405/229/229 1920/806/805
f 2749/807/806 3274/808/807 2499/640/640
f 2853/809/808 31/810/809 27/811/810
f 31/810/809 1580/812/811 26/813/812
f 27/811/810 31/810/809 26/813/812
s off
f 27/814/810 26/815/812 1/816/813
s 1
f 1636/817/814 200/401/401 3381/818/815
f 701/819/816 952/820/817 3584/821/818
f 2381/822/819 3216/823/820 1859/824/821
f 446/236/236 855/235/235 1297/825/822
f 2196/826/823 164/827/824 2923/828/825
f 3500/829/826 509/830/827 3593/831/828
f 2172/832/829 2736/833/830 891/834/831
f 73/835/832 1693/836/833 3182/209/209
f 1512/837/834 1292/838/835 936/839/836
f 2545/840/837 3556/841/838 71/842/839
f 1847/843/840 844/844/841 3337/845/842
f 1726/411/411 1003/410/410 769/846/843
f 844/844/841 1850/847/844 707/848/845
f 3091/849/846 1532/850/847 147/851/848
f 1468/852/849 937/853/850 336/854/851
f 1753/855/852 1441/856/853 1551/857/854
f 1614/858/855 2672/859/856 371/860/857
f 2035/861/858 2034/862/859 2142/863/860
f 340/864/861 4/865/862 525/287/287
f 30/64/64 1490/866/863 604/867/864
f 844/844/841 2208/868/865 1850/847/844
f 1218/869/866 3217/870/867 206/871/868
f 336/854/851 3177/872/869 1468/852/849
f 2456/714/713 1418/873/870 3513/712/711
f 180/874/871 1631/875/872 2391/876/873
f 1033/128/128 3391/877/874 1995/878/875
f 2358/879/876 263/880/877 3497/881/878
f 104/882/879 1852/883/880 390/884/881
f 590/885/882 3024/519/519 1519/886/883
f 1575/887/884 34/888/885 2356/889/886
f 1367/890/887 2540/891/888 2007/892/889
f 1148/893/890 376/316/316 193/894/891
f 836/895/892 860/896/893 1725/897/894
f 1615/898/895 3035/899/896 2126/900/897
f 872/901/898 2540/891/888 559/902/899
f 66/903/900 1685/904/901 120/905/902
f 1757/906/903 2811/907/904 2627/908/905
f 1326/909/906 1845/910/907 1843/62/62
f 68/911/908 2615/912/909 88/913/910
f 1556/914/911 2228/915/912 1841/916/913
f 1536/917/914 1320/918/915 985/919/916
f 2946/920/917 1163/921/918 1061/922/919
f 1163/921/918 2511/923/920 1061/922/919
f 1082/924/921 313/925/922 540/8/8
f 3214/926/923 2270/927/924 2189/928/925
f 3512/929/926 3184/930/927 947/931/928
f 932/932/929 927/933/930 3029/934/931
f 2360/935/932 61/936/933 1448/937/934
f 3060/938/935 1890/34/34 1100/939/936
f 1948/940/937 235/941/938 2589/942/939
f 3277/943/940 2029/944/941 1587/945/942
f 2026/946/943 768/947/944 1884/948/945
f 974/949/946 496/950/947 517/951/948
f 2291/952/949 683/202/202 3251/201/201
f 1972/953/950 2953/954/951 1805/955/952
f 425/956/953 69/957/954 3345/958/955
f 2698/959/956 2701/960/957 2697/961/958
f 3578/962/959 883/963/960 3366/964/961
f 1394/965/962 386/966/963 2738/967/964
f 888/94/94 2328/968/965 3481/969/966
f 3293/970/967 1976/971/968 944/383/383
f 1682/972/969 2122/973/970 940/786/785
f 430/608/608 1667/974/971 41/609/609
f 806/975/972 2115/976/973 2862/977/974
f 1796/978/975 179/979/976 713/980/977
f 580/239/239 2543/981/978 3542/982/979
f 352/706/705 75/983/980 1693/836/833
f 866/984/981 3168/985/982 3256/986/983
f 2329/987/984 643/988/985 1023/989/986
f 2323/990/987 1944/991/988 3511/992/989
f 631/993/990 2308/994/991 3048/995/992
f 94/996/993 2107/997/994 1074/998/995
f 1129/999/996 1130/404/404 1279/403/403
f 1074/998/995 2107/997/994 1128/1000/997
f 1547/1001/998 3164/1002/999 2528/1003/1000
f 3101/1004/1001 2549/1005/1002 1610/805/804
f 3021/1006/1003 1086/1007/1004 3022/1008/1005
f 1548/1009/1006 2102/1010/1007 1479/1011/1008
f 1028/1012/1009 2690/1013/1010 2291/952/949
f 1860/1014/1011 3489/1015/1012 2462/1016/1013
f 3207/1017/1014 878/1018/1015 1543/1019/1016
f 439/1020/1017 65/1021/1018 1695/1022/1019
f 61/936/933 2508/1023/1020 1448/937/934
f 2694/1024/1021 99/1025/1022 71/842/839
f 2217/1026/1023 2658/1027/1024 46/1028/1025
f 1222/1029/1026 2234/1030/1027 3380/1031/1028
f 1103/1032/1029 248/382/382 441/1033/1030
f 12/1034/1031 124/1035/1032 1530/1036/1033
f 40/1037/1034 1072/1038/1035 2874/1039/1036
f 1443/1040/1037 2181/1041/1038 481/1042/1039
f 1414/1043/1040 431/1044/1041 49/1045/1042
f 262/664/664 1313/663/663 1666/1046/1043
f 2452/1047/1044 490/1048/1045 168/1049/1046
f 900/1050/1047 2484/1051/1048 1149/1052/1049
f 1533/1053/1050 1967/1054/1051 340/864/861
f 3254/1055/1052 1723/1056/1053 3227/683/683
f 2851/1057/1054 2115/976/973 806/975/972
f 1444/1058/1055 1732/1059/1056 118/1060/1057
f 172/311/311 1381/1061/1058 2354/312/312
f 1314/1062/1059 1893/291/291 1285/293/293
f 3133/149/149 2584/151/151 3128/1063/1060
f 2044/1064/1061 677/1065/1062 148/1066/1063
f 3176/1067/1064 2822/1068/1065 50/1069/1066
f 780/1070/1067 3176/1071/1064 50/1072/1066
f 3279/120/120 906/119/119 354/1073/1068
f 969/1074/1069 1390/1075/1070 968/1076/1071
f 90/1077/1072 3403/1078/1073 3267/1079/1074
f 148/1066/1063 3333/1080/1075 2044/1064/1061
f 2466/1081/1076 1752/1082/1077 511/1083/1078
f 1158/1084/1079 1395/1085/1080 147/851/848
f 919/1086/1081 2742/1087/1082 187/1088/1083
f 68/911/908 88/913/910 56/1089/1084
f 1940/745/744 1095/747/746 998/662/662
f 2477/1090/1085 1077/1091/1086 974/949/946
f 469/1092/1087 1325/1093/1088 109/1094/1089
f 200/401/401 204/591/591 140/1095/1090
f 154/1096/1091 3317/1097/1092 2704/1098/1093
f 290/1099/1094 1554/1100/1095 280/1101/1096
f 2991/1102/1097 55/1103/1098 2176/681/681
f 1077/1091/1086 3167/1104/1099 974/949/946
f 20/728/727 2954/1105/1100 2146/729/728
f 33/1106/1101 2590/1107/1102 3220/1108/1103
f 510/1109/1104 444/1110/1105 3458/1111/1106
f 1935/1112/1107 2618/1113/1108 1715/1114/1109
f 1849/1115/1110 2158/1116/1111 2168/1117/1112
f 3390/1118/1113 3357/1119/1114 466/1120/1115
f 415/1121/1116 142/198/198 335/1122/1117
f 2576/1123/1118 1051/1124/1119 3002/1125/1120
f 494/1126/1121 801/1127/1122 2752/1128/1123
f 196/1129/1124 2395/1130/1125 1467/1131/1126
f 1776/1132/1127 2665/1133/1128 2846/1134/1129
f 585/1135/1130 1085/1136/1131 3570/1137/1132
f 2374/1138/1133 2375/1139/1134 629/1140/1135
f 2348/1141/1136 3265/1142/1137 1384/1143/1138
f 231/1144/1139 3019/1145/1140 1917/597/597
f 455/1146/1141 120/905/902 1685/904/901
f 1936/1147/1142 100/1148/1143 3368/1149/1144
f 1722/1150/1145 789/1151/1146 1151/1152/1147
f 3287/1153/1148 1006/1154/1149 783/1155/1150
f 127/263/263 908/262/262 349/1156/1151
f 57/1157/1152 84/1158/1153 1267/1159/1154
f 1376/1160/1155 2181/1041/1038 3183/1161/1156
f 2079/1162/1157 3451/1163/1158 994/1164/1159
f 1404/1165/1160 215/1166/1161 106/1167/1162
f 798/1168/1163 851/1169/1164 2506/1170/1165
f 3484/1171/1166 952/820/817 2722/1172/1167
f 1776/1132/1127 2987/1173/1168 1842/1174/1169
f 2995/1175/1170 1586/1176/1171 1587/945/942
f 2287/1177/1172 82/1178/1173 1578/1179/1174
f 3270/1180/1175 185/1181/1176 2087/1182/1177
f 3471/1183/1178 2002/1184/1179 2159/1185/1180
f 3190/106/106 93/1186/1181 684/107/107
f 2632/1187/1182 1470/1188/1183 1572/1189/1184
f 1792/1190/1185 3491/1191/1186 1089/86/86
f 1384/1143/1138 1200/1192/1187 3397/1193/1188
f 2316/1194/1189 2929/1195/1190 523/1196/1191
f 2070/1197/1192 3045/1198/1193 2639/1199/1194
f 143/1200/1195 2639/1199/1194 3045/1198/1193
f 2781/1201/1196 500/1202/1197 2350/1203/1198
f 2996/1204/1199 191/1205/1200 184/1206/1201
f 1571/1207/1202 492/1208/1203 1166/645/645
f 2326/756/755 1496/1209/1204 2106/1210/1205
f 595/346/346 2345/345/345 1080/1211/1206
f 1344/1212/1207 1975/1213/1208 2982/1214/1209
f 70/1215/1210 1194/1216/1211 3064/1217/1212
f 2479/1218/1213 2072/1219/1214 493/1220/1215
f 2213/1221/1216 1222/1029/1026 754/1222/1217
f 2173/1223/1218 1254/1224/1219 78/1225/1220
f 1947/1226/1221 1686/772/771 380/771/770
f 1813/1227/1222 1517/1228/1223 3370/1229/1224
f 755/1230/1225 2333/1231/1226 1063/1232/1227
f 63/1233/1228 1900/1234/1229 1772/1235/1230
f 1981/1236/1231 712/1237/1232 1839/110/110
f 2384/1238/1233 1646/1239/1234 583/1240/1235
f 1873/647/647 2903/646/646 2392/1241/1236
f 2122/973/970 1598/1242/1237 940/786/785
f 2149/1243/1238 216/195/195 448/1244/1239
f 1840/1245/1240 2226/1246/1241 138/1247/1242
f 341/1248/1243 1821/1249/1244 2684/1250/1245
f 3175/1251/1246 3342/1252/1247 2528/1003/1000
f 110/567/567 2027/1253/1248 210/568/568
f 2190/1254/1249 515/1255/1250 173/1256/1251
f 3079/1257/1252 1024/1258/1253 762/1259/1254
f 399/1260/1255 2744/1261/1256 3210/1262/1257
f 1814/1263/1258 2097/1264/1259 3113/1265/1260
f 2888/1266/1261 1498/1267/1262 1249/652/652
f 278/1268/1263 2828/594/594 277/1269/1264
f 1141/1270/1265 1147/1271/1266 3039/1272/1267
f 1135/317/317 1919/451/451 366/450/450
f 1226/1273/1268 1194/1216/1211 3010/1274/1269
f 2114/799/798 2338/1275/1270 982/800/799
f 1654/1276/1271 1070/754/753 530/753/752
f 1674/1277/1272 3250/1278/1273 1256/1279/1274
f 1336/1280/1275 2655/1281/1276 1767/1282/1277
f 1331/1283/1278 145/1284/1279 2900/1285/1280
f 1164/1286/1281 139/1287/1282 1459/1288/1283
f 1779/1289/1284 2423/1290/1285 1427/1291/1286
f 1725/897/894 1895/1292/1287 2518/1293/1288
f 1599/337/337 55/1103/1098 1257/335/335
f 3124/1294/1289 294/1295/1290 1362/218/218
f 1467/1131/1126 3224/1296/1291 1867/1297/1292
f 1755/726/725 2538/1298/1293 2539/727/726
f 1263/1299/1294 2037/1300/1295 2049/1301/1296
f 363/1302/1297 1926/1303/1298 1725/897/894
f 1191/1304/1299 3452/1305/1300 2685/1306/1301
f 2320/18/18 1465/1307/1302 292/19/19
f 531/1308/1303 178/1309/1304 3339/1310/1305
f 907/642/642 2083/1311/1306 654/1312/1307
f 1284/1313/1308 1498/1267/1262 2888/1266/1261
f 2673/194/194 871/1314/1309 2124/97/97
f 3068/1315/1310 715/634/634 2285/1316/1311
f 831/328/328 737/330/330 1570/1317/1312
f 2966/1318/1313 2315/1319/1314 393/1320/1315
f 396/1321/1316 1460/241/241 527/243/243
f 3020/1322/1317 2134/1323/1318 2321/1324/1319
f 3178/1325/1320 3179/1326/1321 3433/1327/1322
f 1232/1328/1323 849/1329/1324 1968/1330/1325
f 544/1331/1326 2257/1332/1327 2033/1333/1328
f 1821/1249/1244 2616/1334/1329 1255/1335/1330
f 192/1336/1331 151/1337/1332 153/1338/1333
f 250/1339/1334 865/1340/1335 2831/1341/1336
f 1138/1342/1337 468/1343/1338 1150/1344/1339
f 768/947/944 2234/1030/1027 3180/1345/1340
f 760/467/467 228/1346/1341 3160/1347/1342
f 923/1348/1343 165/1349/1344 1489/1350/1345
f 2565/1351/1346 12/1034/1031 1766/1352/1347
f 3461/1353/1348 518/1354/1349 414/1355/1350
f 2513/1356/1351 1030/1357/1352 453/1358/1353
f 2891/1359/1354 2651/1360/1355 643/988/985
f 1023/989/986 2787/1361/1356 1763/1362/1357
f 1038/1363/1358 356/1364/1359 3295/1365/1360
f 361/285/285 344/1366/1361 105/286/286
f 607/1367/1362 2067/1368/1363 3424/1369/1364
f 2918/1370/1365 2491/1371/1366 1363/724/723
f 1274/1372/1367 3128/1063/1060 2721/1373/1368
f 695/197/197 3/1374/1369 202/1375/1370
f 3322/1376/1371 2260/1377/1372 2261/1378/1373
f 3351/1379/1374 1605/71/71 1568/73/73
f 1406/1380/1375 458/1381/1376 2425/1382/1377
f 1085/1136/1131 2043/1383/1378 1956/1384/1379
f 2236/1385/1380 2459/1386/1381 763/572/572
f 1459/1288/1283 852/1387/1382 1164/1286/1281
f 2195/1388/1383 2193/1389/1384 2920/1390/1385
f 300/1391/1386 321/1392/1387 2366/1393/1388
f 1798/1394/1389 1283/1395/1390 2853/1396/808
f 1800/1397/1391 1690/1398/1392 635/1399/1393
f 456/1400/1394 2797/1401/1395 347/1402/1396
f 3090/1403/1397 2449/200/200 155/199/199
f 583/1240/1235 1481/1404/1398 2384/1238/1233
f 42/1405/1399 454/1406/1400 460/1407/1401
f 2373/1408/1402 3592/1409/1403 1509/1410/1404
f 2316/1194/1189 523/1196/1191 1357/1411/1405
f 1949/1412/1406 1300/1413/1407 103/1414/1408
f 1740/1415/1409 2285/1316/1311 3354/1416/1410
f 556/1417/1411 553/177/177 551/1418/1412
f 468/1343/1338 1138/1342/1337 689/1419/1413
f 2251/1420/1414 2294/1421/1415 474/1422/1416
f 229/1423/1417 3204/1424/1418 3544/1425/1419
f 2057/1426/1420 210/568/568 2027/1253/1248
f 2294/1421/1415 3572/1427/1421 474/1422/1416
f 1031/1428/1422 2060/1429/1423 54/1430/1424
f 521/1431/1425 512/1432/1426 501/1433/1427
f 2924/1434/1428 2925/1435/1429 2299/1436/1430
f 1220/1437/1431 554/1438/1432 1009/1439/1433
f 3204/1424/1418 267/1440/1434 1945/1441/1435
f 665/1442/1436 397/1443/1437 664/520/520
f 646/1444/1438 2155/1445/1439 224/1446/1440
s off
f 27/814/810 1/1447/1441 26/815/812
s 1
f 27/811/810 26/813/812 2853/809/808
f 2853/809/808 26/813/812 1580/812/811
f 1331/1283/1278 2900/1285/1280 144/1448/1442
f 2671/1449/1443 543/1450/1444 2160/1451/1445
f 1887/1452/1446 1614/858/855 371/860/857
f 2424/1453/1447 2302/1454/1448 148/1066/1063
f 2583/1455/1449 1342/1456/1450 184/1206/1201
f 104/882/879 390/884/881 3483/1457/1451
f 2602/1458/1452 384/1459/1453 198/1460/1454
f 338/1461/1455 148/1066/1063 677/1065/1062
f 3426/1462/1456 2817/1463/1457 362/1464/1458
f 162/1465/1459 1722/1150/1145 2908/1466/1460
f 357/1467/1461 1029/1468/1462 156/1469/1463
f 171/1470/1464 2302/1454/1448 813/1471/1465
f 2474/1472/1466 3556/841/838 2545/840/837
f 1348/1473/1467 173/1256/1251 1173/1474/1468
f 153/1338/1333 151/1337/1332 2796/1475/1469
f 1036/1476/1470 1494/1477/1471 2153/1478/1472
f 2532/1479/1473 2037/1300/1295 1263/1299/1294
f 584/1480/1474 1049/1481/1475 2390/1482/1476
f 421/1483/1477 351/1484/1478 356/1364/1359
f 2864/1485/1479 542/1486/1480 167/1487/1481
f 685/1488/1482 451/1489/1483 387/1490/1484
f 1206/232/232 1385/234/234 29/1491/1485
f 1722/1150/1145 1151/1152/1147 2908/1466/1460
f 902/1492/1486 2355/1493/1487 1094/1494/1488
f 594/1495/1489 483/357/357 141/1496/1490
f 1501/1497/1491 2004/1498/1492 1329/1499/1493
f 1066/1500/1494 1304/465/465 2878/1501/1495
f 1653/1502/1496 3308/1503/1497 2240/1504/1498
f 3578/962/959 3366/964/961 407/1505/1499
f 2468/435/435 1078/1506/1500 1746/1507/1501
f 1952/69/69 2680/1508/1502 3153/70/70
f 502/1509/1503 3151/1510/1504 1761/1511/1505
f 2468/435/435 1744/1512/1506 2663/1513/1507
f 3034/1514/1508 1078/1506/1500 1230/1515/1509
f 3404/1516/1510 1881/1517/1511 2160/1451/1445
f 3538/370/370 3037/1518/1512 3038/368/368
f 3535/1519/1513 2823/1520/1514 2699/1521/1515
f 918/1522/1516 1719/1523/1517 597/1524/1518
f 922/1525/1519 102/1526/1520 1449/544/544
f 217/676/676 1016/675/675 2093/1527/1521
f 2955/1528/1522 235/941/938 519/1529/1523
f 2608/1530/1524 732/1531/1525 3205/1532/1526
f 1729/1533/1527 674/1534/1528 249/1535/1529
f 240/183/183 787/182/182 1701/1536/1530
f 2351/1537/1531 500/1202/1197 2349/1538/1532
f 2429/593/593 319/595/595 1469/1539/1533
f 1010/1540/1534 2972/1541/1535 1369/1542/1536
f 2010/1543/1537 3291/1544/1538 821/1545/1539
f 828/1546/1540 3552/1547/1541 672/532/532
f 793/1548/1542 3358/1549/1543 2827/1550/1544
f 620/1551/1545 865/1340/1335 1794/1552/1546
f 725/1553/1547 2868/1554/1548 655/1555/1549
f 865/1340/1335 1534/1556/1550 2834/1557/1551
f 256/59/59 626/1558/1552 1380/60/60
f 3374/1559/1553 1608/419/419 251/1560/1554
f 310/418/418 1773/420/420 680/1561/1555
f 2183/1562/1556 1608/419/419 310/418/418
f 1275/1563/1557 2521/1564/1558 598/1565/1559
f 3202/1566/1560 3232/1567/1561 3395/1568/1562
f 857/503/503 3245/1569/1563 2636/1570/1564
f 1907/1571/1565 2644/1572/1566 776/1573/1567
f 2243/460/460 767/459/459 2076/1574/1568
f 242/1575/1569 249/1535/1529 674/1534/1528
f 329/1576/1570 2178/1577/1571 1563/1578/1572
f 271/1579/1573 283/363/363 2519/1580/1574
f 728/1581/1575 2243/460/460 2076/1574/1568
f 331/1582/1576 1478/1583/1577 328/1584/1578
f 2809/378/378 2810/1585/1579 1504/376/376
f 1698/1586/1580 6/1587/1581 842/1588/1582
f 3054/1589/1583 1779/1289/1284 1783/1590/1584
f 1416/1591/1585 1019/1592/1586 2393/1593/1587
f 1201/1594/1588 1334/1595/1589 1581/1596/1590
f 785/1597/1591 238/1598/1592 2758/1599/1593
f 2464/1600/1594 1473/1601/1595 2327/1602/1596
f 3155/1603/1597 1273/1604/1598 1374/1605/1599
f 1652/1606/1600 782/1607/1601 1051/1124/1119
f 269/1608/1602 2473/1609/1603 1199/279/279
f 1482/1610/1604 1864/1611/1605 1154/1612/1606
f 3227/683/683 1723/1056/1053 1750/684/684
f 1799/1613/1607 1043/1614/1608 2259/1615/1609
f 313/925/922 301/1616/1610 2259/1615/1609
f 1440/1617/1611 1485/1618/1612 631/993/990
f 1060/1619/1613 3443/1620/1614 1402/1621/1615
f 1671/1622/1616 1419/1623/1617 3432/1624/1618
f 1748/1625/1619 322/1626/1620 971/348/348
f 1495/1627/1621 1618/1628/1622 324/1629/1623
f 1492/1630/1624 578/1631/1625 584/1480/1474
f 1890/34/34 988/1632/1626 3558/1633/1627
f 794/1634/1628 1913/230/230 2389/1635/1629
f 327/1636/1630 1918/1637/1631 3060/938/935
f 373/1638/1632 362/1464/1458 2817/1463/1457
f 1493/1639/1633 177/1640/1634 85/1641/1635
f 109/1094/1089 1325/1093/1088 2075/1642/1636
f 2872/1643/1637 3190/106/106 1812/1644/1638
f 3515/715/714 2162/1645/1639 1324/1646/1640
f 665/1442/1436 2952/1647/1641 3450/1648/1642
f 1868/85/85 2250/1649/1643 814/83/83
f 4/865/862 361/285/285 525/287/287
f 464/1650/1644 2086/1651/1645 1661/1652/1646
f 535/1653/1647 2711/1654/1648 1714/1655/1649
f 3140/658/658 337/521/521 406/659/659
f 220/796/795 2341/795/794 2701/960/957
f 3213/1656/1650 2004/1498/1492 1501/1497/1491
f 171/1470/1464 813/1471/1465 175/508/508
f 142/198/198 373/1638/1632 2817/1463/1457
f 142/198/198 344/1366/1361 335/1122/1117
f 2182/1657/1651 2547/1658/1652 999/1659/1653
f 2547/1658/1652 175/508/508 999/1659/1653
f 2684/1250/1245 1827/1660/1654 341/1248/1243
f 42/1405/1399 2980/1661/1655 454/1406/1400
f 470/784/783 375/1662/1656 2883/782/781
f 2784/765/764 3088/1663/1657 1323/766/765
f 1506/488/488 1896/1664/1658 536/1665/1659
f 1506/488/488 3222/487/487 1896/1664/1658
f 370/1666/1660 142/198/198 339/480/480
f 811/82/82 339/480/480 809/1667/1661
f 345/1668/1662 1894/1669/1663 136/1670/1664
f 3027/1671/1665 136/1670/1664 2941/1672/1666
f 332/1673/1667 346/1674/1668 2922/1675/1669
f 3090/1403/1397 2450/1676/1670 2449/200/200
f 156/1469/1463 1029/1468/1462 457/1677/1671
f 193/894/891 376/316/316 461/1678/1672
f 664/520/520 348/522/522 207/1679/1673
f 2162/1645/1639 3515/715/714 207/1679/1673
f 467/1680/1674 194/1681/1675 593/1682/1676
f 358/1683/1677 593/1682/1676 2912/1684/1678
f 410/1685/1679 2409/1686/1680 368/1687/1681
f 98/1688/1682 450/1689/1683 2414/1690/1684
f 121/1691/1685 3052/1692/1686 351/1484/1478
f 532/1693/1687 3053/1694/1688 1665/1695/1689
f 908/262/262 467/1680/1674 349/1156/1151
f 3283/1696/1690 1263/1299/1294 2049/1301/1296
f 2687/1697/1691 162/1465/1459 353/1698/1692
f 371/860/857 1619/1699/1693 1887/1452/1446
f 906/119/119 1848/707/706 354/1073/1068
f 115/1700/1694 3083/1701/1695 2436/1702/1696
f 93/1186/1181 3190/106/106 355/1703/1697
f 2489/1704/1698 1560/1705/1699 1983/1706/1700
f 1260/1707/1701 3534/1708/1702 1533/1053/1050
f 1321/1709/1703 2763/1710/1704 1260/1707/1701
f 1736/1711/1705 191/1205/1200 879/1712/1706
f 364/1713/1707 366/450/450 1791/449/449
f 2904/1714/1708 358/1715/1677 1308/75/75
f 1163/921/918 2228/915/912 1556/914/911
f 2922/1675/1669 346/1674/1668 3431/1716/1709
f 362/1464/1458 466/1120/1115 3426/1462/1456
f 2372/1717/1710 3420/1718/1711 360/1719/1712
f 2239/1720/1713 2228/915/912 1163/921/918
f 344/1366/1361 361/285/285 335/1122/1117
f 2250/1649/1643 1868/85/85 3569/1721/1714
f 466/1120/1115 362/1464/1458 359/1722/1715
f 332/1673/1667 2922/1675/1669 362/1464/1458
f 2928/1723/1716 2152/1724/1717 835/1725/1718
f 1455/1726/1719 40/1037/1034 3118/1727/1720
f 364/1713/1707 1736/1711/1705 879/1712/1706
f 2832/1728/1721 3278/1729/1722 3042/1730/1723
f 40/1037/1034 1455/1726/1719 3120/1731/1724
f 1488/1732/1725 1218/869/866 1476/439/439
f 879/1712/1706 366/450/450 364/1713/1707
f 909/318/318 357/1467/1461 2444/1733/1726
f 758/777/776 3418/1734/1727 2839/778/777
f 33/1106/1101 1969/1735/1728 2859/1736/1729
f 2414/1690/1684 422/81/81 447/1737/1730
f 1582/1738/1731 2176/681/681 548/1739/1732
f 2872/1643/1637 1812/1644/1638 369/1740/1733
f 3051/1741/1734 1193/1742/1735 412/1743/1736
f 344/1366/1361 370/1666/1660 3053/1694/1688
f 344/1366/1361 142/198/198 370/1666/1660
f 371/860/857 2331/76/76 1619/1699/1693
f 371/860/857 420/74/74 2331/76/76
f 3173/1744/1737 2886/1745/1738 3352/1746/1739
f 1982/1747/1740 677/1065/1062 2044/1064/1061
f 373/1638/1632 332/1673/1667 362/1464/1458
f 142/198/198 2449/200/200 373/1638/1632
f 1530/1036/1033 124/1035/1032 374/600/600
f 536/1665/1659 1896/1664/1658 1923/327/327
f 470/784/783 342/1748/1741 375/1662/1656
f 2663/1513/1507 1744/1512/1506 2014/1749/1742
f 376/316/316 2444/1733/1726 461/1678/1672
f 376/316/316 909/318/318 2444/1733/1726
f 3000/537/537 2505/486/486 2340/1750/1743
f 343/1751/1744 2699/1521/1515 259/1752/1745
f 2725/1753/1746 378/1754/1747 1344/1212/1207
f 444/1110/1105 1522/1755/1748 3327/1756/1749
f 379/1757/1750 2027/1253/1248 2048/1758/1751
f 2902/513/513 145/1284/1279 2352/1759/1752
f 1774/1760/1753 279/669/669 1247/671/671
f 1962/1761/1754 2246/1762/1755 2492/1763/1756
f 2880/1764/1757 2796/1475/1469 1562/674/674
f 1846/1765/1758 104/882/879 2880/1764/1757
f 164/827/824 3434/1766/1759 2923/828/825
f 1955/310/310 2764/1767/1760 1769/1768/1761
f 2299/1436/1430 64/1769/1762 2924/1434/1428
f 2230/1770/1763 2277/1771/1764 2743/1772/1765
f 1081/1773/1766 1477/1774/1767 2928/1723/1716
f 2928/1723/1716 1477/1774/1767 2152/1724/1717
f 2801/1775/1768 3017/1776/1769 1527/214/214
f 2800/1777/1770 237/93/93 2063/1778/1771
f 2758/1599/1593 238/1598/1592 2757/1779/1772
f 3019/1145/1140 2351/1537/1531 1632/1780/1773
f 64/1769/1762 2277/1771/1764 2481/1781/1774
f 2480/1782/1775 2072/1219/1214 2479/1218/1213
f 451/1489/1483 1941/1783/1776 387/1490/1484
f 417/1784/1777 2481/1781/1774 2277/1771/1764
f 3162/1785/1778 389/343/343 889/342/342
f 1713/1786/1779 3162/1785/1778 2836/1787/1780
f 2836/1787/1780 2633/1788/1781 1713/1786/1779
f 1146/1789/1782 519/1529/1523 38/1790/1783
f 232/1791/1784 1629/1792/1785 1806/1793/1786
f 1186/660/660 128/1794/1787 1675/1795/1788
f 2268/1796/1789 53/1797/1790 1381/1061/1058
f 391/1798/1791 2268/1796/1789 2755/1799/1792
f 2668/1800/1793 183/1801/1794 2667/122/122
f 1903/1802/1795 396/1321/1316 527/243/243
f 394/1803/1796 3405/1804/1797 1528/1805/1798
f 2871/1806/1799 1444/1058/1055 1124/546/546
f 1749/79/79 1013/1807/1800 2078/1808/1801
f 3273/1809/1802 1903/1802/1795 2079/1162/1157
f 2887/1810/1803 2433/1811/1804 1014/1812/1805
f 1152/1813/1806 2734/1814/1807 395/1815/1808
f 286/1816/1809 2151/1817/1810 1664/1818/1811
f 1666/1046/1043 1313/663/663 2765/1819/1812
f 398/40/40 403/1820/1813 2137/1821/1814
f 528/1822/1815 2021/1823/1816 3005/661/661
f 399/1260/1255 1677/698/697 402/1824/1817
f 3217/870/867 2602/1458/1452 198/1460/1454
f 413/1825/1818 2993/1826/1819 3210/1262/1257
f 3210/1262/1257 206/871/868 399/1260/1255
f 401/1827/1820 394/1803/1796 2108/1828/1821
f 685/1488/1482 2278/1829/1822 400/256/256
f 402/1824/1817 1677/698/697 388/697/696
f 2072/1219/1214 1226/1273/1268 493/1220/1215
f 2535/39/39 403/1820/1813 398/40/40
f 3297/1830/1823 2909/1831/1824 1737/1832/1825
f 108/557/557 2119/1833/1826 1069/1834/1827
f 405/635/635 2084/1835/1828 1184/1836/1829
f 1865/764/763 2014/1749/1742 1745/1837/1830
f 3262/1838/1831 2119/1833/1826 108/557/557
f 377/1839/1832 406/659/659 337/521/521
f 2340/1750/1743 2505/486/486 1027/1840/1833
f 1909/1841/1834 2819/1842/1835 407/1505/1499
f 2667/122/122 1897/1843/1836 3297/1830/1823
f 2411/1844/1837 1871/1845/1838 2407/167/167
f 3412/169/169 368/1687/1681 2407/167/167
f 433/1846/1839 409/783/782 1409/1847/1840
f 3140/658/658 122/1848/1841 1424/1849/1842
f 3412/169/169 1932/168/168 1613/1850/1843
f 1851/1851/1844 1886/1852/1845 1613/1850/1843
f 411/1853/1846 881/1854/1847 3414/1855/1848
f 809/1667/1661 339/480/480 3411/482/482
f 1812/1644/1638 2075/1642/1636 2255/1856/1849
f 3190/106/106 2075/1642/1636 1812/1644/1638
f 2637/437/437 3246/1857/1850 923/1348/1343
f 1124/546/546 1457/710/709 1287/255/255
f 2175/672/672 1562/674/674 414/1355/1350
f 2819/1842/1835 1909/1841/1834 151/1337/1332
f 142/198/198 415/1121/1116 155/199/199
f 155/199/199 2563/84/84 3090/1403/1397
f 2315/1319/1314 416/1858/1851 393/1320/1315
f 123/1859/1852 2420/1860/1853 416/1858/1851
f 808/1861/1854 1941/1783/1776 2071/1862/1855
f 402/1824/1817 2548/1863/1856 2071/1862/1855
f 418/44/44 1062/1864/1857 302/1865/1858
f 2327/1602/1596 1394/965/962 1445/1866/1859
f 1955/310/310 2966/1318/1313 172/311/311
f 172/311/311 3469/1867/1860 1737/1832/1825
f 2672/859/856 420/74/74 371/860/857
f 358/1715/1677 2904/1714/1708 593/1868/1676
f 421/1483/1477 121/1691/1685 351/1484/1478
f 1533/1053/1050 340/864/861 121/1691/1685
f 2414/1690/1684 450/1689/1683 422/81/81
f 422/81/81 532/1693/1687 1665/1695/1689
f 2594/1869/1861 897/295/295 3170/331/331
f 2035/861/858 2142/863/860 2141/1870/1862
f 2760/1871/1863 1636/817/814 1310/1872/1864
f 2117/399/399 200/401/401 1636/817/814
f 1577/1873/1865 2463/1874/1866 449/1875/1867
f 2123/1876/1868 427/1877/1869 1577/1873/1865
f 524/1878/1870 2487/1879/1871 3505/1880/1872
f 3229/1881/1873 99/1025/1022 2694/1024/1021
f 2595/1882/1874 2141/1870/1862 427/1877/1869
f 3311/1883/1875 427/1877/1869 2123/1876/1868
f 428/1884/1876 449/1875/1867 426/1885/1877
f 200/401/401 140/1095/1090 3381/818/815
f 99/1025/1022 2059/1886/1878 429/1887/1879
f 2545/840/837 429/1887/1879 2474/1472/1466
f 430/608/608 2266/1888/1880 1667/974/971
f 2266/1888/1880 1572/1189/1184 1470/1188/1183
f 1414/1043/1040 426/1885/1877 431/1044/1041
f 99/1025/1022 3229/1881/1873 2059/1886/1878
f 432/590/590 140/1095/1090 204/591/591
f 140/1095/1090 449/1875/1867 2263/1889/1881
f 433/1846/1839 3140/658/658 1424/1849/1842
f 348/522/522 2162/1645/1639 207/1679/1673
f 749/144/144 434/1890/1882 1820/1891/1883
f 835/1725/1718 3160/1347/1342 1819/1892/1884
f 946/224/224 827/226/226 1227/1893/1885
f 828/1546/1540 2191/1894/1886 3552/1547/1541
f 2025/260/260 2185/1895/1887 682/258/258
f 1718/1896/1888 2216/1897/1889 1104/1898/1890
f 500/1202/1197 230/1899/1891 1337/1900/1892
f 1358/361/361 1054/360/360 3089/1901/1893
f 231/1144/1139 1215/1902/1894 102/1526/1520
f 328/1584/1578 102/1526/1520 1215/1902/1894
f 2146/729/728 439/1020/1017 640/730/729
f 3502/1903/1895 831/328/328 1570/1317/1312
f 800/1904/1896 203/125/125 1123/127/127
f 1178/1905/1897 1882/185/185 1120/1906/1898
f 1103/1032/1029 441/1033/1030 2709/1907/1899
f 2016/470/470 1771/472/472 2707/1908/1900
f 1020/1909/1901 3222/487/487 2505/486/486
f 2003/1910/1902 367/1911/1903 208/1912/1904
f 2897/1913/1905 1528/1805/1798 443/1914/1906
f 1450/1915/1907 443/1914/1906 3369/1916/1908
f 3027/1671/1665 345/1668/1662 136/1670/1664
f 2725/1753/1746 3455/1917/1909 378/1754/1747
f 1059/1918/1910 445/736/735 794/1634/1628
f 445/736/735 1787/1919/1911 1217/737/736
f 446/236/236 1625/1920/1912 2013/237/237
f 1527/214/214 1625/1920/1912 3135/215/215
f 447/1737/1730 350/1921/1913 2414/1690/1684
f 529/228/228 3414/1855/1848 350/1921/1913
f 2047/1922/1914 738/1923/1915 2156/1924/1916
f 595/346/346 2582/1925/1917 1272/1926/1918
f 432/590/590 449/1875/1867 140/1095/1090
f 2123/1876/1868 1577/1873/1865 449/1875/1867
f 356/1364/1359 351/1484/1478 3295/1365/1360
f 532/1693/1687 351/1484/1478 3052/1692/1686
f 400/256/256 451/1489/1483 685/1488/1482
f 400/256/256 1724/1927/1919 3210/1262/1257
f 458/1381/1376 452/1928/1920 2425/1382/1377
f 1026/1929/1921 1825/1930/1922 455/1146/1141
f 2425/1382/1377 453/1358/1353 1406/1380/1375
f 688/1931/1923 1148/893/890 193/894/891
f 904/1932/1924 1825/1930/1922 1026/1929/1921
f 1413/1933/1925 1825/1930/1922 904/1932/1924
f 1026/1929/1921 455/1146/1141 452/1928/1920
f 1756/1934/1926 3013/1935/1927 1034/1936/1928
f 460/1407/1401 3476/1937/1929 456/1400/1394
f 879/1712/1706 191/1205/1200 459/1938/1930
f 347/1402/1396 457/1677/1671 592/1939/1931
f 1026/1929/1921 452/1928/1920 458/1381/1376
f 457/1677/1671 347/1402/1396 458/1381/1376
f 193/894/891 461/1678/1672 458/1381/1376
f 460/1407/1401 456/1400/1394 459/1938/1930
f 456/1400/1394 347/1402/1396 592/1939/1931
f 2996/1204/1199 460/1407/1401 191/1205/1200
f 460/1407/1401 459/1938/1930 191/1205/1200
f 457/1677/1671 458/1381/1376 461/1678/1672
f 156/1469/1463 457/1677/1671 461/1678/1672
f 3567/1940/1932 2353/1941/1933 462/1942/1934
f 2092/1943/1935 2305/1944/1936 759/554/554
f 2028/552/552 463/1945/1937 734/550/550
f 145/1284/1279 1331/1283/1278 67/1946/1938
f 464/1650/1644 111/1947/1939 2086/1651/1645
f 111/1947/1939 2422/1948/1940 812/1949/1941
f 465/1950/1942 1663/1951/1943 1973/793/792
f 111/1947/1939 464/1650/1644 2422/1948/1940
f 359/1722/1715 2032/1952/1944 3388/1953/1945
f 3329/1954/1946 3178/1325/1320 3433/1327/1322
f 110/567/567 194/1681/1675 2048/1758/1751
f 2027/1253/1248 110/567/567 2048/1758/1751
f 1663/1951/1943 2422/1948/1940 464/1650/1644
f 3545/1955/1947 1663/1951/1943 464/1650/1644
f 887/1956/1948 684/107/107 1894/1669/1663
f 1132/1957/1949 218/620/620 1905/1958/1950
f 470/784/783 1424/1849/1842 122/1848/1841
f 2823/1520/1514 1929/657/657 2699/1521/1515
f 3179/1326/1321 471/1959/1951 1607/1960/1952
f 2537/1961/1953 117/1962/1954 2251/1420/1414
f 472/1963/1955 2000/1964/1956 3226/1965/1957
f 2001/1966/1958 169/1967/1959 2283/1968/1960
f 473/1969/1961 2347/1970/1962 3465/1971/1963
f 466/1120/1115 2313/1972/1964 3426/1462/1456
f 188/794/793 2317/1973/1965 477/1974/1966
f 1824/1975/1967 2690/1013/1010 1028/1012/1009
f 2347/1970/1962 3411/482/482 212/481/481
f 555/1976/1968 1257/335/335 55/1103/1098
f 1986/1977/1969 2945/1978/1970 476/476/476
f 476/476/476 1472/1979/1971 189/477/477
f 2294/1421/1415 2421/1980/1972 3572/1427/1421
f 465/1950/1942 1973/793/792 2629/792/791
f 478/1981/1973 2313/1972/1964 3465/1971/1963
f 478/1981/1973 212/481/481 339/480/480
f 479/1982/1974 476/476/476 1434/1983/1975
f 359/1722/1715 3388/1953/1945 1434/1983/1975
f 647/1984/1976 1684/1985/1977 480/1986/1978
f 1433/1987/1979 1597/1988/1980 1170/1989/1981
f 481/1042/1039 2181/1041/1038 3123/1990/1982
f 1597/1988/1980 975/1991/1983 3066/1992/1984
f 196/1129/1124 961/1993/1985 2125/1994/1986
f 2953/954/951 1242/1995/1987 2226/1246/1241
f 942/1996/1988 1696/1997/1989 1938/1998/1990
f 1858/1999/1991 3509/2000/1992 3137/2001/1993
f 2950/2002/1994 2383/2003/1995 68/911/908
f 1191/1304/1299 2795/2004/1996 1684/1985/1977
f 103/1414/1408 1300/1413/1407 174/2005/1997
f 2177/2006/1998 59/2007/1999 1036/1476/1470
f 868/2008/2000 790/2009/2001 1615/898/895
f 1494/1477/1471 1036/1476/1470 59/2007/1999
f 68/911/908 2383/2003/1995 2615/912/909
f 2739/2010/2002 2564/2011/2003 1378/2012/2004
f 1453/2013/2005 3035/899/896 1815/2014/2006
f 130/2015/2007 594/1495/1489 141/1496/1490
f 489/2016/2008 488/442/442 3423/441/441
f 3503/2017/2009 1815/2014/2006 488/442/442
f 168/1049/1046 490/1048/1045 2695/2018/2010
f 1636/817/814 2695/2018/2010 1310/1872/1864
f 3336/2019/2011 3015/163/163 1165/162/162
f 690/2020/2012 125/2021/2013 1293/2022/2014
f 180/874/871 2391/876/873 2237/2023/2015
f 1057/2024/2016 1467/1131/1126 1867/1297/1292
f 3010/1274/1269 1194/1216/1211 70/1215/1210
f 1517/1228/1223 867/2025/2017 3370/1229/1224
f 1011/2026/2018 2467/2027/2019 494/1126/1121
f 3006/2028/2020 1254/1224/1219 2847/2029/2021
f 2135/2030/2022 2096/2031/2023 495/2032/2024
f 1011/2026/2018 494/1126/1121 2847/2029/2021
f 496/950/947 159/2033/2025 3520/2034/2026
f 495/2032/2024 2096/2031/2023 2132/2035/2027
f 497/2036/2028 3582/2037/2029 491/2038/2030
f 3445/2039/2031 1461/2040/2032 486/2041/2033
f 1558/2042/2034 1537/2043/2035 1831/2044/2036
f 520/178/178 3557/2045/2037 2103/2046/2038
f 499/2047/2039 1413/1933/1925 2536/2048/2040
f 1255/1335/1330 2616/1334/1329 1244/2049/2041
f 2766/2050/2042 500/1202/1197 1337/1900/1892
f 3454/2051/2043 3467/2052/2044 500/1202/1197
f 2097/1264/1259 1050/2053/2045 882/2054/2046
f 1097/2055/2047 190/2056/2048 517/951/948
f 292/19/19 2178/1577/1571 1088/115/115
f 1569/2057/2049 1180/2058/2050 2179/2059/2051
f 1338/561/561 1214/359/359 2015/562/562
f 739/2060/2052 781/2061/2053 502/1509/1503
f 1518/2062/2054 1927/2063/2055 3304/2064/2056
f 197/2065/2057 1588/2066/2058 112/2067/2059
f 961/1993/1985 2939/2068/2060 2125/1994/1986
f 80/2069/2061 1057/2024/2016 750/2070/2062
f 506/2071/2063 1588/2066/2058 197/2065/2057
f 1428/2072/2064 2596/2073/2065 3519/2074/2066
f 1821/1249/1244 507/2075/2067 2684/1250/1245
f 1822/2076/2068 1877/2077/2069 1267/1159/1154
f 390/884/881 3067/2078/2070 1134/2079/2071
f 390/884/881 1134/2079/2071 1803/2080/2072
f 1852/883/880 104/882/879 1846/1765/1758
f 1849/1115/1110 107/2081/2073 1140/2082/2074
f 1951/2083/2075 3012/2084/2076 1950/2085/2077
f 531/1308/1303 2260/1377/1372 178/1309/1304
f 511/1083/1078 968/1076/1071 1390/1075/1070
f 3264/2086/2078 1877/2077/2069 2692/2087/2079
f 512/1432/1426 521/1431/1425 3084/2088/2080
f 70/1215/1210 1874/2089/2081 3010/1274/1269
f 2937/2090/2082 513/2091/2083 2474/1472/1466
f 54/1430/1424 3370/1229/1224 3389/2092/2084
f 1256/2093/1274 514/2094/2085 3114/2095/2086
f 2596/2073/2065 3518/2096/2087 3519/2074/2066
f 1522/1755/1748 3074/2097/2088 2190/1254/1249
f 2316/1194/1189 1357/1411/1405 3072/2098/2089
f 2489/1704/1698 516/722/721 1560/1705/1699
f 3087/2099/2090 106/1167/1162 215/1166/1161
f 3520/2034/2026 159/2033/2025 3062/2100/2091
f 1097/2055/2047 3520/2034/2026 1950/2085/2077
f 45/2101/2092 414/1355/1350 518/1354/1349
f 1904/2102/2093 825/2103/2094 45/2104/2092
f 519/1529/1523 86/2105/2095 38/1790/1783
f 2405/2106/2096 1280/2107/2097 2653/2108/2098
f 2103/2046/2038 504/2109/2099 520/178/178
f 2706/2110/2100 112/2067/2059 1588/2066/2058
f 1426/2111/2101 521/1431/1425 1397/2112/2102
f 215/1166/1161 523/1196/1191 2929/1195/1190
f 1638/2113/2103 522/2114/2104 1813/1227/1222
f 513/2091/2083 2937/2090/2082 2632/1187/1182
f 2197/2115/2105 523/1196/1191 521/1431/1425
f 523/1196/1191 1397/2112/2102 521/1431/1425
f 2463/1874/1866 3589/2116/2106 3345/958/955
f 2059/1886/1878 431/1044/1041 426/1885/1877
f 121/1691/1685 525/287/287 105/286/286
f 340/864/861 525/287/287 121/1691/1685
f 422/81/81 526/80/80 97/227/227
f 3414/1855/1848 809/1667/1661 411/1853/1846
f 2558/2117/2107 3249/2118/2108 527/243/243
f 527/243/243 3249/2118/2108 2976/2119/2109
f 2137/1821/1814 528/1822/1815 398/40/40
f 389/343/343 3162/1785/1778 1713/1786/1779
f 447/1737/1730 422/81/81 529/228/228
f 447/1737/1730 529/228/228 350/1921/1913
f 1250/2120/2110 1459/1288/1283 1699/2121/2111
f 1352/152/152 290/1099/1094 280/1101/1096
f 531/1308/1303 3339/1310/1305 2835/2122/2112
f 2980/1661/1655 499/2047/2039 2536/2048/2040
f 532/1693/1687 3295/1365/1360 351/1484/1478
f 532/1693/1687 422/81/81 3295/1365/1360
f 3574/2123/2113 533/2124/2114 497/2036/2028
f 3582/2037/2029 185/1181/1176 3270/1180/1175
f 2600/2125/2115 3406/2126/2116 1786/2127/2117
f 330/2128/2118 3244/2129/2119 1465/1307/1302
f 1905/1958/1950 218/620/620 535/1653/1647
f 1661/1652/1646 3545/1955/1947 464/1650/1644
f 122/1848/1841 2823/1520/1514 470/784/783
f 342/1748/1741 470/784/783 2214/326/326
f 1346/2130/2120 762/1259/1254 537/2131/2121
f 537/2131/2121 762/1259/1254 2930/2132/2122
f 2222/700/699 2098/699/698 2723/2133/2123
f 710/389/389 1583/388/388 956/2134/2124
f 1990/2135/2125 2252/2136/2126 1366/2137/2127
f 303/2138/2128 2133/803/802 980/802/801
f 2968/2139/2129 1446/2140/2130 1765/2141/2131
f 2186/2142/2132 1765/2141/2131 1626/2143/2133
f 1306/2144/2134 3082/2145/2135 2113/2146/2136
f 1411/2147/2137 264/2148/2138 810/2149/2139
f 2865/2150/2140 542/1486/1480 2864/1485/1479
f 2165/2151/2141 1566/583/583 740/582/582
f 2554/2152/2142 2089/2153/2143 3488/2154/2144
f 3318/2155/2145 2641/247/247 1738/249/249
f 1402/1621/1615 2931/2156/2146 1060/1619/1613
f 1511/2157/2147 282/132/132 1207/131/131
f 2703/2158/2148 2561/2159/2149 2247/2160/2150
f 2951/2161/2151 1276/2162/2152 776/1573/1567
f 1668/14/14 706/713/712 3080/2163/2153
f 1389/2164/2154 810/2149/2139 264/2148/2138
f 1626/2143/2133 547/2165/2155 2186/2142/2132
f 2236/1385/1380 547/2165/2155 2793/2166/2156
f 1224/170/170 548/1739/1732 1692/171/171
f 1754/680/680 2439/682/682 1220/1437/1431
f 2001/1966/1958 3276/2167/2157 169/1967/1959
f 1831/2044/2036 3043/2168/2158 2382/2169/2159
f 817/2170/2160 2650/2171/2161 550/2172/2162
f 2436/1702/1696 2727/2173/2163 115/1700/1694
f 31/810/809 3114/2095/2086 514/2094/2085
f 1333/2174/2164 2335/278/278 2011/2175/2165
f 2437/2176/2166 552/277/277 72/268/268
f 1692/171/171 1754/680/680 1220/1437/1431
f 553/177/177 498/290/290 520/178/178
f 556/1417/1411 498/290/290 553/177/177
f 2176/681/681 55/1103/1098 2439/682/682
f 1599/337/337 2779/2177/2167 55/1103/1098
f 3411/482/482 2347/1970/1962 910/2178/2168
f 411/1853/1846 910/2178/2168 881/1854/1847
f 2040/2179/2169 1009/1439/1433 554/1438/1432
f 2439/682/682 55/1103/1098 2779/2177/2167
f 557/2180/2170 48/2181/2171 1557/2182/2172
f 1557/2182/2172 559/902/899 1312/2183/2173
f 558/2184/2174 2965/45/45 418/44/44
f 201/610/610 1438/2185/2175 1159/611/611
f 3269/2186/2176 2556/2187/2177 58/2188/2178
f 765/2189/2179 766/2190/2180 927/933/930
f 752/2191/2181 2289/2192/2182 2464/1600/1594
f 753/48/48 315/2193/2183 2426/13/13
f 2249/2194/2184 226/2195/2185 1700/2196/2186
f 2267/2197/2187 1514/2198/2188 3180/1345/1340
f 899/2199/2189 1778/2200/2190 2417/2201/2191
f 1053/2202/2192 1119/2203/2193 2418/2204/2194
f 2496/2205/2195 53/1797/1790 1032/2206/2196
f 2764/1767/1760 837/2207/2197 591/2208/2198
f 564/2209/2199 2371/2210/2200 2370/2211/2201
f 564/2209/2199 2111/2212/2202 1172/2213/2203
f 1158/1084/1079 2989/2214/2204 997/2215/2205
f 2265/2216/2206 2970/2217/2207 2264/2218/2208
f 1656/2219/2209 13/2220/2210 1352/152/152
f 2808/2221/2211 832/2222/2212 2307/2223/2213
f 3183/1161/1156 443/1914/1906 1450/1915/1907
f 171/1470/1464 3516/2224/2214 126/2225/2215
f 101/500/500 938/408/408 1540/407/407
f 1541/2226/2216 2562/2227/2217 1101/2228/2218
f 569/2229/2219 2624/2230/2220 1939/779/778
f 2541/2231/2221 2958/2232/2222 2679/2233/2223
f 571/2234/2224 1535/322/322 2741/324/324
f 1108/2235/2225 1758/2236/2226 1795/2237/2227
f 3330/2238/2228 1156/2239/2229 2958/2232/2222
f 562/2240/2230 2101/2241/2231 1795/2237/2227
f 2426/13/13 1234/2242/2232 1307/2243/2233
f 3350/2244/2234 2724/2245/2235 304/2246/2236
f 1471/2247/2237 2080/2248/2238 573/2249/2239
f 2052/2250/2240 1658/2251/2241 2841/2252/2242
f 971/348/348 1000/347/347 1748/1625/1619
f 2390/1482/1476 1492/1630/1624 584/1480/1474
f 970/2253/2243 2542/2254/2244 1233/2255/2245
f 3165/2256/2246 1834/2257/2247 625/2258/2248
f 2067/1368/1363 179/979/976 3424/1369/1364
f 1161/2259/2249 2298/2260/2250 2969/2261/2251
f 2610/118/118 2286/2262/2252 577/2263/2253
f 3409/2264/2254 1781/2265/2255 1863/491/491
f 3075/2266/2256 574/2267/2257 2248/2268/2258
f 2248/2268/2258 2199/2269/2259 2404/2270/2260
f 3098/2271/2261 2373/1408/1402 1509/1410/1404
f 1023/989/986 583/1240/1235 2837/2272/2262
f 44/2273/2263 2221/2274/2264 1594/2275/2265
f 2083/1311/1306 874/2276/2266 654/1312/1307
f 1303/2277/2267 2670/2278/2268 581/2279/2269
f 113/2280/2270 1182/2281/2271 3492/2282/2272
f 1587/945/942 582/2283/2273 221/2284/2274
f 1721/2285/2275 715/634/634 3031/633/633
f 2469/2286/2276 3195/2287/2277 583/1240/1235
f 3013/1935/1927 3004/2288/2278 1034/1936/1928
f 786/2289/2279 2443/2290/2280 1213/2291/2281
f 316/56/56 3550/2292/2282 991/2293/2283
f 2493/2294/2284 721/2295/2285 2467/2027/2019
f 2154/2296/2286 48/2181/2171 2293/2297/2287
f 2934/159/159 2944/158/158 586/750/749
f 223/558/558 108/557/557 1069/1834/1827
f 1590/527/527 587/529/529 1262/2298/2288
f 139/1287/1282 1699/2121/2111 1459/1288/1283
f 588/406/406 265/2299/2289 2895/2300/2290
f 1277/2301/2291 1901/2302/2292 1565/2303/2293
f 1205/233/233 1672/2304/2294 3073/2305/2295
f 1002/2306/2296 3457/2307/2297 1657/2308/2298
f 1519/886/883 2231/692/692 590/885/882
f 1058/2309/2299 68/911/908 1684/1985/1977
f 1769/1768/1761 2420/1860/1853 123/1859/1852
f 1162/2310/2300 3078/2311/2301 2647/2312/2302
f 459/1938/1930 456/1400/1394 592/1939/1931
f 459/1938/1930 1029/1468/1462 357/1467/1461
f 3510/2313/2303 467/1680/1674 593/1682/1676
f 2904/1714/1708 2672/859/856 593/1868/1676
f 1938/1998/1990 1696/1997/1989 489/2016/2008
f 489/2016/2008 3503/2017/2009 488/442/442
f 2047/1922/1914 2156/1924/1916 1596/2314/2304
f 695/197/197 202/1375/1370 3150/2315/2305
f 2890/2316/2306 424/2317/2307 3099/2318/2308
f 2431/2319/2309 2432/2320/2310 2760/1871/1863
f 1017/2321/2311 1624/2322/2312 1025/2323/2313
f 1355/2324/2314 1853/2325/2315 2206/2326/2316
f 2521/1564/1558 1474/2327/2317 3028/2328/2318
f 1290/755/754 1762/2329/2319 2445/2330/2320
f 2017/175/175 1589/2331/2321 599/173/173
f 6/1587/1581 1630/2332/2322 842/1588/1582
f 1683/2333/2323 600/2334/2324 1196/105/105
f 1717/2335/2325 1585/2336/2326 1586/1176/1171
f 2018/2337/2327 2560/307/307 601/2338/2328
f 1065/2339/2329 1770/2340/2330 1876/2341/2331
f 1816/41/41 3523/2342/2332 2423/1290/1285
f 1761/1511/1505 1311/2343/2333 1965/31/31
f 1726/411/411 1079/2344/2334 603/409/409
f 3092/787/786 940/786/785 1598/1242/1237
f 1136/2345/2335 639/2346/2336 2588/2347/2337
f 1136/2345/2335 1143/2348/2338 1933/2349/2339
f 1144/2350/2340 829/2351/2341 1143/2348/2338
f 1147/1271/1266 1141/1270/1265 3069/2352/2342
f 2674/2353/2343 258/2354/2344 2138/2355/2345
f 2525/2356/2346 1620/2357/2347 1992/2358/2348
f 3402/2359/2349 607/1367/1362 3044/2360/2350
f 1375/2361/2351 630/2362/2352 3091/849/846
f 1879/688/688 2046/2363/2353 608/686/686
f 87/2364/2354 3175/1251/1246 2157/2365/2355
f 609/2366/2356 209/2367/2357 1500/2368/2358
f 2620/271/271 2192/270/270 1653/1502/1496
f 1832/2369/2359 2510/2370/2360 610/2371/2361
f 360/1719/1712 983/2372/2362 1040/2373/2363
f 1360/2374/2364 912/225/225 946/224/224
f 39/2375/2365 1360/2374/2364 2200/2376/2366
f 659/2377/2367 2963/2378/2368 1401/2379/2369
f 2879/2380/2370 1024/1258/1253 305/2381/2371
f 613/504/504 612/432/432 308/2382/2372
f 2083/1311/1306 905/2383/2373 667/2384/2374
f 2592/2385/2375 739/2060/2052 1679/2386/2376
f 971/348/348 322/1626/1620 503/2387/2377
f 598/1565/1559 1005/2388/2378 1275/1563/1557
f 2848/2389/2379 2805/2390/2380 820/2391/2381
f 1800/1397/1391 3522/2392/2382 1096/2393/2383
f 3522/2392/2382 3007/2394/2384 2875/617/617
f 3045/1198/1193 2070/1197/1192 1266/2395/2385
f 2987/1173/1168 1776/1132/1127 2988/2396/2386
f 617/2397/2387 3058/2398/2388 618/2399/2389
f 2384/1238/1233 1481/1404/1398 2846/1134/1129
f 698/379/379 274/466/466 3280/2400/2390
f 1185/2401/2391 3373/2402/2392 1304/465/465
f 1055/2403/2393 3281/2404/2394 1633/2405/2395
f 1055/2403/2393 266/2406/2396 2714/2407/2397
f 1505/2408/2398 1970/2409/2399 2099/2410/2400
f 266/2406/2396 3085/2411/2401 2099/2410/2400
f 1356/2412/2402 2899/2413/2403 1048/2414/2404
f 3021/1006/1003 1087/2415/2405 3301/2416/2406
f 623/2417/2407 3398/2418/2408 2212/2419/2409
f 989/2420/2410 2920/1390/1385 1373/2421/2411
f 1640/703/702 2262/2422/2412 1811/2423/2413
f 1236/2424/2414 2675/2425/2415 28/452/452
f 2542/2254/2244 625/2258/2248 1233/2255/2245
f 1811/2423/2413 2262/2422/2412 575/2426/2416
f 306/2427/2417 1928/2428/2418 3358/1549/1543
f 3338/2429/2419 1794/1552/1546 2121/2430/2420
f 1760/2431/2421 2476/2432/2422 1691/653/653
f 132/2433/2423 2264/2218/2208 1690/1398/1392
f 1974/2434/2424 1105/2435/2425 1407/2436/2426
f 2128/273/273 3136/2437/2427 1098/2438/2428
f 629/1140/1135 2375/1139/1134 1603/2439/2429
f 1259/2440/2430 89/2441/2431 3026/2442/2432
f 1375/2361/2351 1064/2443/2433 2394/2444/2434
f 3224/1296/1291 1968/1330/1325 1867/1297/1292
f 44/2273/2263 2386/2445/2435 3187/2446/2436
f 3496/2447/2437 2199/2269/2259 2248/2268/2258
f 2681/2448/2438 609/2366/2356 1500/2368/2358
f 3354/1416/1410 696/2449/2439 1740/1415/1409
f 35/2450/734 633/2451/2440 36/2452/2441
f 927/933/930 932/932/929 2552/2453/2442
f 2595/1882/1874 634/2454/2443 2141/1870/1862
f 1237/2455/2444 3161/2456/2445 2007/892/889
f 997/2215/2205 2990/2457/2446 1246/2458/2447
f 616/2459/2448 1246/2458/2447 1075/2460/2449
f 1102/2461/2450 913/166/166 2574/2462/2451
f 858/446/446 1989/2463/2452 1121/35/35
f 1099/2464/2453 18/2465/2454 970/2253/2243
f 2926/2466/2455 2572/2467/2456 958/2468/2457
f 1862/490/490 637/2469/2458 1863/491/491
f 18/2465/2454 1099/2464/2453 1602/2470/2459
f 2892/2471/2460 435/2472/2461 719/2473/2462
f 1133/2474/2463 2332/2475/2464 2892/2471/2460
f 77/2476/2465 2321/1324/1319 2102/1010/1007
f 3501/2477/2466 2321/1324/1319 1339/2478/2467
f 895/2479/2468 3583/2480/2469 641/2481/2470
f 9/2482/2471 3038/368/368 1650/2483/2472
f 3218/484/484 311/483/483 2167/2484/2473
f 1879/688/688 2076/1574/1568 2046/2363/2353
f 671/2485/2474 2513/1356/1351 643/988/985
f 166/2486/2475 2891/1359/1354 643/988/985
f 3123/1990/1982 2569/2487/2476 481/1042/1039
f 481/1042/1039 2569/2487/2476 2956/516/516
f 645/2488/2477 268/2489/2478 2403/2490/2479
f 2674/2353/2343 1264/2491/2480 2066/2492/2481
f 2509/518/518 3149/517/517 2295/2493/2482
f 1866/2494/2483 1512/837/834 936/839/836
f 3059/2495/2484 224/1446/1440 1183/2496/2485
f 644/2497/2486 3123/1990/1982 2917/2498/2487
f 2206/2326/2316 1853/2325/2315 3387/2499/2488
f 1210/2500/2489 2285/1316/1311 597/1524/1518
f 226/2195/2185 2249/2194/2184 3294/2501/2490
f 2964/2502/2491 1486/2503/2492 2431/2319/2309
f 929/773/772 2705/2504/2493 650/774/773
f 2129/205/205 1439/2505/2494 1118/2506/2495
f 1108/2235/2225 1795/2237/2227 3587/2507/2496
f 1177/134/134 1688/2508/2497 2069/135/135
f 2588/2347/2337 2589/942/939 3163/2509/2498
f 3580/402/402 1142/2510/2499 3384/2511/2500
f 3404/1516/1510 1837/2512/2501 1881/1517/1511
f 2512/2513/2502 1203/2514/2503 1048/2414/2404
f 847/2515/2504 2623/2516/630 833/2517/2505
f 873/319/319 2621/2518/2506 62/320/320
f 1007/2519/2507 655/1555/1549 3504/2520/2508
f 3108/2521/2509 199/577/577 2244/2522/2510
f 2490/2523/2511 81/2524/2512 2977/748/747
f 2273/2525/2513 2718/2526/2514 3309/2527/2515
f 657/2528/2516 656/749/748 1425/2529/2517
f 613/504/504 308/2382/2372 905/2383/2373
f 1008/2530/2518 655/1555/1549 1007/2519/2507
f 655/1555/1549 1669/2531/2519 3514/2532/2520
f 659/2377/2367 3191/2533/2521 612/432/432
f 612/432/432 314/505/505 2879/2380/2370
f 2816/725/724 2539/727/726 660/2534/2522
f 1573/377/377 2698/959/956 661/2535/2523
f 3468/2536/2524 660/2534/2522 661/2535/2523
f 664/520/520 397/1443/1437 2304/2537/2525
f 1655/2538/2526 1189/2539/2527 1673/2540/2528
f 2868/1554/1548 3504/2520/2508 655/1555/1549
f 314/505/505 1024/1258/1253 2879/2380/2370
f 3315/303/303 1149/1052/1049 1660/301/301
f 337/521/521 664/520/520 2697/961/958
f 2304/2537/2525 661/2535/2523 664/520/520
f 665/1442/1436 664/520/520 207/1679/1673
f 1322/2541/2529 665/1442/1436 207/1679/1673
f 308/2382/2372 612/432/432 666/434/434
f 666/434/434 1452/238/238 3236/240/240
f 905/2383/2373 308/2382/2372 667/2384/2374
f 308/2382/2372 666/434/434 667/2384/2374
f 668/2542/2530 2604/2543/2531 1559/2544/2532
f 675/2545/2533 3563/2546/2534 2306/2547/2535
f 2287/1177/1172 2665/2548/1128 82/1178/1173
f 1252/2549/2536 1646/1239/1234 2384/1238/1233
f 2686/2550/2537 3439/2551/2538 241/212/212
f 3530/2552/2539 3529/259/259 682/258/258
f 1030/1357/1352 2513/1356/1351 671/2485/2474
f 2889/2553/2540 1030/1357/1352 1824/1975/1967
f 3356/2554/2541 672/532/532 1487/531/531
f 639/2346/2336 1823/24/24 652/2555/2542
f 2025/260/260 1687/2556/2543 2185/1895/1887
f 3003/2557/2544 436/530/530 672/532/532
f 674/1534/1528 1729/1533/1527 1730/2558/2545
f 1718/1896/1888 1730/2558/2545 2216/1897/1889
f 1788/2559/2546 2010/1543/1537 1341/2560/2547
f 1823/24/24 681/2561/2548 652/2555/2542
f 676/606/606 679/2562/2549 1959/2563/2550
f 1959/2563/2550 3017/1776/1769 2801/1775/1768
f 2270/927/924 372/2564/2551 1720/2565/2552
f 369/1740/1733 2270/927/924 1720/2565/2552
f 2748/639/639 1559/2544/2532 2604/2543/2531
f 670/2566/2553 2686/2550/2537 679/2562/2549
f 679/2562/2549 678/2567/2554 670/2566/2553
f 678/2567/2554 3543/605/605 1676/2568/2555
f 680/1561/1555 821/1545/1539 317/2569/2556
f 668/2542/2530 1559/2544/2532 2306/2547/2535
f 652/2555/2542 681/2561/2548 675/2545/2533
f 675/2545/2533 3356/2554/2541 3563/2546/2534
f 682/258/258 241/212/212 3439/2551/2538
f 241/212/212 682/258/258 2185/1895/1887
f 2291/952/949 2690/1013/1010 683/202/202
f 3098/2271/2261 186/2570/2557 2373/1408/1402
f 684/107/107 93/1186/1181 136/1670/1664
f 684/107/107 136/1670/1664 1894/1669/1663
f 401/1827/1820 2278/1829/1822 685/1488/1482
f 3333/1080/1075 2230/1770/1763 2743/1772/1765
f 1192/2571/2558 1307/2243/2233 1190/2572/2559
f 2559/2573/2560 1980/2574/2561 991/2293/2283
f 687/2575/2562 2813/2576/2563 2118/2577/2564
f 1441/856/853 847/2515/2504 833/2517/2505
f 688/1931/1923 1406/1380/1375 2377/2578/2565
f 3285/2579/2566 1973/793/792 1663/1951/1943
f 1148/893/890 2378/2580/2567 689/1419/1413
f 2378/2580/2567 1973/793/792 3285/2579/2566
f 1653/1502/1496 690/2020/2012 3308/1503/1497
f 690/2020/2012 1293/2022/2014 2750/2581/2568
f 1345/2582/2569 3289/523/523 1670/400/400
f 3119/2583/2570 1990/2135/2125 1366/2137/2127
f 834/416/416 712/1237/1232 225/2584/2571
f 2473/1609/1603 2919/2585/2572 1179/2586/2573
f 76/2587/2574 1006/1154/1149 3287/1153/1148
f 76/2587/2574 2274/2588/2575 3061/2589/2576
f 987/2590/2577 644/2497/2486 2917/2498/2487
f 2297/739/738 3416/2591/2578 3142/103/103
f 448/1244/1239 216/195/195 1593/2592/2579
f 941/2593/2580 3549/2594/2581 1593/2592/2579
f 1499/2595/2582 1740/1415/1409 696/2449/2439
f 2276/719/718 733/219/219 2568/221/221
f 2219/2596/2583 697/2597/2584 2961/2598/2585
f 3421/2599/2586 1743/2600/2587 2804/2601/2588
f 295/2602/2589 698/379/379 619/2603/2590
f 1743/2600/2587 2999/2604/2591 1261/114/114
f 2749/807/806 1676/2568/2555 3274/808/807
f 1979/2605/2592 247/501/501 857/503/503
f 700/2606/2593 3479/2607/2594 2578/2608/2595
f 539/2609/2596 822/2610/2597 2500/2611/2598
f 1235/2612/2599 1553/2613/2600 1047/2614/704
f 693/694/694 1553/2613/2600 1235/2612/2599
f 702/393/393 323/2615/2601 574/2267/2257
f 1211/2616/2602 2366/1393/1388 321/1392/1387
f 2984/2617/2603 703/2618/2604 1281/2619/2605
f 1633/2405/2395 3070/2620/2606 730/2621/2607
f 931/2622/2608 2905/2623/2609 704/2624/2610
f 3009/28/28 1112/559/559 651/26/26
f 1678/2625/2611 705/2626/2612 1906/2627/2613
f 930/2628/2614 1782/89/89 3396/2629/2615
f 299/2630/2616 307/2631/2617 2235/2632/2618
f 2380/2633/2619 544/1331/1326 2033/1333/1328
f 3478/734/733 926/733/732 25/2634/2620
f 943/2635/2621 928/2636/2622 799/2637/2623
f 3527/2638/2624 944/383/383 242/1575/1569
f 298/2639/2625 1298/2640/2626 921/2641/2627
f 2759/2642/2628 709/2643/2629 1790/189/189
f 1084/2644/2630 2815/2645/2631 1632/1780/1773
f 1240/2646/2632 2863/2647/2633 1991/2648/2634
f 2890/2316/2306 691/2649/2635 424/2317/2307
f 777/2650/2636 711/2651/2637 263/880/877
f 2482/2652/2638 1052/2653/2639 3073/2305/2295
f 1621/2654/2640 712/1237/1232 834/416/416
f 1620/2357/2347 2525/2356/2346 2508/1023/1020
f 994/1164/1159 2180/2655/2641 1775/2656/2642
f 2580/2657/2643 1268/2658/2644 3306/2659/2645
f 3014/2660/2646 660/2534/2522 2539/727/726
f 1304/465/465 2662/2661/2647 1185/2401/2391
f 261/2662/2648 3056/2663/2649 1248/2664/2650
f 2550/2665/2651 772/2666/2652 1074/998/995
f 716/2667/2653 34/888/885 2605/2668/2654
f 2356/889/886 34/888/885 716/2667/2653
f 891/834/831 2736/833/830 21/2669/2655
f 1439/2505/2494 21/2669/2655 1216/2670/2656
f 1712/355/355 1373/2421/2411 718/2671/2657
f 2212/2419/2409 1373/2421/2411 623/2417/2407
f 3332/2672/2658 1931/2673/2659 719/2473/2462
f 1144/2350/2340 1145/2674/2660 829/2351/2341
f 720/2675/2661 927/933/930 2552/2453/2442
f 3095/2676/2662 50/1072/1066 3564/2677/2663
f 1085/1136/1131 585/1135/1130 1739/2678/2664
f 1739/2678/2664 2217/1026/1023 46/1028/1025
f 722/627/627 3244/2129/2119 2626/2679/2665
f 1466/2680/2666 270/2681/2667 3400/2682/2668
f 1089/86/86 723/2683/2669 1792/1190/1185
f 279/669/669 2981/2684/2670 1946/670/670
f 1702/761/760 624/763/762 2643/2685/2671
f 1777/524/524 2109/333/333 2826/525/525
f 264/2148/2138 546/2686/2672 1389/2164/2154
f 1671/1622/1616 546/2686/2672 1418/873/870
f 3136/2437/2427 2128/273/273 2024/275/275
f 1221/2687/2673 2574/2462/2451 913/166/166
f 727/574/574 1332/573/573 1538/2688/2674
f 234/2689/2675 1290/755/754 2445/2330/2320
f 3425/398/398 1042/397/397 1542/2690/2676
f 1875/2691/2677 258/2354/2344 2674/2353/2343
f 729/2692/2678 315/2193/2183 3477/2693/2679
f 386/966/963 1790/189/189 2738/967/964
f 730/2621/2607 3070/2620/2606 1174/2694/2680
f 2820/2695/2681 1634/2696/2682 764/21/21
f 131/2697/2683 2485/2698/2684 3466/2699/2685
f 2024/275/275 3463/2700/2686 1122/2701/2687
f 297/308/308 996/2702/2688 43/2703/2689
f 3121/2704/2690 3122/2705/2691 1311/2343/2333
f 733/219/219 2276/719/718 3525/2706/2692
f 1354/2707/2693 1265/2708/2694 2739/2010/2002
f 3025/2709/2695 734/550/550 463/1945/1937
f 2586/2710/2696 2585/2711/2697 1061/922/919
f 1032/2206/2196 735/2712/2698 2496/2205/2195
f 778/2713/2699 3507/2714/2700 1037/549/549
f 2145/2715/2701 737/330/330 3206/329/329
f 2156/1924/1916 738/1923/1915 2149/1243/1238
f 2790/396/396 272/2716/2702 1604/2717/2703
f 1604/2717/2703 736/2718/2704 2020/2719/2705
f 2020/2719/2705 2065/2720/2706 1604/2717/2703
f 1448/937/934 2065/2720/2706 2360/935/932
f 3243/2721/2707 739/2060/2052 502/1509/1503
f 2187/2722/2708 614/2723/2709 3551/2724/2710
f 740/582/582 245/2725/2711 2165/2151/2141
f 2968/2139/2129 1765/2141/2131 245/2725/2711
f 1683/2333/2323 1196/105/105 222/104/104
f 1719/1523/1517 2311/2726/2712 1635/2727/2713
f 2045/2728/2714 742/2729/2715 758/777/776
f 1488/1732/1725 1073/2730/2716 3577/2731/2717
f 2158/1116/1111 743/2732/2718 2168/1117/1112
f 1900/1234/1229 2412/2733/2719 1772/1235/1230
f 3429/192/192 744/2734/2720 32/2735/2721
f 1616/2736/2722 869/100/100 3303/2737/2723
f 3147/2738/2724 1925/424/424 875/2739/2725
f 32/2735/2721 744/2734/2720 3107/2740/2726
f 917/429/429 2598/431/431 1954/2741/2727
f 2691/533/533 11/576/576 2769/534/534
f 3143/2742/2728 1106/2743/2729 327/1636/1630
f 990/2744/2730 984/768/767 2631/767/766
f 2899/2413/2403 1356/2412/2402 748/265/265
f 718/2671/2657 3341/2745/2731 1712/355/355
f 749/144/144 1789/2746/2732 434/1890/1882
f 1789/2746/2732 2593/2747/2733 714/2748/2734
f 961/1993/1985 750/2070/2062 2939/2068/2060
f 2087/1182/1177 1764/2749/2735 3270/1180/1175
f 3307/2750/2736 1623/2751/2737 267/1440/1434
f 2111/2212/2202 3372/2752/2738 1172/2213/2203
f 1239/2753/2739 1386/2754/2740 2073/2755/2741
f 560/58/58 2494/2756/2742 1391/47/47
f 3477/2693/2679 315/2193/2183 753/48/48
f 1239/2753/2739 1508/2757/2743 1386/2754/2740
f 92/696/695 1677/698/697 3380/1031/1028
f 198/1460/1454 384/1459/1453 3100/2758/2744
f 3081/2759/2745 3144/2760/2746 1063/1232/1227
f 1160/174/174 599/173/173 2710/2761/2747
f 1998/2762/2748 1376/1160/1155 567/2763/2749
f 1998/2762/2748 1317/2764/2750 2645/2765/2751
f 757/638/638 1727/2766/2752 2957/636/636
f 1491/2767/2753 367/1911/1903 2003/1910/1902
f 1969/1735/1728 758/777/776 2859/1736/1729
f 758/777/776 742/2729/2715 1489/1350/1345
f 2041/2768/2754 1305/2769/2755 2869/2770/2756
f 2875/617/617 2041/2768/2754 134/618/618
f 116/2771/2757 1021/468/468 760/467/467
f 1934/2772/2758 2055/2773/2759 442/2774/2760
f 761/2775/2761 423/592/592 901/2776/2762
f 3311/1883/1875 2595/1882/1874 427/1877/1869
f 2930/2132/2122 762/1259/1254 1001/2777/2763
f 204/591/591 901/2776/2762 423/592/592
f 307/2631/2617 2236/1385/1380 763/572/572
f 307/2631/2617 763/572/572 803/2778/2764
f 289/280/280 288/22/22 764/21/21
f 1174/2694/2680 255/2779/2765 1970/2409/2399
f 58/2188/2178 2170/2780/2766 2659/2781/2767
f 3489/1015/1012 1299/2782/2768 1289/2783/2769
f 765/2189/2179 2170/2780/2766 766/2190/2180
f 559/902/899 2540/891/888 1367/890/887
f 767/459/459 621/458/458 1880/2784/2770
f 1647/372/372 1605/71/71 1880/2784/2770
f 768/947/944 1514/2198/2188 1884/948/945
f 3180/1345/1340 1514/2198/2188 768/947/944
f 769/846/843 2085/2785/2771 3353/2786/2772
f 1609/2787/2773 1895/1292/1287 1725/897/894
f 895/2479/2468 3490/298/298 3583/2480/2469
f 34/888/885 903/2788/2774 2605/2668/2654
f 2211/2789/2775 500/1202/1197 2566/2790/2776
f 2566/2790/2776 2209/2791/2777 3158/2792/2778
f 772/2666/2652 1499/2595/2582 94/996/993
f 94/996/993 1074/998/995 772/2666/2652
f 438/2793/2779 708/2794/2780 2709/1907/1899
f 231/1144/1139 1917/597/597 1215/1902/1894
f 11/576/576 2030/2795/2781 3111/2796/2782
f 11/576/576 3111/2796/2782 915/2797/2783
f 2030/2795/2781 11/576/576 1484/2798/2784
f 2104/351/351 864/2799/2785 1127/2800/2786
f 1892/2801/2787 279/669/669 2054/2802/2788
f 2965/45/45 558/2184/2174 2546/2803/2789
f 777/2650/2636 2225/2804/2790 711/2651/2637
f 3507/2714/2700 778/2713/2699 1742/789/788
f 778/2713/2699 1037/549/549 2649/548/548
f 2225/2804/2790 3047/2805/2791 3265/1142/1137
f 3564/2677/2663 2627/908/905 3095/2676/2662
f 1133/2474/2463 3097/2806/2792 2332/2475/2464
f 780/1070/1067 50/1072/1066 3095/2676/2662
f 3472/2807/2793 2002/1184/1179 3471/1183/1178
f 739/2060/2052 2592/2385/2375 781/2061/2053
f 3001/17/17 2591/2808/2794 2320/18/18
f 2140/2809/2795 782/1607/1601 3497/881/878
f 3497/881/878 1699/2121/2111 139/1287/1282
f 2531/2810/2796 3287/1153/1148 3334/2811/2797
f 2531/2810/2796 1334/1595/1589 2284/791/790
f 23/760/759 1365/759/758 3286/2812/2798
f 2453/2813/2799 3061/2589/2576 2274/2588/2575
f 785/1597/1591 2198/2814/2800 238/1598/1592
f 1394/965/962 2327/1602/1596 302/1865/1858
f 2174/2815/2801 3231/2816/2802 2868/1554/1548
f 826/2817/2803 1387/2818/2804 2841/2252/2242
f 787/182/182 2022/2819/2805 2198/2814/2800
f 2534/385/385 237/93/93 1963/213/213
f 1376/1160/1155 1706/2820/2806 567/2763/2749
f 2510/2370/2360 1832/2369/2359 1529/2821/2807
f 126/2225/2215 3516/2224/2214 788/2822/2808
f 1529/2821/2807 1999/2823/2809 3561/2824/2810
f 3427/2825/2811 486/2041/2033 790/2009/2001
f 1461/2040/2032 790/2009/2001 486/2041/2033
f 791/2826/2812 1236/2424/2414 2855/2827/2813
f 2109/333/333 1777/524/524 724/2828/2814
f 2106/1210/1205 3299/2829/2815 792/2830/2816
f 3186/2831/2817 2652/2832/2818 1280/2107/2097
f 793/1548/1542 306/2427/2417 3358/1549/1543
f 278/1268/1263 2344/2833/2819 2828/594/594
f 1059/1918/1910 794/1634/1628 1786/2127/2117
f 534/2834/2820 794/1634/1628 2389/1635/1629
f 2875/617/617 1785/616/616 3522/2392/2382
f 1780/2835/2821 2857/208/208 1364/2836/2822
f 727/574/574 796/2837/2823 1735/2838/2824
f 2074/2839/2825 3508/2840/2826 2721/1373/1368
f 1520/2841/2827 1648/2842/2828 3201/2843/2829
f 1634/2696/2682 2820/2695/2681 3202/1566/1560
f 797/20/20 288/22/22 3134/2844/2830
f 3134/2844/2830 3152/2845/2831 2201/2846/2832
f 3376/2847/2833 2986/2848/2834 2502/2849/2835
f 1857/352/352 3292/2850/2836 1910/350/350
f 1694/2851/2837 800/1904/1896 1125/2852/2838
f 1120/1906/1898 1784/2853/2839 1178/1905/1897
f 48/2181/2171 1728/2854/2840 2293/2297/2287
f 2567/2855/2841 48/2181/2171 557/2180/2170
f 3082/2145/2135 1306/2144/2134 802/2856/2842
f 305/2381/2371 541/2857/2843 2406/2858/2844
f 312/571/571 803/2778/2764 763/572/572
f 1419/1623/1617 1388/492/492 3437/494/494
f 3582/2037/2029 804/2859/2845 491/2038/2030
f 1293/2022/2014 125/2021/2013 1864/1611/1605
f 125/2021/2013 1154/1612/1606 1864/1611/1605
f 1521/272/272 2281/2860/2846 3300/2861/2847
f 2851/1057/1054 806/975/972 2281/2860/2846
f 806/975/972 3300/2861/2847 2281/2860/2846
f 807/294/294 896/296/296 663/2862/2848
f 1660/301/301 1149/1052/1049 663/2862/2848
f 387/1490/1484 1941/1783/1776 808/1861/1854
f 2230/1770/1763 387/1490/1484 808/1861/1854
f 526/80/80 811/82/82 809/1667/1661
f 809/1667/1661 97/227/227 526/80/80
f 1416/1591/1585 2005/2863/2849 1019/1592/1586
f 1008/2530/2518 1669/2531/2519 655/1555/1549
f 370/1666/1660 339/480/480 1665/1695/1689
f 370/1666/1660 1665/1695/1689 3053/1694/1688
f 2421/1980/1972 117/1962/1954 812/1949/1941
f 117/1962/1954 471/1959/1951 3179/1326/1321
f 1501/1497/1491 2424/1453/1447 3213/1656/1650
f 2424/1453/1447 148/1066/1063 338/1461/1455
f 1818/2864/2850 2563/84/84 814/83/83
f 412/1743/1736 95/2865/2851 3051/1741/1734
f 95/2865/2851 870/2866/2852 2910/2867/2853
f 95/2865/2851 333/96/96 870/2866/2852
f 3413/2868/2854 816/2869/2855 1273/1604/1598
f 816/2869/2855 289/280/280 1174/2694/2680
f 838/2870/2856 1759/2871/2857 550/2172/2162
f 2310/2872/2858 2860/2873/2859 818/2874/2860
f 818/2874/2860 627/121/121 2310/2872/2858
f 2205/207/207 1364/2836/2822 2857/208/208
f 482/2875/2861 819/2876/2862 1242/1995/1987
f 3386/2877/2863 2204/2878/2864 819/2876/2862
f 2497/2879/2865 820/2391/2381 951/2880/2866
f 2105/2881/2867 2106/1210/1205 2907/2882/2868
f 821/1545/1539 680/1561/1555 1773/420/420
f 254/2883/2869 2381/822/819 1859/824/821
f 1202/2884/2870 1591/2885/2871 822/2610/2597
f 3541/2886/2872 1513/701/700 2222/700/699
f 823/2887/2873 150/2888/2874 2267/2197/2187
f 1623/2751/2737 1945/1441/1435 267/1440/1434
f 2234/1030/1027 1222/1029/1026 2693/2889/2875
f 2693/2889/2875 2385/2890/2876 150/2888/2874
f 2175/672/672 825/2891/2094 381/673/673
f 381/673/673 825/2891/2094 509/830/827
f 1189/2539/2527 1655/2538/2526 584/1480/1474
f 584/1480/1474 1658/2251/2241 2052/2250/2240
f 2691/533/533 2367/535/535 2368/2892/2877
f 2614/2893/2878 2368/2892/2877 2515/2894/2879
f 828/1546/1540 3115/2895/2880 2191/1894/1886
f 719/2473/2462 435/2472/2461 3332/2672/2658
f 1933/2349/2339 639/2346/2336 1136/2345/2335
f 3348/25/25 1931/2673/2659 3331/23/23
f 2482/2652/2638 830/2896/2881 3002/1125/1120
f 1654/1276/1271 830/2896/2881 589/2897/2882
f 831/328/328 1515/2898/2883 3206/329/329
f 1339/2478/2467 831/328/328 3502/1903/1895
f 832/2222/2212 2808/2221/2211 1251/2899/2884
f 2867/2900/2885 2100/542/542 566/2901/2886
f 1441/856/853 833/2517/2505 1551/857/854
f 2625/2902/2887 2621/2518/2506 898/2903/2888
f 2491/1371/1366 692/2904/2889 834/416/416
f 2201/2846/2832 2473/1609/1603 1179/2586/2573
f 835/1725/1718 1926/1303/1298 1294/2905/2890
f 835/1725/1718 1819/1892/1884 1926/1303/1298
f 860/896/893 836/895/892 2435/2906/2891
f 1926/1303/1298 3110/2907/2892 2435/2906/2891
f 2764/1767/1760 2496/2205/2195 837/2207/2197
f 2496/2205/2195 3033/2908/2893 837/2207/2197
f 838/2870/2856 2700/689/689 163/269/269
f 3233/2909/2894 3403/1078/1073 90/1077/1072
f 839/2910/2895 2371/2210/2200 2223/555/555
f 3294/2501/2490 649/2911/2896 1309/2912/2897
f 144/1448/1442 840/2913/2898 1331/1283/1278
f 3024/519/519 1259/2440/2430 3026/2442/2432
f 841/2914/2899 2395/1130/1125 2330/2915/2900
f 1972/953/950 1805/955/952 3091/849/846
f 1630/2332/2322 2256/2916/2901 842/1588/1582
f 2256/2916/2901 1035/2917/2902 1590/527/527
f 2312/2918/2903 3197/2919/2904 843/2920/2905
f 1065/2339/2329 1876/2341/2331 2019/2921/2906
f 2811/907/904 1847/843/840 2527/2922/2907
f 2627/908/905 2811/907/904 1845/910/907
f 653/2923/2908 2478/2924/2909 167/1487/1481
f 167/1487/1481 2478/2924/2909 1855/2925/2910
f 1591/2885/2871 2641/247/247 3318/2155/2145
f 2257/1332/1327 1591/2885/2871 959/2926/2911
f 3105/2927/2912 1441/856/853 1212/2928/2913
f 300/1391/1386 2932/2929/2914 321/1392/1387
f 848/244/244 1083/2930/2915 2447/2931/2916
f 545/461/461 1544/2932/2917 1902/54/54
f 180/874/871 2237/2023/2015 1943/2933/2918
f 2333/1231/1226 2408/2934/2919 1747/2935/2920
f 3533/2936/2921 284/2937/2922 3146/2938/2923
f 2275/2939/2924 1435/2940/2925 1648/2842/2828
f 798/1168/1163 3326/2941/2926 851/1169/1164
f 851/1169/1164 284/2937/2922 3533/2936/2921
f 1165/162/162 2628/161/161 3270/1180/1175
f 1531/2942/2927 1166/645/645 1164/1286/1281
f 2524/613/613 853/2943/2928 1421/614/614
f 1421/614/614 3537/2944/2929 893/2945/2930
f 51/2946/2931 2689/2947/2932 853/2943/2928
f 2855/2827/2813 1236/2424/2414 1810/2948/2933
f 1298/2640/2626 298/2639/2625 2012/2949/2934
f 2757/1779/1772 2815/2645/2631 1084/2644/2630
f 1315/2950/2935 2131/2951/2936 29/1491/1485
f 1314/1062/1059 2782/2952/2937 2471/2953/2938
f 1979/2605/2592 857/503/503 1327/2954/2939
f 1327/2954/2939 857/503/503 2636/1570/1564
f 858/446/446 2573/2955/2940 2575/2956/2941
f 858/446/446 2430/506/506 636/2957/2942
f 3316/704/703 1235/2958/2599 1047/705/704
f 1704/2959/2943 83/321/321 2273/2525/2513
f 2465/2960/2944 860/896/893 2435/2906/2891
f 3/1374/1369 2253/2961/2945 202/1375/1370
f 1172/2213/2203 2062/2962/2946 564/2209/2199
f 20/728/727 640/730/729 2062/2962/2946
f 862/50/50 3301/2416/2406 2522/2963/2947
f 2224/732/731 3342/1252/1247 3175/1251/1246
f 931/2622/2608 934/2964/2948 3325/2965/2949
f 1113/206/206 1116/2966/2950 1662/204/204
f 864/2799/2785 7/427/427 1127/2800/2786
f 1906/2627/2613 705/2626/2612 2038/421/421
f 1836/2967/2951 3579/2968/2952 251/1560/1554
f 1010/1540/1534 1836/2967/2951 2972/1541/1535
f 473/1969/1961 2507/2969/2953 475/2970/2954
f 3392/478/478 3357/1119/1114 3390/1118/1113
f 2026/946/943 3271/2971/2955 768/947/944
f 2258/2972/2956 3271/2971/2955 2026/946/943
f 486/2041/2033 3427/2825/2811 2788/2973/2957
f 1453/2013/2005 2898/140/140 3428/2974/2958
f 3107/2740/2726 3442/2975/2959 869/100/100
f 1617/2976/2960 1526/101/101 869/100/100
f 2666/2977/2961 1004/2978/2962 1817/95/95
f 3481/969/966 2328/968/965 815/2979/2963
f 3430/2980/2964 138/1247/1242 2226/1246/1241
f 2126/900/897 3428/2974/2958 2203/2981/2965
f 1575/887/884 2356/889/886 46/1028/1025
f 48/2181/2171 2821/2982/2966 1557/2182/2172
f 2621/2518/2506 1705/2983/2967 898/2903/2888
f 2342/2984/2968 1422/2985/2969 898/2903/2888
f 1485/1618/1612 44/2273/2263 3187/2446/2436
f 44/2273/2263 2220/2986/2970 2221/2274/2264
f 2598/431/431 5/430/430 2597/2987/2971
f 3303/2737/2723 745/2988/2972 1616/2736/2722
f 3116/2989/2973 5/430/430 917/429/429
f 774/2990/2974 775/426/426 2139/428/428
f 91/267/267 2700/689/689 877/172/172
f 877/172/172 2700/689/689 2726/2991/2975
f 2386/2445/2435 2199/2269/2259 1383/2992/2976
f 96/2993/2977 2543/981/978 1370/284/284
f 879/1712/1706 357/1467/1461 366/450/450
f 879/1712/1706 459/1938/1930 357/1467/1461
f 2254/2994/2978 501/1433/1427 512/1432/1426
f 1874/2089/2081 3271/2971/2955 884/2995/2979
f 350/1921/1913 3414/1855/1848 881/1854/1847
f 2176/681/681 1582/1738/1731 3417/2996/2980
f 1050/2053/2045 880/2997/2981 882/2054/2046
f 884/2995/2979 3169/2998/2982 1874/2089/2081
f 112/2067/2059 2706/2110/2100 2557/2999/2983
f 527/243/243 2702/242/242 2558/2117/2107
f 880/2997/2981 2656/3000/2984 882/2054/2046
f 3113/1265/1260 1517/1228/1223 74/3001/2985
f 416/1858/1851 885/3002/2986 393/1320/1315
f 3249/2118/2108 2668/1800/1793 2976/2119/2109
f 886/27/27 1782/89/89 3009/28/28
f 8/414/414 3156/3003/2987 1925/424/424
f 3506/108/108 684/107/107 887/1956/1948
f 1905/1958/1950 535/1653/1647 1714/1655/1649
f 2328/968/965 888/94/94 2336/3004/2988
f 2075/1642/1636 3493/3005/2989 888/94/94
f 192/1336/1331 3162/1785/1778 889/342/342
f 1737/1832/1825 2909/1831/1824 889/342/342
f 892/3006/2990 657/2528/2516 890/644/644
f 3498/3007/2991 1422/2985/2969 2490/2523/2511
f 1439/2505/2494 770/3008/2992 3284/3009/2993
f 1118/2506/2495 1439/2505/2494 3284/3009/2993
f 892/3006/2990 656/749/748 657/2528/2516
f 2490/2523/2511 2977/748/747 656/749/748
f 3537/2944/2929 3536/369/369 893/2945/2930
f 3315/303/303 3314/3010/2994 1149/1052/1049
f 899/2199/2189 24/3011/2995 2520/3012/2996
f 2640/299/299 3215/3013/2997 2144/297/297
f 641/2481/2470 3586/3014/2998 895/2479/2468
f 2640/299/299 182/3015/2999 3215/3013/2997
f 663/2862/2848 896/296/296 762/1259/1254
f 1350/3016/3000 1001/2777/2763 762/1259/1254
f 897/295/295 761/2775/2761 896/296/296
f 897/295/295 2594/1869/1861 761/2775/2761
f 898/2903/2888 890/644/644 2625/2902/2887
f 890/644/644 3498/3007/2991 892/3006/2990
f 2457/3017/3001 3444/3018/3002 3215/3013/2997
f 2675/2425/2415 2457/3017/3001 28/452/452
f 2484/1051/1048 900/1050/1047 9/2482/2471
f 3536/369/369 3314/3010/2994 893/2945/2930
f 901/2776/2762 762/1259/1254 896/296/296
f 761/2775/2761 901/2776/2762 896/296/296
f 3276/2167/2157 2001/1966/1958 902/1492/1486
f 2537/1961/1953 2251/1420/1414 2861/3019/3003
f 903/2788/2774 2141/1870/1862 634/2454/2443
f 1437/3020/3004 2594/1869/1861 3170/331/331
f 2536/2048/2040 1413/1933/1925 904/1932/1924
f 3476/1937/1929 2797/1401/1395 456/1400/1394
f 905/2383/2373 657/2528/2516 1425/2529/2517
f 890/644/644 657/2528/2516 907/642/642
f 3181/708/707 906/119/119 2205/207/207
f 3181/708/707 1848/707/706 906/119/119
f 2083/1311/1306 907/642/642 905/2383/2373
f 657/2528/2516 905/2383/2373 907/642/642
f 1854/3021/3005 1835/261/261 352/706/705
f 1854/3021/3005 352/706/705 1997/3022/3006
f 366/450/450 357/1467/1461 909/318/318
f 366/450/450 909/318/318 1135/317/317
f 910/2178/2168 3290/3023/3007 2991/1102/1097
f 881/1854/1847 910/2178/2168 2991/1102/1097
f 1482/1610/1604 1483/3024/3008 911/685/685
f 1461/2040/2032 3574/2123/2113 2935/3025/3009
f 15/629/629 2885/3026/3010 2747/3027/3011
f 3199/3028/3012 2959/3029/3013 2885/3026/3010
f 858/446/446 636/2957/2942 2573/2955/2940
f 636/2957/2942 1833/164/164 2573/2955/2940
f 248/382/382 914/3030/3014 2451/3031/3015
f 2978/3032/3016 2876/447/447 2314/3033/3017
f 1953/3034/3018 2978/3032/3016 2314/3033/3017
f 1953/3034/3018 917/429/429 1954/2741/2727
f 3126/584/584 741/3035/3019 916/585/585
f 741/3035/3019 2269/3036/3020 1719/1523/1517
f 917/429/429 1953/3034/3018 3323/3037/3021
f 3116/2989/2973 917/429/429 3323/3037/3021
f 2778/3038/3022 916/585/585 918/1522/1516
f 1721/2285/2275 2285/1316/1311 715/634/634
f 3383/3039/3023 1457/710/709 2303/709/708
f 1182/2281/2271 1303/2277/2267 581/2279/2269
f 920/3040/3024 1792/1190/1185 723/2683/2669
f 2644/1572/1566 1907/1571/1565 309/463/463
f 708/2794/2780 921/2641/2627 1298/2640/2626
f 438/2793/2779 1703/596/596 708/2794/2780
f 922/1525/1519 2881/3041/3025 102/1526/1520
f 2351/1537/1531 3019/1145/1140 2881/3041/3025
f 923/1348/1343 1489/1350/1345 742/2729/2715
f 1488/1732/1725 2486/3042/3026 1073/2730/2716
f 145/1284/1279 924/3043/3027 2900/1285/1280
f 1432/146/146 1523/3044/3028 986/147/147
f 16/649/649 925/3045/156 933/650/650
f 863/3046/3029 934/3047/2948 1662/204/204
f 36/2452/2441 926/3048/732 35/2450/734
f 1410/3049/3030 925/3045/156 935/3050/155
f 2822/1068/1065 927/933/930 50/1069/1066
f 50/1069/1066 927/933/930 720/2675/2661
f 844/844/841 707/848/845 2502/2849/2835
f 2502/2849/2835 3478/734/733 3376/2847/2833
f 633/2451/2440 929/773/772 2708/775/774
f 2172/832/829 932/932/929 3029/934/931
f 931/2622/2608 704/2624/2610 3008/90/90
f 1915/65/65 1678/2625/2611 1809/66/66
f 931/2622/2608 2171/3051/3031 934/2964/2948
f 2171/3051/3031 931/2622/2608 3008/90/90
f 2552/2453/2442 932/932/929 633/2451/2440
f 932/932/929 929/773/772 633/2451/2440
f 1410/3049/3030 933/650/650 925/3045/156
f 2708/775/774 36/2452/2441 633/2451/2440
f 16/649/649 934/3047/2948 925/3045/156
f 934/2964/2948 2171/3051/3031 925/156/156
f 935/155/155 25/2634/2620 926/733/732
f 1410/3049/3030 935/3050/155 926/3048/732
f 1292/838/835 1999/2823/2809 936/839/836
f 2375/1139/1134 2374/1138/1133 1832/2369/2359
f 937/853/850 1715/1114/1109 2618/1113/1108
f 177/1640/1634 937/853/850 85/1641/1635
f 3109/499/499 938/408/408 101/500/500
f 131/2697/2683 2610/118/118 3132/3052/3032
f 939/785/784 1708/3053/3033 1643/3054/3034
f 2150/3055/3035 1515/2898/2883 1695/1022/1019
f 1695/1022/1019 65/1021/1018 940/786/785
f 1682/972/969 940/786/785 1208/3056/3036
f 2156/1924/1916 941/2593/2580 1596/2314/2304
f 1596/2314/2304 1952/69/69 273/68/68
f 483/357/357 1579/148/148 986/147/147
f 1579/148/148 483/357/357 594/1495/1489
f 2434/3057/3037 2527/2922/2907 943/2635/2621
f 943/2635/2621 799/2637/2623 611/628/628
f 1103/1032/1029 944/383/383 248/382/382
f 944/383/383 708/2794/2780 242/1575/1569
f 2877/3058/3038 1363/724/723 2491/1371/1366
f 1080/1211/1206 1066/1500/1494 2877/3058/3038
f 2200/2376/2366 1360/2374/2364 946/224/224
f 2579/3059/3039 1490/866/863 30/64/64
f 2323/990/987 1497/3060/3040 947/931/928
f 1182/2281/2271 581/2279/2269 947/931/928
f 2008/3061/3041 1542/2690/2676 948/3062/3042
f 227/3063/3043 1570/1317/1312 2648/3064/3044
f 1873/647/647 2392/1241/1236 1872/3065/3045
f 2391/876/873 1631/875/872 1071/3066/3046
f 1571/1207/1202 950/3067/3047 492/1208/1203
f 492/1208/1203 950/3067/3047 949/3068/3048
f 820/2391/2381 2806/3069/3049 951/2880/2866
f 1209/3070/3050 1281/2619/2605 3232/1567/1561
f 3272/3071/3051 1101/2228/2218 3584/821/818
f 2842/3072/3052 2470/3073/3053 440/3074/3054
f 118/1060/1057 187/1088/1083 2742/1087/1082
f 1444/1058/1055 118/1060/1057 1124/546/546
f 954/3075/3055 1270/3076/3056 1188/654/654
f 3051/1741/1734 95/2865/2851 2910/2867/2853
f 1958/3077/3057 1276/2162/2152 2951/2161/2151
f 2073/2755/2741 201/610/610 2577/612/612
f 748/265/265 2516/3078/3058 956/2134/2124
f 2516/3078/3058 1366/2137/2127 2252/2136/2126
f 1846/1765/1758 957/3079/3059 158/3080/3060
f 1550/3081/3061 509/830/827 3500/829/826
f 638/475/475 2962/193/193 3154/679/679
f 1068/3082/3062 637/2469/2458 1862/490/490
f 959/2926/2911 1176/3083/3063 1592/300/300
f 2033/1333/1328 299/2630/2616 2235/2632/2618
f 322/1626/1620 1870/3084/3064 503/2387/2377
f 1016/675/675 3350/2244/2234 2093/1527/1521
f 750/2070/2062 961/1993/1985 80/2069/2061
f 961/1993/1985 196/1129/1124 1467/1131/1126
f 976/42/42 962/32/32 3346/43/43
f 1783/1590/1584 1779/1289/1284 1427/1291/1286
f 963/3085/3065 2914/3086/3066 1694/2851/2837
f 3559/3087/3067 2324/3088/3068 963/3085/3065
f 3560/3089/3069 3559/3087/3067 964/3090/3070
f 2844/3091/3071 3559/3087/3067 963/3085/3065
f 3196/364/364 588/406/406 1436/362/362
f 588/406/406 1565/2303/2293 265/2299/2289
f 3106/3092/3072 3156/3003/2987 8/414/414
f 3106/3092/3072 1688/2508/2497 1177/134/134
f 2461/3093/3073 1523/3044/3028 1393/512/512
f 2716/3094/3074 2305/1944/1936 1961/3095/3075
f 1752/1082/1077 968/1076/1071 511/1083/1078
f 3269/2186/2176 2241/3096/3076 2556/2187/2177
f 2659/2781/2767 969/1074/1069 58/2188/2178
f 969/1074/1069 3269/2186/2176 58/2188/2178
f 2542/2254/2244 970/2253/2243 149/3097/3077
f 1535/322/322 970/2253/2243 3104/323/323
f 1679/2386/2376 2732/3098/3078 1612/3099/3079
f 2732/3098/3078 3243/2721/2707 1612/3099/3079
f 1247/671/671 2492/1763/1756 1774/1760/1753
f 1701/1536/1530 1062/1864/1857 240/183/183
f 596/390/390 973/3100/3080 3341/2745/2731
f 973/3100/3080 1486/2503/2492 1711/353/353
f 974/949/946 517/951/948 190/2056/2048
f 1814/1263/1258 3385/3101/3081 2361/3102/3082
f 1317/2764/2750 3065/3103/3083 1318/3104/3084
f 3066/1992/1984 1637/3105/3085 1318/3104/3084
f 239/3106/3086 962/32/32 976/42/42
f 2179/2059/2051 3313/3107/3087 1569/2057/2049
f 221/2284/2274 1078/1506/1500 977/3108/3088
f 1766/1352/1347 1944/991/988 2565/1351/1346
f 579/3109/3089 978/3110/445 1243/3111/444
f 2837/2272/2262 579/3109/3089 186/2570/2557
f 703/2618/2604 979/3112/3090 2501/3113/3091
f 3579/2968/2952 1836/2967/2951 2834/1557/1551
f 980/802/801 2581/3114/3092 2136/3115/3093
f 2339/801/800 3393/3116/3094 980/802/801
f 2544/3117/3095 981/3118/3096 2172/832/829
f 2170/2780/2766 2751/3119/3097 2544/3117/3095
f 1024/1258/1253 1423/3120/3098 305/2381/2371
f 2398/3121/3099 541/2857/2843 305/2381/2371
f 1040/2373/2363 983/2372/2362 3260/3122/3100
f 1603/2439/2429 2120/3123/3101 2585/2711/2697
f 988/1632/1626 984/768/767 3558/1633/1627
f 2967/3124/3102 747/3125/3103 1869/3126/3104
f 985/919/916 967/3127/3105 1961/3095/3075
f 2461/3093/3073 986/147/147 1523/3044/3028
f 967/3127/3105 985/919/916 2915/3128/3106
f 985/919/916 1320/918/915 1641/358/358
f 987/2590/2577 2917/2498/2487 1597/1988/1980
f 2297/739/738 694/3129/3107 2746/3130/3108
f 1563/1578/1572 292/19/19 1464/3131/3109
f 292/19/19 1563/1578/1572 2178/1577/1571
f 564/2209/2199 2195/1388/1383 2371/2210/2200
f 2195/1388/1383 564/2209/2199 2193/1389/1384
f 1913/230/230 747/3125/3103 990/2744/2730
f 747/3125/3103 2967/3124/3102 990/2744/2730
f 1387/2818/2804 2174/2815/2801 2868/1554/1548
f 1213/2291/2281 2058/3132/3110 786/2289/2279
f 1354/2707/2693 648/3133/3111 1355/2324/2314
f 1354/2707/2693 487/3134/3112 1628/3135/3113
f 993/3136/3114 1178/1905/1897 1784/2853/2839
f 2683/3137/3115 993/3136/3114 325/3138/3116
f 416/1858/1851 994/1164/1159 885/3002/2986
f 994/1164/1159 416/1858/1851 3086/3139/3117
f 614/2723/2709 995/29/29 1353/3140/3118
f 2608/1530/1524 843/2920/2905 3197/2919/2904
f 996/2702/2688 297/308/308 732/1531/1525
f 2607/3141/3119 732/1531/1525 2608/1530/1524
f 1158/1084/1079 997/2215/2205 1395/1085/1080
f 2298/2260/2250 1960/3142/3120 2271/3143/3121
f 2021/1823/1816 528/1822/1815 2633/1788/1781
f 2634/3144/3122 38/1790/1783 86/2105/2095
f 1967/1054/1051 1988/3145/3123 340/864/861
f 340/864/861 1988/3145/3123 4/865/862
f 3526/3146/3124 1710/395/395 1878/394/394
f 578/1631/1625 1492/1630/1624 574/2267/2257
f 204/591/591 1001/2777/2763 1350/3016/3000
f 3289/523/523 204/591/591 200/401/401
f 1654/1276/1271 129/3147/3125 830/2896/2881
f 1654/1276/1271 530/753/752 129/3147/3125
f 3266/3148/3126 1598/1242/1237 79/3149/3127
f 3203/3150/3128 3353/2786/2772 2085/2785/2771
f 814/83/83 1004/2978/2962 1818/2864/2850
f 1270/3076/3056 2994/3151/3129 1188/654/654
f 615/757/756 1005/2388/2378 1290/755/754
f 2106/1210/1205 2105/2881/2867 3568/3152/3130
f 1581/1596/1590 297/308/308 1201/1594/1588
f 1480/306/306 3340/309/309 297/308/308
f 2343/3153/3131 1007/2519/2507 199/577/577
f 199/577/577 2771/3154/3132 3482/578/578
f 1019/1592/1586 2005/2863/2849 1403/3155/3133
f 3108/2521/2509 2005/2863/2849 199/577/577
f 2040/2179/2169 2906/3156/3134 1009/1439/1433
f 2011/2175/2165 1009/1439/1433 1333/2174/2164
f 1369/1542/1536 1093/656/656 1010/1540/1534
f 250/1339/1334 2831/1341/1336 1804/3157/3135
f 495/2032/2024 2132/2035/2027 2493/2294/2284
f 2132/2035/2027 974/949/946 3167/1104/1099
f 187/1088/1083 1012/3158/3136 919/1086/1081
f 1545/515/515 1586/1176/1171 1585/2336/2326
f 2888/1266/1261 2887/1810/1803 1014/1812/1805
f 1284/1313/1308 2888/1266/1261 3382/3159/3137
f 1014/1812/1805 3382/3159/3137 2888/1266/1261
f 164/827/824 2936/3160/3138 3434/1766/1759
f 1015/339/339 3145/338/338 488/442/442
f 1815/2014/2006 1015/339/339 488/442/442
f 960/3161/3139 2207/3162/3140 1016/675/675
f 437/3163/3141 960/3161/3139 1016/675/675
f 3452/1305/1300 1624/2322/2312 1017/2321/2311
f 694/3129/3107 1433/1987/1979 2746/3130/3108
f 2297/739/738 1018/741/740 3416/2591/2578
f 2269/3036/3020 2311/2726/2712 1719/1523/1517
f 659/2377/2367 1401/2379/2369 1019/1592/1586
f 1019/1592/1586 1403/3155/3133 659/2377/2367
f 2505/486/486 442/2774/2760 1020/1909/1901
f 1727/2766/2752 442/2774/2760 2055/2773/2759
f 116/2771/2757 220/796/795 3258/3164/3142
f 2701/960/957 2698/959/956 220/796/795
f 1406/1380/1375 453/1358/1353 1022/3165/3143
f 1022/3165/3143 453/1358/1353 1030/1357/1352
f 2329/987/984 1023/989/986 2690/1013/1010
f 2837/2272/2262 186/2570/2557 1023/989/986
f 1660/301/301 663/2862/2848 1024/1258/1253
f 1024/1258/1253 663/2862/2848 762/1259/1254
f 2992/587/587 3456/589/589 1635/2727/2713
f 3387/2499/2488 3539/3166/3144 1635/2727/2713
f 347/1402/1396 1026/1929/1921 458/1381/1376
f 347/1402/1396 904/1932/1924 1026/1929/1921
f 1027/1840/1833 1929/657/657 406/659/659
f 1027/1840/1833 406/659/659 2340/1750/1743
f 2889/2553/2540 1824/1975/1967 1028/1012/1009
f 474/1422/1416 2355/1493/1487 902/1492/1486
f 457/1677/1671 1029/1468/1462 592/1939/1931
f 1029/1468/1462 459/1938/1930 592/1939/1931
f 188/794/793 1030/1357/1352 2889/2553/2540
f 188/794/793 1022/3165/3143 1030/1357/1352
f 54/1430/1424 3389/2092/2084 1031/1428/1422
f 867/2025/2017 2258/2972/2956 2026/946/943
f 1610/805/804 2549/1005/1002 392/3167/3145
f 391/1798/1791 2619/3168/3146 2268/1796/1789
f 1033/128/128 1994/601/601 1503/603/603
f 176/3169/3147 2226/1246/1241 1840/1245/1240
f 1763/1362/1357 2469/2286/2276 583/1240/1235
f 1023/989/986 1763/1362/1357 583/1240/1235
f 2824/528/528 2358/879/876 587/529/529
f 778/2713/2699 777/2650/2636 2824/528/528
f 1036/1476/1470 911/685/685 174/2005/1997
f 1300/1413/1407 1036/1476/1470 174/2005/1997
f 1611/804/803 285/547/547 2050/3170/3148
f 3528/3171/3149 735/2712/2698 2050/3170/3148
f 3295/1365/1360 98/1688/1682 1038/1363/1358
f 2551/3172/3150 1619/1699/1693 2388/3173/3151
f 1039/3174/3152 2409/1686/1680 410/1685/1679
f 1039/3174/3152 1038/1363/1358 2409/1686/1680
f 2372/1717/1710 135/3175/3153 3420/1718/1711
f 3192/3176/3154 3230/3177/3155 3378/3178/3156
f 268/2489/2478 1195/3179/3157 1041/3180/3158
f 2674/2353/2343 1195/3179/3157 1875/2691/2677
f 1542/2690/2676 1042/397/397 258/2354/2344
f 3305/252/252 2138/2355/2345 258/2354/2344
f 1043/1614/1608 1544/2932/2917 545/461/461
f 545/461/461 309/463/463 1907/1571/1565
f 326/3181/3159 1114/3182/3160 1044/565/565
f 1111/3183/3161 1217/737/736 1802/3184/3162
f 2164/462/462 1045/3185/3163 309/463/463
f 1046/61/61 276/53/53 256/59/59
f 1045/3185/3163 1046/61/61 2719/3186/3164
f 1046/61/61 1045/3185/3163 1930/3187/3165
f 3165/2256/2246 625/2258/2248 3046/3188/3166
f 3046/3189/3166 2262/2422/2412 1640/703/702
f 2212/2419/2409 3398/2418/2408 1048/2414/2404
f 1048/2414/2404 119/52/52 1462/51/51
f 2051/3190/3167 2390/1482/1476 1049/1481/1475
f 573/2249/2239 2052/2250/2240 1471/2247/2237
f 3012/2084/2076 1229/3191/3168 1950/2085/2077
f 2254/2994/2978 2715/3192/3169 501/1433/1427
f 2140/2809/2795 1051/1124/1119 782/1607/1601
f 1051/1124/1119 2140/2809/2795 1052/2653/2639
f 2140/2809/2795 1649/3193/3170 1052/2653/2639
f 1385/234/234 1205/233/233 3275/3194/3171
f 2418/2204/2194 3365/3195/3172 1053/2202/2192
f 1758/2236/2226 562/2240/2230 1795/2237/2227
f 3089/1901/1893 1054/360/360 2233/3196/3173
f 437/3163/3141 1338/561/561 960/3161/3139
f 1534/1556/1550 1055/2403/2393 1633/2405/2395
f 2397/375/375 1055/2403/2393 1734/373/373
f 2158/1116/1111 1056/3197/3174 2159/1185/1180
f 978/445/445 1252/3198/2536 3499/3199/3175
f 1057/2024/2016 2318/3200/3176 750/2070/2062
f 1943/2933/2918 2318/3200/3176 1057/2024/2016
f 484/3201/3177 1300/1413/1407 1949/1412/1406
f 3554/3202/3178 2296/3203/3179 2231/692/692
f 1802/3184/3162 1217/737/736 1787/1919/1911
f 331/1582/1576 2940/3204/3180 3406/2126/2116
f 1552/16/16 2322/3205/3181 2380/2633/2619
f 2235/2632/2618 2380/2633/2619 2033/1333/1328
f 2676/3206/3182 2586/2710/2696 1061/922/919
f 1167/551/551 2676/3206/3182 1061/922/919
f 240/183/183 1062/1864/1857 972/46/46
f 972/46/46 1062/1864/1857 418/44/44
f 3081/2759/2745 1063/1232/1227 1162/2310/2300
f 3424/1369/1364 3422/3207/3183 607/1367/1362
f 607/1367/1362 1064/2443/2433 3044/2360/2350
f 607/1367/1362 3422/3207/3183 3453/3208/3184
f 2039/305/305 1770/2340/2330 1065/2339/2329
f 2018/2337/2327 601/2338/2328 2642/3209/3185
f 2662/2661/2647 1408/3210/3186 1067/3211/3187
f 714/2748/2734 3475/3212/3188 1595/344/344
f 1185/2401/2391 2662/2661/2647 1067/3211/3187
f 2538/1298/1293 271/1579/1573 2539/727/726
f 3154/679/679 1068/3082/3062 638/475/475
f 2572/2467/2456 1602/2470/2459 958/2468/2457
f 2944/158/158 1069/1834/1827 586/750/749
f 1651/541/541 2100/542/542 2867/2900/2885
f 1070/754/753 1002/2306/2296 1657/2308/2298
f 1657/2308/2298 1651/541/541 2867/2900/2885
f 2399/3213/3189 2006/3214/3190 1071/3066/3046
f 1630/2332/2322 6/1587/1581 1872/3065/3045
f 757/638/638 3588/637/637 365/3215/3191
f 2045/2728/2714 1073/2730/2716 2486/3042/3026
f 365/3215/3191 1072/1038/1035 3120/1731/1724
f 1072/1038/1035 40/1037/1034 3120/1731/1724
f 261/2662/2648 1248/2664/2650 2307/2223/2213
f 832/2222/2212 261/2662/2648 2307/2223/2213
f 1075/2460/2449 1993/313/313 616/2459/2448
f 1936/1147/1142 3368/1149/1144 565/602/602
f 1993/313/313 1076/315/315 616/2459/2448
f 3522/2392/2382 616/2459/2448 3007/2394/2384
f 1077/1091/1086 721/2295/2285 3167/1104/1099
f 1085/1136/1131 1739/2678/2664 1077/1091/1086
f 1746/1507/1501 1078/1506/1500 582/2283/2273
f 221/2284/2274 582/2283/2273 1078/1506/1500
f 2253/2961/2945 3/1374/1369 1079/2344/2334
f 939/785/784 3093/3216/3192 1708/3053/3033
f 2877/3058/3038 3237/415/415 1080/1211/1206
f 257/3217/3193 1272/1926/1918 2582/1925/1917
f 198/1460/1454 3100/2758/2744 1219/3218/3194
f 3100/2758/2744 1609/2787/2773 1219/3218/3194
f 1082/924/921 540/8/8 3242/10/10
f 1082/924/921 301/1616/1610 313/925/922
f 1083/2930/2915 848/244/244 1544/2932/2917
f 3242/10/10 2036/3219/3195 1082/924/921
f 1790/189/189 386/966/963 2759/2642/2628
f 785/1597/1591 2758/1599/1593 386/966/963
f 3063/3220/3196 522/2114/2104 1574/3221/3197
f 1814/1263/1258 2477/1090/1085 3385/3101/3081
f 861/3222/3198 1086/1007/1004 2194/3223/3199
f 1546/3224/3200 2062/2962/2946 640/730/729
f 2522/2963/2947 3342/1252/1247 2224/732/731
f 1549/3225/3201 2134/1323/1318 3020/1322/1317
f 2179/2059/2051 1180/2058/2050 3553/3226/3202
f 502/1509/1503 781/2061/2053 2179/2059/2051
f 1807/88/88 278/1268/1263 1686/772/771
f 278/1268/1263 1801/770/769 1686/772/771
f 2110/3227/3203 1810/2948/2933 1090/3228/3204
f 1702/761/760 2643/2685/2671 2916/3229/3205
f 252/502/502 247/501/501 1091/92/92
f 2063/1778/1771 2975/604/604 676/606/606
f 237/93/93 1092/386/386 2282/91/91
f 2246/1762/1755 2280/184/184 2492/1763/1756
f 1804/3157/3135 1010/1540/1534 1093/656/656
f 699/3230/3206 1804/3157/3135 2499/640/640
f 1094/1494/1488 2355/1493/1487 549/3231/3207
f 1558/2042/2034 1831/2044/2036 549/3231/3207
f 1095/747/746 1197/746/745 1806/1793/1786
f 1186/660/660 998/662/662 1095/747/746
f 1780/2835/2821 1364/2836/2822 1096/2393/2383
f 1760/2431/2421 132/2433/2423 1690/1398/1392
f 1097/2055/2047 2357/3232/3208 2097/1264/1259
f 3438/3233/3209 1050/2053/2045 2715/3192/3169
f 1098/2438/2428 1974/2434/2424 1407/2436/2426
f 3127/3234/3210 2472/3235/3211 2610/118/118
f 1939/779/778 3473/781/780 1099/2464/2453
f 1602/2470/2459 1099/2464/2453 1987/3236/3212
f 3060/938/935 1100/939/936 327/1636/1630
f 1869/3126/3104 747/3125/3103 327/1636/1630
f 2184/3237/3213 2470/3073/3053 3103/3238/3214
f 2184/3237/3213 3103/3238/3214 1541/2226/2216
f 1102/2461/2450 2998/254/254 2870/253/253
f 1121/35/35 1989/2463/2452 17/36/36
f 2709/1907/1899 3268/3239/3215 1103/1032/1029
f 1103/1032/1029 3268/3239/3215 944/383/383
f 3293/970/967 1104/1898/1890 1976/971/968
f 2191/1894/1886 2515/2894/2879 2368/2892/2877
f 1105/2435/2425 1123/127/127 1916/126/126
f 1105/2435/2425 2130/391/391 628/392/392
f 1106/2743/2729 3143/2742/2728 214/3240/3216
f 214/3240/3216 1105/2435/2425 1916/126/126
f 203/125/125 1107/3241/3217 1918/1637/1631
f 203/125/125 1120/1906/1898 1882/185/185
f 2798/3242/3218 1758/2236/2226 1108/2235/2225
f 2798/3242/3218 1688/2508/2497 886/27/27
f 22/274/274 3239/564/564 726/566/566
f 1223/738/737 1110/231/231 1913/230/230
f 1110/231/231 22/274/274 628/392/392
f 2413/3243/3219 3239/564/564 22/274/274
f 3234/3244/3220 2707/1908/1900 3235/222/222
f 326/3181/3159 1044/565/565 3234/3244/3220
f 2905/2623/2609 931/2622/2608 3325/2965/2949
f 1116/2966/2950 2418/2204/2194 1119/2203/2193
f 2215/6/6 3049/5/5 1118/2506/2495
f 1117/3245/3221 2418/2204/2194 1116/2966/2950
f 1114/3182/3160 726/566/566 1044/565/565
f 2024/275/275 1114/3182/3160 1221/2687/2673
f 1115/37/37 17/36/36 3023/223/223
f 2451/3031/3015 441/1033/1030 248/382/382
f 863/3046/3029 1662/204/204 1116/2966/2950
f 863/3046/3029 1116/2966/2950 1119/2203/2193
f 1113/206/206 1117/3245/3221 1116/2966/2950
f 1118/2506/2495 3049/5/5 1117/3245/3221
f 2129/205/205 1118/2506/2495 1113/206/206
f 1118/2506/2495 1117/3245/3221 1113/206/206
f 1119/2203/2193 2905/3246/2609 3325/3247/2949
f 1119/2203/2193 1053/2202/2192 2905/3246/2609
f 1120/1906/1898 203/125/125 800/1904/1896
f 1694/2851/2837 2914/3086/3066 800/1904/1896
f 914/3030/3014 1121/35/35 2451/3031/3015
f 858/446/446 1121/35/35 2876/447/447
f 1122/2701/2687 3463/2700/2686 131/2697/2683
f 3136/2437/2427 131/2697/2683 3132/3052/3032
f 47/3248/3222 3127/3234/3210 2610/118/118
f 47/3248/3222 2843/498/498 1125/2852/2838
f 953/711/710 1457/710/709 1124/546/546
f 1124/546/546 118/1060/1057 953/711/710
f 800/1904/1896 1974/2434/2424 1125/2852/2838
f 1125/2852/2838 3127/3234/3210 47/3248/3222
f 1126/3249/3223 201/610/610 2073/2755/2741
f 201/610/610 1126/3249/3223 1438/2185/2175
f 1127/2800/2786 7/427/427 775/426/426
f 3199/3028/3012 1127/2800/2786 2959/3029/3013
f 2107/997/994 13/2220/2210 1128/1000/997
f 1656/2219/2209 3480/3250/3224 13/2220/2210
f 1129/999/996 792/2830/2816 2229/3251/3225
f 1129/999/996 1279/403/403 3216/823/820
f 1948/940/937 1280/2107/2097 2405/2106/2096
f 519/1529/1523 235/941/938 1948/940/937
f 1140/2082/2074 107/2081/2073 3069/2352/2342
f 1144/2350/2340 1139/3252/3226 1145/2674/2660
f 887/1956/1948 1912/3253/3227 1132/1957/1949
f 260/3254/3228 1922/3255/3229 1914/621/621
f 1133/2474/2463 2892/2471/2460 719/2473/2462
f 1900/1234/1229 1145/2674/2660 1139/3252/3226
f 1803/2080/2072 1134/2079/2071 1146/1789/1782
f 1141/1270/1265 508/3256/3230 1134/2079/2071
f 1135/317/317 1922/3255/3229 1919/451/451
f 3436/3257/3231 1148/893/890 689/1419/1413
f 1143/2348/2338 1136/2345/2335 1921/497/497
f 1136/2345/2335 2588/2347/2337 3163/2509/2498
f 508/3256/3230 605/496/496 1137/495/495
f 1146/1789/1782 2955/1528/1522 519/1529/1523
f 1150/1344/1339 293/619/619 1138/1342/1337
f 1922/3255/3229 1135/317/317 3436/3257/3231
f 1131/3258/3232 2168/1117/1112 2412/2733/2719
f 2168/1117/1112 743/2732/2718 2412/2733/2719
f 957/3079/3059 2696/3259/3233 158/3080/3060
f 1134/2079/2071 3067/2078/2070 1141/1270/1265
f 3067/2078/2070 2696/3259/3233 1141/1270/1265
f 3069/2352/2342 1141/1270/1265 2696/3259/3233
f 2973/3260/3234 1142/2510/2499 3580/402/402
f 652/2555/2542 675/2545/2533 1788/2559/2546
f 1921/497/497 605/496/496 1143/2348/2338
f 605/496/496 3039/1272/1267 1147/1271/1266
f 1147/1271/1266 2169/3261/3235 1144/2350/2340
f 1139/3252/3226 1144/2350/2340 1131/3258/3232
f 1931/2673/2659 1145/2674/2660 719/2473/2462
f 1900/1234/1229 719/2473/2462 1145/2674/2660
f 1146/1789/1782 508/3256/3230 2955/1528/1522
f 1134/2079/2071 508/3256/3230 1146/1789/1782
f 1143/2348/2338 605/496/496 1147/1271/1266
f 1147/1271/1266 1144/2350/2340 1143/2348/2338
f 1135/317/317 376/316/316 1148/893/890
f 3436/3257/3231 1135/317/317 1148/893/890
f 807/294/294 663/2862/2848 1149/1052/1049
f 1149/1052/1049 2484/1051/1048 807/294/294
f 1150/1344/1339 1661/1652/1646 218/620/620
f 218/620/620 293/619/619 1150/1344/1339
f 1151/1152/1147 171/1470/1464 2182/1657/1651
f 1151/1152/1147 1286/3262/3236 171/1470/1464
f 506/2071/2063 197/2065/2057 1985/3263/3237
f 2768/3264/3238 1460/241/241 2734/1814/1807
f 3141/3265/3239 3124/1294/1289 2376/380/380
f 2053/387/387 3159/3266/3240 1627/283/283
f 911/685/685 1483/3024/3008 805/3267/3241
f 805/3267/3241 2862/977/974 2116/3268/3242
f 60/3269/3243 1155/3270/3244 1252/2549/2536
f 2846/1134/1129 1155/3270/3244 60/3269/3243
f 2958/2232/2222 1156/2239/2229 2679/2233/2223
f 1258/762/761 1702/761/760 570/3271/3245
f 562/3272/2230 3041/3273/3246 2101/3274/2231
f 1156/3275/2229 1258/762/761 570/3271/3245
f 1158/1084/1079 147/851/848 1532/850/847
f 1158/1084/1079 100/1148/1143 1936/1147/1142
f 1159/611/611 2289/2192/2182 2577/612/612
f 1159/611/611 2546/2803/2789 1473/1601/1595
f 591/2208/2198 837/2207/2197 3139/3276/3247
f 1768/3277/3248 3139/3276/3247 2710/2761/2747
f 1960/3142/3120 2298/2260/2250 1161/2259/2249
f 2196/826/823 713/980/977 2833/3278/3249
f 133/3279/3250 2580/2657/2643 2238/3280/3251
f 1268/2658/2644 2580/2657/2643 1796/978/975
f 360/1719/1712 1163/921/918 983/2372/2362
f 1347/3281/3252 1163/921/918 360/1719/1712
f 1164/1286/1281 1166/645/645 1873/647/647
f 1164/1286/1281 1873/647/647 3171/3282/3253
f 1554/1100/1095 3336/2019/2011 1165/162/162
f 1531/2942/2927 1164/1286/1281 852/1387/1382
f 1571/1207/1202 1166/645/645 157/3283/3254
f 1531/2942/2927 157/3283/3254 1166/645/645
f 1167/551/551 210/568/568 2028/552/552
f 1841/916/913 3016/3284/3255 1556/914/911
f 1681/3285/3256 2503/3286/3257 3307/2750/2736
f 1682/972/969 1208/3056/3036 2896/3287/3258
f 626/1558/1552 3361/3288/3259 1169/371/371
f 1288/179/179 2483/3289/3260 1899/245/245
f 2685/1306/1301 1433/1987/1979 1170/1989/1981
f 3066/1992/1984 647/1984/1976 480/1986/1978
f 1335/349/349 1171/3290/3261 1000/347/347
f 1748/1625/1619 1000/347/347 1171/3290/3261
f 2081/3291/3262 20/728/727 2062/2962/2946
f 1168/3292/3263 20/728/727 2740/3293/3264
f 515/1255/1250 1173/1474/1468 173/1256/1251
f 2949/3294/3265 178/1309/1304 2260/1377/1372
f 289/280/280 764/21/21 1174/2694/2680
f 2272/3295/3266 764/21/21 1634/2696/2682
f 2165/2151/2141 245/2725/2711 2090/3296/3267
f 542/1486/1480 2671/1449/1443 167/1487/1481
f 1176/3083/3063 959/2926/2911 1591/2885/2871
f 318/3297/3268 1175/3/3 2789/2/2
f 966/3298/3269 3106/3092/3072 1177/134/134
f 3429/192/192 1451/678/678 2962/193/193
f 2849/3299/3270 2379/186/186 1707/3300/3271
f 993/3136/3114 2683/3137/3115 2379/186/186
f 834/416/416 692/2904/2889 1179/2586/2573
f 1179/2586/2573 1621/2654/2640 834/416/416
f 1180/2058/2050 1569/2057/2049 602/3301/3272
f 3121/2704/2690 1311/2343/2333 602/3301/3272
f 1181/3302/3273 3200/3303/3274 2635/3304/3275
f 1962/1761/1754 2492/1763/1756 1247/671/671
f 919/1086/1081 3492/2282/2272 1182/2281/2271
f 2303/709/708 1182/2281/2271 3383/3039/3023
f 3208/3305/3276 2295/2493/2482 2296/3203/3179
f 2296/3203/3179 1058/2309/2299 3208/3305/3276
f 3262/1838/1831 1184/1836/1829 2119/1833/1826
f 404/539/539 3056/2663/2649 3112/540/540
f 1067/3211/3187 271/1579/1573 1185/2401/2391
f 271/1579/1573 3373/2402/2392 1185/2401/2391
f 1186/660/660 2761/3306/3277 128/1794/1787
f 1095/747/746 2761/3306/3277 1186/660/660
f 1187/510/510 999/1659/1653 175/508/508
f 1967/1054/1051 999/1659/1653 1988/3145/3123
f 3569/1721/1714 4/865/862 2250/1649/1643
f 2288/3307/3278 4/865/862 1988/3145/3123
f 1189/2539/2527 584/1480/1474 2396/3308/3279
f 878/1018/1015 3207/1017/1014 2404/2270/2260
f 1471/2247/2237 2960/3309/3280 2080/2248/2238
f 2841/2252/2242 1387/2818/2804 1980/2574/2561
f 68/911/908 1191/1304/1299 1684/1985/1977
f 68/911/908 56/1089/1084 1191/1304/1299
f 3032/3310/3281 2559/2573/2560 1192/2571/2558
f 753/48/48 1192/2571/2558 572/49/49
f 369/1740/1733 1812/1644/1638 1193/1742/1735
f 2004/1498/1492 3214/926/923 2189/928/925
f 2234/1030/1027 3064/1217/1212 2794/3311/3282
f 3055/3312/3283 388/697/696 92/696/695
f 728/1581/1575 1195/3179/3157 645/2488/2477
f 268/2489/2478 645/2488/2477 1195/3179/3157
f 3142/103/103 1196/105/105 1545/515/515
f 1196/105/105 600/2334/2324 1545/515/515
f 1197/746/745 232/1791/1784 1806/1793/1786
f 2229/3251/3225 792/2830/2816 3299/2829/2815
f 1198/798/797 982/800/799 1751/3313/3284
f 2581/3114/3092 980/802/801 3393/3116/3094
f 1374/1605/1599 1199/279/279 3155/1603/1597
f 268/2489/2478 1041/3180/3158 2066/2492/2481
f 1502/113/113 114/150/150 3133/149/149
f 296/3314/3285 1261/114/114 1502/113/113
f 43/2703/2689 1201/1594/1588 297/308/308
f 1201/1594/1588 2423/1290/1285 1779/1289/1284
f 2554/2152/2142 543/1450/1444 2089/2153/2143
f 52/3315/3286 3404/1516/1510 2555/3316/3287
f 1837/2512/2501 3404/1516/1510 52/3315/3286
f 1838/266/266 2222/700/699 538/264/264
f 2365/423/423 1429/422/422 1204/412/412
f 3147/2738/2724 875/2739/2725 5/430/430
f 1205/233/233 3073/2305/2295 1052/2653/2639
f 1052/2653/2639 1649/3193/3170 1205/233/233
f 1672/2304/2294 1205/233/233 1206/232/232
f 589/2897/2882 3457/2307/2297 1002/2306/2296
f 1207/131/131 275/133/133 1198/798/797
f 1198/798/797 1751/3313/3284 3393/3116/3094
f 2504/3317/3288 1208/3056/3036 2146/729/728
f 940/786/785 65/1021/1018 1208/3056/3036
f 3375/3318/3289 2984/2617/2603 253/3319/3290
f 820/2391/2381 2805/2390/2380 2806/3069/3049
f 1210/2500/2489 1635/2727/2713 3539/3166/3144
f 3539/3166/3144 696/2449/2439 3354/1416/1410
f 323/2615/2601 702/393/393 1971/3320/3291
f 3496/2447/2437 2248/2268/2258 1507/3321/3292
f 321/1392/1387 2118/2577/2564 1211/2616/2602
f 321/1392/1387 2932/2929/2914 2118/2577/2564
f 1213/2291/2281 316/56/56 2058/3132/3110
f 955/57/57 316/56/56 1420/3322/3293
f 2015/3323/562 1214/3324/359 3057/3325/3294
f 270/2681/2667 1214/3324/359 3400/2682/2668
f 1771/472/472 328/1584/1578 1215/1902/1894
f 3540/3326/3295 438/2793/2779 773/3327/3296
f 1439/2505/2494 1216/2670/2656 770/3008/2992
f 2893/3328/3297 2428/3329/3298 770/3008/2992
f 1217/737/736 1111/3183/3161 1044/565/565
f 1044/565/565 1109/3330/3299 1217/737/736
f 1488/1732/1725 152/3331/3300 1218/869/866
f 1455/1726/1719 384/1459/1453 1454/3332/3301
f 754/1222/1217 1219/3218/3194 2213/1221/1216
f 754/1222/1217 1677/698/697 1219/3218/3194
f 2441/3333/3302 1692/171/171 1220/1437/1431
f 1220/1437/1431 1009/1439/1433 2011/2175/2165
f 1221/2687/2673 913/166/166 3441/165/165
f 131/2697/2683 3463/2700/2686 2485/2698/2684
f 229/1423/1417 3544/1425/1419 2385/2890/2876
f 824/3334/3303 150/2888/2874 2385/2890/2876
f 2413/3243/3219 1223/738/737 1109/3330/3299
f 1217/737/736 1109/3330/3299 1223/738/737
f 408/3335/3304 3083/1701/1695 115/1700/1694
f 2407/167/167 3417/2996/2980 1582/1738/1731
f 1366/2137/2127 2516/3078/3058 1225/3336/3305
f 1513/701/700 539/2609/2596 2098/699/698
f 402/1824/1817 388/697/696 2548/1863/1856
f 388/697/696 3055/3312/3283 3581/3337/3306
f 3115/2895/2880 828/1546/1540 435/2472/2461
f 2579/3059/3039 2514/3338/3307 1490/866/863
f 1007/2519/2507 1415/3339/3308 1228/138/138
f 2771/3154/3132 199/577/577 1007/2519/2507
f 1950/2085/2077 1229/3191/3168 1097/2055/2047
f 1097/2055/2047 2715/3192/3169 2357/3232/3208
f 12/1034/1031 3034/1514/1508 1230/1515/1509
f 1230/1515/1509 3261/436/436 12/1034/1031
f 1231/3340/3309 1389/2164/2154 546/2686/2672
f 2443/2290/2280 1671/1622/1616 3432/1624/1618
f 2238/3280/3251 1162/2310/2300 1063/1232/1227
f 2333/1231/1226 1747/2935/2920 1063/1232/1227
f 625/2258/2248 1834/2257/2247 1233/2255/2245
f 1233/2255/2245 569/2229/2219 970/2253/2243
f 2566/2790/2776 3158/2792/2778 771/188/188
f 3410/12/12 1937/11/11 771/188/188
f 693/694/694 1235/2612/2599 83/695/321
f 2273/2525/2513 83/321/321 1235/2958/2599
f 2901/3341/3310 51/2946/2931 1236/2424/2414
f 28/452/452 854/454/454 1236/2424/2414
f 1237/2455/2444 716/2667/2653 3161/2456/2445
f 872/901/898 716/2667/2653 2540/891/888
f 845/731/730 1238/3342/3311 1462/51/51
f 87/2364/2354 2478/2924/2909 3175/1251/1246
f 1239/2753/2739 2290/3343/3312 1508/2757/2743
f 2289/2192/2182 752/2191/2181 2577/612/612
f 1345/2582/2569 2863/2647/2633 1240/2646/2632
f 3479/2607/2594 3119/2583/2570 2578/2608/2595
f 1241/3344/3313 1839/110/110 712/1237/1232
f 712/1237/1232 1621/2654/2640 1241/3344/3313
f 482/2875/2861 1242/1995/1987 2812/3345/3314
f 1972/953/950 841/2914/2899 2330/2915/2900
f 825/2103/2094 1509/1410/1404 3592/1409/1403
f 3593/831/828 509/830/827 825/2891/2094
f 2927/3346/3315 1244/2049/2041 1413/1933/1925
f 2835/2122/2112 2094/3347/3316 1398/3348/3317
f 1245/3349/3318 779/3350/3319 3097/2806/2792
f 3472/2807/2793 3096/3351/3320 2002/1184/1179
f 635/1399/1393 1246/2458/2447 616/2459/2448
f 2969/2261/2251 2264/2218/2208 1161/2259/2249
f 3200/3303/3274 1181/3302/3273 1247/671/671
f 1947/1226/1221 3200/3303/3274 1247/671/671
f 715/634/634 2084/1835/1828 405/635/635
f 715/634/634 3068/1315/1310 2550/2665/2651
f 1249/652/652 2854/3352/3321 1013/1807/1800
f 3233/3353/2894 2854/3352/3321 1249/652/652
f 1352/152/152 1622/3354/3322 1656/2219/2209
f 129/3147/3125 530/753/752 2576/1123/1118
f 832/2222/2212 1251/2899/2884 2921/752/751
f 2921/752/751 2359/3355/3323 530/753/752
f 1056/3197/3174 3499/3199/3175 1252/3198/2536
f 1252/3198/2536 1155/3356/3244 2287/1177/1172
f 1253/99/99 505/98/98 185/1181/1176
f 1461/2040/2032 3445/2039/2031 3574/2123/2113
f 1278/3357/3324 2752/1128/1123 1877/2077/2069
f 494/1126/1121 2752/1128/1123 1278/3357/3324
f 2173/1223/1218 2847/2029/2021 1254/1224/1219
f 2135/2030/2022 495/2032/2024 2173/1223/1218
f 3250/1278/1273 2301/176/176 1256/1279/1274
f 506/2071/2063 1985/3263/3237 1984/3358/3325
f 1257/335/335 555/1976/1968 475/2970/2954
f 475/2970/2954 2507/2969/2953 3256/986/983
f 1157/334/334 2109/333/333 1258/762/761
f 3041/3273/3246 1258/762/761 2101/3274/2231
f 629/1140/1135 89/2441/2431 1259/2440/2430
f 2509/518/518 2295/2493/2482 1866/2494/2483
f 3174/3359/3326 1260/1707/1701 1533/1053/1050
f 1797/3360/3327 2388/3173/3151 1619/1699/1693
f 697/2597/2584 3421/2599/2586 2804/2601/2588
f 296/3314/3285 697/2597/2584 2804/2601/2588
f 3497/881/878 139/1287/1282 3172/3361/3328
f 139/1287/1282 1164/1286/1281 3171/3282/3253
f 2532/1479/1473 1263/1299/1294 2983/3362/3329
f 1263/1299/1294 1854/3021/3005 2983/3362/3329
f 2138/2355/2345 1264/2491/2480 2674/2353/2343
f 2525/2356/2346 606/251/251 2508/1023/1020
f 1354/2707/2693 1628/3135/3113 1265/2708/2694
f 1378/2012/2004 2564/2011/2003 1723/1056/1053
f 1267/1159/1154 84/1158/1153 3257/3363/3330
f 1289/2783/2769 1299/2782/2768 2987/1173/1168
f 1267/1159/1154 507/2075/2067 1822/2076/2068
f 1266/2395/2385 2070/1197/1192 1267/1159/1154
f 2180/2655/2641 1268/2658/2644 1775/2656/2642
f 1796/978/975 713/980/977 1268/2658/2644
f 3184/930/927 1269/667/667 947/931/928
f 1182/2281/2271 947/931/928 3383/3039/3023
f 1270/3076/3056 1004/2978/2962 2994/3151/3129
f 2910/2867/2853 870/2866/2852 1004/2978/2962
f 3571/3364/3331 3296/3365/3332 1271/3366/3333
f 3296/3365/3332 2446/109/109 1539/111/111
f 1272/1926/1918 257/3217/3193 3194/417/417
f 2446/109/109 3296/3365/3332 2047/1922/1914
f 1505/2408/2398 1273/1604/1598 816/2869/2855
f 621/458/458 2243/460/460 2242/3367/3334
f 2961/2598/2585 3128/1063/1060 1274/1372/1367
f 3508/2840/2826 2074/2839/2825 796/2837/2823
f 951/2880/2866 1209/3070/3050 1275/1563/1557
f 951/2880/2866 1275/1563/1557 2497/2879/2865
f 1830/3368/3335 1276/2162/2152 1958/3077/3057
f 1907/1571/1565 1830/3368/3335 545/461/461
f 29/1491/1485 1901/2302/2292 1277/2301/2291
f 1314/1062/1059 2471/2953/2938 1893/291/291
f 1278/3357/3324 1877/2077/2069 3264/2086/2078
f 1254/1224/1219 3006/2028/2020 1278/3357/3324
f 3216/823/820 3384/2511/2500 1341/2560/2547
f 1341/2560/2547 3384/2511/2500 1142/2510/2499
f 1129/999/996 1280/2107/2097 1948/940/937
f 2229/3251/3225 1280/2107/2097 1129/999/996
f 1281/2619/2605 703/2618/2604 2501/3113/3091
f 3202/1566/1560 3395/1568/1562 1634/2696/2682
f 163/269/269 2475/3369/3336 838/2870/2856
f 838/2870/2856 2860/3370/2859 1759/2871/2857
f 31/3371/809 2853/1396/808 1283/1395/1390
f 1283/1395/1390 3193/3372/3337 31/3371/809
f 1498/1267/1262 1284/1313/1308 1161/2259/2249
f 1960/3142/3120 1161/2259/2249 2196/826/823
f 965/3373/3338 283/363/363 2088/3374/3339
f 2088/3374/3339 283/363/363 271/1579/1573
f 1151/1152/1147 789/1151/1146 1286/3262/3236
f 2510/2370/2360 2612/3375/3340 3378/3178/3156
f 1724/1927/1919 400/256/256 1287/255/255
f 1287/255/255 3343/3376/3341 1724/1927/1919
f 2483/3289/3260 1288/179/179 1891/3377/3342
f 3288/72/72 1288/179/179 236/181/181
f 1856/3378/3343 2462/1016/1013 1289/2783/2769
f 2462/1016/1013 3489/1015/1012 1289/2783/2769
f 1290/755/754 3028/2328/2318 1762/2329/2319
f 598/1565/1559 1290/755/754 1005/2388/2378
f 1291/281/281 1627/283/283 727/574/574
f 1538/2688/2674 2445/2330/2320 727/574/574
f 2814/3379/3344 646/1444/1438 224/1446/1440
f 3065/3103/3083 1317/2764/2750 2814/3379/3344
f 1293/2022/2014 804/2859/2845 2495/3380/3345
f 804/2859/2845 1293/2022/2014 1864/1611/1605
f 1926/1303/1298 363/1302/1297 1294/2905/2890
f 1081/1773/1766 1294/2905/2890 363/1302/1297
f 1295/3381/3346 2784/765/764 1865/764/763
f 1412/160/160 2943/556/556 2944/158/158
f 2943/556/556 1412/160/160 1296/3382/3347
f 2730/717/716 2161/3383/3348 334/3384/3349
f 1297/825/822 2757/1779/1772 3077/3385/3350
f 3494/3386/3351 2022/2819/2805 787/182/182
f 1298/2640/2626 242/1575/1569 708/2794/2780
f 1625/1920/1912 242/1575/1569 3130/3387/3352
f 3489/1015/1012 2659/2781/2767 1299/2782/2768
f 765/2189/2179 927/933/930 2822/1068/1065
f 2442/3388/3353 484/3201/3177 485/440/440
f 3145/338/338 3320/340/340 2177/2006/1998
f 866/984/981 189/477/477 3168/985/982
f 2000/1964/1956 2001/1966/1958 2283/1968/1960
f 473/1969/1961 1302/3389/3354 2507/2969/2953
f 1302/3389/3354 189/477/477 866/984/981
f 1303/2277/2267 1182/2281/2271 113/2280/2270
f 1586/1176/1171 2995/1175/1170 1717/2335/2325
f 274/466/466 1304/465/465 3280/2400/2390
f 1304/465/465 1600/3390/3355 3280/2400/2390
f 3007/2394/2384 759/554/554 1305/2769/2755
f 1305/2769/2755 2716/3094/3074 2869/2770/2756
f 802/2856/2842 1306/2144/2134 2712/3391/3356
f 2712/3391/3356 1668/14/14 3080/2163/2153
f 1234/2242/2232 2209/2791/2777 1307/2243/2233
f 2724/2245/2235 2080/2248/2238 304/2246/2236
f 2227/3392/3357 2454/3393/3358 2427/3394/3359
f 1347/3281/3252 2239/1720/1713 1163/921/918
f 2964/2502/2491 1458/3395/3360 839/2910/2895
f 1711/353/353 1486/2503/2492 2964/2502/2491
f 2695/2018/2010 490/1048/1045 1310/1872/1864
f 2964/2502/2491 2431/2319/2309 2077/3396/3361
f 1311/2343/2333 1180/2058/2050 602/3301/3272
f 3151/1510/1504 1311/2343/2333 1761/1511/1505
f 557/2180/2170 1557/2182/2172 1312/2183/2173
f 968/1076/1071 2971/3397/3362 2241/3096/3076
f 1313/663/663 1396/665/665 2526/3398/3363
f 1313/663/663 287/3399/3364 2765/1819/1812
f 2526/3398/3363 287/3399/3364 1313/663/663
f 1285/293/293 1576/3400/3365 2526/3398/3363
f 2131/2951/2936 1315/2950/2935 856/3401/3366
f 1314/1062/1059 1396/665/665 2838/3402/3367
f 1316/38/38 398/40/40 2755/1799/1792
f 2755/1799/1792 2268/1796/1789 3399/3403/3368
f 975/1991/1983 2645/2765/2751 1317/2764/2750
f 975/1991/1983 1637/3105/3085 3066/1992/1984
f 3065/3103/3083 3059/2495/2484 1318/3104/3084
f 3066/1992/1984 1318/3104/3084 647/1984/1976
f 1319/3404/3369 316/56/56 1213/2291/2281
f 1213/2291/2281 2443/2290/2280 3432/1624/1618
f 1320/918/915 2807/356/356 1641/358/358
f 1033/128/128 1995/878/875 2762/129/129
f 2227/3392/3357 2427/3394/3359 160/3405/3370
f 160/3405/3370 3576/3406/3371 1619/1699/1693
f 207/1679/1673 3515/715/714 1322/2541/2529
f 334/3384/3349 2161/3383/3348 1666/1046/1043
f 2014/1749/1742 2883/782/781 375/1662/1656
f 2014/1749/1742 375/1662/1656 342/1748/1741
f 1324/1646/1640 211/716/715 3515/715/714
f 433/1846/1839 1409/1847/1840 1324/1646/1640
f 1715/1114/1109 937/853/850 177/1640/1634
f 888/94/94 2713/3407/3372 2336/3004/2988
f 779/3350/3319 1326/909/906 3097/2806/2792
f 1326/909/906 779/3350/3319 1845/910/907
f 2429/593/593 1469/1539/1533 2735/3408/3373
f 1801/770/769 278/1268/1263 277/1269/1264
f 298/2639/2625 1703/596/596 1328/598/598
f 1632/1780/1773 2815/2645/2631 3019/1145/1140
f 1193/1742/1735 3051/1741/1734 1329/1499/1493
f 2717/3409/3374 3166/3410/3375 1188/654/654
f 1365/759/758 1330/758/757 2042/3411/3376
f 2184/3237/3213 2042/3411/3376 2470/3073/3053
f 840/2913/2898 3026/2442/2432 1331/1283/1278
f 463/1945/1937 67/1946/1938 1331/1283/1278
f 3248/623/623 2325/622/622 1629/1792/1785
f 2325/622/622 137/3412/3377 392/3167/3145
f 1009/1439/1433 2906/3156/3134 1333/2174/2164
f 1674/1277/1272 31/3371/809 3193/3372/3337
f 3334/2811/2797 1334/1595/1589 2531/2810/2796
f 1006/1154/1149 1334/1595/1589 783/1155/1150
f 1335/349/349 2729/3413/3378 3335/3414/3379
f 1767/1282/1277 2655/1281/1276 1601/3415/3380
f 1336/1280/1275 702/393/393 2655/1281/1276
f 1971/3320/3291 702/393/393 1336/1280/1275
f 2766/2050/2042 1337/1900/1892 3189/677/677
f 2233/3196/3173 1338/561/561 437/3163/3141
f 1214/359/359 1338/561/561 1054/360/360
f 1338/561/561 2233/3196/3173 1054/360/360
f 2147/3416/3381 1339/2478/2467 2321/1324/1319
f 439/1020/1017 1695/1022/1019 1515/2898/2883
f 736/2718/2704 1340/3417/3382 1271/3366/3333
f 1340/3417/3382 2145/2715/2701 1642/3418/3383
f 821/1545/1539 254/2883/2869 1859/824/821
f 2010/1543/1537 821/1545/1539 1859/824/821
f 2997/3419/3384 42/1405/1399 460/1407/1401
f 1417/3420/3385 42/1405/1399 3321/3421/3386
f 1343/3422/3387 173/1256/1251 1348/1473/1467
f 184/1206/1201 2832/1728/1721 2583/1455/1449
f 173/1256/1251 2529/3423/3388 2190/1254/1249
f 173/1256/1251 1343/3422/3387 2529/3423/3388
f 1001/2777/2763 1345/2582/2569 2603/3424/3389
f 1345/2582/2569 1240/2646/2632 2603/3424/3389
f 1346/2130/2120 1751/3313/3284 982/800/799
f 1024/1258/1253 3079/1257/1252 1423/3120/3098
f 135/3175/3153 162/1465/1459 2127/3425/3390
f 2687/1697/1691 1349/3426/3391 162/1465/1459
f 2913/3427/3392 1342/1456/1450 2583/1455/1449
f 3321/3421/3386 42/1405/1399 2997/3419/3384
f 162/1465/1459 1349/3426/3391 2127/3425/3390
f 2239/3428/1713 1347/3429/3252 2454/3393/3358
f 1350/3016/3000 762/1259/1254 901/2776/2762
f 204/591/591 1350/3016/3000 901/2776/2762
f 1622/3354/3322 1352/152/152 1351/3430/3393
f 1652/1606/1600 3298/3431/3394 1699/2121/2111
f 1352/152/152 3298/3431/3394 1351/3430/3393
f 1352/152/152 280/1101/1096 1250/2120/2110
f 1353/3140/3118 2608/1530/1524 320/3432/3395
f 1335/349/349 2188/3433/3396 1601/3415/3380
f 1354/2707/2693 3525/2706/2692 648/3133/3111
f 2739/2010/2002 3525/2706/2692 1354/2707/2693
f 1355/2324/2314 2206/2326/2316 487/3134/3112
f 1355/2324/2314 487/3134/3112 1354/2707/2693
f 1203/2514/2503 1356/2412/2402 1048/2414/2404
f 1838/266/266 3188/3434/3397 2222/700/699
f 1229/3191/3168 3012/2084/2076 501/1433/1427
f 2197/2115/2105 521/1431/1425 501/1433/1427
f 2626/2679/2665 1639/3435/3398 722/627/627
f 722/627/627 1639/3435/3398 2232/3436/3399
f 93/1186/1181 2941/1672/1666 136/1670/1664
f 2886/1745/1738 93/1186/1181 3352/1746/1739
f 2747/3027/3011 611/628/628 15/629/629
f 2434/3057/3037 943/2635/2621 611/628/628
f 1361/3437/3400 325/3138/3116 993/3136/3114
f 2324/3088/3068 993/3136/3114 1784/2853/2839
f 1362/218/218 294/1295/1290 284/2937/2922
f 3131/216/216 1362/218/218 284/2937/2922
f 1363/724/723 2877/3058/3038 3124/1294/1289
f 3124/1294/1289 1362/218/218 1363/724/723
f 1364/2836/2822 627/121/121 818/2874/2860
f 1760/2431/2421 2772/3438/3401 1364/2836/2822
f 1365/759/758 1977/3439/3402 2274/2588/2575
f 952/820/817 1977/3439/3402 1365/759/758
f 1366/2137/2127 1225/3336/3305 539/2609/2596
f 2578/2608/2595 3119/2583/2570 1366/2137/2127
f 2736/833/830 1367/890/887 2007/892/889
f 2544/3117/3095 2751/3119/3097 981/3118/3096
f 2613/632/632 3495/631/631 1368/702/701
f 2309/3440/3403 3105/2927/2912 1212/2928/2913
f 1369/1542/1536 2183/1562/1556 310/418/418
f 2455/655/655 310/418/418 680/1561/1555
f 2400/3441/3404 1370/284/284 2199/2269/2259
f 2401/3442/3405 1543/1019/1016 878/1018/1015
f 1371/154/154 2750/2581/2568 1352/152/152
f 2750/2581/2568 3308/1503/1497 690/2020/2012
f 1372/3443/3406 2040/2179/2169 2439/682/682
f 2064/3444/3407 3364/288/288 1372/3443/3406
f 1712/355/355 622/354/354 1373/2421/2411
f 622/354/354 989/2420/2410 1373/2421/2411
f 1374/1605/1599 2403/2490/2479 268/2489/2478
f 2066/2492/2481 1374/1605/1599 268/2489/2478
f 147/851/848 1375/2361/2351 3091/849/846
f 576/3445/3408 1375/2361/2351 147/851/848
f 1376/1160/1155 756/3446/3409 2181/1041/1038
f 756/3446/3409 2645/2765/2751 975/1991/1983
f 733/219/219 1378/2012/2004 1377/220/220
f 3211/3447/3410 1377/220/220 181/3448/3411
f 3254/1055/1052 3227/683/683 2116/3268/3242
f 2116/3268/3242 1377/220/220 3254/1055/1052
f 1378/2012/2004 733/219/219 1379/3449/3412
f 3525/2706/2692 1379/3449/3412 733/219/219
f 306/2427/2417 1380/60/60 626/1558/1552
f 3435/3450/3413 2344/2833/2819 278/1268/1263
f 172/311/311 3223/3451/3414 1381/1061/1058
f 3399/3403/3368 3223/3451/3414 2755/1799/1792
f 288/22/22 1199/279/279 1382/3452/3415
f 3152/2845/2831 3134/2844/2830 288/22/22
f 1383/2992/2976 631/993/990 2386/2445/2435
f 1507/3321/3292 631/993/990 3496/2447/2437
f 1384/1143/1138 3265/1142/1137 3047/2805/2791
f 3047/2805/2791 1200/1192/1187 1384/1143/1138
f 1901/2302/2292 29/1491/1485 1385/234/234
f 1384/1143/1138 3397/1193/1188 2348/1141/1136
f 560/58/58 1386/2754/2740 1508/2757/2743
f 1386/2754/2740 560/58/58 2660/3453/3416
f 1387/2818/2804 991/2293/2283 1980/2574/2561
f 2058/3132/3110 316/56/56 991/2293/2283
f 2703/2158/2148 1388/492/492 2728/3454/3417
f 1388/492/492 2703/2158/2148 2661/493/493
f 2443/2290/2280 1389/2164/2154 1231/3340/3309
f 3514/2532/2520 725/1553/1547 655/1555/1549
f 511/1083/1078 1390/1075/1070 1877/2077/2069
f 1860/1014/1011 84/1158/1153 57/1157/1152
f 560/58/58 1391/47/47 316/56/56
f 3550/2292/2282 316/56/56 1391/47/47
f 2532/1479/1473 1392/3455/3418 2037/1300/1295
f 3240/3456/3419 2027/1253/1248 379/1757/1750
f 2353/1941/1933 3567/1940/1932 1393/512/512
f 1393/512/512 170/3457/3420 967/3127/3105
f 1394/965/962 785/1597/1591 386/966/963
f 2198/2814/2800 785/1597/1591 1394/965/962
f 1395/1085/1080 576/3445/3408 147/851/848
f 2271/3143/3121 1960/3142/3120 2068/3458/3421
f 2934/159/159 2753/3459/3422 1412/160/160
f 2753/3459/3422 856/3401/3366 1315/2950/2935
f 523/1196/1191 215/1166/1161 1397/2112/2102
f 1404/1165/1160 2925/1435/1429 215/1166/1161
f 1398/3348/3317 1244/2049/2041 2927/3346/3315
f 1398/3348/3317 1255/1335/1330 1244/2049/2041
f 275/133/133 1402/1621/1615 1399/3460/3423
f 1668/14/14 2113/2146/2136 2517/15/15
f 2799/3461/3424 1400/3462/3425 64/1769/1762
f 2277/1771/1764 64/1769/1762 2743/1772/1765
f 2406/2858/2844 1401/2379/2369 2963/2378/2368
f 1411/2147/2137 1416/1591/1585 2393/1593/1587
f 282/132/132 1402/1621/1615 275/133/133
f 1511/2157/2147 1402/1621/1615 282/132/132
f 3108/2521/2509 1403/3155/3133 2005/2863/2849
f 658/433/433 612/432/432 3191/2533/2521
f 1404/1165/1160 106/1167/1162 3408/3463/3426
f 1982/1747/1740 1400/3462/3425 2799/3461/3424
f 1920/806/805 1405/229/229 214/3240/3216
f 214/3240/3216 1405/229/229 1110/231/231
f 688/1931/1923 193/894/891 1406/1380/1375
f 458/1381/1376 1406/1380/1375 193/894/891
f 1407/2436/2426 1105/2435/2425 628/392/392
f 628/392/392 22/274/274 2128/273/273
f 3475/3212/3188 714/2748/2734 1408/3210/3186
f 3014/2660/2646 2809/378/378 1573/377/377
f 3088/1663/1657 1324/1646/1640 1409/1847/1840
f 1323/766/765 3088/1663/1657 2883/782/781
f 1410/3049/3030 926/3048/732 36/2452/2441
f 36/2452/2441 2708/775/774 1410/3049/3030
f 2387/3464/3427 1411/2147/2137 2393/1593/1587
f 1411/2147/2137 2387/3464/3427 264/2148/2138
f 2161/3383/3348 1296/3382/3347 1412/160/160
f 3355/3465/3428 1412/160/160 2753/3459/3422
f 1413/1933/1925 341/1248/1243 1827/1660/1654
f 1244/2049/2041 2616/1334/1329 1413/1933/1925
f 1414/1043/1040 428/1884/1876 426/1885/1877
f 1636/817/814 3381/818/815 1414/1043/1040
f 1415/3339/3308 662/139/139 1228/138/138
f 1655/2538/2526 1673/2540/2528 3231/2816/2802
f 1669/2531/2519 1411/2147/2137 810/2149/2139
f 1669/2531/2519 810/2149/2139 3514/2532/2520
f 1417/3420/3385 2261/1378/1373 2835/2122/2112
f 1417/3420/3385 3322/1376/1371 2261/1378/1373
f 2456/714/713 2728/3454/3417 1418/873/870
f 1388/492/492 1419/1623/1617 2728/3454/3417
f 2728/3454/3417 1419/1623/1617 1418/873/870
f 1419/1623/1617 1671/1622/1616 1418/873/870
f 316/56/56 1319/3404/3369 1420/3322/3293
f 1419/1623/1617 3437/494/494 3432/1624/1618
f 1421/614/614 893/2945/2930 81/2524/2512
f 2718/2526/2514 1422/2985/2969 2342/2984/2968
f 1421/614/614 81/2524/2512 1422/2985/2969
f 1422/2985/2969 81/2524/2512 2490/2523/2511
f 1346/2130/2120 982/800/799 2398/3121/3099
f 982/800/799 2338/1275/1270 2398/3121/3099
f 409/783/782 1424/1849/1842 470/784/783
f 1424/1849/1842 409/783/782 433/1846/1839
f 314/505/505 613/504/504 1425/2529/2517
f 1425/2529/2517 613/504/504 905/2383/2373
f 64/1769/1762 383/3466/3429 1426/2111/2101
f 383/3466/3429 521/1431/1425 1426/2111/2101
f 325/3138/3116 1361/3437/3400 1524/3467/3430
f 1816/41/41 325/3138/3116 1524/3467/3430
f 1428/2072/2064 1152/1813/1806 395/1815/1808
f 1749/79/79 395/1815/1808 1013/1807/1800
f 705/2626/2612 1429/422/422 2038/421/421
f 3396/2629/2615 1782/89/89 1898/413/413
f 103/1414/1408 1430/3468/3431 2950/2002/1994
f 2438/3469/3432 1265/2708/2694 1628/3135/3113
f 3137/2001/1993 205/3470/3433 1431/3471/3434
f 2300/3472/3435 1431/3471/3434 205/3470/3433
f 1431/3471/3434 2300/3472/3435 1858/1999/1991
f 1858/1999/1991 3137/2001/1993 1431/3471/3434
f 1433/1987/1979 2685/1306/1301 3452/1305/1300
f 1433/1987/1979 3452/1305/1300 1017/2321/2311
f 466/1120/1115 1434/1983/1975 3390/1118/1113
f 466/1120/1115 359/1722/1715 1434/1983/1975
f 1648/2842/2828 1435/2940/2925 3201/2843/2829
f 2521/1564/1558 1275/1563/1557 244/3473/3436
f 2519/1580/1574 283/363/363 1436/362/362
f 2364/112/112 1261/114/114 2999/2604/2591
f 903/2788/2774 634/2454/2443 1437/3020/3004
f 2428/3329/3298 2893/3328/3297 903/2788/2774
f 1438/2185/2175 2951/2161/2151 776/1573/1567
f 776/1573/1567 1892/2801/2787 2054/2802/2788
f 891/834/831 1439/2505/2494 2129/205/205
f 891/834/831 21/2669/2655 1439/2505/2494
f 1753/855/852 1440/1617/1611 1441/856/853
f 3048/995/992 1440/1617/1611 631/993/990
f 1212/2928/2913 1441/856/853 687/2575/2562
f 1441/856/853 1440/1617/1611 3048/995/992
f 1442/3474/3437 40/1037/1034 2874/1039/1036
f 40/1037/1034 2152/1724/1717 1477/1774/1767
f 2897/1913/1905 394/1803/1796 1528/1805/1798
f 394/1803/1796 3011/3475/3438 2108/1828/1821
f 1732/1059/1056 3011/3475/3438 1443/1040/1037
f 1443/1040/1037 3011/3475/3438 394/1803/1796
f 2738/967/964 1445/1866/1859 1394/965/962
f 2464/1600/1594 729/2692/2678 752/2191/2181
f 1446/2140/2130 740/582/582 2163/581/581
f 540/8/8 1446/2140/2130 2774/3476/3439
f 1447/180/180 243/365/365 236/181/181
f 2163/581/581 2774/3476/3439 1446/2140/2130
f 195/250/250 1448/937/934 606/251/251
f 1448/937/934 2508/1023/1020 606/251/251
f 2448/626/626 2781/1201/1196 922/1525/1519
f 722/627/627 2232/3436/3399 2448/626/626
f 788/2822/2808 1450/1915/1907 126/2225/2215
f 2302/1454/1448 1450/1915/1907 148/1066/1063
f 1177/134/134 2369/136/136 1451/678/678
f 966/3298/3269 1177/134/134 1451/678/678
f 1452/238/238 666/434/434 3482/578/578
f 2543/981/978 2/137/137 1370/284/284
f 1453/2013/2005 3428/2974/2958 2126/900/897
f 1453/2013/2005 2126/900/897 3035/899/896
f 3217/870/867 1218/869/866 2601/3477/3440
f 1218/869/866 152/3331/3300 2601/3477/3440
f 152/3331/3300 1455/1726/1719 1454/3332/3301
f 3120/1731/1724 1455/1726/1719 152/3331/3300
f 322/1626/1620 1456/3478/3441 1870/3084/3064
f 3117/3479/3442 322/1626/1620 1748/1625/1619
f 2082/666/666 1457/710/709 1269/667/667
f 1287/255/255 1457/710/709 3343/3376/3341
f 649/2911/2896 2370/2211/2201 1458/3395/3360
f 1458/3395/3360 1309/2912/2897 649/2911/2896
f 1459/1288/1283 1250/2120/2110 280/1101/1096
f 280/1101/1096 852/1387/1382 1459/1288/1283
f 2702/242/242 1460/241/241 197/2065/2057
f 1460/241/241 2768/3264/3238 197/2065/2057
f 2153/1478/1472 790/2009/2001 1461/2040/2032
f 2935/3025/3009 911/685/685 1461/2040/2032
f 1462/51/51 1238/3342/3311 653/2923/2908
f 2512/2513/2502 1881/1517/1511 1837/2512/2501
f 2064/3444/3407 1463/3480/3443 3364/288/288
f 3253/3481/3444 3030/3482/3445 2382/2169/2159
f 2631/767/766 1563/1578/1572 1464/3131/3109
f 1465/1307/1302 1464/3131/3109 292/19/19
f 1465/1307/1302 3244/2129/2119 1645/3483/3446
f 3225/3484/3447 1464/3131/3109 1465/1307/1302
f 1466/2680/2666 3400/2682/2668 2626/2679/2665
f 2320/18/18 330/2128/2118 1465/1307/1302
f 80/2069/2061 961/1993/1985 1467/1131/1126
f 1057/2024/2016 80/2069/2061 1467/1131/1126
f 937/853/850 1468/852/849 85/1641/1635
f 2032/1952/1944 2362/3485/3448 3388/1953/1945
f 1469/1539/1533 319/595/595 699/3230/3206
f 699/3230/3206 247/501/501 1979/2605/2592
f 429/1887/1879 2488/3486/3449 2474/1472/1466
f 429/1887/1879 2059/1886/1878 3505/1880/1872
f 1471/2247/2237 686/3487/3450 2960/3309/3280
f 686/3487/3450 1471/2247/2237 2052/2250/2240
f 1986/1977/1969 471/1959/1951 2945/1978/1970
f 2537/1961/1953 2861/3019/3003 3226/1965/1957
f 2546/2803/2789 558/2184/2174 1473/1601/1595
f 2327/1602/1596 1473/1601/1595 558/2184/2174
f 3533/2936/2921 2275/2939/2924 851/1169/1164
f 850/282/282 1291/281/281 1762/2329/2319
f 304/2246/2236 2080/2248/2238 1475/3488/3451
f 217/676/676 2093/1527/1521 3148/3489/3452
f 2993/1826/1819 1476/439/439 1218/869/866
f 2993/1826/1819 413/1825/1818 1476/439/439
f 3118/1727/1720 40/1037/1034 1477/1774/1767
f 2363/3490/3453 3100/2758/2744 384/1459/1453
f 328/1584/1578 1478/1583/1577 102/1526/1520
f 102/1526/1520 3344/545/545 1449/544/544
f 3164/1002/999 948/3062/3042 2528/1003/1000
f 2648/3064/3044 2008/3061/3041 948/3062/3042
f 297/308/308 1581/1596/1590 1480/306/306
f 1006/1154/1149 2882/3491/3454 2803/3492/3455
f 617/2397/2387 618/2399/2389 1481/1404/1398
f 143/1200/1195 617/2397/2387 3195/2287/2277
f 1864/1611/1605 1482/1610/1604 2935/3025/3009
f 2935/3025/3009 1482/1610/1604 911/685/685
f 1154/1612/1606 1483/3024/3008 1482/1610/1604
f 806/975/972 2862/977/974 3300/2861/2847
f 1484/2798/2784 912/225/225 1360/2374/2364
f 1484/2798/2784 11/576/576 912/225/225
f 1440/1617/1611 1753/855/852 1485/1618/1612
f 874/2276/2266 2083/1311/1306 2220/2986/2970
f 3099/2318/2308 424/2317/2307 2432/2320/2310
f 3099/2318/2308 2432/2320/2310 973/3100/3080
f 2770/3493/3456 2025/260/260 3529/259/259
f 2770/3493/3456 668/2542/2530 2306/2547/2535
f 1476/439/439 2638/438/438 1488/1732/1725
f 2638/438/438 2486/3042/3026 1488/1732/1725
f 165/1349/1344 2859/1736/1729 1489/1350/1345
f 1489/1350/1345 2859/1736/1729 758/777/776
f 2892/2471/2460 1490/866/863 435/2472/2461
f 3115/2895/2880 435/2472/2461 1490/866/863
f 1727/2766/2752 757/638/638 1491/2767/2753
f 757/638/638 365/3215/3191 2839/778/777
f 3526/3146/3124 1878/394/394 1492/1630/1624
f 1492/1630/1624 2858/3494/3457 3526/3146/3124
f 346/1674/1668 1493/1639/1633 85/1641/1635
f 2450/1676/1670 815/2979/2963 2328/968/965
f 790/2009/2001 3464/3495/3458 1615/898/895
f 3464/3495/3458 790/2009/2001 2153/1478/1472
f 2553/3496/3459 1495/1627/1621 324/1629/1623
f 2080/2248/2238 2724/2245/2235 573/2249/2239
f 1496/1209/1204 2818/3497/3460 3546/3498/3461
f 3546/3498/3461 2229/3251/3225 3299/2829/2815
f 1944/991/988 1766/1352/1347 3511/992/989
f 3512/929/926 33/1106/1101 2279/3499/3462
f 1691/653/653 1249/652/652 1498/1267/1262
f 2265/2216/2206 1498/1267/1262 2970/2217/2207
f 1499/2595/2582 696/2449/2439 632/3500/3463
f 2681/2448/2438 1500/2368/2358 3050/3501/3464
f 1500/2368/2358 94/996/993 3050/3501/3464
f 209/2367/2357 94/996/993 1500/2368/2358
f 175/508/508 1501/1497/1491 1731/509/509
f 813/1471/1465 1501/1497/1491 175/508/508
f 3047/2805/2791 1502/113/113 1200/1192/1187
f 588/406/406 2895/2300/2290 2533/405/405
f 176/3169/3147 1840/1245/1240 3367/3502/3465
f 2953/954/951 3367/3502/3465 2617/3503/3466
f 1504/376/376 2810/1585/1579 2530/143/143
f 3258/3164/3142 220/796/795 1504/376/376
f 2242/3367/3334 3085/2411/2401 621/458/458
f 3594/3504/3467 621/458/458 3085/2411/2401
f 343/1751/1744 1506/488/488 536/1665/1659
f 343/1751/1744 259/1752/1745 1506/488/488
f 1507/3321/3292 323/2615/2601 1971/3320/3291
f 2813/2576/2563 3048/995/992 2308/994/991
f 1508/2757/2743 2290/3343/3312 753/48/48
f 2494/2756/2742 753/48/48 1391/47/47
f 3098/2271/2261 1509/1410/1404 3448/3505/3468
f 825/2103/2094 1904/2102/2093 1509/1410/1404
f 544/1331/1326 1060/1619/1613 2931/2156/2146
f 2339/801/800 2133/803/802 3071/248/248
f 1402/1621/1615 1511/2157/2147 1510/3506/3469
f 1957/3507/3470 1510/3506/3469 1511/2157/2147
f 1292/838/835 1512/837/834 646/1444/1438
f 2295/2493/2482 1512/837/834 1866/2494/2483
f 822/2610/2597 539/2609/2596 1513/701/700
f 3541/2886/2872 822/2610/2597 1513/701/700
f 1885/3508/3471 1700/2196/2186 226/2195/2185
f 1885/3508/3471 2452/1047/1044 3302/3509/3472
f 2147/3416/3381 1515/2898/2883 1339/2478/2467
f 831/328/328 1339/2478/2467 1515/2898/2883
f 1516/187/187 1890/34/34 3060/938/935
f 1890/34/34 2849/3299/3270 1707/3300/3271
f 1517/1228/1223 3113/1265/1260 2656/3000/2984
f 884/2995/2979 3271/2971/2955 2258/2972/2956
f 3461/1353/1348 414/1355/1350 1518/2062/2054
f 1588/2066/2058 504/3510/2099 2706/2110/2100
f 1519/886/883 2460/690/690 2231/692/692
f 840/2913/2898 144/1448/1442 1519/886/883
f 1648/2842/2828 1520/2841/2827 2506/1170/1165
f 797/20/20 1520/2841/2827 764/21/21
f 1154/1612/1606 125/2021/2013 1521/272/272
f 125/2021/2013 2786/3511/3473 1521/272/272
f 444/1110/1105 510/1109/1104 1522/1755/1748
f 3074/2097/2088 1522/1755/1748 510/1109/1104
f 1523/3044/3028 2902/513/513 1393/512/512
f 2902/513/513 2300/3472/3435 205/3470/3433
f 1524/3467/3430 2783/3512/3474 1427/1291/1286
f 1427/1291/1286 2423/1290/1285 3523/2342/2332
f 1863/491/491 1781/2265/2255 1525/489/489
f 10/3513/3475 638/475/475 3407/3514/3476
f 10/3513/3475 1526/101/101 1617/2976/2960
f 1525/489/489 1526/101/101 10/3513/3475
f 237/93/93 1964/3515/3477 1963/213/213
f 2800/1777/1770 1964/3515/3477 237/93/93
f 148/1066/1063 1528/1805/1798 3405/1804/1797
f 3369/1916/1908 148/1066/1063 1450/1915/1907
f 788/2822/2808 3516/2224/2214 3379/3516/3478
f 1286/3262/3236 789/1151/1146 3379/3516/3478
f 3418/1734/1727 758/777/776 1969/1735/1728
f 208/1912/1904 367/1911/1903 3221/599/599
f 1165/162/162 1531/2942/2927 1554/1100/1095
f 1165/162/162 157/3283/3254 1531/2942/2927
f 1532/850/847 100/1148/1143 1158/1084/1079
f 2617/3503/3466 3367/3502/3465 100/1148/1143
f 2009/3517/3479 3174/3359/3326 1533/1053/1050
f 121/1691/1685 2009/3517/3479 1533/1053/1050
f 620/1551/1545 1534/1556/1550 865/1340/1335
f 1534/1556/1550 3255/3518/3480 1055/2403/2393
f 149/3097/3077 970/2253/2243 1535/322/322
f 2678/3519/3481 1535/322/322 571/2234/2224
f 2762/129/129 1536/917/914 2292/3520/3482
f 3415/553/553 1076/315/315 213/314/314
f 2382/2169/2159 3043/2168/2158 498/290/290
f 498/290/290 3557/2045/2037 520/178/178
f 234/2689/2675 2445/2330/2320 1538/2688/2674
f 3248/623/623 2818/3497/3460 2061/624/624
f 1271/3366/3333 3296/3365/3332 1539/111/111
f 2020/2719/2705 2360/935/932 2065/2720/2706
f 1861/117/117 568/3521/3483 1540/407/407
f 1939/779/778 2624/2230/2220 3474/780/779
f 1541/2226/2216 1540/407/407 568/3521/3483
f 1541/2226/2216 3102/3522/3484 1540/407/407
f 2076/1574/1568 1879/688/688 728/1581/1575
f 1875/2691/2677 1195/3179/3157 3198/3523/3485
f 2401/3442/3405 662/139/139 1543/1019/1016
f 662/139/139 3231/2816/2802 1543/1019/1016
f 301/1616/1610 1799/1613/1607 2259/1615/1609
f 301/1616/1610 1082/924/921 2036/3219/3195
f 2956/516/516 1545/515/515 187/1088/1083
f 1585/2336/2326 187/1088/1083 1545/515/515
f 1546/3224/3200 1086/1007/1004 861/3222/3198
f 1086/1007/1004 1546/3224/3200 3022/1008/1005
f 3555/3524/3486 1547/1001/998 2522/2963/2947
f 1548/1009/1006 1479/1011/1008 1547/1001/998
f 2522/2963/2947 77/2476/2465 3555/3524/3486
f 2102/1010/1007 3555/3524/3486 77/2476/2465
f 1087/2415/2405 1549/3225/3201 3020/1322/1317
f 3021/1006/1003 3022/1008/1005 1087/2415/2405
f 957/3079/3059 1550/3081/3061 1140/2082/2074
f 1550/3081/3061 957/3079/3059 1846/1765/1758
f 890/644/644 2979/643/643 1551/857/854
f 654/1312/1307 874/2276/2266 1551/857/854
f 706/713/712 1668/14/14 1552/16/16
f 2235/2632/2618 2456/714/713 706/713/712
f 1553/2613/2600 3165/2256/2246 3046/3188/3166
f 701/819/816 2722/1172/1167 952/820/817
f 1531/2942/2927 852/1387/1382 1554/1100/1095
f 280/1101/1096 1554/1100/1095 852/1387/1382
f 2283/1968/1960 169/1967/1959 1555/3525/3487
f 3253/3481/3444 1463/3480/3443 2064/3444/3407
f 1167/551/551 1556/914/911 3016/3284/3255
f 2511/923/920 1167/551/551 1061/922/919
f 1557/2182/2172 46/1028/1025 2356/889/886
f 1557/2182/2172 872/901/898 559/902/899
f 1537/2043/2035 1558/2042/2034 2103/2046/2038
f 3251/201/201 3317/1097/1092 154/1096/1091
f 1559/2544/2532 680/1561/1555 317/2569/2556
f 2455/655/655 680/1561/1555 1559/2544/2532
f 1560/1705/1699 516/722/721 1359/721/720
f 2886/1745/1738 2941/1672/1666 93/1186/1181
f 1561/3526/3488 474/1422/1416 902/1492/1486
f 2001/1966/1958 1561/3526/3488 902/1492/1486
f 1562/674/674 2796/1475/1469 151/1337/1332
f 1562/674/674 151/1337/1332 1909/1841/1834
f 329/1576/1570 1563/1578/1572 988/1632/1626
f 988/1632/1626 1883/769/768 984/768/767
f 965/3373/3338 2088/3374/3339 1564/292/292
f 1565/2303/2293 1564/292/292 1277/2301/2291
f 1564/292/292 1565/2303/2293 965/3373/3338
f 3196/364/364 1565/2303/2293 588/406/406
f 311/483/483 2866/3527/3489 2864/1485/1479
f 1567/3528/3490 311/483/483 3219/485/485
f 311/483/483 1567/3528/3490 2866/3527/3489
f 2163/581/581 1566/583/583 3018/366/366
f 236/181/181 1568/73/73 3288/72/72
f 3219/485/485 2031/367/367 1567/3528/3490
f 3228/3529/3491 976/42/42 1816/41/41
f 976/42/42 3228/3529/3491 239/3106/3086
f 2648/3064/3044 1570/1317/1312 2008/3061/3041
f 737/330/330 272/2716/2702 1570/1317/1312
f 1764/2749/2735 750/2070/2062 950/3067/3047
f 1764/2749/2735 505/98/98 3591/3530/3492
f 2266/1888/1880 430/608/608 1572/1189/1184
f 2043/1383/1378 1572/1189/1184 1956/1384/1379
f 660/2534/2522 1573/377/377 661/2535/2523
f 660/2534/2522 3014/2660/2646 1573/377/377
f 1574/3221/3197 522/2114/2104 1085/1136/1131
f 2477/1090/1085 1085/1136/1131 1077/1091/1086
f 1575/887/884 2035/861/858 34/888/885
f 46/1028/1025 2658/1027/1024 1575/887/884
f 1576/3400/3365 287/3399/3364 2526/3398/3363
f 287/3399/3364 1664/1818/1811 2151/1817/1810
f 3589/2116/2106 2463/1874/1866 1577/1873/1865
f 1667/974/971 2266/1888/1880 425/956/953
f 82/1178/1173 780/1070/1067 1578/1179/1174
f 780/1070/1067 3096/3351/3320 3472/2807/2793
f 1579/148/148 1696/1997/1989 942/1996/1988
f 1579/148/148 3509/2000/1992 1858/1999/1991
f 31/810/809 514/2094/2085 1580/812/811
f 2596/2073/2065 1428/2072/2064 3360/78/78
f 1006/1154/1149 2803/3492/3455 1581/1596/1590
f 1006/1154/1149 1581/1596/1590 1334/1595/1589
f 3083/1701/1695 1582/1738/1731 548/1739/1732
f 2407/167/167 1582/1738/1731 3083/1701/1695
f 1583/388/388 748/265/265 956/2134/2124
f 2337/3531/3493 2899/2413/2403 748/265/265
f 2122/973/970 1682/972/969 1584/3532/3494
f 3266/3148/3126 79/3149/3127 3203/3150/3128
f 3492/2282/2272 1585/2336/2326 113/2280/2270
f 1012/3158/3136 187/1088/1083 1585/2336/2326
f 1586/1176/1171 3126/584/584 37/586/586
f 3126/584/584 1586/1176/1171 1545/515/515
f 1587/945/942 1586/1176/1171 37/586/586
f 918/1522/1516 1721/2285/2275 2778/3038/3022
f 520/3533/178 1588/2066/2058 506/2071/2063
f 1588/2066/2058 520/3533/178 504/3510/2099
f 1589/2331/2321 2017/175/175 1741/3534/3495
f 2256/2916/2901 1741/3534/3495 1035/2917/2902
f 1590/527/527 842/1588/1582 2256/2916/2901
f 1590/527/527 1262/2298/2288 842/1588/1582
f 1176/3083/3063 1591/2885/2871 318/3297/3268
f 1202/2884/2870 3488/2154/2144 1591/2885/2871
f 299/2630/2616 959/2926/2911 1592/300/300
f 547/2165/2155 2236/1385/1380 1592/300/300
f 695/197/197 1593/2592/2579 216/195/195
f 695/197/197 3150/2315/2305 1593/2592/2579
f 3542/982/979 1594/2275/2265 580/239/239
f 96/2993/2977 1370/284/284 2400/3441/3404
f 1789/2746/2732 714/2748/2734 1595/344/344
f 1595/344/344 595/346/346 273/68/68
f 595/346/346 1272/1926/1918 1596/2314/2304
f 1596/2314/2304 273/68/68 595/346/346
f 1597/1988/1980 694/3129/3107 987/2590/2577
f 694/3129/3107 1597/1988/1980 1433/1987/1979
f 3092/787/786 1598/1242/1237 603/409/409
f 1598/1242/1237 1003/410/410 603/409/409
f 2283/1968/1960 1555/3525/3487 1599/337/337
f 1599/337/337 1555/3525/3487 2779/2177/2167
f 295/2602/2589 619/2603/2590 1600/3390/3355
f 295/2602/2589 2519/1580/1574 1436/362/362
f 320/3535/3395 1601/3415/3380 3551/3536/2710
f 3197/3537/2904 2312/3538/2903 1601/3415/3380
f 958/2468/2457 1602/2470/2459 1068/3082/3062
f 1602/2470/2459 1987/3236/3212 1068/3082/3062
f 89/2441/2431 629/1140/1135 1603/2439/2429
f 2586/2710/2696 2676/3206/3182 2587/3539/3496
f 1604/2717/2703 272/2716/2702 737/330/330
f 1604/2717/2703 737/330/330 3310/3540/3497
f 1605/71/71 2410/3541/3498 1880/2784/2770
f 2410/3541/3498 1605/71/71 3351/1379/1374
f 331/1582/1576 1606/543/543 1478/1583/1577
f 2600/2125/2115 331/1582/1576 3406/2126/2116
f 3388/1953/1945 2362/3485/3448 3328/3542/3499
f 1986/1977/1969 476/476/476 479/1982/1974
f 1608/419/419 3375/3318/3289 253/3319/3290
f 2848/2389/2379 1608/419/419 2805/2390/2380
f 1609/2787/2773 229/1423/1417 1219/3218/3194
f 229/1423/1417 3353/2786/2772 3203/3150/3128
f 2074/2839/2825 285/547/547 1610/805/804
f 137/3412/3377 1610/805/804 392/3167/3145
f 1611/804/803 3101/1004/1001 1610/805/804
f 2050/3170/3148 735/2712/2698 1611/804/803
f 2729/3413/3378 503/2387/2377 1612/3543/3079
f 2729/3413/3378 2187/3544/2708 3335/3414/3379
f 1835/3545/261 127/3546/263 1613/1850/1843
f 349/3547/1151 1613/1850/1843 127/3546/263
f 410/1685/1679 1613/1850/1843 1886/1852/1845
f 410/1685/1679 1886/1852/1845 1039/3174/3152
f 59/2007/1999 1615/898/895 3464/3495/3458
f 1015/339/339 1615/898/895 3320/340/340
f 1616/2736/2722 745/2988/2972 2597/2987/2971
f 3107/2740/2726 875/2739/2725 32/2735/2721
f 3107/2740/2726 744/2734/2720 3442/2975/2959
f 3440/191/191 2962/193/193 2346/479/479
f 1456/3478/3441 322/1626/1620 1618/1628/1622
f 1495/1627/1621 1456/3478/3441 1618/1628/1622
f 3576/3406/3371 2733/3548/3500 1619/1699/1693
f 2733/3548/3500 3174/3359/3326 1619/1699/1693
f 269/1608/1602 1992/2358/2348 1620/2357/2347
f 1620/2357/2347 1241/3344/3313 1621/2654/2640
f 1620/2357/2347 1621/2654/2640 269/1608/1602
f 1179/2586/2573 2919/2585/2572 1621/2654/2640
f 1622/3354/3322 530/753/752 2359/3355/3323
f 1622/3354/3322 2576/1123/1118 530/753/752
f 561/744/743 150/2888/2874 2776/742/741
f 2776/742/741 150/2888/2874 824/3334/3303
f 88/913/910 1624/2322/2312 56/1089/1084
f 2206/2326/2316 1025/2323/2313 1624/2322/2312
f 1527/214/214 3017/1776/1769 1625/1920/1912
f 1625/1920/1912 249/1535/1529 242/1575/1569
f 1626/2143/2133 540/8/8 313/925/922
f 2236/1385/1380 2793/2166/2156 2459/1386/1381
f 796/2837/2823 727/574/574 1627/283/283
f 2961/2598/2585 1627/283/283 3159/3266/3240
f 1430/3468/3431 103/1414/1408 1628/3135/3113
f 487/3134/3112 2383/2003/1995 1628/3135/3113
f 3531/3549/3501 1629/1792/1785 2619/3168/3146
f 1629/1792/1785 2325/622/622 392/3167/3145
f 1589/2331/2321 2006/3214/3190 599/173/173
f 2399/3213/3189 599/173/173 2006/3214/3190
f 755/1230/1225 1631/875/872 2333/1231/1226
f 599/173/173 2399/3213/3189 2710/2761/2747
f 1084/2644/2630 1632/1780/1773 2947/3550/3502
f 2351/1537/1531 2349/1538/1532 1632/1780/1773
f 730/2621/2607 979/3112/3090 1633/2405/2395
f 2834/1557/1551 1534/1556/1550 1633/2405/2395
f 979/3112/3090 730/2621/2607 2501/3113/3091
f 730/2621/2607 2272/3295/3266 2501/3113/3091
f 597/1524/1518 1635/2727/2713 1210/2500/2489
f 1719/1523/1517 1635/2727/2713 597/1524/1518
f 1636/817/814 1414/1043/1040 49/1045/1042
f 2695/2018/2010 1636/817/814 2694/1024/1021
f 3377/3551/3503 1637/3105/3085 975/1991/1983
f 3377/3551/3503 1318/3104/3084 1637/3105/3085
f 1638/2113/2103 54/1430/1424 513/2091/2083
f 522/2114/2104 1638/2113/2103 513/2091/2083
f 1358/361/361 3089/1901/1893 1639/3435/3398
f 1214/3324/359 1358/361/361 3400/2682/2668
f 2524/613/613 859/615/615 2523/3552/3504
f 1236/2424/2414 51/2946/2931 1810/2948/2933
f 1641/358/358 2915/3128/3106 985/919/916
f 483/357/357 2646/3553/3505 1641/358/358
f 1340/3417/3382 1642/3418/3383 3532/3554/3506
f 1643/3054/3034 1708/3053/3033 2148/3555/3507
f 1642/3418/3383 2150/3055/3035 3532/3554/3506
f 2150/3055/3035 3206/329/329 1515/2898/2883
f 161/3556/3508 1688/2508/2497 1644/3557/3509
f 161/3556/3508 2741/324/324 3104/323/323
f 794/1634/1628 534/2834/2820 1645/3483/3446
f 3225/3484/3447 2631/767/766 1464/3131/3109
f 1646/1239/1234 978/3110/445 579/3109/3089
f 1646/1239/1234 1252/2549/2536 978/3110/445
f 626/1558/1552 1169/371/371 2121/2430/2420
f 1928/2428/2418 2121/2430/2420 1794/1552/1546
f 851/1169/1164 1648/2842/2828 2506/1170/1165
f 1648/2842/2828 851/1169/1164 2275/2939/2924
f 263/880/877 711/2651/2637 1649/3193/3170
f 2348/1141/1136 3275/3194/3171 3265/1142/1137
f 1650/2483/2472 3586/3014/2998 641/2481/2470
f 3170/331/331 807/294/294 2484/1051/1048
f 1657/2308/2298 1069/1834/1827 1651/541/541
f 1069/1834/1827 404/539/539 1651/541/541
f 1051/1124/1119 2576/1123/1118 1652/1606/1600
f 1652/1606/1600 2576/1123/1118 3298/3431/3394
f 2240/1504/1498 2107/997/994 1653/1502/1496
f 1653/1502/1496 209/2367/2357 609/2366/2356
f 1654/1276/1271 589/2897/2882 1002/2306/2296
f 1070/754/753 1654/1276/1271 1002/2306/2296
f 1655/2538/2526 3231/2816/2802 2174/2815/2801
f 1658/2251/2241 826/2817/2803 2841/2252/2242
f 1251/2899/2884 3480/3250/3224 1656/2219/2209
f 2359/3355/3323 2921/752/751 1251/2899/2884
f 586/750/749 1069/1834/1827 1657/2308/2298
f 586/750/749 1657/2308/2298 3457/2307/2297
f 1655/2538/2526 1658/2251/2241 584/1480/1474
f 826/2817/2803 1658/2251/2241 1655/2538/2526
f 632/3500/3463 3211/3447/3410 3050/3501/3464
f 3211/3447/3410 2568/221/221 1377/220/220
f 1425/2529/2517 1660/301/301 314/505/505
f 314/505/505 1660/301/301 1024/1258/1253
f 535/1653/1647 1661/1652/1646 2711/1654/1648
f 218/620/620 1661/1652/1646 535/1653/1647
f 1662/204/204 16/649/649 2415/648/648
f 16/649/649 1662/204/204 934/3047/2948
f 3545/1955/1947 468/1343/1338 1663/1951/1943
f 1663/1951/1943 468/1343/1338 3285/2579/2566
f 287/3399/3364 1576/3400/3365 1664/1818/1811
f 2816/725/724 2884/3558/3510 1755/726/725
f 422/81/81 1665/1695/1689 811/82/82
f 811/82/82 1665/1695/1689 339/480/480
f 1666/1046/1043 2765/1819/1812 2952/1647/1641
f 1666/1046/1043 1322/2541/2529 334/3384/3349
f 1577/1873/1865 2142/863/860 2034/862/859
f 3590/3559/3511 1577/1873/1865 2034/862/859
f 1668/14/14 2712/3391/3356 1306/2144/2134
f 1668/14/14 1306/2144/2134 2113/2146/2136
f 1411/2147/2137 1669/2531/2519 1416/1591/1585
f 1669/2531/2519 1008/2530/2518 1416/1591/1585
f 1670/400/400 2117/399/399 691/2649/2635
f 2863/2647/2633 1345/2582/2569 1670/400/400
f 546/2686/2672 1671/1622/1616 1231/3340/3309
f 2443/2290/2280 1231/3340/3309 1671/1622/1616
f 1672/2304/2294 1911/3560/3512 589/2897/2882
f 1672/2304/2294 589/2897/2882 3073/2305/2295
f 3231/2816/2802 1673/2540/2528 1543/1019/1016
f 1673/2540/2528 3207/1017/1014 1543/1019/1016
f 551/1418/1412 1674/1277/1272 1333/2174/2164
f 1674/1277/1272 551/1418/1412 3250/1278/1273
f 1675/1795/1788 128/1794/1787 398/40/40
f 1675/1795/1788 398/40/40 528/1822/1815
f 1676/2568/2555 2974/3561/3513 3274/808/807
f 2974/3561/3513 2975/604/604 2063/1778/1771
f 198/1460/1454 1219/3218/3194 1677/698/697
f 198/1460/1454 1677/698/697 3217/870/867
f 705/2626/2612 1678/2625/2611 930/2628/2614
f 2171/3051/3031 930/2628/2614 1678/2625/2611
f 1612/3543/3079 503/2387/2377 1679/3562/2376
f 503/2387/2377 1870/3084/3064 2767/3563/3514
f 1680/3564/3515 1168/3292/3263 2740/3293/3264
f 2896/3287/3258 1208/3056/3036 2504/3317/3288
f 1681/3285/3256 3307/2750/2736 267/1440/1434
f 1682/972/969 2896/3287/3258 1681/3285/3256
f 267/1440/1434 1682/972/969 1681/3285/3256
f 1584/3532/3494 1682/972/969 267/1440/1434
f 741/3035/3019 1683/2333/2323 2269/3036/3020
f 741/3035/3019 600/2334/2324 1683/2333/2323
f 1058/2309/2299 1684/1985/1977 3209/3565/3516
f 1183/2496/2485 1684/1985/1977 647/1984/1976
f 1685/904/901 2639/1199/1194 143/1200/1195
f 3004/2288/2278 2469/2286/2276 1034/1936/1928
f 1089/86/86 1807/88/88 1686/772/771
f 1089/86/86 1686/772/771 1947/1226/1221
f 2185/1895/1887 1687/2556/2543 2216/1897/1889
f 3552/1547/1541 3003/2557/2544 672/532/532
f 1108/2235/2225 1688/2508/2497 2798/3242/3218
f 1688/2508/2497 1108/2235/2225 1644/3557/3509
f 516/722/721 1689/3566/3517 2611/723/722
f 2489/1704/1698 1689/3566/3517 516/722/721
f 1690/1398/1392 1800/1397/1391 1096/2393/2383
f 1364/2836/2822 2772/3438/3401 1096/2393/2383
f 132/2433/2423 1760/2431/2421 1691/653/653
f 1691/653/653 1498/1267/1262 2265/2216/2206
f 1692/171/171 2441/3333/3302 2437/2176/2166
f 1692/171/171 2437/2176/2166 877/172/172
f 1854/3021/3005 1997/3022/3006 2983/3362/3329
f 1997/3022/3006 1996/3567/3518 134/618/618
f 2844/3091/3071 963/3085/3065 1694/2851/2837
f 2843/498/498 1694/2851/2837 1125/2852/2838
f 940/786/785 939/785/784 1695/1022/1019
f 1643/3054/3034 1695/1022/1019 939/785/784
f 1579/148/148 594/1495/1489 1696/1997/1989
f 130/2015/2007 1697/3568/3519 594/1495/1489
f 1696/1997/1989 594/1495/1489 1697/3568/3519
f 1697/3568/3519 489/2016/2008 1696/1997/1989
f 842/1588/1582 1262/2298/2288 1698/1586/1580
f 3172/3361/3328 139/1287/1282 3171/3282/3253
f 782/1607/1601 1652/1606/1600 1699/2121/2111
f 782/1607/1601 1699/2121/2111 3497/881/878
f 2777/457/457 1700/2196/2186 3446/455/455
f 3447/3569/3520 2267/2197/2187 150/2888/2874
f 2198/2814/2800 1394/965/962 302/1865/1858
f 1062/1864/1857 3459/3570/3521 302/1865/1858
f 1811/2423/2413 575/2426/2416 1702/761/760
f 1702/761/760 575/2426/2416 570/3271/3245
f 1703/596/596 921/2641/2627 708/2794/2780
f 298/2639/2625 921/2641/2627 1703/596/596
f 1704/2959/2943 873/319/319 83/321/321
f 3309/2527/2515 898/2903/2888 1705/2983/2967
f 2621/2518/2506 873/319/319 1705/2983/2967
f 1704/2959/2943 1705/2983/2967 873/319/319
f 3561/2824/2810 567/2763/2749 1706/2820/2806
f 1450/1915/1907 2218/3571/3522 3183/1161/1156
f 1707/3300/3271 962/32/32 1890/34/34
f 962/32/32 2683/3137/3115 3346/43/43
f 3/1374/1369 695/197/197 3094/196/196
f 3094/196/196 3093/3216/3192 3/1374/1369
f 1709/3572/3523 1571/1207/1202 157/3283/3254
f 3270/1180/1175 157/3283/3254 1165/162/162
f 3526/3146/3124 2845/3573/3524 1710/395/395
f 2654/3574/3525 2845/3573/3524 1601/3415/3380
f 1711/353/353 839/2910/2895 2223/555/555
f 2964/2502/2491 839/2910/2895 1711/353/353
f 973/3100/3080 1711/353/353 1712/355/355
f 973/3100/3080 1712/355/355 3341/2745/2731
f 528/1822/1815 1713/1786/1779 2633/1788/1781
f 528/1822/1815 389/343/343 1713/1786/1779
f 469/1092/1087 887/1956/1948 1935/1112/1107
f 469/1092/1087 1935/1112/1107 2713/3407/3372
f 3493/3005/2989 2713/3407/3372 888/94/94
f 469/1092/1087 2713/3407/3372 1325/1093/1088
f 3212/55/55 256/59/59 276/53/53
f 1891/3377/3342 3361/3288/3259 2483/3289/3260
f 113/2280/2270 1585/2336/2326 1717/2335/2325
f 1303/2277/2267 113/2280/2270 1717/2335/2325
f 3293/970/967 674/1534/1528 1730/2558/2545
f 3527/2638/2624 3293/970/967 944/383/383
f 918/1522/1516 916/585/585 1719/1523/1517
f 1719/1523/1517 916/585/585 741/3035/3019
f 369/1740/1733 1720/2565/2552 2872/1643/1637
f 355/1703/1697 3352/1746/1739 93/1186/1181
f 1587/945/942 1721/2285/2275 582/2283/2273
f 1587/945/942 2778/3038/3022 1721/2285/2275
f 135/3175/3153 1722/1150/1145 162/1465/1459
f 789/1151/1146 1722/1150/1145 3192/3176/3154
f 1723/1056/1053 2564/2011/2003 2438/3469/3432
f 2438/3469/3432 174/2005/1997 1723/1056/1053
f 413/1825/1818 3210/1262/1257 1724/1927/1919
f 2637/437/437 1476/439/439 413/1825/1818
f 769/846/843 1725/897/894 860/896/893
f 769/846/843 3353/2786/2772 1725/897/894
f 1079/2344/2334 1726/411/411 2253/2961/2945
f 1726/411/411 769/846/843 860/896/893
f 1491/2767/2753 2003/1910/1902 1727/2766/2752
f 1020/1909/1901 442/2774/2760 1727/2766/2752
f 2467/2027/2019 721/2295/2285 1728/2854/2840
f 2466/1081/1076 2567/2855/2841 2971/3397/3362
f 3486/211/211 249/1535/1529 1959/2563/2550
f 241/212/212 3486/211/211 385/3575/3526
f 2216/1897/1889 1730/2558/2545 2185/1895/1887
f 246/210/210 1730/2558/2545 3487/3576/3527
f 1501/1497/1491 2717/3409/3374 1731/509/509
f 1731/509/509 2717/3409/3374 1188/654/654
f 481/1042/1039 1732/1059/1056 1443/1040/1037
f 2956/516/516 1732/1059/1056 481/1042/1039
f 32/2735/2721 3156/3003/2987 1733/3577/3528
f 3429/192/192 966/3298/3269 1451/678/678
f 3547/374/374 1734/373/373 3338/2429/2419
f 1055/2403/2393 3255/3518/3480 1734/373/373
f 3076/575/575 727/574/574 1735/2838/2824
f 1610/805/804 137/3412/3377 2074/2839/2825
f 184/1206/1201 191/1205/1200 1736/1711/1705
f 3278/1729/1722 2832/1728/1721 184/1206/1201
f 1737/1832/1825 403/1820/1813 172/311/311
f 1737/1832/1825 889/342/342 2677/341/341
f 2500/2611/2598 3318/2155/2145 1738/249/249
f 303/2138/2128 700/2606/2593 2133/803/802
f 1077/1091/1086 1739/2678/2664 721/2295/2285
f 2293/2297/2287 1739/2678/2664 2154/2296/2286
f 1740/1415/1409 3068/1315/1310 2285/1316/1311
f 1740/1415/1409 1499/2595/2582 772/2666/2652
f 1741/3534/3495 291/790/789 1035/2917/2902
f 1741/3534/3495 2017/175/175 291/790/789
f 778/2713/2699 2824/528/528 1742/789/788
f 291/790/789 1742/789/788 1035/2917/2902
f 1743/2600/2587 3421/2599/2586 698/379/379
f 2999/2604/2591 1743/2600/2587 698/379/379
f 2014/1749/1742 1744/1512/1506 1745/1837/1830
f 405/635/635 1746/1507/1501 3031/633/633
f 405/635/635 1184/1836/1829 3263/3578/3529
f 405/635/635 3263/3578/3529 1744/1512/1506
f 1744/1512/1506 1746/1507/1501 405/635/635
f 1746/1507/1501 1744/1512/1506 2468/435/435
f 1747/2935/2920 849/1329/1324 1232/1328/1323
f 1747/2935/2920 2238/3280/3251 1063/1232/1227
f 324/1629/1623 3117/3479/3442 2858/3494/3457
f 2858/3494/3457 1492/1630/1624 2390/1482/1476
f 1428/2072/2064 395/1815/1808 1749/79/79
f 1428/2072/2064 1749/79/79 3360/78/78
f 911/685/685 1750/684/684 174/2005/1997
f 174/2005/1997 1750/684/684 1723/1056/1053
f 537/2131/2121 2930/2132/2122 2581/3114/3092
f 2581/3114/3092 1346/2130/2120 537/2131/2121
f 2466/1081/1076 2971/3397/3362 1752/1082/1077
f 1752/1082/1077 2971/3397/3362 968/1076/1071
f 874/2276/2266 1753/855/852 1551/857/854
f 874/2276/2266 2220/2986/2970 1753/855/852
f 548/1739/1732 1754/680/680 1692/171/171
f 2176/681/681 1754/680/680 548/1739/1732
f 1285/293/293 1755/726/725 1576/3400/3365
f 1755/726/725 2884/3558/3510 1576/3400/3365
f 3013/1935/1927 1756/1934/1926 452/1928/1920
f 1756/1934/1926 2425/1382/1377 452/1928/1920
f 1757/906/903 2208/868/865 844/844/841
f 50/1072/1066 720/3579/2661 3564/2677/2663
f 562/2240/2230 2630/3580/3530 1053/3581/2192
f 2905/2623/2609 1053/3581/2192 2630/3580/3530
f 817/2170/2160 550/2172/2162 1759/2871/2857
f 2310/2872/2858 627/121/121 3279/120/120
f 1760/2431/2421 818/2874/2860 2476/2432/2422
f 818/2874/2860 1760/2431/2421 1364/2836/2822
f 502/1509/1503 1761/1511/1505 3243/2721/2707
f 2942/30/30 995/29/29 614/2723/2709
f 1762/2329/2319 3028/2328/2318 1474/2327/2317
f 1762/2329/2319 1474/2327/2317 850/282/282
f 2469/2286/2276 1763/1362/1357 1034/1936/1928
f 1756/1934/1926 1034/1936/1928 2651/1360/1355
f 1764/2749/2735 950/3067/3047 1571/1207/1202
f 1709/3572/3523 1764/2749/2735 1571/1207/1202
f 1765/2141/2131 1446/2140/2130 540/8/8
f 1626/2143/2133 1765/2141/2131 540/8/8
f 3511/992/989 1766/1352/1347 33/1106/1101
f 1766/1352/1347 2590/1107/1102 33/1106/1101
f 1336/1280/1275 1767/1282/1277 300/1391/1386
f 2825/3582/3531 2019/2921/2906 1876/2341/2331
f 3139/3276/3247 1768/3277/3248 591/2208/2198
f 1162/2310/2300 2647/2312/2302 3081/2759/2745
f 1768/3277/3248 1769/1768/1761 591/2208/2198
f 2764/1767/1760 591/2208/2198 1769/1768/1761
f 2309/3583/3403 1770/2340/2330 2039/305/305
f 1212/2928/2913 1770/3584/2330 2309/3440/3403
f 1771/472/472 3540/3326/3295 773/3327/3296
f 2707/1908/1900 1771/472/472 773/3327/3296
f 1772/1235/1230 2412/2733/2719 743/2732/2718
f 2159/1185/1180 2002/1184/1179 1772/1235/1230
f 1773/420/420 1608/419/419 2848/2389/2379
f 1773/420/420 254/2883/2869 821/1545/1539
f 1774/1760/1753 972/46/46 2965/45/45
f 2492/1763/1756 972/46/46 1774/1760/1753
f 713/980/977 1775/2656/2642 1268/2658/2644
f 713/980/977 2196/826/823 2923/828/825
f 1776/1132/1127 1842/1174/1169 82/3585/1173
f 2665/1133/1128 1776/1132/1127 82/3585/1173
f 791/2826/2812 724/2828/2814 1777/524/524
f 1777/524/524 2458/526/526 2675/2425/2415
f 1157/334/334 562/3272/2230 2571/332/332
f 3365/3195/3172 562/3272/2230 1053/2202/2192
f 1334/1595/1589 1779/1289/1284 2284/791/790
f 1334/1595/1589 1201/1594/1588 1779/1289/1284
f 1096/2393/2383 3522/2392/2382 1780/2835/2821
f 1780/2835/2821 795/3586/3532 1996/3567/3518
f 1525/489/489 1781/2265/2255 1526/101/101
f 1526/101/101 3466/2699/2685 2485/2698/2684
f 1898/413/413 1782/89/89 8/414/414
f 886/27/27 8/414/414 1782/89/89
f 1783/1590/1584 1427/1291/1286 2783/3512/3474
f 993/3136/3114 2324/3088/3068 2143/3587/3533
f 963/3085/3065 2324/3088/3068 1784/2853/2839
f 2914/3086/3066 963/3085/3065 1784/2853/2839
f 134/618/618 1996/3567/3518 1785/616/616
f 1996/3567/3518 795/3586/3532 1785/616/616
f 1786/2127/2117 1645/3483/3446 3244/2129/2119
f 1786/2127/2117 794/1634/1628 1645/3483/3446
f 1786/2127/2117 1787/1919/1911 1059/1918/1910
f 1787/1919/1911 445/736/735 1059/1918/1910
f 1788/2559/2546 1142/2510/2499 2973/3260/3234
f 1341/2560/2547 1142/2510/2499 1788/2559/2546
f 3401/3588/3534 1789/2746/2732 1595/344/344
f 1924/3589/3535 1789/2746/2732 3401/3588/3534
f 315/2193/2183 729/2692/2678 1790/189/189
f 1790/189/189 771/188/188 1937/11/11
f 345/1668/1662 1791/449/449 1894/1669/1663
f 2982/1214/1209 364/1713/1707 1791/449/449
f 309/463/463 1792/1190/1185 920/3040/3024
f 1792/1190/1185 309/463/463 3491/1191/1186
f 1793/124/124 419/3590/3536 393/1320/1315
f 1793/124/124 393/1320/1315 885/3002/2986
f 865/1340/1335 250/1339/1334 1794/1552/1546
f 2827/1550/1544 3358/1549/1543 250/1339/1334
f 1156/2239/2229 3330/2238/2228 1795/2237/2227
f 1795/2237/2227 571/2234/2224 3587/2507/2496
f 3424/1369/1364 179/979/976 1796/978/975
f 1796/978/975 2580/2657/2643 133/3279/3250
f 1797/3360/3327 2852/3591/3537 356/1364/1359
f 2388/3173/3151 1797/3360/3327 356/1364/1359
f 72/268/268 552/277/277 2440/276/276
f 3267/1079/1074 163/269/269 72/268/268
f 1544/2932/2917 1043/1614/1608 1799/1613/1607
f 3242/10/10 1544/2932/2917 2036/3219/3195
f 616/2459/2448 3522/2392/2382 1800/1397/1391
f 1800/1397/1391 635/1399/1393 616/2459/2448
f 2735/3408/3373 1801/770/769 277/1269/1264
f 2636/1570/1564 2635/3304/3275 1327/2954/2939
f 328/1584/1578 1771/472/472 2419/471/471
f 328/1584/1578 2940/3204/3180 331/1582/1576
f 1146/1789/1782 38/1790/1783 1803/2080/2072
f 38/1790/1783 2634/3144/3122 2633/1788/1781
f 1804/3157/3135 699/3230/3206 319/595/595
f 2827/1550/1544 250/1339/1334 1804/3157/3135
f 1805/955/952 1532/850/847 3091/849/846
f 2617/3503/3466 100/1148/1143 1532/850/847
f 2761/3306/3277 1095/747/746 1806/1793/1786
f 3531/3549/3501 1806/1793/1786 1629/1792/1785
f 306/2427/2417 3435/3450/3413 1380/60/60
f 1046/61/61 1380/60/60 2719/3186/3164
f 3376/2847/2833 1808/3592/3538 2986/2848/2834
f 935/155/155 2894/625/625 25/2634/2620
f 3292/2850/2836 1809/66/66 1910/350/350
f 864/2799/2785 1906/2627/2613 7/427/427
f 2524/613/613 2523/3552/3504 1810/2948/2933
f 2523/3552/3504 1090/3228/3204 1810/2948/2933
f 1090/3228/3204 1640/703/702 1811/2423/2413
f 1811/2423/2413 1702/761/760 2916/3229/3205
f 1193/1742/1735 1812/1644/1638 412/1743/1736
f 412/1743/1736 1812/1644/1638 2255/1856/1849
f 1517/1228/1223 1813/1227/1222 74/3001/2985
f 3113/1265/1260 74/3001/2985 1814/1263/1258
f 1574/3221/3197 1814/1263/1258 3063/3220/3196
f 74/3001/2985 3063/3220/3196 1814/1263/1258
f 1815/2014/2006 3503/2017/2009 130/2015/2007
f 1453/2013/2005 1815/2014/2006 2898/140/140
f 602/3301/3272 1816/41/41 2423/1290/1285
f 3228/3529/3491 1816/41/41 602/3301/3272
f 1004/2978/2962 870/2866/2852 1817/95/95
f 1817/95/95 870/2866/2852 333/96/96
f 2563/84/84 1818/2864/2850 815/2979/2963
f 2666/2977/2961 3481/969/966 815/2979/2963
f 1819/1892/1884 3160/1347/1342 228/1346/1341
f 1820/1891/1883 2435/2906/2891 3110/2907/2892
f 1021/468/468 2829/145/145 2830/469/469
f 3110/2907/2892 228/1346/1341 2829/145/145
f 1255/1335/1330 78/1225/1220 1821/1249/1244
f 78/1225/1220 3264/2086/2078 2692/2087/2079
f 1821/1249/1244 1822/2076/2068 507/2075/2067
f 1821/1249/1244 78/1225/1220 2692/2087/2079
f 1823/24/24 672/532/532 3356/2554/2541
f 1823/24/24 828/1546/1540 672/532/532
f 2329/987/984 2690/1013/1010 1824/1975/1967
f 1030/1357/1352 671/2485/2474 1824/1975/1967
f 1825/1930/1922 1413/1933/1925 1826/3593/3539
f 3347/3594/3540 455/1146/1141 1825/1930/1922
f 1826/3593/3539 1413/1933/1925 1827/1660/1654
f 1825/1930/1922 1826/3593/3539 3347/3594/3540
f 1826/3593/3539 1827/1660/1654 3347/3594/3540
f 120/905/902 1827/1660/1654 2684/1250/1245
f 116/2771/2757 3185/797/796 220/796/795
f 2873/3595/3541 116/2771/2757 760/467/467
f 1829/570/570 2259/1615/1609 1043/1614/1608
f 2703/2158/2148 1829/570/570 2561/2159/2149
f 1830/3368/3335 1043/1614/1608 545/461/461
f 1043/1614/1608 2561/2159/2149 1829/570/570
f 3030/3482/3445 1831/2044/2036 2382/2169/2159
f 1831/2044/2036 1094/1494/1488 549/3231/3207
f 3282/3596/3542 1529/2821/2807 1832/2369/2359
f 3282/3596/3542 1832/2369/2359 2374/1138/1133
f 869/100/100 1833/164/164 3303/2737/2723
f 869/100/100 731/102/102 1833/164/164
f 1233/2255/2245 1834/2257/2247 569/2229/2219
f 569/2229/2219 2562/2227/2217 2624/2230/2220
f 1835/3545/261 1613/1850/1843 1932/168/168
f 2727/2173/2163 1848/3597/706 115/1700/1694
f 2834/1557/1551 1836/2967/2951 865/1340/1335
f 2831/1341/1336 865/1340/1335 1836/2967/2951
f 2512/2513/2502 1837/2512/2501 1203/2514/2503
f 1203/2514/2503 3188/3434/3397 1838/266/266
f 1203/2514/2503 1838/266/266 1356/2412/2402
f 1356/2412/2402 1838/266/266 748/265/265
f 61/936/933 1839/110/110 1241/3344/3313
f 2360/935/932 1839/110/110 61/936/933
f 1503/603/603 1840/1245/1240 1033/128/128
f 1840/1245/1240 138/1247/1242 1033/128/128
f 358/1683/1677 2912/1684/1678 1841/916/913
f 110/567/567 2911/569/569 194/1681/1675
f 2987/1173/1168 1299/2782/2768 1842/1174/1169
f 1299/2782/2768 765/2189/2179 2822/1068/1065
f 2332/2475/2464 1843/62/62 604/867/864
f 30/64/64 604/867/864 1843/62/62
f 1844/63/63 39/2375/2365 2200/2376/2366
f 1845/910/907 1844/63/63 1843/62/62
f 1845/910/907 39/2375/2365 1844/63/63
f 1845/910/907 2811/907/904 2527/2922/2907
f 509/830/827 1550/3081/3061 1846/1765/1758
f 381/673/673 509/830/827 1846/1765/1758
f 1847/843/840 943/2635/2621 2527/2922/2907
f 943/2635/2621 1847/843/840 928/2636/2622
f 1835/3545/261 115/1700/1694 1848/3597/706
f 352/706/705 1835/261/261 1848/707/706
f 3500/829/826 1849/1115/1110 1550/3081/3061
f 1550/3081/3061 1849/1115/1110 1140/2082/2074
f 35/735/734 707/848/845 1850/847/844
f 2552/2453/2442 633/2451/2440 35/2450/734
f 1613/1850/1843 349/3547/1151 1851/1851/1844
f 349/1156/1151 467/1680/1674 3510/2313/2303
f 1852/883/880 3067/2078/2070 390/884/881
f 1846/1765/1758 158/3080/3060 1852/883/880
f 1853/2325/2315 1355/2324/2314 3524/720/719
f 2276/719/718 3539/3166/3144 3524/720/719
f 1854/3021/3005 908/262/262 1835/261/261
f 1263/1299/1294 3283/1696/1690 1854/3021/3005
f 87/2364/2354 1855/2925/2910 2478/2924/2909
f 642/3598/3543 2167/2484/2473 2046/2363/2353
f 84/1158/1153 1856/3378/3343 3257/3363/3330
f 3058/2398/2388 1856/3378/3343 618/2399/2389
f 1857/352/352 611/628/628 799/2637/2623
f 2986/2848/2834 1808/3592/3538 1857/352/352
f 2300/3472/3435 1432/146/146 1858/1999/1991
f 1858/1999/1991 1432/146/146 1579/148/148
f 1341/2560/2547 1859/824/821 3216/823/820
f 1341/2560/2547 2010/1543/1537 1859/824/821
f 1390/1075/1070 1860/1014/1011 1877/2077/2069
f 1390/1075/1070 3489/1015/1012 1860/1014/1011
f 637/2469/2458 2599/3599/3544 2985/116/116
f 637/2469/2458 1068/3082/3062 1987/3236/3212
f 638/475/475 1862/490/490 3407/3514/3476
f 1068/3082/3062 1862/490/490 638/475/475
f 637/2469/2458 2985/116/116 1863/491/491
f 577/2263/2253 2286/2262/2252 1863/491/491
f 804/2859/2845 1864/1611/1605 491/2038/2030
f 491/2038/2030 1864/1611/1605 2935/3025/3009
f 3262/1838/1831 108/557/557 1865/764/763
f 2943/556/556 1865/764/763 108/557/557
f 1866/2494/2483 629/1140/1135 1259/2440/2430
f 2374/1138/1133 629/1140/1135 1866/2494/2483
f 1943/2933/2918 1057/2024/2016 1867/1297/1292
f 849/1329/1324 1867/1297/1292 1968/1330/1325
f 335/1122/1117 1868/85/85 415/1121/1116
f 1868/85/85 335/1122/1117 3569/1721/1714
f 1100/939/936 1869/3126/3104 327/1636/1630
f 1100/939/936 1890/34/34 1869/3126/3104
f 960/3161/3139 1870/3084/3064 2207/3162/3140
f 2570/563/563 960/3161/3139 1338/561/561
f 1871/1845/1838 2414/1690/1684 350/1921/1913
f 1871/1845/1838 350/1921/1913 881/1854/1847
f 2391/876/873 1071/3066/3046 1872/3065/3045
f 1872/3065/3045 1071/3066/3046 1630/2332/2322
f 6/1587/1581 3171/3282/3253 1873/647/647
f 1872/3065/3045 6/1587/1581 1873/647/647
f 3084/2088/2080 1874/2089/2081 512/1432/1426
f 1874/2089/2081 3169/2998/2982 512/1432/1426
f 3198/3523/3485 2166/3600/3545 1875/2691/2677
f 1542/2690/2676 258/2354/2344 1875/2691/2677
f 300/1391/1386 1876/3601/2331 2932/2929/2914
f 1876/3601/2331 300/1391/1386 2825/3602/3531
f 1267/1159/1154 1877/2077/2069 57/1157/1152
f 57/1157/1152 1877/2077/2069 1860/1014/1011
f 1878/394/394 702/393/393 574/2267/2257
f 1492/1630/1624 1878/394/394 574/2267/2257
f 1542/2690/2676 2166/3600/3545 948/3062/3042
f 2166/3600/3545 1542/2690/2676 1875/2691/2677
f 1880/2784/2770 621/458/458 3594/3504/3467
f 266/2406/2396 1055/2403/2393 2397/375/375
f 2160/1451/1445 1881/1517/1511 653/2923/2908
f 653/2923/2908 1881/1517/1511 2512/2513/2502
f 1882/185/185 1516/187/187 1107/3241/3217
f 1882/185/185 1107/3241/3217 203/125/125
f 1883/769/768 1563/1578/1572 2631/767/766
f 988/1632/1626 1563/1578/1572 1883/769/768
f 2792/3603/3546 1031/1428/1422 1884/948/945
f 2792/3603/3546 3302/3509/3472 2452/1047/1044
f 1514/2198/2188 1700/2196/2186 1885/3508/3471
f 1514/2198/2188 1885/3508/3471 3302/3509/3472
f 3040/3604/3547 1886/1852/1845 1851/1851/1844
f 1886/1852/1845 1888/3605/3548 1039/3174/3152
f 1888/3605/3548 1887/1452/1446 1039/3174/3152
f 2551/3172/3150 2664/3606/3549 1039/3174/3152
f 1887/1452/1446 1888/3605/3548 1614/858/855
f 2672/859/856 1614/858/855 3040/3604/3547
f 14/157/157 1889/67/67 2894/625/625
f 3292/2850/2836 1857/352/352 1808/3592/3538
f 3312/33/33 3517/3607/3550 1890/34/34
f 1890/34/34 329/1576/1570 988/1632/1626
f 1891/3377/3342 1605/71/71 1169/371/371
f 1169/371/371 3361/3288/3259 1891/3377/3342
f 1892/2801/2787 2981/2684/2670 279/669/669
f 309/463/463 920/3040/3024 2644/1572/1566
f 1893/291/291 1277/2301/2291 1564/292/292
f 2471/2953/2938 1277/2301/2291 1893/291/291
f 1912/3253/3227 1894/1669/1663 1791/449/449
f 887/1956/1948 1894/1669/1663 1912/3253/3227
f 1081/1773/1766 2518/1293/1288 1895/1292/1287
f 1081/1773/1766 3100/2758/2744 2363/3490/3453
f 1896/1664/1658 3222/487/487 374/600/600
f 374/600/600 1923/327/327 1896/1664/1658
f 192/1336/1331 889/342/342 2909/1831/1824
f 2819/1842/1835 151/1337/1332 192/1336/1331
f 1898/413/413 1429/422/422 705/2626/2612
f 1429/422/422 1898/413/413 1204/412/412
f 1447/180/180 1288/179/179 1899/245/245
f 3242/10/10 1942/3608/3551 2447/2931/2916
f 2319/3609/3552 1133/2474/2463 1900/1234/1229
f 719/2473/2462 1900/1234/1229 1133/2474/2463
f 1901/2302/2292 265/2299/2289 1565/2303/2293
f 1385/234/234 265/2299/2289 1901/2302/2292
f 3212/55/55 1902/54/54 3548/3610/3553
f 1544/2932/2917 3548/3610/3553 1902/54/54
f 2079/1162/1157 1903/1802/1795 3451/1163/1158
f 2976/2119/2109 1793/124/124 885/3002/2986
f 45/2104/2092 518/3611/1349 1904/2102/2093
f 2704/1098/1093 3317/1097/1092 518/3611/1349
f 1132/1957/1949 1905/1958/1950 887/1956/1948
f 1905/1958/1950 1935/1112/1107 887/1956/1948
f 1906/2627/2613 864/2799/2785 1809/66/66
f 1809/66/66 1678/2625/2611 1906/2627/2613
f 1830/3368/3335 1907/1571/1565 1276/2162/2152
f 1276/2162/2152 1907/1571/1565 776/1573/1567
f 586/750/749 3457/2307/2297 1908/751/750
f 3394/3612/3554 2131/2951/2936 856/3401/3366
f 1562/674/674 1909/1841/1834 414/1355/1350
f 414/1355/1350 1927/2063/2055 1518/2062/2054
f 1910/350/350 864/2799/2785 2104/351/351
f 1809/66/66 864/2799/2785 1910/350/350
f 1672/2304/2294 2131/2951/2936 1911/3560/3512
f 1911/3560/3512 2131/2951/2936 3394/3612/3554
f 1912/3253/3227 260/3254/3228 1132/1957/1949
f 1791/449/449 1919/451/451 1912/3253/3227
f 445/736/735 1223/738/737 1913/230/230
f 794/1634/1628 445/736/735 1913/230/230
f 218/620/620 1132/1957/1949 1914/621/621
f 260/3254/3228 1914/621/621 1132/1957/1949
f 14/157/157 1915/65/65 1889/67/67
f 1915/65/65 2171/3051/3031 1678/2625/2611
f 1916/126/126 203/125/125 1918/1637/1631
f 1916/126/126 1106/2743/2729 214/3240/3216
f 438/2793/2779 3540/3326/3295 1917/597/597
f 438/2793/2779 1917/597/597 1703/596/596
f 1106/2743/2729 1918/1637/1631 327/1636/1630
f 1916/126/126 1918/1637/1631 1106/2743/2729
f 1919/451/451 1922/3255/3229 260/3254/3228
f 260/3254/3228 1912/3253/3227 1919/451/451
f 1913/230/230 1920/806/805 747/3125/3103
f 3143/2742/2728 327/1636/1630 747/3125/3103
f 235/941/938 1137/495/495 1921/497/497
f 235/941/938 3163/2509/2498 2589/942/939
f 293/619/619 1922/3255/3229 1138/1342/1337
f 1914/621/621 1922/3255/3229 293/619/619
f 124/1035/1032 1923/327/327 374/600/600
f 124/1035/1032 12/1034/1031 3261/436/436
f 1789/2746/2732 1924/3589/3535 434/1890/1882
f 2435/2906/2891 1924/3589/3535 2680/1508/1502
f 875/2739/2725 1925/424/424 32/2735/2721
f 3156/3003/2987 32/2735/2721 1925/424/424
f 2435/2906/2891 836/895/892 1926/1303/1298
f 836/895/892 1725/897/894 1926/1303/1298
f 407/1505/1499 1927/2063/2055 1909/1841/1834
f 1927/2063/2055 414/1355/1350 1909/1841/1834
f 626/1558/1552 1928/2428/2418 306/2427/2417
f 2121/2430/2420 1928/2428/2418 626/1558/1552
f 2823/1520/1514 122/1848/1841 1929/657/657
f 3140/658/658 1929/657/657 122/1848/1841
f 276/53/53 1046/61/61 1930/3187/3165
f 2164/462/462 1930/3187/3165 1045/3185/3163
f 829/2351/2341 1145/2674/2660 1931/2673/2659
f 3348/25/25 3349/3613/3555 1931/2673/2659
f 1835/3545/261 1932/168/168 115/1700/1694
f 115/1700/1694 1932/168/168 408/3335/3304
f 1933/2349/2339 1143/2348/2338 829/2351/2341
f 3349/3613/3555 829/2351/2341 1931/2673/2659
f 1828/536/536 1934/2772/2758 442/2774/2760
f 116/2771/2757 2873/3595/3541 3185/797/796
f 1714/1655/1649 2618/1113/1108 1935/1112/1107
f 1714/1655/1649 1935/1112/1107 1905/1958/1950
f 1075/2460/2449 1936/1147/1142 1993/313/313
f 1075/2460/2449 1246/2458/2447 2990/2457/2446
f 2426/13/13 315/2193/2183 1937/11/11
f 1790/189/189 1937/11/11 315/2193/2183
f 3509/2000/1992 2460/690/690 3137/2001/1993
f 1519/886/883 144/1448/1442 2460/690/690
f 1939/779/778 1099/2464/2453 970/2253/2243
f 970/2253/2243 569/2229/2219 1939/779/778
f 86/2105/2095 1940/745/744 2634/3144/3122
f 2652/2832/2818 3186/2831/2817 1940/745/744
f 402/1824/1817 2071/1862/1855 1941/1783/1776
f 402/1824/1817 2744/1261/1256 399/1260/1255
f 1447/180/180 2447/2931/2916 1942/3608/3551
f 1447/180/180 1942/3608/3551 2163/581/581
f 849/1329/1324 1747/2935/2920 2408/2934/2919
f 1867/1297/1292 849/1329/1324 2408/2934/2919
f 3277/943/940 2670/2278/2268 1303/2277/2267
f 2670/2278/2268 221/2284/2274 977/3108/3088
f 3544/1425/1419 3204/1424/1418 1945/1441/1435
f 1945/1441/1435 1623/2751/2737 824/3334/3303
f 1946/670/670 920/3040/3024 723/2683/2669
f 1089/86/86 1947/1226/1221 723/2683/2669
f 1947/1226/1221 1946/670/670 723/2683/2669
f 1247/671/671 1946/670/670 1947/1226/1221
f 1948/940/937 233/3614/3556 1130/404/404
f 1129/999/996 1948/940/937 1130/404/404
f 3554/3202/3178 68/911/908 1058/2309/2299
f 3554/3202/3178 1058/2309/2299 2296/3203/3179
f 2949/3294/3265 1950/2085/2077 178/1309/1304
f 1950/2085/2077 3520/2034/2026 178/1309/1304
f 1950/2085/2077 2949/3294/3265 1951/2083/2075
f 510/1109/1104 3072/2098/2089 3074/2097/2088
f 1952/69/69 1596/2314/2304 941/2593/2580
f 3150/2315/2305 941/2593/2580 1593/2592/2579
f 3323/3037/3021 1953/3034/3018 915/2797/2783
f 915/2797/2783 1953/3034/3018 2314/3033/3017
f 3363/507/507 858/446/446 746/448/448
f 1953/3034/3018 3363/507/507 746/448/448
f 2315/1319/1314 2966/1318/1313 1955/310/310
f 1955/310/310 1769/1768/1761 123/1859/1852
f 1956/1384/1379 1572/1189/1184 430/608/608
f 430/608/608 2657/607/607 3570/1137/1132
f 544/1331/1326 1957/3507/3470 846/3615/3557
f 544/1331/1326 2931/2156/2146 1957/3507/3470
f 1958/3077/3057 2247/2160/2150 1830/3368/3335
f 2247/2160/2150 2073/2755/2741 1386/2754/2740
f 3486/211/211 1959/2563/2550 385/3575/3526
f 679/2562/2549 2686/2550/2537 1959/2563/2550
f 2196/826/823 2833/3278/3249 1960/3142/3120
f 2068/3458/3421 1960/3142/3120 179/979/976
f 967/3127/3105 170/3457/3420 1961/3095/3075
f 170/3457/3420 462/1942/1934 2869/2770/2756
f 1962/1761/1754 2636/1570/1564 3245/1569/1563
f 1962/1761/1754 1247/671/671 1181/3302/3273
f 2023/3616/3558 1963/213/213 3135/215/215
f 3494/3386/3351 2534/385/385 1963/213/213
f 1964/3515/3477 2801/1775/1768 1527/214/214
f 1964/3515/3477 1527/214/214 1963/213/213
f 43/2703/2689 996/2702/2688 2606/3617/3559
f 2607/3141/3119 996/2702/2688 732/1531/1525
f 1260/1707/1701 2763/1710/1704 1966/3618/3560
f 3534/1708/1702 1967/1054/1051 1533/1053/1050
f 1966/3618/3560 2763/1710/1704 1967/1054/1051
f 162/1465/1459 2908/1466/1460 353/1698/1692
f 3453/3208/3184 1232/1328/1323 1968/1330/1325
f 1064/2443/2433 1968/1330/1325 2394/2444/2434
f 3220/1108/1103 1969/1735/1728 33/1106/1101
f 3221/599/599 1530/1036/1033 374/600/600
f 1970/2409/2399 1505/2408/2398 816/2869/2855
f 816/2869/2855 1174/2694/2680 1970/2409/2399
f 1971/3320/3291 1336/1280/1275 1211/2616/2602
f 2308/994/991 1971/3320/3291 1211/2616/2602
f 1242/1995/1987 1972/953/950 2812/3345/3314
f 1972/953/950 1242/1995/1987 2953/954/951
f 2377/2578/2565 1973/793/792 2378/2580/2567
f 1973/793/792 1022/3165/3143 188/794/793
f 1123/127/127 1105/2435/2425 1974/2434/2424
f 800/1904/1896 1123/127/127 1974/2434/2424
f 1975/1213/1208 364/1713/1707 2982/1214/1209
f 3042/1730/1723 1736/1711/1705 364/1713/1707
f 1104/1898/1890 3036/3619/3561 1976/971/968
f 1976/971/968 281/384/384 944/383/383
f 2453/2813/2799 3484/1171/1166 1978/3620/3562
f 2453/2813/2799 952/820/817 3484/1171/1166
f 2623/630/630 2613/632/632 1978/3620/3562
f 1978/3620/3562 3484/1171/1166 2622/693/693
f 1979/2605/2592 2735/3408/3373 1469/1539/1533
f 1979/2605/2592 1469/1539/1533 699/3230/3206
f 3032/3310/3281 1192/2571/2558 1190/2572/2559
f 686/3487/3450 3032/3310/3281 2960/3309/3280
f 1981/1236/1231 2047/1922/1914 225/2584/2571
f 712/1237/1232 1981/1236/1231 225/2584/2571
f 372/2564/2551 677/1065/1062 1982/1747/1740
f 1983/1706/1700 2886/1745/1738 3173/1744/1737
f 3408/3463/3426 1983/1706/1700 3173/1744/1737
f 3408/3463/3426 106/1167/1162 1983/1706/1700
f 2301/3621/176 3518/2096/2087 1256/2093/1274
f 3518/2096/2087 514/2094/2085 1256/2093/1274
f 1152/1813/1806 1984/3358/3325 1985/3263/3237
f 2768/3264/3238 2734/1814/1807 1152/1813/1806
f 1607/1960/1952 471/1959/1951 1986/1977/1969
f 1607/1960/1952 1986/1977/1969 479/1982/1974
f 637/2469/2458 1987/3236/3212 2599/3599/3544
f 1987/3236/3212 1099/2464/2453 2599/3599/3544
f 999/1659/1653 1187/510/510 1988/3145/3123
f 1187/510/510 2288/3307/3278 1988/3145/3123
f 1989/2463/2452 2575/2956/2941 2870/253/253
f 858/446/446 2575/2956/2941 1989/2463/2452
f 710/389/389 2252/2136/2126 1990/2135/2125
f 1991/2648/2634 1990/2135/2125 3119/2583/2570
f 1990/2135/2125 2890/2316/2306 710/389/389
f 596/390/390 710/389/389 2890/2316/2306
f 269/1608/1602 1199/279/279 1992/2358/2348
f 2066/2492/2481 1199/279/279 1374/1605/1599
f 3462/3622/3563 1993/313/313 565/602/602
f 1936/1147/1142 565/602/602 1993/313/313
f 2762/129/129 2292/3520/3482 3419/130/130
f 3462/3622/3563 213/314/314 1993/313/313
f 3391/877/874 2775/141/141 1995/878/875
f 483/357/357 2807/356/356 141/1496/1490
f 1693/836/833 73/835/832 1996/3567/3518
f 1996/3567/3518 2857/208/208 1780/2835/2821
f 1693/836/833 1997/3022/3006 352/706/705
f 1997/3022/3006 1693/836/833 1996/3567/3518
f 1998/2762/2748 567/2763/2749 1292/838/835
f 2814/3379/3344 1292/838/835 646/1444/1438
f 1999/2823/2809 1292/838/835 567/2763/2749
f 1999/2823/2809 567/2763/2749 3561/2824/2810
f 189/477/477 1472/1979/1971 2000/1964/1956
f 3168/985/982 189/477/477 2000/1964/1956
f 1561/3526/3488 2001/1966/1958 2861/3019/3003
f 2000/1964/1956 472/1963/1955 2001/1966/1958
f 63/1233/1228 1772/1235/1230 2002/1184/1179
f 2319/3609/3552 2002/1184/1179 3096/3351/3320
f 2003/1910/1902 1020/1909/1901 1727/2766/2752
f 3222/487/487 1020/1909/1901 2003/1910/1902
f 2189/928/925 1193/1742/1735 2004/1498/1492
f 2004/1498/1492 1193/1742/1735 1329/1499/1493
f 1416/1591/1585 1008/2530/2518 2005/2863/2849
f 1007/2519/2507 2343/3153/3131 1008/2530/2518
f 1630/2332/2322 2006/3214/3190 2256/2916/2901
f 1071/3066/3046 2006/3214/3190 1630/2332/2322
f 2736/833/830 2007/892/889 21/2669/2655
f 2007/892/889 1216/2670/2656 21/2669/2655
f 272/2716/2702 2008/3061/3041 1570/1317/1312
f 2790/396/396 3425/398/398 272/2716/2702
f 2009/3517/3479 121/1691/1685 421/1483/1477
f 3174/3359/3326 2009/3517/3479 2852/3591/3537
f 675/2545/2533 3291/1544/1538 2010/1543/1537
f 2010/1543/1537 1788/2559/2546 675/2545/2533
f 1220/1437/1431 2011/2175/2165 2441/3333/3302
f 2335/278/278 552/277/277 2011/2175/2165
f 3129/3623/3564 2012/2949/2934 855/235/235
f 2757/1779/1772 1297/825/822 855/235/235
f 3129/3623/3564 855/235/235 2013/237/237
f 2013/237/237 1625/1920/1912 3130/3387/3352
f 2014/1749/1742 1323/766/765 2883/782/781
f 2014/1749/1742 1865/764/763 1323/766/765
f 1679/2386/2376 2015/3323/562 3057/3325/3294
f 503/2387/2377 2767/3563/3514 1679/3562/2376
f 2707/1908/1900 3234/3244/3220 2016/470/470
f 2016/470/470 1111/3183/3161 2419/471/471
f 2017/175/175 3139/3276/3247 837/2207/2197
f 3033/2908/2893 2017/175/175 837/2207/2197
f 2018/2337/2327 3205/1532/1526 732/1531/1525
f 2825/3582/3531 843/2920/2905 2019/2921/2906
f 2019/2921/2906 2018/2337/2327 2642/3209/3185
f 2019/2921/2906 3205/1532/1526 2018/2337/2327
f 2020/2719/2705 1271/3366/3333 1539/111/111
f 1271/3366/3333 2020/2719/2705 736/2718/2704
f 3005/661/661 2021/1823/1816 998/662/662
f 1940/745/744 998/662/662 2634/3144/3122
f 2198/2814/2800 2022/2819/2805 238/1598/1592
f 238/1598/1592 3077/3385/3350 2757/1779/1772
f 2022/2819/2805 2023/3616/3558 1297/825/822
f 3135/215/215 1297/825/822 2023/3616/3558
f 2024/275/275 22/274/274 726/566/566
f 726/566/566 1114/3182/3160 2024/275/275
f 1687/2556/2543 2025/260/260 436/530/530
f 436/530/530 2025/260/260 2770/3493/3456
f 2026/946/943 1884/948/945 1031/1428/1422
f 1031/1428/1422 867/2025/2017 2026/946/943
f 145/1284/1279 2027/1253/1248 2352/1759/1752
f 145/1284/1279 67/1946/1938 2027/1253/1248
f 2028/552/552 67/1946/1938 463/1945/1937
f 2027/1253/1248 67/1946/1938 2057/1426/1420
f 1303/2277/2267 2029/944/941 3277/943/940
f 2995/1175/1170 1303/2277/2267 1717/2335/2325
f 2959/3029/3013 2030/2795/2781 2885/3026/3010
f 775/426/426 774/2990/2974 2030/2795/2781
f 3219/485/485 236/181/181 2031/367/367
f 236/181/181 243/365/365 2031/367/367
f 2032/1952/1944 85/1641/1635 1468/852/849
f 346/1674/1668 85/1641/1635 3431/1716/1709
f 2033/1333/1328 2257/1332/1327 959/2926/2911
f 2033/1333/1328 959/2926/2911 299/2630/2616
f 2034/862/859 2035/861/858 1667/974/971
f 425/956/953 2034/862/859 1667/974/971
f 2658/1027/1024 2035/861/858 1575/887/884
f 1667/974/971 2035/861/858 41/609/609
f 1544/2932/2917 1799/1613/1607 2036/3219/3195
f 1799/1613/1607 301/1616/1610 2036/3219/3195
f 2048/1758/1751 2037/1300/1295 379/1757/1750
f 2037/1300/1295 3240/3456/3419 379/1757/1750
f 7/427/427 2038/421/421 2139/428/428
f 1906/2627/2613 2038/421/421 7/427/427
f 2039/305/305 3340/309/309 1480/306/306
f 2039/305/305 2642/3209/3185 601/2338/2328
f 2040/2179/2169 3364/288/288 551/1418/1412
f 1372/3443/3406 3364/288/288 2040/2179/2169
f 2041/2768/2754 2869/2770/2756 462/1942/1934
f 1392/3455/3418 2532/1479/1473 462/1942/1934
f 2042/3411/3376 952/820/817 1365/759/758
f 1101/2228/2218 3272/3071/3051 2042/3411/3376
f 522/2114/2104 2043/1383/1378 1085/1136/1131
f 2043/1383/1378 522/2114/2104 513/2091/2083
f 3333/1080/1075 2743/1772/1765 2044/1064/1061
f 2044/1064/1061 1400/3462/3425 1982/1747/1740
f 3120/1731/1724 2045/2728/2714 365/3215/3191
f 2045/2728/2714 758/777/776 3585/776/775
f 2046/2363/2353 87/2364/2354 608/686/686
f 2046/2363/2353 1855/2925/2910 87/2364/2354
f 1596/2314/2304 1272/1926/1918 2047/1922/1914
f 225/2584/2571 2047/1922/1914 1272/1926/1918
f 2048/1758/1751 194/1681/1675 467/1680/1674
f 2048/1758/1751 2049/1301/1296 2037/1300/1295
f 467/1680/1674 2049/1301/1296 2048/1758/1751
f 3283/1696/1690 2049/1301/1296 467/1680/1674
f 1037/549/549 2050/3170/3148 285/547/547
f 1037/549/549 3507/2714/2700 2050/3170/3148
f 573/2249/2239 2051/3190/3167 2052/2250/2240
f 2724/2245/2235 2553/3496/3459 573/2249/2239
f 584/1480/1474 2052/2250/2240 1049/1481/1475
f 2051/3190/3167 1049/1481/1475 2052/2250/2240
f 3141/3265/3239 2376/380/380 2053/387/387
f 3146/2938/2923 284/2937/2922 294/1295/1290
f 2054/2802/2788 1438/2185/2175 776/1573/1567
f 2546/2803/2789 1159/611/611 1438/2185/2175
f 2055/2773/2759 2957/636/636 1727/2766/2752
f 2056/3624/3565 2055/2773/2759 1934/2772/2758
f 2873/3595/3541 2874/1039/1036 2056/3624/3565
f 1072/1038/1035 2957/636/636 2874/1039/1036
f 210/568/568 2057/1426/1420 2028/552/552
f 2057/1426/1420 67/1946/1938 2028/552/552
f 2058/3132/3110 1387/2818/2804 2868/1554/1548
f 991/2293/2283 1387/2818/2804 2058/3132/3110
f 524/1878/1870 2059/1886/1878 426/1885/1877
f 2059/1886/1878 524/1878/1870 3505/1880/1872
f 2474/1472/1466 2060/1429/1423 3556/841/838
f 2792/3603/3546 2452/1047/1044 168/1049/1046
f 2061/624/624 234/2689/2675 1538/2688/2674
f 1538/2688/2674 1332/573/573 2061/624/624
f 861/3222/3198 2062/2962/2946 1546/3224/3200
f 2194/3223/3199 2193/1389/1384 861/3222/3198
f 1091/92/92 2063/1778/1771 237/93/93
f 2063/1778/1771 1091/92/92 2974/3561/3513
f 2779/2177/2167 1555/3525/3487 2064/3444/3407
f 3253/3481/3444 2064/3444/3407 1555/3525/3487
f 195/250/250 2065/2720/2706 1448/937/934
f 2065/2720/2706 2790/396/396 1604/2717/2703
f 1992/2358/2348 1199/279/279 2066/2492/2481
f 2525/2356/2346 1992/2358/2348 2066/2492/2481
f 607/1367/1362 3402/2359/2349 2067/1368/1363
f 179/979/976 2067/1368/1363 3402/2359/2349
f 2068/3458/3421 576/3445/3408 2271/3143/3121
f 179/979/976 3402/2359/2349 2068/3458/3421
f 2069/135/135 2926/2466/2455 958/2468/2457
f 2069/135/135 1688/2508/2497 161/3556/3508
f 507/2075/2067 1267/1159/1154 2070/1197/1192
f 507/2075/2067 2070/1197/1192 2684/1250/1245
f 417/1784/1777 808/1861/1854 2071/1862/1855
f 417/1784/1777 3238/3625/3566 2481/1781/1774
f 2071/1862/1855 2548/1863/1856 2072/1219/1214
f 417/1784/1777 2071/1862/1855 3238/3625/3566
f 2247/2160/2150 1958/3077/3057 2073/2755/2741
f 1958/3077/3057 1126/3249/3223 2073/2755/2741
f 2074/2839/2825 3076/575/575 1735/2838/2824
f 2074/2839/2825 1735/2838/2824 796/2837/2823
f 2255/1856/1849 2075/1642/1636 333/96/96
f 2075/1642/1636 888/94/94 333/96/96
f 767/459/459 642/3598/3543 2076/1574/1568
f 2076/1574/1568 642/3598/3543 2046/2363/2353
f 2077/3396/3361 1310/1872/1864 490/1048/1045
f 226/2195/2185 3294/2501/2490 490/1048/1045
f 1798/1394/1389 2853/1396/808 90/1077/1072
f 2854/3352/3321 3233/3353/2894 90/3626/1072
f 1014/1812/1805 3273/1809/1802 2936/3160/3138
f 164/827/824 1014/1812/1805 2936/3160/3138
f 1307/2243/2233 1475/3488/3451 2080/2248/2238
f 1307/2243/2233 2080/2248/2238 1190/2572/2559
f 1172/2213/2203 2081/3291/3262 2062/2962/2946
f 2740/3293/3264 1172/2213/2203 3372/2752/2738
f 3343/3376/3341 3259/3627/3567 3246/1857/1850
f 2780/3628/3568 1724/1927/1919 3343/3376/3341
f 3521/3629/3569 2220/2986/2970 2083/1311/1306
f 667/2384/2374 580/239/239 2083/1311/1306
f 2084/1835/1828 1248/2664/2650 1184/1836/1829
f 2550/2665/2651 2307/2223/2213 1248/2664/2650
f 769/846/843 1003/410/410 2085/2785/2771
f 2085/2785/2771 3266/3148/3126 3203/3150/3128
f 336/854/851 2086/1651/1645 3177/872/869
f 2618/1113/1108 336/854/851 937/853/850
f 505/98/98 2087/1182/1177 185/1181/1176
f 505/98/98 1764/2749/2735 2087/1182/1177
f 1564/292/292 2088/3374/3339 1285/293/293
f 2538/1298/1293 1755/726/725 1285/293/293
f 1175/3/3 3488/2154/2144 2089/2153/2143
f 2671/1449/1443 2165/2151/2141 2090/3296/3267
f 245/2725/2711 1175/3/3 2090/3296/3267
f 2090/3296/3267 1175/3/3 2089/2153/2143
f 2091/1/1 3485/3630/3570 3252/7/7
f 1175/3/3 245/2725/2711 2091/1/1
f 1536/917/914 2305/1944/1936 2092/1943/1935
f 1536/917/914 2092/1943/1935 2292/3520/3482
f 3148/3489/3452 2093/1527/1521 304/2246/2236
f 304/2246/2236 2093/1527/1521 3350/2244/2234
f 2094/3347/3316 2096/2031/2023 2135/2030/2022
f 3339/1310/1305 178/1309/1304 2095/3631/3571
f 3062/2100/2091 159/2033/2025 2095/3631/3571
f 2094/3347/3316 2095/3631/3571 2096/2031/2023
f 2095/3631/3571 159/2033/2025 2096/2031/2023
f 159/2033/2025 2132/2035/2027 2096/2031/2023
f 2097/1264/1259 1814/1263/1258 2361/3102/3082
f 1097/2055/2047 2097/1264/1259 190/2056/2048
f 2098/699/698 1225/3336/3305 2723/2133/2123
f 539/2609/2596 1225/3336/3305 2098/699/698
f 1970/2409/2399 255/2779/2765 2714/2407/2397
f 1633/2405/2395 3281/2404/2394 3070/2620/2606
f 2100/542/542 832/2222/2212 566/2901/2886
f 2100/542/542 261/2662/2648 832/2222/2212
f 2101/2241/2231 1156/2239/2229 1795/2237/2227
f 2101/3274/2231 1258/762/761 1156/3275/2229
f 2102/1010/1007 227/3063/3043 1479/1011/1008
f 2321/1324/1319 227/3063/3043 2102/1010/1007
f 154/1096/1091 2103/2046/2038 1558/2042/2034
f 154/1096/1091 504/2109/2099 2103/2046/2038
f 1857/352/352 2104/351/351 15/629/629
f 2104/351/351 1127/2800/2786 3199/3028/3012
f 2105/2881/2867 2907/2882/2868 2381/822/819
f 2105/2881/2867 820/2391/2381 2497/2879/2865
f 2106/1210/1205 3568/3152/3130 615/757/756
f 2326/756/755 2106/1210/1205 615/757/756
f 2107/997/994 94/996/993 209/2367/2357
f 2107/997/994 209/2367/2357 1653/1502/1496
f 2108/1828/1821 2278/1829/1822 401/1827/1820
f 1124/546/546 219/257/257 2871/1806/1799
f 2109/333/333 724/2828/2814 624/763/762
f 1258/762/761 2109/333/333 624/763/762
f 2855/2827/2813 1810/2948/2933 2110/3227/3203
f 624/763/762 724/2828/2814 2643/2685/2671
f 2112/456/456 561/744/743 751/743/742
f 2416/3632/3572 3307/2750/2736 2503/3286/3257
f 2416/3632/3572 2503/3286/3257 2111/2212/2202
f 564/2209/2199 2370/2211/2201 2111/2212/2202
f 2113/2146/2136 275/133/133 1399/3460/3423
f 275/133/133 2114/799/798 1198/798/797
f 2113/2146/2136 2114/799/798 275/133/133
f 3082/2145/2135 2114/799/798 2113/2146/2136
f 181/3448/3411 2115/976/973 1659/3633/3573
f 1377/220/220 2116/3268/3242 181/3448/3411
f 2116/3268/3242 2115/976/973 181/3448/3411
f 2116/3268/3242 2862/977/974 2115/976/973
f 2117/399/399 424/2317/2307 691/2649/2635
f 2117/399/399 1636/817/814 424/2317/2307
f 2118/2577/2564 2932/2929/2914 1212/2928/2913
f 2118/2577/2564 1212/2928/2913 687/2575/2562
f 2119/1833/1826 404/539/539 1069/1834/1827
f 404/539/539 2119/1833/1826 1184/1836/1829
f 983/2372/2362 2120/3123/3101 3260/3122/3100
f 1832/2369/2359 610/2371/2361 2375/1139/1134
f 1647/372/372 2121/2430/2420 1169/371/371
f 3547/374/374 1647/372/372 2397/375/375
f 79/3149/3127 2122/973/970 1584/3532/3494
f 79/3149/3127 1598/1242/1237 2122/973/970
f 2123/1876/1868 432/590/590 3311/1883/1875
f 432/590/590 2123/1876/1868 449/1875/1867
f 2125/1994/1986 505/98/98 2124/97/97
f 871/1314/1309 3386/2877/2863 2124/97/97
f 3386/2877/2863 2125/1994/1986 2124/97/97
f 2125/1994/1986 482/2875/2861 196/1129/1124
f 2126/900/897 2203/2981/2965 3427/2825/2811
f 1615/898/895 2126/900/897 868/2008/2000
f 135/3175/3153 2127/3425/3390 3420/3634/1711
f 2127/3425/3390 2731/3635/3574 3420/3634/1711
f 1098/2438/2428 1407/2436/2426 2128/273/273
f 1407/2436/2426 628/392/392 2128/273/273
f 2415/648/648 2129/205/205 1662/204/204
f 2129/205/205 650/774/773 2705/2504/2493
f 2130/391/391 214/3240/3216 1110/231/231
f 214/3240/3216 2130/391/391 1105/2435/2425
f 1672/2304/2294 1206/232/232 2131/2951/2936
f 29/1491/1485 2131/2951/2936 1206/232/232
f 496/950/947 2132/2035/2027 159/2033/2025
f 496/950/947 974/949/946 2132/2035/2027
f 1738/249/249 3071/248/248 2133/803/802
f 700/2606/2593 1738/249/249 2133/803/802
f 1546/3224/3200 3324/3636/3575 2134/1323/1318
f 3022/1008/1005 1546/3224/3200 2134/1323/1318
f 1398/3348/3317 2135/2030/2022 1255/1335/1330
f 2094/3347/3316 2135/2030/2022 1398/3348/3317
f 2136/3115/3093 303/2138/2128 980/802/801
f 1001/2777/2763 2603/3424/3389 2930/2132/2122
f 2137/1821/1814 389/343/343 528/1822/1815
f 2677/341/341 389/343/343 2137/1821/1814
f 2138/2355/2345 3305/252/252 606/251/251
f 606/251/251 1264/2491/2480 2138/2355/2345
f 2038/421/421 876/425/425 2139/428/428
f 2139/428/428 3116/2989/2973 774/2990/2974
f 263/880/877 2140/2809/2795 3497/881/878
f 1649/3193/3170 2140/2809/2795 263/880/877
f 2141/1870/1862 34/888/885 2035/861/858
f 34/888/885 2141/1870/1862 903/2788/2774
f 1577/1873/1865 427/1877/1869 2142/863/860
f 2141/1870/1862 2142/863/860 427/1877/1869
f 1361/3437/3400 993/3136/3114 2143/3587/3533
f 1524/3467/3430 1361/3437/3400 2783/3512/3474
f 894/4/4 717/580/580 2144/297/297
f 3444/3018/3002 2457/3017/3001 2520/3012/2996
f 737/330/330 2145/2715/2701 3310/3540/3497
f 1340/3417/3382 3310/3540/3497 2145/2715/2701
f 2146/729/728 65/1021/1018 439/1020/1017
f 65/1021/1018 2146/729/728 1208/3056/3036
f 439/1020/1017 2147/3416/3381 640/730/729
f 2147/3416/3381 439/1020/1017 1515/2898/2883
f 2148/3555/3507 3094/196/196 216/195/195
f 2149/1243/1238 2148/3555/3507 216/195/195
f 738/1923/1915 3571/3364/3331 2149/1243/1238
f 2148/3555/3507 2149/1243/1238 3571/3364/3331
f 1643/3054/3034 3532/3554/3506 2150/3055/3035
f 2150/3055/3035 1695/1022/1019 1643/3054/3034
f 2304/2537/2525 397/1443/1437 2151/1817/1810
f 3450/1648/1642 397/1443/1437 665/1442/1436
f 835/1725/1718 2152/1724/1717 3160/1347/1342
f 2152/1724/1717 40/1037/1034 1442/3474/3437
f 1036/1476/1470 2153/1478/1472 911/685/685
f 2153/1478/1472 1461/2040/2032 911/685/685
f 1739/2678/2664 46/1028/1025 2154/2296/2286
f 2821/2982/2966 46/1028/1025 1557/2182/2172
f 2155/1445/1439 1183/2496/2485 224/1446/1440
f 1684/1985/1977 1183/2496/2485 3209/3565/3516
f 2149/1243/1238 448/1244/1239 2156/1924/1916
f 3549/2594/2581 941/2593/2580 2156/1924/1916
f 608/686/686 87/2364/2354 2157/2365/2355
f 2528/1003/1000 2756/687/687 608/686/686
f 3499/3199/3175 1056/3197/3174 2158/1116/1111
f 2158/1116/1111 1849/1115/1110 3499/3199/3175
f 2159/1185/1180 1772/1235/1230 743/2732/2718
f 743/2732/2718 2158/1116/1111 2159/1185/1180
f 2160/1451/1445 167/1487/1481 2671/1449/1443
f 2160/1451/1445 653/2923/2908 167/1487/1481
f 262/664/664 1666/1046/1043 2161/3383/3348
f 1396/665/665 262/664/664 3355/3465/3428
f 348/522/522 433/1846/1839 2162/1645/1639
f 433/1846/1839 1324/1646/1640 2162/1645/1639
f 243/365/365 1447/180/180 2163/581/581
f 2163/581/581 3018/366/366 243/365/365
f 2164/462/462 545/461/461 276/53/53
f 2164/462/462 276/53/53 1930/3187/3165
f 2165/2151/2141 2671/1449/1443 542/1486/1480
f 1566/583/583 2165/2151/2141 542/1486/1480
f 2756/687/687 2166/3600/3545 1879/688/688
f 1879/688/688 2166/3600/3545 3198/3523/3485
f 311/483/483 2864/1485/1479 2167/2484/2473
f 2046/2363/2353 2167/2484/2473 1855/2925/2910
f 2168/1117/1112 1131/3258/3232 107/2081/2073
f 2168/1117/1112 107/2081/2073 1849/1115/1110
f 2169/3261/3235 1131/3258/3232 1144/2350/2340
f 107/2081/2073 1131/3258/3232 2169/3261/3235
f 2170/2780/2766 2556/2187/2177 1367/890/887
f 58/2188/2178 2556/2187/2177 2170/2780/2766
f 14/157/157 2171/3051/3031 1915/65/65
f 925/156/156 2171/3051/3031 14/157/157
f 2172/832/829 929/773/772 932/932/929
f 2172/832/829 2705/2504/2493 929/773/772
f 2173/1223/1218 78/1225/1220 1255/1335/1330
f 2173/1223/1218 1255/1335/1330 2135/2030/2022
f 2174/2815/2801 1387/2818/2804 826/2817/2803
f 1655/2538/2526 2174/2815/2801 826/2817/2803
f 45/2101/2092 825/2891/2094 2175/672/672
f 414/1355/1350 45/2101/2092 2175/672/672
f 3417/2996/2980 881/1854/1847 2176/681/681
f 2176/681/681 881/1854/1847 2991/1102/1097
f 2177/2006/1998 2442/3388/3353 3145/338/338
f 1036/1476/1470 1300/1413/1407 2177/2006/1998
f 3313/3107/3087 1088/115/115 2178/1577/1571
f 2682/3637/3576 2178/1577/1571 329/1576/1570
f 3001/17/17 1088/115/115 2179/2059/2051
f 2179/2059/2051 1088/115/115 3313/3107/3087
f 382/3638/3577 1268/2658/2644 2180/2655/2641
f 2420/1860/1853 3086/3139/3117 416/1858/1851
f 2181/1041/1038 2897/1913/1905 443/1914/1906
f 3183/1161/1156 2181/1041/1038 443/1914/1906
f 2763/1710/1704 2182/1657/1651 1967/1054/1051
f 2182/1657/1651 999/1659/1653 1967/1054/1051
f 251/1560/1554 1608/419/419 2183/1562/1556
f 1836/2967/2951 251/1560/1554 2972/1541/1535
f 1101/2228/2218 2042/3411/3376 2184/3237/3213
f 1101/2228/2218 2184/3237/3213 1541/2226/2216
f 246/210/210 2185/1895/1887 1730/2558/2545
f 246/210/210 241/212/212 2185/1895/1887
f 2186/2142/2132 245/2725/2711 1765/2141/2131
f 2091/1/1 245/2725/2711 3485/3630/3570
f 2729/3413/3378 1612/3543/3079 2187/3544/2708
f 3243/2721/2707 2187/2722/2708 1612/3099/3079
f 1601/3415/3380 2188/3433/3396 3551/3536/2710
f 3335/3414/3379 2187/3544/2708 3551/3536/2710
f 2270/927/924 369/1740/1733 2189/928/925
f 1193/1742/1735 2189/928/925 369/1740/1733
f 2190/1254/1249 3327/1756/1749 1522/1755/1748
f 2190/1254/1249 1344/1212/1207 378/1754/1747
f 2191/1894/1886 2368/2892/2877 1104/1898/1890
f 2191/1894/1886 1104/1898/1890 673/3639/3578
f 690/2020/2012 1653/1502/1496 2192/270/270
f 1521/272/272 2786/3511/3473 2192/270/270
f 2062/2962/2946 2193/1389/1384 564/2209/2199
f 2193/1389/1384 2062/2962/2946 861/3222/3198
f 2194/3223/3199 1086/1007/1004 3021/1006/1003
f 623/2417/2407 1373/2421/2411 2920/1390/1385
f 2223/555/555 2371/2210/2200 2195/1388/1383
f 989/2420/2410 2195/1388/1383 2920/1390/1385
f 3382/3159/3137 2196/826/823 1284/1313/1308
f 1161/2259/2249 1284/1313/1308 2196/826/823
f 2197/2115/2105 1357/1411/1405 523/1196/1191
f 501/1433/1427 3012/2084/2076 2197/2115/2105
f 1701/1536/1530 787/182/182 2198/2814/2800
f 1062/1864/1857 1701/1536/1530 3459/3570/3521
f 2199/2269/2259 878/1018/1015 2404/2270/2260
f 878/1018/1015 2199/2269/2259 2401/3442/3405
f 30/64/64 1844/63/63 2200/2376/2366
f 2200/2376/2366 2579/3059/3039 30/64/64
f 3575/3640/3579 2918/1370/1365 1363/724/723
f 3575/3640/3579 1179/2586/2573 692/2904/2889
f 2956/516/516 2569/2487/2476 2202/514/514
f 2202/514/514 644/2497/2486 987/2590/2577
f 2203/2981/2965 138/1247/1242 3430/2980/2964
f 871/1314/1309 486/2041/2033 2788/2973/2957
f 871/1314/1309 2788/2973/2957 2204/2878/2864
f 2204/2878/2864 3386/2877/2863 871/1314/1309
f 2205/207/207 627/121/121 1364/2836/2822
f 906/119/119 627/121/121 2205/207/207
f 88/913/910 487/3134/3112 2206/2326/2316
f 2206/2326/2316 1624/2322/2312 88/913/910
f 2207/3162/3140 1870/3084/3064 1456/3478/3441
f 2724/2245/2235 3350/2244/2234 1456/3478/3441
f 720/3579/2661 2208/868/865 1757/906/903
f 720/3579/2661 2552/3641/2442 2208/868/865
f 2209/2791/2777 1475/3488/3451 1307/2243/2233
f 3148/3489/3452 304/2246/2236 1475/3488/3451
f 2210/123/123 419/3590/3536 1793/124/124
f 3297/1830/1823 1737/1832/1825 3469/1867/1860
f 771/188/188 2211/2789/2775 2566/2790/2776
f 3454/2051/2043 771/188/188 3467/2052/2044
f 2212/2419/2409 1048/2414/2404 2899/2413/2403
f 2212/2419/2409 718/2671/2657 1373/2421/2411
f 2213/1221/1216 229/1423/1417 2385/2890/2876
f 1219/3218/3194 229/1423/1417 2213/1221/1216
f 1923/327/327 2214/326/326 536/1665/1659
f 2823/1520/1514 2214/326/326 470/784/783
f 717/580/580 894/4/4 2215/6/6
f 3284/3009/2993 2215/6/6 1118/2506/2495
f 673/3639/3578 2216/1897/1889 1687/2556/2543
f 1104/1898/1890 2216/1897/1889 673/3639/3578
f 2217/1026/1023 1739/2678/2664 585/1135/1130
f 2217/1026/1023 2657/607/607 2658/1027/1024
f 1450/1915/1907 788/2822/2808 2218/3571/3522
f 3562/3642/3580 788/2822/2808 3379/3516/3478
f 2219/2596/2583 1153/3643/3581 697/2597/2584
f 3159/3266/3240 2053/387/387 2376/380/380
f 1485/1618/1612 2220/2986/2970 44/2273/2263
f 1753/855/852 2220/2986/2970 1485/1618/1612
f 580/239/239 1594/2275/2265 2221/2274/2264
f 580/239/239 3521/3629/3569 2083/1311/1306
f 52/3315/3286 3541/2886/2872 2222/700/699
f 52/3315/3286 2222/700/699 1837/2512/2501
f 2223/555/555 989/2420/2410 622/354/354
f 2223/555/555 2195/1388/1383 989/2420/2410
f 862/50/50 2224/732/731 1462/51/51
f 862/50/50 2522/2963/2947 2224/732/731
f 777/2650/2636 778/2713/2699 2225/2804/2790
f 2225/2804/2790 778/2713/2699 2649/548/548
f 819/2876/2862 2226/1246/1241 1242/1995/1987
f 2226/1246/1241 819/2876/2862 3430/2980/2964
f 1308/75/75 2227/3392/3357 160/3405/3370
f 2737/3644/3582 2227/3392/3357 1308/75/75
f 358/1683/1677 1841/916/913 2737/3645/3582
f 2737/3644/3582 1308/75/75 358/1715/1677
f 2229/3251/3225 3186/2831/2817 1280/2107/2097
f 1197/746/745 2229/3251/3225 3546/3498/3461
f 685/1488/1482 387/1490/1484 2230/1770/1763
f 2230/1770/1763 401/1827/1820 685/1488/1482
f 2231/692/692 3157/691/691 484/3201/3177
f 484/3201/3177 1949/1412/1406 2231/692/692
f 2232/3436/3399 2781/1201/1196 2448/626/626
f 230/1899/1891 2232/3436/3399 1337/1900/1892
f 1337/1900/1892 2233/3196/3173 3189/677/677
f 1337/1900/1892 2232/3436/3399 2233/3196/3173
f 3380/1031/1028 2234/1030/1027 92/696/695
f 92/696/695 2234/1030/1027 2794/3311/3282
f 2235/2632/2618 1552/16/16 2380/2633/2619
f 706/713/712 1552/16/16 2235/2632/2618
f 2236/1385/1380 307/2631/2617 299/2630/2616
f 2236/1385/1380 299/2630/2616 1592/300/300
f 2237/2023/2015 949/3068/3048 950/3067/3047
f 2318/3200/3176 1943/2933/2918 2237/2023/2015
f 2238/3280/3251 1747/2935/2920 1232/1328/1323
f 3422/3207/3183 133/3279/3250 2238/3280/3251
f 2239/3428/1713 2227/3392/3357 2737/3644/3582
f 2239/3428/1713 2454/3393/3358 2227/3392/3357
f 2240/1504/1498 1371/154/154 3319/153/153
f 13/2220/2210 2107/997/994 2240/1504/1498
f 2971/3397/3362 1312/2183/2173 2241/3096/3076
f 1312/2183/2173 559/902/899 2241/3096/3076
f 1273/1604/1598 3085/2411/2401 2242/3367/3334
f 2403/2490/2479 1374/1605/1599 1273/1604/1598
f 645/2488/2477 2243/460/460 728/1581/1575
f 2243/460/460 645/2488/2477 2242/3367/3334
f 666/434/434 658/433/433 2244/2522/2510
f 666/434/434 3565/579/579 3482/578/578
f 182/3015/2999 2245/453/453 28/452/452
f 1650/2483/2472 3038/368/368 3586/3014/2998
f 2282/91/91 1092/386/386 2246/1762/1755
f 252/502/502 3245/1569/1563 857/503/503
f 2661/493/493 955/57/57 3437/494/494
f 2660/3453/3416 560/58/58 955/57/57
f 574/2267/2257 323/2615/2601 2248/2268/2258
f 323/2615/2601 1507/3321/3292 2248/2268/2258
f 3294/2501/2490 2249/2194/2184 649/2911/2896
f 2777/457/457 2370/2211/2201 649/2911/2896
f 2250/1649/1643 1188/654/654 2994/3151/3129
f 2288/3307/3278 1187/510/510 1188/654/654
f 2251/1420/1414 474/1422/1416 1561/3526/3488
f 2251/1420/1414 1561/3526/3488 2861/3019/3003
f 2252/2136/2126 710/389/389 956/2134/2124
f 2516/3078/3058 2252/2136/2126 956/2134/2124
f 860/896/893 2253/2961/2945 1726/411/411
f 202/1375/1370 2253/2961/2945 860/896/893
f 3438/3233/3209 2715/3192/3169 2254/2994/2978
f 2254/2994/2978 884/2995/2979 880/2997/2981
f 2255/1856/1849 333/96/96 95/2865/2851
f 95/2865/2851 412/1743/1736 2255/1856/1849
f 2006/3214/3190 1589/2331/2321 2256/2916/2901
f 1741/3534/3495 2256/2916/2901 1589/2331/2321
f 544/1331/1326 846/3615/3557 2257/1332/1327
f 2257/1332/1327 846/3615/3557 1591/2885/2871
f 2258/2972/2956 867/2025/2017 1517/1228/1223
f 2258/2972/2956 1517/1228/1223 2656/3000/2984
f 2259/1615/1609 763/572/572 2459/1386/1381
f 1829/570/570 763/572/572 2259/1615/1609
f 1173/1474/1468 2260/1377/1372 3322/1376/1371
f 1173/1474/1468 2949/3294/3265 2260/1377/1372
f 2835/2122/2112 2261/1378/1373 531/1308/1303
f 2260/1377/1372 531/1308/1303 2261/1378/1373
f 625/2258/2248 575/3646/2416 2262/3647/2412
f 2262/3647/2412 3046/3188/3166 625/2258/2248
f 2263/1889/1881 449/1875/1867 428/1884/1876
f 428/1884/1876 1414/1043/1040 3381/818/815
f 635/1399/1393 2264/2218/2208 2969/2261/2251
f 635/1399/1393 1690/1398/1392 2264/2218/2208
f 1691/653/653 2265/2216/2206 132/2433/2423
f 2265/2216/2206 2264/2218/2208 132/2433/2423
f 69/957/954 425/956/953 2266/1888/1880
f 3241/3648/3583 2266/1888/1880 1470/1188/1183
f 1700/2196/2186 2267/2197/2187 3446/455/455
f 1514/2198/2188 2267/2197/2187 1700/2196/2186
f 53/1797/1790 2268/1796/1789 1032/2206/2196
f 2268/1796/1789 2619/3168/3146 2549/1005/1002
f 1018/741/740 2269/3036/3020 222/104/104
f 2269/3036/3020 1683/2333/2323 222/104/104
f 677/1065/1062 2270/927/924 3214/926/923
f 677/1065/1062 372/2564/2551 2270/927/924
f 1395/1085/1080 2271/3143/3121 576/3445/3408
f 1395/1085/1080 997/2215/2205 2271/3143/3121
f 1174/2694/2680 764/21/21 2272/3295/3266
f 730/2621/2607 1174/2694/2680 2272/3295/3266
f 2273/2525/2513 1235/2958/2599 3316/704/703
f 859/615/615 2718/2526/2514 2273/2525/2513
f 2274/2588/2575 76/2587/2574 784/3649/3584
f 1365/759/758 2274/2588/2575 3286/2812/2798
f 1474/2327/2317 1435/2940/2925 2275/2939/2924
f 2275/2939/2924 850/282/282 1474/2327/2317
f 2276/719/718 696/2449/2439 3539/3166/3144
f 696/2449/2439 2276/719/718 2568/221/221
f 2277/1771/1764 2230/1770/1763 808/1861/1854
f 2277/1771/1764 808/1861/1854 417/1784/1777
f 2108/1828/1821 219/257/257 2278/1829/1822
f 400/256/256 2278/1829/1822 219/257/257
f 2279/3499/3462 33/1106/1101 2859/1736/1729
f 146/668/668 1269/667/667 3184/930/927
f 1092/386/386 2280/184/184 2246/1762/1755
f 787/182/182 2280/184/184 1092/386/386
f 2850/3650/3585 2281/2860/2846 609/2366/2356
f 1653/1502/1496 609/2366/2356 2620/271/271
f 2282/91/91 3245/1569/1563 252/502/502
f 252/502/502 1091/92/92 2282/91/91
f 2000/1964/1956 2283/1968/1960 3168/985/982
f 1301/336/336 2283/1968/1960 1599/337/337
f 2470/3073/3053 2284/791/790 440/3074/3054
f 440/3074/3054 3054/1589/1583 2324/3088/3068
f 918/1522/1516 2285/1316/1311 1721/2285/2275
f 597/1524/1518 2285/1316/1311 918/1522/1516
f 2286/2262/2252 2610/118/118 131/2697/2683
f 3409/2264/2254 131/2697/2683 3466/2699/2685
f 1252/3198/2536 2287/1177/1172 1056/3197/3174
f 1056/3197/3174 3471/1183/1178 2159/1185/1180
f 4/865/862 2288/3307/3278 2250/1649/1643
f 2288/3307/3278 1188/654/654 2250/1649/1643
f 1159/611/611 1473/1601/1595 2289/2192/2182
f 1473/1601/1595 2464/1600/1594 2289/2192/2182
f 2290/3343/3312 1239/2753/2739 752/2191/2181
f 752/2191/2181 729/2692/2678 3477/2693/2679
f 1028/1012/1009 2291/952/949 549/3231/3207
f 2291/952/949 3251/201/201 549/3231/3207
f 2292/3520/3482 2092/1943/1935 213/314/314
f 3419/130/130 2292/3520/3482 213/314/314
f 1739/2678/2664 2293/2297/2287 721/2295/2285
f 2293/2297/2287 1728/2854/2840 721/2295/2285
f 2421/1980/1972 2294/1421/1415 117/1962/1954
f 117/1962/1954 2294/1421/1415 2251/1420/1414
f 1512/837/834 2295/2493/2482 646/1444/1438
f 2295/2493/2482 3208/3305/3276 646/1444/1438
f 2296/3203/3179 590/885/882 2231/692/692
f 3149/517/517 2296/3203/3179 2295/2493/2482
f 987/2590/2577 2297/739/738 2202/514/514
f 987/2590/2577 694/3129/3107 2297/739/738
f 997/2215/2205 2298/2260/2250 2271/3143/3121
f 2298/2260/2250 997/2215/2205 1246/2458/2447
f 64/1769/1762 2299/1436/1430 2799/3461/3424
f 2299/1436/1430 2925/1435/1429 1404/1165/1160
f 1523/3044/3028 1432/146/146 2300/3472/3435
f 1523/3044/3028 2300/3472/3435 2902/513/513
f 2301/3621/176 520/3533/178 506/2071/2063
f 506/2071/2063 1984/3358/3325 2301/3621/176
f 126/2225/2215 1450/1915/1907 2302/1454/1448
f 171/1470/1464 126/2225/2215 2302/1454/1448
f 2303/709/708 2742/1087/1082 919/1086/1081
f 2303/709/708 919/1086/1081 1182/2281/2271
f 2151/1817/1810 286/1816/1809 2304/2537/2525
f 3468/2536/2524 286/1816/1809 660/2534/2522
f 985/919/916 2305/1944/1936 1536/917/914
f 2305/1944/1936 985/919/916 1961/3095/3075
f 2306/2547/2535 3291/1544/1538 675/2545/2533
f 317/2569/2556 2306/2547/2535 1559/2544/2532
f 1074/998/995 2307/2223/2213 2550/2665/2651
f 1074/998/995 2808/2221/2211 2307/2223/2213
f 1971/3320/3291 2308/994/991 1507/3321/3292
f 2308/994/991 631/993/990 1507/3321/3292
f 2039/305/305 1368/702/701 2309/3583/3403
f 1368/702/701 3495/631/631 2309/3583/3403
f 2860/3370/2859 2310/3651/2858 1759/2871/2857
f 1759/2871/2857 2310/3651/2858 817/2170/2160
f 2311/2726/2712 2269/3036/3020 1018/741/740
f 2745/588/588 2992/587/587 1018/741/740
f 1601/3415/3380 2312/3538/2903 1767/1282/1277
f 300/1391/1386 1767/1282/1277 2825/3602/3531
f 473/1969/1961 3465/1971/1963 2313/1972/1964
f 473/1969/1961 3357/1119/1114 1302/3389/3354
f 248/382/382 2314/3033/3017 2876/447/447
f 281/384/384 2367/535/535 248/382/382
f 123/1859/1852 416/1858/1851 2315/1319/1314
f 123/1859/1852 2315/1319/1314 1955/310/310
f 2316/1194/1189 3072/2098/2089 510/1109/1104
f 2316/1194/1189 510/1109/1104 3458/1111/1106
f 474/1422/1416 477/1974/1966 2317/1973/1965
f 2889/2553/2540 2355/1493/1487 474/1422/1416
f 750/2070/2062 2318/3200/3176 950/3067/3047
f 2318/3200/3176 2237/2023/2015 950/3067/3047
f 63/1233/1228 2002/1184/1179 2319/3609/3552
f 63/1233/1228 2319/3609/3552 1900/1234/1229
f 1466/2680/2666 330/2128/2118 2320/18/18
f 1466/2680/2666 2320/18/18 2591/2808/2794
f 3324/3636/3575 1546/3224/3200 640/730/729
f 640/730/729 2147/3416/3381 3324/3636/3575
f 2322/3205/3181 1552/16/16 2517/15/15
f 1402/1621/1615 3443/1620/1614 1399/3460/3423
f 2323/990/987 581/2279/2269 2670/2278/2268
f 581/2279/2269 2323/990/987 947/931/928
f 3054/1589/1583 1783/1590/1584 2324/3088/3068
f 2324/3088/3068 1783/1590/1584 2143/3587/3533
f 2061/624/624 1332/573/573 2325/622/622
f 3076/575/575 2325/622/622 1332/573/573
f 1290/755/754 234/2689/2675 2326/756/755
f 2818/3497/3460 234/2689/2675 2061/624/624
f 2327/1602/1596 558/2184/2174 418/44/44
f 2327/1602/1596 418/44/44 302/1865/1858
f 2328/968/965 177/1640/1634 1493/1639/1633
f 2450/1676/1670 2328/968/965 1493/1639/1633
f 671/2485/2474 643/988/985 2329/987/984
f 2329/987/984 1824/1975/1967 671/2485/2474
f 196/1129/1124 2330/2915/2900 2395/1130/1125
f 196/1129/1124 482/2875/2861 2812/3345/3314
f 160/3405/3370 2331/76/76 1308/75/75
f 160/3405/3370 1619/1699/1693 2331/76/76
f 2332/2475/2464 1326/909/906 1843/62/62
f 3097/2806/2792 1326/909/906 2332/2475/2464
f 180/874/871 2408/2934/2919 2333/1231/1226
f 1631/875/872 180/874/871 2333/1231/1226
f 3391/877/874 2334/142/142 2775/141/141
f 3428/2974/2958 138/1247/1242 2203/2981/2965
f 2335/278/278 1283/1395/1390 1798/1394/1389
f 2335/278/278 3193/3372/3337 1283/1395/1390
f 1715/1114/1109 177/1640/1634 2336/3004/2988
f 2336/3004/2988 177/1640/1634 2328/968/965
f 1583/388/388 2337/3531/3493 748/265/265
f 596/390/390 3341/2745/2731 1583/388/388
f 2398/3121/3099 2338/1275/1270 541/2857/2843
f 541/2857/2843 3082/2145/2135 2406/2858/2844
f 2339/801/800 3071/248/248 1511/2157/2147
f 1207/131/131 2339/801/800 1511/2157/2147
f 2340/1750/1743 406/659/659 377/1839/1832
f 2341/795/794 377/1839/1832 2701/960/957
f 3138/538/538 2341/795/794 3185/797/796
f 377/1839/1832 2341/795/794 2340/1750/1743
f 2273/2525/2513 3309/2527/2515 1704/2959/2943
f 1704/2959/2943 3309/2527/2515 1705/2983/2967
f 199/577/577 2005/2863/2849 2343/3153/3131
f 2005/2863/2849 1008/2530/2518 2343/3153/3131
f 2344/2833/2819 3435/3450/3413 306/2427/2417
f 2344/2833/2819 306/2427/2417 793/1548/1542
f 2345/345/345 1066/1500/1494 1080/1211/1206
f 1408/3210/3186 2662/2661/2647 3475/3212/3188
f 10/3513/3475 1617/2976/2960 2346/479/479
f 3440/191/191 2346/479/479 1617/2976/2960
f 2347/1970/1962 473/1969/1961 475/2970/2954
f 2347/1970/1962 3290/3023/3007 910/2178/2168
f 265/2299/2289 1385/234/234 2348/1141/1136
f 3275/3194/3171 2348/1141/1136 1385/234/234
f 3467/2052/2044 1632/1780/1773 2349/1538/1532
f 2349/1538/1532 500/1202/1197 3467/2052/2044
f 2350/1203/1198 922/1525/1519 2781/1201/1196
f 2350/1203/1198 500/1202/1197 2351/1537/1531
f 2351/1537/1531 922/1525/1519 2350/1203/1198
f 2881/3041/3025 922/1525/1519 2351/1537/1531
f 3240/3456/3419 2352/1759/1752 2027/1253/1248
f 2353/1941/1933 1392/3455/3418 462/1942/1934
f 2353/1941/1933 1393/512/512 2669/511/511
f 2669/511/511 1392/3455/3418 2353/1941/1933
f 1381/1061/1058 53/1797/1790 2354/312/312
f 1955/310/310 2354/312/312 2764/1767/1760
f 2355/1493/1487 1028/1012/1009 549/3231/3207
f 2355/1493/1487 2889/2553/2540 1028/1012/1009
f 2356/889/886 716/2667/2653 872/901/898
f 1557/2182/2172 2356/889/886 872/901/898
f 2357/3232/3208 1050/2053/2045 2097/1264/1259
f 2715/3192/3169 1050/2053/2045 2357/3232/3208
f 777/2650/2636 2358/879/876 2824/528/528
f 263/880/877 2358/879/876 777/2650/2636
f 2359/3355/3323 1656/2219/2209 1622/3354/3322
f 1251/2899/2884 1656/2219/2209 2359/3355/3323
f 2020/2719/2705 1539/111/111 2360/935/932
f 1839/110/110 2360/935/932 1539/111/111
f 2097/1264/1259 2361/3102/3082 190/2056/2048
f 190/2056/2048 2361/3102/3082 3385/3101/3081
f 2032/1952/1944 1468/852/849 2362/3485/3448
f 3177/872/869 3329/1954/1946 1468/852/849
f 1081/1773/1766 2363/3490/3453 1477/1774/1767
f 2363/3490/3453 384/1459/1453 1477/1774/1767
f 1436/362/362 2364/112/112 295/2602/2589
f 1436/362/362 2533/405/405 2364/112/112
f 3116/2989/2973 2365/423/423 5/430/430
f 2365/423/423 1204/412/412 5/430/430
f 2366/1393/1388 1211/2616/2602 1336/1280/1275
f 1336/1280/1275 300/1391/1386 2366/1393/1388
f 2769/534/534 2314/3033/3017 2367/535/535
f 2367/535/535 2314/3033/3017 248/382/382
f 2368/2892/2877 2367/535/535 281/384/384
f 2368/2892/2877 3036/3619/3561 1104/1898/1890
f 2369/136/136 2069/135/135 958/2468/2457
f 958/2468/2457 1068/3082/3062 2369/136/136
f 2777/457/457 2112/456/456 2370/2211/2201
f 2370/2211/2201 2416/3632/3572 2111/2212/2202
f 839/2910/2895 1458/3395/3360 2371/2210/2200
f 1458/3395/3360 2370/2211/2201 2371/2210/2200
f 2372/1717/1710 360/1719/1712 1040/2373/2363
f 3378/3178/3156 3230/3177/3155 1040/2373/2363
f 2373/1408/1402 579/3109/3089 1243/3111/444
f 186/2570/2557 579/3109/3089 2373/1408/1402
f 3282/3596/3542 2374/1138/1133 936/839/836
f 2374/1138/1133 1866/2494/2483 936/839/836
f 2375/1139/1134 2120/3123/3101 1603/2439/2429
f 2375/1139/1134 610/2371/2361 2120/3123/3101
f 2376/380/380 698/379/379 3421/2599/2586
f 1153/3643/3581 2219/2596/2583 2376/380/380
f 2377/2578/2565 1406/1380/1375 1022/3165/3143
f 1973/793/792 2377/2578/2565 1022/3165/3143
f 2378/2580/2567 688/1931/1923 2377/2578/2565
f 1148/893/890 688/1931/1923 2378/2580/2567
f 1882/185/185 1178/1905/1897 2379/186/186
f 2379/186/186 1178/1905/1897 993/3136/3114
f 1060/1619/1613 544/1331/1326 2380/2633/2619
f 1060/1619/1613 2380/2633/2619 3443/1620/1614
f 2381/822/819 2848/2389/2379 820/2391/2381
f 820/2391/2381 2105/2881/2867 2381/822/819
f 1463/3480/3443 3253/3481/3444 2382/2169/2159
f 2791/289/289 2382/2169/2159 498/290/290
f 2950/2002/1994 1430/3468/3431 2383/2003/1995
f 1430/3468/3431 1628/3135/3113 2383/2003/1995
f 2384/1238/1233 60/3269/3243 1252/2549/2536
f 2384/1238/1233 2846/1134/1129 60/3269/3243
f 1222/1029/1026 2385/2890/2876 2693/2889/2875
f 2213/1221/1216 2385/2890/2876 1222/1029/1026
f 2386/2445/2435 2400/3441/3404 2199/2269/2259
f 1594/2275/2265 2386/2445/2435 44/2273/2263
f 2406/2858/2844 2387/3464/3427 1401/2379/2369
f 2387/3464/3427 802/2856/2842 2712/3391/3356
f 1038/1363/1358 1039/3174/3152 2664/3606/3549
f 2664/3606/3549 356/1364/1359 1038/1363/1358
f 2389/1635/1629 990/2744/2730 2631/767/766
f 1913/230/230 990/2744/2730 2389/1635/1629
f 2390/1482/1476 2553/3496/3459 324/1629/1623
f 2390/1482/1476 324/1629/1623 2858/3494/3457
f 949/3068/3048 2237/2023/2015 2391/876/873
f 1872/3065/3045 2392/1241/1236 2391/876/873
f 492/1208/1203 949/3068/3048 2392/1241/1236
f 949/3068/3048 2391/876/873 2392/1241/1236
f 1019/1592/1586 1401/2379/2369 2393/1593/1587
f 2393/1593/1587 1401/2379/2369 2387/3464/3427
f 1375/2361/2351 2394/2444/2434 630/2362/2352
f 841/2914/2899 630/2362/2352 2395/1130/1125
f 630/2362/2352 2394/2444/2434 2395/1130/1125
f 2394/2444/2434 1968/1330/1325 3224/1296/1291
f 2396/3308/3279 584/1480/1474 578/1631/1625
f 3075/2266/2256 2248/2268/2258 2404/2270/2260
f 3594/3504/3467 2397/375/375 1880/2784/2770
f 2397/375/375 1647/372/372 1880/2784/2770
f 305/2381/2371 1423/3120/3098 2398/3121/3099
f 1346/2130/2120 2398/3121/3099 1423/3120/3098
f 2710/2761/2747 2399/3213/3189 1631/875/872
f 2399/3213/3189 1071/3066/3046 1631/875/872
f 96/2993/2977 2400/3441/3404 1594/2275/2265
f 2386/2445/2435 1594/2275/2265 2400/3441/3404
f 662/139/139 2401/3442/3405 1370/284/284
f 2401/3442/3405 2199/2269/2259 1370/284/284
f 578/1631/1625 574/2267/2257 2402/3652/3586
f 578/1631/1625 2402/3652/3586 2396/3308/3279
f 2242/3367/3334 645/2488/2477 2403/2490/2479
f 2242/3367/3334 2403/2490/2479 1273/1604/1598
f 2396/3308/3279 2404/2270/2260 3207/1017/1014
f 2404/2270/2260 2396/3308/3279 3075/2266/2256
f 2405/2106/2096 519/1529/1523 1948/940/937
f 2653/2108/2098 519/1529/1523 2405/2106/2096
f 2406/2858/2844 3082/2145/2135 802/2856/2842
f 2406/2858/2844 802/2856/2842 2387/3464/3427
f 1932/168/168 2407/167/167 408/3335/3304
f 3083/1701/1695 408/3335/3304 2407/167/167
f 180/874/871 1943/2933/2918 2408/2934/2919
f 1943/2933/2918 1867/1297/1292 2408/2934/2919
f 1038/1363/1358 98/1688/1682 2409/1686/1680
f 2409/1686/1680 98/1688/1682 368/1687/1681
f 2410/3541/3498 642/3598/3543 767/459/459
f 767/459/459 1880/2784/2770 2410/3541/3498
f 2411/1844/1837 2414/1690/1684 1871/1845/1838
f 368/1687/1681 2411/1844/1837 2407/167/167
f 2412/2733/2719 1900/1234/1229 1139/3252/3226
f 2412/2733/2719 1139/3252/3226 1131/3258/3232
f 2413/3243/3219 1110/231/231 1223/738/737
f 1110/231/231 2413/3243/3219 22/274/274
f 368/1687/1681 2414/1690/1684 2411/1844/1837
f 98/1688/1682 2414/1690/1684 368/1687/1681
f 2415/648/648 933/650/650 650/774/773
f 650/774/773 2129/205/205 2415/648/648
f 2416/3632/3572 2112/456/456 3307/2750/2736
f 2370/2211/2201 2112/456/456 2416/3632/3572
f 899/2199/2189 2417/2201/2191 24/3011/2995
f 2417/2201/2191 3365/3195/3172 2418/2204/2194
f 2418/2204/2194 1117/3245/3221 24/3011/2995
f 24/3011/2995 2417/2201/2191 2418/2204/2194
f 2419/471/471 1111/3183/3161 1802/3184/3162
f 1802/3184/3162 1787/1919/1911 2940/3204/3180
f 3078/2311/2301 3086/3139/3117 2420/1860/1853
f 2420/1860/1853 2647/2312/2302 3078/2311/2301
f 2421/1980/1972 465/1950/1942 3572/1427/1421
f 812/1949/1941 2422/1948/1940 2421/1980/1972
f 1663/1951/1943 465/1950/1942 2422/1948/1940
f 2421/1980/1972 2422/1948/1940 465/1950/1942
f 1201/1594/1588 43/2703/2689 2423/1290/1285
f 3121/2704/2690 602/3301/3272 2423/1290/1285
f 2424/1453/1447 1501/1497/1491 813/1471/1465
f 813/1471/1465 2302/1454/1448 2424/1453/1447
f 2425/1382/1377 1756/1934/1926 166/2486/2475
f 2425/1382/1377 2513/1356/1351 453/1358/1353
f 1307/2243/2233 1192/2571/2558 2426/13/13
f 753/48/48 2426/13/13 1192/2571/2558
f 2427/3394/3359 1349/3426/3391 2687/1697/1691
f 3576/3406/3371 1321/1709/1703 1260/1707/1701
f 2428/3329/3298 903/2788/2774 1437/3020/3004
f 3583/2480/2469 1437/3020/3004 641/2481/2470
f 2429/593/593 2735/3408/3373 277/1269/1264
f 2429/593/593 277/1269/1264 2828/594/594
f 2430/506/506 745/2988/2972 3303/2737/2723
f 1954/2741/2727 2598/431/431 2430/506/506
f 2431/2319/2309 1310/1872/1864 2077/3396/3361
f 2760/1871/1863 1310/1872/1864 2431/2319/2309
f 1486/2503/2492 973/3100/3080 2432/2320/2310
f 2431/2319/2309 1486/2503/2492 2432/2320/2310
f 396/1321/1316 2433/1811/1804 1460/241/241
f 1014/1812/1805 2433/1811/1804 3273/1809/1802
f 39/2375/2365 2434/3057/3037 1360/2374/2364
f 2434/3057/3037 611/628/628 2747/3027/3011
f 2435/2906/2891 1820/1891/1883 434/1890/1882
f 1924/3589/3535 2435/2906/2891 434/1890/1882
f 2436/1702/1696 3083/1701/1695 877/172/172
f 2726/2991/2975 2436/1702/1696 877/172/172
f 91/267/267 877/172/172 2437/2176/2166
f 2437/2176/2166 72/268/268 91/267/267
f 103/1414/1408 2438/3469/3432 1628/3135/3113
f 2438/3469/3432 103/1414/1408 174/2005/1997
f 554/1438/1432 2439/682/682 2040/2179/2169
f 1220/1437/1431 2439/682/682 554/1438/1432
f 2335/278/278 1798/1394/1389 2440/276/276
f 3267/1079/1074 1798/1394/1389 90/1077/1072
f 2441/3333/3302 552/277/277 2437/2176/2166
f 2011/2175/2165 552/277/277 2441/3333/3302
f 484/3201/3177 2442/3388/3353 1300/1413/1407
f 2177/2006/1998 1300/1413/1407 2442/3388/3353
f 2443/2290/2280 725/1553/1547 1389/2164/2154
f 725/1553/1547 2443/2290/2280 786/2289/2279
f 2444/1733/1726 357/1467/1461 156/1469/1463
f 2444/1733/1726 156/1469/1463 461/1678/1672
f 1762/2329/2319 1291/281/281 2445/2330/2320
f 1291/281/281 727/574/574 2445/2330/2320
f 2446/109/109 2047/1922/1914 1981/1236/1231
f 1981/1236/1231 1839/110/110 2446/109/109
f 1899/245/245 2447/2931/2916 1447/180/180
f 2447/2931/2916 1899/245/245 848/244/244
f 1449/544/544 2448/626/626 922/1525/1519
f 1606/543/543 2448/626/626 1449/544/544
f 332/1673/1667 373/1638/1632 2449/200/200
f 332/1673/1667 2449/200/200 346/1674/1668
f 346/1674/1668 2450/1676/1670 1493/1639/1633
f 2449/200/200 2450/1676/1670 346/1674/1668
f 1121/35/35 1115/37/37 2451/3031/3015
f 2451/3031/3015 1115/37/37 441/1033/1030
f 226/2195/2185 490/1048/1045 2452/1047/1044
f 2452/1047/1044 1885/3508/3471 226/2195/2185
f 1977/3439/3402 952/820/817 2453/2813/2799
f 2453/2813/2799 2274/2588/2575 1977/3439/3402
f 2454/3393/3358 1349/3426/3391 2427/3394/3359
f 1349/3426/3391 2731/3635/3574 2127/3425/3390
f 2455/655/655 1093/656/656 1369/1542/1536
f 1369/1542/1536 310/418/418 2455/655/655
f 307/2631/2617 803/2778/2764 2456/714/713
f 307/2631/2617 2456/714/713 2235/2632/2618
f 2457/3017/3001 899/2199/2189 2520/3012/2996
f 2458/526/526 2457/3017/3001 2675/2425/2415
f 2458/526/526 1778/2200/2190 899/2199/2189
f 2457/3017/3001 2458/526/526 899/2199/2189
f 2793/2166/2156 313/925/922 2459/1386/1381
f 2259/1615/1609 2459/1386/1381 313/925/922
f 2460/690/690 942/1996/1988 1938/1998/1990
f 1938/1998/1990 489/2016/2008 2460/690/690
f 2461/3093/3073 967/3127/3105 986/147/147
f 1393/512/512 967/3127/3105 2461/3093/3073
f 84/1158/1153 2462/1016/1013 1856/3378/3343
f 2462/1016/1013 84/1158/1153 1860/1014/1011
f 524/1878/1870 426/1885/1877 2463/1874/1866
f 426/1885/1877 449/1875/1867 2463/1874/1866
f 729/2692/2678 2464/1600/1594 1445/1866/1859
f 2327/1602/1596 1445/1866/1859 2464/1600/1594
f 202/1375/1370 860/896/893 2465/2960/2944
f 2680/1508/1502 3150/2315/2305 202/1375/1370
f 2466/1081/1076 511/1083/1078 801/1127/1122
f 494/1126/1121 2467/2027/2019 801/1127/1122
f 2467/2027/2019 2567/2855/2841 2466/1081/1076
f 801/1127/1122 2467/2027/2019 2466/1081/1076
f 1078/1506/1500 2468/435/435 1230/1515/1509
f 3261/436/436 1230/1515/1509 2468/435/435
f 3004/2288/2278 143/1200/1195 2469/2286/2276
f 2469/2286/2276 143/1200/1195 3195/2287/2277
f 1330/758/757 2284/791/790 2470/3073/3053
f 2470/3073/3053 2042/3411/3376 1330/758/757
f 1315/2950/2935 29/1491/1485 2471/2953/2938
f 29/1491/1485 1277/2301/2291 2471/2953/2938
f 1974/2434/2424 1098/2438/2428 2472/3235/3211
f 3136/2437/2427 3132/3052/3032 1098/2438/2428
f 1199/279/279 2473/1609/1603 1382/3452/3415
f 3152/2845/2831 2473/1609/1603 2201/2846/2832
f 2474/1472/1466 513/2091/2083 54/1430/1424
f 54/1430/1424 2060/1429/1423 2474/1472/1466
f 2475/3369/3336 163/269/269 3233/2909/2894
f 818/2874/2860 2860/2873/2859 2476/2432/2422
f 3233/3353/2894 2476/2432/2422 2475/3653/3336
f 1282/651/651 1691/653/653 2476/2432/2422
f 1574/3221/3197 1085/1136/1131 2477/1090/1085
f 1574/3221/3197 2477/1090/1085 1814/1263/1258
f 2478/2924/2909 1238/3342/3311 3175/1251/1246
f 1238/3342/3311 2478/2924/2909 653/2923/2908
f 521/1431/1425 2479/1218/1213 493/1220/1215
f 521/1431/1425 383/3466/3429 2479/1218/1213
f 383/3466/3429 2480/1782/1775 2479/1218/1213
f 2481/1781/1774 3238/3625/3566 2480/1782/1775
f 2481/1781/1774 383/3466/3429 64/1769/1762
f 383/3466/3429 2481/1781/1774 2480/1782/1775
f 2482/2652/2638 1051/1124/1119 1052/2653/2639
f 3002/1125/1120 1051/1124/1119 2482/2652/2638
f 2483/3289/3260 1716/246/246 1899/245/245
f 3212/55/55 2483/3289/3260 3361/3288/3259
f 2484/1051/1048 9/2482/2471 1650/2483/2472
f 3170/331/331 2484/1051/1048 1650/2483/2472
f 3463/2700/2686 731/102/102 2485/2698/2684
f 1526/101/101 2485/2698/2684 731/102/102
f 2638/438/438 742/2729/2715 2486/3042/3026
f 2486/3042/3026 742/2729/2715 2045/2728/2714
f 2487/1879/1871 69/957/954 2266/1888/1880
f 2487/1879/1871 3345/958/955 69/957/954
f 2937/2090/2082 2474/1472/1466 2488/3486/3449
f 3241/3648/3583 1470/1188/1183 2488/3486/3449
f 106/1167/1162 2489/1704/1698 1983/1706/1700
f 106/1167/1162 3087/2099/2090 2489/1704/1698
f 3498/3007/2991 2490/2523/2511 892/3006/2990
f 2490/2523/2511 656/749/748 892/3006/2990
f 3237/415/415 2491/1371/1366 834/416/416
f 2877/3058/3038 2491/1371/1366 3237/415/415
f 240/183/183 972/46/46 2492/1763/1756
f 2492/1763/1756 2280/184/184 240/183/183
f 2493/2294/2284 2467/2027/2019 1011/2026/2018
f 495/2032/2024 2493/2294/2284 1011/2026/2018
f 560/58/58 1508/2757/2743 2494/2756/2742
f 753/48/48 2494/2756/2742 1508/2757/2743
f 1293/2022/2014 2495/3380/3345 2750/2581/2568
f 3336/2019/2011 1554/1100/1095 290/1099/1094
f 2496/2205/2195 735/2712/2698 3528/3171/3149
f 563/788/787 3033/2908/2893 2496/2205/2195
f 1275/1563/1557 1005/2388/2378 2497/2879/2865
f 2105/2881/2867 2497/2879/2865 3568/3152/3130
f 1559/2544/2532 2498/641/641 2455/655/655
f 2748/639/639 2498/641/641 1559/2544/2532
f 2499/640/640 1093/656/656 2498/641/641
f 2499/640/640 1804/3157/3135 1093/656/656
f 700/2606/2593 2578/2608/2595 2500/2611/2598
f 2500/2611/2598 1738/249/249 700/2606/2593
f 3395/1568/1562 2501/3113/3091 1634/2696/2682
f 2501/3113/3091 2272/3295/3266 1634/2696/2682
f 2986/2848/2834 928/2636/2622 2502/2849/2835
f 1847/843/840 3337/845/842 928/2636/2622
f 2503/3286/3257 3372/2752/2738 2111/2212/2202
f 3371/3654/3587 2896/3287/3258 2504/3317/3288
f 2954/1105/1100 2504/3317/3288 2146/729/728
f 3371/3654/3587 2504/3317/3288 2954/1105/1100
f 1027/1840/1833 2505/486/486 259/1752/1745
f 2505/486/486 1506/488/488 259/1752/1745
f 797/20/20 2506/1170/1165 1520/2841/2827
f 2506/1170/1165 797/20/20 798/1168/1163
f 2507/2969/2953 1302/3389/3354 866/984/981
f 2507/2969/2953 866/984/981 3256/986/983
f 2508/1023/1020 1241/3344/3313 1620/2357/2347
f 61/936/933 1241/3344/3313 2508/1023/1020
f 1259/2440/2430 3024/519/519 2509/518/518
f 2509/518/518 1866/2494/2483 1259/2440/2430
f 2510/2370/2360 1040/2373/2363 3260/3122/3100
f 2510/2370/2360 3378/3178/3156 1040/2373/2363
f 1163/921/918 1556/914/911 2511/923/920
f 1167/551/551 2511/923/920 1556/914/911
f 653/2923/2908 2512/2513/2502 1462/51/51
f 2512/2513/2502 1048/2414/2404 1462/51/51
f 2425/1382/1377 166/2486/2475 2513/1356/1351
f 643/988/985 2513/1356/1351 166/2486/2475
f 1490/866/863 2514/3338/3307 3115/2895/2880
f 1227/1893/1885 2514/3338/3307 946/224/224
f 1227/1893/1885 2515/2894/2879 2514/3338/3307
f 1227/1893/1885 2614/2893/2878 2515/2894/2879
f 1225/3336/3305 2516/3078/3058 2723/2133/2123
f 748/265/265 538/264/264 2516/3078/3058
f 2517/15/15 1399/3460/3423 2322/3205/3181
f 1399/3460/3423 2517/15/15 2113/2146/2136
f 2518/1293/1288 1081/1773/1766 363/1302/1297
f 363/1302/1297 1725/897/894 2518/1293/1288
f 2519/1580/1574 3373/2402/2392 271/1579/1573
f 2519/1580/1574 295/2602/2589 1600/3390/3355
f 3444/3018/3002 2520/3012/2996 894/4/4
f 894/4/4 2520/3012/2996 24/3011/2995
f 1435/2940/2925 2521/1564/1558 3201/2843/2829
f 1435/2940/2925 1474/2327/2317 2521/1564/1558
f 3301/2416/2406 1087/2415/2405 2522/2963/2947
f 3020/1322/1317 2522/2963/2947 1087/2415/2405
f 1090/3228/3204 2523/3552/3504 1640/703/702
f 2523/3552/3504 3316/704/703 1640/703/702
f 2524/613/613 1810/2948/2933 51/2946/2931
f 51/2946/2931 853/2943/2928 2524/613/613
f 2066/2492/2481 1264/2491/2480 2525/2356/2346
f 606/251/251 2525/2356/2346 1264/2491/2480
f 2526/3398/3363 1396/665/665 1314/1062/1059
f 1314/1062/1059 1285/293/293 2526/3398/3363
f 39/2375/2365 2527/2922/2907 2434/3057/3037
f 39/2375/2365 1845/910/907 2527/2922/2907
f 608/686/686 2157/2365/2355 2528/1003/1000
f 2528/1003/1000 2157/2365/2355 3175/1251/1246
f 2529/3423/3388 1344/1212/1207 2190/1254/1249
f 1344/1212/1207 2832/1728/1721 3042/1730/1723
f 3258/3164/3142 1504/376/376 2530/143/143
f 2530/143/143 2829/145/145 1021/468/468
f 2531/2810/2796 2284/791/790 23/760/759
f 2531/2810/2796 23/760/759 3286/2812/2798
f 2532/1479/1473 2041/2768/2754 462/1942/1934
f 2983/3362/3329 2041/2768/2754 2532/1479/1473
f 2364/112/112 2533/405/405 1502/113/113
f 2533/405/405 1200/1192/1187 1502/113/113
f 3494/3386/3351 787/182/182 2534/385/385
f 2534/385/385 787/182/182 1092/386/386
f 2535/39/39 172/311/311 403/1820/1813
f 3223/3451/3414 172/311/311 2535/39/39
f 454/1406/1400 2980/1661/1655 2536/2048/2040
f 2536/2048/2040 904/1932/1924 3476/1937/1929
f 2537/1961/1953 471/1959/1951 117/1962/1954
f 2537/1961/1953 2945/1978/1970 471/1959/1951
f 2538/1298/1293 2088/3374/3339 271/1579/1573
f 1285/293/293 2088/3374/3339 2538/1298/1293
f 1408/3210/3186 2539/727/726 1067/3211/3187
f 2539/727/726 271/1579/1573 1067/3211/3187
f 716/2667/2653 1237/2455/2444 2540/891/888
f 1237/2455/2444 2007/892/889 2540/891/888
f 2541/3655/2221 570/3271/3245 575/2426/2416
f 2541/2231/2221 2542/2254/2244 149/3097/3077
f 625/2258/2248 2542/2254/2244 575/3646/2416
f 2541/2231/2221 575/3646/2416 2542/2254/2244
f 3482/578/578 2543/981/978 1452/238/238
f 2543/981/978 580/239/239 1452/238/238
f 3029/934/931 2544/3117/3095 2172/832/829
f 2544/3117/3095 766/2190/2180 2170/2780/2766
f 99/1025/1022 429/1887/1879 2545/840/837
f 71/842/839 99/1025/1022 2545/840/837
f 1438/2185/2175 2054/2802/2788 2546/2803/2789
f 2546/2803/2789 2054/2802/2788 2965/45/45
f 2547/1658/1652 171/1470/1464 175/508/508
f 2182/1657/1651 171/1470/1464 2547/1658/1652
f 2072/1219/1214 2548/1863/1856 1226/1273/1268
f 1226/1273/1268 3581/3337/3306 1194/1216/1211
f 1032/2206/2196 2549/1005/1002 3101/1004/1001
f 1032/2206/2196 2268/1796/1789 2549/1005/1002
f 2550/2665/2651 2084/1835/1828 715/634/634
f 2084/1835/1828 2550/2665/2651 1248/2664/2650
f 2551/3172/3150 1887/1452/1446 1619/1699/1693
f 1039/3174/3152 1887/1452/1446 2551/3172/3150
f 35/735/734 1850/847/844 2552/3641/2442
f 2552/3641/2442 1850/847/844 2208/868/865
f 2390/1482/1476 2051/3190/3167 2553/3496/3459
f 2051/3190/3167 573/2249/2239 2553/3496/3459
f 3488/2154/2144 1202/2884/2870 2554/2152/2142
f 1202/2884/2870 822/2610/2597 3541/2886/2872
f 2554/2152/2142 2555/3316/3287 543/1450/1444
f 1202/2884/2870 2555/3316/3287 2554/2152/2142
f 559/902/899 1367/890/887 2556/2187/2177
f 559/902/899 2556/2187/2177 2241/3096/3076
f 3304/2064/2056 1927/2063/2055 883/963/960
f 883/963/960 3578/962/959 2558/2117/2107
f 2702/242/242 2557/2999/2983 2558/2117/2107
f 2558/2117/2107 3304/2064/2056 883/963/960
f 1192/2571/2558 2559/2573/2560 572/49/49
f 991/2293/2283 3550/2292/2282 2559/2573/2560
f 2018/2337/2327 732/1531/1525 2560/307/307
f 732/1531/1525 297/308/308 2560/307/307
f 1043/1614/1608 1830/3368/3335 2561/2159/2149
f 1830/3368/3335 2247/2160/2150 2561/2159/2149
f 569/2229/2219 1834/2257/2247 2562/2227/2217
f 701/819/816 3584/821/818 1834/2257/2247
f 415/1121/1116 2563/84/84 155/199/199
f 1868/85/85 2563/84/84 415/1121/1116
f 2438/3469/3432 2564/2011/2003 1265/2708/2694
f 2739/2010/2002 1265/2708/2694 2564/2011/2003
f 3034/1514/1508 12/1034/1031 2565/1351/1346
f 977/3108/3088 2565/1351/1346 1944/991/988
f 217/676/676 2209/2791/2777 2566/2790/2776
f 2766/2050/2042 3189/677/677 217/676/676
f 2567/2855/2841 1728/2854/2840 48/2181/2171
f 1728/2854/2840 2567/2855/2841 2467/2027/2019
f 2568/221/221 3211/3447/3410 632/3500/3463
f 696/2449/2439 2568/221/221 632/3500/3463
f 2569/2487/2476 3123/1990/1982 644/2497/2486
f 2569/2487/2476 644/2497/2486 2202/514/514
f 2570/563/563 1870/3084/3064 960/3161/3139
f 1870/3084/3064 2570/563/563 2767/3563/3514
f 2571/332/332 2826/525/525 2109/333/333
f 3365/3195/3172 2417/2201/2191 1778/2200/2190
f 2572/2467/2456 18/2465/2454 1602/2470/2459
f 3104/323/323 2572/2467/2456 2926/2466/2455
f 2573/2955/2940 913/166/166 1102/2461/2450
f 913/166/166 2573/2955/2940 1833/164/164
f 1221/2687/2673 1114/3182/3160 2574/2462/2451
f 2998/254/254 1114/3182/3160 326/3181/3159
f 2575/2956/2941 1102/2461/2450 2870/253/253
f 2573/2955/2940 1102/2461/2450 2575/2956/2941
f 3298/3431/3394 2576/1123/1118 1351/3430/3393
f 1351/3430/3393 2576/1123/1118 1622/3354/3322
f 1239/2753/2739 2577/612/612 752/2191/2181
f 2073/2755/2741 2577/612/612 1239/2753/2739
f 1366/2137/2127 539/2609/2596 2578/2608/2595
f 2500/2611/2598 2578/2608/2595 539/2609/2596
f 2514/3338/3307 2579/3059/3039 946/224/224
f 2200/2376/2366 946/224/224 2579/3059/3039
f 2580/2657/2643 1162/2310/2300 2238/3280/3251
f 1162/2310/2300 2580/2657/2643 3306/2659/2645
f 1751/3313/3284 1346/2130/2120 2581/3114/3092
f 3393/3116/3094 1751/3313/3284 2581/3114/3092
f 1080/1211/1206 2582/1925/1917 595/346/346
f 2582/1925/1917 1080/1211/1206 257/3217/3193
f 2583/1455/1449 1343/3422/3387 2913/3427/3392
f 2529/3423/3388 1343/3422/3387 2583/1455/1449
f 2721/1373/1368 3128/1063/1060 2584/151/151
f 2584/151/151 114/150/150 285/547/547
f 983/2372/2362 2585/2711/2697 2120/3123/3101
f 1061/922/919 2585/2711/2697 2946/920/917
f 1603/2439/2429 2585/2711/2697 2586/2710/2696
f 1603/2439/2429 2586/2710/2696 2587/3539/3496
f 2587/3539/3496 89/2441/2431 1603/2439/2429
f 3026/2442/2432 89/2441/2431 3025/2709/2695
f 2973/3260/3234 3580/402/402 2588/2347/2337
f 639/2346/2336 2973/3260/3234 2588/2347/2337
f 2589/942/939 233/3614/3556 1948/940/937
f 2589/942/939 2588/2347/2337 3580/402/402
f 3220/1108/1103 2590/1107/1102 12/1034/1031
f 1766/1352/1347 12/1034/1031 2590/1107/1102
f 270/2681/2667 1466/2680/2666 2591/2808/2794
f 1679/2386/2376 3057/3325/3294 2592/2385/2375
f 2591/2808/2794 2592/2385/2375 3057/3325/3294
f 781/2061/2053 2592/2385/2375 2591/2808/2794
f 1789/2746/2732 749/144/144 2593/2747/2733
f 749/144/144 2530/143/143 2593/2747/2733
f 1437/3020/3004 634/2454/2443 2594/1869/1861
f 634/2454/2443 761/2775/2761 2594/1869/1861
f 761/2775/2761 634/2454/2443 2595/1882/1874
f 2595/1882/1874 423/592/592 761/2775/2761
f 1580/812/811 514/2094/2085 2596/2073/2065
f 2596/2073/2065 514/2094/2085 3518/2096/2087
f 875/2739/2725 1616/2736/2722 2597/2987/2971
f 875/2739/2725 2597/2987/2971 5/430/430
f 2598/431/431 745/2988/2972 2430/506/506
f 2598/431/431 2597/2987/2971 745/2988/2972
f 1861/117/117 2985/116/116 2599/3599/3544
f 3473/781/780 568/3521/3483 1861/117/117
f 2600/2125/2115 1606/543/543 331/1582/1576
f 1606/543/543 3244/2129/2119 722/627/627
f 3217/870/867 2601/3477/3440 1454/3332/3301
f 2601/3477/3440 152/3331/3300 1454/3332/3301
f 384/1459/1453 2602/1458/1452 1454/3332/3301
f 1454/3332/3301 2602/1458/1452 3217/870/867
f 2603/3424/3389 1240/2646/2632 3479/2607/2594
f 303/2138/2128 2136/3115/3093 2603/3424/3389
f 2748/639/639 2604/2543/2531 670/2566/2553
f 3439/2551/2538 3530/2552/2539 682/258/258
f 716/2667/2653 2605/2668/2654 3161/2456/2445
f 1216/2670/2656 2893/3328/3297 770/3008/2992
f 3122/2705/2691 1965/31/31 1311/2343/2333
f 2609/3656/3588 1965/31/31 2607/3141/3119
f 2607/3141/3119 2606/3617/3559 996/2702/2688
f 3122/2705/2691 2607/3141/3119 1965/31/31
f 1353/3140/3118 995/29/29 2608/1530/1524
f 2608/1530/1524 2609/3656/3588 2607/3141/3119
f 1965/31/31 2609/3656/3588 995/29/29
f 995/29/29 2609/3656/3588 2608/1530/1524
f 938/408/408 47/3248/3222 2610/118/118
f 938/408/408 2610/118/118 1861/117/117
f 2611/723/722 1689/3566/3517 444/1110/1105
f 3327/1756/1749 3455/1917/1909 444/1110/1105
f 3562/3642/3580 2612/3375/3340 1529/2821/2807
f 2612/3375/3340 2510/2370/2360 1529/2821/2807
f 2613/632/632 76/2587/2574 3061/2589/2576
f 1368/702/701 2802/304/304 2613/632/632
f 2614/2893/2878 1227/1893/1885 827/226/226
f 2614/2893/2878 2691/533/533 2368/2892/2877
f 2615/912/909 487/3134/3112 88/913/910
f 2615/912/909 2383/2003/1995 487/3134/3112
f 2616/1334/1329 341/1248/1243 1413/1933/1925
f 2616/1334/1329 1821/1249/1244 341/1248/1243
f 1532/850/847 1805/955/952 2617/3503/3466
f 1805/955/952 2953/954/951 2617/3503/3466
f 336/854/851 2618/1113/1108 2086/1651/1645
f 2711/1654/1648 1661/1652/1646 2086/1651/1645
f 2619/3168/3146 392/3167/3145 2549/1005/1002
f 1629/1792/1785 392/3167/3145 2619/3168/3146
f 2281/2860/2846 2620/271/271 609/2366/2356
f 1521/272/272 2620/271/271 2281/2860/2846
f 1551/857/854 833/2517/2505 2621/2518/2506
f 2621/2518/2506 833/2517/2505 62/320/320
f 83/321/321 62/320/320 2622/3657/693
f 2623/2516/630 62/320/320 833/2517/2505
f 2623/2516/630 2622/3657/693 62/320/320
f 2623/630/630 1978/3620/3562 2622/693/693
f 1541/2226/2216 2624/2230/2220 2562/2227/2217
f 1541/2226/2216 568/3521/3483 2624/2230/2220
f 2621/2518/2506 2625/2902/2887 1551/857/854
f 890/644/644 1551/857/854 2625/2902/2887
f 3244/2129/2119 330/2128/2118 2626/2679/2665
f 2626/2679/2665 330/2128/2118 1466/2680/2666
f 2627/908/905 779/3350/3319 1245/3349/3318
f 779/3350/3319 2627/908/905 1845/910/907
f 3582/2037/2029 2628/161/161 3015/163/163
f 2628/161/161 3582/2037/2029 3270/1180/1175
f 2629/792/791 188/794/793 477/1974/1966
f 465/1950/1942 2629/792/791 3572/1427/1421
f 562/2240/2230 1758/2236/2226 2630/3580/3530
f 2630/3580/3530 1758/2236/2226 2798/3242/3218
f 3225/3484/3447 534/2834/2820 2631/767/766
f 2389/1635/1629 2631/767/766 534/2834/2820
f 2043/1383/1378 513/2091/2083 2632/1187/1182
f 2632/1187/1182 1572/1189/1184 2043/1383/1378
f 2633/1788/1781 1803/2080/2072 38/1790/1783
f 2633/1788/1781 2836/1787/1780 1803/2080/2072
f 2634/3144/3122 998/662/662 2021/1823/1816
f 2634/3144/3122 2021/1823/1816 2633/1788/1781
f 1801/770/769 2735/3408/3373 2635/3304/3275
f 1801/770/769 2635/3304/3275 380/771/770
f 1181/3302/3273 2635/3304/3275 2636/1570/1564
f 1181/3302/3273 2636/1570/1564 1962/1761/1754
f 1724/1927/1919 2780/3628/3568 2637/437/437
f 2637/437/437 413/1825/1818 1724/1927/1919
f 2638/438/438 2637/437/437 923/1348/1343
f 742/2729/2715 2638/438/438 923/1348/1343
f 1685/904/901 66/903/900 2639/1199/1194
f 2684/1250/1245 2070/1197/1192 2639/1199/1194
f 3490/298/298 895/2479/2468 2640/299/299
f 895/2479/2468 3586/3014/2998 2640/299/299
f 846/3615/3557 2641/247/247 1591/2885/2871
f 2641/247/247 846/3615/3557 3071/248/248
f 2039/305/305 1065/2339/2329 2642/3209/3185
f 1065/2339/2329 2019/2921/2906 2642/3209/3185
f 724/2828/2814 2110/3227/3203 2643/2685/2671
f 2110/3227/3203 2916/3229/3205 2643/2685/2671
f 920/3040/3024 1892/2801/2787 2644/1572/1566
f 776/1573/1567 2644/1572/1566 1892/2801/2787
f 1376/1160/1155 2645/2765/2751 756/3446/3409
f 1376/1160/1155 1998/2762/2748 2645/2765/2751
f 483/357/357 986/147/147 2646/3553/3505
f 986/147/147 967/3127/3105 2915/3128/3106
f 1768/3277/3248 2647/2312/2302 1769/1768/1761
f 2420/1860/1853 1769/1768/1761 2647/2312/2302
f 227/3063/3043 2648/3064/3044 1479/1011/1008
f 2648/3064/3044 948/3062/3042 3164/1002/999
f 2225/2804/2790 2649/548/548 3047/2805/2791
f 2649/548/548 285/547/547 114/150/150
f 3279/3658/120 354/3659/1068 2650/2171/2161
f 1848/3597/706 2727/2173/2163 354/3659/1068
f 1763/1362/1357 2651/1360/1355 1034/1936/1928
f 2787/1361/1356 2651/1360/1355 1763/1362/1357
f 1940/745/744 86/2105/2095 2652/2832/2818
f 2653/2108/2098 86/2105/2095 519/1529/1523
f 2653/2108/2098 2652/2832/2818 86/2105/2095
f 1280/2107/2097 2652/2832/2818 2653/2108/2098
f 1601/3415/3380 2655/1281/1276 2654/3574/3525
f 2654/3574/3525 1710/395/395 2845/3573/3524
f 1710/395/395 2655/1281/1276 702/393/393
f 2655/1281/1276 1710/395/395 2654/3574/3525
f 2656/3000/2984 884/2995/2979 2258/2972/2956
f 880/2997/2981 884/2995/2979 2656/3000/2984
f 2657/607/607 585/1135/1130 3570/1137/1132
f 585/1135/1130 2657/607/607 2217/1026/1023
f 2657/607/607 41/609/609 2658/1027/1024
f 2035/861/858 2658/1027/1024 41/609/609
f 765/2189/2179 2659/2781/2767 2170/2780/2766
f 765/2189/2179 1299/2782/2768 2659/2781/2767
f 2660/3453/3416 2247/2160/2150 1386/2754/2740
f 2660/3453/3416 955/57/57 2661/493/493
f 2660/3453/3416 2661/493/493 2247/2160/2150
f 2661/493/493 2703/2158/2148 2247/2160/2150
f 2662/2661/2647 1066/1500/1494 3475/3212/3188
f 1066/1500/1494 2662/2661/2647 1304/465/465
f 2663/1513/1507 2014/1749/1742 342/1748/1741
f 2938/325/325 342/1748/1741 2214/326/326
f 2388/3173/3151 2664/3606/3549 2551/3172/3150
f 2388/3173/3151 356/1364/1359 2664/3606/3549
f 1155/3356/3244 2665/2548/1128 2287/1177/1172
f 2665/1133/1128 1155/3270/3244 2846/1134/1129
f 1818/2864/2850 2666/2977/2961 815/2979/2963
f 1004/2978/2962 2666/2977/2961 1818/2864/2850
f 2667/122/122 407/1505/1499 1897/1843/1836
f 407/1505/1499 2667/122/122 183/1801/1794
f 1793/124/124 2668/1800/1793 2667/122/122
f 2976/2119/2109 2668/1800/1793 1793/124/124
f 2352/1759/1752 2669/511/511 2902/513/513
f 2352/1759/1752 3240/3456/3419 2669/511/511
f 2670/2278/2268 977/3108/3088 1944/991/988
f 2323/990/987 2670/2278/2268 1944/991/988
f 2089/2153/2143 2671/1449/1443 2090/3296/3267
f 543/1450/1444 2671/1449/1443 2089/2153/2143
f 2672/859/856 3040/3604/3547 1851/1851/1844
f 2672/859/856 3510/3660/2303 593/1868/1676
f 871/1314/1309 2673/194/194 486/2041/2033
f 2673/194/194 3445/2039/2031 486/2041/2033
f 2066/2492/2481 1041/3180/3158 2674/2353/2343
f 2674/2353/2343 1041/3180/3158 1195/3179/3157
f 2675/2425/2415 1236/2424/2414 791/2826/2812
f 2675/2425/2415 791/2826/2812 1777/524/524
f 734/550/550 2587/3539/3496 2676/3206/3182
f 734/550/550 2676/3206/3182 1167/551/551
f 2677/341/341 403/1820/1813 1737/1832/1825
f 2137/1821/1814 403/1820/1813 2677/341/341
f 2678/3519/3481 149/3097/3077 1535/322/322
f 2541/2231/2221 149/3097/3077 2958/2232/2222
f 2679/3661/2223 570/3271/3245 2541/3655/2221
f 1156/3275/2229 570/3271/3245 2679/3661/2223
f 2680/1508/1502 202/1375/1370 2465/2960/2944
f 2465/2960/2944 2435/2906/2891 2680/1508/1502
f 2681/2448/2438 2850/3650/3585 609/2366/2356
f 1659/3633/3573 3211/3447/3410 181/3448/3411
f 962/32/32 239/3106/3086 3312/33/33
f 3313/3107/3087 239/3106/3086 1569/2057/2049
f 2683/3137/3115 962/32/32 1707/3300/3271
f 2683/3137/3115 1707/3300/3271 2379/186/186
f 2684/1250/1245 66/903/900 120/905/902
f 2684/1250/1245 2639/1199/1194 66/903/900
f 2685/1306/1301 1170/1989/1981 480/1986/1978
f 480/1986/1978 1684/1985/1977 2795/2004/1996
f 2686/2550/2537 241/212/212 385/3575/3526
f 1959/2563/2550 2686/2550/2537 385/3575/3526
f 2687/1697/1691 353/1698/1692 1321/1709/1703
f 1321/1709/1703 2427/3394/3359 2687/1697/1691
f 623/2417/2407 2920/1390/1385 2688/3662/3589
f 2688/3662/3589 3398/2418/2408 623/2417/2407
f 2689/2947/2932 51/2946/2931 2901/3341/3310
f 2245/453/453 3037/1518/1512 854/454/454
f 2690/1013/1010 186/2570/2557 683/202/202
f 2690/1013/1010 1023/989/986 186/2570/2557
f 2691/533/533 2614/2893/2878 827/226/226
f 827/226/226 11/576/576 2691/533/533
f 2692/2087/2079 1877/2077/2069 1822/2076/2068
f 1821/1249/1244 2692/2087/2079 1822/2076/2068
f 2693/2889/2875 150/2888/2874 823/2887/2873
f 2234/1030/1027 2693/2889/2875 3180/1345/1340
f 49/1045/1042 3229/1881/1873 2694/1024/1021
f 2694/1024/1021 1636/817/814 49/1045/1042
f 2695/2018/2010 2694/1024/1021 71/842/839
f 2695/2018/2010 71/842/839 168/1049/1046
f 1140/2082/2074 3069/2352/2342 2696/3259/3233
f 1140/2082/2074 2696/3259/3233 957/3079/3059
f 661/2535/2523 2698/959/956 2697/961/958
f 664/520/520 661/2535/2523 2697/961/958
f 2698/959/956 1573/377/377 1504/376/376
f 1504/376/376 220/796/795 2698/959/956
f 2699/1521/1515 1929/657/657 1027/1840/1833
f 2699/1521/1515 1027/1840/1833 259/1752/1745
f 2650/2171/2161 2700/689/689 550/2172/2162
f 2700/689/689 838/2870/2856 550/2172/2162
f 2701/960/957 337/521/521 2697/961/958
f 337/521/521 2701/960/957 377/1839/1832
f 112/2067/2059 2557/2999/2983 2702/242/242
f 2702/242/242 197/2065/2057 112/2067/2059
f 2703/2158/2148 2840/3663/3590 1829/570/570
f 2703/2158/2148 2728/3454/3417 2840/3663/3590
f 154/1096/1091 2704/1098/1093 504/2109/2099
f 3461/1353/1348 2706/2110/2100 504/3510/2099
f 2172/832/829 891/834/831 2705/2504/2493
f 891/834/831 2129/205/205 2705/2504/2493
f 1518/2062/2054 2557/2999/2983 2706/2110/2100
f 3461/1353/1348 1518/2062/2054 2706/2110/2100
f 2707/1908/1900 773/3327/3296 441/1033/1030
f 3023/223/223 441/1033/1030 1115/37/37
f 933/650/650 2708/775/774 650/774/773
f 933/650/650 1410/3049/3030 2708/775/774
f 773/3327/3296 438/2793/2779 2709/1907/1899
f 441/1033/1030 773/3327/3296 2709/1907/1899
f 3144/2760/2746 2710/2761/2747 1631/875/872
f 3081/2759/2745 2710/2761/2747 3144/2760/2746
f 2086/1651/1645 2618/1113/1108 2711/1654/1648
f 1714/1655/1649 2711/1654/1648 2618/1113/1108
f 546/2686/2672 264/2148/2138 2712/3391/3356
f 264/2148/2138 2387/3464/3427 2712/3391/3356
f 2713/3407/3372 1715/1114/1109 2336/3004/2988
f 2713/3407/3372 1935/1112/1107 1715/1114/1109
f 266/2406/2396 2099/2410/2400 2714/2407/2397
f 2099/2410/2400 1970/2409/2399 2714/2407/2397
f 1229/3191/3168 2715/3192/3169 1097/2055/2047
f 2715/3192/3169 1229/3191/3168 501/1433/1427
f 759/554/554 2305/1944/1936 2716/3094/3074
f 1305/2769/2755 759/554/554 2716/3094/3074
f 1501/1497/1491 1329/1499/1493 2717/3409/3374
f 2717/3409/3374 1329/1499/1493 3051/1741/1734
f 1422/2985/2969 2718/2526/2514 1421/614/614
f 2718/2526/2514 859/615/615 1421/614/614
f 1380/60/60 3435/3450/3413 2719/3186/3164
f 1807/88/88 2720/87/87 2719/3186/3164
f 2720/87/87 1045/3185/3163 2719/3186/3164
f 309/463/463 1045/3185/3163 3491/1191/1186
f 2721/1373/1368 2584/151/151 285/547/547
f 2074/2839/2825 2721/1373/1368 285/547/547
f 693/694/694 2722/1172/1167 1553/2613/2600
f 1553/2613/2600 2722/1172/1167 3165/2256/2246
f 2516/3078/3058 538/264/264 2723/2133/2123
f 2723/2133/2123 538/264/264 2222/700/699
f 1495/1627/1621 2724/2245/2235 1456/3478/3441
f 2724/2245/2235 1495/1627/1621 2553/3496/3459
f 3455/1917/1909 2725/1753/1746 345/1668/1662
f 2725/1753/1746 1344/1212/1207 2982/1214/1209
f 2700/689/689 2650/2171/2161 2726/2991/2975
f 2727/2173/2163 2436/1702/1696 2726/2991/2975
f 2650/2171/2161 2727/2173/2163 2726/2991/2975
f 2650/2171/2161 354/3659/1068 2727/2173/2163
f 803/2778/2764 2840/3663/3590 2728/3454/3417
f 2728/3454/3417 2456/714/713 803/2778/2764
f 1335/349/349 971/348/348 2729/3413/3378
f 503/2387/2377 2729/3413/3378 971/348/348
f 1296/3382/3347 2161/3383/3348 2730/717/716
f 2730/717/716 211/716/715 2785/3664/3591
f 1347/3429/3252 2731/3635/3574 2454/3393/3358
f 2454/3393/3358 2731/3635/3574 1349/3426/3391
f 739/2060/2052 2732/3098/3078 1679/2386/2376
f 2732/3098/3078 739/2060/2052 3243/2721/2707
f 3576/3406/3371 1260/1707/1701 2733/3548/3500
f 2733/3548/3500 1260/1707/1701 3174/3359/3326
f 2734/1814/1807 1460/241/241 2433/1811/1804
f 395/1815/1808 2734/1814/1807 2433/1811/1804
f 1327/2954/2939 2635/3304/3275 2735/3408/3373
f 2735/3408/3373 1979/2605/2592 1327/2954/2939
f 2751/3119/3097 2736/833/830 981/3118/3096
f 981/3118/3096 2736/833/830 2172/832/829
f 1841/916/913 2228/915/912 2737/3645/3582
f 2737/3645/3582 2228/915/912 2239/1720/1713
f 2738/967/964 729/2692/2678 1445/1866/1859
f 729/2692/2678 2738/967/964 1790/189/189
f 3525/2706/2692 2739/2010/2002 1379/3449/3412
f 1379/3449/3412 2739/2010/2002 1378/2012/2004
f 2081/3291/3262 2740/3293/3264 20/728/727
f 1172/2213/2203 2740/3293/3264 2081/3291/3262
f 3587/2507/2496 571/2234/2224 2741/324/324
f 1644/3557/3509 2741/324/324 161/3556/3508
f 953/711/710 118/1060/1057 2742/1087/1082
f 953/711/710 2742/1087/1082 2303/709/708
f 2044/1064/1061 2743/1772/1765 1400/3462/3425
f 64/1769/1762 1400/3462/3425 2743/1772/1765
f 2744/1261/1256 402/1824/1817 1941/1783/1776
f 1941/1783/1776 3210/1262/1257 2744/1261/1256
f 1017/2321/2311 3456/589/589 2745/588/588
f 1017/2321/2311 2746/3130/3108 1433/1987/1979
f 2745/588/588 3460/740/739 1017/2321/2311
f 1018/741/740 3460/740/739 2745/588/588
f 2747/3027/3011 1484/2798/2784 1360/2374/2364
f 2434/3057/3037 2747/3027/3011 1360/2374/2364
f 2749/807/806 2499/640/640 2748/639/639
f 678/2567/2554 2748/639/639 670/2566/2553
f 1676/2568/2555 2749/807/806 678/2567/2554
f 2748/639/639 678/2567/2554 2749/807/806
f 290/1099/1094 1352/152/152 2750/2581/2568
f 2750/2581/2568 3336/2019/2011 290/1099/1094
f 1367/890/887 2736/833/830 2751/3119/3097
f 1367/890/887 2751/3119/3097 2170/2780/2766
f 801/1127/1122 511/1083/1078 2752/1128/1123
f 2752/1128/1123 511/1083/1078 1877/2077/2069
f 3355/3465/3428 2753/3459/3422 1396/665/665
f 2838/3402/3367 1396/665/665 2753/3459/3422
f 856/3401/3366 2753/3459/3422 2754/3665/3592
f 2754/3665/3592 3394/3612/3554 856/3401/3366
f 2755/1799/1792 128/1794/1787 391/1798/1791
f 128/1794/1787 2755/1799/1792 398/40/40
f 2756/687/687 948/3062/3042 2166/3600/3545
f 948/3062/3042 2756/687/687 2528/1003/1000
f 2757/1779/1772 855/235/235 2012/2949/2934
f 2012/2949/2934 2815/2645/2631 2757/1779/1772
f 2757/1779/1772 1084/2644/2630 2758/1599/1593
f 386/966/963 2758/1599/1593 2759/2642/2628
f 2759/2642/2628 1084/2644/2630 2947/3550/3502
f 2758/1599/1593 1084/2644/2630 2759/2642/2628
f 1636/817/814 2760/1871/1863 424/2317/2307
f 424/2317/2307 2760/1871/1863 2432/2320/2310
f 128/1794/1787 2761/3306/3277 391/1798/1791
f 2619/3168/3146 391/1798/1791 3531/3549/3501
f 2807/356/356 1320/918/915 2762/129/129
f 1536/917/914 2762/129/129 1320/918/915
f 353/1698/1692 2182/1657/1651 2763/1710/1704
f 2763/1710/1704 1321/1709/1703 353/1698/1692
f 2354/312/312 53/1797/1790 2764/1767/1760
f 53/1797/1790 2496/2205/2195 2764/1767/1760
f 3450/1648/1642 2952/1647/1641 2765/1819/1812
f 2765/1819/1812 287/3399/3364 2151/1817/1810
f 2566/2790/2776 2766/2050/2042 217/676/676
f 2766/2050/2042 2566/2790/2776 500/1202/1197
f 2015/562/562 2767/3563/3514 2570/563/563
f 2767/3563/3514 2015/562/562 1679/3562/2376
f 1985/3263/3237 2768/3264/3238 1152/1813/1806
f 197/2065/2057 2768/3264/3238 1985/3263/3237
f 11/576/576 915/2797/2783 2769/534/534
f 2769/534/534 915/2797/2783 2314/3033/3017
f 436/530/530 2770/3493/3456 1487/531/531
f 3356/2554/2541 1487/531/531 3563/2546/2534
f 1007/2519/2507 1228/138/138 2771/3154/3132
f 2771/3154/3132 1228/138/138 2/137/137
f 1690/1398/1392 1096/2393/2383 2772/3438/3401
f 2772/3438/3401 1760/2431/2421 1690/1398/1392
f 2773/9/9 540/8/8 2774/3476/3439
f 1942/3608/3551 3242/10/10 2773/9/9
f 2773/9/9 2774/3476/3439 1942/3608/3551
f 2163/581/581 1942/3608/3551 2774/3476/3439
f 141/1496/1490 2807/356/356 2775/141/141
f 2775/141/141 130/2015/2007 141/1496/1490
f 1623/2751/2737 751/743/742 2776/742/741
f 1623/2751/2737 2776/742/741 824/3334/3303
f 2777/457/457 2249/2194/2184 1700/2196/2186
f 2249/2194/2184 2777/457/457 649/2911/2896
f 37/586/586 2778/3038/3022 1587/945/942
f 2778/3038/3022 37/586/586 916/585/585
f 2779/2177/2167 1372/3443/3406 2439/682/682
f 2064/3444/3407 1372/3443/3406 2779/2177/2167
f 3343/3376/3341 3246/1857/1850 2780/3628/3568
f 2637/437/437 2780/3628/3568 3246/1857/1850
f 230/1899/1891 500/1202/1197 2781/1201/1196
f 230/1899/1891 2781/1201/1196 2232/3436/3399
f 2471/2953/2938 2782/2952/2937 1315/2950/2935
f 2753/3459/3422 1315/2950/2935 2838/3402/3367
f 1783/1590/1584 2783/3512/3474 2143/3587/3533
f 2783/3512/3474 1361/3437/3400 2143/3587/3533
f 1296/3382/3347 2785/3664/3591 1295/3381/3346
f 2730/717/716 2785/3664/3591 1296/3382/3347
f 2785/3664/3591 2784/765/764 1295/3381/3346
f 2785/3664/3591 3088/1663/1657 2784/765/764
f 125/2021/2013 690/2020/2012 2786/3511/3473
f 2192/270/270 2786/3511/3473 690/2020/2012
f 2651/1360/1355 2787/1361/1356 643/988/985
f 2787/1361/1356 1023/989/986 643/988/985
f 3427/2825/2811 2203/2981/2965 2788/2973/2957
f 2204/2878/2864 2788/2973/2957 2203/2981/2965
f 1176/3083/3063 318/3297/3268 2789/2/2
f 1592/300/300 1176/3083/3063 2789/2/2
f 1042/397/397 2790/396/396 2933/3666/3593
f 2933/3666/3593 2790/396/396 2065/2720/2706
f 1463/3480/3443 2382/2169/2159 2791/289/289
f 3364/288/288 1463/3480/3443 2791/289/289
f 1031/1428/1422 2792/3603/3546 2060/1429/1423
f 168/1049/1046 2060/1429/1423 2792/3603/3546
f 1626/2143/2133 2793/2166/2156 547/2165/2155
f 1626/2143/2133 313/925/922 2793/2166/2156
f 3064/1217/1212 1194/1216/1211 2794/3311/3282
f 1194/1216/1211 3581/3337/3306 3055/3312/3283
f 480/1986/1978 2795/2004/1996 2685/1306/1301
f 1191/1304/1299 2685/1306/1301 2795/2004/1996
f 2880/1764/1757 104/882/879 2796/1475/1469
f 3483/1457/1451 2796/1475/1469 104/882/879
f 3476/1937/1929 904/1932/1924 2797/1401/1395
f 904/1932/1924 347/1402/1396 2797/1401/1395
f 651/26/26 2798/3242/3218 886/27/27
f 3573/560/560 2798/3242/3218 651/26/26
f 3408/3463/3426 2799/3461/3424 1404/1165/1160
f 2299/1436/1430 1404/1165/1160 2799/3461/3424
f 676/606/606 2800/1777/1770 2063/1778/1771
f 1964/3515/3477 2800/1777/1770 2801/1775/1768
f 2801/1775/1768 2800/1777/1770 676/606/606
f 676/606/606 1959/2563/2550 2801/1775/1768
f 2802/304/304 2803/3492/3455 2882/3491/3454
f 2613/632/632 2802/304/304 2882/3491/3454
f 2803/3492/3455 2802/304/304 1480/306/306
f 2803/3492/3455 1480/306/306 1581/1596/1590
f 2804/2601/2588 1743/2600/2587 1261/114/114
f 296/3314/3285 2804/2601/2588 1261/114/114
f 253/3319/3290 2805/2390/2380 1608/419/419
f 2984/2617/2603 2805/2390/2380 253/3319/3290
f 1209/3070/3050 951/2880/2866 2806/3069/3049
f 2984/2617/2603 2806/3069/3049 2805/2390/2380
f 2807/356/356 2762/129/129 1995/878/875
f 2775/141/141 2807/356/356 1995/878/875
f 1074/998/995 1128/1000/997 2808/2221/2211
f 13/2220/2210 3480/3250/3224 1128/1000/997
f 714/2748/2734 2809/378/378 3014/2660/2646
f 2810/1585/1579 2809/378/378 714/2748/2734
f 2593/2747/2733 2810/1585/1579 714/2748/2734
f 2593/2747/2733 2530/143/143 2810/1585/1579
f 2811/907/904 844/844/841 1847/843/840
f 844/844/841 2811/907/904 1757/906/903
f 1972/953/950 2330/2915/2900 2812/3345/3314
f 196/1129/1124 2812/3345/3314 2330/2915/2900
f 2308/994/991 1211/2616/2602 2813/2576/2563
f 1211/2616/2602 2118/2577/2564 2813/2576/2563
f 1998/2762/2748 1292/838/835 2814/3379/3344
f 2814/3379/3344 1317/2764/2750 1998/2762/2748
f 2815/2645/2631 2012/2949/2934 298/2639/2625
f 2815/2645/2631 298/2639/2625 3019/1145/1140
f 286/1816/1809 2884/3558/3510 2816/725/724
f 286/1816/1809 2816/725/724 660/2534/2522
f 339/480/480 142/198/198 2817/1463/1457
f 2817/1463/1457 3426/1462/1456 339/480/480
f 234/2689/2675 2818/3497/3460 2326/756/755
f 1496/1209/1204 2326/756/755 2818/3497/3460
f 2819/1842/1835 192/1336/1331 2909/1831/1824
f 407/1505/1499 2819/1842/1835 1897/1843/1836
f 764/21/21 1520/2841/2827 2820/2695/2681
f 2820/2695/2681 1520/2841/2827 3202/1566/1560
f 2154/2296/2286 46/1028/1025 2821/2982/2966
f 2154/2296/2286 2821/2982/2966 48/2181/2171
f 1842/1174/1169 2822/1068/1065 82/3585/1173
f 1842/1174/1169 1299/2782/2768 2822/1068/1065
f 3470/3667/3594 2214/326/326 2823/1520/1514
f 3535/1519/1513 3470/3667/3594 2823/1520/1514
f 1035/2917/2902 2824/528/528 1590/527/527
f 1742/789/788 2824/528/528 1035/2917/2902
f 2825/3602/3531 1767/1282/1277 2312/3538/2903
f 2312/2918/2903 843/2920/2905 2825/3582/3531
f 1778/2200/2190 2826/525/525 2571/332/332
f 1778/2200/2190 2458/526/526 2826/525/525
f 319/595/595 2828/594/594 2827/1550/1544
f 1804/3157/3135 319/595/595 2827/1550/1544
f 2827/1550/1544 2828/594/594 793/1548/1542
f 793/1548/1542 2828/594/594 2344/2833/2819
f 2829/145/145 1820/1891/1883 3110/2907/2892
f 2829/145/145 749/144/144 1820/1891/1883
f 2830/469/469 2829/145/145 228/1346/1341
f 760/467/467 2830/469/469 228/1346/1341
f 1804/3157/3135 2831/1341/1336 1010/1540/1534
f 1836/2967/2951 1010/1540/1534 2831/1341/1336
f 2583/1455/1449 2832/1728/1721 2529/3423/3388
f 1344/1212/1207 2529/3423/3388 2832/1728/1721
f 2833/3278/3249 179/979/976 1960/3142/3120
f 179/979/976 2833/3278/3249 713/980/977
f 1633/2405/2395 979/3112/3090 2834/1557/1551
f 979/3112/3090 3579/2968/2952 2834/1557/1551
f 2835/2122/2112 1398/3348/3317 2927/3346/3315
f 499/2047/2039 2980/1661/1655 2835/2122/2112
f 2836/1787/1780 3483/1457/1451 390/884/881
f 2836/1787/1780 390/884/881 1803/2080/2072
f 1646/1239/1234 2837/2272/2262 583/1240/1235
f 579/3109/3089 2837/2272/2262 1646/1239/1234
f 2782/2952/2937 1314/1062/1059 2838/3402/3367
f 1315/2950/2935 2782/2952/2937 2838/3402/3367
f 1491/2767/2753 2839/778/777 367/1911/1903
f 1491/2767/2753 757/638/638 2839/778/777
f 312/571/571 1829/570/570 2840/3663/3590
f 2840/3663/3590 803/2778/2764 312/571/571
f 2052/2250/2240 2841/2252/2242 686/3487/3450
f 3032/3310/3281 686/3487/3450 2841/2252/2242
f 2842/3072/3052 101/500/500 1540/407/407
f 3560/3089/3069 964/3090/3070 101/500/500
f 2844/3091/3071 2843/498/498 101/500/500
f 1694/2851/2837 2843/498/498 2844/3091/3071
f 101/500/500 964/3090/3070 2844/3091/3071
f 3559/3087/3067 2844/3091/3071 964/3090/3070
f 2845/3573/3524 1335/349/349 1601/3415/3380
f 1171/3290/3261 1335/349/349 2845/3573/3524
f 1481/1404/1398 618/2399/2389 2846/1134/1129
f 2988/2396/2386 1776/1132/1127 2846/1134/1129
f 2847/2029/2021 495/2032/2024 1011/2026/2018
f 2173/1223/1218 495/2032/2024 2847/2029/2021
f 2848/2389/2379 254/2883/2869 1773/420/420
f 254/2883/2869 2848/2389/2379 2381/822/819
f 1516/187/187 2849/3299/3270 1890/34/34
f 2849/3299/3270 1516/187/187 2379/186/186
f 1659/3633/3573 2850/3650/3585 2681/2448/2438
f 1659/3633/3573 2115/976/973 2851/1057/1054
f 2281/2860/2846 2850/3650/3585 2851/1057/1054
f 2850/3650/3585 1659/3633/3573 2851/1057/1054
f 2852/3591/3537 2009/3517/3479 421/1483/1477
f 421/1483/1477 356/1364/1359 2852/3591/3537
f 3359/77/77 2853/809/808 1580/812/811
f 1013/1807/1800 2854/3352/3321 2078/1808/1801
f 2854/3352/3321 90/3626/1072 2853/809/808
f 3359/77/77 2854/3352/3321 2853/809/808
f 2110/3227/3203 724/2828/2814 2855/2827/2813
f 724/2828/2814 791/2826/2812 2855/2827/2813
f 2201/2846/2832 2856/217/217 3131/216/216
f 3575/3640/3579 2201/2846/2832 1179/2586/2573
f 73/835/832 3182/209/209 2857/208/208
f 73/835/832 2857/208/208 1996/3567/3518
f 2858/3494/3457 1748/1625/1619 3526/3146/3124
f 1748/1625/1619 2858/3494/3457 3117/3479/3442
f 2859/1736/1729 146/668/668 2279/3499/3462
f 3259/3627/3567 2082/666/666 146/668/668
f 2475/3369/3336 2860/3370/2859 838/2870/2856
f 2476/2432/2422 2860/2873/2859 2475/3653/3336
f 3226/1965/1957 2861/3019/3003 472/1963/1955
f 472/1963/1955 2861/3019/3003 2001/1966/1958
f 805/3267/3241 1483/3024/3008 2862/977/974
f 2862/977/974 1483/3024/3008 3362/3668/3595
f 691/2649/2635 1991/2648/2634 2863/2647/2633
f 691/2649/2635 2863/2647/2633 1670/400/400
f 2864/1485/1479 1855/2925/2910 2167/2484/2473
f 2864/1485/1479 167/1487/1481 1855/2925/2910
f 2865/2150/2140 1566/583/583 542/1486/1480
f 2865/2150/2140 2864/1485/1479 2866/3527/3489
f 2866/3527/3489 3018/366/366 1566/583/583
f 2865/2150/2140 2866/3527/3489 1566/583/583
f 2921/752/751 1070/754/753 2867/2900/2885
f 1070/754/753 1657/2308/2298 2867/2900/2885
f 786/2289/2279 2868/1554/1548 725/1553/1547
f 2868/1554/1548 786/2289/2279 2058/3132/3110
f 2869/2770/2756 1961/3095/3075 170/3457/3420
f 2716/3094/3074 1961/3095/3075 2869/2770/2756
f 2870/253/253 17/36/36 1989/2463/2452
f 3235/222/222 17/36/36 2870/253/253
f 2108/1828/1821 3011/3475/3438 2871/1806/1799
f 219/257/257 2108/1828/1821 2871/1806/1799
f 355/1703/1697 3190/106/106 2872/1643/1637
f 1720/2565/2552 355/1703/1697 2872/1643/1637
f 2056/3624/3565 1934/2772/2758 2873/3595/3541
f 1934/2772/2758 1828/536/536 2873/3595/3541
f 760/467/467 3160/1347/1342 2874/1039/1036
f 2873/3595/3541 760/467/467 2874/1039/1036
f 2041/2768/2754 2875/617/617 1305/2769/2755
f 3007/2394/2384 1305/2769/2755 2875/617/617
f 914/3030/3014 2876/447/447 1121/35/35
f 2876/447/447 914/3030/3014 248/382/382
f 2877/3058/3038 1066/1500/1494 2878/1501/1495
f 2877/3058/3038 945/464/464 274/466/466
f 2877/3058/3038 2878/1501/1495 945/464/464
f 1304/465/465 945/464/464 2878/1501/1495
f 2879/2380/2370 305/2381/2371 659/2377/2367
f 2879/2380/2370 659/2377/2367 612/432/432
f 2880/1764/1757 1562/674/674 381/673/673
f 381/673/673 1846/1765/1758 2880/1764/1757
f 2881/3041/3025 3019/1145/1140 231/1144/1139
f 231/1144/1139 102/1526/1520 2881/3041/3025
f 2882/3491/3454 76/2587/2574 2613/632/632
f 76/2587/2574 2882/3491/3454 1006/1154/1149
f 2883/782/781 3088/1663/1657 1409/1847/1840
f 1409/1847/1840 409/783/782 2883/782/781
f 2884/3558/3510 286/1816/1809 1664/1818/1811
f 1664/1818/1811 1576/3400/3365 2884/3558/3510
f 2747/3027/3011 2885/3026/3010 1484/2798/2784
f 2885/3026/3010 2030/2795/2781 1484/2798/2784
f 2886/1745/1738 1560/1705/1699 2941/1672/1666
f 1983/1706/1700 1560/1705/1699 2886/1745/1738
f 1013/1807/1800 395/1815/1808 2887/1810/1803
f 2887/1810/1803 395/1815/1808 2433/1811/1804
f 1013/1807/1800 2888/1266/1261 1249/652/652
f 2888/1266/1261 1013/1807/1800 2887/1810/1803
f 2889/2553/2540 2317/1973/1965 188/794/793
f 2317/1973/1965 2889/2553/2540 474/1422/1416
f 1991/2648/2634 2890/2316/2306 1990/2135/2125
f 2890/2316/2306 1991/2648/2634 691/2649/2635
f 2891/1359/1354 1756/1934/1926 2651/1360/1355
f 166/2486/2475 1756/1934/1926 2891/1359/1354
f 2892/2471/2460 2332/2475/2464 604/867/864
f 604/867/864 1490/866/863 2892/2471/2460
f 3161/2456/2445 2605/2668/2654 2893/3328/3297
f 2893/3328/3297 2605/2668/2654 903/2788/2774
f 2894/625/625 1808/3592/3538 25/2634/2620
f 2894/625/625 3292/2850/2836 1808/3592/3538
f 2895/2300/2290 1200/1192/1187 2533/405/405
f 3397/1193/1188 1200/1192/1187 2895/2300/2290
f 3371/3654/3587 2503/3286/3257 2896/3287/3258
f 2896/3287/3258 2503/3286/3257 1681/3285/3256
f 2897/1913/1905 1443/1040/1037 394/1803/1796
f 2181/1041/1038 1443/1040/1037 2897/1913/1905
f 2775/141/141 2898/140/140 130/2015/2007
f 1815/2014/2006 130/2015/2007 2898/140/140
f 2337/3531/3493 718/2671/2657 2899/2413/2403
f 718/2671/2657 2212/2419/2409 2899/2413/2403
f 205/3470/3433 2900/1285/1280 924/3043/3027
f 205/3470/3433 144/1448/1442 2900/1285/1280
f 2689/2947/2932 2901/3341/3310 854/454/454
f 1236/2424/2414 854/454/454 2901/3341/3310
f 924/3043/3027 145/1284/1279 2902/513/513
f 205/3470/3433 924/3043/3027 2902/513/513
f 492/1208/1203 2392/1241/1236 2903/646/646
f 492/1208/1203 2903/646/646 1166/645/645
f 420/74/74 2904/1714/1708 1308/75/75
f 420/74/74 2672/859/856 2904/1714/1708
f 3573/560/560 1112/559/559 2905/2623/2609
f 2905/2623/2609 1112/559/559 704/2624/2610
f 1333/2174/2164 2906/3156/3134 551/1418/1412
f 2040/2179/2169 551/1418/1412 2906/3156/3134
f 3216/823/820 2381/822/819 2907/2882/2868
f 2106/1210/1205 792/2830/2816 2907/2882/2868
f 2908/1466/1460 2182/1657/1651 353/1698/1692
f 2908/1466/1460 1151/1152/1147 2182/1657/1651
f 3297/1830/1823 1897/1843/1836 2909/1831/1824
f 2819/1842/1835 2909/1831/1824 1897/1843/1836
f 1270/3076/3056 954/3075/3055 2910/2867/2853
f 2910/2867/2853 1004/2978/2962 1270/3076/3056
f 2911/569/569 1841/916/913 194/1681/1675
f 1841/916/913 2911/569/569 3016/3284/3255
f 593/1682/1676 194/1681/1675 2912/1684/1678
f 2912/1684/1678 194/1681/1675 1841/916/913
f 2913/3427/3392 1343/3422/3387 1348/1473/1467
f 3322/1376/1371 1417/3420/3385 3321/3421/3386
f 2914/3086/3066 1120/1906/1898 800/1904/1896
f 2914/3086/3066 1784/2853/2839 1120/1906/1898
f 2646/3553/3505 986/147/147 2915/3128/3106
f 2915/3128/3106 1641/358/358 2646/3553/3505
f 2110/3227/3203 1090/3228/3204 2916/3229/3205
f 2916/3229/3205 1090/3228/3204 1811/2423/2413
f 1597/1988/1980 2917/2498/2487 975/1991/1983
f 756/3446/3409 975/1991/1983 2917/2498/2487
f 2918/1370/1365 692/2904/2889 2491/1371/1366
f 2918/1370/1365 3575/3640/3579 692/2904/2889
f 269/1608/1602 1621/2654/2640 2919/2585/2572
f 269/1608/1602 2919/2585/2572 2473/1609/1603
f 2688/3662/3589 2920/1390/1385 2194/3223/3199
f 2194/3223/3199 2920/1390/1385 2193/1389/1384
f 2921/752/751 2867/2900/2885 566/2901/2886
f 2921/752/751 566/2901/2886 832/2222/2212
f 359/1722/1715 362/1464/1458 2922/1675/1669
f 359/1722/1715 2922/1675/1669 3431/1716/1709
f 1775/2656/2642 2923/828/825 3434/1766/1759
f 713/980/977 2923/828/825 1775/2656/2642
f 2924/1434/1428 64/1769/1762 1426/2111/2101
f 1426/2111/2101 1397/2112/2102 2924/1434/1428
f 1397/2112/2102 2925/1435/1429 2924/1434/1428
f 1397/2112/2102 215/1166/1161 2925/1435/1429
f 161/3556/3508 2926/2466/2455 2069/135/135
f 161/3556/3508 3104/323/323 2926/2466/2455
f 499/2047/2039 2927/3346/3315 1413/1933/1925
f 2835/2122/2112 2927/3346/3315 499/2047/2039
f 2928/1723/1716 1294/2905/2890 1081/1773/1766
f 2928/1723/1716 835/1725/1718 1294/2905/2890
f 1689/3566/3517 2489/1704/1698 3087/2099/2090
f 3087/2099/2090 2316/1194/1189 3458/1111/1106
f 2136/3115/3093 2581/3114/3092 2930/2132/2122
f 2930/2132/2122 2603/3424/3389 2136/3115/3093
f 1510/3506/3469 2931/2156/2146 1402/1621/1615
f 1957/3507/3470 2931/2156/2146 1510/3506/3469
f 1212/2928/2913 2932/2929/2914 1770/3584/2330
f 2932/2929/2914 1876/3601/2331 1770/3584/2330
f 195/250/250 3305/252/252 2933/3666/3593
f 2065/2720/2706 195/250/250 2933/3666/3593
f 2934/159/159 1908/751/750 2754/3665/3592
f 2934/159/159 2754/3665/3592 2753/3459/3422
f 3574/2123/2113 497/2036/2028 2935/3025/3009
f 2935/3025/3009 497/2036/2028 491/2038/2030
f 3273/1809/1802 2079/1162/1157 2936/3160/3138
f 3434/1766/1759 2936/3160/3138 2079/1162/1157
f 2488/3486/3449 1470/1188/1183 2937/2090/2082
f 1470/1188/1183 2632/1187/1182 2937/2090/2082
f 2468/435/435 2663/1513/1507 2938/325/325
f 2938/325/325 2663/1513/1507 342/1748/1741
f 505/98/98 2125/1994/1986 2939/2068/2060
f 2939/2068/2060 3591/3530/3492 505/98/98
f 2940/3204/3180 328/1584/1578 2419/471/471
f 1802/3184/3162 2940/3204/3180 2419/471/471
f 2941/1672/1666 1560/1705/1699 1359/721/720
f 1359/721/720 3027/1671/1665 2941/1672/1666
f 2942/30/30 1761/1511/1505 1965/31/31
f 3243/2721/2707 1761/1511/1505 2942/30/30
f 2943/556/556 1296/3382/3347 1295/3381/3346
f 2943/556/556 1295/3381/3346 1865/764/763
f 223/558/558 2944/158/158 2943/556/556
f 1069/1834/1827 2944/158/158 223/558/558
f 1472/1979/1971 476/476/476 2945/1978/1970
f 1472/1979/1971 3226/1965/1957 2000/1964/1956
f 2585/2711/2697 983/2372/2362 2946/920/917
f 983/2372/2362 1163/921/918 2946/920/917
f 2759/2642/2628 2947/3550/3502 709/2643/2629
f 1790/189/189 709/2643/2629 2948/190/190
f 2947/3550/3502 2948/190/190 709/2643/2629
f 2947/3550/3502 1632/1780/1773 3467/2052/2044
f 515/1255/1250 2949/3294/3265 1173/1474/1468
f 515/1255/1250 3072/2098/2089 2949/3294/3265
f 1949/1412/1406 103/1414/1408 2950/2002/1994
f 2231/692/692 1949/1412/1406 2950/2002/1994
f 2951/2161/2151 1126/3249/3223 1958/3077/3057
f 2951/2161/2151 1438/2185/2175 1126/3249/3223
f 2952/1647/1641 665/1442/1436 1322/2541/2529
f 1666/1046/1043 2952/1647/1641 1322/2541/2529
f 2226/1246/1241 176/3169/3147 2953/954/951
f 176/3169/3147 3367/3502/3465 2953/954/951
f 1168/3292/3263 2954/1105/1100 20/728/727
f 2954/1105/1100 1168/3292/3263 3371/3654/3587
f 1137/495/495 2955/1528/1522 508/3256/3230
f 2955/1528/1522 1137/495/495 235/941/938
f 2956/516/516 118/1060/1057 1732/1059/1056
f 2956/516/516 187/1088/1083 118/1060/1057
f 2055/2773/2759 2056/3624/3565 2957/636/636
f 2874/1039/1036 2957/636/636 2056/3624/3565
f 2958/2232/2222 2678/3519/3481 3330/2238/2228
f 2958/2232/2222 149/3097/3077 2678/3519/3481
f 2959/3029/3013 775/426/426 2030/2795/2781
f 2959/3029/3013 1127/2800/2786 775/426/426
f 2960/3309/3280 3032/3310/3281 1190/2572/2559
f 1190/2572/2559 2080/2248/2238 2960/3309/3280
f 3508/2840/2826 796/2837/2823 2961/2598/2585
f 2961/2598/2585 796/2837/2823 1627/283/283
f 2962/193/193 638/475/475 19/474/474
f 2346/479/479 2962/193/193 19/474/474
f 659/2377/2367 305/2381/2371 2963/2378/2368
f 305/2381/2371 2406/2858/2844 2963/2378/2368
f 1309/2912/2897 1458/3395/3360 2964/2502/2491
f 2964/2502/2491 2077/3396/3361 1309/2912/2897
f 279/669/669 1774/1760/1753 2965/45/45
f 2965/45/45 2054/2802/2788 279/669/669
f 393/1320/1315 419/3590/3536 2966/1318/1313
f 419/3590/3536 2210/123/123 2966/1318/1313
f 990/2744/2730 2967/3124/3102 984/768/767
f 3558/1633/1627 984/768/767 2967/3124/3102
f 1446/2140/2130 2968/2139/2129 740/582/582
f 2968/2139/2129 245/2725/2711 740/582/582
f 635/1399/1393 2969/2261/2251 1246/2458/2447
f 2298/2260/2250 1246/2458/2447 2969/2261/2251
f 1161/2259/2249 2264/2218/2208 2970/2217/2207
f 2970/2217/2207 1498/1267/1262 1161/2259/2249
f 2567/2855/2841 557/2180/2170 2971/3397/3362
f 557/2180/2170 1312/2183/2173 2971/3397/3362
f 2972/1541/1535 2183/1562/1556 1369/1542/1536
f 251/1560/1554 2183/1562/1556 2972/1541/1535
f 1788/2559/2546 2973/3260/3234 652/2555/2542
f 639/2346/2336 652/2555/2542 2973/3260/3234
f 247/501/501 699/3230/3206 2974/3561/3513
f 2974/3561/3513 1091/92/92 247/501/501
f 2975/604/604 1676/2568/2555 3543/605/605
f 2975/604/604 2974/3561/3513 1676/2568/2555
f 1903/1802/1795 2976/2119/2109 885/3002/2986
f 527/243/243 2976/2119/2109 1903/1802/1795
f 2977/748/747 893/2945/2930 3566/302/302
f 893/2945/2930 2977/748/747 81/2524/2512
f 2978/3032/3016 1953/3034/3018 746/448/448
f 2876/447/447 2978/3032/3016 746/448/448
f 654/1312/1307 2979/643/643 907/642/642
f 1551/857/854 2979/643/643 654/1312/1307
f 1417/3420/3385 2980/1661/1655 42/1405/1399
f 2835/2122/2112 2980/1661/1655 1417/3420/3385
f 1892/2801/2787 920/3040/3024 2981/2684/2670
f 920/3040/3024 1946/670/670 2981/2684/2670
f 2725/1753/1746 2982/1214/1209 345/1668/1662
f 345/1668/1662 2982/1214/1209 1791/449/449
f 134/618/618 2041/2768/2754 2983/3362/3329
f 2983/3362/3329 1997/3022/3006 134/618/618
f 1209/3070/3050 2806/3069/3049 2984/2617/2603
f 1209/3070/3050 2984/2617/2603 1281/2619/2605
f 2610/118/118 577/2263/2253 2985/116/116
f 2985/116/116 577/2263/2253 1863/491/491
f 799/2637/2623 2986/2848/2834 1857/352/352
f 799/2637/2623 928/2636/2622 2986/2848/2834
f 1289/2783/2769 2987/1173/1168 1856/3378/3343
f 1856/3378/3343 2987/1173/1168 2988/2396/2386
f 1856/3378/3343 2988/2396/2386 618/2399/2389
f 618/2399/2389 2988/2396/2386 2846/1134/1129
f 1158/1084/1079 1936/1147/1142 2989/2214/2204
f 2990/2457/2446 1936/1147/1142 1075/2460/2449
f 2989/2214/2204 1936/1147/1142 2990/2457/2446
f 2989/2214/2204 2990/2457/2446 997/2215/2205
f 2991/1102/1097 555/1976/1968 55/1103/1098
f 2991/1102/1097 3290/3023/3007 555/1976/1968
f 1018/741/740 2992/587/587 2311/2726/2712
f 2311/2726/2712 2992/587/587 1635/2727/2713
f 2993/1826/1819 206/871/868 3210/1262/1257
f 1218/869/866 206/871/868 2993/1826/1819
f 2994/3151/3129 1004/2978/2962 814/83/83
f 2250/1649/1643 2994/3151/3129 814/83/83
f 1303/2277/2267 2995/1175/1170 2029/944/941
f 2995/1175/1170 1587/945/942 2029/944/941
f 460/1407/1401 2996/1204/1199 2997/3419/3384
f 1342/1456/1450 2996/1204/1199 184/1206/1201
f 2997/3419/3384 1342/1456/1450 2913/3427/3392
f 1342/1456/1450 2997/3419/3384 2996/1204/1199
f 2574/2462/2451 1114/3182/3160 2998/254/254
f 1102/2461/2450 2574/2462/2451 2998/254/254
f 698/379/379 295/2602/2589 2999/2604/2591
f 295/2602/2589 2364/112/112 2999/2604/2591
f 2505/486/486 3000/537/537 442/2774/2760
f 3000/537/537 1828/536/536 442/2774/2760
f 3001/17/17 781/2061/2053 2591/2808/2794
f 3001/17/17 2179/2059/2051 781/2061/2053
f 129/3147/3125 2576/1123/1118 3002/1125/1120
f 129/3147/3125 3002/1125/1120 830/2896/2881
f 1687/2556/2543 3003/2557/2544 3552/1547/1541
f 1687/2556/2543 436/530/530 3003/2557/2544
f 3013/1935/1927 1685/904/901 3004/2288/2278
f 1685/904/901 143/1200/1195 3004/2288/2278
f 528/1822/1815 3005/661/661 1675/1795/1788
f 3005/661/661 1186/660/660 1675/1795/1788
f 494/1126/1121 1278/3357/3324 3006/2028/2020
f 2847/2029/2021 494/1126/1121 3006/2028/2020
f 1076/315/315 759/554/554 3007/2394/2384
f 1076/315/315 3007/2394/2384 616/2459/2448
f 930/2628/2614 3008/90/90 1782/89/89
f 2171/3051/3031 3008/90/90 930/2628/2614
f 704/2624/2610 3009/28/28 3008/90/90
f 1112/559/559 3009/28/28 704/2624/2610
f 1874/2089/2081 3084/2088/2080 3010/1274/1269
f 3010/1274/1269 493/1220/1215 1226/1273/1268
f 1444/1058/1055 2871/1806/1799 3011/3475/3438
f 3011/3475/3438 1732/1059/1056 1444/1058/1055
f 1951/2083/2075 1357/1411/1405 3012/2084/2076
f 2197/2115/2105 3012/2084/2076 1357/1411/1405
f 3013/1935/1927 452/1928/1920 455/1146/1141
f 3013/1935/1927 455/1146/1141 1685/904/901
f 2539/727/726 1408/3210/3186 3014/2660/2646
f 714/2748/2734 3014/2660/2646 1408/3210/3186
f 3582/2037/2029 3015/163/163 804/2859/2845
f 3015/163/163 2495/3380/3345 804/2859/2845
f 3016/3284/3255 2911/569/569 210/568/568
f 3016/3284/3255 210/568/568 1167/551/551
f 249/1535/1529 3017/1776/1769 1959/2563/2550
f 1625/1920/1912 3017/1776/1769 249/1535/1529
f 3018/366/366 1567/3528/3490 2031/367/367
f 2866/3527/3489 1567/3528/3490 3018/366/366
f 3019/1145/1140 298/2639/2625 1328/598/598
f 3019/1145/1140 1328/598/598 1917/597/597
f 3020/1322/1317 2321/1324/1319 77/2476/2465
f 3020/1322/1317 77/2476/2465 2522/2963/2947
f 2194/3223/3199 3021/1006/1003 2688/3662/3589
f 2688/3662/3589 3021/1006/1003 3301/2416/2406
f 1087/2415/2405 3022/1008/1005 1549/3225/3201
f 2134/1323/1318 1549/3225/3201 3022/1008/1005
f 3235/222/222 2707/1908/1900 3023/223/223
f 3023/223/223 2707/1908/1900 441/1033/1030
f 3024/519/519 3026/2442/2432 840/2913/2898
f 840/2913/2898 1519/886/883 3024/519/519
f 3025/2709/2695 89/2441/2431 2587/3539/3496
f 3025/2709/2695 2587/3539/3496 734/550/550
f 1331/1283/1278 3026/2442/2432 463/1945/1937
f 3025/2709/2695 463/1945/1937 3026/2442/2432
f 2611/723/722 3027/1671/1665 1359/721/720
f 2611/723/722 444/1110/1105 3455/1917/1909
f 598/1565/1559 3028/2328/2318 1290/755/754
f 3028/2328/2318 598/1565/1559 2521/1564/1558
f 2544/3117/3095 3029/934/931 766/2190/2180
f 766/2190/2180 3029/934/931 927/933/930
f 1831/2044/2036 3030/3482/3445 1094/1494/1488
f 1094/1494/1488 3276/2167/2157 902/1492/1486
f 1721/2285/2275 3031/633/633 582/2283/2273
f 1746/1507/1501 582/2283/2273 3031/633/633
f 1980/2574/2561 2559/2573/2560 3032/3310/3281
f 3032/3310/3281 2841/2252/2242 1980/2574/2561
f 2017/175/175 3033/2908/2893 291/790/789
f 291/790/789 3033/2908/2893 563/788/787
f 2565/1351/1346 977/3108/3088 3034/1514/1508
f 977/3108/3088 1078/1506/1500 3034/1514/1508
f 3035/899/896 1015/339/339 1815/2014/2006
f 3035/899/896 1615/898/895 1015/339/339
f 2368/2892/2877 281/384/384 3036/3619/3561
f 281/384/384 1976/971/968 3036/3619/3561
f 2689/2947/2932 3037/1518/1512 3538/370/370
f 3037/1518/1512 2689/2947/2932 854/454/454
f 3586/3014/2998 3038/368/368 2245/453/453
f 3038/368/368 3037/1518/1512 2245/453/453
f 1141/1270/1265 3039/1272/1267 508/3256/3230
f 508/3256/3230 3039/1272/1267 605/496/496
f 1886/1852/1845 3040/3604/3547 1888/3605/3548
f 3040/3604/3547 1614/858/855 1888/3605/3548
f 3041/3273/3246 1157/334/334 1258/762/761
f 562/3272/2230 1157/334/334 3041/3273/3246
f 3042/1730/1723 364/1713/1707 1975/1213/1208
f 1344/1212/1207 3042/1730/1723 1975/1213/1208
f 1537/2043/2035 3043/2168/2158 1831/2044/2036
f 2103/2046/2038 3557/2045/2037 1537/2043/2035
f 1064/2443/2433 1375/2361/2351 3044/2360/2350
f 3402/2359/2349 3044/2360/2350 1375/2361/2351
f 617/2397/2387 143/1200/1195 3045/1198/1193
f 3045/1198/1193 3058/2398/2388 617/2397/2387
f 1047/2614/704 1553/2613/2600 3046/3188/3166
f 1640/703/702 1047/705/704 3046/3189/3166
f 114/150/150 1502/113/113 3047/2805/2791
f 114/150/150 3047/2805/2791 2649/548/548
f 687/2575/2562 3048/995/992 2813/2576/2563
f 687/2575/2562 1441/856/853 3048/995/992
f 1117/3245/3221 3049/5/5 24/3011/2995
f 3049/5/5 894/4/4 24/3011/2995
f 1499/2595/2582 632/3500/3463 3050/3501/3464
f 3050/3501/3464 94/996/993 1499/2595/2582
f 3166/3410/3375 2717/3409/3374 3051/1741/1734
f 954/3075/3055 3051/1741/1734 2910/2867/2853
f 532/1693/1687 3052/1692/1686 3053/1694/1688
f 105/286/286 3052/1692/1686 121/1691/1685
f 105/286/286 344/1366/1361 3053/1694/1688
f 105/286/286 3053/1694/1688 3052/1692/1686
f 2284/791/790 1779/1289/1284 3054/1589/1583
f 3054/1589/1583 440/3074/3054 2284/791/790
f 1194/1216/1211 3055/3312/3283 2794/3311/3282
f 2794/3311/3282 3055/3312/3283 92/696/695
f 1184/1836/1829 1248/2664/2650 3056/2663/2649
f 1184/1836/1829 3056/2663/2649 404/539/539
f 2591/2808/2794 3057/3325/3294 270/2681/2667
f 270/2681/2667 3057/3325/3294 1214/3324/359
f 3045/1198/1193 3257/3363/3330 3058/2398/2388
f 3058/2398/2388 3257/3363/3330 1856/3378/3343
f 647/1984/1976 1318/3104/3084 3059/2495/2484
f 3059/2495/2484 1183/2496/2485 647/1984/1976
f 1918/1637/1631 1107/3241/3217 3060/938/935
f 1107/3241/3217 1516/187/187 3060/938/935
f 2453/2813/2799 1978/3620/3562 3061/2589/2576
f 3061/2589/2576 1978/3620/3562 2613/632/632
f 3062/2100/2091 178/1309/1304 3520/2034/2026
f 2095/3631/3571 178/1309/1304 3062/2100/2091
f 74/3001/2985 1813/1227/1222 3063/3220/3196
f 522/2114/2104 3063/3220/3196 1813/1227/1222
f 768/947/944 3271/2971/2955 3064/1217/1212
f 2234/1030/1027 768/947/944 3064/1217/1212
f 3065/3103/3083 2814/3379/3344 224/1446/1440
f 3059/2495/2484 3065/3103/3083 224/1446/1440
f 480/1986/1978 1170/1989/1981 3066/1992/1984
f 3066/1992/1984 1170/1989/1981 1597/1988/1980
f 3067/2078/2070 1852/883/880 158/3080/3060
f 3067/2078/2070 158/3080/3060 2696/3259/3233
f 3068/1315/1310 772/2666/2652 2550/2665/2651
f 1740/1415/1409 772/2666/2652 3068/1315/1310
f 1147/1271/1266 3069/2352/2342 2169/3261/3235
f 107/2081/2073 2169/3261/3235 3069/2352/2342
f 255/2779/2765 1174/2694/2680 3070/2620/2606
f 3281/2404/2394 255/2779/2765 3070/2620/2606
f 846/3615/3557 1957/3507/3470 3071/248/248
f 3071/248/248 1957/3507/3470 1511/2157/2147
f 3072/2098/2089 1357/1411/1405 1951/2083/2075
f 1951/2083/2075 2949/3294/3265 3072/2098/2089
f 3073/2305/2295 589/2897/2882 830/2896/2881
f 3073/2305/2295 830/2896/2881 2482/2652/2638
f 3074/2097/2088 515/1255/1250 2190/1254/1249
f 3074/2097/2088 3072/2098/2089 515/1255/1250
f 3075/2266/2256 2402/3652/3586 574/2267/2257
f 3075/2266/2256 2396/3308/3279 2402/3652/3586
f 3076/575/575 2074/2839/2825 137/3412/3377
f 137/3412/3377 2325/622/622 3076/575/575
f 1297/825/822 3077/3385/3350 2022/2819/2805
f 2022/2819/2805 3077/3385/3350 238/1598/1592
f 3078/2311/2301 1162/2310/2300 382/3638/3577
f 382/3638/3577 3086/3139/3117 3078/2311/2301
f 1346/2130/2120 3079/1257/1252 762/1259/1254
f 1423/3120/3098 3079/1257/1252 1346/2130/2120
f 546/2686/2672 2712/3391/3356 3080/2163/2153
f 706/713/712 3513/712/711 3080/2163/2153
f 1768/3277/3248 3081/2759/2745 2647/2312/2302
f 1768/3277/3248 2710/2761/2747 3081/2759/2745
f 2338/1275/1270 3082/2145/2135 541/2857/2843
f 2114/799/798 3082/2145/2135 2338/1275/1270
f 3083/1701/1695 1224/170/170 877/172/172
f 3083/1701/1695 548/1739/1732 1224/170/170
f 493/1220/1215 3084/2088/2080 521/1431/1425
f 493/1220/1215 3010/1274/1269 3084/2088/2080
f 3085/2411/2401 1505/2408/2398 2099/2410/2400
f 1505/2408/2398 3085/2411/2401 1273/1604/1598
f 3086/3139/3117 382/3638/3577 2180/2655/2641
f 994/1164/1159 3086/3139/3117 2180/2655/2641
f 3087/2099/2090 215/1166/1161 2929/1195/1190
f 3087/2099/2090 2929/1195/1190 2316/1194/1189
f 211/716/715 3088/1663/1657 2785/3664/3591
f 3088/1663/1657 211/716/715 1324/1646/1640
f 2233/3196/3173 2232/3436/3399 3089/1901/1893
f 2232/3436/3399 1639/3435/3398 3089/1901/1893
f 3090/1403/1397 815/2979/2963 2450/1676/1670
f 3090/1403/1397 2563/84/84 815/2979/2963
f 3091/849/846 841/2914/2899 1972/953/950
f 841/2914/2899 3091/849/846 630/2362/2352
f 1079/2344/2334 3092/787/786 603/409/409
f 3092/787/786 3093/3216/3192 939/785/784
f 3093/3216/3192 3092/787/786 1079/2344/2334
f 3/1374/1369 3093/3216/3192 1079/2344/2334
f 3094/196/196 2148/3555/3507 1708/3053/3033
f 3093/3216/3192 3094/196/196 1708/3053/3033
f 780/1070/1067 3095/2676/2662 3096/3351/3320
f 1245/3349/3318 3095/2676/2662 2627/908/905
f 3096/3351/3320 1245/3349/3318 2319/3609/3552
f 1245/3349/3318 3096/3351/3320 3095/2676/2662
f 2319/3609/3552 3097/2806/2792 1133/2474/2463
f 3097/2806/2792 2319/3609/3552 1245/3349/3318
f 683/202/202 3098/2271/2261 3448/3505/3468
f 683/202/202 186/2570/2557 3098/2271/2261
f 596/390/390 2890/2316/2306 3099/2318/2308
f 3099/2318/2308 973/3100/3080 596/390/390
f 1895/1292/1287 1609/2787/2773 3100/2758/2744
f 1895/1292/1287 3100/2758/2744 1081/1773/1766
f 735/2712/2698 3101/1004/1001 1611/804/803
f 735/2712/2698 1032/2206/2196 3101/1004/1001
f 3102/3522/3484 2842/3072/3052 1540/407/407
f 3102/3522/3484 2470/3073/3053 2842/3072/3052
f 3102/3522/3484 3103/3238/3214 2470/3073/3053
f 3102/3522/3484 1541/2226/2216 3103/3238/3214
f 2572/2467/2456 3104/323/323 18/2465/2454
f 970/2253/2243 18/2465/2454 3104/323/323
f 2309/3440/3403 3495/3669/631 3105/2927/2912
f 1441/856/853 3105/2927/2912 847/2515/2504
f 886/27/27 3106/3092/3072 8/414/414
f 3106/3092/3072 886/27/27 1688/2508/2497
f 1616/2736/2722 3107/2740/2726 869/100/100
f 3107/2740/2726 1616/2736/2722 875/2739/2725
f 658/433/433 1403/3155/3133 3108/2521/2509
f 2244/2522/2510 658/433/433 3108/2521/2509
f 3109/499/499 47/3248/3222 938/408/408
f 47/3248/3222 3109/499/499 2843/498/498
f 228/1346/1341 3110/2907/2892 1819/1892/1884
f 1819/1892/1884 3110/2907/2892 1926/1303/1298
f 915/2797/2783 3111/2796/2782 3323/3037/3021
f 3111/2796/2782 2030/2795/2781 774/2990/2974
f 261/2662/2648 3112/540/540 3056/2663/2649
f 261/2662/2648 2100/542/542 3112/540/540
f 3113/1265/1260 2097/1264/1259 882/2054/2046
f 3113/1265/1260 882/2054/2046 2656/3000/2984
f 1674/1277/1272 1256/1279/1274 3114/3670/2086
f 3114/3670/2086 31/3371/809 1674/1277/1272
f 2191/1894/1886 3115/2895/2880 2515/2894/2879
f 2514/3338/3307 2515/2894/2879 3115/2895/2880
f 2139/428/428 876/425/425 3116/2989/2973
f 876/425/425 2365/423/423 3116/2989/2973
f 1618/1628/1622 3117/3479/3442 324/1629/1623
f 3117/3479/3442 1618/1628/1622 322/1626/1620
f 384/1459/1453 3118/1727/1720 1477/1774/1767
f 3118/1727/1720 384/1459/1453 1455/1726/1719
f 1240/2646/2632 1991/2648/2634 3119/2583/2570
f 1240/2646/2632 3119/2583/2570 3479/2607/2594
f 1073/2730/2716 2045/2728/2714 3120/1731/1724
f 1073/2730/2716 3120/1731/1724 3577/2731/2717
f 43/2703/2689 3121/2704/2690 2423/1290/1285
f 43/2703/2689 3122/2705/2691 3121/2704/2690
f 2606/3617/3559 2607/3141/3119 3122/2705/2691
f 3122/2705/2691 43/2703/2689 2606/3617/3559
f 2181/1041/1038 756/3446/3409 3123/1990/1982
f 756/3446/3409 2917/2498/2487 3123/1990/1982
f 2877/3058/3038 274/466/466 3124/1294/1289
f 2376/380/380 3124/1294/1289 3125/381/381
f 3125/381/381 3124/1294/1289 274/466/466
f 3125/381/381 274/466/466 698/379/379
f 741/3035/3019 3126/584/584 600/2334/2324
f 600/2334/2324 3126/584/584 1545/515/515
f 1125/2852/2838 1974/2434/2424 3127/3234/3210
f 3127/3234/3210 1974/2434/2424 2472/3235/3211
f 2961/2598/2585 697/2597/2584 3128/1063/1060
f 296/3314/3285 3128/1063/1060 697/2597/2584
f 3129/3623/3564 1298/2640/2626 2012/2949/2934
f 242/1575/1569 1298/2640/2626 3130/3387/3352
f 3130/3387/3352 1298/2640/2626 3129/3623/3564
f 3130/3387/3352 3129/3623/3564 2013/237/237
f 3131/216/216 3326/2941/2926 798/1168/1163
f 798/1168/1163 797/20/20 3134/2844/2830
f 2472/3235/3211 1098/2438/2428 3132/3052/3032
f 2610/118/118 2472/3235/3211 3132/3052/3032
f 296/3314/3285 1502/113/113 3133/149/149
f 296/3314/3285 3133/149/149 3128/1063/1060
f 2201/2846/2832 3131/216/216 3134/2844/2830
f 3134/2844/2830 3131/216/216 798/1168/1163
f 1625/1920/1912 446/236/236 3135/215/215
f 446/236/236 1297/825/822 3135/215/215
f 131/2697/2683 3136/2437/2427 1122/2701/2687
f 3136/2437/2427 2024/275/275 1122/2701/2687
f 2460/690/690 144/1448/1442 3137/2001/1993
f 144/1448/1442 205/3470/3433 3137/2001/1993
f 3138/538/538 2340/1750/1743 2341/795/794
f 2340/1750/1743 3138/538/538 3000/537/537
f 1160/174/174 3139/3276/3247 2017/175/175
f 3139/3276/3247 1160/174/174 2710/2761/2747
f 337/521/521 3140/658/658 348/522/522
f 433/1846/1839 348/522/522 3140/658/658
f 294/1295/1290 3141/3265/3239 3146/2938/2923
f 3141/3265/3239 294/1295/1290 3124/1294/1289
f 2202/514/514 2297/739/738 3142/103/103
f 3142/103/103 1545/515/515 2202/514/514
f 3143/2742/2728 1920/806/805 214/3240/3216
f 3143/2742/2728 747/3125/3103 1920/806/805
f 1631/875/872 755/1230/1225 3144/2760/2746
f 3144/2760/2746 755/1230/1225 1063/1232/1227
f 485/440/440 488/442/442 3145/338/338
f 485/440/440 3145/338/338 2442/3388/3353
f 2053/387/387 3533/2936/2921 3146/2938/2923
f 3146/2938/2923 3141/3265/3239 2053/387/387
f 5/430/430 1204/412/412 3147/2738/2724
f 1925/424/424 3147/2738/2724 1204/412/412
f 2209/2791/2777 217/676/676 3148/3489/3452
f 3148/3489/3452 1475/3488/3451 2209/2791/2777
f 3149/517/517 3024/519/519 590/885/882
f 2296/3203/3179 3149/517/517 590/885/882
f 3150/2315/2305 1952/69/69 941/2593/2580
f 2680/1508/1502 1952/69/69 3150/2315/2305
f 1311/2343/2333 3151/1510/1504 1180/2058/2050
f 3553/3226/3202 1180/2058/2050 3151/1510/1504
f 1382/3452/3415 2473/1609/1603 3152/2845/2831
f 3152/2845/2831 288/22/22 1382/3452/3415
f 1924/3589/3535 3153/70/70 2680/1508/1502
f 3401/3588/3534 3153/70/70 1924/3589/3535
f 2369/136/136 1068/3082/3062 3154/679/679
f 1451/678/678 2369/136/136 3154/679/679
f 1199/279/279 289/280/280 3155/1603/1597
f 289/280/280 816/2869/2855 3413/2868/2854
f 966/3298/3269 1733/3577/3528 3156/3003/2987
f 3156/3003/2987 3106/3092/3072 966/3298/3269
f 3157/691/691 489/2016/2008 3423/441/441
f 489/2016/2008 3157/691/691 2460/690/690
f 3158/2792/2778 2209/2791/2777 1234/2242/2232
f 3410/12/12 1234/2242/2232 2426/13/13
f 3159/3266/3240 2376/380/380 2219/2596/2583
f 2961/2598/2585 3159/3266/3240 2219/2596/2583
f 2152/1724/1717 1442/3474/3437 3160/1347/1342
f 3160/1347/1342 1442/3474/3437 2874/1039/1036
f 3161/2456/2445 1216/2670/2656 2007/892/889
f 1216/2670/2656 3161/2456/2445 2893/3328/3297
f 3162/1785/1778 3483/1457/1451 2836/1787/1780
f 153/1338/1333 3162/1785/1778 192/1336/1331
f 1921/497/497 1136/2345/2335 3163/2509/2498
f 1921/497/497 3163/2509/2498 235/941/938
f 1479/1011/1008 2648/3064/3044 3164/1002/999
f 1479/1011/1008 3164/1002/999 1547/1001/998
f 3165/2256/2246 2722/1172/1167 701/819/816
f 701/819/816 1834/2257/2247 3165/2256/2246
f 954/3075/3055 3166/3410/3375 3051/1741/1734
f 3166/3410/3375 954/3075/3055 1188/654/654
f 3167/1104/1099 2493/2294/2284 2132/2035/2027
f 3167/1104/1099 721/2295/2285 2493/2294/2284
f 3168/985/982 1301/336/336 3256/986/983
f 3168/985/982 2283/1968/1960 1301/336/336
f 512/1432/1426 3169/2998/2982 2254/2994/2978
f 2254/2994/2978 3169/2998/2982 884/2995/2979
f 641/2481/2470 3170/331/331 1650/2483/2472
f 1437/3020/3004 3170/331/331 641/2481/2470
f 1698/1586/1580 3171/3282/3253 6/1587/1581
f 3171/3282/3253 1698/1586/1580 1262/2298/2288
f 3172/3361/3328 3171/3282/3253 1262/2298/2288
f 3172/3361/3328 1262/2298/2288 3497/881/878
f 3173/1744/1737 3352/1746/1739 372/2564/2551
f 372/2564/2551 1982/1747/1740 3173/1744/1737
f 3174/3359/3326 2852/3591/3537 1797/3360/3327
f 1619/1699/1693 3174/3359/3326 1797/3360/3327
f 1238/3342/3311 845/731/730 3175/1251/1246
f 3175/1251/1246 845/731/730 2224/732/731
f 2822/1068/1065 3176/1067/1064 82/3585/1173
f 3176/1071/1064 780/1070/1067 82/1178/1173
f 3178/1325/1320 3329/1954/1946 3177/872/869
f 3178/1325/1320 3177/872/869 2086/1651/1645
f 111/1947/1939 3178/1325/1320 2086/1651/1645
f 111/1947/1939 3179/1326/1321 3178/1325/1320
f 812/1949/1941 3179/1326/1321 111/1947/1939
f 812/1949/1941 117/1962/1954 3179/1326/1321
f 3180/1345/1340 823/2887/2873 2267/2197/2187
f 2693/2889/2875 823/2887/2873 3180/1345/1340
f 3182/209/209 3181/708/707 2205/207/207
f 75/983/980 352/706/705 3181/708/707
f 75/983/980 3181/708/707 3182/209/209
f 1693/836/833 75/983/980 3182/209/209
f 3183/1161/1156 1706/2820/2806 1376/1160/1155
f 3561/2824/2810 1706/2820/2806 3183/1161/1156
f 3512/929/926 2279/3499/3462 3184/930/927
f 2279/3499/3462 146/668/668 3184/930/927
f 3185/797/796 1828/536/536 3138/538/538
f 1828/536/536 3185/797/796 2873/3595/3541
f 1940/745/744 3186/2831/2817 1197/746/745
f 1197/746/745 3186/2831/2817 2229/3251/3225
f 1485/1618/1612 3187/2446/2436 631/993/990
f 631/993/990 3187/2446/2436 2386/2445/2435
f 1203/2514/2503 1837/2512/2501 3188/3434/3397
f 2222/700/699 3188/3434/3397 1837/2512/2501
f 1016/675/675 3189/677/677 437/3163/3141
f 2233/3196/3173 437/3163/3141 3189/677/677
f 3190/106/106 109/1094/1089 2075/1642/1636
f 3190/106/106 469/1092/1087 109/1094/1089
f 3191/2533/2521 659/2377/2367 1403/3155/3133
f 658/433/433 3191/2533/2521 1403/3155/3133
f 3192/3176/3154 135/3175/3153 3230/3177/3155
f 135/3175/3153 3192/3176/3154 1722/1150/1145
f 1674/1277/1272 3193/3372/3337 1333/2174/2164
f 1333/2174/2164 3193/3372/3337 2335/278/278
f 3194/417/417 834/416/416 225/2584/2571
f 3194/417/417 225/2584/2571 1272/1926/1918
f 617/2397/2387 1481/1404/1398 3195/2287/2277
f 583/1240/1235 3195/2287/2277 1481/1404/1398
f 965/3373/3338 3196/364/364 283/363/363
f 3196/364/364 965/3373/3338 1565/2303/2293
f 2608/1530/1524 3197/2919/2904 320/3432/3395
f 1601/3415/3380 320/3535/3395 3197/3537/2904
f 3198/3523/3485 728/1581/1575 1879/688/688
f 1195/3179/3157 728/1581/1575 3198/3523/3485
f 15/629/629 3199/3028/3012 2885/3026/3010
f 15/629/629 2104/351/351 3199/3028/3012
f 3200/3303/3274 1947/1226/1221 380/771/770
f 3200/3303/3274 380/771/770 2635/3304/3275
f 2521/1564/1558 244/3473/3436 3201/2843/2829
f 1520/2841/2827 3201/2843/2829 3202/1566/1560
f 3202/1566/1560 244/3473/3436 3232/1567/1561
f 3201/2843/2829 244/3473/3436 3202/1566/1560
f 3203/3150/3128 79/3149/3127 1584/3532/3494
f 267/1440/1434 3204/1424/1418 1584/3532/3494
f 3204/1424/1418 3203/3150/3128 1584/3532/3494
f 3204/1424/1418 229/1423/1417 3203/3150/3128
f 3205/1532/1526 843/2920/2905 2608/1530/1524
f 3205/1532/1526 2019/2921/2906 843/2920/2905
f 2150/3055/3035 1642/3418/3383 3206/329/329
f 2145/2715/2701 3206/329/329 1642/3418/3383
f 1673/2540/2528 1189/2539/2527 3207/1017/1014
f 1189/2539/2527 2396/3308/3279 3207/1017/1014
f 3208/3305/3276 2155/1445/1439 646/1444/1438
f 3209/3565/3516 3208/3305/3276 1058/2309/2299
f 1183/2496/2485 2155/1445/1439 3209/3565/3516
f 2155/1445/1439 3208/3305/3276 3209/3565/3516
f 400/256/256 3210/1262/1257 451/1489/1483
f 3210/1262/1257 1941/1783/1776 451/1489/1483
f 3211/3447/3410 2681/2448/2438 3050/3501/3464
f 3211/3447/3410 1659/3633/3573 2681/2448/2438
f 1716/246/246 2483/3289/3260 3212/55/55
f 1716/246/246 3212/55/55 3548/3610/3553
f 338/1461/1455 3213/1656/1650 2424/1453/1447
f 3214/926/923 338/1461/1455 677/1065/1062
f 338/1461/1455 3214/926/923 3213/1656/1650
f 3214/926/923 2004/1498/1492 3213/1656/1650
f 182/3015/2999 28/452/452 3215/3013/2997
f 28/452/452 2457/3017/3001 3215/3013/2997
f 792/2830/2816 1129/999/996 3216/823/820
f 3216/823/820 2907/2882/2868 792/2830/2816
f 3217/870/867 399/1260/1255 206/871/868
f 3217/870/867 1677/698/697 399/1260/1255
f 642/3598/3543 3218/484/484 2167/2484/2473
f 3351/1379/1374 642/3598/3543 2410/3541/3498
f 1568/73/73 236/181/181 3219/485/485
f 3351/1379/1374 1568/73/73 3219/485/485
f 3220/1108/1103 12/1034/1031 1530/1036/1033
f 1530/1036/1033 3221/599/599 3220/1108/1103
f 3418/1734/1727 1969/1735/1728 3221/599/599
f 1969/1735/1728 3220/1108/1103 3221/599/599
f 2003/1910/1902 208/1912/1904 3222/487/487
f 3221/599/599 3222/487/487 208/1912/1904
f 1316/38/38 2755/1799/1792 3223/3451/3414
f 3223/3451/3414 2535/39/39 1316/38/38
f 3224/1296/1291 2395/1130/1125 2394/2444/2434
f 1467/1131/1126 2395/1130/1125 3224/1296/1291
f 1465/1307/1302 1645/3483/3446 3225/3484/3447
f 3225/3484/3447 1645/3483/3446 534/2834/2820
f 2945/1978/1970 2537/1961/1953 3226/1965/1957
f 1472/1979/1971 2945/1978/1970 3226/1965/1957
f 2116/3268/3242 3227/683/683 805/3267/3241
f 805/3267/3241 3227/683/683 911/685/685
f 1569/2057/2049 3228/3529/3491 602/3301/3272
f 3228/3529/3491 1569/2057/2049 239/3106/3086
f 3229/1881/1873 431/1044/1041 2059/1886/1878
f 431/1044/1041 3229/1881/1873 49/1045/1042
f 135/3175/3153 2372/1717/1710 3230/3177/3155
f 2372/1717/1710 1040/2373/2363 3230/3177/3155
f 3504/2520/2508 2868/1554/1548 3231/2816/2802
f 662/139/139 1415/3339/3308 3231/2816/2802
f 244/3473/3436 1275/1563/1557 3232/1567/1561
f 1209/3070/3050 3232/1567/1561 1275/1563/1557
f 2476/2432/2422 3233/3353/2894 1282/651/651
f 1249/652/652 1282/651/651 3233/3353/2894
f 1111/3183/3161 2016/470/470 3234/3244/3220
f 1111/3183/3161 3234/3244/3220 1044/565/565
f 2998/254/254 326/3181/3159 3235/222/222
f 3235/222/222 326/3181/3159 3234/3244/3220
f 3236/240/240 580/239/239 667/2384/2374
f 667/2384/2374 666/434/434 3236/240/240
f 3194/417/417 257/3217/3193 3237/415/415
f 1080/1211/1206 3237/415/415 257/3217/3193
f 3238/3625/3566 2072/1219/1214 2480/1782/1775
f 3238/3625/3566 2071/1862/1855 2072/1219/1214
f 1044/565/565 3239/564/564 1109/3330/3299
f 1109/3330/3299 3239/564/564 2413/3243/3219
f 1392/3455/3418 2669/511/511 3240/3456/3419
f 3240/3456/3419 2037/1300/1295 1392/3455/3418
f 2487/1879/1871 2266/1888/1880 3241/3648/3583
f 2487/1879/1871 3241/3648/3583 3505/1880/1872
f 3242/10/10 1083/2930/2915 1544/2932/2917
f 2447/2931/2916 1083/2930/2915 3242/10/10
f 2942/30/30 614/2723/2709 3243/2721/2707
f 2187/2722/2708 3243/2721/2707 614/2723/2709
f 1606/543/543 2600/2125/2115 3244/2129/2119
f 3244/2129/2119 2600/2125/2115 1786/2127/2117
f 2282/91/91 2246/1762/1755 3245/1569/1563
f 3245/1569/1563 2246/1762/1755 1962/1761/1754
f 165/1349/1344 923/1348/1343 3246/1857/1850
f 3246/1857/1850 3259/3627/3567 165/1349/1344
f 2346/479/479 3247/473/473 10/3513/3475
f 10/3513/3475 3247/473/473 638/475/475
f 2818/3497/3460 3248/623/623 3546/3498/3461
f 3248/623/623 1629/1792/1785 232/1791/1784
f 3249/2118/2108 183/1801/1794 2668/1800/1793
f 2558/2117/2107 3578/962/959 3249/2118/2108
f 551/1418/1412 553/177/177 3250/1278/1273
f 3250/1278/1273 553/177/177 2301/176/176
f 1558/2042/2034 3251/201/201 154/1096/1091
f 1558/2042/2034 549/3231/3207 3251/201/201
f 3485/3630/3570 547/2165/2155 3252/7/7
f 3252/7/7 547/2165/2155 1592/300/300
f 1555/3525/3487 169/1967/1959 3253/3481/3444
f 3276/2167/2157 3253/3481/3444 169/1967/1959
f 1723/1056/1053 3254/1055/1052 1378/2012/2004
f 3254/1055/1052 1377/220/220 1378/2012/2004
f 3255/3518/3480 1534/1556/1550 620/1551/1545
f 620/1551/1545 1794/1552/1546 3338/2429/2419
f 1257/335/335 475/2970/2954 3256/986/983
f 3256/986/983 1301/336/336 1257/335/335
f 3045/1198/1193 1266/2395/2385 3257/3363/3330
f 1267/1159/1154 3257/3363/3330 1266/2395/2385
f 116/2771/2757 3258/3164/3142 1021/468/468
f 1021/468/468 3258/3164/3142 2530/143/143
f 165/1349/1344 3259/3627/3567 2859/1736/1729
f 2859/1736/1729 3259/3627/3567 146/668/668
f 2510/2370/2360 3260/3122/3100 610/2371/2361
f 3260/3122/3100 2120/3123/3101 610/2371/2361
f 1923/327/327 3261/436/436 2938/325/325
f 1923/327/327 124/1035/1032 3261/436/436
f 1745/1837/1830 3262/1838/1831 1865/764/763
f 3262/1838/1831 3263/3578/3529 1184/1836/1829
f 3262/1838/1831 1745/1837/1830 3263/3578/3529
f 3263/3578/3529 1745/1837/1830 1744/1512/1506
f 1254/1224/1219 3264/2086/2078 78/1225/1220
f 1254/1224/1219 1278/3357/3324 3264/2086/2078
f 711/2651/2637 2225/2804/2790 3265/1142/1137
f 711/2651/2637 3265/1142/1137 1649/3193/3170
f 2085/2785/2771 1003/410/410 3266/3148/3126
f 1003/410/410 1598/1242/1237 3266/3148/3126
f 2440/276/276 1798/1394/1389 3267/1079/1074
f 72/268/268 2440/276/276 3267/1079/1074
f 2709/1907/1899 708/2794/2780 3268/3239/3215
f 3268/3239/3215 708/2794/2780 944/383/383
f 968/1076/1071 3269/2186/2176 969/1074/1069
f 3269/2186/2176 968/1076/1071 2241/3096/3076
f 157/3283/3254 3270/1180/1175 1709/3572/3523
f 1709/3572/3523 3270/1180/1175 1764/2749/2735
f 3064/1217/1212 3271/2971/2955 70/1215/1210
f 3271/2971/2955 1874/2089/2081 70/1215/1210
f 3272/3071/3051 3584/821/818 952/820/817
f 3272/3071/3051 952/820/817 2042/3411/3376
f 2433/1811/1804 396/1321/1316 3273/1809/1802
f 396/1321/1316 1903/1802/1795 3273/1809/1802
f 2499/640/640 3274/808/807 699/3230/3206
f 2974/3561/3513 699/3230/3206 3274/808/807
f 1649/3193/3170 3265/1142/1137 3275/3194/3171
f 3275/3194/3171 1205/233/233 1649/3193/3170
f 1094/1494/1488 3030/3482/3445 3276/2167/2157
f 3276/2167/2157 3030/3482/3445 3253/3481/3444
f 1587/945/942 221/2284/2274 3277/943/940
f 3277/943/940 221/2284/2274 2670/2278/2268
f 184/1206/1201 1736/1711/1705 3278/1729/1722
f 3042/1730/1723 3278/1729/1722 1736/1711/1705
f 2650/2171/2161 817/2170/2160 3279/3658/120
f 817/2170/2160 2310/3651/2858 3279/3658/120
f 698/379/379 3280/2400/2390 619/2603/2590
f 3280/2400/2390 1600/3390/3355 619/2603/2590
f 2714/2407/2397 3281/2404/2394 1055/2403/2393
f 2714/2407/2397 255/2779/2765 3281/2404/2394
f 936/839/836 1999/2823/2809 3282/3596/3542
f 1529/2821/2807 3282/3596/3542 1999/2823/2809
f 467/1680/1674 908/262/262 3283/1696/1690
f 3283/1696/1690 908/262/262 1854/3021/3005
f 717/580/580 2215/6/6 3284/3009/2993
f 3490/298/298 717/580/580 3284/3009/2993
f 468/1343/1338 689/1419/1413 3285/2579/2566
f 689/1419/1413 2378/2580/2567 3285/2579/2566
f 2531/2810/2796 3286/2812/2798 3287/1153/1148
f 2274/2588/2575 784/3649/3584 3286/2812/2798
f 3287/1153/1148 784/3649/3584 76/2587/2574
f 3286/2812/2798 784/3649/3584 3287/1153/1148
f 3288/72/72 1891/3377/3342 1288/179/179
f 1605/71/71 1891/3377/3342 3288/72/72
f 204/591/591 3289/523/523 1001/2777/2763
f 1345/2582/2569 1001/2777/2763 3289/523/523
f 475/2970/2954 555/1976/1968 3290/3023/3007
f 2347/1970/1962 475/2970/2954 3290/3023/3007
f 317/2569/2556 3291/1544/1538 2306/2547/2535
f 821/1545/1539 3291/1544/1538 317/2569/2556
f 2894/625/625 1889/67/67 3292/2850/2836
f 1889/67/67 1809/66/66 3292/2850/2836
f 1718/1896/1888 3293/970/967 1730/2558/2545
f 3293/970/967 1718/1896/1888 1104/1898/1890
f 490/1048/1045 3294/2501/2490 2077/3396/3361
f 2077/3396/3361 3294/2501/2490 1309/2912/2897
f 98/1688/1682 3295/1365/1360 450/1689/1683
f 3295/1365/1360 422/81/81 450/1689/1683
f 738/1923/1915 3296/3365/3332 3571/3364/3331
f 3296/3365/3332 738/1923/1915 2047/1922/1914
f 2210/123/123 3297/1830/1823 3469/1867/1860
f 2210/123/123 2667/122/122 3297/1830/1823
f 3298/3431/3394 1352/152/152 1250/2120/2110
f 1250/2120/2110 1699/2121/2111 3298/3431/3394
f 1496/1209/1204 3299/2829/2815 2106/1210/1205
f 1496/1209/1204 3546/3498/3461 3299/2829/2815
f 1154/1612/1606 1521/272/272 3300/2861/2847
f 2862/977/974 3362/3668/3595 3300/2861/2847
f 862/50/50 119/52/52 3301/2416/2406
f 1048/2414/2404 3301/2416/2406 119/52/52
f 1514/2198/2188 3302/3509/3472 1884/948/945
f 1884/948/945 3302/3509/3472 2792/3603/3546
f 636/2957/2942 3303/2737/2723 1833/164/164
f 3303/2737/2723 636/2957/2942 2430/506/506
f 1518/2062/2054 3304/2064/2056 2557/2999/2983
f 3304/2064/2056 2558/2117/2107 2557/2999/2983
f 1042/397/397 3305/252/252 258/2354/2344
f 2933/3666/3593 3305/252/252 1042/397/397
f 1268/2658/2644 382/3638/3577 3306/2659/2645
f 382/3638/3577 1162/2310/2300 3306/2659/2645
f 3307/2750/2736 751/743/742 1623/2751/2737
f 2112/456/456 751/743/742 3307/2750/2736
f 1371/154/154 3308/1503/1497 2750/2581/2568
f 2240/1504/1498 3308/1503/1497 1371/154/154
f 898/2903/2888 3309/2527/2515 2342/2984/2968
f 2342/2984/2968 3309/2527/2515 2718/2526/2514
f 3310/3540/3497 736/2718/2704 1604/2717/2703
f 1340/3417/3382 736/2718/2704 3310/3540/3497
f 423/592/592 2595/1882/1874 3311/1883/1875
f 3311/1883/1875 432/590/590 423/592/592
f 2682/3637/3576 3517/3607/3550 3312/33/33
f 2178/1577/1571 2682/3637/3576 3313/3107/3087
f 3313/3107/3087 3312/33/33 239/3106/3086
f 2682/3637/3576 3312/33/33 3313/3107/3087
f 900/1050/1047 1149/1052/1049 3314/3010/2994
f 900/1050/1047 3314/3010/2994 3536/369/369
f 893/2945/2930 3314/3010/2994 3315/303/303
f 893/2945/2930 3315/303/303 3566/302/302
f 2523/3552/3504 859/615/615 3316/704/703
f 859/615/615 2273/2525/2513 3316/704/703
f 1904/2102/2093 518/3611/1349 3317/1097/1092
f 3448/3505/3468 3449/203/203 683/202/202
f 2500/2611/2598 822/2610/2597 3318/2155/2145
f 1591/2885/2871 3318/2155/2145 822/2610/2597
f 3319/153/153 1352/152/152 13/2220/2210
f 2240/1504/1498 3319/153/153 13/2220/2210
f 3320/340/340 1615/898/895 59/2007/1999
f 59/2007/1999 2177/2006/1998 3320/340/340
f 3321/3421/3386 2913/3427/3392 3322/1376/1371
f 2913/3427/3392 3321/3421/3386 2997/3419/3384
f 1173/1474/1468 3322/1376/1371 1348/1473/1467
f 1348/1473/1467 3322/1376/1371 2913/3427/3392
f 3323/3037/3021 3111/2796/2782 774/2990/2974
f 3116/2989/2973 3323/3037/3021 774/2990/2974
f 2147/3416/3381 2321/1324/1319 3324/3636/3575
f 2321/1324/1319 2134/1323/1318 3324/3636/3575
f 863/3046/3029 1119/2203/2193 3325/3247/2949
f 3325/3247/2949 934/3047/2948 863/3046/3029
f 3326/2941/2926 3131/216/216 284/2937/2922
f 3326/2941/2926 284/2937/2922 851/1169/1164
f 3455/1917/1909 3327/1756/1749 378/1754/1747
f 3327/1756/1749 2190/1254/1249 378/1754/1747
f 3328/3542/3499 1607/1960/1952 479/1982/1974
f 1607/1960/1952 3433/1327/1322 3179/1326/1321
f 1468/852/849 3329/1954/1946 2362/3485/3448
f 2362/3485/3448 3329/1954/1946 3328/3542/3499
f 3330/2238/2228 2678/3519/3481 571/2234/2224
f 3330/2238/2228 571/2234/2224 1795/2237/2227
f 1823/24/24 3331/23/23 828/1546/1540
f 828/1546/1540 3332/2672/2658 435/2472/2461
f 3332/2672/2658 3331/23/23 1931/2673/2659
f 3332/2672/2658 828/1546/1540 3331/23/23
f 3333/1080/1075 401/1827/1820 2230/1770/1763
f 401/1827/1820 3405/1804/1797 394/1803/1796
f 1334/1595/1589 3334/2811/2797 783/1155/1150
f 3334/2811/2797 3287/1153/1148 783/1155/1150
f 3551/3536/2710 2188/3433/3396 3335/3414/3379
f 3335/3414/3379 2188/3433/3396 1335/349/349
f 2495/3380/3345 3336/2019/2011 2750/2581/2568
f 2495/3380/3345 3015/163/163 3336/2019/2011
f 3337/845/842 2502/2849/2835 928/2636/2622
f 2502/2849/2835 3337/845/842 844/844/841
f 3338/2429/2419 3255/3518/3480 620/1551/1545
f 1734/373/373 3255/3518/3480 3338/2429/2419
f 3339/1310/1305 2095/3631/3571 2094/3347/3316
f 3339/1310/1305 2094/3347/3316 2835/2122/2112
f 3340/309/309 601/2338/2328 2560/307/307
f 2039/305/305 601/2338/2328 3340/309/309
f 3341/2745/2731 718/2671/2657 2337/3531/3493
f 3341/2745/2731 2337/3531/3493 1583/388/388
f 2528/1003/1000 3342/1252/1247 1547/1001/998
f 1547/1001/998 3342/1252/1247 2522/2963/2947
f 2082/666/666 3343/3376/3341 1457/710/709
f 3343/3376/3341 2082/666/666 3259/3627/3567
f 1478/1583/1577 3344/545/545 102/1526/1520
f 1606/543/543 3344/545/545 1478/1583/1577
f 524/1878/1870 2463/1874/1866 3345/958/955
f 2487/1879/1871 524/1878/1870 3345/958/955
f 325/3138/3116 3346/43/43 2683/3137/3115
f 325/3138/3116 1816/41/41 3346/43/43
f 3347/3594/3540 1827/1660/1654 120/905/902
f 120/905/902 455/1146/1141 3347/3594/3540
f 1823/24/24 639/2346/2336 3348/25/25
f 3348/25/25 639/2346/2336 3349/3613/3555
f 1933/2349/2339 3349/3613/3555 639/2346/2336
f 1933/2349/2339 829/2351/2341 3349/3613/3555
f 1456/3478/3441 3350/2244/2234 2207/3162/3140
f 1016/675/675 2207/3162/3140 3350/2244/2234
f 3218/484/484 3351/1379/1374 3219/485/485
f 3218/484/484 642/3598/3543 3351/1379/1374
f 372/2564/2551 3352/1746/1739 1720/2565/2552
f 1720/2565/2552 3352/1746/1739 355/1703/1697
f 3353/2786/2772 1609/2787/2773 1725/897/894
f 1609/2787/2773 3353/2786/2772 229/1423/1417
f 2285/1316/1311 1210/2500/2489 3354/1416/1410
f 3539/3166/3144 3354/1416/1410 1210/2500/2489
f 262/664/664 2161/3383/3348 3355/3465/3428
f 3355/3465/3428 2161/3383/3348 1412/160/160
f 681/2561/2548 1823/24/24 3356/2554/2541
f 3356/2554/2541 675/2545/2533 681/2561/2548
f 466/1120/1115 3357/1119/1114 2313/1972/1964
f 3357/1119/1114 473/1969/1961 2313/1972/1964
f 250/1339/1334 3358/1549/1543 1794/1552/1546
f 3358/1549/1543 1928/2428/2418 1794/1552/1546
f 2078/1808/1801 2854/3352/3321 3359/77/77
f 2078/1808/1801 3359/77/77 1749/79/79
f 3360/78/78 1580/812/811 2596/2073/2065
f 1580/812/811 3360/78/78 3359/77/77
f 256/59/59 3361/3288/3259 626/1558/1552
f 256/59/59 3212/55/55 3361/3288/3259
f 3362/3668/3595 1154/1612/1606 3300/2861/2847
f 3362/3668/3595 1483/3024/3008 1154/1612/1606
f 1954/2741/2727 3363/507/507 1953/3034/3018
f 1954/2741/2727 2430/506/506 3363/507/507
f 3364/288/288 498/290/290 556/1417/1411
f 551/1418/1412 3364/288/288 556/1417/1411
f 2571/332/332 562/3272/2230 3365/3195/3172
f 1778/2200/2190 2571/332/332 3365/3195/3172
f 407/1505/1499 3366/964/961 1927/2063/2055
f 883/963/960 1927/2063/2055 3366/964/961
f 3367/3502/3465 1840/1245/1240 1503/603/603
f 1503/603/603 565/602/602 3368/1149/1144
f 3368/1149/1144 3367/3502/3465 1503/603/603
f 100/1148/1143 3367/3502/3465 3368/1149/1144
f 148/1066/1063 3369/1916/1908 1528/1805/1798
f 443/1914/1906 1528/1805/1798 3369/1916/1908
f 54/1430/1424 1638/2113/2103 3370/1229/1224
f 1813/1227/1222 3370/1229/1224 1638/2113/2103
f 3371/3654/3587 1168/3292/3263 1680/3564/3515
f 2503/3286/3257 3371/3654/3587 3372/2752/2738
f 3372/2752/2738 3371/3654/3587 1680/3564/3515
f 2740/3293/3264 3372/2752/2738 1680/3564/3515
f 3373/2402/2392 1600/3390/3355 1304/465/465
f 1600/3390/3355 3373/2402/2392 2519/1580/1574
f 3579/2968/2952 3374/1559/1553 251/1560/1554
f 1608/419/419 3374/1559/1553 3375/3318/3289
f 703/2618/2604 2984/2617/2603 3375/3318/3289
f 3579/2968/2952 3375/3318/3289 3374/1559/1553
f 3376/2847/2833 25/2634/2620 1808/3592/3538
f 3478/734/733 25/2634/2620 3376/2847/2833
f 3377/3551/3503 975/1991/1983 1317/2764/2750
f 1317/2764/2750 1318/3104/3084 3377/3551/3503
f 789/1151/1146 3192/3176/3154 3378/3178/3156
f 3378/3178/3156 3379/3516/3478 789/1151/1146
f 2612/3375/3340 3562/3642/3580 3379/3516/3478
f 3378/3178/3156 2612/3375/3340 3379/3516/3478
f 1222/1029/1026 3380/1031/1028 754/1222/1217
f 3380/1031/1028 1677/698/697 754/1222/1217
f 140/1095/1090 2263/1889/1881 3381/818/815
f 2263/1889/1881 428/1884/1876 3381/818/815
f 164/827/824 2196/826/823 3382/3159/3137
f 164/827/824 3382/3159/3137 1014/1812/1805
f 947/931/928 1269/667/667 3383/3039/3023
f 1457/710/709 3383/3039/3023 1269/667/667
f 3216/823/820 1279/403/403 3384/2511/2500
f 1279/403/403 3580/402/402 3384/2511/2500
f 3385/3101/3081 2477/1090/1085 974/949/946
f 190/2056/2048 3385/3101/3081 974/949/946
f 3386/2877/2863 482/2875/2861 2125/1994/1986
f 819/2876/2862 482/2875/2861 3386/2877/2863
f 2206/2326/2316 3387/2499/2488 1025/2323/2313
f 1635/2727/2713 3456/589/589 3387/2499/2488
f 479/1982/1974 1434/1983/1975 3388/1953/1945
f 3388/1953/1945 3328/3542/3499 479/1982/1974
f 3370/1229/1224 867/2025/2017 3389/2092/2084
f 1031/1428/1422 3389/2092/2084 867/2025/2017
f 1434/1983/1975 476/476/476 3390/1118/1113
f 476/476/476 3392/478/478 3390/1118/1113
f 3391/877/874 138/1247/1242 2334/142/142
f 138/1247/1242 3391/877/874 1033/128/128
f 189/477/477 1302/3389/3354 3392/478/478
f 3357/1119/1114 3392/478/478 1302/3389/3354
f 3393/3116/3094 2339/801/800 1207/131/131
f 1198/798/797 3393/3116/3094 1207/131/131
f 2754/3665/3592 1908/751/750 3394/3612/3554
f 3394/3612/3554 1908/751/750 3457/2307/2297
f 3395/1568/1562 3232/1567/1561 1281/2619/2605
f 2501/3113/3091 3395/1568/1562 1281/2619/2605
f 930/2628/2614 3396/2629/2615 705/2626/2612
f 3396/2629/2615 1898/413/413 705/2626/2612
f 265/2299/2289 2348/1141/1136 3397/1193/1188
f 2895/2300/2290 265/2299/2289 3397/1193/1188
f 3398/2418/2408 2688/3662/3589 3301/2416/2406
f 3301/2416/2406 1048/2414/2404 3398/2418/2408
f 3399/3403/3368 2268/1796/1789 1381/1061/1058
f 3399/3403/3368 1381/1061/1058 3223/3451/3414
f 1358/361/361 1639/3435/3398 3400/2682/2668
f 1639/3435/3398 2626/2679/2665 3400/2682/2668
f 3401/3588/3534 273/68/68 3153/70/70
f 3401/3588/3534 1595/344/344 273/68/68
f 2068/3458/3421 3402/2359/2349 576/3445/3408
f 3402/2359/2349 1375/2361/2351 576/3445/3408
f 163/269/269 3267/1079/1074 3403/1078/1073
f 163/269/269 3403/1078/1073 3233/2909/2894
f 3404/1516/1510 543/1450/1444 2555/3316/3287
f 3404/1516/1510 2160/1451/1445 543/1450/1444
f 148/1066/1063 3405/1804/1797 3333/1080/1075
f 3405/1804/1797 401/1827/1820 3333/1080/1075
f 3406/2126/2116 2940/3204/3180 1787/1919/1911
f 1787/1919/1911 1786/2127/2117 3406/2126/2116
f 10/3513/3475 3407/3514/3476 1525/489/489
f 1525/489/489 3407/3514/3476 1862/490/490
f 1982/1747/1740 2799/3461/3424 3408/3463/3426
f 1982/1747/1740 3408/3463/3426 3173/1744/1737
f 1863/491/491 2286/2262/2252 3409/2264/2254
f 3409/2264/2254 2286/2262/2252 131/2697/2683
f 771/188/188 3158/2792/2778 3410/12/12
f 3158/2792/2778 1234/2242/2232 3410/12/12
f 411/1853/1846 3411/482/482 910/2178/2168
f 411/1853/1846 809/1667/1661 3411/482/482
f 3412/169/169 1613/1850/1843 410/1685/1679
f 368/1687/1681 3412/169/169 410/1685/1679
f 3155/1603/1597 3413/2868/2854 1273/1604/1598
f 289/280/280 3413/2868/2854 3155/1603/1597
f 529/228/228 97/227/227 3414/1855/1848
f 3414/1855/1848 97/227/227 809/1667/1661
f 3415/553/553 213/314/314 2092/1943/1935
f 759/554/554 3415/553/553 2092/1943/1935
f 222/104/104 3142/103/103 3416/2591/2578
f 1018/741/740 222/104/104 3416/2591/2578
f 1871/1845/1838 881/1854/1847 3417/2996/2980
f 1871/1845/1838 3417/2996/2980 2407/167/167
f 367/1911/1903 3418/1734/1727 3221/599/599
f 3418/1734/1727 367/1911/1903 2839/778/777
f 1994/601/601 1033/128/128 3419/130/130
f 565/602/602 1994/601/601 3462/3622/3563
f 3420/1718/1711 1347/3281/3252 360/1719/1712
f 3420/3634/1711 2731/3635/3574 1347/3429/3252
f 1153/3643/3581 3421/2599/2586 697/2597/2584
f 2376/380/380 3421/2599/2586 1153/3643/3581
f 3422/3207/3183 1232/1328/1323 3453/3208/3184
f 2238/3280/3251 1232/1328/1323 3422/3207/3183
f 3423/441/441 485/440/440 484/3201/3177
f 3423/441/441 484/3201/3177 3157/691/691
f 3424/1369/1364 133/3279/3250 3422/3207/3183
f 133/3279/3250 3424/1369/1364 1796/978/975
f 1542/2690/2676 2008/3061/3041 3425/398/398
f 3425/398/398 2008/3061/3041 272/2716/2702
f 3426/1462/1456 478/1981/1973 339/480/480
f 478/1981/1973 3426/1462/1456 2313/1972/1964
f 3427/2825/2811 868/2008/2000 2126/900/897
f 790/2009/2001 868/2008/2000 3427/2825/2811
f 2898/140/140 2334/142/142 3428/2974/2958
f 138/1247/1242 3428/2974/2958 2334/142/142
f 32/2735/2721 1733/3577/3528 3429/192/192
f 966/3298/3269 3429/192/192 1733/3577/3528
f 3430/2980/2964 2204/2878/2864 2203/2981/2965
f 819/2876/2862 2204/2878/2864 3430/2980/2964
f 3431/1716/1709 85/1641/1635 2032/1952/1944
f 2032/1952/1944 359/1722/1715 3431/1716/1709
f 3432/1624/1618 3437/494/494 1319/3404/3369
f 1213/2291/2281 3432/1624/1618 1319/3404/3369
f 3433/1327/1322 3328/3542/3499 3329/1954/1946
f 3328/3542/3499 3433/1327/1322 1607/1960/1952
f 2079/1162/1157 994/1164/1159 3434/1766/1759
f 1775/2656/2642 3434/1766/1759 994/1164/1159
f 1807/88/88 3435/3450/3413 278/1268/1263
f 1807/88/88 2719/3186/3164 3435/3450/3413
f 3436/3257/3231 689/1419/1413 1138/1342/1337
f 1922/3255/3229 3436/3257/3231 1138/1342/1337
f 1420/3322/3293 1319/3404/3369 3437/494/494
f 3437/494/494 955/57/57 1420/3322/3293
f 3438/3233/3209 880/2997/2981 1050/2053/2045
f 3438/3233/3209 2254/2994/2978 880/2997/2981
f 670/2566/2553 3530/2552/2539 3439/2551/2538
f 670/2566/2553 3439/2551/2538 2686/2550/2537
f 3429/192/192 3440/191/191 744/2734/2720
f 3442/2975/2959 744/2734/2720 3440/191/191
f 731/102/102 3463/2700/2686 3441/165/165
f 731/102/102 3441/165/165 1833/164/164
f 3442/2975/2959 1617/2976/2960 869/100/100
f 3442/2975/2959 3440/191/191 1617/2976/2960
f 2322/3205/3181 1399/3460/3423 3443/1620/1614
f 2380/2633/2619 2322/3205/3181 3443/1620/1614
f 2144/297/297 3444/3018/3002 894/4/4
f 2144/297/297 3215/3013/2997 3444/3018/3002
f 3445/2039/2031 1253/99/99 3574/2123/2113
f 3445/2039/2031 2673/194/194 1253/99/99
f 561/744/743 2112/456/456 3446/455/455
f 150/2888/2874 561/744/743 3447/3569/3520
f 2267/2197/2187 3447/3569/3520 3446/455/455
f 3447/3569/3520 561/744/743 3446/455/455
f 1509/1410/1404 1904/2102/2093 3448/3505/3468
f 3448/3505/3468 1904/2102/2093 3317/1097/1092
f 3251/201/201 3449/203/203 3317/1097/1092
f 3449/203/203 3448/3505/3468 3317/1097/1092
f 397/1443/1437 3450/1648/1642 2151/1817/1810
f 2151/1817/1810 3450/1648/1642 2765/1819/1812
f 885/3002/2986 994/1164/1159 3451/1163/1158
f 1903/1802/1795 885/3002/2986 3451/1163/1158
f 1624/2322/2312 3452/1305/1300 56/1089/1084
f 56/1089/1084 3452/1305/1300 1191/1304/1299
f 1968/1330/1325 1064/2443/2433 3453/3208/3184
f 3453/3208/3184 1064/2443/2433 607/1367/1362
f 3454/2051/2043 2211/2789/2775 771/188/188
f 2211/2789/2775 3454/2051/2043 500/1202/1197
f 3455/1917/1909 345/1668/1662 3027/1671/1665
f 3455/1917/1909 3027/1671/1665 2611/723/722
f 3387/2499/2488 3456/589/589 1025/2323/2313
f 1017/2321/2311 1025/2323/2313 3456/589/589
f 1911/3560/3512 3394/3612/3554 3457/2307/2297
f 3457/2307/2297 589/2897/2882 1911/3560/3512
f 444/1110/1105 1689/3566/3517 3458/1111/1106
f 1689/3566/3517 3087/2099/2090 3458/1111/1106
f 1701/1536/1530 2198/2814/2800 3459/3570/3521
f 302/1865/1858 3459/3570/3521 2198/2814/2800
f 3460/740/739 2746/3130/3108 1017/2321/2311
f 3460/740/739 2297/739/738 2746/3130/3108
f 518/1354/1349 3461/1353/1348 2704/3671/1093
f 504/3510/2099 2704/3671/1093 3461/1353/1348
f 3462/3622/3563 3419/130/130 213/314/314
f 3419/130/130 3462/3622/3563 1994/601/601
f 3441/165/165 3463/2700/2686 1221/2687/2673
f 2024/275/275 1221/2687/2673 3463/2700/2686
f 59/2007/1999 3464/3495/3458 1494/1477/1471
f 3464/3495/3458 2153/1478/1472 1494/1477/1471
f 3465/1971/1963 2347/1970/1962 212/481/481
f 478/1981/1973 3465/1971/1963 212/481/481
f 3466/2699/2685 1781/2265/2255 3409/2264/2254
f 1781/2265/2255 3466/2699/2685 1526/101/101
f 2948/190/190 3467/2052/2044 771/188/188
f 2948/190/190 2947/3550/3502 3467/2052/2044
f 3468/2536/2524 661/2535/2523 2304/2537/2525
f 2304/2537/2525 286/1816/1809 3468/2536/2524
f 3469/1867/1860 2966/1318/1313 2210/123/123
f 172/311/311 2966/1318/1313 3469/1867/1860
f 536/1665/1659 2214/326/326 3470/3667/3594
f 3470/3667/3594 343/1751/1744 536/1665/1659
f 1056/3197/3174 2287/1177/1172 3471/1183/1178
f 2287/1177/1172 1578/1179/1174 3471/1183/1178
f 1578/1179/1174 780/1070/1067 3472/2807/2793
f 1578/1179/1174 3472/2807/2793 3471/1183/1178
f 3473/781/780 1861/117/117 2599/3599/3544
f 1099/2464/2453 3473/781/780 2599/3599/3544
f 3473/781/780 3474/780/779 568/3521/3483
f 2624/2230/2220 568/3521/3483 3474/780/779
f 2345/345/345 3475/3212/3188 1066/1500/1494
f 2345/345/345 1595/344/344 3475/3212/3188
f 454/1406/1400 2536/2048/2040 3476/1937/1929
f 454/1406/1400 3476/1937/1929 460/1407/1401
f 752/2191/2181 3477/2693/2679 2290/3343/3312
f 753/48/48 2290/3343/3312 3477/2693/2679
f 707/848/845 3478/734/733 2502/2849/2835
f 35/735/734 3478/734/733 707/848/845
f 2603/3424/3389 3479/2607/2594 303/2138/2128
f 3479/2607/2594 700/2606/2593 303/2138/2128
f 3480/3250/3224 1251/2899/2884 2808/2221/2211
f 3480/3250/3224 2808/2221/2211 1128/1000/997
f 2666/2977/2961 1817/95/95 3481/969/966
f 3481/969/966 1817/95/95 888/94/94
f 3482/578/578 2/137/137 2543/981/978
f 2/137/137 3482/578/578 2771/3154/3132
f 2796/1475/1469 3483/1457/1451 153/1338/1333
f 3483/1457/1451 3162/1785/1778 153/1338/1333
f 3484/1171/1166 693/694/694 2622/693/693
f 3484/1171/1166 2722/1172/1167 693/694/694
f 245/2725/2711 2186/2142/2132 3485/3630/3570
f 547/2165/2155 3485/3630/3570 2186/2142/2132
f 249/1535/1529 3486/211/211 1729/1533/1527
f 246/210/210 3487/3576/3527 3486/211/211
f 3487/3576/3527 1730/2558/2545 1729/1533/1527
f 3486/211/211 3487/3576/3527 1729/1533/1527
f 3488/2154/2144 318/3297/3268 1591/2885/2871
f 1175/3/3 318/3297/3268 3488/2154/2144
f 3489/1015/1012 969/1074/1069 2659/2781/2767
f 1390/1075/1070 969/1074/1069 3489/1015/1012
f 770/3008/2992 3490/298/298 3284/3009/2993
f 2428/3329/3298 3490/298/298 770/3008/2992
f 2720/87/87 1089/86/86 3491/1191/1186
f 1045/3185/3163 2720/87/87 3491/1191/1186
f 1012/3158/3136 3492/2282/2272 919/1086/1081
f 3492/2282/2272 1012/3158/3136 1585/2336/2326
f 1325/1093/1088 2713/3407/3372 3493/3005/2989
f 1325/1093/1088 3493/3005/2989 2075/1642/1636
f 3494/3386/3351 1963/213/213 2023/3616/3558
f 2022/2819/2805 3494/3386/3351 2023/3616/3558
f 3495/3669/631 847/2515/2504 3105/2927/2912
f 3495/3669/631 2623/2516/630 847/2515/2504
f 1383/2992/2976 3496/2447/2437 631/993/990
f 1383/2992/2976 2199/2269/2259 3496/2447/2437
f 3497/881/878 587/529/529 2358/879/876
f 587/529/529 3497/881/878 1262/2298/2288
f 3498/3007/2991 890/644/644 898/2903/2888
f 3498/3007/2991 898/2903/2888 1422/2985/2969
f 669/443/443 978/445/445 3499/3199/3175
f 669/443/443 3500/829/826 3593/831/828
f 3500/829/826 3499/3199/3175 1849/1115/1110
f 3499/3199/3175 3500/829/826 669/443/443
f 227/3063/3043 2321/1324/1319 3501/2477/2466
f 3501/2477/2466 1339/2478/2467 3502/1903/1895
f 3502/1903/1895 1570/1317/1312 227/3063/3043
f 3501/2477/2466 3502/1903/1895 227/3063/3043
f 130/2015/2007 3503/2017/2009 1697/3568/3519
f 3503/2017/2009 489/2016/2008 1697/3568/3519
f 1415/3339/3308 3504/2520/2508 3231/2816/2802
f 1007/2519/2507 3504/2520/2508 1415/3339/3308
f 2488/3486/3449 3505/1880/1872 3241/3648/3583
f 429/1887/1879 3505/1880/1872 2488/3486/3449
f 469/1092/1087 3190/106/106 3506/108/108
f 469/1092/1087 3506/108/108 887/1956/1948
f 1742/789/788 563/788/787 3507/2714/2700
f 3528/3171/3149 563/788/787 2496/2205/2195
f 1274/1372/1367 3508/2840/2826 2961/2598/2585
f 3508/2840/2826 1274/1372/1367 2721/1373/1368
f 1579/148/148 942/1996/1988 3509/2000/1992
f 3509/2000/1992 942/1996/1988 2460/690/690
f 1851/1851/1844 349/3547/1151 3510/3660/2303
f 1851/1851/1844 3510/3660/2303 2672/859/856
f 1497/3060/3040 2323/990/987 3511/992/989
f 947/931/928 1497/3060/3040 3512/929/926
f 3511/992/989 3512/929/926 1497/3060/3040
f 3512/929/926 3511/992/989 33/1106/1101
f 546/2686/2672 3080/2163/2153 3513/712/711
f 1418/873/870 546/2686/2672 3513/712/711
f 3514/2532/2520 1389/2164/2154 725/1553/1547
f 1389/2164/2154 3514/2532/2520 810/2149/2139
f 334/3384/3349 1322/2541/2529 3515/715/714
f 2730/717/716 334/3384/3349 3515/715/714
f 3516/2224/2214 1286/3262/3236 3379/3516/3478
f 1286/3262/3236 3516/2224/2214 171/1470/1464
f 1890/34/34 3517/3607/3550 329/1576/1570
f 329/1576/1570 3517/3607/3550 2682/3637/3576
f 3518/2096/2087 1984/3358/3325 3519/2074/2066
f 1984/3358/3325 3518/2096/2087 2301/3621/176
f 1984/3358/3325 1152/1813/1806 3519/2074/2066
f 3519/2074/2066 1152/1813/1806 1428/2072/2064
f 517/951/948 496/950/947 3520/2034/2026
f 1097/2055/2047 517/951/948 3520/2034/2026
f 2221/2274/2264 3521/3629/3569 580/239/239
f 3521/3629/3569 2221/2274/2264 2220/2986/2970
f 795/3586/3532 1780/2835/2821 3522/2392/2382
f 1785/616/616 795/3586/3532 3522/2392/2382
f 3523/2342/2332 1524/3467/3430 1427/1291/1286
f 3523/2342/2332 1816/41/41 1524/3467/3430
f 648/3133/3111 992/718/717 3524/720/719
f 1355/2324/2314 648/3133/3111 3524/720/719
f 992/718/717 3525/2706/2692 2276/719/718
f 648/3133/3111 3525/2706/2692 992/718/717
f 1171/3290/3261 3526/3146/3124 1748/1625/1619
f 2845/3573/3524 3526/3146/3124 1171/3290/3261
f 3527/2638/2624 674/1534/1528 3293/970/967
f 242/1575/1569 674/1534/1528 3527/2638/2624
f 563/788/787 3528/3171/3149 3507/2714/2700
f 3528/3171/3149 2050/3170/3148 3507/2714/2700
f 2770/3493/3456 3529/259/259 668/2542/2530
f 3530/2552/2539 668/2542/2530 3529/259/259
f 670/2566/2553 2604/2543/2531 3530/2552/2539
f 2604/2543/2531 668/2542/2530 3530/2552/2539
f 1806/1793/1786 3531/3549/3501 2761/3306/3277
f 2761/3306/3277 3531/3549/3501 391/1798/1791
f 2148/3555/3507 3571/3364/3331 3532/3554/3506
f 1643/3054/3034 2148/3555/3507 3532/3554/3506
f 3533/2936/2921 2053/387/387 850/282/282
f 2275/2939/2924 3533/2936/2921 850/282/282
f 1966/3618/3560 1967/1054/1051 3534/1708/1702
f 1966/3618/3560 3534/1708/1702 1260/1707/1701
f 343/1751/1744 3470/3667/3594 3535/1519/1513
f 343/1751/1744 3535/1519/1513 2699/1521/1515
f 9/2482/2471 900/1050/1047 3536/369/369
f 9/2482/2471 3536/369/369 3038/368/368
f 3537/2944/2929 1421/614/614 853/2943/2928
f 2689/2947/2932 3538/370/370 853/2943/2928
f 3537/2944/2929 853/2943/2928 3538/370/370
f 3536/369/369 3537/2944/2929 3538/370/370
f 3539/3166/3144 1853/2325/2315 3524/720/719
f 3387/2499/2488 1853/2325/2315 3539/3166/3144
f 1215/1902/1894 3540/3326/3295 1771/472/472
f 3540/3326/3295 1215/1902/1894 1917/597/597
f 2555/3316/3287 3541/2886/2872 52/3315/3286
f 2555/3316/3287 1202/2884/2870 3541/2886/2872
f 3542/982/979 96/2993/2977 1594/2275/2265
f 3542/982/979 2543/981/978 96/2993/2977
f 3543/605/605 679/2562/2549 676/606/606
f 679/2562/2549 3543/605/605 678/2567/2554
f 824/3334/3303 2385/2890/2876 3544/1425/1419
f 1945/1441/1435 824/3334/3303 3544/1425/1419
f 1661/1652/1646 1150/1344/1339 3545/1955/1947
f 1150/1344/1339 468/1343/1338 3545/1955/1947
f 232/1791/1784 1197/746/745 3546/3498/3461
f 3248/623/623 232/1791/1784 3546/3498/3461
f 3338/2429/2419 2121/2430/2420 3547/374/374
f 1647/372/372 3547/374/374 2121/2430/2420
f 1716/246/246 3548/3610/3553 848/244/244
f 1544/2932/2917 848/244/244 3548/3610/3553
f 448/1244/1239 3549/2594/2581 2156/1924/1916
f 1593/2592/2579 3549/2594/2581 448/1244/1239
f 3550/2292/2282 1391/47/47 572/49/49
f 2559/2573/2560 3550/2292/2282 572/49/49
f 1353/3140/3118 3551/2724/2710 614/2723/2709
f 3551/2724/2710 1353/3140/3118 320/3432/3395
f 2191/1894/1886 673/3639/3578 3552/1547/1541
f 3552/1547/1541 673/3639/3578 1687/2556/2543
f 2179/2059/2051 3553/3226/3202 502/1509/1503
f 3553/3226/3202 3151/1510/1504 502/1509/1503
f 3554/3202/3178 2950/2002/1994 68/911/908
f 2950/2002/1994 3554/3202/3178 2231/692/692
f 1547/1001/998 3555/3524/3486 1548/1009/1006
f 1548/1009/1006 3555/3524/3486 2102/1010/1007
f 3556/841/838 2060/1429/1423 168/1049/1046
f 3556/841/838 168/1049/1046 71/842/839
f 1537/2043/2035 3557/2045/2037 3043/2168/2158
f 3557/2045/2037 498/290/290 3043/2168/2158
f 2967/3124/3102 1869/3126/3104 3558/1633/1627
f 1890/34/34 3558/1633/1627 1869/3126/3104
f 440/3074/3054 3559/3087/3067 3560/3089/3069
f 2324/3088/3068 3559/3087/3067 440/3074/3054
f 2842/3072/3052 440/3074/3054 3560/3089/3069
f 101/500/500 2842/3072/3052 3560/3089/3069
f 1529/2821/2807 3561/2824/2810 3562/3642/3580
f 2218/3571/3522 3561/2824/2810 3183/1161/1156
f 788/2822/2808 3562/3642/3580 2218/3571/3522
f 2218/3571/3522 3562/3642/3580 3561/2824/2810
f 3563/2546/2534 1487/531/531 2770/3493/3456
f 2770/3493/3456 2306/2547/2535 3563/2546/2534
f 3564/2677/2663 720/3579/2661 1757/906/903
f 3564/2677/2663 1757/906/903 2627/908/905
f 3565/579/579 666/434/434 2244/2522/2510
f 199/577/577 3565/579/579 2244/2522/2510
f 1425/2529/2517 3566/302/302 1660/301/301
f 656/749/748 3566/302/302 1425/2529/2517
f 3567/1940/1932 462/1942/1934 170/3457/3420
f 1393/512/512 3567/1940/1932 170/3457/3420
f 3568/3152/3130 1005/2388/2378 615/757/756
f 2497/2879/2865 1005/2388/2378 3568/3152/3130
f 361/285/285 3569/1721/1714 335/1122/1117
f 361/285/285 4/865/862 3569/1721/1714
f 3570/1137/1132 1085/1136/1131 1956/1384/1379
f 430/608/608 3570/1137/1132 1956/1384/1379
f 3571/3364/3331 1271/3366/3333 1340/3417/3382
f 3532/3554/3506 3571/3364/3331 1340/3417/3382
f 477/1974/1966 3572/1427/1421 2629/792/791
f 477/1974/1966 474/1422/1416 3572/1427/1421
f 2630/3580/3530 2798/3242/3218 3573/560/560
f 2630/3580/3530 3573/560/560 2905/2623/2609
f 3574/2123/2113 185/1181/1176 533/2124/2114
f 1253/99/99 185/1181/1176 3574/2123/2113
f 2856/217/217 3575/3640/3579 1363/724/723
f 2856/217/217 2201/2846/2832 3575/3640/3579
f 160/3405/3370 2427/3394/3359 3576/3406/3371
f 2427/3394/3359 1321/1709/1703 3576/3406/3371
f 1488/1732/1725 3577/2731/2717 152/3331/3300
f 3577/2731/2717 3120/1731/1724 152/3331/3300
f 183/1801/1794 3578/962/959 407/1505/1499
f 3578/962/959 183/1801/1794 3249/2118/2108
f 3375/3318/3289 3579/2968/2952 703/2618/2604
f 703/2618/2604 3579/2968/2952 979/3112/3090
f 2589/942/939 3580/402/402 233/3614/3556
f 3580/402/402 1130/404/404 233/3614/3556
f 3581/3337/3306 1226/1273/1268 2548/1863/1856
f 3581/3337/3306 2548/1863/1856 388/697/696
f 533/2124/2114 185/1181/1176 3582/2037/2029
f 3582/2037/2029 497/2036/2028 533/2124/2114
f 2428/3329/3298 3583/2480/2469 3490/298/298
f 2428/3329/3298 1437/3020/3004 3583/2480/2469
f 2562/2227/2217 1834/2257/2247 3584/821/818
f 3584/821/818 1101/2228/2218 2562/2227/2217
f 2045/2728/2714 3585/776/775 365/3215/3191
f 3585/776/775 2839/778/777 365/3215/3191
f 2640/299/299 3586/3014/2998 182/3015/2999
f 182/3015/2999 3586/3014/2998 2245/453/453
f 1644/3557/3509 1108/2235/2225 3587/2507/2496
f 1644/3557/3509 3587/2507/2496 2741/324/324
f 3588/637/637 1072/1038/1035 365/3215/3191
f 2957/636/636 1072/1038/1035 3588/637/637
f 3345/958/955 3589/2116/2106 425/956/953
f 425/956/953 3590/3559/3511 2034/862/859
f 3589/2116/2106 1577/1873/1865 3590/3559/3511
f 3589/2116/2106 3590/3559/3511 425/956/953
f 2939/2068/2060 750/2070/2062 3591/3530/3492
f 3591/3530/3492 750/2070/2062 1764/2749/2735
f 3592/1409/1403 2373/1408/1402 1243/3111/444
f 1243/444/444 669/443/443 3593/831/828
f 1243/444/444 3593/831/828 3592/3672/1403
f 3593/831/828 825/2891/2094 3592/3672/1403
f 266/2406/2396 3594/3504/3467 3085/2411/2401
f 3594/3504/3467 266/2406/2396 2397/375/375
