# This file uses centimeters as units for non-parametric coordinates.

mtllib pathpre6_low.mtl
g default
v -9150.884766 -6061.637695 -6253.535156
v -9854.468750 -5986.695801 -4737.356934
v -9783.680664 -6226.929199 -4588.477051
v -9011.917969 -5262.408691 -4748.660156
v -10659.796875 -5005.878418 -4746.013672
v -7531.188477 -5718.419922 -5066.721191
v -7331.122559 -6604.532715 -4959.175293
v -10074.541992 -4463.003906 -4863.700195
v -9140.359375 -6155.506836 -4825.736328
v -7834.032715 -6426.148438 -4844.844727
v -10820.248047 -7399.690918 -4773.081055
v -7198.417480 -5333.261230 -5243.516113
v -6955.705078 -6761.195312 -4858.419434
v -10315.777344 -4287.213867 -5037.721191
v -11201.041016 -5662.297363 -4858.338379
v -7908.236328 -6535.807129 -4983.972168
v -10439.527344 -7754.695312 -4952.907715
v -11201.032227 -4908.568848 -4946.873047
v -11016.203125 -8363.565430 -5036.036133
v -9291.507812 -4668.972168 -5103.937988
v -10072.291992 -4402.877930 -5277.511230
v -7859.906250 -6691.301758 -5156.448730
v -6574.519531 -7209.450684 -5105.519531
v -7280.283203 -7262.683594 -5137.364746
v -6640.781250 -5222.388672 -5404.782227
v -9370.872070 -4644.182129 -5212.593750
v -7143.056641 -5052.032227 -5660.557129
v -11229.887695 -7069.800293 -5350.197754
v -6265.122559 -6290.790039 -5459.562988
v -11061.162109 -9028.231445 -5456.091797
v -9418.955078 -4621.656250 -5571.450684
v -10221.976562 -7085.522949 -5492.716309
v -9041.548828 -6408.221191 -5613.089355
v -10623.980469 -8481.848633 -5625.206543
v -11198.217773 -4400.648926 -5637.508301
v -6280.903320 -6122.007812 -5554.959961
v -6875.722656 -8508.600586 -5702.942383
v -11204.708984 -7962.216309 -5819.970703
v -11211.282227 -7508.064941 -5732.925293
v -6507.811523 -8175.679199 -5731.945312
v -6487.451172 -5197.008789 -5782.870605
v -6391.377930 -5581.771484 -5997.015625
v -6330.463379 -6015.982910 -5956.833496
v -9980.349609 -4571.664551 -5906.265625
v -10940.098633 -7670.244141 -6018.804688
v -10830.683594 -7722.294922 -5983.403320
v -6615.806641 -8190.350098 -6080.810547
v -10496.292969 -5146.968262 -6055.431152
v -7208.701660 -7824.184570 -6066.184082
v -11136.085938 -6869.251465 -5968.488770
v -10426.338867 -7235.496582 -6086.204102
v -9826.883789 -6658.618652 -6115.632324
v -7464.161621 -7137.882324 -6132.241211
v -10842.668945 -5577.132812 -6206.343750
v -8809.792969 -6320.272461 -6080.933105
v -6735.506836 -4957.555664 -6174.625000
v -10544.187500 -6020.592285 -6319.984863
v -8163.797852 -6466.981934 -6140.730469
v -9273.458008 -6074.498047 -6061.834473
v -8560.342773 -6245.300293 -6143.265137
v -10821.966797 -6975.336426 -6246.128906
v -10607.405273 -6994.369141 -6241.762695
v -8395.892578 -5257.183594 -6406.887695
v -7247.353027 -5129.882324 -6453.104492
v -9729.027344 -6195.293945 -6247.327148
v -6872.127441 -7704.952148 -6381.011719
v -6600.031738 -6853.975586 -6448.172852
v -8298.532227 -5651.053711 -6516.550293
v -6704.617188 -5679.410156 -6455.033691
v -8237.427734 -6309.820801 -6497.292969
v -7013.465332 -6667.513184 -6612.436523
v -7333.332031 -6572.878418 -6551.904785
v -7239.819824 -6057.253418 -5108.356934
v -7196.970703 -6419.699219 -4929.236328
v -7785.145020 -6287.850098 -4800.036133
v -7566.447754 -5881.383789 -5076.552246
v -8001.291504 -5674.304199 -4919.299805
v -7620.319336 -6012.743652 -4974.080566
v -7225.325195 -5910.669434 -5092.642578
v -7214.518555 -6323.197266 -5036.688477
v -7632.455078 -6354.214355 -4822.586914
v -10786.191406 -6689.401855 -6283.310059
v -7393.645508 -6259.404297 -4893.284180
v -11130.756836 -7314.127441 -5988.908203
v -7779.673340 -5938.824219 -4965.992676
v -11017.891602 -6984.775879 -6143.053711
v -7330.156738 -6348.343750 -4919.316406
v -10952.399414 -7605.233887 -6053.987305
v -7372.515625 -5904.088867 -5114.617188
v -11097.816406 -7543.803223 -6015.865234
v -7298.401367 -7421.425293 -5374.876465
v -7180.583984 -7564.143066 -5295.000000
v -7896.307617 -6787.648926 -5709.159668
v -7544.900391 -6959.757812 -5933.376953
v -10318.180664 -6449.841797 -6325.199219
v -10891.453125 -6070.851562 -6227.613770
v -8581.059570 -6493.787109 -5416.032227
v -7582.286621 -6904.692871 -5410.746094
v -7704.941406 -6928.939453 -5714.116211
v -7280.759766 -7561.612793 -5545.040527
v -10329.244141 -6830.750488 -6227.534180
v -7578.708496 -6617.726562 -4889.113281
v -7447.133301 -7053.741699 -5482.870605
v -7449.575684 -7276.544434 -5981.259766
v -7448.969727 -6961.488281 -5404.270020
v -7386.756348 -7399.641602 -5620.833984
v -7392.980469 -7127.073242 -5187.349609
v -7748.601562 -5996.110840 -4923.612305
v -11023.076172 -6704.524414 -6212.632324
v -7609.793945 -5955.540039 -5099.355469
v -10974.083984 -7287.875977 -6122.149902
v -7331.074707 -7013.865723 -5030.222168
v -10797.417969 -6339.227539 -6277.304688
v -7439.290527 -6905.233398 -5204.479492
v -10958.868164 -6679.361816 -6259.059570
v -7462.747070 -6965.397949 -5722.507324
v -8005.547363 -6166.154785 -4748.129883
v -8169.458984 -6410.494141 -4954.355957
v -10790.380859 -8070.328125 -5954.530762
v -10278.645508 -7185.609375 -5870.266113
v -10851.077148 -7785.030273 -5848.070801
v -7218.030273 -6740.644531 -4922.351074
v -7042.581055 -6372.418457 -4902.113281
v -10265.450195 -6602.765137 -6247.104492
v -6762.285645 -8579.231445 -5612.537109
v -10965.749023 -7767.609863 -5910.900879
v -6929.811523 -8308.741211 -5564.201172
v -10505.349609 -7490.611328 -6032.258789
v -7021.900391 -7956.305176 -5385.054688
v -10667.970703 -7655.654297 -6048.145508
v -7063.384277 -8184.554688 -5812.600586
v -7176.377441 -7483.573242 -5232.630859
v -10971.381836 -6898.733398 -6215.292480
v -10743.794922 -7157.848633 -6231.486816
v -7355.425293 -6452.672852 -4860.713379
v -7512.772461 -5977.014160 -5037.489746
v -11165.500000 -5590.322266 -5733.738770
v -9112.423828 -6276.770996 -5827.197754
v -8890.329102 -6442.899902 -5327.970215
v -9304.394531 -6364.655762 -5593.541016
v -11189.065430 -7668.293457 -5792.080078
v -8622.783203 -6217.949219 -6269.757324
v -8862.578125 -6115.540039 -6230.138184
v -7069.916992 -5595.662598 -5149.270996
v -6320.174805 -6534.043945 -5280.930176
v -6401.400391 -5834.396484 -5330.172363
v -6501.818848 -6148.444824 -5169.583496
v -6398.248047 -5535.691895 -5786.009277
v -8651.872070 -6498.316406 -5574.530273
v -11217.602539 -6443.272949 -5026.833496
v -11218.683594 -6609.336914 -5622.458008
v -6529.611328 -6917.705566 -5083.117188
v -8437.172852 -6501.333008 -5894.394531
v -8097.239746 -6434.905762 -6041.319824
v -11111.342773 -5812.707031 -5942.772461
v -11192.787109 -5965.025391 -5322.143555
v -11200.143555 -6396.453125 -5235.128418
v -11252.839844 -7090.675293 -5622.175781
v -6540.859375 -5678.370605 -5225.118652
v -11168.572266 -6070.177734 -5826.069336
v -8916.236328 -6420.254883 -5793.293945
v -6899.856934 -5099.027344 -5776.986328
v -6805.792480 -5073.100098 -5976.387695
v -8703.159180 -6205.248535 -6156.802734
v -11071.243164 -6130.540527 -6091.770996
v -11097.036133 -6181.907227 -6056.923828
v -11180.868164 -6641.576660 -5825.257812
v -8793.957031 -6453.746582 -5697.372559
v -11001.289062 -6363.645996 -6208.691406
v -6317.440918 -6166.252930 -5353.530273
v -11158.015625 -7086.667969 -5921.312500
v -6378.979004 -5783.975586 -5418.067871
v -7280.413574 -5685.469238 -5115.125488
v -7461.548340 -4933.348633 -5449.944824
v -8552.930664 -5969.320312 -6320.048340
v -11216.333008 -7812.408203 -5799.276855
v -11102.301758 -7917.625977 -5924.445801
v -11030.154297 -7752.972656 -5911.974609
v -6758.936523 -6034.301758 -5109.388184
v -10789.588867 -7560.925781 -6109.222168
v -7293.264160 -5460.339844 -5182.957031
v -8435.564453 -6406.726074 -5999.698730
v -6846.968262 -5155.011230 -5364.919434
v -7322.628418 -6141.472656 -4982.818848
v -7510.739746 -7094.350586 -5836.755371
v -7481.725098 -7196.070312 -5584.334961
v -10650.949219 -4651.812988 -6049.334961
v -9768.161133 -5055.562988 -6164.161621
v -10668.330078 -5811.942871 -6291.250977
v -10500.237305 -6431.654785 -6321.540527
v -10754.433594 -6041.897461 -6284.555664
v -10477.662109 -6710.450684 -6295.635742
v -9613.100586 -5404.000977 -4638.855957
v -10335.986328 -4805.980469 -4765.717773
v -10308.432617 -4266.284180 -5267.904785
v -11096.159180 -5576.052246 -5906.051270
v -10295.832031 -4340.458984 -5669.942871
v -9990.773438 -4479.013184 -5609.762207
v -10724.416016 -4732.158203 -4798.626953
v -11231.784180 -3927.246826 -5140.751953
v -11282.161133 -4289.291016 -5301.113770
v -11190.966797 -4189.566895 -5700.840820
v -10845.451172 -4686.316895 -6007.235840
v -11262.889648 -4322.160156 -5202.785645
v -11069.305664 -4657.619141 -5891.417969
v -10758.769531 -4057.681641 -4976.500488
v -11300.548828 -4081.325439 -5313.419434
v -10316.931641 -4672.662109 -6028.184082
v -9939.549805 -4501.667480 -5805.301270
v -10497.226562 -4617.209473 -4870.194336
v -9757.196289 -4645.308594 -4831.173828
v -9869.570312 -4494.866211 -5242.684082
v -11162.971680 -3805.900391 -5653.354980
v -10054.347656 -4396.301758 -4959.895508
v -11211.930664 -4281.326660 -5109.943848
v -11251.546875 -4024.477051 -5559.882812
v -10885.418945 -3840.479736 -5172.529297
v -10905.420898 -7921.079590 -5935.276855
v -11044.490234 -7985.047852 -5948.687500
v -7355.441406 -6823.568848 -4997.666504
v -6746.137207 -5189.065918 -5365.155762
v -8205.400391 -5399.085449 -4839.890137
v -8540.022461 -4790.408203 -5040.270020
v -7834.379883 -5725.957520 -4952.542480
v -7922.301758 -5929.855469 -4839.113281
v -7855.374023 -5514.687500 -4987.692383
v -8070.869629 -5808.934570 -4835.032227
v -7980.768555 -5831.831543 -4918.682129
v -8869.974609 -4846.025879 -4894.178223
v -7823.752930 -6118.806152 -6599.516113
v -7361.702637 -6911.880859 -6514.445801
v -8283.894531 -4951.781738 -6286.239746
v -6343.134766 -6714.841797 -6211.661621
v -6410.805176 -7725.957520 -6045.122559
v -7114.449219 -5879.270020 -6531.357910
v -7495.909180 -6179.589355 -6508.760254
v -8139.651367 -5276.169922 -6470.384277
v -6890.028809 -5309.036621 -6456.682129
v -9259.311523 -4887.325684 -4789.701660
v -8665.444336 -5032.787598 -4840.592285
v -8901.427734 -4766.073730 -4997.133789
v -6282.699707 -6584.453613 -5340.271484
v -6298.773926 -6965.120605 -5475.661133
v -7134.716309 -7271.519043 -6519.136230
v -8756.497070 -4711.708984 -6049.173828
v -8340.357422 -4757.401367 -5322.211914
v -6764.687988 -5228.990723 -6357.061035
v -10090.656250 -4933.919434 -4675.138184
v -7826.164551 -5691.695312 -6557.844727
v -6375.718750 -6998.150391 -6287.981934
v -7445.096191 -6450.068359 -6494.843750
v -6851.774414 -7124.054199 -6553.781738
v -9319.166016 -4638.250488 -5891.828613
v -11224.372070 -5563.846680 -4946.023926
v -6725.460449 -8521.187500 -5588.237305
v -6902.033203 -4911.857910 -6277.821777
v -7293.315918 -5964.668457 -6547.157227
v -8873.547852 -5129.719238 -4779.668945
v -8268.150391 -4879.025879 -5025.131836
v -6365.670410 -7209.976074 -5320.128418
v -9141.258789 -5190.077148 -6122.939453
v -6789.096191 -6215.583984 -6495.835938
v -7416.099609 -4903.509766 -5944.598145
v -9341.063477 -4794.250488 -6026.211914
v -7216.988281 -6574.861816 -6587.274414
v -6226.784668 -6812.835449 -5828.626465
v -7245.996094 -7095.299805 -6571.554688
v -6882.319336 -7285.696289 -6516.697754
v -6829.933105 -7588.958496 -6413.364258
v -7026.213867 -6891.258301 -6616.749023
v -11269.194336 -4664.148438 -5229.856445
v -11197.698242 -4671.847168 -5640.793945
v -7494.809570 -7241.521973 -5817.775391
v -11107.268555 -5330.256836 -5855.571289
v -7519.514648 -7102.872070 -6027.572266
v -11139.870117 -5018.006836 -5781.515625
v -6672.927734 -7001.413574 -6490.782227
v -7190.650391 -7704.915039 -5483.117676
v -6442.065430 -6240.937012 -6307.242676
v -7173.279297 -6771.147949 -6583.458496
v -11087.658203 -7643.796875 -5977.248535
v -6693.425781 -5166.812012 -5679.000977
v -10399.689453 -7338.977539 -6020.802734
v -6513.663574 -5886.603027 -5181.035645
v -11233.199219 -5578.232422 -5089.793457
v -11103.096680 -7119.146973 -6008.665527
v -9809.461914 -5098.222168 -4648.288574
v -11039.974609 -6546.916016 -6191.004883
v -8626.092773 -5004.043457 -6254.049316
v -10534.876953 -7240.065430 -6136.908691
v -11253.322266 -4641.568848 -5138.168945
v -7444.246094 -7213.069336 -5483.562500
v -8747.151367 -4759.368164 -5172.991699
v -7810.103027 -5856.578613 -4962.640137
v -8980.875000 -6292.272461 -5939.310059
v -6438.557129 -5413.953125 -5630.446777
v -8820.926758 -6465.799316 -5550.342773
v -9558.145508 -4764.149414 -4781.508301
v -8736.123047 -6430.408203 -5855.737305
v -11202.829102 -6279.316406 -5713.042480
v -10686.285156 -7187.825684 -6214.787598
v -7007.091797 -7751.609863 -6303.983887
v -7020.107910 -8240.914062 -6040.416992
v -6685.254883 -7985.692871 -5336.447754
v -6743.013184 -8709.280273 -5722.165039
v -6919.126465 -7951.560059 -5339.220215
v -6928.886719 -8145.744141 -5457.175781
v -6790.036133 -8602.362305 -5961.818848
v -6796.559570 -8701.269531 -5740.093262
v -6829.277832 -8700.551758 -5888.720703
v -6845.337402 -8478.886719 -5590.054688
v -10453.411133 -7952.175781 -5712.090820
v -10956.322266 -8386.579102 -5878.339355
v -10894.352539 -8655.635742 -5874.909180
v -11128.386719 -8239.266602 -5854.341309
v -10963.279297 -8925.804688 -5807.699219
v -10602.808594 -8050.388184 -5898.037598
v -11059.214844 -8527.259766 -5837.839844
v -9531.949219 -6477.707520 -6118.937500
v -10270.554688 -6119.989746 -6329.677734
v -11089.724609 -7688.422363 -5907.101562
v -10134.663086 -5918.881348 -6227.207031
v -11173.515625 -6029.789551 -4834.422363
v -10095.159180 -6749.260742 -5598.711426
v -10957.232422 -5371.799805 -4664.910156
v -9674.125977 -6513.098145 -5463.896973
v -10501.698242 -7586.343750 -5714.007324
v -10085.051758 -6542.379883 -6222.280762
v -9019.725586 -4662.233887 -5502.394043
v -8429.064453 -4693.510742 -5779.715820
v -10762.391602 -5216.625488 -6150.492676
v -10842.581055 -5350.783203 -6174.907227
v -9334.394531 -4603.504395 -5748.002930
v -7655.215332 -6651.445312 -4948.774414
v -10261.922852 -5691.946777 -6121.866211
v -10756.877930 -7803.990723 -5884.586914
v -6862.811035 -7698.844727 -5192.732422
v -8996.851562 -6118.609863 -6006.486816
v -10736.325195 -4920.647461 -6073.871582
v -10969.464844 -5155.854980 -6075.013184
v -10270.514648 -5782.792480 -6194.983887
v -10563.913086 -5625.173340 -6235.854980
v -10481.896484 -5991.825195 -6314.641602
v -10323.228516 -5857.923828 -6250.345215
v -10752.933594 -5639.773926 -6256.752930
v -10802.706055 -4861.039551 -6063.648926
v -10418.440430 -6167.767578 -6328.894043
v -10696.363281 -5560.965820 -6246.143066
v -10354.001953 -5656.926270 -6171.657715
v -10537.216797 -5395.325195 -6146.242676
v -8247.837891 -6132.825684 -4761.535645
v -6485.412598 -5654.195801 -5288.801270
v -7667.188477 -4996.710449 -6399.000000
v -9771.568359 -4537.908203 -4999.916504
v -8976.191406 -6446.313477 -5570.163574
v -6795.597168 -8345.065430 -5492.997070
v -8995.042969 -6372.151855 -5828.925293
v -11016.212891 -7855.241211 -5925.146484
v -7423.089844 -7063.334473 -5367.286133
v -7456.087891 -6558.778809 -4845.202637
v -10928.071289 -4009.764648 -4918.354004
v -7305.679199 -5948.395020 -5132.420410
v -11043.619141 -4736.408203 -4818.056641
v -9420.392578 -5439.385254 -6330.464355
v -10362.644531 -6884.228516 -5727.545410
v -10264.470703 -7150.648438 -5984.293457
v -9357.150391 -6036.053223 -6190.408203
v -10251.716797 -6808.293945 -6004.380371
v -10450.458984 -4241.046387 -5852.091797
v -10095.929688 -6156.197754 -6265.836426
v -10207.487305 -6662.188965 -6059.140137
v -9645.081055 -6339.937500 -6248.135254
v -9980.013672 -6378.411621 -6288.095703
v -8926.587891 -5795.795410 -6351.647461
v -10546.734375 -4356.194336 -5948.911133
v -10320.557617 -6795.921387 -5728.689453
v -8513.137695 -6093.099609 -6419.995117
v -11099.501953 -3764.826904 -5643.627930
v -8759.141602 -5778.110352 -6280.247559
v -9974.353516 -6221.125488 -6171.280273
v -11021.033203 -4029.961914 -5848.226562
v -9889.410156 -6220.952148 -6242.167480
v -9875.193359 -4697.609375 -5995.259277
v -10721.419922 -4041.704590 -5810.875977
v -10303.251953 -7007.270020 -6131.184082
v -10152.438477 -6461.568848 -6196.251953
v -10156.230469 -4383.305176 -5477.349121
v -10861.013672 -4169.173828 -5888.922363
v -10145.678711 -4433.898438 -5856.902344
v -10737.133789 -3990.614502 -5477.668945
v -11008.339844 -3835.335938 -5770.906738
v -10307.570312 -4323.173828 -5470.139160
v -11232.685547 -3854.694580 -5554.884766
v -10271.898438 -6848.138184 -6149.870117
v -9734.026367 -6024.012207 -6235.273438
v -10190.666016 -6289.985840 -6270.237793
v -11054.950195 -4275.285645 -5818.194824
v -11173.292969 -3955.519775 -5709.499023
v -10752.938477 -4341.377930 -5958.432617
v -11141.096680 -4323.438477 -5758.407715
v -10927.140625 -4238.187500 -5874.359375
v -10257.266602 -6450.461914 -6303.306641
v -11029.803711 -3883.035156 -5810.136719
v -9843.034180 -6535.909668 -6258.846191
v -10375.101562 -6760.675293 -6269.769531
v -9448.120117 -4672.216797 -4935.713379
v -8655.458008 -6369.893555 -6031.650879
v -6227.911133 -6377.109863 -5830.696777
v -7684.110840 -5898.550293 -5015.848145
v -9583.096680 -4575.773926 -5796.497559
v -10334.662109 -6044.981934 -6311.213379
v -6372.284180 -5731.607422 -5655.885742
v -7443.951660 -6333.167480 -4848.306641
v -10786.637695 -5515.735352 -4621.707031
v -11045.606445 -4381.862793 -4943.595703
v -10948.478516 -5508.936035 -6114.782227
v -11021.364258 -4971.369141 -6003.679199
v -10628.965820 -4781.583984 -6063.071289
v -10927.980469 -5055.452637 -6085.038574
v -11208.163086 -5903.847656 -5544.666992
v -11115.433594 -8365.207031 -5122.949707
v -11242.012695 -7159.317383 -5181.496094
v -10966.222656 -7294.759277 -4763.735840
v -11029.868164 -7898.906250 -4989.126953
v -9689.976562 -5230.030762 -6263.683105
v -11283.312500 -8144.767578 -5488.256836
v -6364.181152 -7333.097168 -6210.085938
v -9030.315430 -5792.389160 -6358.938965
v -9925.049805 -5667.931152 -6242.450195
v -10269.210938 -5606.842285 -6149.300781
v -11184.376953 -7277.659668 -4967.855469
v -11272.746094 -7569.523438 -5508.127930
v -11212.234375 -6569.802246 -4838.341309
v -6299.241211 -7451.677734 -5979.855957
v -11087.903320 -6971.898438 -4791.019043
v -10200.716797 -5242.990723 -6048.181152
v -9511.322266 -5778.536133 -6356.949707
v -11160.392578 -7666.297852 -5043.974609
v -11210.489258 -7450.650879 -5014.772461
v -11264.126953 -7372.524414 -5363.974609
v -6798.879883 -8100.264160 -6221.286133
v -11187.208984 -7322.530762 -5887.247070
v -11251.719727 -7239.262207 -5531.648926
v -9382.211914 -5966.592773 -6319.165039
v -11263.633789 -7815.353027 -5376.744629
v -7066.682617 -8184.038086 -5943.870605
v -9956.836914 -5484.028809 -6211.076172
v -6899.217773 -8293.844727 -6119.953613
v -9547.632812 -5957.651367 -6259.441895
v -11257.881836 -7991.825195 -5679.604980
v -10116.272461 -5592.263672 -6146.836914
v -7268.872070 -7668.843262 -5729.160156
v -11285.152344 -7826.014648 -5529.762207
v -11250.206055 -7383.527832 -5578.426270
v -11225.583984 -7584.591309 -5185.888184
v -6970.602051 -8280.870117 -5587.550781
v -9784.055664 -5927.693359 -6193.848145
v -7099.480957 -6950.804199 -6606.764160
v -8822.333984 -6188.617676 -6190.565918
v -6585.481445 -7216.996582 -6400.043945
v -8878.492188 -6322.992188 -6034.548828
v -10503.626953 -7102.643555 -4694.208008
v -9982.330078 -6333.462891 -4666.354492
v -8872.534180 -5737.624023 -4782.781738
v -7847.496094 -6618.881836 -6490.527832
v -8826.542969 -5507.951172 -6223.488281
v -9715.290039 -5803.275391 -4792.380371
v -10158.568359 -6879.708008 -5366.815430
v -10087.454102 -7059.002930 -4984.023438
v -9444.127930 -6406.052246 -4899.536621
v -10160.340820 -6827.148926 -5104.953125
v -7394.831055 -6894.394531 -6468.113770
v -10669.755859 -8463.917969 -5750.801270
v -10662.078125 -6064.226562 -4607.457520
v -10766.391602 -8734.557617 -5230.312988
v -11151.839844 -8802.407227 -5237.937988
v -11187.324219 -8617.110352 -5662.887695
v -10889.784180 -8818.368164 -5102.272461
v -11012.407227 -6734.227051 -4710.034180
v -10423.550781 -7898.401367 -5215.082520
v -9595.877930 -6249.884766 -4623.342773
v -10452.645508 -5656.722656 -4575.751953
v -10144.065430 -5935.105469 -4604.617188
v -7706.580566 -6486.616699 -6556.254883
v -6482.887695 -7631.763184 -5338.194824
v -6306.432129 -7311.323242 -5561.890625
v -10406.727539 -4821.060059 -5945.354004
v -9836.078125 -6631.293457 -4792.812500
v -8578.974609 -5925.744629 -4677.468750
v -8892.630859 -6133.137695 -4766.735352
v -9339.239258 -6238.447754 -5329.929199
v -9836.352539 -6618.574707 -5277.568848
v -10080.443359 -6835.214844 -5240.467773
v -10300.199219 -6087.439941 -4568.413086
v -11091.231445 -8975.295898 -5561.918945
v -10232.729492 -7209.176270 -4765.440918
v -8866.365234 -5614.770020 -4761.062988
v -9735.535156 -5721.042480 -4685.132324
v -9981.055664 -5893.086426 -4645.509277
v -10030.441406 -5564.131348 -4542.356934
v -7167.879883 -7791.300781 -6176.041992
v -9708.488281 -5986.994141 -4649.267578
v -10611.272461 -8472.769531 -5484.925781
v -11040.108398 -8592.484375 -5047.948242
v -8013.728516 -4945.398438 -5091.755859
v -9523.702148 -5288.684570 -6296.791016
v -8921.475586 -5467.222656 -6297.053223
v -8263.594727 -6612.363770 -5452.592773
v -6867.731934 -6512.185547 -4888.632812
v -10778.863281 -8406.666992 -5021.415527
v -10901.485352 -8098.440430 -4969.501953
v -10571.789062 -8250.227539 -5702.558594
v -10174.583984 -7294.853516 -5460.508789
v -10129.043945 -7161.589844 -5129.597168
v -8418.816406 -6335.768066 -6327.503906
v -7716.184082 -6753.947754 -6235.945801
v -9177.010742 -6373.813477 -5448.934570
v -7541.326660 -6879.146973 -6001.817871
v -7508.752930 -6779.956543 -6058.827148
v -7445.092773 -7106.201660 -6350.413086
v -10097.590820 -5099.449219 -6108.326172
v -7244.886230 -7591.730469 -6191.303223
v -7394.772461 -6801.004883 -6482.625977
v -7325.448242 -7549.824707 -6116.334473
v -7383.532227 -7035.375977 -6511.387695
v -7360.424316 -7121.047363 -6489.587891
v -11122.394531 -7566.909668 -5972.128906
v -10189.422852 -4569.525391 -5959.063965
v -6435.944336 -5630.081543 -5387.557617
v -7184.652832 -5029.581543 -5437.236328
v -7886.197754 -5313.440918 -5028.784180
v -10024.473633 -6083.193359 -4721.653809
v -10234.166016 -5838.902344 -4556.004395
v -9444.949219 -5458.909180 -4679.083496
v -10109.075195 -5835.502930 -4557.487793
v -8859.999023 -5323.480957 -4756.637207
v -10022.140625 -6269.479492 -4651.679199
v -10432.238281 -6431.049805 -4596.802734
v -9885.620117 -6135.507324 -4650.534668
v -9751.106445 -5611.738281 -4633.736328
v -10100.265625 -6136.217285 -4640.025391
v -9891.643555 -5738.705078 -4607.469238
v -10065.713867 -5714.010254 -4528.510254
v -11082.581055 -3946.968994 -5815.782227
v -11246.874023 -4492.233887 -5481.257812
v -11151.211914 -5436.874023 -5749.775879
v -11196.593750 -6358.234375 -5531.242188
v -11210.058594 -4884.528809 -5565.645020
v -11196.264648 -5296.181152 -5587.446289
v -11190.110352 -5691.400879 -5644.921875
v -8664.558594 -5470.140625 -6392.582520
v -10690.570312 -8525.833008 -5227.783203
v -8309.244141 -5970.972168 -6438.625488
v -10354.906250 -7247.334961 -5730.824707
v -11152.817383 -8803.815430 -5616.796875
v -8226.502930 -5883.013672 -4750.468262
v -8707.265625 -5727.553223 -4723.560059
v -10021.576172 -6479.515137 -4696.256348
v -6404.622559 -5931.213867 -6177.815918
v -11076.991211 -5874.101074 -4712.360840
v -9746.220703 -6622.783203 -5599.374023
v -10042.859375 -6798.412598 -4992.971191
v -9416.368164 -6384.839355 -5112.978027
v -8921.898438 -6066.384277 -4755.864258
v -7185.038574 -6046.127930 -5073.798828
v -8387.205078 -6329.312012 -6168.412109
v -6880.315918 -5991.534180 -5052.469238
v -7351.633301 -5683.803223 -6534.779785
v -6615.437012 -5731.925781 -6401.197754
v -7874.159668 -6714.021484 -5873.470215
v -7021.594238 -6203.827637 -5012.344238
v -10812.705078 -8858.277344 -5448.383789
v -10836.896484 -8929.807617 -5625.193848
v -10895.903320 -8927.167969 -5228.844238
v -10819.746094 -8753.021484 -5825.253906
v -7548.263184 -6021.006348 -6502.810547
v -10855.281250 -8429.686523 -4998.691406
v -8446.127930 -6552.693848 -5611.040527
v -11174.959961 -8562.315430 -5271.653809
v -11018.159180 -8986.673828 -5749.047363
v -6772.897949 -7037.441895 -4955.706055
v -7543.172363 -5332.132324 -6513.866699
v -6670.692871 -6230.926270 -5064.810059
v -6921.731445 -5791.395508 -5085.879883
v -11255.313477 -8442.545898 -5518.719727
v -10973.658203 -9038.588867 -5486.558105
v -7033.615723 -8029.558594 -5459.015625
v -9548.155273 -4609.856445 -5056.747070
v -7124.948242 -6264.521484 -5003.823242
v -11024.050781 -8220.680664 -5900.639160
v -8708.661133 -6393.984863 -5987.179688
v -10955.017578 -8066.501953 -5952.461426
v -7176.496094 -7318.597656 -6453.582031
v -6907.044434 -6809.506836 -6579.734375
v -11086.106445 -7747.888184 -5893.291016
v -11006.622070 -6555.362793 -6241.665527
v -10171.289062 -4381.872070 -5659.880859
v -10206.471680 -4352.001465 -5793.864258
v -11102.901367 -3741.955078 -5404.572754
v -6480.529785 -6523.407227 -5115.238281
v -7835.714844 -5968.431152 -6512.023926
v -9100.758789 -5072.333984 -6146.210938
v -9381.501953 -5065.026367 -6189.199219
v -8932.768555 -5989.766602 -6204.735352
v -6531.358887 -8190.305176 -5573.949219
v -8747.007812 -6274.925293 -4898.105469
v -9378.501953 -5699.483398 -4735.438965
v -7613.337402 -6739.107910 -6440.768555
v -7493.246582 -6930.250000 -6247.633789
v -11167.219727 -4709.928711 -4930.320312
v -10887.992188 -5227.290527 -4681.606445
v -6611.621582 -7520.043945 -5174.691406
v -7657.797363 -6247.340332 -6578.260742
v -7598.152832 -4875.366211 -5762.806152
v -10224.631836 -6332.727051 -4593.760254
v -7572.957520 -6610.874512 -6508.751953
v -10182.495117 -6763.214844 -5850.048340
v -8469.568359 -6420.038574 -5117.985840
v -6432.079590 -7856.703613 -5926.506836
v -8201.795898 -5545.985352 -6534.530273
v -10580.681641 -4896.642578 -6036.925781
v -10223.261719 -4854.967285 -6048.251953
v -10579.117188 -5551.641602 -4617.776855
v -8047.960938 -6035.372559 -4774.365723
v -8049.921875 -4781.326660 -5330.372559
v -10829.129883 -6308.854004 -4586.903809
v -6687.226562 -5075.013672 -6030.259277
v -10753.707031 -7995.460449 -4938.523438
v -6459.381836 -7960.504395 -5623.986816
v -9855.451172 -6728.765625 -5015.542480
v -8367.181641 -6143.791992 -6505.416016
v -7675.533203 -5403.839355 -6530.000488
v -7546.528809 -5479.257324 -6438.857422
v -7630.662109 -5882.077637 -6510.303223
v -8235.913086 -6522.833496 -5159.337402
v -10246.849609 -4410.528320 -4884.285645
v -9032.289062 -6269.626465 -4919.154297
v -6433.131836 -7570.496094 -5463.259277
v -10285.666016 -6772.692383 -5628.242188
v -7906.011719 -4961.722656 -6329.624512
v -7574.368164 -5110.897461 -6475.239258
v -6534.215332 -5325.622070 -6192.270020
v -9297.049805 -6097.661133 -4664.221191
v -8525.999023 -5322.827637 -4793.741211
v -8893.408203 -4810.967285 -6090.349121
v -10083.736328 -6917.450684 -4797.482422
v -8568.760742 -4694.163086 -5492.334961
v -7762.169434 -4780.221191 -6131.179199
v -7705.353516 -6706.840820 -5991.478027
v -8304.483398 -4748.830078 -6118.220703
v -6645.600586 -8451.600586 -5875.072754
v -6751.974121 -8415.901367 -6024.765137
v -11258.682617 -4093.482666 -5168.674805
v -8774.639648 -5966.558105 -6265.161621
v -7428.047852 -5013.139160 -5285.917969
v -7876.893066 -4868.743164 -5189.528809
v -10655.190430 -4004.158203 -5164.239258
v -9158.446289 -6069.932617 -4691.817871
v -8150.029297 -4732.977051 -5748.848145
v -8029.918945 -4703.369629 -6072.565430
v -7055.944336 -7110.987305 -4943.439453
v -6867.893555 -7325.882324 -5026.554199
v -10329.873047 -7643.589844 -5490.966309
v -10443.264648 -7692.085449 -5705.560547
v -9951.701172 -6677.017578 -5393.840332
v -9797.256836 -6486.525391 -5332.373047
v -8428.103516 -5881.208008 -6403.151855
v -10400.698242 -5123.135254 -5953.621094
v -10428.785156 -5004.277344 -5972.503906
v -9288.174805 -5227.774414 -6256.749023
v -7467.581055 -5482.517090 -6512.199707
v -7687.729492 -5298.147949 -6535.930664
v -10103.534180 -4881.217285 -6068.791504
v -11076.537109 -3901.616699 -4935.725586
v -10524.574219 -8056.858887 -5072.909668
v -9940.753906 -6720.145508 -5835.686035
v -8674.668945 -6201.068359 -4779.344238
v -8751.176758 -5787.021973 -4775.434082
v -11089.674805 -6177.798828 -4719.375000
v -10750.527344 -5786.633301 -4615.040527
v -7668.092285 -5056.075195 -5216.572754
v -8348.793945 -5333.078613 -4816.711914
v -9191.575195 -6265.640137 -5678.488770
v -9271.713867 -6338.300781 -5529.339355
v -10826.210938 -4308.646973 -4895.746094
v -11019.121094 -3770.433105 -5100.408203
v -8805.992188 -5279.343262 -6234.260254
v -7929.230469 -6273.724121 -6575.669922
v -9324.093750 -6334.908691 -6033.312988
v -9600.845703 -6546.333984 -5941.358398
v -7960.538086 -6617.925781 -6303.444824
v -8922.028320 -5896.076660 -6314.159668
v -9811.351562 -6678.885742 -4869.880371
v -8510.273438 -4893.400391 -4930.195312
v -10077.191406 -5346.100098 -6093.713379
v -6531.673340 -5121.151367 -5991.455566
v -11231.217773 -5896.719238 -4955.392090
v -7649.182617 -6928.970215 -5587.605469
v -8071.395508 -6693.743164 -5525.573242
v -6594.426758 -5047.217285 -6076.391602
v -9656.669922 -6544.412109 -4821.621582
v -9674.250977 -6568.072266 -4937.671875
v -10209.154297 -7417.595703 -5052.760254
v -10128.257812 -7050.481445 -5102.375488
v -10325.290039 -7608.863770 -5543.789551
v -10305.410156 -7301.737305 -5932.182617
v -11211.476562 -8666.461914 -5527.339844
v -11042.096680 -4207.733887 -4966.103516
v -9610.040039 -6522.951660 -5541.313477
v -7520.738770 -6451.227539 -6531.697266
v -10115.758789 -6618.046875 -4643.758301
v -9970.552734 -6642.691406 -4810.658691
v -8133.453613 -6088.530762 -6531.594238
v -7783.236816 -5853.297363 -6533.968750
v -9781.635742 -6307.799805 -4610.193359
v -7501.305664 -6847.559570 -6411.689941
v -7498.434570 -6950.979004 -6099.414062
v -7465.276855 -6994.070312 -6277.666016
v -10081.202148 -6779.089355 -4704.395996
v -10008.470703 -6656.945801 -4793.420410
v -7389.292480 -6562.548340 -6491.292969
v -9965.010742 -6062.550293 -4714.421875
v -8912.163086 -6392.861328 -5148.326172
v -9956.464844 -6658.914062 -6222.234375
v -10089.320312 -7120.290039 -4941.841797
v -8049.990234 -6682.974121 -5386.953125
v -10720.433594 -3994.864502 -5077.478027
v -11175.391602 -6403.567871 -4776.294922
v -8857.079102 -5381.488770 -6177.514648
v -10508.136719 -8126.125488 -5593.975098
v -6652.930176 -8443.471680 -5627.860840
v -6718.454590 -8672.566406 -5752.887695
v -6495.985840 -7488.413086 -5261.776367
v -6566.312012 -8149.819336 -5494.547852
v -6530.824707 -7957.916992 -5421.657227
v -10786.356445 -8613.216797 -5096.160645
v -10693.196289 -8404.798828 -5113.081543
v -10229.304688 -7416.148926 -4942.204590
v -10612.983398 -8431.271484 -5330.288574
v -10632.423828 -7721.543457 -5859.034180
v -10130.326172 -6382.076660 -6179.291016
v -7106.729980 -5131.850586 -5339.629395
v -10678.495117 -6455.344727 -4595.966309
v -10507.139648 -7981.196289 -5821.713867
v -11058.728516 -8973.321289 -5234.267578
v -6601.232910 -6414.183594 -5047.611816
v -7853.293457 -6664.799805 -6073.906738
v -8247.761719 -6450.755859 -6295.530273
v -10211.900391 -6990.011719 -5525.202637
v -10296.245117 -7049.240234 -5614.634766
v -10548.825195 -7600.771484 -5917.417969
v -6455.362793 -7573.123535 -6177.871094
v -10091.833008 -6730.833984 -5524.280762
v -10077.171875 -6642.758301 -6170.466797
v -10238.445312 -7238.529297 -5587.527344
v -10358.065430 -7262.316406 -5662.537598
v -9579.549805 -6462.236816 -5153.111328
v -9182.040039 -6057.462891 -6041.158691
v -9448.534180 -6273.695801 -6133.312012
v -9211.398438 -6250.773926 -6016.143066
v -10821.041016 -8283.027344 -5887.133301
v -7287.635742 -4969.156250 -5773.338867
v -10406.304688 -7371.220703 -5747.166016
v -9879.447266 -6097.891113 -6226.784180
v -7403.312500 -7448.447754 -5988.930664
v -10397.617188 -5247.133301 -6069.427246
v -6697.292969 -8458.439453 -5955.653320
v -11115.771484 -3750.671387 -5176.775879
v -6369.571777 -6261.769531 -6225.627441
v -6478.789551 -5259.223145 -6028.369141
v -10383.210938 -4188.625000 -5144.099121
v -6413.628418 -5629.858398 -6103.149414
v -11250.347656 -6920.625977 -5521.079102
v -9358.237305 -6414.909180 -5902.237793
v -7091.504395 -7450.559570 -6427.418945
v -7317.977051 -7064.998047 -6564.900879
v -7369.912109 -6057.071289 -5003.848145
v -6300.600098 -6081.402344 -5476.003418
v -10932.278320 -4606.242188 -5949.084961
v -6352.057617 -5771.313477 -5733.512207
v -11101.631836 -4456.270020 -5825.367676
v -11231.678711 -5191.207031 -5424.003906
v -7186.819336 -7828.208984 -5664.594727
v -11266.895508 -4687.817383 -5338.870117
v -8831.337891 -6367.547852 -6001.327148
v -6654.521973 -8370.524414 -5578.226562
v -10406.794922 -5566.997559 -6154.307617
v -6766.704102 -8685.712891 -5693.891113
v -11190.349609 -6067.321289 -5469.379395
v -10768.090820 -5441.176270 -6215.663574
v -10657.758789 -4082.188965 -5715.763672
v -10247.234375 -6779.022461 -5899.089844
v -11127.506836 -8627.772461 -5771.943359
v -11189.144531 -7967.267090 -5178.007324
v -9824.318359 -4820.878418 -4744.170898
v -8830.210938 -4652.285156 -5822.729492
v -9858.782227 -5843.488281 -6173.257324
v -7671.782715 -6765.013184 -6374.466797
v -11015.783203 -7669.276855 -4913.652832
v -6586.340332 -8277.788086 -5981.369629
v -11201.635742 -4552.155273 -5038.157715
v -6634.531250 -6232.241699 -6438.675293
v -8760.041992 -6112.810059 -6298.294434
v -9579.230469 -4670.748047 -5931.911133
v -10604.320312 -7892.874512 -5893.621094
v -9722.181641 -6442.703125 -5299.562500
v -8288.998047 -4682.563477 -5967.403809
v -7485.103027 -6877.138672 -5283.457031
v -6696.907715 -5754.911621 -5159.251953
v -10694.818359 -7010.664062 -4685.155762
v -10698.399414 -7617.448730 -4836.044434
v -7833.848145 -5124.960449 -6434.855957
v -8036.951172 -6285.044922 -4786.827637
v -8055.702637 -6637.744629 -5848.430664
v -6291.173828 -7211.796387 -6067.137695
v -10087.277344 -6837.276855 -5349.407715
v -10187.082031 -6842.223145 -5454.222656
v -9715.902344 -5345.203125 -4609.736816
v -6791.935547 -5609.400391 -5182.833496
v -8700.256836 -5864.735352 -6285.187988
v -7632.215820 -4971.485352 -5245.766113
v -11077.764648 -8811.551758 -5140.683105
v -8754.032227 -5929.022461 -4711.663574
v -10968.780273 -9012.454102 -5738.540527
v -8023.601074 -6534.086914 -6451.781738
v -7905.017578 -5879.214844 -6539.435547
v -10178.418945 -6904.944824 -5135.354004
v -10320.750977 -7438.179688 -5599.559082
v -8859.763672 -5126.911621 -6206.507324
v -8902.626953 -4946.510254 -6166.489746
v -9224.701172 -5085.070801 -6152.813477
v -7115.421387 -4912.323242 -6324.725098
v -7117.530762 -4877.254395 -6279.120117
v -7598.103516 -6229.673828 -6508.129395
v -7490.817383 -6307.850098 -6437.870605
v -9039.801758 -6007.120117 -5991.259766
v -11015.948242 -7152.980469 -4744.360352
v -10899.757812 -7826.304688 -4916.519531
v -7579.496582 -5780.533203 -6464.904785
v -8474.210938 -6309.596680 -4915.770020
v -10176.658203 -4720.443359 -6048.470215
v -9614.276367 -4791.403320 -6032.751953
v -9762.996094 -5338.096191 -6284.848145
v -10284.342773 -5280.161621 -4608.629395
v -6353.958984 -7606.290039 -5623.937988
v -9193.452148 -6329.696289 -5021.924316
v -6741.011719 -6755.726074 -4917.358887
v -8755.307617 -5101.414062 -6248.624023
v -9498.416016 -5118.100586 -4656.244141
v -9329.989258 -6318.040527 -5465.796387
v -6425.095703 -6673.481934 -6319.606445
v -7956.217285 -6530.761230 -5969.444824
v -9394.296875 -6222.822754 -5328.908203
v -10332.752930 -6879.012695 -4637.790527
v -10616.561523 -7109.090820 -4713.628906
v -8054.745605 -6680.370605 -5772.788086
v -9035.137695 -5442.771973 -4767.372559
v -9447.819336 -5671.124512 -4777.574707
v -7972.230469 -6029.610840 -6543.550293
v -7659.567871 -4862.302734 -6252.117676
v -10960.834961 -6521.192871 -4649.045410
v -9614.475586 -6026.753906 -6213.000977
v -9135.916016 -6100.256836 -5988.600098
v -9966.294922 -5905.526367 -6194.107422
v -7484.025879 -5266.067383 -5212.306641
v -8298.398438 -5992.382324 -4730.693359
v -9791.700195 -4549.028320 -5537.314941
v -10270.042969 -6835.281250 -5900.710449
v -7217.833008 -4951.107422 -5985.360352
v -7067.500977 -7554.267578 -5178.640625
v -9954.788086 -6697.177246 -5557.618652
v -10719.385742 -7554.847168 -6110.177246
v -10031.964844 -6761.962402 -4862.439941
v -10087.458984 -6988.749023 -4894.225098
v -10100.961914 -6928.128418 -4978.906738
v -11282.492188 -3969.629395 -5370.586426
v -10267.395508 -6776.308594 -5548.573730
v -11220.209961 -7395.105469 -5773.662109
v -9813.731445 -6512.510254 -4723.112305
v -10009.160156 -6680.139160 -5469.431152
v -10157.380859 -6881.854980 -5277.065430
v -9948.348633 -6784.738281 -5042.180664
v -9718.115234 -6568.375000 -5168.956543
v -10091.419922 -6811.097168 -5411.701660
v -11263.950195 -4214.083984 -5450.350098
v -9927.547852 -6760.174316 -4916.691895
v -11233.423828 -4338.316406 -5564.862793
v -10998.315430 -7225.348633 -6121.868652
v -7093.657715 -7741.327637 -5305.208008
v -10083.041992 -6830.221191 -4993.081055
v -7263.119629 -7372.380859 -5233.522949
v -10990.299805 -9004.376953 -5251.940918
v -6359.473145 -6992.301270 -5271.361328
v -6636.758789 -7654.643066 -6293.031250
v -7713.793945 -4882.251465 -5337.770996
v -8442.540039 -6292.697266 -6067.441895
v -9184.064453 -5331.018555 -6307.359863
v -7217.186035 -5051.822754 -5366.476562
v -7054.656250 -5563.983887 -6511.901367
v -10343.166992 -6661.628418 -4613.969238
v -8331.945312 -6380.441406 -6404.774902
v -10879.627930 -8950.763672 -5737.207031
v -10898.341797 -8888.839844 -5814.189453
v -6257.995117 -7186.728516 -5937.253906
v -10190.365234 -7333.303711 -5209.722656
v -7848.279785 -6814.365723 -5553.744141
v -9257.828125 -4998.285645 -6140.354980
v -7033.752441 -6862.792969 -4867.786133
v -9646.623047 -4575.564453 -5240.516602
v -7677.225586 -5419.939941 -5079.707031
v -9716.978516 -5795.368164 -6283.783203
v -11093.103516 -5445.470215 -4761.603516
v -8539.541016 -4802.241699 -6159.671387
v -7393.826172 -6738.156250 -5096.491699
v -7650.324219 -6826.911133 -5953.119629
v -9117.157227 -5728.624512 -4749.377441
v -11170.924805 -4044.846924 -5026.523926
v -6971.690918 -6245.750977 -4983.186035
v -7603.312012 -6789.229004 -5134.233887
v -10624.223633 -4472.444336 -4892.768066
v -11127.095703 -7458.582031 -4910.703125
v -11138.420898 -6785.476562 -4812.249023
v -8936.314453 -5881.495605 -4808.537598
v -9022.414062 -6012.720703 -4763.574219
v -7617.674316 -6378.306152 -6570.823730
v -6250.904785 -6725.123535 -5523.331055
v -9004.511719 -6022.404297 -6138.455078
v -8801.322266 -4700.885742 -5387.119141
v -9595.873047 -4937.830566 -4699.582520
v -9350.707031 -4993.055176 -4717.909180
v -9313.765625 -4777.679688 -4845.461426
v -9668.680664 -6595.293945 -5758.177246
v -9089.211914 -6248.875488 -5876.040039
v -8249.590820 -6308.605957 -4858.675781
v -10925.267578 -4327.284180 -4904.229004
v -10884.371094 -4163.360352 -4916.288086
v -6361.919922 -6230.012207 -5268.942871
v -8428.779297 -6210.106934 -4807.400879
v -9969.633789 -5285.750977 -6190.831543
v -10390.778320 -4344.161133 -4907.508301
v -9170.494141 -6366.434082 -5262.729492
v -9262.669922 -6304.571777 -5007.398926
v -6738.520508 -7771.200195 -6331.450684
v -9954.617188 -4582.763184 -4810.666016
v -6396.506836 -7133.787598 -6295.828613
v -9991.332031 -5854.613281 -6145.617676
v -6499.244141 -7970.485840 -6038.716309
v -8290.895508 -4803.725098 -5105.847168
v -8344.204102 -5713.964844 -4742.870605
v -10310.282227 -5295.506348 -6078.295410
v -8812.417969 -5864.682129 -6277.067871
v -9802.748047 -4548.487793 -4934.626465
v -6234.287109 -6662.863770 -5885.388672
v -6838.505859 -8065.498535 -5367.808105
v -10729.338867 -8713.850586 -5718.415039
v -10225.089844 -7339.630371 -5537.835449
v -8022.012207 -5430.062012 -6540.054688
v -7480.079102 -6907.844238 -6339.649902
v -9182.257812 -5562.746094 -6374.246582
v -8515.380859 -5408.900879 -6428.147461
v -11136.232422 -5030.279785 -4848.553223
v -11117.381836 -8949.429688 -5387.767578
v -9574.333008 -6087.417969 -6225.182617
v -7619.384766 -5571.776367 -6495.217773
v -6783.404297 -6005.748047 -6479.520508
v -10529.522461 -7557.269043 -5797.868652
v -7086.212891 -6578.972168 -4872.530762
v -8124.460449 -5598.188477 -4824.428223
v -7800.237793 -6691.115723 -6441.534180
v -9327.002930 -6177.470215 -6089.449707
v -9020.396484 -5539.919922 -4797.821289
v -8972.441406 -5855.125488 -4758.543945
v -9287.893555 -6044.086426 -4643.517578
v -6737.567871 -4988.065430 -6248.439453
v -10393.340820 -7843.134766 -5568.559082
v -10259.332031 -7464.606445 -5308.839844
v -8542.325195 -6202.285645 -6401.426758
v -8650.766602 -6444.571289 -5269.264160
v -10542.073242 -7887.143066 -4959.108887
v -7882.748535 -4820.224121 -5513.988281
v -8075.861328 -4812.414551 -5207.810059
v -8850.541016 -4979.171387 -4832.674316
v -9848.035156 -4614.274902 -5904.703125
v -9892.337891 -4508.506348 -5377.822266
v -10079.936523 -4663.642090 -6000.673340
v -9975.045898 -4859.435547 -6066.898926
v -7283.626953 -4996.300293 -5540.234375
v -7065.782227 -6448.697754 -6583.653320
v -7272.656738 -6374.315430 -6574.081055
v -7449.570312 -6929.237793 -5544.033691
v -9860.582031 -6707.312500 -5871.787109
v -9801.255859 -6679.566406 -5733.757324
v -6776.689941 -7923.363770 -5302.269531
v -6790.564941 -8213.638672 -5410.340820
v -10319.531250 -4809.092285 -6018.019043
v -7744.558594 -4857.071289 -5609.690918
v -10036.790039 -4442.800293 -5758.342773
v -6508.005859 -8023.230469 -5492.083496
v -11197.815430 -6860.887695 -5775.727051
v -6816.798828 -7279.614258 -6501.056641
v -11161.348633 -7844.143555 -5869.455078
v -11142.976562 -7604.898926 -5851.877441
v -7684.590332 -5970.832520 -5019.635742
v -10489.413086 -5057.987793 -5977.980469
v -7467.926758 -5914.231934 -5100.725098
v -7905.223633 -4822.625488 -5263.500000
v -7864.817383 -5502.824707 -6557.742676
v -10905.206055 -6919.316895 -6243.144043
v -9927.337891 -6599.785645 -5424.666016
v -7306.318359 -6732.937988 -6540.488281
v -7354.565430 -4986.454102 -5397.977051
v -6402.587402 -5619.099609 -5532.471191
v -6937.755371 -6538.764648 -6572.638672
v -6829.631836 -8305.357422 -5482.435547
v -10501.862305 -4661.456055 -6031.023438
v -7115.359863 -6546.252930 -6606.185547
v -10588.212891 -4989.441406 -6032.519043
v -7200.270508 -6980.500000 -6577.570801
v -10555.168945 -4599.967285 -6036.191895
v -7388.065918 -7293.101074 -5404.791504
v -11234.168945 -5530.559570 -5243.481445
v -10962.085938 -4653.975586 -4809.992676
v -8735.967773 -5557.926758 -6354.346680
v -8812.492188 -5744.928711 -6280.677734
v -10582.492188 -4199.127930 -4932.274414
v -9200.282227 -6181.061035 -4813.272949
v -10096.739258 -5226.379395 -6100.231445
v -8055.323242 -6326.590332 -6543.864746
v -6429.769531 -7736.229980 -5543.696289
v -9608.887695 -4993.926270 -6149.811035
v -10678.642578 -7780.967773 -5863.869629
v -10110.155273 -5765.303223 -6096.827148
v -7490.735840 -6791.562012 -5153.314453
v -6628.459961 -5036.460938 -6175.013672
v -11216.958008 -6884.620605 -5180.655762
v -6347.314453 -5819.149902 -5846.926270
v -11197.787109 -6846.604492 -5291.575195
v -11109.111328 -3850.387207 -5003.367676
v -7437.911621 -7339.653320 -5876.992676
v -9579.613281 -6181.185547 -6214.176758
v -9145.939453 -5540.129883 -4812.077148
v -9135.443359 -5458.638672 -4754.508301
v -10334.241211 -7643.536621 -5050.061035
v -11133.459961 -8047.904785 -5105.040039
v -8896.497070 -4738.024902 -5071.327148
v -11138.186523 -4186.883301 -5022.099609
v -8445.073242 -6091.037109 -4739.796875
v -10774.860352 -7985.856445 -5963.568359
v -7162.782715 -4928.507812 -6089.883789
v -6330.897949 -7467.517090 -5568.232910
v -7003.107422 -7293.959473 -5009.923828
v -6897.204102 -6977.705078 -4892.869629
v -7530.678711 -5548.809082 -5086.200684
v -10501.297852 -4127.208496 -5078.297363
v -10188.244141 -4347.213379 -5144.240723
v -11207.417969 -6570.565918 -5315.559082
v -8219.607422 -5866.630859 -6489.030273
v -8512.773438 -5763.429199 -4725.454590
v -8435.593750 -5711.004883 -4721.651367
v -8269.291016 -6065.585449 -6508.265625
v -7958.347656 -6691.178223 -5258.782227
v -8032.486328 -6609.316406 -5169.362793
v -10577.618164 -4877.032227 -4797.523438
v -7661.489258 -6499.781250 -4852.478027
v -7526.055664 -6976.012695 -5855.817871
v -10747.791016 -8737.123047 -5389.553223
v -10819.996094 -4883.182617 -4767.166016
v -10922.755859 -5052.001465 -4729.357910
v -8860.642578 -4662.022461 -5902.167969
v -9242.626953 -6339.989258 -5736.722168
v -10337.292969 -4565.569824 -4849.374512
v -10068.861328 -5553.074707 -6143.351074
v -8343.654297 -5160.862305 -4877.223633
v -11273.297852 -8132.779785 -5394.364258
v -6706.795410 -8125.998047 -6177.574707
v -6768.914062 -7892.464844 -6308.552246
v -6754.870605 -8734.375977 -5821.426270
v -8489.959961 -5052.682617 -4879.189941
v -9312.507812 -6299.304199 -4847.594238
v -9506.665039 -6432.980957 -4796.934082
v -6988.336426 -8305.041992 -5692.861328
v -6902.632324 -8521.438477 -5849.239258
v -10745.250977 -7664.045898 -6068.765137
v -10381.243164 -7789.851074 -5626.465332
v -10965.153320 -8823.536133 -5078.113770
v -10659.347656 -8215.050781 -5030.875977
v -11028.594727 -8120.450195 -5023.872070
v -11044.984375 -5231.543945 -4757.399902
v -10338.950195 -7346.824219 -5860.552734
v -7459.621582 -5290.707031 -6518.828613
v -8722.165039 -5623.281250 -4717.020996
v -10362.461914 -6958.934082 -5695.832520
v -8967.371094 -5292.396484 -6167.327637
v -10408.104492 -4241.344238 -5370.864258
v -7096.976074 -7631.127441 -6304.615234
v -7315.109375 -7308.732910 -6314.122559
v -8142.149414 -6431.219727 -6014.272461
v -9040.505859 -5975.230469 -4726.286621
v -10712.141602 -8396.938477 -5805.271484
v -8865.679688 -5928.115723 -4764.180176
v -10558.550781 -7720.445801 -5782.769043
v -6523.448730 -6730.969238 -5069.336914
v -10367.816406 -7477.805664 -4838.192871
v -6830.494629 -4965.014160 -6146.847168
v -9255.817383 -6318.480469 -5464.872070
v -10713.277344 -8719.958008 -5611.274414
v -11220.470703 -5907.113281 -5101.354004
v -11218.784180 -5233.978027 -4919.282227
v -10193.601562 -7034.640137 -5332.676758
v -10180.988281 -7008.428711 -5426.028320
v -10963.447266 -8673.328125 -5863.659180
v -6688.988770 -7580.698730 -5165.862305
v -11238.878906 -7255.812500 -5077.163086
v -11259.730469 -7502.403809 -5324.452148
v -9551.171875 -6327.197754 -4696.868652
v -6984.311523 -8154.341797 -6136.084473
v -10993.017578 -6058.062500 -6160.901367
v -8904.579102 -4698.726074 -5999.232910
v -9058.548828 -4766.635254 -6031.568359
v -7045.706055 -6280.650391 -6563.055664
v -9199.729492 -6287.382324 -4927.411133
v -9277.231445 -6281.810059 -4946.793457
v -6695.778320 -5921.619141 -5126.873535
v -7410.448730 -6417.834961 -6532.085449
v -8166.747559 -5753.262695 -4829.830078
v -11208.144531 -6187.971191 -4944.126465
v -11181.684570 -8795.109375 -5469.992188
v -8863.333008 -5021.328613 -6203.866699
v -8163.477539 -4755.875488 -5445.774414
v -10400.691406 -5364.134766 -6107.221191
v -6454.231445 -5739.918945 -6218.375488
v -9265.210938 -5145.481445 -6189.990723
v -9035.004883 -4710.325684 -5138.143555
v -11125.646484 -6447.562500 -4732.715820
v -6967.845703 -7697.059082 -5202.612305
v -7153.122070 -7351.581543 -5106.418457
v -7043.941406 -7426.066406 -5081.571777
v -7516.082031 -6646.241211 -4921.532715
v -8125.542480 -6073.735840 -4749.682129
v -6293.687500 -6100.938965 -5823.198730
v -8394.405273 -6295.482910 -6089.086914
v -7982.401367 -4764.528320 -5778.403320
v -7483.473145 -6408.495117 -4832.322266
v -8145.685059 -6655.869629 -5724.269043
v -6321.432129 -6485.914062 -6141.026855
v -6821.562500 -8414.890625 -6058.060059
v -7828.864258 -6076.123535 -4832.051270
v -7090.411621 -7828.376465 -6222.060059
v -9181.835938 -5229.945312 -6207.839844
v -9114.493164 -4930.741699 -6124.576172
v -11214.634766 -6243.101074 -5014.669434
v -8677.481445 -4841.919434 -6159.126465
v -8760.659180 -5182.270020 -6264.106445
v -8421.692383 -5149.210449 -6349.775391
v -11212.906250 -6608.507324 -5205.764648
v -9164.106445 -5036.606445 -6143.201660
v -10347.340820 -5158.561035 -5967.163574
v -6375.828613 -5851.097656 -6046.630859
v -10735.316406 -5132.302246 -6119.909180
v -6849.886719 -8646.561523 -5821.596680
v -11094.800781 -6872.395996 -6044.477051
v -11201.847656 -6367.402832 -4903.549316
v -8060.890137 -5759.007324 -4914.823242
v -8550.594727 -6470.409180 -5901.916992
v -7900.487793 -6169.019043 -4760.762207
v -8364.863281 -4715.735840 -5524.781250
v -7828.068848 -6382.605957 -4823.248535
v -10019.444336 -6768.849609 -4913.592773
v -7678.770020 -6259.656250 -4806.056152
v -7045.421875 -7725.614258 -5255.800781
v -10031.374023 -6819.642090 -5123.752441
v -10766.901367 -8281.536133 -4997.386719
v -6585.941895 -8372.107422 -5775.294434
v -6889.685059 -6320.063477 -4962.079590
v -6585.316406 -6105.414551 -5137.714355
v -10336.384766 -5101.470703 -4668.787109
v -11195.131836 -5250.077637 -4869.490723
v -11238.097656 -5165.227051 -5028.952637
v -10022.940430 -4403.391602 -5019.526855
v -9209.631836 -6325.133301 -5956.467285
v -10075.508789 -6272.300293 -6181.328125
v -10564.655273 -6755.265625 -4627.000488
v -8043.081055 -5893.046387 -6492.981934
v -10342.737305 -7112.377441 -5677.422852
v -6797.173828 -6871.878418 -4899.697754
v -10199.712891 -4356.158203 -4992.792969
v -10186.590820 -7216.828125 -5510.408203
v -8064.483887 -5025.969727 -5045.715820
v -10956.557617 -6854.519043 -4681.172363
v -11238.484375 -3882.985596 -5295.633301
v -9572.673828 -6362.023438 -5262.827148
v -9556.024414 -6390.010742 -5334.079102
v -9208.891602 -5784.273438 -6369.266602
v -11267.181641 -4992.414062 -5161.592285
v -7353.989258 -7311.584961 -6206.562012
v -10675.175781 -5479.556152 -4625.391113
v -8409.612305 -5668.906738 -6476.228516
v -8146.395508 -4848.743652 -6217.197754
v -10159.653320 -7194.933594 -4838.670410
v -9892.487305 -5355.078125 -6244.562500
v -10247.103516 -6722.192871 -6151.373535
v -11185.965820 -7731.679688 -5108.483887
v -11093.824219 -3842.403320 -5768.407227
v -7513.160645 -6720.531250 -6475.021484
v -8421.400391 -5877.618164 -4698.958496
v -9252.610352 -6063.078613 -6117.109863
v -8772.933594 -6142.975586 -6259.303711
v -8202.114258 -6408.143555 -6460.532227
v -10833.678711 -8421.748047 -5867.588867
v -10941.936523 -8916.318359 -5141.458008
v -11126.891602 -8763.514648 -5712.794922
v -9787.106445 -4523.588867 -5116.752930
v -8522.515625 -6379.486328 -5052.961426
v -7720.757812 -6844.597168 -5424.977539
v -7331.352051 -4949.535645 -6365.121094
v -7595.421875 -6110.628418 -6460.040527
v -6878.527344 -5412.656738 -6476.140137
v -10983.251953 -8580.318359 -5017.624512
v -8879.625977 -6192.832520 -6141.653809
v -8668.496094 -5287.668945 -6366.648438
v -7526.120605 -5779.836914 -6516.210938
v -7505.451660 -5944.115234 -6529.407227
v -10213.183594 -6774.329102 -5700.205078
v -7868.021973 -6443.873047 -6551.428223
v -10588.825195 -7608.583008 -6025.144043
v -7265.123535 -6412.700195 -4933.110352
v -8302.200195 -5761.813477 -4764.882812
v -9995.685547 -5797.637695 -6137.322754
v -9416.846680 -5251.523438 -4668.713867
v -9833.616211 -5489.206543 -4588.902832
v -9166.612305 -4707.907227 -4967.519043
v -6566.028809 -7859.508789 -6152.673340
v -9308.413086 -4661.212891 -5008.837891
v -9922.070312 -5455.191406 -4557.271484
v -6274.458496 -7338.733887 -5917.748047
v -6482.654297 -8036.734863 -5850.559570
v -6337.238770 -7410.508301 -6149.740234
v -7746.232910 -4854.521973 -5403.282715
v -11224.779297 -5624.351074 -5396.798340
v -7870.631836 -4934.837891 -5149.297363
v -6561.293945 -5093.901367 -6094.684570
v -9125.189453 -5291.177734 -4731.841309
v -10241.513672 -6218.291992 -6319.618164
v -6489.950195 -5377.936523 -6160.898926
v -9282.725586 -5398.791504 -4693.626465
v -6387.910645 -5552.343750 -5920.887207
v -9263.460938 -5113.272461 -4714.466797
v -8246.823242 -5163.535645 -4912.596191
v -9715.859375 -5225.188965 -4626.113770
v -11199.581055 -6124.994141 -5239.312012
v -8242.226562 -4772.441895 -5178.805176
v -9411.891602 -5228.816406 -6274.488281
v -10492.309570 -7711.397949 -4906.940918
v -10588.584961 -7528.464844 -6080.680664
v -7427.831055 -7027.009277 -5178.040039
v -7169.721680 -7656.434082 -5369.484863
v -10758.321289 -7320.390137 -6178.003418
v -9066.241211 -4990.349121 -6149.627441
v -7403.811035 -5093.121094 -5257.113770
v -7312.857910 -5842.279297 -5098.186523
v -7125.157715 -6113.012695 -6549.667480
v -10428.475586 -7410.596680 -5671.452637
v -11030.218750 -3789.615723 -5048.555176
v -7095.322266 -6952.389648 -4898.627930
v -7703.811523 -4923.311035 -6338.559570
v -6770.295898 -6455.279785 -4941.656250
v -8893.625977 -6462.164062 -5464.750488
v -8878.644531 -5295.086426 -6156.591309
v -8690.146484 -5315.943848 -4771.931641
v -10195.445312 -5706.660645 -4543.574707
v -7471.470703 -5368.366699 -6518.801270
v -7269.996094 -6562.112305 -4901.534180
v -7530.013184 -4806.841797 -6165.359375
v -7683.410156 -4824.956055 -5929.871582
v -10091.991211 -4554.883301 -4817.441895
v -7034.041504 -6474.197266 -4878.862793
v -9847.733398 -6613.603516 -6235.023438
v -10352.874023 -7682.506836 -5364.507324
v -11171.637695 -6244.492188 -4822.138184
v -7287.714355 -6522.410645 -4898.470215
v -9065.821289 -6333.920410 -5012.255859
v -10651.446289 -7421.310059 -4776.147949
v -6319.990723 -7032.563477 -5348.281250
v -7732.874512 -6081.248047 -6536.929688
v -9020.686523 -5979.474609 -6274.823730
v -8219.413086 -6584.390625 -5303.282715
v -10213.004883 -6723.903320 -5947.522461
v -10852.369141 -4615.132812 -4812.532227
v -10962.430664 -7677.259766 -4891.740723
v -10216.953125 -6130.078613 -4589.832520
v -10130.117188 -6988.652832 -4742.899902
v -10343.332031 -7127.452148 -5728.722168
v -9054.519531 -5417.863281 -6342.645996
v -8918.941406 -5572.357422 -6310.380859
v -9745.053711 -6653.524414 -5836.059082
v -10078.519531 -6671.660645 -6113.416016
v -8275.598633 -5918.789551 -6442.777344
v -9393.894531 -6250.716797 -5267.003418
v -10452.189453 -7930.499512 -5107.294434
v -10246.692383 -7019.601074 -5990.500977
v -9715.475586 -5908.442871 -6224.164551
v -10179.219727 -6531.862305 -6162.098633
v -10353.724609 -5514.689941 -4571.437012
v -7329.194336 -5257.221680 -5241.334961
v -11032.084961 -9034.722656 -5649.005859
v -9219.682617 -4669.605469 -5930.817871
v -10673.887695 -6115.374023 -6306.180664
v -10518.823242 -7915.916992 -5840.466797
v -6534.783203 -5457.756836 -5351.732422
v -7252.796875 -6312.073730 -5037.134277
v -10383.893555 -4630.426270 -6020.090820
v -10670.553711 -8239.121094 -5840.683594
v -10715.908203 -5339.196289 -4650.730469
v -10246.520508 -7442.894043 -5463.323730
v -10325.710938 -7635.263184 -5170.122070
v -9470.350586 -6068.165527 -4628.237793
v -9951.412109 -5201.935059 -6186.580078
v -9807.804688 -6166.257324 -4600.549316
v -8486.610352 -5915.646484 -6317.339355
v -6523.688477 -5785.878418 -6331.002930
v -11213.841797 -6812.768555 -4958.045410
v -9114.653320 -5038.030762 -4772.645020
v -9064.531250 -4832.916016 -4854.066895
v -9638.572266 -4590.627441 -5380.970215
v -8839.649414 -5931.132324 -6252.688477
v -8657.425781 -6143.834473 -4744.712402
v -9869.484375 -6351.167969 -4647.298828
v -7566.760742 -6843.635254 -6327.941406
v -10202.520508 -7034.882812 -4715.009766
v -7462.846680 -7261.244141 -5583.662598
v -11221.995117 -8349.534180 -5680.383789
v -6305.401367 -6279.685059 -6021.807617
v -11285.510742 -7986.587891 -5441.649414
v -6615.099121 -5597.298340 -5210.035645
v -9349.458008 -6354.240234 -4882.268066
v -10945.826172 -9023.577148 -5682.035645
v -9887.132812 -6545.273438 -4736.991211
v -9988.514648 -6122.976562 -6235.976562
v -10071.817383 -6743.302246 -5810.354004
v -8268.742188 -5100.868652 -6373.679199
v -8495.855469 -4921.066406 -6258.568359
v -9508.462891 -4622.125488 -5416.426758
v -9766.077148 -4538.127930 -5764.831543
v -9211.103516 -4617.673340 -5810.256836
v -7237.524902 -5505.025879 -6528.820312
v -7322.011230 -5440.689941 -6534.238770
v -10915.640625 -8360.645508 -5002.886230
v -8300.471680 -6221.014160 -4808.579590
v -7933.979492 -5725.637207 -6555.470703
v -7274.481445 -7697.181152 -5867.824219
v -7276.416992 -7410.942871 -6260.445312
v -10468.669922 -8024.579590 -5456.500000
v -9362.244141 -5590.200195 -6361.679688
v -9801.924805 -4776.171875 -6034.278320
v -11081.284180 -7239.954590 -4806.802734
v -6824.631348 -4970.340332 -6297.912109
v -11015.600586 -5872.230957 -6102.400391
v -8257.435547 -6445.040527 -6366.069824
v -7801.438477 -6638.907227 -5970.654785
v -11097.743164 -4449.888184 -4956.676270
v -8339.294922 -6347.508789 -4935.921875
v -8006.888184 -6550.252441 -6077.998535
v -6251.491211 -6617.571777 -5473.791992
v -6281.602539 -7053.519531 -5544.035156
v -10373.729492 -4297.755371 -5630.646973
v -6837.461914 -6081.697754 -5069.561523
v -9963.303711 -6252.355957 -4656.202148
v -10044.528320 -6336.852539 -4637.018066
v -6544.599609 -8273.466797 -5678.631348
v -7584.655273 -5988.642090 -6469.563965
v -10335.304688 -6336.378418 -6337.416992
v -10340.947266 -5820.843262 -4556.608398
v -10882.757812 -3880.787842 -5477.877441
v -7957.438965 -5520.280273 -4937.584473
v -9035.950195 -5364.124023 -6315.551758
v -7751.651367 -5175.438477 -5144.135742
v -9296.559570 -6306.789551 -5008.850098
v -9835.353516 -6593.560547 -5460.920898
v -9467.991211 -6433.334961 -5494.600098
v -10492.925781 -4904.910156 -4782.698242
v -7521.399902 -4866.557129 -5993.177734
v -10376.483398 -4282.753418 -5825.052246
v -8720.698242 -5394.048828 -6352.052734
v -10255.180664 -5030.407227 -6034.449707
v -7880.384277 -5340.905273 -6533.955566
v -8056.163574 -5133.383301 -6411.224121
v -8083.187988 -4772.319824 -6152.657227
v -8053.798340 -4951.002930 -6303.691895
v -6475.111816 -5462.455078 -5463.226074
v -6695.555176 -6617.575684 -4948.711426
v -9095.875000 -6162.781738 -4817.092285
v -8983.007812 -6001.185547 -4775.885254
v -6458.572754 -6800.413086 -5134.617676
v -6418.552246 -7114.426758 -5220.062012
v -9221.136719 -6319.805176 -5543.802246
v -7730.984375 -6718.614258 -6050.190430
v -11027.655273 -5810.546387 -4682.538086
v -10751.070312 -7886.912598 -5928.475586
v -9078.144531 -6185.337402 -5908.605957
v -9138.168945 -5488.868164 -6354.904297
v -9591.118164 -5921.512207 -4645.839844
v -9689.728516 -6051.339355 -4610.758789
v -10540.694336 -4095.652588 -5217.555664
v -8784.933594 -6365.512695 -5063.681641
v -10547.232422 -5400.582031 -4643.497559
v -10504.168945 -5486.844238 -4610.203613
v -9463.899414 -5854.898926 -6357.563477
v -8546.187500 -5725.795898 -4713.633789
v -7715.931152 -6027.654297 -6505.598145
v -10622.145508 -8271.573242 -5779.068359
v -11051.485352 -4061.471924 -4957.133789
v -11015.467773 -8862.119141 -5800.177734
v -10310.416992 -7212.519043 -6024.857910
v -7287.630371 -6482.983398 -4892.560059
v -10809.087891 -8864.811523 -5732.914551
v -10288.760742 -6903.375000 -5865.486816
v -11217.445312 -8199.575195 -5262.357422
v -11142.943359 -8576.247070 -5195.046387
v -10683.145508 -4189.565918 -5890.385742
v -7856.888184 -6025.562012 -6537.464355
v -11201.664062 -3952.868652 -5057.218262
v -7000.833984 -5043.064941 -5898.651367
v -10733.182617 -7808.691895 -4890.209961
v -9719.148438 -4628.006348 -5895.419434
v -6687.822754 -8577.140625 -5729.609863
v -7855.009766 -6472.695312 -4885.224609
v -7782.892090 -6594.818848 -4969.791992
v -10236.884766 -6749.554199 -5846.611816
v -10545.683594 -4155.544434 -5531.167480
v -10783.784180 -8697.699219 -5143.715332
v -10829.032227 -8821.050781 -5183.257812
v -10080.979492 -5017.058105 -6101.358398
v -6686.454590 -5939.166504 -6450.062988
v -8662.741211 -5150.737793 -6300.583496
v -11024.729492 -9050.531250 -5420.722168
v -6918.931641 -8472.054688 -5974.620605
v -6437.888184 -5868.263672 -5261.055664
v -9531.210938 -6056.882812 -6199.487793
v -9352.630859 -6096.221680 -6089.545898
v -8441.561523 -5795.228027 -4708.359375
v -10303.504883 -7491.394043 -4894.618652
v -10323.480469 -6887.618652 -5640.690430
v -11052.875977 -6230.810547 -4679.847168
v -10431.756836 -6162.847168 -4589.312500
v -10352.538086 -6315.645020 -4600.577148
v -11127.118164 -4288.857422 -5014.777344
v -11006.152344 -5498.035156 -4675.475098
v -6879.369141 -6660.712402 -4874.374512
v -9929.278320 -6302.393066 -4657.578613
v -9586.176758 -6441.036621 -5365.909668
v -9689.430664 -6485.201172 -5357.741699
v -10821.858398 -5836.273438 -6236.597168
v -9578.791992 -4670.271973 -4883.963379
v -9574.966797 -4626.367188 -4965.698730
v -6661.212402 -5470.935059 -5242.408203
v -6615.348633 -5447.545410 -5269.247070
v -6550.224609 -8237.514648 -5940.823730
v -6562.420898 -8135.389648 -6058.735352
v -10867.051758 -6547.762207 -4599.284668
v -10892.906250 -6735.135742 -4630.355957
v -11032.587891 -7059.652344 -4734.846191
v -11066.542969 -7399.225586 -4840.428711
v -7248.777832 -6125.581055 -5092.635742
v -7443.848145 -6960.583008 -6360.945801
v -8657.517578 -6060.112793 -6345.825195
v -10219.164062 -6571.350098 -6189.312988
v -8826.187500 -5466.116211 -4751.232422
v -9889.935547 -6667.308594 -6207.998047
v -9903.830078 -6692.589844 -6057.250488
v -9953.500000 -6684.416992 -6177.248047
v -9460.932617 -5993.394531 -6249.043457
v -6396.032227 -6253.809570 -6264.712891
v -6576.303223 -5230.513184 -5474.785156
v -6813.088379 -8694.599609 -5915.952148
v -8975.072266 -6038.361328 -6128.868652
v -6536.634277 -5954.329590 -6362.103516
v -8565.979492 -5261.746582 -6383.470703
v -10263.879883 -7021.436523 -6072.935059
v -7673.187012 -5652.833496 -6524.419922
v -9592.288086 -5642.556152 -4715.166504
v -8169.246582 -5929.864258 -6450.497070
v -10064.314453 -5644.122559 -6153.172363
v -7416.402832 -7189.424805 -5355.940918
v -7603.010742 -6825.012207 -6172.618652
v -9023.426758 -5795.551270 -4751.971191
v -7166.517090 -5735.414062 -5108.188477
v -7482.784180 -6963.508789 -6173.291992
v -10229.385742 -5292.369629 -6068.029785
v -11209.291016 -8679.991211 -5444.581543
v -8721.365234 -5463.061523 -4744.861816
v -10922.100586 -8280.227539 -5893.415527
v -9452.843750 -6398.865723 -6107.343262
v -7385.979980 -7483.312500 -5911.000977
v -10376.455078 -7702.241211 -4996.469238
v -10071.300781 -6880.508301 -4878.093750
v -7425.840332 -6631.715820 -6519.312500
v -7368.790039 -6665.754395 -6522.313477
v -11126.924805 -4672.401367 -4891.973633
v -8748.564453 -5894.630859 -6260.800781
v -11159.029297 -7457.829102 -5929.462402
v -8472.375977 -5936.810547 -6318.375488
v -11047.111328 -7175.393066 -6081.389648
v -7737.732422 -6737.383789 -5123.278320
v -11010.761719 -5381.828125 -6020.176758
v -8099.599609 -6340.571289 -4841.092773
v -6499.944824 -5232.250977 -5603.434082
v -10048.023438 -4743.259766 -6032.978027
v -7702.091797 -6699.992676 -5028.335938
v -11007.495117 -5566.005371 -6046.839355
v -6796.181152 -8456.643555 -5542.017090
v -10665.054688 -7708.064453 -5988.219238
v -11261.668945 -5139.306641 -5214.792969
v -10739.369141 -7711.917480 -6023.879395
v -6414.961914 -7797.740723 -5643.768555
v -6575.232910 -6670.183594 -6427.920410
v -6860.188965 -7882.682129 -5290.104004
v -8295.826172 -4704.479980 -6027.833984
v -10984.935547 -4003.312744 -5849.969238
v -6423.702637 -5478.811035 -6056.075684
v -11173.644531 -6399.270020 -5861.892578
v -6395.232910 -7230.014648 -6271.310547
v -8708.459961 -4919.287109 -6194.680664
v -8816.188477 -5187.055176 -6225.621582
v -8338.298828 -4839.077637 -6198.154785
v -8672.463867 -5081.293945 -6270.076660
v -10869.854492 -7212.629395 -6177.858887
v -7001.925781 -7894.629883 -5331.214355
v -11271.468750 -7749.810059 -5595.707031
v -8921.789062 -5637.297852 -4804.696289
v -8951.189453 -5522.118164 -4771.356445
v -10166.864258 -4347.535645 -5059.915039
v -10256.649414 -4299.399902 -5107.980957
v -10458.537109 -4950.776855 -5968.355957
v -6955.941895 -7051.372070 -4910.149902
v -10857.878906 -8196.389648 -4979.291016
v -10532.972656 -7572.933105 -5747.673828
v -10169.216797 -6640.824707 -6086.673340
v -9836.287109 -4572.170898 -4871.329102
v -11178.487305 -8445.011719 -5743.823242
v -11222.962891 -6898.948242 -5037.659668
v -11221.142578 -7032.922363 -5015.221191
v -9204.821289 -6335.544922 -5873.259277
v -9358.861328 -6414.089355 -5774.697266
v -10537.099609 -7113.584961 -6182.722656
v -10554.487305 -7591.043457 -5992.566895
v -10498.894531 -7424.645020 -6061.636719
v -6367.481934 -5744.553711 -5939.034668
v -11152.190430 -5203.771973 -5738.241211
v -6839.366211 -8424.268555 -5539.602539
v -7728.279297 -6514.195801 -4871.126465
v -8049.743652 -6571.607910 -6363.019531
v -11116.567383 -4274.729004 -5780.993164
v -7731.910156 -6151.595703 -4843.913086
v -7801.107422 -6204.040039 -4784.927734
v -6891.205566 -7425.575195 -6491.475098
v -7057.354004 -7388.003418 -6487.840820
v -10658.441406 -7568.040527 -6092.903809
v -6637.875977 -7114.973633 -6453.234863
v -7311.457031 -6148.781738 -6555.197266
v -7609.005859 -5432.619141 -6501.872559
v -8345.323242 -5424.529297 -6483.194336
v -6700.823730 -4988.933105 -6117.487305
v -10804.358398 -8824.861328 -5300.390625
v -10964.073242 -9010.793945 -5334.744141
v -11103.123047 -3735.463379 -5252.375488
v -7504.208496 -4921.120605 -5532.011230
v -9471.467773 -6117.514160 -6179.827637
v -10947.566406 -4947.861328 -4757.398926
v -7798.429688 -5627.853027 -4977.395020
v -7720.261230 -5721.252930 -5002.851562
v -6258.205566 -6425.272461 -5431.083008
v -8446.540039 -6263.788086 -4849.930664
v -11196.738281 -3861.389648 -5141.841797
v -7524.538574 -7114.972168 -5922.833984
v -11239.670898 -7068.139160 -5456.520020
v -7328.708984 -7381.646484 -6199.770508
v -8957.791016 -5263.885254 -6150.465820
v -7145.103027 -6279.293945 -5017.776367
v -9409.523438 -6132.178223 -4629.773438
v -6721.118164 -7964.489258 -6264.350586
v -10102.813477 -5696.588867 -6110.135254
v -9058.136719 -6045.292480 -5959.671875
v -11240.015625 -7360.202148 -5172.114746
v -7351.582031 -6924.810547 -5012.333496
v -7123.636719 -6673.290039 -4881.532715
v -10811.669922 -5787.537598 -4620.359863
v -9603.091797 -5521.145996 -4659.949707
v -8582.136719 -6145.768066 -6399.972168
v -7562.635254 -6866.200195 -5273.005371
v -10338.047852 -4492.648926 -5956.852051
v -7414.157715 -7190.612305 -6310.797852
v -10428.129883 -5981.497559 -4576.953613
v -10293.946289 -6823.423340 -5818.788574
v -10830.444336 -7612.241211 -4848.872559
v -10806.078125 -7072.587891 -4704.066895
v -10960.896484 -5534.698242 -4649.380371
v -9983.208984 -6024.589844 -4717.729492
v -9883.754883 -5945.595703 -4787.293945
v -6350.499512 -7234.725586 -5464.617188
v -6363.891113 -7377.974609 -5498.490234
v -7362.931641 -6651.541504 -5023.089355
v -11029.221680 -8704.180664 -5062.691895
v -9586.979492 -5717.246582 -4795.683594
v -9283.033203 -5595.255859 -4781.735840
v -9356.405273 -5603.771484 -4766.902832
v -7329.203613 -5551.163086 -5141.559082
v -6277.432617 -6439.855469 -5993.173828
v -6213.802246 -6545.445801 -5828.922852
v -10722.362305 -8723.041992 -5493.428711
v -9009.809570 -5151.592285 -4763.207520
v -11163.327148 -7048.804199 -4905.480469
v -8268.102539 -4926.054688 -4989.527832
v -6377.479492 -6509.239746 -5212.637695
v -6815.760254 -7275.506348 -5015.508301
v -10390.138672 -7755.598633 -5658.667480
v -10932.795898 -7728.111328 -5954.523926
v -10333.019531 -7556.404785 -5583.133301
v -10996.458008 -9047.488281 -5650.949219
v -8038.975586 -6710.166016 -5693.809082
v -10585.099609 -8291.265625 -5202.014648
v -9257.260742 -5861.256836 -6351.892090
v -8342.536133 -5791.785645 -4726.857910
v -10033.974609 -5416.711426 -6131.045898
v -10795.879883 -4087.683838 -4928.907227
v -7554.956055 -6146.456055 -6455.702637
v -11227.363281 -6699.947266 -5427.674316
v -9470.871094 -5910.852051 -6332.427246
v -11181.167969 -6290.989258 -5353.917480
v -6446.242188 -7265.173340 -5226.031250
v -10582.501953 -6352.598145 -6304.538086
v -10617.321289 -6591.896973 -6309.952637
v -6687.933594 -8566.076172 -5839.390625
v -7058.305176 -5095.471680 -5386.867188
v -6986.747559 -5113.045898 -5418.716309
v -11252.113281 -4887.933594 -5087.565918
v -9899.153320 -6317.541016 -6281.132812
v -7405.221191 -7143.485352 -6406.077637
v -6440.444336 -5340.245117 -5841.998535
v -6994.110352 -4952.881348 -6124.568359
v -10590.853516 -7961.369629 -5901.006348
v -7439.945801 -6282.357910 -6521.513672
v -9233.095703 -5482.232910 -4731.386230
v -11141.436523 -7808.881836 -5067.208496
v -8678.756836 -5150.448242 -4789.763184
v -11106.219727 -8749.566406 -5145.140625
v -9373.671875 -5920.973633 -6347.483887
v -7519.411621 -4929.629883 -5385.231934
v -8236.972656 -6220.542969 -6509.959961
v -7469.902832 -6846.057129 -5224.060547
v -8335.139648 -6583.996582 -5620.658691
v -8379.388672 -6544.665039 -5802.439941
v -11070.305664 -8999.547852 -5287.514160
v -9997.032227 -5693.255371 -4542.868652
v -10377.264648 -7510.612793 -5636.566895
v -7510.300781 -6896.333984 -6185.899414
v -9314.370117 -4937.139160 -6115.138672
v -8388.890625 -6078.947754 -6478.668457
v -10740.787109 -4054.496094 -5828.664551
v -11260.548828 -7681.334473 -5353.940430
v -7010.813965 -6015.957520 -5057.926270
v -8703.656250 -4760.924316 -5103.770508
v -7789.554688 -4761.624023 -6080.319824
v -6667.825684 -6050.564453 -5120.734863
v -7390.131348 -7063.590332 -5124.728516
v -9828.216797 -6158.074219 -6244.070312
v -10522.165039 -6968.220703 -4666.581055
v -9358.728516 -4641.013184 -5432.191406
v -10110.056641 -7161.563965 -4906.122559
v -10400.161133 -4722.783203 -5991.888672
v -7970.174805 -5422.133789 -4956.469727
v -8162.889160 -5522.870117 -4813.739746
v -7558.574219 -5572.112793 -6433.058594
v -8740.770508 -6478.010254 -5475.375000
v -6773.018066 -8686.051758 -5896.211426
v -9491.062500 -6046.500977 -6186.154297
v -7216.732910 -5110.187988 -5320.248047
v -9348.384766 -6385.162109 -6019.988281
v -6938.832520 -8352.881836 -6064.178223
v -8399.409180 -6474.397461 -5951.591797
v -6265.957520 -6638.016602 -5396.836914
v -11049.007812 -8976.740234 -5707.228516
v -10084.410156 -6731.431152 -5479.936035
v -7251.159668 -7759.495117 -5973.596191
v -10761.086914 -7317.077148 -4746.448730
vt 0.638290 0.431780
vt 0.652460 0.461970
vt 0.633060 0.463010
vt 0.624890 0.441160
vt 0.626640 0.467160
vt 0.608140 0.462030
vt 0.664130 0.498760
vt 0.654410 0.521170
vt 0.630330 0.516140
vt 0.638470 0.346900
vt 0.641340 0.369200
vt 0.605910 0.345030
vt 0.558690 0.397260
vt 0.561000 0.443200
vt 0.543460 0.417020
vt 0.622310 0.570950
vt 0.620360 0.533530
vt 0.677320 0.538040
vt 0.705160 0.547660
vt 0.660300 0.560940
vt 0.538540 0.372070
vt 0.531560 0.394990
vt 0.522910 0.383560
vt 0.600690 0.553590
vt 0.607500 0.509190
vt 0.617780 0.507360
vt 0.525530 0.334560
vt 0.578710 0.324900
vt 0.567080 0.339930
vt 0.532850 0.477110
vt 0.530950 0.454300
vt 0.566990 0.460250
vt 0.758610 0.364770
vt 0.768740 0.381560
vt 0.732610 0.443020
vt 0.460070 0.216070
vt 0.474390 0.203410
vt 0.482530 0.231540
vt 0.719990 0.507990
vt 0.742630 0.483300
vt 0.430660 0.302710
vt 0.402250 0.297580
vt 0.417120 0.288000
vt 0.433850 0.213460
vt 0.464170 0.194870
vt 0.449280 0.210460
vt 0.485700 0.364430
vt 0.494560 0.390650
vt 0.470200 0.372340
vt 0.517460 0.477980
vt 0.405330 0.273320
vt 0.388710 0.275440
vt 0.101740 0.844880
vt 0.096560 0.820130
vt 0.114740 0.841410
vt 0.809180 0.343810
vt 0.801700 0.376300
vt 0.778740 0.382580
vt 0.378390 0.251720
vt 0.345780 0.264850
vt 0.356730 0.246440
vt 0.572800 0.239210
vt 0.567500 0.270670
vt 0.545300 0.215470
vt 0.707050 0.651800
vt 0.724590 0.643020
vt 0.723560 0.684780
vt 0.480050 0.415770
vt 0.457040 0.388030
vt 0.488950 0.397350
vt 0.739950 0.640730
vt 0.735460 0.620310
vt 0.746940 0.614380
vt 0.638990 0.623510
vt 0.644810 0.660000
vt 0.627390 0.624390
vt 0.667300 0.685260
vt 0.692040 0.674570
vt 0.695860 0.695830
vt 0.110580 0.810320
vt 0.124020 0.806950
vt 0.120250 0.836160
vt 0.631300 0.295690
vt 0.620030 0.260870
vt 0.643370 0.285520
vt 0.459440 0.149780
vt 0.504210 0.123070
vt 0.505820 0.169720
vt 0.462290 0.434160
vt 0.672840 0.705340
vt 0.698020 0.715850
vt 0.699790 0.745930
vt 0.799860 0.464310
vt 0.823770 0.450590
vt 0.806760 0.490770
vt 0.396270 0.164210
vt 0.377490 0.186040
vt 0.377150 0.162020
vt 0.401330 0.333080
vt 0.427730 0.358800
vt 0.387540 0.358790
vt 0.820520 0.484290
vt 0.452480 0.130800
vt 0.465400 0.128350
vt 0.296090 0.216530
vt 0.324520 0.259390
vt 0.287220 0.233600
vt 0.117920 0.764580
vt 0.132280 0.787870
vt 0.108780 0.787350
vt 0.138090 0.848000
vt 0.149750 0.829470
vt 0.154430 0.857120
vt 0.327420 0.160370
vt 0.321200 0.192780
vt 0.299650 0.166000
vt 0.147050 0.779980
vt 0.145300 0.766260
vt 0.518670 0.126760
vt 0.529750 0.083900
vt 0.629120 0.692590
vt 0.605040 0.684660
vt 0.603230 0.662800
vt 0.174070 0.828480
vt 0.334830 0.310060
vt 0.365960 0.322270
vt 0.331660 0.338320
vt 0.218810 0.166500
vt 0.263060 0.175390
vt 0.292170 0.200680
vt 0.155820 0.889140
vt 0.167940 0.861960
vt 0.187980 0.895720
vt 0.249130 0.987520
vt 0.228050 0.967670
vt 0.249990 0.975450
vt 0.129370 0.720900
vt 0.139970 0.752430
vt 0.609090 0.230340
vt 0.627330 0.223370
vt 0.645670 0.260890
vt 0.527990 0.598900
vt 0.531510 0.576570
vt 0.567450 0.594060
vt 0.774590 0.690470
vt 0.789980 0.707640
vt 0.759400 0.700330
vt 0.686220 0.781120
vt 0.671820 0.780530
vt 0.672580 0.758160
vt 0.484970 0.097060
vt 0.461950 0.109530
vt 0.482940 0.081080
vt 0.633810 0.753460
vt 0.616030 0.712150
vt 0.643390 0.722140
vt 0.218150 0.146630
vt 0.268280 0.167080
vt 0.759400 0.725360
vt 0.779350 0.751850
vt 0.763050 0.750720
vt 0.248830 0.957140
vt 0.546370 0.110560
vt 0.824870 0.596990
vt 0.832900 0.614320
vt 0.812370 0.623180
vt 0.268050 0.150710
vt 0.251780 0.145360
vt 0.208020 0.204510
vt 0.241500 0.218560
vt 0.245030 0.233290
vt 0.752400 0.783550
vt 0.778190 0.788420
vt 0.214790 0.924660
vt 0.220090 0.928470
vt 0.199390 0.937850
vt 0.265010 0.943760
vt 0.299360 0.928030
vt 0.279310 0.952530
vt 0.377020 0.097400
vt 0.361480 0.056440
vt 0.392170 0.085060
vt 0.578840 0.707220
vt 0.559130 0.698240
vt 0.565770 0.683440
vt 0.157510 0.156600
vt 0.150810 0.159310
vt 0.136230 0.157300
vt 0.726490 0.835290
vt 0.727030 0.852580
vt 0.708300 0.844130
vt 0.426540 0.063090
vt 0.391240 0.054390
vt 0.443960 0.541190
vt 0.465250 0.597790
vt 0.432190 0.565150
vt 0.363770 0.424710
vt 0.348760 0.443650
vt 0.337860 0.409340
vt 0.211180 0.240360
vt 0.206520 0.266880
vt 0.171910 0.215750
vt 0.183100 0.121160
vt 0.190370 0.102860
vt 0.209230 0.123290
vt 0.450010 0.042130
vt 0.421010 0.050230
vt 0.350730 0.472040
vt 0.373530 0.437070
vt 0.390270 0.484950
vt 0.875080 0.673650
vt 0.861950 0.696350
vt 0.840590 0.661450
vt 0.829270 0.761020
vt 0.833600 0.744540
vt 0.841210 0.752900
vt 0.137220 0.133910
vt 0.161110 0.127870
vt 0.143490 0.144900
vt 0.846610 0.699210
vt 0.862340 0.712470
vt 0.838740 0.709960
vt 0.235390 0.304700
vt 0.221020 0.291960
vt 0.251150 0.280990
vt 0.536260 0.704510
vt 0.513150 0.681830
vt 0.543700 0.689080
vt 0.316560 0.064870
vt 0.274210 0.108520
vt 0.259970 0.069350
vt 0.604860 0.797990
vt 0.624660 0.814040
vt 0.623980 0.834140
vt 0.306270 0.441120
vt 0.318520 0.409840
vt 0.335070 0.459200
vt 0.847800 0.790150
vt 0.861960 0.802060
vt 0.834170 0.813290
vt 0.240940 0.821340
vt 0.242100 0.848330
vt 0.222130 0.848090
vt 0.526700 0.034090
vt 0.519380 0.045540
vt 0.501040 0.042200
vt 0.442200 0.606320
vt 0.407860 0.587880
vt 0.420360 0.577440
vt 0.304510 0.849610
vt 0.253380 0.867800
vt 0.277140 0.842700
vt 0.506600 0.031540
vt 0.484750 0.034200
vt 0.473670 0.015650
vt 0.317010 0.017940
vt 0.330710 0.054790
vt 0.267810 0.048880
vt 0.382560 0.847150
vt 0.411350 0.831150
vt 0.412210 0.854810
vt 0.407460 0.011420
vt 0.399130 0.038180
vt 0.369440 0.032650
vt 0.881880 0.738730
vt 0.870230 0.725300
vt 0.898200 0.706090
vt 0.387680 0.575280
vt 0.367860 0.569690
vt 0.377330 0.552120
vt 0.099840 0.220000
vt 0.115890 0.199660
vt 0.111760 0.232160
vt 0.226040 0.733960
vt 0.209090 0.709510
vt 0.224830 0.694790
vt 0.898560 0.755250
vt 0.878210 0.746300
vt 0.337720 0.826820
vt 0.317170 0.801120
vt 0.343840 0.791700
vt 0.356110 0.551980
vt 0.336860 0.537370
vt 0.373300 0.533110
vt 0.322930 0.518020
vt 0.317950 0.480790
vt 0.330240 0.469720
vt 0.230560 0.317320
vt 0.198380 0.314870
vt 0.196330 0.294670
vt 0.169690 0.271890
vt 0.149170 0.222200
vt 0.037880 0.435910
vt 0.022040 0.434360
vt 0.043340 0.390950
vt 0.945810 0.731460
vt 0.921310 0.754390
vt 0.935160 0.712980
vt 0.102500 0.278440
vt 0.069400 0.311690
vt 0.065020 0.299920
vt 0.427370 0.817390
vt 0.376070 0.819060
vt 0.424410 0.802890
vt 0.183920 0.642220
vt 0.169870 0.624310
vt 0.187140 0.628050
vt 0.033800 0.495370
vt 0.008040 0.474880
vt 0.047400 0.445730
vt 0.404780 0.637500
vt 0.393580 0.610650
vt 0.408890 0.606120
vt 0.281390 0.706550
vt 0.249740 0.717140
vt 0.265840 0.680200
vt 0.366040 0.627000
vt 0.358830 0.593430
vt 0.366220 0.591280
vt 0.302980 0.478660
vt 0.279620 0.464240
vt 0.290790 0.448010
vt 0.103810 0.571000
vt 0.120690 0.610770
vt 0.108250 0.615230
vt 0.336380 0.567250
vt 0.361810 0.579800
vt 0.338720 0.591320
vt 0.420960 0.773770
vt 0.417750 0.741950
vt 0.440910 0.755880
vt 0.477850 0.771770
vt 0.445780 0.782350
vt 0.504980 0.774140
vt 0.464390 0.753730
vt 0.503210 0.750500
vt 0.092010 0.576570
vt 0.072460 0.547500
vt 0.296730 0.706260
vt 0.330210 0.650790
vt 0.339370 0.703800
vt 0.316120 0.500060
vt 0.304250 0.515070
vt 0.287270 0.489130
vt 0.160920 0.290500
vt 0.188160 0.313390
vt 0.158440 0.311460
vt 0.054300 0.494410
vt 0.078440 0.527200
vt 0.024360 0.520700
vt 0.201440 0.570420
vt 0.191380 0.588760
vt 0.171490 0.568690
vt 0.302090 0.649040
vt 0.124270 0.322710
vt 0.094720 0.320230
vt 0.132440 0.281980
vt 0.148710 0.277520
vt 0.153190 0.318550
vt 0.249470 0.540570
vt 0.248530 0.590020
vt 0.227460 0.555540
vt 0.301180 0.600330
vt 0.270900 0.608410
vt 0.293700 0.590290
vt 0.126930 0.369220
vt 0.074150 0.406020
vt 0.090770 0.353150
vt 0.198270 0.550540
vt 0.164190 0.532150
vt 0.186520 0.518610
vt 0.225380 0.525910
vt 0.215490 0.548730
vt 0.194660 0.503810
vt 0.232080 0.430100
vt 0.210010 0.434960
vt 0.202540 0.414230
vt 0.193180 0.376230
vt 0.174310 0.390520
vt 0.185750 0.373730
vt 0.122720 0.420130
vt 0.091090 0.414340
vt 0.121560 0.393320
vt 0.164360 0.438580
vt 0.144030 0.443900
vt 0.152190 0.421840
vt 0.407800 0.231120
vt 0.408380 0.221590
vt 0.429090 0.224750
vt 0.461590 0.277000
vt 0.455750 0.293940
vt 0.443400 0.287490
vt 0.383680 0.252970
vt 0.391990 0.215980
vt 0.392950 0.236700
vt 0.394060 0.194910
vt 0.413340 0.156270
vt 0.416080 0.177400
vt 0.475190 0.295400
vt 0.556850 0.295360
vt 0.568000 0.310750
vt 0.468330 0.244450
vt 0.456280 0.226420
vt 0.453660 0.247740
vt 0.438790 0.239570
vt 0.494560 0.266550
vt 0.506820 0.281310
vt 0.480240 0.271760
vt 0.530420 0.260530
vt 0.529200 0.292240
vt 0.520250 0.266590
vt 0.459920 0.236740
vt 0.462990 0.251940
vt 0.470290 0.273450
vt 0.489810 0.288840
vt 0.435720 0.220400
vt 0.396640 0.244370
vt 0.405920 0.250360
vt 0.388480 0.251510
vt 0.395210 0.259490
vt 0.410060 0.234360
vt 0.428330 0.240090
vt 0.514800 0.743830
vt 0.485580 0.717280
vt 0.496680 0.661440
vt 0.464240 0.669760
vt 0.493050 0.645970
vt 0.429230 0.289140
vt 0.417500 0.255940
vt 0.874790 0.700020
vt 0.898550 0.698600
vt 0.885300 0.681140
vt 0.463820 0.263120
vt 0.454060 0.263220
vt 0.490270 0.253050
vt 0.897600 0.656610
vt 0.923220 0.645510
vt 0.907460 0.673270
vt 0.926650 0.673000
vt 0.914230 0.704280
vt 0.411520 0.265660
vt 0.901270 0.742660
vt 0.912540 0.752320
vt 0.449190 0.221520
vt 0.864120 0.735640
vt 0.850250 0.726810
vt 0.374510 0.313090
vt 0.354460 0.307270
vt 0.364820 0.270630
vt 0.378880 0.286670
vt 0.347280 0.294430
vt 0.233650 0.238410
vt 0.352820 0.279430
vt 0.328530 0.361030
vt 0.317160 0.377340
vt 0.298370 0.352220
vt 0.296630 0.416350
vt 0.283920 0.396860
vt 0.300170 0.390530
vt 0.240930 0.357670
vt 0.225900 0.339460
vt 0.241280 0.338620
vt 0.272730 0.369020
vt 0.444060 0.719400
vt 0.443220 0.710930
vt 0.477940 0.723700
vt 0.446320 0.743080
vt 0.432580 0.725930
vt 0.416710 0.786520
vt 0.391870 0.786440
vt 0.402340 0.756550
vt 0.407390 0.762560
vt 0.444190 0.375380
vt 0.431520 0.403750
vt 0.406460 0.380870
vt 0.375250 0.403980
vt 0.329220 0.289060
vt 0.301350 0.291070
vt 0.289630 0.280180
vt 0.317600 0.278020
vt 0.262580 0.348940
vt 0.321930 0.321750
vt 0.307380 0.339040
vt 0.269440 0.341600
vt 0.219590 0.260640
vt 0.242140 0.258040
vt 0.266160 0.258030
vt 0.473750 0.736320
vt 0.402520 0.306330
vt 0.382250 0.303770
vt 0.385940 0.292170
vt 0.272220 0.298940
vt 0.293440 0.301690
vt 0.259730 0.327360
vt 0.299150 0.316710
vt 0.280540 0.327990
vt 0.258010 0.360270
vt 0.327950 0.301480
vt 0.278310 0.288920
vt 0.276560 0.274730
vt 0.266630 0.293010
vt 0.306390 0.270180
vt 0.279210 0.249500
vt 0.295180 0.250730
vt 0.315850 0.269060
vt 0.919900 0.667550
vt 0.455730 0.806040
vt 0.471350 0.259630
vt 0.893440 0.690720
vt 0.482360 0.791260
vt 0.308800 0.303020
vt 0.473130 0.799890
vt 0.442570 0.331280
vt 0.421840 0.312090
vt 0.470180 0.317170
vt 0.449030 0.309450
vt 0.416750 0.315040
vt 0.437660 0.342780
vt 0.411010 0.320510
vt 0.883830 0.777180
vt 0.877820 0.786130
vt 0.861540 0.779060
vt 0.569150 0.717060
vt 0.548700 0.719440
vt 0.552730 0.701370
vt 0.560570 0.717080
vt 0.540630 0.748950
vt 0.527800 0.732550
vt 0.537880 0.733320
vt 0.872800 0.754400
vt 0.884690 0.759040
vt 0.875180 0.769130
vt 0.561960 0.756900
vt 0.569140 0.744620
vt 0.381660 0.219060
vt 0.372470 0.227990
vt 0.297040 0.195210
vt 0.352060 0.214290
vt 0.505770 0.714320
vt 0.528500 0.719080
vt 0.251040 0.192550
vt 0.281000 0.218650
vt 0.250800 0.204440
vt 0.178080 0.184890
vt 0.198030 0.188940
vt 0.218500 0.204210
vt 0.840030 0.730000
vt 0.856460 0.740280
vt 0.853630 0.746980
vt 0.179240 0.190780
vt 0.152900 0.176440
vt 0.161700 0.170300
vt 0.170560 0.196220
vt 0.162020 0.223440
vt 0.142910 0.185650
vt 0.905500 0.760570
vt 0.895200 0.761470
vt 0.901140 0.768090
vt 0.268510 0.236010
vt 0.540500 0.718740
vt 0.555340 0.760490
vt 0.546430 0.752330
vt 0.257790 0.235330
vt 0.264800 0.219650
vt 0.245500 0.212740
vt 0.932750 0.646060
vt 0.520820 0.767120
vt 0.523640 0.761250
vt 0.396020 0.888690
vt 0.388830 0.866780
vt 0.857630 0.612800
vt 0.866190 0.644410
vt 0.396830 0.542590
vt 0.389150 0.521500
vt 0.417670 0.507630
vt 0.438830 0.466650
vt 0.410860 0.461240
vt 0.427800 0.435420
vt 0.513070 0.511670
vt 0.538070 0.500970
vt 0.521840 0.534900
vt 0.440910 0.525660
vt 0.447490 0.509370
vt 0.421710 0.535400
vt 0.787680 0.721360
vt 0.789020 0.740790
vt 0.284890 0.512860
vt 0.256670 0.482770
vt 0.259820 0.470670
vt 0.226820 0.516610
vt 0.212150 0.492940
vt 0.245290 0.508190
vt 0.355440 0.523000
vt 0.327610 0.533590
vt 0.262880 0.538780
vt 0.258900 0.514460
vt 0.274790 0.521810
vt 0.418000 0.165880
vt 0.426350 0.154630
vt 0.426440 0.178930
vt 0.429370 0.193900
vt 0.357490 0.121830
vt 0.351210 0.114570
vt 0.391010 0.109220
vt 0.290370 0.147140
vt 0.304660 0.143480
vt 0.422230 0.120090
vt 0.386990 0.121240
vt 0.460000 0.095560
vt 0.398970 0.139230
vt 0.423150 0.132970
vt 0.431280 0.072060
vt 0.443210 0.086080
vt 0.397270 0.094030
vt 0.529300 0.057580
vt 0.573420 0.079250
vt 0.545900 0.076710
vt 0.393260 0.458450
vt 0.405490 0.438530
vt 0.797300 0.573420
vt 0.811290 0.596450
vt 0.798560 0.622450
vt 0.772200 0.578770
vt 0.780090 0.546320
vt 0.785830 0.561350
vt 0.892700 0.520830
vt 0.899250 0.565450
vt 0.878990 0.582610
vt 0.866070 0.451800
vt 0.867840 0.505820
vt 0.336690 0.148890
vt 0.314550 0.133040
vt 0.363600 0.148150
vt 0.341890 0.496440
vt 0.388100 0.507370
vt 0.368480 0.490800
vt 0.300600 0.438030
vt 0.906460 0.513670
vt 0.922330 0.543430
vt 0.921950 0.585090
vt 0.925690 0.628050
vt 0.888170 0.653040
vt 0.854470 0.491310
vt 0.873920 0.538760
vt 0.847060 0.537160
vt 0.856220 0.583930
vt 0.802620 0.553230
vt 0.832050 0.549950
vt 0.822050 0.576600
vt 0.825690 0.689300
vt 0.823070 0.652200
vt 0.835470 0.640210
vt 0.825500 0.672620
vt 0.465510 0.121920
vt 0.442590 0.125950
vt 0.442760 0.116010
vt 0.891600 0.600270
vt 0.879330 0.623830
vt 0.357520 0.513460
vt 0.351320 0.498010
vt 0.488470 0.062340
vt 0.505290 0.083310
vt 0.473160 0.053660
vt 0.314060 0.534770
vt 0.321790 0.545300
vt 0.444270 0.829950
vt 0.437790 0.826820
vt 0.408390 0.476280
vt 0.417480 0.495630
vt 0.423100 0.477750
vt 0.427510 0.099690
vt 0.423930 0.110630
vt 0.497570 0.188620
vt 0.549970 0.152130
vt 0.552890 0.132370
vt 0.563760 0.153310
vt 0.516350 0.254160
vt 0.499050 0.220670
vt 0.518050 0.227070
vt 0.525390 0.193280
vt 0.321650 0.581720
vt 0.320910 0.565790
vt 0.297830 0.557190
vt 0.290050 0.536620
vt 0.811370 0.704570
vt 0.855640 0.763780
vt 0.865700 0.757960
vt 0.859870 0.751550
vt 0.473560 0.176480
vt 0.490020 0.199240
vt 0.344030 0.457890
vt 0.249270 0.311930
vt 0.250490 0.331600
vt 0.307000 0.839290
vt 0.288180 0.834420
vt 0.296340 0.823400
vt 0.270110 0.786090
vt 0.288200 0.758590
vt 0.289720 0.780010
vt 0.257980 0.807430
vt 0.265770 0.772890
vt 0.248090 0.777290
vt 0.236210 0.752210
vt 0.255910 0.762210
vt 0.378460 0.804290
vt 0.399730 0.804630
vt 0.688360 0.373130
vt 0.725540 0.368720
vt 0.676420 0.414770
vt 0.774810 0.318180
vt 0.749790 0.327410
vt 0.722740 0.412640
vt 0.671650 0.462100
vt 0.683690 0.468320
vt 0.666750 0.474830
vt 0.218530 0.980300
vt 0.827620 0.426600
vt 0.805120 0.441490
vt 0.809790 0.409400
vt 0.266680 0.835470
vt 0.155890 0.804630
vt 0.218300 0.810170
vt 0.221820 0.785290
vt 0.237990 0.803020
vt 0.206410 0.789200
vt 0.190350 0.753150
vt 0.186680 0.721860
vt 0.209940 0.758280
vt 0.852480 0.317180
vt 0.870460 0.317900
vt 0.855710 0.329980
vt 0.868930 0.344230
vt 0.207340 0.958320
vt 0.186330 0.954100
vt 0.220730 0.939300
vt 0.170750 0.956380
vt 0.142720 0.951420
vt 0.137630 0.926990
vt 0.824700 0.523480
vt 0.808860 0.517240
vt 0.253820 0.927840
vt 0.265150 0.917580
vt 0.272190 0.933020
vt 0.259510 0.906360
vt 0.238450 0.905760
vt 0.251950 0.891650
vt 0.328790 0.854320
vt 0.289990 0.862620
vt 0.295350 0.893450
vt 0.285820 0.877320
vt 0.876790 0.400020
vt 0.845340 0.419250
vt 0.868330 0.386690
vt 0.832010 0.393880
vt 0.857830 0.360560
vt 0.846260 0.392360
vt 0.334140 0.900800
vt 0.324100 0.871630
vt 0.107470 0.861920
vt 0.112540 0.877380
vt 0.128690 0.867350
vt 0.139860 0.891170
vt 0.235490 0.943650
vt 0.220780 0.958110
vt 0.269000 0.827090
vt 0.268410 0.813150
vt 0.278470 0.808250
vt 0.184730 0.803710
vt 0.203290 0.802970
vt 0.195080 0.822030
vt 0.195760 0.772730
vt 0.170380 0.786620
vt 0.774350 0.338820
vt 0.823870 0.314470
vt 0.839730 0.340280
vt 0.712610 0.321010
vt 0.724370 0.315070
vt 0.753480 0.315800
vt 0.140260 0.809630
vt 0.233790 0.927090
vt 0.121080 0.855110
vt 0.128420 0.849650
vt 0.233560 0.998040
vt 0.896390 0.371840
vt 0.170700 0.932680
vt 0.154500 0.906870
vt 0.192360 0.911570
vt 0.149250 0.918900
vt 0.844470 0.765410
vt 0.845720 0.776240
vt 0.818680 0.793380
vt 0.868970 0.794820
vt 0.334590 0.262580
vt 0.495020 0.116710
vt 0.487330 0.107140
vt 0.520190 0.293240
vt 0.520010 0.325310
vt 0.505850 0.307360
vt 0.605470 0.203630
vt 0.585230 0.176510
vt 0.604580 0.174990
vt 0.595860 0.248240
vt 0.578490 0.227500
vt 0.597410 0.217270
vt 0.502770 0.256080
vt 0.494700 0.302600
vt 0.500450 0.292390
vt 0.663590 0.295760
vt 0.666880 0.315100
vt 0.195620 0.440400
vt 0.133100 0.537540
vt 0.139470 0.528560
vt 0.174170 0.514710
vt 0.158230 0.382150
vt 0.134100 0.311130
vt 0.159860 0.638910
vt 0.148530 0.621180
vt 0.121330 0.526050
vt 0.283600 0.016480
vt 0.081710 0.367270
vt 0.049450 0.394930
vt 0.114190 0.250940
vt 0.080860 0.236230
vt 0.092510 0.223030
vt 0.164640 0.103910
vt 0.110220 0.524630
vt 0.108550 0.545840
vt 0.170450 0.424810
vt 0.170070 0.406640
vt 0.188560 0.427980
vt 0.178290 0.424550
vt 0.186370 0.405440
vt 0.167540 0.592630
vt 0.155170 0.606920
vt 0.152240 0.575590
vt 0.055810 0.454780
vt 0.109190 0.457630
vt 0.085680 0.481260
vt 0.654680 0.324330
vt 0.645190 0.306720
vt 0.658270 0.360950
vt 0.572620 0.280330
vt 0.590510 0.284280
vt 0.632210 0.330200
vt 0.091770 0.742190
vt 0.104370 0.711230
vt 0.102320 0.763740
vt 0.364490 0.101870
vt 0.344990 0.099190
vt 0.344250 0.059040
vt 0.344800 0.108730
vt 0.292610 0.132830
vt 0.170780 0.352940
vt 0.127070 0.338820
vt 0.161100 0.332090
vt 0.191120 0.326280
vt 0.186420 0.351640
vt 0.168330 0.326610
vt 0.120780 0.638570
vt 0.164590 0.664560
vt 0.158540 0.682890
vt 0.171430 0.718250
vt 0.623010 0.200650
vt 0.044940 0.544290
vt 0.072690 0.577090
vt 0.043300 0.586440
vt 0.001950 0.506500
vt 0.009720 0.531680
vt 0.027430 0.529960
vt 0.020190 0.547360
vt 0.707920 0.344100
vt 0.734810 0.324570
vt 0.193260 0.491150
vt 0.193430 0.454770
vt 0.189510 0.474340
vt 0.183210 0.452860
vt 0.061950 0.360000
vt 0.063040 0.332360
vt 0.183760 0.478350
vt 0.166380 0.486510
vt 0.174600 0.463580
vt 0.152570 0.363130
vt 0.142820 0.366080
vt 0.103460 0.343370
vt 0.171400 0.678990
vt 0.185320 0.709950
vt 0.173610 0.646270
vt 0.844880 0.447920
vt 0.865980 0.435540
vt 0.835790 0.490700
vt 0.885970 0.405740
vt 0.190040 0.137660
vt 0.176470 0.131620
vt 0.014270 0.515940
vt 0.006840 0.520990
vt 0.048940 0.539810
vt 0.100800 0.495250
vt 0.592510 0.310040
vt 0.618400 0.307200
vt 0.607120 0.323040
vt 0.589410 0.339420
vt 0.606120 0.272400
vt 0.602320 0.297820
vt 0.308480 0.124260
vt 0.199700 0.656610
vt 0.275900 0.575360
vt 0.253760 0.607040
vt 0.080240 0.431470
vt 0.048530 0.423290
vt 0.044790 0.628470
vt 0.066500 0.602800
vt 0.079220 0.632230
vt 0.188860 0.686460
vt 0.155730 0.401640
vt 0.132490 0.406420
vt 0.178510 0.357490
vt 0.164940 0.363090
vt 0.132050 0.324200
vt 0.100500 0.331750
vt 0.127130 0.292530
vt 0.116580 0.271400
vt 0.091450 0.252810
vt 0.142630 0.399940
vt 0.135770 0.385520
vt 0.295780 0.980130
vt 0.896620 0.412330
vt 0.887000 0.464000
vt 0.364790 0.881670
vt 0.364670 0.856380
vt 0.354620 0.901270
vt 0.068830 0.321000
vt 0.368710 0.007950
vt 0.369090 0.002440
vt 0.318950 0.001950
vt 0.525610 0.710060
vt 0.441880 0.147180
vt 0.671170 0.381820
vt 0.679210 0.347300
vt 0.932090 0.630970
vt 0.184000 0.600430
vt 0.227350 0.622180
vt 0.526660 0.745220
vt 0.861990 0.422570
vt 0.648780 0.278160
vt 0.637140 0.264380
vt 0.464060 0.076310
vt 0.687400 0.326880
vt 0.695750 0.313030
vt 0.908050 0.746520
vt 0.931530 0.705830
vt 0.137030 0.197160
vt 0.132230 0.218450
vt 0.122180 0.238320
vt 0.124250 0.203370
vt 0.143520 0.233580
vt 0.158750 0.268810
vt 0.182530 0.172740
vt 0.178400 0.167900
vt 0.197310 0.145860
vt 0.194370 0.171590
vt 0.122430 0.171360
vt 0.107650 0.171610
vt 0.125400 0.162620
vt 0.133620 0.160840
vt 0.229980 0.188130
vt 0.225880 0.178080
vt 0.221330 0.192810
vt 0.209780 0.180890
vt 0.127850 0.172550
vt 0.135340 0.172580
vt 0.169170 0.170580
vt 0.125330 0.173890
vt 0.137050 0.211710
vt 0.633690 0.797570
vt 0.604700 0.781010
vt 0.609800 0.767220
vt 0.588810 0.745080
vt 0.589900 0.786740
vt 0.576200 0.781040
vt 0.735320 0.830980
vt 0.743990 0.837930
vt 0.737310 0.848850
vt 0.640920 0.843600
vt 0.642060 0.826320
vt 0.682010 0.856600
vt 0.830020 0.799870
vt 0.822960 0.820840
vt 0.803110 0.825180
vt 0.794630 0.845920
vt 0.713720 0.855510
vt 0.731730 0.858730
vt 0.706190 0.863060
vt 0.766870 0.855520
vt 0.788380 0.826940
vt 0.599300 0.820100
vt 0.581180 0.802340
vt 0.469010 0.681410
vt 0.457280 0.673550
vt 0.488590 0.674020
vt 0.431910 0.654110
vt 0.422600 0.674290
vt 0.388420 0.678060
vt 0.371120 0.698460
vt 0.373880 0.662800
vt 0.343380 0.672900
vt 0.342580 0.637440
vt 0.358620 0.666600
vt 0.864220 0.725980
vt 0.403960 0.703560
vt 0.408040 0.726420
vt 0.380100 0.718230
vt 0.353870 0.767340
vt 0.333390 0.778120
vt 0.350710 0.749660
vt 0.788970 0.525630
vt 0.796580 0.545240
vt 0.777300 0.504780
vt 0.511910 0.650800
vt 0.514660 0.630780
vt 0.478930 0.571990
vt 0.778340 0.400450
vt 0.801400 0.396360
vt 0.763100 0.437240
vt 0.736540 0.452670
vt 0.469610 0.551270
vt 0.460100 0.529260
vt 0.492910 0.552750
vt 0.453650 0.520960
vt 0.476710 0.516610
vt 0.581460 0.761300
vt 0.577670 0.740240
vt 0.573680 0.771480
vt 0.419460 0.614330
vt 0.439820 0.651750
vt 0.447420 0.653950
vt 0.449740 0.641730
vt 0.079240 0.719190
vt 0.067630 0.684080
vt 0.048560 0.644450
vt 0.065600 0.666260
vt 0.148800 0.686160
vt 0.115700 0.660700
vt 0.098960 0.688680
vt 0.354210 0.829160
vt 0.360020 0.815650
vt 0.368690 0.782820
vt 0.368540 0.801300
vt 0.172460 0.732710
vt 0.157860 0.750090
vt 0.391350 0.318650
vt 0.373070 0.338360
vt 0.371150 0.740950
vt 0.364620 0.704680
vt 0.364430 0.674750
vt 0.333830 0.230620
vt 0.342820 0.223580
vt 0.354900 0.563810
vt 0.360380 0.562570
vt 0.327890 0.828200
vt 0.340100 0.855210
vt 0.382210 0.743830
vt 0.402280 0.737030
vt 0.360780 0.756620
vt 0.358660 0.743430
vt 0.461830 0.358500
vt 0.469940 0.346040
vt 0.470010 0.328550
vt 0.454400 0.320910
vt 0.443280 0.103200
vt 0.107320 0.561690
vt 0.132190 0.561780
vt 0.153740 0.546030
vt 0.165890 0.165380
vt 0.372630 0.262840
vt 0.891420 0.317290
vt 0.893170 0.338620
vt 0.881120 0.348910
vt 0.192800 0.966550
vt 0.173260 0.967510
vt 0.829110 0.381790
vt 0.848290 0.348090
vt 0.261160 0.618390
vt 0.277320 0.583050
vt 0.244470 0.690340
vt 0.522670 0.651170
vt 0.528980 0.644340
vt 0.526930 0.620880
vt 0.540630 0.620950
vt 0.509870 0.708610
vt 0.474840 0.683790
vt 0.476430 0.700310
vt 0.323330 0.618420
vt 0.489180 0.707650
vt 0.494200 0.688480
vt 0.513880 0.700910
vt 0.504140 0.679470
vt 0.195820 0.845050
vt 0.210400 0.876600
vt 0.211130 0.822120
vt 0.217950 0.840020
vt 0.417240 0.719080
vt 0.423110 0.708560
vt 0.441980 0.692690
vt 0.431100 0.693710
vt 0.445710 0.680310
vt 0.392180 0.653580
vt 0.412870 0.667870
vt 0.385020 0.634330
vt 0.392590 0.667820
vt 0.279030 0.562720
vt 0.273210 0.540850
vt 0.242640 0.886930
vt 0.227100 0.910960
vt 0.224500 0.881830
vt 0.225070 0.917910
vt 0.524780 0.669380
vt 0.510530 0.671630
vt 0.517490 0.662730
vt 0.541930 0.634740
vt 0.531600 0.661560
vt 0.307450 0.537580
vt 0.274300 0.480610
vt 0.221440 0.911900
vt 0.302390 0.565880
vt 0.405960 0.684760
vt 0.401970 0.672140
vt 0.416570 0.693050
vt 0.233440 0.913850
vt 0.395360 0.691560
vt 0.241290 0.786060
vt 0.231640 0.765030
vt 0.207640 0.741710
vt 0.234440 0.869420
vt 0.460890 0.708170
vt 0.458030 0.697990
vt 0.453330 0.691710
vt 0.176750 0.844910
vt 0.198630 0.834880
vt 0.276840 0.905930
vt 0.188550 0.870190
vt 0.221440 0.881160
vt 0.368140 0.646810
vt 0.355380 0.642730
vt 0.260730 0.914510
vt 0.234950 0.903170
vt 0.460650 0.645570
vt 0.482150 0.634000
vt 0.685400 0.305280
vt 0.345690 0.518160
vt 0.352330 0.038350
vt 0.217180 0.770590
vt 0.451640 0.057700
vt 0.760000 0.457720
vt 0.786950 0.433980
vt 0.785580 0.451010
vt 0.749410 0.485750
vt 0.777420 0.466760
vt 0.773500 0.496400
vt 0.859380 0.370170
vt 0.886970 0.363390
vt 0.374070 0.838410
vt 0.859710 0.552520
vt 0.741630 0.758230
vt 0.728220 0.774860
vt 0.727640 0.754620
vt 0.707820 0.675600
vt 0.715780 0.699560
vt 0.781990 0.618190
vt 0.811210 0.647790
vt 0.802450 0.678350
vt 0.759200 0.538420
vt 0.761040 0.562320
vt 0.737830 0.563570
vt 0.728620 0.538030
vt 0.732440 0.709990
vt 0.747360 0.729250
vt 0.731010 0.732020
vt 0.760630 0.670210
vt 0.753500 0.691350
vt 0.745530 0.666080
vt 0.265730 0.727860
vt 0.301280 0.732720
vt 0.301840 0.752430
vt 0.787890 0.758340
vt 0.803920 0.730440
vt 0.813040 0.755070
vt 0.060250 0.290490
vt 0.076780 0.278510
vt 0.246010 0.065990
vt 0.243650 0.109960
vt 0.205160 0.087230
vt 0.342830 0.624040
vt 0.355260 0.629090
vt 0.358450 0.688680
vt 0.343920 0.723860
vt 0.321780 0.719310
vt 0.358520 0.707940
vt 0.730480 0.685330
vt 0.736830 0.657030
vt 0.758030 0.597760
vt 0.776170 0.606670
vt 0.760330 0.626880
vt 0.242910 0.045700
vt 0.213160 0.069440
vt 0.274860 0.062930
vt 0.740700 0.587270
vt 0.341370 0.733220
vt 0.321430 0.772240
vt 0.319170 0.734970
vt 0.335470 0.640410
vt 0.289030 0.633190
vt 0.312340 0.619340
vt 0.336830 0.626740
vt 0.750300 0.705480
vt 0.760220 0.651520
vt 0.774900 0.630260
vt 0.789450 0.649510
vt 0.774660 0.654390
vt 0.120010 0.260110
vt 0.793490 0.689130
vt 0.179470 0.264960
vt 0.304800 0.719180
vt 0.291500 0.735800
vt 0.356790 0.611730
vt 0.813760 0.726880
vt 0.351640 0.725920
vt 0.192910 0.266850
vt 0.373520 0.638210
vt 0.672010 0.613690
vt 0.685430 0.616700
vt 0.687360 0.651850
vt 0.653860 0.656600
vt 0.640110 0.476360
vt 0.620800 0.486050
vt 0.552110 0.353440
vt 0.573940 0.349120
vt 0.563080 0.365700
vt 0.572730 0.397840
vt 0.598470 0.412720
vt 0.215950 0.402510
vt 0.257750 0.429960
vt 0.245550 0.398250
vt 0.273830 0.406020
vt 0.238270 0.660540
vt 0.240060 0.637430
vt 0.249470 0.660310
vt 0.236080 0.638900
vt 0.224490 0.665270
vt 0.215300 0.638950
vt 0.628510 0.390380
vt 0.605810 0.400800
vt 0.606910 0.380140
vt 0.550380 0.654240
vt 0.552730 0.628390
vt 0.559250 0.646390
vt 0.579830 0.676740
vt 0.590520 0.693470
vt 0.569440 0.641880
vt 0.577650 0.614360
vt 0.591680 0.625500
vt 0.558850 0.608400
vt 0.548400 0.617630
vt 0.595640 0.602600
vt 0.576670 0.604660
vt 0.587350 0.592030
vt 0.614920 0.590720
vt 0.603830 0.590020
vt 0.599970 0.573250
vt 0.561490 0.621080
vt 0.217840 0.361730
vt 0.204590 0.351900
vt 0.231570 0.360770
vt 0.208230 0.368290
vt 0.187790 0.361290
vt 0.651900 0.822370
vt 0.678410 0.839750
vt 0.664470 0.796780
vt 0.717050 0.458540
vt 0.702650 0.824520
vt 0.689400 0.763010
vt 0.686630 0.741000
vt 0.701390 0.758510
vt 0.741820 0.800950
vt 0.740880 0.821140
vt 0.732180 0.816650
vt 0.708240 0.800490
vt 0.720040 0.803410
vt 0.715630 0.809890
vt 0.795810 0.790540
vt 0.721360 0.794210
vt 0.732020 0.796100
vt 0.730370 0.811670
vt 0.744780 0.780380
vt 0.730060 0.597070
vt 0.723860 0.582630
vt 0.708140 0.616240
vt 0.684310 0.576740
vt 0.668230 0.727890
vt 0.650280 0.688210
vt 0.632980 0.653850
vt 0.580700 0.483370
vt 0.599400 0.499440
vt 0.590600 0.526150
vt 0.599670 0.449470
vt 0.715350 0.439810
vt 0.680620 0.430680
vt 0.648820 0.494990
vt 0.624560 0.502930
vt 0.609040 0.486000
vt 0.251100 0.491290
vt 0.232450 0.497450
vt 0.221930 0.467830
vt 0.248270 0.447810
vt 0.238050 0.470370
vt 0.310970 0.108620
vt 0.285000 0.118120
vt 0.333410 0.095900
vt 0.270000 0.118640
vt 0.300300 0.103040
vt 0.209270 0.140000
vt 0.233980 0.124470
vt 0.305410 0.818980
vt 0.321790 0.784490
vt 0.306610 0.791990
vt 0.568690 0.490830
vt 0.554120 0.502310
vt 0.584320 0.585860
vt 0.511620 0.365550
vt 0.495400 0.326150
vt 0.511910 0.414970
vt 0.522540 0.441330
vt 0.512300 0.467750
vt 0.521120 0.412330
vt 0.480970 0.521130
vt 0.493770 0.544540
vt 0.488370 0.516810
vt 0.514700 0.569720
vt 0.502580 0.538610
vt 0.566320 0.565980
vt 0.533920 0.554970
vt 0.555630 0.534890
vt 0.586140 0.542200
vt 0.576590 0.549170
vt 0.565890 0.524120
vt 0.697380 0.490890
vt 0.688010 0.509780
vt 0.771520 0.835240
vt 0.745340 0.854140
vt 0.762900 0.830090
vt 0.632200 0.551560
vt 0.552060 0.378880
vt 0.541850 0.361100
vt 0.613080 0.354830
vt 0.618400 0.375220
vt 0.599990 0.371300
vt 0.640500 0.484380
vt 0.665150 0.413700
vt 0.654960 0.441340
vt 0.648510 0.421560
vt 0.669740 0.441970
vt 0.195940 0.348450
vt 0.203140 0.322590
vt 0.577510 0.457350
vt 0.601960 0.468140
vt 0.603260 0.491120
vt 0.685860 0.819090
vt 0.681850 0.829510
vt 0.658630 0.810240
vt 0.631150 0.775040
vt 0.726670 0.784380
vt 0.714590 0.795170
vt 0.702820 0.779180
vt 0.580330 0.206010
vt 0.577150 0.181140
vt 0.588920 0.200510
vt 0.560680 0.186570
vt 0.564060 0.163750
vt 0.289290 0.665520
vt 0.278820 0.686170
vt 0.260310 0.635810
vt 0.264710 0.651640
vt 0.388280 0.388700
vt 0.369810 0.355820
vt 0.374310 0.200100
vt 0.348450 0.188540
vt 0.360520 0.180550
vt 0.709460 0.759270
vt 0.722130 0.772610
vt 0.716110 0.752930
vt 0.715230 0.727560
vt 0.631400 0.808380
vt 0.570050 0.673360
vt 0.547260 0.670900
vt 0.560170 0.660670
vt 0.597590 0.638630
vt 0.625610 0.597160
vt 0.610940 0.620950
vt 0.608460 0.603950
vt 0.258510 0.443310
vt 0.232680 0.419220
vt 0.228120 0.400950
vt 0.461830 0.454910
vt 0.490700 0.460700
vt 0.273390 0.385730
vt 0.267720 0.391280
vt 0.242640 0.381600
vt 0.253460 0.370680
vt 0.203100 0.340840
vt 0.278730 0.761840
vt 0.182840 0.292560
vt 0.178570 0.410850
vt 0.180370 0.399640
vt 0.217130 0.299830
vt 0.258390 0.816890
vt 0.520670 0.144090
vt 0.519210 0.177020
vt 0.528240 0.153410
vt 0.538220 0.172690
vt 0.553630 0.196720
vt 0.573360 0.211380
vt 0.631140 0.507160
vt 0.688240 0.452760
vt 0.648830 0.394270
vt 0.639440 0.404970
vt 0.675290 0.447360
vt 0.591900 0.363510
vt 0.622360 0.513680
vt 0.676570 0.497140
vt 0.696100 0.470890
vt 0.635430 0.479690
vt 0.628430 0.416670
vt 0.379050 0.891930
vt 0.322770 0.931970
vt 0.301100 0.966110
vt 0.357870 0.941880
vt 0.839000 0.570590
vt 0.367710 0.918070
vt 0.901220 0.479690
vt 0.233180 0.590830
vt 0.216460 0.605730
vt 0.214790 0.584520
vt 0.213840 0.624810
vt 0.230600 0.601790
vt 0.692120 0.811350
vt 0.244000 0.522400
vt 0.262710 0.541590
vt 0.546530 0.683640
vt 0.756450 0.816710
vt 0.507100 0.346220
vt 0.487970 0.341720
vt 0.524760 0.346240
vt 0.530910 0.346030
vt 0.597380 0.534460
vt 0.592620 0.575690
vt 0.582990 0.567510
vt 0.442250 0.020620
vt 0.417060 0.027070
vt 0.459730 0.027590
vt 0.767380 0.535130
vt 0.770000 0.560370
vt 0.508530 0.612520
vt 0.480330 0.611260
vt 0.486740 0.593630
vt 0.491680 0.571150
vt 0.506510 0.589060
vt 0.605900 0.556650
vt 0.468590 0.491840
vt 0.499690 0.475700
vt 0.508190 0.482770
vt 0.546150 0.435930
vt 0.556760 0.449420
vt 0.410790 0.204040
vt 0.404050 0.200850
vt 0.312870 0.476870
vt 0.447240 0.173550
vt 0.122530 0.485680
vt 0.132400 0.459100
vt 0.153260 0.471910
vt 0.066310 0.432420
vt 0.325800 0.402320
vt 0.408510 0.218240
vt 0.703290 0.809860
vt 0.699640 0.797860
vt 0.698250 0.850790
vt 0.725110 0.814840
vt 0.732900 0.849340
vt 0.730470 0.829120
vt 0.668820 0.863620
vt 0.716820 0.868270
vt 0.165320 0.451160
vt 0.172420 0.458040
vt 0.162770 0.468140
vt 0.709960 0.736960
vt 0.761520 0.805220
vt 0.735310 0.791820
vt 0.360240 0.203910
vt 0.329590 0.208050
vt 0.338440 0.196400
vt 0.105360 0.504860
vt 0.146040 0.486810
vt 0.121770 0.508250
vt 0.405510 0.148390
vt 0.780080 0.816460
vt 0.767840 0.810130
vt 0.723550 0.821740
vt 0.090910 0.784080
vt 0.093370 0.769890
vt 0.099380 0.793350
vt 0.345310 0.158250
vt 0.361770 0.131670
vt 0.210550 0.511240
vt 0.157000 0.508520
vt 0.180480 0.498220
vt 0.245070 0.674070
vt 0.211400 0.677270
vt 0.234840 0.675280
vt 0.225540 0.673630
vt 0.336170 0.562230
vt 0.162540 0.147190
vt 0.172010 0.149960
vt 0.511020 0.486850
vt 0.531910 0.486890
vt 0.608900 0.412970
vt 0.618860 0.425540
vt 0.208700 0.384950
vt 0.201810 0.399680
vt 0.222900 0.385210
vt 0.213890 0.374640
vt 0.224800 0.368450
vt 0.234290 0.369090
vt 0.850310 0.398310
vt 0.821280 0.372100
vt 0.202590 0.475500
vt 0.567650 0.107340
vt 0.671360 0.523310
vt 0.653620 0.585210
vt 0.635370 0.602570
vt 0.189850 0.386180
vt 0.498410 0.674020
vt 0.500610 0.666300
vt 0.186660 0.080580
vt 0.271120 0.798590
vt 0.304750 0.803860
vt 0.292780 0.805980
vt 0.742540 0.435770
vt 0.750430 0.449420
vt 0.787560 0.351630
vt 0.606310 0.240410
vt 0.724800 0.562600
vt 0.573120 0.063950
vt 0.032580 0.560630
vt 0.028450 0.571440
vt 0.223970 0.115080
vt 0.259030 0.111670
vt 0.570950 0.579260
vt 0.259780 0.506610
vt 0.135160 0.522270
vt 0.131730 0.513540
vt 0.146050 0.511690
vt 0.138570 0.507230
vt 0.153330 0.491270
vt 0.166480 0.473690
vt 0.122160 0.902990
vt 0.794370 0.318000
vt 0.500760 0.447740
vt 0.252850 0.129340
vt 0.133750 0.607260
vt 0.429960 0.005350
vt 0.004540 0.467590
vt 0.090420 0.644900
vt 0.087890 0.673080
vt 0.286050 0.426040
vt 0.135810 0.627750
vt 0.126710 0.634470
vt 0.146030 0.123360
vt 0.108610 0.190250
vt 0.122350 0.182720
vt 0.198940 0.972110
vt 0.191200 0.979090
vt 0.287820 0.563260
vt 0.291100 0.571470
vt 0.143350 0.873990
vt 0.135650 0.858230
vt 0.535650 0.418570
vt 0.526440 0.446160
vt 0.549210 0.399020
vt 0.088730 0.599000
vt 0.316500 0.224640
vt 0.322500 0.214050
vt 0.611500 0.743820
vt 0.597990 0.778350
vt 0.598360 0.743620
vt 0.581040 0.719750
vt 0.522190 0.624350
vt 0.518140 0.594110
vt 0.511240 0.558630
vt 0.236740 0.525230
vt 0.295890 0.800060
vt 0.307400 0.784810
vt 0.309130 0.763900
vt 0.258120 0.669200
vt 0.116060 0.518830
vt 0.173180 0.547960
vt 0.879280 0.330950
vt 0.162980 0.970860
vt 0.622620 0.660550
vt 0.640510 0.685150
vt 0.655340 0.717690
vt 0.473050 0.628530
vt 0.541900 0.397290
vt 0.537350 0.242270
vt 0.543130 0.286300
vt 0.422760 0.548770
vt 0.447470 0.530400
vt 0.173960 0.951590
vt 0.203510 0.618540
vt 0.204800 0.646920
vt 0.224380 0.448370
vt 0.400620 0.587370
vt 0.466370 0.612830
vt 0.273180 0.468460
vt 0.303830 0.580220
vt 0.590900 0.253120
vt 0.313910 0.744520
vt 0.334960 0.730270
vt 0.331650 0.393970
vt 0.351370 0.386290
vt 0.364030 0.374790
vt 0.512590 0.034620
vt 0.603490 0.617210
vt 0.577260 0.688460
vt 0.602790 0.717560
vt 0.596160 0.718260
vt 0.603250 0.743460
vt 0.873900 0.357710
vt 0.199300 0.486920
vt 0.443620 0.404520
vt 0.449030 0.661230
vt 0.242570 0.621140
vt 0.130860 0.154300
vt 0.702980 0.788810
vt 0.617240 0.623590
vt 0.892580 0.781950
vt 0.522400 0.134760
vt 0.534780 0.146970
vt 0.547270 0.168550
vt 0.532890 0.672740
vt 0.068040 0.257910
vt 0.521820 0.609770
vt 0.380210 0.596310
vt 0.374930 0.621840
vt 0.370270 0.601920
vt 0.398520 0.567970
vt 0.829750 0.833680
vt 0.802040 0.850370
vt 0.590590 0.097230
vt 0.597140 0.128680
vt 0.573070 0.147280
vt 0.573920 0.743250
vt 0.099870 0.182860
vt 0.094130 0.205850
vt 0.189850 0.947870
vt 0.447130 0.033310
vt 0.405330 0.558570
vt 0.387300 0.546520
vt 0.795890 0.805200
vt 0.358640 0.723260
vt 0.086600 0.206350
vt 0.285740 0.520860
vt 0.590270 0.813410
vt 0.596950 0.790870
vt 0.502590 0.563170
vt 0.700600 0.641700
vt 0.731860 0.629340
vt 0.124190 0.580990
vt 0.135790 0.591590
vt 0.663140 0.393800
vt 0.741810 0.860300
vt 0.589240 0.717040
vt 0.218480 0.630320
vt 0.234970 0.629760
vt 0.205520 0.631090
vt 0.214350 0.668160
vt 0.228040 0.684850
vt 0.174490 0.439910
vt 0.463900 0.379160
vt 0.254370 0.790650
vt 0.739350 0.396070
vt 0.197830 0.625430
vt 0.654440 0.340670
vt 0.695790 0.607180
vt 0.675680 0.599020
vt 0.578070 0.364450
vt 0.592290 0.380480
vt 0.599700 0.395260
vt 0.581320 0.372520
vt 0.090450 0.593390
vt 0.919420 0.721050
vt 0.226760 0.203340
vt 0.599900 0.155270
vt 0.267010 0.633240
vt 0.278870 0.634970
vt 0.537730 0.137340
vt 0.059350 0.485250
vt 0.363400 0.233780
vt 0.784570 0.465170
vt 0.801110 0.418400
vt 0.335430 0.295680
vt 0.565220 0.373220
vt 0.533260 0.413490
vt 0.447850 0.359280
vt 0.511200 0.331690
vt 0.512500 0.323840
vt 0.516600 0.342190
vt 0.316280 0.763870
vt 0.103760 0.815350
vt 0.368170 0.632750
vt 0.122560 0.438240
vt 0.660400 0.691650
vt 0.045210 0.608740
vt 0.932560 0.682890
vt 0.532950 0.029040
vt 0.517790 0.024050
vt 0.429120 0.039680
vt 0.557410 0.050480
vt 0.541690 0.038390
vt 0.120950 0.156020
vt 0.830300 0.450940
vt 0.761920 0.864720
vt 0.781400 0.668550
vt 0.184360 0.667630
vt 0.077440 0.735020
vt 0.344500 0.022140
vt 0.440530 0.300150
vt 0.842640 0.821190
vt 0.206000 0.600410
vt 0.915540 0.764020
vt 0.919870 0.767900
vt 0.081290 0.761160
vt 0.615060 0.334300
vt 0.936570 0.753010
vt 0.931480 0.759910
vt 0.056780 0.588890
vt 0.196080 0.989150
vt 0.132670 0.148740
vt 0.089050 0.796250
vt 0.453360 0.658290
vt 0.132240 0.932670
vn 0.479530 -0.522531 0.704991
vn 0.464526 -0.479261 0.744664
vn 0.420100 -0.351136 0.836791
vn -0.036182 0.166776 0.985331
vn -0.397885 0.549288 0.734827
vn -0.380968 0.519436 0.764886
vn 0.298912 -0.033803 0.953682
vn 0.117198 -0.071212 0.990552
vn 0.314351 -0.070680 0.946672
vn 0.219083 0.146370 0.964665
vn 0.194293 0.024806 0.980630
vn 0.130132 0.029529 0.991057
vn 0.201521 0.158902 0.966509
vn 0.139720 0.192963 0.971207
vn 0.382360 0.001992 0.924011
vn 0.686063 -0.249076 0.683578
vn 0.724155 -0.219899 0.653639
vn 0.030963 -0.045284 0.998494
vn 0.013118 -0.040426 0.999096
vn 0.029218 -0.095211 0.995028
vn -0.248893 0.110784 0.962174
vn -0.356306 0.297667 0.885687
vn -0.257726 0.197702 0.945775
vn 0.107948 -0.549145 0.828726
vn -0.293551 -0.357470 0.886591
vn -0.261638 -0.299674 0.917464
vn 0.150795 0.147311 0.977528
vn 0.105339 0.152420 0.982686
vn 0.043858 0.159735 0.986185
vn 0.542311 -0.618602 0.568534
vn 0.439675 -0.703433 0.558452
vn 0.363853 -0.443467 0.819114
vn -0.214825 0.315512 0.924285
vn -0.253663 0.282661 0.925072
vn -0.238233 0.214488 0.947227
vn 0.085492 -0.028270 0.995938
vn 0.105000 0.174147 0.979106
vn 0.247401 0.029681 0.968459
vn -0.066688 0.016853 0.997632
vn -0.022877 0.031861 0.999231
vn 0.057343 -0.229492 0.971620
vn -0.064195 -0.262085 0.962907
vn 0.024862 -0.192217 0.981037
vn -0.204565 0.153003 0.966821
vn -0.030356 0.186362 0.982012
vn -0.159826 0.027707 0.986756
vn 0.073130 -0.350246 0.933798
vn -0.030953 -0.348044 0.936967
vn 0.034148 -0.537181 0.842776
vn 0.481510 -0.817573 0.315788
vn 0.092285 -0.038873 0.994974
vn 0.130136 -0.405392 0.904832
vn 0.207363 0.664023 0.718383
vn 0.360301 0.748154 0.557180
vn 0.325346 0.845217 0.423980
vn 0.107275 0.200136 0.973878
vn 0.162917 0.230852 0.959252
vn 0.079676 0.266903 0.960424
vn -0.447299 -0.126853 0.885343
vn -0.778510 -0.026046 0.627091
vn -0.366432 -0.155606 0.917341
vn 0.400610 0.282188 0.871712
vn 0.388061 0.320734 0.864024
vn 0.378515 0.303538 0.874409
vn -0.118752 -0.300085 0.946492
vn -0.213196 -0.250816 0.944266
vn -0.272165 -0.284949 0.919092
vn -0.078647 -0.824129 0.560916
vn -0.094790 -0.846072 0.524574
vn -0.088093 -0.725713 0.682334
vn -0.749480 -0.110872 0.652677
vn -0.608902 -0.059250 0.791029
vn -0.726584 -0.064682 0.684026
vn 0.292761 -0.363060 0.884578
vn 0.676510 -0.464753 0.571261
vn 0.755146 -0.407648 0.513398
vn 0.221412 -0.358023 0.907082
vn 0.078398 -0.314672 0.945957
vn 0.054286 -0.269083 0.961586
vn 0.393668 0.903597 0.168935
vn 0.383083 0.923711 -0.002126
vn 0.430126 0.902654 -0.014453
vn 0.174979 0.648500 0.740830
vn 0.147033 0.841729 0.519494
vn 0.183619 0.850263 0.493293
vn 0.124019 0.360767 0.924374
vn 0.199048 0.679224 0.706424
vn 0.134691 0.363650 0.921747
vn -0.045066 -0.892526 0.448738
vn 0.268572 -0.296507 0.916489
vn 0.128471 -0.225418 0.965755
vn 0.236414 -0.196765 0.951521
vn -0.683960 0.063741 0.726730
vn -0.744414 0.064416 0.664604
vn -0.827404 0.027342 0.560941
vn 0.368297 0.274495 0.888263
vn 0.381258 0.271599 0.883672
vn 0.528647 0.183333 0.828807
vn -0.339589 -0.748383 0.569740
vn -0.275602 -0.778450 0.563967
vn -0.360401 -0.814342 0.454926
vn -0.989684 0.005131 0.143173
vn 0.269774 0.261221 0.926815
vn 0.089028 0.374437 0.922969
vn -0.197302 -0.403915 0.893266
vn -0.489124 -0.359941 0.794481
vn -0.455729 -0.434920 0.776631
vn 0.164204 0.984509 0.061483
vn 0.291666 0.955702 -0.039558
vn 0.268485 0.957068 0.109260
vn 0.466027 0.884560 -0.019322
vn 0.459270 0.885462 -0.070909
vn 0.502947 0.853285 -0.137657
vn 0.587742 -0.122658 0.799696
vn 0.443634 -0.222441 0.868164
vn 0.530326 -0.205418 0.822531
vn 0.267829 0.962306 -0.047268
vn 0.188568 0.981026 0.045050
vn 0.270445 0.959534 0.078452
vn 0.247117 0.954678 0.165902
vn 0.920368 -0.390306 -0.024154
vn 0.907407 -0.419473 -0.025600
vn 0.925844 -0.374503 -0.050595
vn 0.440623 0.892144 -0.099656
vn -0.303148 -0.893669 0.330842
vn -0.369266 -0.864478 0.341057
vn -0.403691 -0.876439 0.262467
vn 0.362380 -0.388159 0.847356
vn 0.246962 -0.360618 0.899425
vn 0.075473 -0.390211 0.917627
vn 0.602529 0.779359 -0.171926
vn 0.581805 0.795056 -0.171429
vn 0.611852 0.781295 -0.123348
vn -0.948370 0.008380 0.317057
vn -0.998755 0.034630 0.035896
vn -0.998425 -0.046110 -0.031966
vn 0.102839 0.990587 0.090341
vn 0.087064 0.994950 0.049955
vn 0.104965 0.975602 0.192832
vn 0.065132 0.987498 0.143549
vn 0.108640 0.979103 0.171912
vn 0.676419 -0.665106 -0.316372
vn 0.648117 -0.673914 -0.354662
vn 0.476813 -0.873031 -0.102310
vn -0.971362 -0.105085 0.213105
vn -0.975618 -0.035150 0.216641
vn -0.932772 -0.119398 0.340118
vn 0.865023 -0.393875 0.310801
vn 0.909936 -0.383463 0.158027
vn 0.867859 -0.403553 0.289770
vn 0.542365 0.779063 0.314486
vn 0.748794 0.393463 0.533380
vn 0.618521 0.743878 0.253133
vn 0.947794 -0.318784 -0.007891
vn 0.936452 -0.350762 0.004809
vn 0.939105 -0.340904 0.043211
vn 0.596328 -0.339414 0.727455
vn 0.497032 -0.295402 0.815902
vn -0.910516 -0.061610 0.408859
vn -0.958038 -0.072507 0.277320
vn -0.902146 -0.083264 0.423321
vn -0.980868 -0.057473 -0.185996
vn 0.319210 0.941590 0.107297
vn -0.997714 0.059945 0.031212
vn -0.994012 0.061403 0.090393
vn -0.997345 0.037607 0.062353
vn 0.650836 -0.277299 0.706766
vn 0.886483 -0.228144 0.402614
vn -0.816606 -0.411674 0.404573
vn -0.730670 -0.414708 0.542346
vn -0.828952 -0.419017 0.370490
vn -0.952612 -0.106791 0.284826
vn -0.990040 -0.136982 0.032498
vn 0.289821 0.946163 -0.144152
vn -0.720802 0.605384 -0.337573
vn 0.193674 0.977575 -0.082685
vn -0.956338 -0.046912 -0.288473
vn -0.925564 -0.002721 -0.378582
vn -0.978869 -0.034993 -0.201474
vn 0.984052 0.114128 0.136444
vn 0.988254 0.135008 -0.071596
vn 0.981236 0.189471 0.035736
vn 0.597554 -0.164087 -0.784860
vn 0.718643 -0.216376 -0.660859
vn 0.700733 -0.057447 -0.711107
vn 0.582510 -0.414493 0.699197
vn -0.140359 -0.580886 0.801793
vn -0.350226 -0.613343 0.707921
vn 0.620326 -0.779380 0.088101
vn 0.588964 -0.805130 -0.069913
vn 0.767201 -0.639982 0.042737
vn 0.979379 0.199732 0.030391
vn 0.976015 0.208817 -0.061567
vn 0.491492 -0.863440 0.113608
vn 0.519136 -0.851374 0.075239
vn 0.500243 -0.863924 0.058251
vn -0.343314 -0.937156 -0.062239
vn -0.345439 -0.925692 -0.154166
vn -0.393278 -0.911942 -0.117024
vn -0.900806 -0.386445 0.198012
vn -0.905537 -0.412380 0.099732
vn -0.907636 -0.406261 0.105591
vn 0.959627 -0.280770 -0.016858
vn 0.961576 -0.259977 -0.088228
vn 0.964775 -0.246785 0.091146
vn 0.977460 0.207583 -0.038490
vn 0.985140 0.158587 -0.065952
vn -0.244053 -0.943000 -0.226250
vn -0.259636 -0.958290 -0.119452
vn -0.203994 -0.965792 -0.160100
vn -0.931944 0.036121 -0.360799
vn -0.938862 0.025763 -0.343330
vn -0.981710 0.032608 -0.187571
vn -0.833950 -0.080726 -0.545903
vn -0.914923 0.096932 -0.391816
vn -0.657871 0.126770 -0.742385
vn 0.886570 -0.416795 -0.200689
vn 0.908139 -0.414456 -0.059243
vn 0.910838 -0.403417 0.087350
vn -0.972741 -0.053956 -0.225528
vn -0.906298 -0.141149 -0.398372
vn -0.959933 -0.125392 -0.250611
vn -0.915496 -0.401588 0.024374
vn -0.904460 -0.417801 0.085989
vn -0.877284 -0.464471 0.120992
vn 0.946041 -0.112138 0.304026
vn 0.889949 0.007660 0.455995
vn 0.932804 0.008086 0.360293
vn 0.995655 -0.079562 0.048390
vn 0.978626 -0.118625 0.167989
vn 0.988030 -0.138295 0.068344
vn 0.536136 -0.309056 -0.785521
vn 0.458228 -0.374480 -0.806097
vn 0.243774 -0.284823 -0.927065
vn -0.137757 -0.679300 -0.720815
vn -0.232666 -0.721834 -0.651783
vn -0.127480 -0.719220 -0.682987
vn -0.090419 -0.176968 -0.980054
vn 0.173774 -0.262878 -0.949051
vn -0.000727 -0.232427 -0.972614
vn 0.235034 0.425424 -0.873941
vn 0.176020 0.406095 -0.896718
vn 0.457538 0.703397 -0.543959
vn 0.092384 0.795370 0.599043
vn 0.123145 0.829617 0.544584
vn 0.534919 0.822632 0.192712
vn 0.509236 -0.856215 -0.087029
vn 0.523852 -0.802606 -0.285311
vn 0.486332 -0.870310 -0.077729
vn -0.173669 0.210907 -0.961955
vn -0.133998 0.275191 -0.952005
vn -0.127829 0.210089 -0.969290
vn 0.855237 0.372229 -0.360577
vn 0.931485 0.312049 -0.186980
vn 0.835827 0.238219 -0.494617
vn 0.917609 0.015975 -0.397163
vn 0.952747 0.000997 -0.303763
vn 0.947115 -0.037319 -0.318716
vn -0.823691 0.107601 -0.556736
vn -0.795202 0.131425 -0.591930
vn -0.908783 0.094945 -0.406323
vn 0.930149 0.135646 -0.341208
vn 0.961005 0.162489 -0.223756
vn 0.946122 0.142422 -0.290809
vn -0.285356 -0.292699 -0.912633
vn -0.525549 -0.184980 -0.830410
vn -0.335505 -0.223966 -0.915028
vn 0.550083 -0.286709 -0.784351
vn 0.560211 -0.229504 -0.795922
vn 0.032577 -0.396473 -0.917468
vn 0.555069 -0.425779 -0.714570
vn 0.465901 -0.449151 -0.762365
vn 0.400901 -0.434968 -0.806276
vn 0.041711 0.562015 -0.826075
vn -0.011060 0.565491 -0.824680
vn -0.010754 0.500408 -0.865723
vn -0.049561 -0.544797 -0.837102
vn -0.228306 -0.604738 -0.763000
vn 0.110719 0.272367 -0.955802
vn 0.336615 0.349793 -0.874263
vn 0.260347 0.300635 -0.917518
vn -0.779348 -0.309672 -0.544721
vn -0.708804 -0.436628 -0.554033
vn -0.710671 -0.277814 -0.646348
vn 0.009420 -0.713307 -0.700788
vn -0.001001 -0.599545 -0.800340
vn -0.019785 -0.551624 -0.833858
vn -0.901284 -0.355474 -0.247640
vn -0.869652 -0.276207 -0.409163
vn -0.860713 -0.351737 -0.368041
vn -0.740543 -0.382426 -0.552582
vn -0.823568 -0.425719 -0.374833
vn 0.749753 0.162339 -0.641495
vn 0.838890 0.152381 -0.522535
vn 0.770926 0.081045 -0.631748
vn 0.389576 -0.267459 -0.881304
vn 0.407414 -0.311887 -0.858336
vn 0.263273 -0.263457 -0.928051
vn 0.534162 -0.266589 -0.802248
vn 0.554444 -0.251395 -0.793343
vn 0.664866 -0.256822 -0.701424
vn -0.614157 0.117376 -0.780406
vn -0.553597 0.103621 -0.826313
vn -0.455374 0.082574 -0.886463
vn -0.212636 0.454000 -0.865257
vn -0.150849 0.460048 -0.874986
vn -0.227762 0.333691 -0.914754
vn 0.572572 0.262441 -0.776715
vn 0.652227 0.250233 -0.715530
vn 0.628336 0.201014 -0.751523
vn 0.361194 -0.177891 -0.915366
vn 0.508565 -0.179270 -0.842154
vn 0.549539 -0.308403 -0.776463
vn -0.118008 0.393358 -0.911780
vn -0.028163 0.464406 -0.885175
vn 0.010616 0.418146 -0.908318
vn 0.216475 -0.744850 -0.631140
vn -0.028868 -0.993342 -0.111527
vn 0.220756 -0.819392 -0.529022
vn -0.475717 -0.848864 0.230484
vn -0.521117 -0.842439 0.136872
vn -0.514969 -0.798742 0.311156
vn -0.022292 0.724404 -0.689015
vn -0.042289 0.726061 -0.686329
vn 0.131982 0.980567 -0.145151
vn 0.204084 -0.978918 -0.008269
vn 0.258998 -0.957580 -0.126336
vn 0.121582 -0.819382 -0.560206
vn -0.156553 0.002503 -0.987666
vn -0.063470 0.018159 -0.997819
vn -0.063469 0.003187 -0.997979
vn -0.131326 -0.055981 -0.989757
vn -0.273615 0.041883 -0.960927
vn -0.039208 -0.132104 -0.990460
vn -0.080968 -0.071612 -0.994141
vn 0.096832 -0.210812 -0.972719
vn 0.029757 0.819639 -0.572107
vn 0.036608 0.620370 -0.783455
vn -0.225692 0.100180 -0.969034
vn -0.187304 0.006867 -0.982278
vn -0.348520 -0.086166 -0.933332
vn -0.399471 -0.916719 -0.006971
vn -0.517224 -0.848685 -0.110510
vn -0.517207 -0.854524 0.047813
vn -0.613792 -0.384868 -0.689302
vn -0.677513 -0.430744 -0.596184
vn -0.595593 -0.454461 -0.662370
vn 0.272824 0.301881 -0.913474
vn 0.127523 0.349402 -0.928254
vn 0.268638 0.411753 -0.870800
vn -0.233123 0.193925 -0.952915
vn -0.173232 0.398555 -0.900636
vn -0.149845 0.367074 -0.918043
vn -0.110869 0.094469 -0.989335
vn 0.422083 -0.248263 -0.871901
vn 0.490370 -0.243791 -0.836722
vn -0.195146 -0.404613 -0.893424
vn -0.385571 -0.399826 -0.831549
vn -0.229320 -0.404795 -0.885186
vn -0.386929 -0.363856 -0.847287
vn -0.586381 -0.138561 -0.798097
vn -0.358417 -0.144844 -0.922257
vn 0.121937 -0.122129 -0.984995
vn 0.305784 0.105066 -0.946286
vn 0.283505 0.008647 -0.958932
vn 0.370146 0.025078 -0.928635
vn 0.467151 0.044919 -0.883036
vn 0.467294 0.021895 -0.883831
vn -0.145688 0.062009 -0.987385
vn -0.002095 0.044817 -0.998993
vn -0.085041 -0.062500 -0.994415
vn -0.207929 -0.272018 -0.939559
vn -0.228189 -0.087164 -0.969707
vn -0.102162 -0.212772 -0.971746
vn -0.232210 -0.483264 -0.844118
vn -0.011524 -0.245681 -0.969282
vn -0.040328 -0.330516 -0.942938
vn -0.827371 -0.004463 -0.561638
vn -0.371331 -0.097691 -0.923347
vn -0.482267 0.087593 -0.871634
vn 0.142391 0.130687 -0.981145
vn 0.271072 0.078557 -0.959348
vn 0.306835 0.088483 -0.947641
vn -0.465076 -0.075114 -0.882078
vn -0.099027 0.027689 -0.994700
vn -0.123992 0.061068 -0.990402
vn -0.280954 0.471912 0.835682
vn -0.438849 0.373631 0.817197
vn 0.366468 0.298860 0.881126
vn 0.457258 0.536432 0.709335
vn 0.448668 0.370761 0.813162
vn 0.371642 0.450846 0.811554
vn 0.098728 -0.207093 0.973327
vn -0.039954 0.425663 0.903999
vn -0.250967 0.578131 0.776389
vn 0.229929 0.372440 0.899122
vn 0.264566 0.212337 0.940701
vn 0.245324 0.250159 0.936609
vn 0.385048 0.420903 0.821328
vn 0.183587 0.247009 0.951463
vn 0.166227 0.224368 0.960223
vn 0.251003 -0.154616 0.955558
vn 0.248041 0.165826 0.954451
vn 0.145089 0.599201 0.787342
vn 0.204684 0.507552 0.836956
vn 0.273047 0.039390 0.961194
vn 0.347616 -0.023134 0.937352
vn 0.330932 0.017251 0.943497
vn 0.453266 0.241160 0.858133
vn 0.299723 0.204654 0.931817
vn 0.489507 0.084112 0.867933
vn 0.020178 0.399108 0.916682
vn 0.248389 0.410501 0.877378
vn 0.479012 0.453006 0.751886
vn 0.488228 0.620223 0.613968
vn -0.347609 0.103474 0.931912
vn 0.346295 0.552917 0.757867
vn 0.732513 0.257211 0.630292
vn 0.406045 0.057623 0.912034
vn 0.381739 0.053569 0.922717
vn 0.659426 0.280188 0.697604
vn 0.670597 0.297680 0.679475
vn 0.314799 -0.339174 -0.886489
vn 0.464052 -0.323275 -0.824712
vn 0.117651 -0.973839 -0.194413
vn -0.053677 -0.967716 -0.246261
vn 0.184262 -0.974630 -0.127058
vn 0.254613 0.384998 0.887101
vn 0.330095 0.434197 0.838159
vn -0.780218 -0.002678 -0.625502
vn -0.629411 -0.108615 -0.769445
vn -0.825025 -0.009862 -0.565011
vn 0.492096 0.583158 0.646351
vn 0.277399 0.659814 0.698352
vn 0.373147 -0.016252 0.927630
vn -0.855040 -0.092243 -0.510291
vn -0.820849 -0.080634 -0.565425
vn -0.802986 -0.106658 -0.586376
vn -0.298569 -0.173454 -0.938494
vn -0.295780 -0.248245 -0.922436
vn 0.293340 0.232626 0.927274
vn -0.194835 -0.285000 -0.938517
vn 0.277921 -0.325606 -0.903737
vn 0.266727 0.239696 0.933489
vn -0.555753 -0.496512 -0.666794
vn -0.893534 -0.168347 -0.416240
vn -0.341569 -0.758034 0.555622
vn -0.115102 -0.859838 0.497423
vn 0.147620 -0.781239 0.606527
vn 0.149762 -0.796290 0.586084
vn 0.138596 -0.806374 0.574937
vn -0.867528 -0.406275 0.286943
vn -0.819075 -0.106355 0.563741
vn -0.471479 -0.871690 0.133659
vn -0.520651 -0.823152 -0.226592
vn -0.496999 -0.850735 -0.171001
vn -0.364992 -0.717630 -0.593117
vn -0.579525 -0.758872 -0.297093
vn -0.457870 -0.691086 -0.559246
vn -0.945870 -0.049679 -0.320720
vn -0.917368 -0.321333 -0.234905
vn -0.931299 -0.246656 -0.268036
vn -0.565925 -0.599565 -0.565908
vn 0.137274 -0.136590 -0.981070
vn 0.543742 -0.194149 -0.816487
vn 0.250310 -0.263233 -0.931694
vn -0.094059 -0.012913 -0.995483
vn 0.016057 -0.027372 -0.999496
vn -0.325023 0.055435 -0.944080
vn -0.118780 0.124591 -0.985073
vn 0.086968 0.193606 -0.977217
vn -0.080118 0.050222 -0.995519
vn -0.216219 -0.813079 0.540510
vn -0.266755 -0.877187 0.399230
vn -0.313379 -0.848984 0.425465
vn -0.340697 -0.928269 0.149139
vn -0.945518 -0.115515 0.304388
vn -0.992331 -0.100845 0.071478
vn -0.956471 -0.216859 0.195283
vn -0.966198 -0.122337 0.226925
vn -0.838346 -0.472065 -0.272637
vn -0.166574 -0.959596 0.226780
vn -0.243847 -0.952334 0.183301
vn -0.559252 -0.810731 0.173067
vn -0.892336 -0.426677 0.147252
vn -0.861133 -0.446973 0.242208
vn -0.815598 -0.469029 0.338840
vn 0.037495 -0.174059 -0.984021
vn -0.271954 -0.562924 0.780485
vn -0.219670 -0.732005 0.644914
vn -0.153679 -0.561904 0.812801
vn -0.983727 -0.004783 0.179607
vn -0.986996 0.044849 0.154362
vn -0.977873 0.073871 0.195722
vn -0.453510 -0.876830 0.159681
vn -0.974809 -0.067167 0.212689
vn -0.802209 -0.208065 -0.559616
vn -0.428170 -0.864833 0.262174
vn -0.943951 -0.157719 0.289968
vn -0.830214 -0.464953 0.307512
vn -0.878112 -0.441927 0.183357
vn -0.814707 -0.439717 0.378022
vn -0.773634 -0.491810 0.399516
vn -0.623753 -0.466245 0.627334
vn -0.752997 -0.353295 0.555138
vn -0.566766 -0.178969 -0.804206
vn -0.522762 0.125526 -0.843186
vn 0.505873 0.000410 0.862608
vn -0.748599 -0.053611 -0.660852
vn -0.234458 -0.044129 -0.971124
vn -0.970394 -0.237421 0.044342
vn -0.448204 0.077159 -0.890595
vn -0.087347 -0.413185 0.906449
vn -0.004308 -0.302804 0.953043
vn 0.233993 0.266472 0.935008
vn 0.239716 0.158600 0.957801
vn -0.164987 -0.527772 0.833209
vn -0.240098 -0.675065 0.697596
vn -0.277875 -0.673799 0.684676
vn -0.065314 -0.232353 -0.970436
vn 0.096220 0.373849 -0.922485
vn 0.013925 0.375335 -0.926784
vn 0.769686 -0.318327 -0.553400
vn 0.825273 -0.535448 0.179501
vn 0.927136 -0.254715 0.274843
vn 0.826673 -0.520409 0.213978
vn 0.511040 -0.293460 -0.807910
vn 0.424029 -0.360828 -0.830664
vn 0.639586 -0.410203 -0.650126
vn -0.053437 -0.808800 -0.585651
vn -0.158776 -0.807663 -0.567865
vn -0.087449 -0.096701 -0.991464
vn 0.786931 -0.616424 -0.027602
vn 0.800723 -0.594651 0.072337
vn -0.001282 0.151995 0.988380
vn -0.086909 0.049200 0.995001
vn 0.287257 -0.313039 0.905257
vn 0.061686 -0.017216 0.997947
vn 0.543215 -0.358287 -0.759307
vn 0.636701 -0.411614 -0.652063
vn 0.012354 -0.424961 0.905127
vn -0.272651 -0.438739 0.856253
vn -0.215040 -0.450411 0.866538
vn -0.603443 -0.427590 0.673070
vn -0.433215 -0.462191 0.773760
vn -0.544015 -0.477952 0.689645
vn -0.896617 0.120941 -0.425971
vn -0.788709 -0.344495 -0.509178
vn -0.532482 0.129617 -0.836458
vn -0.849853 -0.421330 0.316594
vn -0.850673 -0.449977 0.271801
vn -0.754078 -0.495746 0.430815
vn -0.892255 -0.420484 0.164543
vn -0.907789 -0.416837 -0.046536
vn -0.906779 -0.416485 0.065514
vn 0.401300 -0.567721 -0.718785
vn 0.059865 -0.787481 -0.613425
vn 0.542875 -0.724964 -0.423926
vn -0.612248 -0.464562 0.639793
vn 0.854060 -0.489765 -0.175250
vn 0.751393 -0.611585 -0.247734
vn 0.690897 -0.490967 -0.530672
vn -0.777751 -0.429027 0.459391
vn -0.548276 -0.439304 0.711622
vn -0.478360 -0.433661 0.763616
vn -0.100986 -0.209875 -0.972499
vn -0.954062 0.051107 -0.295218
vn -0.892453 0.087736 -0.442528
vn -0.993632 0.054001 -0.098886
vn -0.964295 0.039748 -0.261830
vn -0.335743 -0.903444 -0.266582
vn -0.523041 -0.771613 -0.361995
vn -0.496843 -0.831325 -0.249089
vn -0.130922 -0.972647 0.191877
vn -0.113924 -0.984559 0.132913
vn -0.076421 -0.958238 0.275570
vn 0.557590 -0.773955 -0.300145
vn 0.526852 -0.849375 -0.031454
vn 0.546547 -0.779246 -0.306695
vn -0.387255 -0.864158 -0.321349
vn -0.428729 -0.903422 -0.004463
vn -0.130769 -0.976939 -0.168789
vn -0.964849 -0.016622 0.262279
vn -0.976819 0.011196 0.213774
vn -0.489312 -0.501307 -0.713628
vn -0.335939 -0.364863 -0.868343
vn -0.367701 -0.517539 -0.772625
vn -0.169021 0.317984 -0.932908
vn -0.120883 0.467138 -0.875882
vn -0.187567 0.387868 -0.902429
vn -0.556535 -0.623685 -0.548895
vn -0.162384 -0.676360 -0.718449
vn -0.377475 0.414323 -0.828160
vn -0.381116 0.470430 -0.795893
vn -0.386118 0.439815 -0.810849
vn 0.312637 0.078663 0.946610
vn 0.281678 0.140539 0.949161
vn 0.171727 0.135363 0.975801
vn -0.092628 0.174248 0.980336
vn 0.814240 0.012784 0.580388
vn 0.887044 -0.011487 0.461542
vn 0.894054 0.158294 0.419060
vn 0.706562 -0.221217 0.672185
vn 0.724573 -0.136454 0.675554
vn 0.752334 0.182815 0.632908
vn 0.727719 0.124040 0.674566
vn 0.876058 0.325077 0.356158
vn 0.562225 0.123541 0.817705
vn 0.504072 0.155380 0.849569
vn 0.972772 0.219179 0.075338
vn 0.960773 0.241650 0.136088
vn 0.959697 0.213219 0.183084
vn 0.222807 0.925882 0.305123
vn 0.286756 0.918044 0.273799
vn 0.277988 0.928634 0.245684
vn -0.254414 -0.966833 0.022523
vn -0.272031 -0.932078 0.239226
vn -0.999661 0.025879 -0.002851
vn -0.998438 0.011977 -0.054567
vn -0.996431 0.058582 -0.060771
vn -0.950630 -0.048068 0.306581
vn -0.898781 0.078735 0.431270
vn -0.985497 0.065835 0.156402
vn -0.984658 0.019260 -0.173429
vn -0.961356 0.052833 -0.270192
vn -0.995344 0.021746 -0.093907
vn -0.996385 -0.043794 -0.072796
vn -0.994140 -0.027489 -0.104550
vn 0.740832 -0.055750 0.669372
vn 0.805545 -0.082367 0.586782
vn 0.624571 0.096209 0.775019
vn -0.019207 -0.673203 -0.739209
vn -0.255068 -0.935588 -0.244163
vn -0.211956 -0.942110 -0.259814
vn -0.530798 -0.792251 0.300986
vn -0.923755 0.038358 -0.381058
vn -0.905771 0.005688 -0.423730
vn -0.926608 0.001990 -0.376023
vn -0.997366 -0.069739 -0.019925
vn -0.999009 -0.026230 -0.035948
vn -0.996885 -0.072723 -0.030513
vn -0.995574 0.079783 0.049663
vn -0.999488 -0.014419 -0.028575
vn -0.994644 -0.021261 -0.101154
vn -0.995966 0.035337 -0.082487
vn -0.981550 -0.008959 -0.190994
vn -0.987891 0.028142 0.152578
vn -0.998351 0.053805 0.020029
vn -0.998463 0.055230 0.004650
vn 0.541498 0.427137 0.724109
vn 0.582806 0.273552 0.765184
vn 0.744578 0.308407 0.592021
vn -0.950719 0.013342 -0.309767
vn -0.972668 0.004000 -0.232164
vn -0.250367 -0.882974 -0.397081
vn -0.175769 -0.892550 -0.415284
vn 0.540310 0.821475 0.182328
vn 0.286327 0.953218 0.096909
vn 0.961446 0.274982 -0.002724
vn -0.313793 -0.805940 -0.501990
vn -0.631487 -0.340216 -0.696762
vn -0.794555 0.117293 -0.595755
vn -0.146074 -0.984983 -0.092033
vn -0.251764 -0.965211 -0.070583
vn -0.206022 -0.975303 0.079620
vn 0.946054 0.234749 0.223327
vn 0.870256 0.216958 0.442249
vn 0.141335 0.351974 0.925278
vn 0.337807 0.918362 0.206150
vn 0.340119 0.938480 0.059781
vn 0.317977 0.944706 0.080133
vn 0.331226 0.223091 0.916799
vn 0.294173 0.180809 0.938494
vn 0.324787 0.327044 0.887443
vn 0.262994 0.311079 0.913271
vn 0.163545 -0.523514 -0.836174
vn -0.152747 -0.671570 -0.725026
vn -0.301221 0.248379 -0.920638
vn -0.325284 0.360892 -0.874041
vn -0.991643 0.045774 -0.120620
vn 0.161948 0.233924 -0.958672
vn 0.270735 -0.373771 -0.887129
vn -0.282648 -0.295442 -0.912592
vn 0.089000 0.370404 0.924597
vn 0.195541 0.299051 0.933987
vn -0.228130 -0.870488 -0.436127
vn -0.935797 -0.351971 0.020019
vn -0.985065 -0.169989 0.027385
vn 0.147824 0.145125 -0.978308
vn 0.163731 -0.004484 -0.986495
vn 0.387444 -0.098431 -0.916624
vn -0.276807 0.012619 -0.960843
vn -0.426281 0.026738 -0.904196
vn -0.365173 0.014586 -0.930825
vn -0.091487 0.230742 -0.968705
vn -0.047610 0.196035 -0.979441
vn 0.071332 0.318036 -0.945391
vn 0.004238 0.438581 -0.898682
vn -0.057707 0.333281 -0.941060
vn -0.297340 0.105559 -0.948918
vn -0.370798 0.074374 -0.925731
vn 0.048039 0.260395 0.964306
vn -0.037499 0.287853 0.956940
vn 0.041639 0.168162 0.984880
vn 0.010895 0.496683 0.867863
vn -0.074995 0.347144 0.934808
vn -0.100407 0.216382 0.971132
vn 0.227639 -0.383635 0.894989
vn 0.059412 -0.119052 0.991109
vn 0.357199 -0.239727 0.902740
vn -0.922122 -0.002126 0.386893
vn -0.560458 0.114780 0.820191
vn -0.539749 0.161869 0.826117
vn -0.322449 0.137124 0.936602
vn 0.095565 0.278996 -0.955525
vn 0.385238 0.918383 -0.090356
vn 0.310388 0.593699 -0.742416
vn 0.237756 0.651507 -0.720424
vn 0.188805 0.513129 -0.837288
vn 0.324718 0.767397 -0.552865
vn 0.074889 0.905045 -0.418671
vn 0.049348 0.888342 -0.456523
vn 0.080091 0.840045 -0.536573
vn 0.173134 0.273112 0.946274
vn 0.195319 0.383801 0.902523
vn -0.153605 0.061876 0.986193
vn -0.396922 0.048131 0.916589
vn -0.825149 0.559621 0.077153
vn -0.608543 0.766301 0.206054
vn -0.862621 0.473617 -0.177687
vn 0.246699 0.765828 0.593842
vn 0.427156 0.651310 0.627163
vn -0.995951 -0.041635 -0.079683
vn -0.990280 -0.022407 0.137271
vn -0.857757 -0.014970 -0.513838
vn -0.835174 -0.032527 -0.549023
vn -0.895736 -0.022595 -0.444012
vn -0.456869 0.045392 -0.888375
vn -0.388150 0.006099 -0.921576
vn -0.401548 0.119293 -0.908036
vn -0.324755 0.220579 -0.919717
vn -0.366852 0.231621 -0.900983
vn -0.758020 0.113255 -0.642323
vn -0.437815 0.218729 -0.872053
vn -0.951858 0.054520 0.301651
vn -0.909831 0.073863 0.408352
vn -0.846946 0.135789 0.514048
vn -0.463366 0.161550 0.871317
vn -0.439292 0.239976 0.865699
vn -0.631325 0.216655 0.744641
vn -0.903692 0.013698 -0.427965
vn -0.809852 0.070960 -0.582327
vn 0.144333 0.433775 0.889386
vn 0.446472 0.756721 0.477531
vn 0.485107 0.747406 0.453933
vn -0.950915 0.032613 -0.307729
vn -0.970791 0.238816 -0.023069
vn 0.303727 -0.100248 -0.947470
vn -0.001581 -0.389851 -0.920877
vn 0.045410 -0.061073 -0.997100
vn 0.394156 0.918878 0.017444
vn 0.416027 0.908678 0.035019
vn 0.411946 0.910566 0.034200
vn 0.228230 0.969382 -0.090602
vn 0.275560 0.960703 0.033426
vn -0.190847 0.269778 0.943821
vn 0.234113 0.410815 0.881148
vn 0.057919 0.189326 0.980205
vn 0.184698 0.511459 0.839224
vn 0.387610 0.917600 -0.088145
vn -0.834861 0.105887 -0.540181
vn 0.239910 0.870032 0.430683
vn 0.389746 0.920913 -0.004245
vn -0.824759 0.027649 0.564808
vn 0.538592 0.842188 -0.025257
vn 0.575971 0.817421 0.008986
vn 0.553748 0.826002 -0.105279
vn 0.497040 0.725690 0.475736
vn -0.543249 -0.004825 -0.839558
vn -0.295039 -0.045817 -0.954386
vn -0.633863 -0.148063 -0.759141
vn 0.124010 0.083858 -0.988731
vn -0.586337 -0.175498 0.790828
vn 0.288166 0.623792 0.726529
vn 0.548005 0.541064 0.637919
vn 0.501823 -0.069898 0.862141
vn 0.278174 -0.036074 0.959853
vn 0.477770 0.049947 0.877064
vn 0.193044 0.977514 0.084862
vn 0.269801 0.961503 0.052154
vn 0.256869 0.964664 0.058673
vn 0.284540 0.691691 0.663777
vn 0.303692 0.568649 0.764467
vn 0.273602 0.707028 0.652115
vn 0.297692 0.174141 0.938645
vn 0.408895 0.465954 0.784660
vn 0.428567 0.047044 0.902284
vn 0.198776 0.818791 0.538581
vn 0.196305 0.670359 0.715600
vn 0.156917 -0.093524 -0.983174
vn 0.008579 0.222169 -0.974970
vn 0.246852 -0.045027 -0.968007
vn 0.122640 -0.043273 -0.991507
vn -0.254988 -0.011263 -0.966879
vn 0.073818 -0.307354 -0.948728
vn -0.073909 0.674793 -0.734297
vn -0.031833 0.638507 -0.768957
vn 0.061021 -0.276412 -0.959100
vn 0.812421 -0.013089 -0.582925
vn 0.547753 0.038595 -0.835750
vn 0.603778 0.053155 -0.795379
vn 0.568919 -0.273383 -0.775625
vn 0.832139 -0.271989 -0.483288
vn 0.756760 -0.267747 -0.596344
vn 0.925011 -0.332232 -0.184326
vn 0.083896 0.230872 -0.969360
vn -0.003995 0.422218 -0.906485
vn -0.454854 -0.043988 -0.889479
vn -0.387523 -0.070633 -0.919150
vn 0.356746 0.067743 -0.931742
vn -0.044317 0.143809 -0.988613
vn -0.039307 -0.116060 -0.992464
vn -0.151888 0.406807 -0.900799
vn -0.052019 0.544931 -0.836865
vn -0.099360 0.467227 -0.878537
vn 0.335580 0.099845 -0.936705
vn 0.132754 0.042863 -0.990222
vn 0.145378 0.044617 -0.988370
vn 0.213301 0.420912 0.881667
vn 0.175804 0.440302 0.880470
vn 0.140054 0.169170 0.975585
vn 0.249075 0.314963 0.915838
vn 0.239031 0.297473 0.924324
vn 0.193534 0.305322 0.932375
vn 0.165853 0.976481 0.137758
vn 0.110017 0.974293 0.196595
vn 0.186954 0.982014 0.026388
vn 0.976241 0.060482 0.208076
vn 0.991653 -0.029882 0.125424
vn 0.999611 0.017789 -0.021469
vn 0.965574 -0.078237 0.248086
vn 0.914972 -0.241005 0.323639
vn -0.040849 -0.262033 -0.964194
vn 0.229817 -0.150317 -0.961555
vn -0.125936 -0.347440 -0.929207
vn -0.645787 -0.590786 -0.483663
vn -0.579666 -0.555185 -0.596453
vn -0.567511 -0.560903 -0.602760
vn 0.072730 0.996818 -0.032618
vn -0.057228 0.864127 -0.500010
vn 0.022843 0.968083 -0.249586
vn 0.069228 0.975423 -0.209184
vn 0.172902 0.980686 0.091432
vn 0.166604 0.985892 -0.016162
vn 0.156816 0.984880 -0.073622
vn 0.261372 0.938179 0.226946
vn 0.685384 0.380029 -0.621149
vn 0.099202 0.866578 0.489083
vn 0.201197 0.972552 -0.116884
vn 0.182715 0.901739 0.391768
vn 0.080618 0.351011 0.932894
vn 0.130605 0.408988 0.903145
vn -0.080196 0.091325 -0.992587
vn 0.237990 0.071550 -0.968629
vn 0.420461 0.406311 -0.811248
vn 0.618597 0.329593 -0.713237
vn 0.677551 0.032415 -0.734761
vn 0.241680 -0.014881 -0.970242
vn 0.326844 -0.060595 -0.943134
vn 0.430199 0.132393 -0.892973
vn -0.057911 -0.162538 -0.985002
vn 0.167297 -0.057956 -0.984202
vn 0.449133 -0.028291 -0.893017
vn -0.070759 0.819866 -0.568166
vn -0.023679 0.716406 -0.697281
vn -0.203933 0.530258 -0.822945
vn -0.981821 -0.008706 0.189607
vn -0.997286 -0.018365 0.071303
vn -0.998562 -0.037450 0.038368
vn -0.997791 -0.006434 0.066117
vn 0.873691 -0.368325 0.317805
vn 0.900351 -0.408832 0.149082
vn 0.577068 0.450007 -0.681533
vn 0.358667 0.933456 -0.004170
vn 0.115192 0.549832 -0.827294
vn 0.098751 0.063452 -0.993087
vn 0.183316 0.233453 0.954932
vn 0.147409 0.366556 0.918644
vn 0.099411 0.225202 0.969227
vn 0.038435 0.058017 0.997575
vn 0.206459 0.552982 0.807209
vn 0.173807 0.390615 0.903997
vn 0.953631 -0.147197 0.262528
vn -0.175191 0.442118 -0.879682
vn -0.432984 -0.135286 -0.891192
vn -0.322917 0.160532 -0.932713
vn 0.187820 0.049771 -0.980942
vn 0.579219 0.053840 -0.813392
vn 0.265871 0.960349 0.083926
vn 0.277314 0.943402 0.181907
vn 0.245858 0.959372 0.138419
vn -0.105647 0.580179 -0.807609
vn -0.235929 -0.039234 -0.970978
vn 0.085147 0.144470 -0.985839
vn -0.422497 -0.194284 -0.885297
vn -0.304693 0.065048 -0.950227
vn 0.046840 -0.207981 -0.977011
vn 0.480825 -0.165674 -0.861022
vn 0.398657 -0.268680 -0.876860
vn 0.498052 -0.229959 -0.836100
vn 0.665343 -0.278462 -0.692660
vn -0.053321 0.062551 -0.996616
vn 0.105154 0.038140 -0.993724
vn -0.990393 -0.032897 -0.134308
vn -0.986431 -0.026802 -0.161975
vn -0.888402 0.019287 -0.458661
vn -0.847018 0.019767 -0.531197
vn -0.951552 -0.011888 -0.307259
vn 0.637309 -0.101295 -0.763922
vn 0.922191 0.113069 -0.369838
vn 0.956127 -0.242498 -0.164364
vn 0.241769 0.221307 0.944760
vn 0.071068 0.188540 0.979491
vn 0.064768 0.340959 0.937844
vn -0.214110 0.350773 -0.911655
vn -0.752369 0.065777 -0.655449
vn -0.959438 0.037289 0.279442
vn 0.188576 0.966948 0.171614
vn 0.048596 0.995815 0.077400
vn 0.957556 0.254319 0.135677
vn 0.147327 0.534999 0.831908
vn 0.267282 0.778000 0.568575
vn 0.121432 -0.304365 -0.944784
vn -0.873792 -0.451769 -0.179978
vn -0.233895 -0.429772 -0.872118
vn -0.016415 -0.420551 -0.907121
vn 0.168064 -0.457177 -0.873352
vn -0.486517 -0.369529 -0.791675
vn -0.526775 -0.364460 -0.767905
vn -0.500083 -0.418535 0.758119
vn 0.347294 -0.439140 0.828579
vn 0.527351 -0.441694 0.725815
vn 0.162980 -0.481621 0.861091
vn 0.716874 -0.446126 -0.535783
vn 0.467785 -0.864743 -0.182749
vn -0.723525 -0.596529 0.347369
vn -0.125085 -0.461070 0.878503
vn 0.035131 -0.403233 0.914423
vn -0.270482 -0.462680 0.844255
vn -0.307115 -0.405562 0.860930
vn -0.787807 -0.597158 -0.150871
vn -0.889879 -0.416888 0.185256
vn -0.550224 -0.422650 0.720153
vn -0.347959 -0.615038 -0.707568
vn -0.576366 -0.469661 -0.668745
vn 0.897090 -0.325948 -0.298307
vn 0.827650 -0.280316 -0.486229
vn 0.915516 -0.328607 -0.232051
vn 0.602410 0.183372 -0.776838
vn 0.386852 0.348441 -0.853777
vn 0.498085 0.086329 -0.862820
vn -0.711476 -0.702513 -0.016638
vn -0.872323 -0.465300 -0.150160
vn -0.637860 -0.743664 -0.200244
vn 0.320829 -0.084710 -0.943342
vn 0.527089 -0.185413 -0.829337
vn 0.591356 -0.256087 -0.764668
vn -0.263104 -0.205770 -0.942568
vn -0.071158 -0.111010 -0.991269
vn -0.437167 -0.134352 -0.889289
vn -0.316660 -0.140440 -0.938085
vn 0.646584 -0.661790 -0.379424
vn 0.156686 -0.798780 -0.580862
vn 0.359712 -0.404141 -0.840998
vn -0.596086 -0.241336 -0.765793
vn -0.702044 -0.183993 -0.687954
vn -0.474346 -0.614961 -0.629935
vn -0.450228 -0.594678 -0.666073
vn 0.338972 -0.888098 -0.310452
vn 0.082575 -0.180637 -0.980077
vn -0.210267 0.066007 -0.975413
vn -0.101007 0.093624 -0.990471
vn 0.123534 0.376298 -0.918226
vn 0.057497 0.236509 -0.969927
vn -0.370113 -0.337810 -0.865390
vn -0.310871 -0.484787 -0.817521
vn -0.372127 -0.400736 -0.837217
vn -0.895832 -0.222756 -0.384533
vn 0.383639 -0.026681 -0.923097
vn 0.207310 0.177365 -0.962063
vn 0.229720 0.232840 -0.944994
vn 0.238237 0.277604 -0.930687
vn 0.139743 0.264183 -0.954295
vn 0.061126 0.074570 -0.995341
vn -0.874397 -0.029049 0.484341
vn -0.970459 -0.028692 0.239554
vn -0.699869 0.029096 0.713678
vn 0.074869 -0.997093 -0.014163
vn 0.206957 -0.971569 0.114991
vn 0.463887 -0.857183 0.223709
vn 0.103536 0.263137 0.959187
vn 0.014173 0.206061 0.978437
vn 0.046325 0.221886 0.973972
vn -0.141868 0.073681 0.987140
vn 0.483810 -0.811995 0.326483
vn 0.398098 -0.707669 0.583714
vn 0.440472 -0.777279 0.449246
vn -0.393662 -0.904272 0.165294
vn -0.489219 -0.870983 0.045321
vn 0.644083 0.050378 -0.763295
vn 0.558520 0.084937 -0.825131
vn 0.821633 -0.447963 -0.352489
vn 0.537828 -0.701705 -0.467281
vn 0.405686 -0.489697 -0.771762
vn 0.386450 -0.838469 -0.384221
vn 0.478470 -0.861332 -0.170804
vn 0.086182 0.995375 0.042449
vn 0.100767 0.990766 0.090715
vn 0.082438 0.990197 0.112753
vn -0.356446 0.179081 -0.916993
vn -0.115357 0.237255 -0.964574
vn 0.245720 0.294044 -0.923666
vn 0.136773 0.260358 -0.955776
vn 0.108994 0.988369 0.106048
vn 0.127432 0.983258 0.130250
vn -0.405733 -0.678484 0.612405
vn -0.418169 -0.758697 0.499513
vn 0.301767 0.514791 -0.802451
vn 0.146526 0.614533 -0.775164
vn -0.079220 0.235089 -0.968740
vn -0.332871 -0.235735 0.913031
vn -0.132304 -0.120740 0.983828
vn -0.157029 -0.964765 -0.211119
vn -0.082789 -0.447698 -0.890344
vn 0.259520 0.228901 -0.938219
vn -0.644717 0.076220 -0.760612
vn 0.235364 0.342356 -0.909613
vn 0.093642 0.228162 -0.969110
vn 0.325995 0.348933 -0.878620
vn 0.352411 0.187415 -0.916887
vn -0.121101 -0.483310 0.867033
vn -0.056771 -0.339820 0.938776
vn 0.070288 0.039038 0.996763
vn 0.005686 -0.192656 0.981250
vn 0.873648 0.319921 0.366592
vn -0.081601 0.545246 -0.834295
vn -0.145119 0.456325 -0.877900
vn -0.102547 0.321508 -0.941338
vn -0.017729 -0.462141 0.886630
vn 0.265957 -0.752546 0.602447
vn -0.117020 0.366315 0.923103
vn -0.697787 -0.079902 0.711835
vn -0.613142 -0.074267 0.786474
vn -0.774194 0.565479 0.284354
vn -0.575574 0.607699 0.547189
vn -0.221264 0.246857 0.943453
vn -0.274549 0.231631 0.933258
vn 0.553819 0.319307 -0.768978
vn 0.409012 0.138794 -0.901912
vn 0.044345 0.466032 -0.883656
vn 0.534909 -0.838674 -0.102460
vn 0.713202 -0.468286 -0.521585
vn 0.446913 -0.705937 -0.549474
vn 0.544331 -0.655711 -0.523208
vn 0.894851 -0.194022 -0.401992
vn 0.811340 -0.484579 -0.326972
vn 0.935329 -0.235174 -0.264298
vn 0.092202 -0.335110 -0.937657
vn 0.946370 -0.136854 -0.292669
vn 0.998735 -0.044943 -0.022538
vn 0.995373 -0.024201 0.092986
vn 0.968542 -0.072537 0.238044
vn 0.571467 0.819816 -0.036421
vn 0.611842 0.788636 -0.060852
vn 0.420017 0.887874 -0.187794
vn 0.461473 0.886498 -0.034134
vn 0.367388 -0.087464 -0.925946
vn 0.610964 -0.222045 -0.759881
vn 0.197928 -0.139786 -0.970198
vn -0.039957 0.241456 -0.969589
vn -0.316234 -0.255280 -0.913689
vn 0.115185 0.092605 -0.989018
vn 0.044726 0.103919 -0.993580
vn 0.372273 -0.057277 -0.926354
vn -0.050270 0.158569 -0.986067
vn -0.377261 -0.277381 -0.883592
vn -0.206216 0.470421 -0.858009
vn -0.078006 0.278547 -0.957250
vn 0.094638 0.442386 -0.891817
vn 0.176477 0.432628 -0.884131
vn -0.542066 0.522599 -0.658069
vn 0.960226 -0.084872 0.266013
vn 0.852362 -0.347193 0.391071
vn 0.753024 -0.654863 0.064110
vn 0.784171 -0.145272 -0.603301
vn 0.827990 -0.017147 -0.560481
vn -0.538058 -0.327737 -0.776583
vn -0.500226 -0.651989 -0.569811
vn 0.499000 0.830578 -0.247263
vn 0.080277 -0.472855 -0.877476
vn -0.325796 0.166739 -0.930621
vn -0.518725 0.352224 -0.779014
vn 0.440595 -0.340922 -0.830451
vn -0.626268 0.103307 -0.772733
vn 0.202344 -0.049292 -0.978073
vn 0.143974 0.543499 -0.826971
vn 0.114000 0.627275 -0.770409
vn 0.037023 0.658936 -0.751288
vn 0.089922 0.419419 -0.903328
vn 0.758893 -0.281130 -0.587408
vn 0.830544 -0.397053 -0.390572
vn -0.070545 -0.578141 -0.812881
vn 0.432776 0.888644 -0.151712
vn 0.381639 0.922712 0.054353
vn -0.669484 0.113957 -0.734034
vn 0.620910 0.778429 -0.092301
vn 0.566878 0.799878 -0.197091
vn -0.137264 -0.191106 -0.971925
vn -0.265909 -0.549637 -0.791954
vn -0.583423 0.026120 -0.811748
vn 0.019314 0.278350 -0.960286
vn 0.011650 -0.992552 -0.121268
vn 0.103046 -0.986869 -0.124385
vn 0.185838 0.846668 0.498616
vn -0.126965 -0.686240 -0.716208
vn 0.947735 0.072041 -0.310818
vn 0.175179 0.746983 -0.641349
vn 0.974931 0.211987 0.067610
vn -0.082462 0.076375 0.993663
vn -0.069892 0.224711 0.971916
vn -0.328197 0.167939 0.929561
vn -0.227761 0.037919 0.972979
vn -0.263528 0.021574 0.964411
vn -0.342614 0.029342 0.939018
vn -0.675603 0.217631 0.704413
vn -0.680675 0.078575 -0.728359
vn -0.997300 -0.042584 0.059820
vn -0.774948 -0.064170 0.628759
vn -0.718550 -0.052457 0.693494
vn -0.515858 -0.022443 0.856380
vn -0.129223 -0.297393 0.945970
vn -0.223298 -0.224656 0.948508
vn -0.999605 0.027436 0.006171
vn -0.993578 0.112981 -0.006217
vn -0.998058 0.053862 0.031284
vn -0.438535 0.019492 0.898503
vn -0.561410 -0.088630 0.822778
vn -0.489387 -0.086165 0.867799
vn -0.142744 0.027932 0.989365
vn -0.550232 -0.169609 0.817605
vn -0.741077 -0.099495 0.664007
vn -0.525994 -0.108788 0.843502
vn -0.915857 -0.132833 0.378894
vn -0.702068 -0.268854 0.659407
vn -0.696220 -0.246780 0.674076
vn -0.124475 0.397007 -0.909336
vn -0.568486 0.031143 -0.822103
vn -0.506761 -0.085688 -0.857817
vn -0.993045 -0.067761 -0.096281
vn -0.998745 0.016735 -0.047210
vn -0.963851 -0.046049 -0.262432
vn 0.848302 -0.238093 -0.472964
vn 0.643290 -0.331400 -0.690183
vn 0.959065 -0.267805 -0.092063
vn 0.954919 -0.284455 0.084944
vn 0.948491 -0.311137 -0.059649
vn -0.148464 -0.726833 -0.670576
vn -0.147464 -0.793235 -0.590790
vn -0.382630 -0.334722 -0.861137
vn -0.537373 -0.122424 -0.834412
vn -0.591617 0.078023 -0.802435
vn -0.415246 -0.264768 -0.870327
vn -0.549031 -0.287101 0.784944
vn -0.461766 -0.285599 0.839765
vn -0.735344 -0.147311 0.661490
vn -0.901456 -0.123990 0.414734
vn -0.850102 -0.073368 0.521482
vn 0.844174 -0.334278 -0.419082
vn 0.985511 -0.059273 -0.158917
vn -0.576127 -0.124652 0.807799
vn -0.013613 0.055829 -0.998348
vn 0.107238 0.395994 -0.911970
vn -0.626967 0.094693 -0.773270
vn -0.130070 -0.133615 -0.982461
vn 0.056362 0.114842 -0.991784
vn 0.002712 -0.066898 -0.997756
vn 0.050691 -0.336769 -0.940222
vn -0.713905 -0.171752 0.678852
vn -0.841980 -0.035471 0.538341
vn -0.926787 -0.036101 0.373848
vn -0.997497 0.060523 0.036555
vn -0.981666 -0.019955 0.189564
vn 0.090089 -0.351882 -0.931699
vn -0.990423 -0.018568 0.136815
vn -0.897450 -0.412622 -0.155973
vn -0.368109 0.089077 -0.925506
vn -0.236113 0.302184 -0.923545
vn -0.110993 -0.937165 -0.330759
vn -0.965945 0.081826 -0.245467
vn -0.174103 -0.275986 -0.945262
vn -0.907817 -0.418054 -0.033155
vn 0.220221 0.057965 -0.973726
vn 0.066864 -0.291932 0.954099
vn -0.036090 -0.213724 0.976227
vn 0.099598 -0.294579 0.950423
vn 0.209697 -0.350509 0.912782
vn 0.591164 -0.252835 0.765898
vn -0.381950 0.374726 0.844804
vn -0.059912 0.083402 0.994713
vn -0.155824 0.038859 0.987020
vn -0.318812 -0.087213 0.943797
vn 0.109935 0.227893 0.967460
vn 0.021462 0.339715 0.940284
vn -0.192379 -0.576606 -0.794050
vn -0.505846 -0.860576 0.059403
vn -0.499402 -0.866097 -0.021779
vn -0.533112 -0.824463 0.189876
vn 0.151993 0.333376 -0.930461
vn 0.368578 0.705875 -0.604889
vn 0.343856 0.742987 -0.574224
vn -0.185441 -0.081046 -0.979308
vn -0.211431 -0.091516 -0.973099
vn -0.302230 -0.105853 -0.947340
vn 0.203570 -0.314730 0.927095
vn 0.229377 -0.456552 0.859620
vn 0.243004 -0.413019 0.877704
vn 0.832752 0.001207 -0.553646
vn 0.900268 -0.372815 -0.224782
vn 0.965095 -0.221342 -0.139997
vn 0.967230 -0.221086 -0.124849
vn 0.911788 -0.404489 -0.070926
vn 0.974889 0.138217 -0.174605
vn 0.975365 0.053521 -0.214006
vn 0.946671 0.170837 -0.273183
vn 0.656438 -0.743447 -0.127970
vn 0.684315 -0.718672 -0.123384
vn 0.942749 0.005673 -0.333454
vn 0.604722 -0.796405 -0.007162
vn 0.845561 -0.392283 -0.362133
vn 0.918676 -0.290964 0.267159
vn 0.965242 -0.238763 -0.106304
vn 0.941809 -0.329399 0.067030
vn 0.833913 -0.542699 0.100333
vn -0.970432 -0.125891 -0.205946
vn -0.952211 -0.185377 -0.242755
vn -0.982166 -0.163170 -0.093406
vn -0.919160 -0.095307 -0.382181
vn -0.830502 -0.052022 -0.554581
vn 0.751694 -0.227897 -0.618885
vn 0.857795 -0.335274 -0.389588
vn 0.936666 -0.349184 0.026964
vn -0.200445 0.049880 0.978434
vn 0.788028 -0.605912 0.109003
vn 0.756068 -0.387985 0.527095
vn 0.581619 -0.374590 0.722082
vn 0.542986 -0.291744 0.787434
vn -0.924591 -0.235883 0.299149
vn -0.898065 -0.435099 0.064558
vn -0.690284 -0.671441 0.269584
vn 0.767129 -0.523646 0.370550
vn 0.166795 -0.700445 0.693942
vn 0.705797 -0.678534 0.203573
vn -0.937323 -0.111886 -0.330012
vn -0.051678 -0.394443 0.917466
vn -0.598716 -0.411369 0.687252
vn -0.558890 -0.568943 0.603279
vn -0.867883 -0.067616 0.492145
vn -0.577161 -0.065892 0.813968
vn -0.133170 -0.182412 0.974162
vn -0.072371 -0.213308 0.974301
vn -0.019726 -0.154814 0.987747
vn 0.761974 -0.421813 0.491396
vn 0.813325 -0.452379 0.365864
vn 0.838682 -0.462834 0.287049
vn 0.245724 -0.343598 0.906400
vn 0.107216 -0.437128 0.892986
vn 0.228120 -0.524208 0.820468
vn -0.079517 0.399979 0.913069
vn -0.119622 0.143815 0.982348
vn -0.046636 0.143434 0.988561
vn 0.526512 0.094573 0.844891
vn -0.252364 0.131278 0.958686
vn -0.311907 0.265717 0.912200
vn -0.164489 -0.071351 -0.983795
vn -0.181559 0.048834 -0.982167
vn -0.124419 -0.082780 -0.988771
vn -0.411005 -0.561654 -0.718067
vn -0.253649 -0.284110 -0.924632
vn 0.966124 -0.145381 0.213236
vn 0.954117 -0.233695 0.187209
vn 0.989696 -0.082562 0.116987
vn 0.813704 -0.182555 0.551868
vn 0.893942 -0.153263 0.421164
vn 0.900516 -0.252684 0.353868
vn 0.916936 -0.212015 0.338050
vn 0.423658 0.203541 -0.882658
vn 0.277087 0.497864 -0.821800
vn 0.276891 0.401279 -0.873102
vn 0.398670 -0.552646 0.731878
vn 0.473196 -0.641168 0.604143
vn 0.271211 -0.954349 0.125151
vn -0.047414 -0.047854 0.997728
vn 0.299991 0.165730 0.939436
vn -0.113062 -0.526772 0.842454
vn -0.153156 -0.495538 0.854977
vn -0.101777 -0.741295 0.663418
vn -0.217494 -0.099029 0.971025
vn 0.387052 -0.843816 0.371707
vn 0.526079 -0.660878 0.535240
vn 0.534933 -0.718676 -0.444242
vn 0.653129 -0.732026 -0.193807
vn 0.532691 -0.788294 -0.307949
vn 0.608757 -0.779101 -0.149719
vn 0.632882 -0.715404 -0.296069
vn 0.626040 -0.777528 -0.059371
vn 0.232483 -0.637848 0.734235
vn 0.546477 -0.790438 0.276716
vn 0.496160 -0.743827 0.447824
vn -0.124142 -0.032376 0.991736
vn -0.065135 -0.032255 0.997355
vn -0.819733 -0.278630 -0.500403
vn -0.832417 -0.377281 -0.405882
vn -0.909784 -0.326915 -0.255774
vn 0.284556 -0.139535 0.948450
vn -0.051885 -0.035205 0.998032
vn -0.157821 -0.309444 0.937730
vn 0.217796 -0.109486 0.969834
vn 0.218483 -0.084487 0.972177
vn 0.271767 -0.337881 0.901099
vn 0.376311 0.022266 0.926226
vn 0.311735 -0.115468 0.943127
vn 0.419115 -0.326781 0.847087
vn 0.334943 -0.230207 0.913684
vn 0.354014 -0.193751 0.914951
vn -0.739007 -0.498370 -0.453316
vn -0.857207 -0.445864 -0.257685
vn 0.077995 0.097664 0.992158
vn -0.004683 0.185699 0.982596
vn -0.013901 -0.064642 0.997812
vn 0.884346 -0.455589 0.101837
vn 0.901516 -0.430885 -0.040098
vn 0.933992 -0.316034 -0.166678
vn 0.940251 -0.330940 -0.080047
vn -0.462476 -0.245924 0.851843
vn 0.463596 -0.375981 0.802320
vn 0.702847 -0.302696 0.643724
vn 0.312147 0.730679 0.607185
vn 0.370021 0.856656 0.359480
vn 0.268765 0.936974 0.223262
vn 0.331536 0.556690 0.761696
vn 0.298206 0.878647 0.372897
vn -0.050759 0.203148 -0.977831
vn -0.049636 0.247988 -0.967491
vn 0.364378 0.644054 -0.672624
vn -0.001628 0.330047 -0.943963
vn -0.336170 -0.888703 0.311765
vn -0.410616 -0.863876 0.291739
vn 0.219882 0.184588 0.957904
vn 0.477762 -0.039610 0.877596
vn 0.509885 0.085145 0.856018
vn 0.171867 -0.186787 0.967250
vn -0.066754 -0.163536 0.984276
vn -0.253215 -0.049314 0.966152
vn -0.264182 -0.156630 0.951670
vn 0.756417 -0.347719 -0.554008
vn 0.939607 0.119744 -0.320624
vn 0.777812 0.057063 -0.625901
vn 0.921765 0.130427 -0.365155
vn 0.979960 -0.152506 -0.128140
vn 0.738141 -0.296633 0.605935
vn 0.967694 -0.249636 0.035374
vn 0.988368 -0.102746 0.112128
vn -0.504768 -0.861638 -0.052810
vn -0.392013 -0.841478 -0.371807
vn -0.432140 -0.873015 -0.226053
vn -0.077301 -0.950891 0.299720
vn -0.038199 -0.912942 0.406298
vn -0.510751 -0.685822 -0.518442
vn -0.364053 -0.859426 0.358961
vn -0.472504 -0.843461 0.255565
vn -0.656565 -0.753537 -0.033247
vn -0.834023 -0.513464 -0.201892
vn -0.168173 0.259237 -0.951059
vn -0.672167 -0.340990 -0.657205
vn -0.308648 -0.058485 -0.949377
vn -0.362024 -0.121388 -0.924232
vn -0.924079 -0.335936 -0.182275
vn 0.128012 0.238223 -0.962737
vn 0.155414 0.421977 0.893186
vn 0.221677 0.259255 0.940024
vn 0.297261 0.402006 0.866041
vn 0.224978 0.248505 0.942141
vn 0.344252 0.238358 0.908117
vn 0.388240 0.281860 0.877397
vn 0.287966 0.187228 0.939160
vn -0.095192 0.042412 0.994555
vn 0.216886 -0.100566 0.971003
vn 0.270767 -0.269253 0.924223
vn 0.029975 -0.048899 0.998354
vn 0.032607 -0.167321 0.985363
vn 0.222434 -0.335054 0.915566
vn -0.008514 -0.085829 0.996274
vn -0.119863 -0.016676 0.992650
vn -0.147356 0.466157 0.872344
vn 0.329816 -0.511200 0.793660
vn -0.946537 0.039150 -0.320212
vn -0.968742 -0.035430 -0.245529
vn -0.999608 0.025697 -0.011107
vn -0.969903 0.003122 -0.243472
vn -0.348986 0.019494 -0.936925
vn -0.405488 0.251213 -0.878903
vn -0.280955 0.168168 -0.944872
vn -0.568823 0.219984 -0.792494
vn -0.673730 0.109015 -0.730892
vn 0.889638 -0.433250 0.144356
vn -0.360155 0.459051 -0.812133
vn -0.318640 -0.661594 -0.678795
vn 0.839698 0.026200 -0.542421
vn -0.944151 -0.329266 -0.012765
vn 0.176209 0.006114 0.984334
vn 0.134474 -0.091213 0.986710
vn -0.114814 0.197312 0.973594
vn -0.019943 -0.121649 0.992373
vn -0.161360 -0.446024 0.880355
vn 0.255306 -0.822863 0.507657
vn 0.301772 -0.865182 0.400492
vn 0.917579 0.138236 -0.372746
vn 0.962187 0.112872 -0.247905
vn 0.941990 0.228293 -0.246041
vn -0.763340 0.037833 0.644888
vn -0.836223 0.060178 0.545078
vn 0.338058 -0.898826 0.278978
vn 0.366165 -0.922787 0.119950
vn 0.451295 -0.848693 0.275779
vn 0.389757 -0.847994 0.359160
vn 0.343160 -0.813765 0.469071
vn 0.814567 -0.290432 0.502126
vn -0.405651 -0.911715 0.064986
vn -0.182521 -0.955752 0.230704
vn -0.386073 -0.921857 0.033576
vn 0.414510 -0.521850 0.745557
vn 0.350493 -0.629000 0.693912
vn -0.075456 0.308880 0.948103
vn 0.015837 0.476265 0.879159
vn -0.399823 -0.914732 0.058365
vn 0.101597 0.251697 0.962459
vn -0.072148 0.036103 -0.996740
vn -0.006994 0.042733 -0.999062
vn -0.190335 0.004316 -0.981710
vn 0.427742 0.028856 -0.903440
vn -0.356320 -0.856862 -0.372591
vn -0.260023 0.346101 0.901444
vn 0.825812 -0.551633 0.117197
vn 0.903722 -0.381930 0.193431
vn 0.810855 -0.491269 -0.318070
vn 0.171830 -0.887872 0.426799
vn 0.081364 -0.990635 -0.109647
vn -0.100246 -0.987427 0.122225
vn 0.188802 -0.110456 -0.975783
vn -0.128611 -0.390225 -0.911693
vn -0.359701 -0.121941 -0.925065
vn -0.548291 -0.231015 -0.803747
vn -0.581356 -0.099092 -0.807593
vn -0.015891 -0.152669 0.988150
vn -0.974004 -0.140457 0.177730
vn -0.814413 -0.103526 0.570976
vn 0.252645 0.041761 0.966657
vn 0.186259 -0.230303 0.955127
vn 0.417447 -0.135695 0.898513
vn 0.061474 0.135080 -0.988926
vn -0.358501 0.077312 -0.930323
vn -0.349547 0.026755 -0.936537
vn 0.365271 0.148681 0.918951
vn -0.926132 -0.185314 -0.328539
vn -0.963057 -0.216941 -0.159557
vn 0.662326 -0.741699 0.105865
vn 0.180889 0.964921 0.190279
vn 0.315278 0.877626 0.361070
vn 0.615733 -0.019129 0.787722
vn 0.723893 0.050986 0.688026
vn -0.186169 -0.518228 -0.834734
vn 0.279332 -0.019746 -0.959991
vn 0.122754 -0.095175 -0.987863
vn 0.376057 0.432648 -0.819388
vn -0.096552 0.456042 -0.884705
vn 0.329510 0.117133 -0.936858
vn 0.017027 0.057158 -0.998220
vn -0.757710 -0.466821 -0.456019
vn 0.789577 -0.445870 0.421625
vn 0.455655 -0.410520 0.789843
vn 0.547447 -0.814818 -0.190719
vn 0.587283 -0.798354 0.133152
vn -0.270448 0.505048 0.819625
vn 0.245006 -0.492094 0.835354
vn -0.354506 -0.666318 -0.656007
vn -0.226459 -0.370849 -0.900660
vn -0.610282 -0.763245 -0.212163
vn -0.671666 -0.595142 -0.441216
vn -0.791961 -0.599936 -0.113468
vn -0.724740 -0.575366 0.379085
vn -0.814868 0.129198 0.565064
vn 0.030347 0.233191 0.971957
vn 0.004113 0.106331 -0.994322
vn 0.321883 0.936118 0.141685
vn -0.004104 -0.053041 0.998584
vn 0.141191 -0.212477 0.966912
vn 0.309911 -0.273546 0.910564
vn -0.441964 -0.318692 -0.838512
vn 0.894989 -0.442885 0.053364
vn 0.310755 -0.950460 -0.007570
vn -0.458452 -0.008953 -0.888674
vn 0.518607 0.248606 -0.818072
vn 0.389264 -0.009813 -0.921074
vn -0.061004 0.256694 0.964566
vn -0.001286 0.145443 0.989366
vn -0.061014 0.233914 0.970341
vn 0.237055 0.781870 0.576614
vn -0.156725 -0.084948 0.983982
vn 0.230359 0.913919 0.334196
vn 0.956974 -0.276020 0.089514
vn 0.942187 -0.199688 0.269089
vn 0.382451 -0.922862 0.045353
vn -0.334249 -0.186042 -0.923940
vn 0.445104 -0.189513 -0.875196
vn -0.090740 -0.190769 -0.977432
vn 0.641799 -0.026535 -0.766413
vn -0.271817 0.115059 -0.955446
vn 0.066992 0.075620 -0.994884
vn -0.174603 -0.061810 -0.982697
vn -0.009793 -0.775729 0.630991
vn 0.915831 -0.205649 0.344910
vn -0.070930 0.646279 -0.759798
vn 0.157171 0.981374 0.110461
vn 0.134256 0.985523 0.103539
vn -0.565762 -0.762430 0.314028
vn -0.028071 0.810187 -0.585499
vn -0.023476 0.917637 -0.396726
vn 0.840419 -0.439470 -0.317116
vn 0.681634 -0.440111 -0.584532
vn 0.444406 -0.423867 -0.789203
vn -0.927971 0.253481 0.273161
vn -0.822856 0.139043 0.550977
vn -0.164179 -0.020193 -0.986224
vn 0.338629 -0.213935 -0.916276
vn 0.595837 0.803104 -0.001398
vn 0.565669 0.821585 0.070836
vn 0.540720 -0.483388 0.688446
vn 0.254457 -0.685791 0.681867
vn 0.459830 -0.107402 0.881488
vn 0.249056 0.959555 0.131247
vn -0.317384 -0.379608 0.869003
vn 0.018857 -0.324290 0.945770
vn 0.939188 -0.343236 0.010738
vn 0.683473 0.133717 -0.717624
vn 0.819569 -0.001220 -0.572979
vn 0.614815 0.001009 -0.788670
vn 0.254324 -0.957183 0.138273
vn 0.606438 -0.787888 0.107074
vn 0.544947 -0.815799 -0.193664
vn -0.302937 -0.279356 -0.911147
vn -0.415481 -0.040095 -0.908718
vn -0.476363 -0.111514 -0.872149
vn -0.345474 0.027291 -0.938031
vn 0.203342 0.556757 -0.805403
vn -0.223819 -0.122352 -0.966920
vn -0.121662 0.206661 -0.970819
vn -0.336863 -0.138084 0.931374
vn 0.908951 -0.416894 -0.002625
vn 0.895285 -0.434785 0.097088
vn 0.902158 -0.388579 0.187399
vn 0.311150 -0.949735 -0.034487
vn 0.113618 0.014455 0.993419
vn 0.400626 0.307127 0.863233
vn 0.388161 0.320797 0.863956
vn 0.652116 -0.731029 0.200853
vn 0.479362 -0.848888 0.222716
vn 0.436147 0.889323 0.137411
vn -0.267087 0.398705 -0.877325
vn -0.243101 0.194223 -0.950358
vn -0.164160 -0.277343 -0.946643
vn 0.483098 -0.309249 -0.819135
vn 0.514359 -0.854122 -0.076886
vn -0.512340 -0.823636 -0.243170
vn 0.180124 -0.464769 -0.866917
vn 0.321958 0.384450 0.865183
vn -0.383742 0.085259 -0.919496
vn -0.110118 0.194170 -0.974768
vn -0.452804 -0.888920 -0.069208
vn -0.417015 -0.906439 0.066834
vn -0.401172 -0.887404 0.227101
vn 0.547817 0.816699 0.181379
vn 0.980888 0.013259 -0.194121
vn 0.812209 -0.285841 -0.508539
vn 0.939550 -0.342369 0.005356
vn 0.933245 -0.260802 -0.247055
vn 0.943164 -0.241508 -0.228290
vn -0.708715 0.052234 0.703559
vn 0.105884 0.490263 -0.865119
vn -0.093208 -0.905435 0.414125
vn -0.187076 -0.363992 -0.912421
vn 0.000933 0.453194 -0.891411
vn 0.605990 -0.681824 0.409747
vn 0.805400 -0.343635 0.482956
vn 0.888677 -0.362268 0.281097
vn 0.241731 0.809637 0.534841
vn 0.323170 0.727310 0.605460
vn 0.310126 0.719797 0.621059
vn 0.946239 0.026912 -0.322347
vn 0.597732 -0.800197 -0.048998
vn 0.474267 -0.103557 -0.874269
vn 0.478511 -0.032721 -0.877472
vn 0.486659 -0.032607 -0.872984
vn 0.587289 -0.692751 -0.418555
vn 0.276924 0.953442 0.119420
vn 0.288409 0.956783 0.037229
vn 0.859307 -0.292064 -0.419870
vn 0.733558 -0.466350 -0.494380
vn -0.282255 0.959328 0.004746
vn 0.974760 0.134364 -0.178293
vn 0.509934 -0.860191 -0.006208
vn 0.114073 -0.673568 -0.730269
vn -0.851569 -0.137330 -0.505936
vn 0.187063 0.497396 -0.847116
vn -0.467986 -0.069775 -0.880977
vn 0.445260 0.019916 -0.895180
vn 0.310953 -0.804393 0.506221
vn -0.021180 -0.216294 0.976098
vn -0.204902 -0.210988 0.955772
vn -0.138583 0.488380 -0.861556
vn -0.098653 0.542100 -0.834503
vn 0.193445 0.030853 0.980626
vn -0.549538 -0.524105 -0.650632
vn 0.801838 -0.138782 -0.581202
vn -0.551959 -0.036481 -0.833073
vn -0.385301 -0.054019 -0.921208
vn -0.355781 0.125959 -0.926042
vn -0.200165 0.172519 -0.964454
vn 0.074815 0.323473 -0.943275
vn 0.221218 0.155667 -0.962720
vn -0.047313 -0.729347 0.682506
vn 0.022426 0.294481 -0.955394
vn -0.256063 0.285983 0.923388
vn -0.222301 0.325164 -0.919158
vn 0.206791 0.332665 0.920093
vn -0.031429 -0.211368 0.976901
vn -0.059014 -0.207037 0.976552
vn -0.147194 -0.110923 0.982868
vn 0.175996 -0.220243 0.959437
vn -0.024215 0.399750 0.916304
vn 0.021447 0.067638 0.997479
vn 0.115879 0.892154 -0.436615
vn -0.208925 -0.261623 -0.942287
vn -0.350407 -0.494141 0.795638
vn 0.152071 0.161943 -0.975012
vn 0.100502 0.145570 -0.984230
vn 0.344706 0.931851 0.113278
vn 0.196424 0.118516 -0.973330
vn -0.249156 -0.080449 0.965116
vn -0.629507 0.076619 0.773208
vn -0.250898 0.217445 0.943275
vn -0.401399 -0.668696 0.625879
vn -0.161409 -0.009306 0.986844
vn -0.152302 0.065012 0.986193
vn -0.191408 -0.672245 0.715157
vn 0.258366 0.335211 0.906025
vn 0.346213 0.294084 0.890871
vn 0.059957 0.314167 0.947473
vn 0.059034 0.373706 -0.925667
vn 0.390478 0.821832 0.414872
vn 0.247096 -0.224523 -0.942620
vn 0.120301 0.085575 -0.989042
vn 0.610443 -0.429820 0.665292
vn 0.981874 0.110150 -0.154242
vn 0.922015 -0.386908 -0.013807
vn -0.969352 0.011284 0.245415
vn -0.992354 -0.035105 0.118324
vn -0.162860 0.543127 -0.823705
vn 0.938197 0.040236 -0.343756
vn 0.299394 0.209408 0.930866
vn -0.184165 0.385825 -0.904004
vn 0.596881 -0.554789 -0.579605
vn 0.153677 0.160078 0.975068
vn 0.281380 0.931881 0.228962
vn -0.073899 -0.980108 -0.184194
s 1
g pathpre6_low:Group26744
f 498/1/1 499/2/2 1598/3/3
f 467/4/4 2/5/5 502/6/6
f 1290/7/7 615/8/8 1368/9/9
f 1247/10/10 1229/11/11 4/12/12
f 1485/13/13 973/14/14 1098/15/15
f 1368/9/9 719/16/16 558/17/17
f 538/18/18 743/19/19 900/20/20
f 678/21/21 1100/22/22 823/23/23
f 712/24/24 1327/25/25 1449/26/26
f 1059/27/27 1269/28/28 1490/29/29
f 1079/30/30 1026/31/31 1579/32/32
f 194/33/33 1380/34/34 1406/35/35
f 1260/36/36 173/37/37 6/38/38
f 474/39/39 680/40/40 743/19/19
f 75/41/41 1064/42/42 81/43/43
f 565/44/44 1486/45/45 79/46/46
f 1047/47/47 1326/48/48 938/49/49
f 1079/30/30 1122/50/50 1026/31/31
f 1143/51/51 1064/42/42 360/52/52
f 8/53/53 1538/54/54 214/55/55
f 920/56/56 199/57/57 1063/58/58
f 1272/59/59 220/60/60 122/61/61
f 1188/62/62 1248/63/63 1376/64/64
f 11/65/65 423/66/66 1289/67/67
f 606/68/68 840/69/69 677/70/70
f 1355/71/71 1461/72/72 435/73/73
f 496/74/74 1441/75/75 1199/76/76
f 1253/77/77 811/78/78 1423/79/79
f 354/80/80 1212/81/81 1179/82/82
f 229/83/83 223/84/84 241/85/85
f 819/86/86 183/87/87 12/88/88
f 840/69/69 606/68/68 1404/89/89
f 979/90/90 628/91/91 1172/92/92
f 912/93/93 1177/94/94 15/95/95
f 583/96/96 1266/97/97 746/98/98
f 16/99/99 118/100/100 1062/101/101
f 15/95/95 1177/94/94 254/102/102
f 819/86/86 1334/103/103 1455/104/104
f 1051/105/105 112/106/106 1136/107/107
f 26/108/108 909/109/109 588/110/110
f 1055/111/111 21/112/112 195/113/113
f 152/114/114 581/115/115 23/116/116
f 909/109/109 26/108/108 1324/117/117
f 26/108/108 1342/118/118 1324/117/117
f 1634/119/119 183/87/87 162/120/120
f 1315/121/121 976/122/122 905/123/123
f 195/113/113 21/112/112 387/124/124
f 1589/125/125 1503/126/126 1214/127/127
f 304/128/128 1112/129/129 662/130/130
f 1403/131/131 1094/132/132 390/133/133
f 204/134/134 207/135/135 201/136/136
f 26/108/108 329/137/137 1667/138/138
f 1251/139/139 246/140/140 293/141/141
f 665/142/142 492/143/143 1171/144/144
f 455/145/145 1659/146/146 1202/147/147
f 552/148/148 739/149/149 1620/150/150
f 1473/151/151 1309/152/152 1506/153/153
f 1352/154/154 1278/155/155 480/156/156
f 304/128/128 735/157/157 612/158/158
f 794/159/159 1074/160/160 1417/161/161
f 207/135/135 885/162/162 201/136/136
f 27/163/163 1634/119/119 162/120/120
f 1056/164/164 1626/165/165 1037/166/166
f 733/167/167 735/157/157 485/168/168
f 587/169/169 889/170/170 1256/171/171
f 579/172/172 1074/160/160 585/173/173
f 378/174/174 213/175/175 599/176/176
f 887/177/177 272/178/178 545/179/179
f 29/180/180 408/181/181 36/182/182
f 828/183/183 756/184/184 755/185/185
f 255/186/186 125/187/187 788/188/188
f 586/189/189 1336/190/190 573/191/191
f 780/192/192 36/182/182 1140/193/193
f 140/194/194 932/195/195 1543/196/196
f 1650/197/197 1651/198/198 1144/199/199
f 783/200/200 1350/201/201 131/202/202
f 40/203/203 1236/204/204 629/205/205
f 1246/206/206 780/192/192 1036/207/207
f 1164/208/208 578/209/209 168/210/210
f 171/211/211 442/212/212 158/213/213
f 38/214/214 176/215/215 1001/216/216
f 1632/217/217 1173/218/218 1425/219/219
f 878/220/220 1500/221/221 39/222/222
f 1039/223/223 1493/224/224 106/225/225
f 120/226/226 1416/227/227 1292/228/228
f 266/229/229 486/230/230 1235/231/231
f 317/232/232 1312/233/233 761/234/234
f 1097/235/235 814/236/236 1679/237/237
f 592/238/238 119/239/239 1491/240/240
f 1590/241/241 375/242/242 369/243/243
f 1562/244/244 627/245/245 696/246/246
f 690/247/247 1677/248/248 774/249/249
f 346/250/250 399/251/251 187/252/252
f 1241/253/253 770/254/254 1244/255/255
f 233/256/256 953/257/257 815/258/258
f 1509/259/259 1357/260/260 155/261/261
f 559/262/262 43/263/263 1332/264/264
f 88/265/265 90/266/266 111/267/267
f 760/268/268 863/269/269 1399/270/270
f 47/271/271 652/272/272 1075/273/273
f 842/274/274 264/275/275 1656/276/276
f 88/265/265 1083/277/277 45/278/278
f 331/279/279 48/280/280 350/281/281
f 338/282/282 1219/283/283 295/284/284
f 164/285/285 896/286/286 182/287/287
f 104/288/288 1576/289/289 524/290/290
f 501/291/291 303/292/292 524/290/290
f 1320/293/293 1131/294/294 1472/295/295
f 290/296/296 1254/297/297 301/298/298
f 894/299/299 1521/300/300 427/301/301
f 1117/302/302 54/303/303 96/304/304
f 1522/305/305 1341/306/306 289/307/307
f 247/308/308 642/309/309 569/310/310
f 372/311/311 759/312/312 1492/313/313
f 425/314/314 1030/315/315 1252/316/316
f 1675/317/317 1206/318/318 59/319/319
f 566/320/320 748/321/321 58/322/322
f 1265/323/323 1387/324/324 660/325/325
f 927/326/326 758/327/327 1/328/328
f 1307/329/329 347/330/330 1630/331/331
f 82/332/332 113/333/333 1307/329/329
f 61/334/334 1631/335/335 62/336/336
f 860/337/337 1215/338/338 1265/323/323
f 843/339/339 437/340/340 429/341/341
f 60/342/342 142/343/343 515/344/344
f 1095/345/345 1351/346/346 775/347/347
f 238/348/348 64/349/349 1356/350/350
f 1561/351/351 63/352/352 237/353/353
f 843/339/339 1353/354/354 437/340/340
f 894/299/299 1000/355/355 460/356/356
f 66/357/357 302/358/358 1556/359/359
f 667/360/360 1023/361/361 1197/362/362
f 428/363/363 1294/364/364 374/365/365
f 594/366/366 802/367/367 67/368/368
f 620/369/369 1007/370/370 1349/371/371
f 1057/372/372 68/373/373 826/374/374
f 465/375/375 484/376/376 616/377/377
f 472/378/378 1010/379/379 231/380/380
f 1120/381/381 262/382/382 1013/383/383
f 1641/384/384 1559/385/385 989/386/386
f 80/387/387 1578/388/388 1463/389/389
f 108/390/390 1147/391/391 1553/392/392
f 1280/393/393 123/394/394 74/395/395
f 1174/396/396 1663/397/397 1366/398/398
f 108/390/390 225/399/399 1147/391/391
f 1059/27/27 682/400/400 644/401/401
f 1260/36/36 6/38/38 76/402/402
f 89/403/403 136/404/404 777/405/405
f 224/406/406 77/407/407 294/408/408
f 1670/409/409 1671/410/410 1374/411/411
f 1005/412/412 110/413/413 136/404/404
f 85/414/414 228/415/415 108/390/390
f 79/46/46 73/416/416 565/44/44
f 1260/36/36 76/402/402 89/403/403
f 1226/417/417 87/418/418 1414/419/419
f 1414/419/419 135/420/420 360/52/52
f 1310/421/421 87/418/418 1226/417/417
f 1463/389/389 184/422/422 1310/421/421
f 1544/423/423 62/336/336 101/424/424
f 617/425/425 1296/426/426 1339/427/427
f 136/404/404 1169/428/428 83/429/429
f 1310/421/421 184/422/422 87/418/418
f 84/430/430 888/431/431 90/266/266
f 84/430/430 171/211/211 286/432/432
f 110/413/413 1003/433/433 78/434/434
f 1570/435/435 294/408/408 76/402/402
f 1161/436/436 109/437/437 86/438/438
f 111/267/267 1008/439/439 1526/440/440
f 83/429/429 1169/428/428 413/441/441
f 1143/51/51 81/43/43 1064/42/42
f 180/442/442 111/267/267 1526/440/440
f 1254/297/297 1557/443/443 301/298/298
f 89/403/403 184/422/422 362/444/444
f 362/444/444 1260/36/36 89/403/403
f 281/445/445 90/266/266 88/265/265
f 39/222/222 1500/221/221 1002/446/446
f 1508/447/447 1503/126/126 919/448/448
f 1601/449/449 1138/450/450 1033/451/451
f 587/169/169 1256/171/171 278/452/452
f 914/453/453 220/60/60 1272/59/59
f 906/454/454 93/455/455 99/456/456
f 852/457/457 1359/458/458 570/459/459
f 717/460/460 53/461/461 275/462/462
f 93/455/455 915/463/463 99/456/456
f 95/464/464 402/465/465 405/466/466
f 190/467/467 347/330/330 1371/468/468
f 191/469/469 1307/329/329 113/333/333
f 189/470/470 343/471/471 57/472/472
f 1361/473/473 618/474/474 635/475/475
f 1650/197/197 1144/199/199 508/476/476
f 114/477/477 359/478/478 1483/479/479
f 114/477/477 1483/479/479 1255/480/480
f 915/463/463 94/481/481 99/456/456
f 98/482/482 698/483/483 1065/484/484
f 106/225/225 452/485/485 100/486/486
f 278/452/452 1256/171/171 91/487/487
f 192/488/488 95/464/464 405/466/466
f 192/488/488 405/466/466 62/336/336
f 1550/489/489 334/490/490 102/491/491
f 1138/450/450 334/490/490 919/448/448
f 186/492/492 103/493/493 185/494/494
f 990/495/495 98/482/482 1065/484/484
f 116/496/496 1065/484/484 185/494/494
f 94/481/481 518/497/497 275/462/462
f 990/495/495 808/498/498 98/482/482
f 914/453/453 1601/449/449 1033/451/451
f 186/492/492 292/499/499 103/493/493
f 100/486/486 1020/500/500 1330/501/501
f 107/502/502 1020/500/500 891/503/503
f 891/503/503 24/504/504 1664/505/505
f 78/434/434 108/390/390 1553/392/392
f 1003/433/433 108/390/390 78/434/434
f 86/438/438 109/437/437 133/506/506
f 169/507/507 96/304/304 113/333/333
f 1005/412/412 76/402/402 110/413/413
f 76/402/402 409/508/508 110/413/413
f 86/438/438 133/506/506 888/431/431
f 84/430/430 1502/509/509 888/431/431
f 112/106/106 1664/505/505 24/504/504
f 220/60/60 114/477/477 1255/480/480
f 115/510/510 82/332/332 61/334/334
f 111/267/267 133/506/506 1008/439/439
f 359/478/478 114/477/477 105/511/511
f 914/453/453 114/477/477 220/60/60
f 596/512/512 113/333/333 115/510/510
f 115/510/510 113/333/333 82/332/332
f 185/494/494 103/493/493 116/496/496
f 103/493/493 105/511/511 990/495/495
f 75/41/41 813/513/513 1167/514/514
f 225/399/399 624/515/515 1165/516/516
f 10/517/517 813/513/513 1505/518/518
f 10/517/517 1505/518/518 1426/519/519
f 336/520/520 1398/521/521 218/522/522
f 828/183/183 1262/523/523 756/184/184
f 1089/524/524 554/525/525 763/526/526
f 1546/527/527 51/528/528 283/529/529
f 1616/530/530 46/531/531 121/532/532
f 751/533/533 1089/524/524 966/534/534
f 1276/535/535 1280/393/393 967/536/536
f 1614/537/537 1112/129/129 581/115/115
f 1276/535/535 967/536/536 13/538/538
f 583/96/96 1174/396/396 1266/97/97
f 51/528/528 101/424/424 385/539/539
f 51/528/528 385/539/539 1413/540/540
f 337/541/541 1137/542/542 1135/543/543
f 127/544/544 307/545/545 129/546/546
f 46/531/531 1616/530/530 45/278/278
f 141/547/547 321/548/548 595/549/549
f 456/550/550 37/551/551 311/552/552
f 1081/553/553 446/554/554 1082/555/555
f 130/556/556 1083/277/277 1557/443/443
f 336/520/520 1513/557/557 1511/558/558
f 24/504/504 891/503/503 132/559/559
f 24/504/504 1136/107/107 112/106/106
f 1254/297/297 130/556/556 1557/443/443
f 706/560/560 1545/561/561 128/562/562
f 37/551/551 456/550/550 1081/553/553
f 456/550/550 783/200/200 1081/553/553
f 92/563/563 889/170/170 132/559/559
f 870/564/564 1170/565/565 1135/543/543
f 133/506/506 115/566/510 1008/439/439
f 109/437/437 115/566/510 133/506/506
f 61/334/334 62/336/336 134/567/566
f 1544/423/423 301/568/298 62/336/336
f 87/418/418 135/420/420 1414/419/419
f 184/422/422 135/420/420 87/418/418
f 136/404/404 78/434/434 1553/392/392
f 136/404/404 110/413/413 78/434/434
f 137/569/567 196/570/568 155/261/261
f 158/213/213 151/571/569 999/572/570
f 138/573/571 357/574/572 33/575/573
f 1399/270/270 338/282/282 295/284/284
f 139/576/574 1673/577/575 978/578/576
f 563/579/577 470/580/578 757/581/579
f 1395/582/580 33/575/573 517/583/581
f 138/573/571 33/575/573 683/584/582
f 39/222/222 1002/446/446 141/547/547
f 445/585/583 1333/586/584 794/159/159
f 977/587/585 70/588/586 1208/589/587
f 1481/590/588 859/591/589 1060/592/590
f 461/593/591 1219/283/283 459/594/592
f 1501/595/593 1657/596/594 377/597/595
f 179/598/596 1123/599/597 567/600/598
f 1660/601/599 1486/45/45 565/44/44
f 145/602/600 242/603/601 170/604/602
f 152/114/114 1629/605/603 1394/606/604
f 170/604/602 1437/607/605 937/608/606
f 1506/153/153 1309/152/152 1389/609/607
f 147/610/608 937/608/606 284/611/609
f 1123/599/597 179/598/596 1663/397/397
f 412/612/610 1012/613/611 778/614/612
f 163/615/613 869/616/614 1422/617/615
f 149/618/616 97/619/617 1673/577/575
f 97/619/617 149/618/616 508/476/476
f 150/620/618 1155/621/619 1035/622/620
f 433/623/621 1279/624/622 1162/625/623
f 550/626/624 160/627/625 300/628/626
f 1512/629/627 550/626/624 1239/630/628
f 1393/631/629 893/632/630 145/602/600
f 147/610/608 600/633/631 937/608/606
f 407/634/632 164/285/285 182/287/287
f 161/635/633 299/636/634 168/210/210
f 566/320/320 58/322/322 154/637/635
f 182/287/287 896/286/286 1097/235/235
f 137/638/567 155/639/261 160/627/625
f 166/640/636 288/641/637 50/642/638
f 1021/643/639 420/644/640 156/645/641
f 547/646/642 151/571/569 1626/165/165
f 1151/647/643 1250/648/644 157/649/645
f 1056/164/164 547/646/642 1626/165/165
f 454/650/646 158/213/213 878/220/220
f 1575/651/647 773/652/648 443/653/649
f 1456/654/650 159/655/651 352/656/652
f 1437/607/605 284/611/609 937/608/606
f 1520/657/653 166/640/636 50/642/638
f 300/628/626 1520/657/653 167/658/654
f 161/635/633 785/659/655 591/660/656
f 357/574/572 138/573/571 461/593/591
f 41/661/657 163/615/613 162/120/120
f 282/662/658 162/120/120 183/87/87
f 1638/663/659 770/254/254 41/661/657
f 770/254/254 1638/663/659 1246/206/206
f 164/285/285 1207/664/660 60/342/342
f 459/594/592 143/665/661 1207/664/660
f 166/666/636 165/667/662 169/507/507
f 1117/302/302 96/304/304 169/507/507
f 160/627/625 155/639/261 166/640/636
f 166/666/636 155/261/261 165/667/662
f 167/658/654 1520/657/653 50/642/638
f 999/572/570 171/211/211 158/213/213
f 161/635/633 297/668/663 355/669/664
f 355/669/664 297/668/663 1267/670/665
f 596/512/512 169/507/507 113/333/333
f 166/666/636 169/507/507 596/512/512
f 778/614/612 170/604/602 29/180/180
f 1012/613/611 172/671/666 778/614/612
f 167/658/654 50/642/638 171/211/211
f 171/211/211 1161/436/436 286/432/432
f 172/671/666 170/604/602 778/614/612
f 172/671/666 146/672/667 170/604/602
f 819/86/86 12/88/88 181/673/668
f 1011/674/669 987/675/670 174/676/671
f 226/677/672 1053/678/673 910/679/674
f 181/673/668 12/88/88 865/680/675
f 1285/681/676 604/682/677 1/328/328
f 654/683/678 1465/684/679 604/682/677
f 176/215/215 141/547/547 1001/216/216
f 432/685/680 141/547/547 176/215/215
f 141/547/547 595/549/549 1001/216/216
f 358/686/681 126/687/682 121/532/532
f 178/688/683 126/687/682 358/686/681
f 178/688/683 45/278/278 1616/530/530
f 1578/388/388 80/387/387 74/395/395
f 1578/388/388 74/395/395 123/394/394
f 88/265/265 111/267/267 180/442/442
f 88/265/265 180/442/442 1083/277/277
f 144/689/684 1606/690/685 173/37/37
f 173/37/37 1606/690/685 6/38/38
f 814/236/236 153/691/686 1679/237/237
f 299/636/634 1164/208/208 168/210/210
f 183/87/87 819/86/86 1455/104/104
f 1473/151/151 282/662/658 183/87/87
f 184/422/422 83/429/429 135/420/420
f 777/405/405 136/404/404 83/429/429
f 273/692/687 186/492/492 1574/693/688
f 275/462/462 53/461/461 104/288/288
f 106/225/225 100/486/486 1330/501/501
f 1330/501/501 273/692/687 106/225/225
f 339/694/689 418/695/690 621/696/691
f 622/697/692 521/698/693 1384/699/694
f 208/700/695 673/701/696 622/697/692
f 1507/702/697 1354/703/698 986/704/699
f 191/469/469 189/470/470 1307/329/329
f 54/303/303 345/705/700 1452/706/701
f 82/332/332 1631/335/335 61/334/334
f 1307/329/329 1631/335/335 82/332/332
f 113/333/333 96/304/304 191/469/469
f 1452/706/701 189/470/470 191/469/469
f 1631/335/335 95/464/464 192/488/488
f 1631/335/335 192/488/488 62/336/336
f 287/707/702 248/708/703 1234/709/704
f 636/710/705 194/33/33 1275/711/706
f 248/708/703 844/712/707 1234/709/704
f 535/713/708 533/714/709 483/715/710
f 653/716/711 207/135/135 204/134/134
f 961/717/712 1088/718/713 1568/719/714
f 196/570/568 1509/259/259 155/261/261
f 1019/720/715 399/251/251 375/242/242
f 984/721/716 387/124/124 21/112/112
f 389/722/717 44/723/718 528/724/719
f 389/722/717 209/725/720 44/723/718
f 410/726/721 253/727/722 1424/728/723
f 1624/729/724 361/730/725 936/731/726
f 361/730/725 708/732/727 936/731/726
f 1190/733/728 768/734/729 393/735/730
f 1263/736/731 361/737/725 206/738/732
f 1107/739/733 1021/643/639 156/645/641
f 1107/739/733 697/740/734 254/102/102
f 202/741/735 400/742/736 35/743/737
f 397/744/738 381/745/739 401/746/740
f 419/747/741 203/748/742 346/250/250
f 205/749/743 779/750/744 419/747/741
f 291/751/745 18/752/746 801/753/747
f 363/754/748 415/755/749 1498/756/750
f 272/178/178 35/743/737 205/749/743
f 276/757/751 205/749/743 417/758/752
f 214/55/55 636/759/705 8/53/53
f 940/760/753 14/761/754 1054/762/755
f 207/135/135 216/763/756 885/162/162
f 1190/733/728 393/735/730 876/764/757
f 1015/765/758 1669/766/759 487/767/760
f 1590/241/241 1019/720/715 375/242/242
f 198/768/761 997/769/762 597/770/763
f 1343/771/764 867/772/765 1342/118/118
f 1071/773/766 1380/34/34 194/33/33
f 1025/774/767 685/775/768 920/56/56
f 211/776/769 1538/777/54 8/778/53
f 248/708/703 1275/711/706 194/33/33
f 984/721/716 21/112/112 212/779/770
f 1055/111/111 212/779/770 21/112/112
f 393/735/730 398/780/771 216/763/756
f 393/735/730 216/763/756 876/764/757
f 1186/781/772 636/759/705 214/55/55
f 1179/82/82 1212/81/81 1531/782/773
f 204/134/134 215/783/774 653/716/711
f 801/753/747 204/784/134 291/751/745
f 887/177/177 885/162/162 216/763/756
f 887/177/177 216/763/756 202/741/735
f 217/785/775 657/786/776 1373/787/777
f 727/788/778 1263/736/731 206/738/732
f 177/789/779 178/688/683 219/790/780
f 315/791/781 177/789/779 219/790/780
f 219/790/780 218/522/522 1048/792/782
f 219/790/780 178/688/683 358/686/681
f 220/60/60 1255/480/480 1584/793/783
f 122/61/61 220/60/60 1584/793/783
f 183/87/87 221/794/784 1473/151/151
f 1456/654/650 1309/152/152 25/795/785
f 968/796/786 949/797/787 1125/798/788
f 968/796/786 1125/798/788 1374/411/411
f 625/799/789 1238/800/790 980/801/791
f 259/802/792 505/803/793 981/804/794
f 1053/678/673 1569/805/795 6/38/38
f 76/402/402 6/38/38 1570/435/435
f 108/390/390 228/415/415 227/806/796
f 1374/411/411 1125/798/788 77/407/407
f 226/677/672 77/407/407 1569/805/795
f 1053/678/673 226/677/672 1569/805/795
f 225/399/399 227/806/796 624/515/515
f 227/806/796 225/399/399 108/390/390
f 77/407/407 1163/807/797 294/408/408
f 77/407/407 1125/798/788 1163/807/797
f 229/83/83 241/85/85 1231/808/798
f 931/809/799 229/83/83 1231/808/798
f 484/376/376 925/810/800 616/377/377
f 672/811/801 632/812/802 249/813/803
f 231/380/380 1010/379/379 280/814/804
f 1556/359/359 1555/815/805 66/357/357
f 913/816/806 1524/817/807 1341/306/306
f 672/811/801 582/818/808 632/812/802
f 250/819/809 233/256/256 815/258/258
f 1515/820/810 802/367/367 279/821/811
f 1580/822/812 947/823/813 1458/824/814
f 1236/204/204 40/203/203 1457/825/815
f 1090/826/816 672/811/801 641/827/817
f 64/349/349 238/348/348 1090/826/816
f 1124/828/818 989/386/386 72/829/819
f 710/830/820 251/831/821 1496/832/822
f 1341/306/306 1340/833/823 289/307/307
f 232/834/824 1386/835/825 1340/833/823
f 238/348/348 247/308/308 69/836/826
f 69/836/826 235/837/827 899/838/828
f 239/839/829 1323/840/830 931/809/799
f 1247/10/10 849/841/831 1229/11/11
f 644/401/401 1073/842/832 1078/843/833
f 1322/844/834 1323/840/830 239/839/829
f 26/108/108 1133/845/835 928/846/836
f 1133/845/835 26/108/108 20/847/837
f 1571/848/838 170/604/602 242/603/601
f 1571/848/838 1363/849/839 1608/850/840
f 1571/848/838 1680/851/841 1363/849/839
f 1629/605/603 485/168/168 260/852/842
f 267/853/843 252/854/844 244/855/845
f 1096/856/846 526/857/847 593/858/848
f 807/859/849 245/860/850 1069/861/851
f 253/727/722 410/726/721 1344/862/852
f 980/801/791 1129/863/853 625/799/789
f 833/864/854 1273/865/855 263/866/856
f 1034/867/857 642/309/309 247/308/308
f 1104/868/858 256/869/859 1639/870/860
f 795/871/861 248/708/703 287/707/702
f 248/708/703 795/871/861 944/872/862
f 1481/590/588 601/873/863 859/591/589
f 613/874/864 1284/875/865 834/876/866
f 67/368/368 851/877/867 250/878/809
f 894/299/299 460/356/356 1521/300/300
f 1124/828/818 72/829/819 251/831/821
f 1409/879/868 634/880/869 1216/881/870
f 267/853/843 458/882/871 252/854/844
f 252/854/844 270/883/872 277/884/873
f 1069/861/851 1118/885/874 1306/886/875
f 1152/887/876 245/860/850 1341/306/306
f 1178/888/877 1194/889/878 285/890/879
f 204/784/134 271/891/880 291/751/745
f 629/205/205 605/892/881 40/203/203
f 605/892/881 1425/219/219 1369/893/882
f 974/894/883 256/869/859 56/895/884
f 64/349/349 832/896/885 1356/350/350
f 1559/385/385 1120/381/381 989/386/386
f 235/837/827 1345/897/886 899/838/828
f 1644/898/887 982/899/888 258/900/889
f 1644/898/887 258/900/889 536/901/890
f 694/902/891 223/84/84 229/83/83
f 229/83/83 240/903/892 694/902/891
f 1363/849/839 1680/851/841 1283/904/893
f 145/602/600 893/632/630 242/603/601
f 830/905/894 1522/305/305 289/307/307
f 1023/361/361 379/906/895 466/907/896
f 235/837/827 69/836/826 965/908/897
f 802/367/367 1476/909/898 279/821/811
f 996/910/899 1274/911/900 1142/912/901
f 27/163/163 1422/617/615 869/616/614
f 264/275/275 842/274/274 1306/886/875
f 1118/885/874 1119/913/902 1306/886/875
f 280/814/804 72/829/819 265/914/903
f 1013/383/383 988/915/904 1120/381/381
f 43/263/263 408/181/181 1332/264/264
f 408/181/181 1140/193/193 36/182/182
f 526/857/847 776/916/905 593/858/848
f 776/916/905 231/380/380 1018/917/906
f 244/855/845 252/854/844 268/918/907
f 1558/919/908 1000/355/355 252/854/844
f 1555/815/805 269/920/909 66/357/357
f 1580/822/812 943/921/910 1232/922/911
f 594/366/366 277/884/873 270/883/872
f 1016/923/912 71/924/913 280/814/804
f 204/134/134 201/136/136 271/925/880
f 784/926/914 782/927/915 1512/629/627
f 274/928/916 1504/929/917 196/570/568
f 137/569/567 274/928/916 196/570/568
f 273/692/687 275/462/462 104/288/288
f 273/692/687 1039/223/223 106/225/225
f 272/178/178 205/749/743 276/757/751
f 272/178/178 276/757/751 1548/930/918
f 1574/693/688 275/462/462 273/692/687
f 94/481/481 275/462/462 1574/693/688
f 276/757/751 417/758/752 274/928/916
f 1548/930/918 276/757/751 274/928/916
f 945/931/919 277/884/873 67/368/368
f 594/366/366 67/368/368 277/884/873
f 456/550/550 278/452/452 783/200/200
f 91/487/487 100/486/486 278/452/452
f 769/932/920 1472/933/295 559/262/262
f 250/819/809 851/934/867 233/256/256
f 1018/917/906 231/380/380 280/814/804
f 280/814/804 71/924/913 458/882/871
f 88/265/265 45/278/278 281/445/445
f 178/688/683 281/445/445 45/278/278
f 162/120/120 1506/153/153 41/661/657
f 1389/609/607 1012/613/611 1506/153/153
f 706/560/560 128/562/562 283/529/529
f 1413/540/540 366/935/921 706/560/560
f 159/655/651 284/611/609 352/656/652
f 819/86/86 809/936/922 1334/103/103
f 697/740/734 1107/739/733 1151/647/643
f 1107/739/733 1250/648/644 1151/647/643
f 1161/436/436 86/438/438 286/432/432
f 888/431/431 1502/509/509 86/438/438
f 849/841/831 287/707/702 1249/937/923
f 929/938/924 795/871/861 287/707/702
f 50/642/638 288/641/637 109/437/437
f 109/437/437 596/939/512 115/566/510
f 1154/940/925 237/353/353 63/352/352
f 466/907/896 687/941/926 1023/361/361
f 290/942/296 51/528/528 1546/527/527
f 1544/423/423 101/424/424 51/528/528
f 1635/943/927 1194/889/878 1178/888/877
f 1178/888/877 18/752/746 1635/943/927
f 91/487/487 891/503/503 1020/500/500
f 100/486/486 91/487/487 1020/500/500
f 241/85/85 1045/944/928 1231/808/798
f 241/85/85 1251/139/139 1661/945/929
f 294/408/408 228/415/415 85/414/414
f 409/508/508 1003/433/433 110/413/413
f 295/284/284 461/593/591 138/573/571
f 1219/283/283 461/593/591 295/284/284
f 41/661/657 296/946/930 1638/663/659
f 296/946/930 41/661/657 1506/153/153
f 161/635/633 168/210/210 297/668/663
f 297/668/663 168/210/210 149/618/616
f 929/938/924 298/947/931 795/871/861
f 1453/948/932 211/776/769 298/947/931
f 591/660/656 1679/237/237 153/691/686
f 591/660/656 407/634/632 1679/237/237
f 547/646/642 300/628/626 151/571/569
f 151/571/569 300/628/626 167/658/654
f 301/298/298 872/949/933 134/950/566
f 62/336/336 301/568/298 134/567/566
f 1082/555/555 446/554/554 1436/951/934
f 448/952/935 441/953/936 1146/954/937
f 1116/955/938 302/358/358 66/357/357
f 1116/955/938 1148/956/939 302/358/358
f 307/545/545 127/544/544 1014/957/940
f 356/958/941 734/959/942 994/960/943
f 1674/961/944 1632/962/217 1077/963/945
f 309/964/946 311/552/552 37/551/551
f 1516/965/947 993/966/948 337/541/541
f 304/128/128 994/960/943 734/959/942
f 306/967/949 129/546/546 954/968/950
f 954/968/950 993/966/948 1516/965/947
f 310/969/951 1082/555/555 1436/951/934
f 37/551/551 1160/970/952 309/964/946
f 1549/971/953 309/964/946 788/188/188
f 1077/963/945 309/964/946 310/969/951
f 1474/972/954 310/969/951 1678/973/955
f 1077/963/945 310/969/951 1474/972/954
f 311/552/552 1549/971/953 127/544/544
f 1549/971/953 311/552/552 309/964/946
f 512/974/956 744/975/957 312/976/958
f 664/977/959 805/978/960 1031/979/961
f 38/214/214 177/789/779 315/791/781
f 30/980/962 495/981/963 1305/982/964
f 1209/983/965 1099/984/966 575/985/967
f 590/986/968 313/987/969 318/988/970
f 318/988/970 313/987/969 1111/989/971
f 902/990/972 824/991/973 903/992/974
f 1412/993/975 793/994/976 318/988/970
f 1111/989/971 1412/993/975 318/988/970
f 119/995/239 317/232/232 761/234/234
f 1031/979/961 805/978/960 1398/996/521
f 315/791/781 318/988/970 793/994/976
f 315/791/781 590/986/968 318/988/970
f 1537/997/977 754/998/978 1287/999/979
f 372/311/311 404/1000/980 373/1001/981
f 764/1002/982 864/1003/983 395/1004/984
f 911/1005/985 1627/1006/986 1301/1007/987
f 321/548/548 281/445/445 178/688/683
f 527/1008/988 281/445/445 1002/446/446
f 370/1009/989 320/1010/990 322/1011/991
f 787/1012/992 1130/1013/993 430/1014/994
f 323/1015/995 697/740/734 1126/1016/996
f 560/1017/997 912/93/93 15/95/95
f 1223/1018/998 1339/427/427 324/1019/999
f 932/195/195 140/194/194 709/1020/1000
f 5/1021/1001 1067/1022/1002 1313/1023/1003
f 623/1024/1004 680/40/40 474/39/39
f 1379/1025/1005 850/1026/1006 1450/1027/1007
f 1105/1028/1008 517/583/581 491/1029/1009
f 1101/1030/1010 327/1031/1011 664/977/959
f 751/533/533 966/534/534 740/1032/1012
f 372/311/311 319/1033/1013 1277/1034/1014
f 1468/1035/1015 319/1033/1013 52/1036/1016
f 293/1037/141 246/1038/140 928/846/836
f 980/1039/791 1142/912/901 1129/1040/853
f 796/1041/1017 329/137/137 330/1042/1018
f 647/1043/1019 928/846/836 246/1038/140
f 332/1044/1020 331/279/279 790/1045/1021
f 342/1046/1022 348/1047/1023 331/279/279
f 54/303/303 332/1044/1020 345/705/700
f 1504/929/917 274/928/916 417/758/752
f 333/1048/1024 1343/771/764 31/1049/1025
f 333/1048/1024 31/1049/1025 329/137/137
f 334/490/490 1550/489/489 1427/1050/1026
f 1427/1050/1026 22/1051/1027 1508/447/447
f 864/1003/983 341/1052/1028 946/1053/1029
f 946/1053/1029 457/1054/1030 864/1003/983
f 46/531/531 336/520/520 121/532/532
f 121/532/532 336/520/520 218/522/522
f 122/61/61 1584/793/783 1264/1055/1031
f 908/1056/1032 13/538/538 967/536/536
f 836/1057/1033 758/327/327 927/326/326
f 1582/1058/1034 1399/270/270 863/269/269
f 339/694/689 48/280/280 1159/1059/1035
f 332/1044/1020 346/250/250 331/279/279
f 340/1060/1036 332/1044/1020 54/303/303
f 419/747/741 346/250/250 332/1044/1020
f 342/1046/1022 343/471/471 348/1047/1023
f 320/1010/990 344/1061/1037 322/1011/991
f 350/281/281 1130/1013/993 787/1012/992
f 864/1003/983 344/1061/1037 341/1052/1028
f 320/1010/990 411/1062/1038 344/1061/1037
f 347/330/330 320/1010/990 1371/468/468
f 342/1046/1022 344/1061/1037 411/1062/1038
f 342/1046/1022 349/1063/1039 344/1061/1037
f 345/705/700 189/470/470 1452/706/701
f 189/470/470 348/1047/1023 343/471/471
f 346/250/250 339/694/689 1159/1059/1035
f 346/250/250 187/252/252 339/694/689
f 347/330/330 411/1062/1038 320/1010/990
f 343/471/471 347/330/330 57/472/472
f 345/705/700 348/1047/1023 189/470/470
f 345/705/700 332/1044/1020 790/1045/1021
f 344/1061/1037 349/1063/1039 341/1052/1028
f 341/1052/1028 349/1063/1039 335/1064/1040
f 350/281/281 787/1012/992 342/1046/1022
f 331/279/279 350/281/281 342/1046/1022
f 1348/1065/1041 813/513/513 351/1066/1042
f 1139/1067/1043 117/1068/1044 1165/516/516
f 529/1069/1045 352/656/652 146/672/667
f 352/656/652 284/611/609 1437/607/605
f 641/827/817 353/1070/1046 1215/338/338
f 812/1071/1047 641/827/817 1385/1072/1048
f 354/80/80 588/110/110 1212/81/81
f 211/776/769 1453/948/932 1538/777/54
f 33/575/573 161/635/633 355/669/664
f 33/575/573 355/669/664 517/583/581
f 356/958/941 1510/1073/1049 255/186/186
f 1549/971/953 1014/957/940 127/544/544
f 357/574/572 785/659/655 161/635/633
f 357/574/572 161/635/633 33/575/573
f 358/686/681 218/522/522 219/790/780
f 218/522/522 358/686/681 121/532/532
f 1483/479/479 359/478/478 103/493/493
f 105/511/511 103/493/493 359/478/478
f 360/52/52 1064/42/42 102/491/491
f 7/1074/1050 360/52/52 1138/450/450
f 674/1075/1051 917/1076/1052 1046/1077/1053
f 768/734/729 1573/1078/1054 1038/1079/1055
f 79/46/46 362/444/444 73/416/416
f 1463/389/389 362/444/444 184/422/422
f 1022/1080/1056 935/1081/1057 415/755/749
f 199/57/57 1067/1022/1002 5/1021/1001
f 507/1082/1058 466/907/896 1024/1083/1059
f 1252/316/316 1030/315/315 603/1084/1060
f 639/1085/1061 1223/1018/998 324/1019/999
f 877/1086/1062 1682/1087/1063 884/1088/1064
f 385/539/539 1478/1089/1065 1413/540/540
f 371/1090/1066 1287/999/979 1201/1091/1067
f 1206/318/318 1/328/328 758/327/327
f 1/328/328 1621/1092/1068 1285/681/676
f 394/1093/1069 368/1094/1070 1300/1095/1071
f 120/226/226 1300/1095/1071 868/1096/1072
f 1365/1097/1073 369/243/243 791/1098/1074
f 597/770/763 598/1099/1075 1382/1100/1076
f 1243/1101/1077 320/1010/990 370/1009/989
f 396/1102/1078 386/1103/1079 402/465/465
f 396/1102/1078 741/1104/1080 386/1103/1079
f 386/1103/1079 373/1001/981 328/1105/1081
f 65/1106/1082 372/311/311 1636/1107/1083
f 372/311/311 1040/1108/1084 759/312/312
f 741/1104/1080 373/1001/981 386/1103/1079
f 1665/1109/1085 65/1106/1082 1636/1107/1083
f 820/1110/1086 1023/361/361 667/360/360
f 1465/684/679 654/683/678 175/1111/1087
f 388/1112/1088 403/1113/1089 1658/1114/1090
f 213/175/175 378/174/174 1203/1115/1091
f 365/1116/1092 1593/1117/1093 376/1118/1094
f 817/1119/1095 1442/1120/1096 877/1086/1062
f 803/1121/1097 1207/664/660 143/665/661
f 803/1121/1097 901/1122/1098 142/343/343
f 1203/1115/1091 378/174/174 391/1123/1099
f 599/176/176 1373/787/777 378/174/174
f 374/365/365 1294/364/364 1024/1083/1059
f 1285/681/676 1325/1124/1100 604/682/677
f 380/1125/1101 382/1126/1102 373/1001/981
f 370/1009/989 1181/1127/1103 396/1102/1078
f 202/741/735 544/1128/1104 400/742/736
f 398/780/771 213/175/175 1203/1115/1091
f 380/1125/1101 1338/1129/1105 764/1002/982
f 1338/1129/1105 864/1003/983 764/1002/982
f 985/1130/1106 44/723/718 383/1131/1107
f 842/274/274 804/1132/1108 1306/886/875
f 375/242/242 1658/1114/1090 369/243/243
f 388/1112/1088 1658/1114/1090 1419/1133/1109
f 101/424/424 124/1134/1110 385/539/539
f 1201/1091/1067 1466/1135/1111 371/1090/1066
f 754/998/978 1537/997/977 1302/1136/1112
f 1302/1136/1112 371/1090/1066 1466/1135/1111
f 195/113/113 387/124/124 392/1137/1113
f 597/770/763 1382/1100/1076 197/1138/1114
f 203/748/742 388/1112/1088 346/250/250
f 781/1139/1115 401/746/740 779/750/744
f 389/722/717 1590/241/241 369/243/243
f 598/1099/1075 389/722/717 1382/1100/1076
f 1094/132/132 1429/1140/1116 390/133/133
f 403/1113/1089 391/1123/1099 384/1141/1117
f 378/174/174 1373/787/777 391/1123/1099
f 384/1141/1117 391/1123/1099 1373/787/777
f 197/1138/1114 392/1137/1113 387/124/124
f 1094/132/132 1365/1097/1073 1429/1140/1116
f 213/175/175 398/780/771 393/735/730
f 599/176/176 213/175/175 393/735/730
f 394/1093/1069 385/539/539 124/1134/1110
f 385/539/539 394/1093/1069 1478/1089/1065
f 1665/1109/1085 395/1004/984 65/1106/1082
f 862/1142/1118 1301/1007/987 449/1143/1119
f 95/464/464 1243/1101/1077 402/465/465
f 1371/468/468 320/1010/990 1243/1101/1077
f 781/1139/1115 397/744/738 401/746/740
f 35/743/737 400/742/736 781/1139/1115
f 398/780/771 544/1128/1104 202/741/735
f 202/741/735 216/763/756 398/780/771
f 388/1112/1088 1419/1133/1109 399/251/251
f 399/251/251 346/250/250 388/1112/1088
f 1552/1144/1120 397/744/738 781/1139/1115
f 1552/1144/1120 544/1128/1104 397/744/738
f 401/746/740 388/1112/1088 203/748/742
f 381/745/739 388/1112/1088 401/746/740
f 124/1134/1110 402/465/465 386/1103/1079
f 402/465/465 124/1134/1110 101/424/424
f 1518/1145/1121 403/1113/1089 388/1112/1088
f 398/780/771 1203/1115/1091 544/1128/1104
f 373/1001/981 404/1000/980 328/1105/1081
f 1296/426/426 1469/1146/1122 676/1147/1123
f 405/466/466 402/465/465 101/424/424
f 62/336/336 405/466/466 101/424/424
f 931/809/799 1231/808/798 406/1148/1124
f 588/110/110 20/847/837 26/108/108
f 591/660/656 55/1149/1125 407/634/632
f 55/1149/1125 459/594/592 407/634/632
f 408/181/181 1571/848/838 1608/850/840
f 1608/850/840 1607/1150/1126 408/181/181
f 409/508/508 294/408/408 85/414/414
f 76/402/402 294/408/408 409/508/508
f 209/725/720 1343/771/764 983/1151/1127
f 198/768/761 1343/771/764 997/769/762
f 343/471/471 411/1062/1038 347/330/330
f 342/1046/1022 411/1062/1038 343/471/471
f 1012/613/611 412/612/610 148/1152/1128
f 780/192/192 1246/206/206 148/1152/1128
f 413/441/441 135/420/420 83/429/429
f 135/420/420 1143/51/51 360/52/52
f 414/1153/1129 611/1154/1130 325/1155/1131
f 1586/1156/1132 1596/1157/1133 1397/1158/1134
f 1498/756/750 1360/1159/1135 801/753/747
f 917/1076/1052 215/1160/774 1046/1077/1053
f 1117/302/302 416/1161/1136 54/303/303
f 340/1060/1036 54/303/303 416/1161/1136
f 417/758/752 205/749/743 419/747/741
f 416/1161/1136 417/758/752 340/1060/1036
f 187/252/252 418/695/690 339/694/689
f 187/252/252 399/251/251 1019/720/715
f 419/747/741 332/1044/1020 340/1060/1036
f 340/1060/1036 417/758/752 419/747/741
f 420/644/640 550/626/624 300/628/626
f 420/644/640 300/628/626 789/1162/1137
f 421/1163/1138 504/1164/1139 19/1165/1140
f 1594/1166/1141 1289/67/67 838/1167/1142
f 1540/1168/1143 150/620/618 1035/622/620
f 28/1169/1144 443/653/649 440/1170/1145
f 1443/1171/1146 1134/1172/1147 861/1173/1148
f 1586/1156/1132 1397/1158/1134 626/1174/1149
f 424/1175/1150 1044/1176/1151 1087/1177/1152
f 439/1178/1153 438/1179/1154 921/1180/1155
f 188/1181/1156 1030/315/315 425/314/314
f 521/698/693 939/1182/1157 1027/1183/1158
f 426/1184/1159 453/1185/1160 450/1186/1161
f 426/1184/1159 450/1186/1161 585/173/173
f 894/299/299 1237/1187/1162 752/1188/1163
f 434/1189/1164 845/1190/1165 619/1191/1166
f 444/1192/1167 1/328/328 1471/1193/1168
f 1301/1007/987 1627/1006/986 449/1143/1119
f 911/1005/985 1301/1007/987 797/1194/1169
f 349/1063/1039 430/1014/994 335/1064/1040
f 1482/1195/1170 447/1196/1171 429/341/341
f 1228/1197/1172 1482/1195/1170 429/341/341
f 438/1179/1154 799/1198/1173 921/1180/1155
f 1462/1199/1174 799/1198/1173 423/66/66
f 454/650/646 141/547/547 432/685/680
f 440/1170/1145 443/653/649 432/685/680
f 433/623/621 150/620/618 1540/1168/1143
f 922/1200/1175 1321/1201/1176 1611/1202/1177
f 1237/1203/1162 434/1189/1164 234/1204/1178
f 815/258/258 953/257/257 904/1205/1179
f 922/1200/1175 433/623/621 1321/1201/1176
f 479/1206/1180 1134/1172/1147 922/1200/1175
f 451/1207/1181 1130/1013/993 950/1208/1182
f 1623/1209/1183 447/1196/1171 1482/1195/1170
f 1407/1210/1184 959/1211/1185 1193/1212/1186
f 1/328/328 1646/1213/1187 1621/1092/1068
f 424/1175/1150 1643/1214/1188 1044/1176/1151
f 794/159/159 1202/147/147 445/585/583
f 431/1215/1189 1541/1216/1190 439/1178/1153
f 439/1178/1153 455/145/145 1202/147/147
f 422/1217/1191 1035/622/620 440/1170/1145
f 439/1178/1153 1541/1216/1190 1113/1218/1192
f 66/357/357 441/953/936 448/952/935
f 1076/1219/1193 66/357/357 943/921/910
f 171/211/211 84/430/430 442/212/212
f 442/212/212 84/430/430 1500/221/221
f 454/650/646 39/222/222 141/547/547
f 454/650/646 878/220/220 39/222/222
f 911/1005/985 1407/1210/1184 1627/1006/986
f 1621/1092/1068 1646/1213/1187 1407/1210/1184
f 445/585/583 453/1185/1160 1333/586/584
f 1114/1220/1194 453/1185/1160 1659/146/146
f 49/1221/1195 303/292/292 446/554/554
f 106/225/225 1493/224/224 452/485/485
f 1200/1222/1196 843/339/339 429/341/341
f 1317/1223/1197 188/1181/1156 425/314/314
f 501/291/291 1678/973/955 303/292/292
f 1678/973/955 310/969/951 1436/951/934
f 1471/1193/1168 1/328/328 367/1224/1198
f 1675/317/317 1471/1193/1168 367/1224/1198
f 450/1186/1161 176/215/215 38/214/214
f 1528/1225/1199 176/215/215 450/1186/1161
f 430/1014/994 1130/1013/993 451/1207/1181
f 1581/1226/1200 430/1014/994 451/1207/1181
f 1350/201/201 1683/1227/1201 446/554/554
f 1350/201/201 446/554/554 131/202/202
f 1114/1220/1194 432/685/680 453/1185/1160
f 432/685/680 176/215/215 1528/1225/1199
f 443/653/649 158/213/213 454/650/646
f 443/653/649 454/650/646 432/685/680
f 422/1217/1191 440/1170/1145 1114/1220/1194
f 440/1170/1145 432/685/680 1114/1220/1194
f 311/552/552 127/544/544 456/550/550
f 587/169/169 127/544/544 129/546/546
f 963/1228/1202 395/1004/984 457/1054/1030
f 864/1003/983 457/1054/1030 395/1004/984
f 458/882/871 270/883/872 252/854/844
f 71/924/913 270/883/872 458/882/871
f 459/594/592 1207/664/660 164/285/285
f 459/594/592 164/285/285 407/634/632
f 252/854/844 277/884/873 1558/919/908
f 277/884/873 945/931/919 1558/919/908
f 459/594/592 55/1149/1125 461/593/591
f 461/593/591 785/659/655 357/574/572
f 462/1229/1203 855/1230/1204 1282/1231/1205
f 1253/77/77 1103/1232/1206 811/78/78
f 1598/3/3 499/2/2 1597/1233/1207
f 2/5/5 539/1234/1208 502/6/6
f 1091/1235/1209 1467/1236/1210 497/1237/1211
f 916/1238/1212 607/1239/1213 973/14/14
f 465/375/375 616/377/377 608/1240/1214
f 691/1241/1215 516/1242/1216 747/1243/1217
f 261/1244/1218 1093/1245/1219 1149/1246/1220
f 1577/1247/1221 602/1248/1222 829/1249/1223
f 467/4/4 498/1/1 1598/3/3
f 534/1250/1224 1605/1251/1225 1642/1252/1226
f 749/1253/1227 468/1254/1228 1110/1255/1229
f 513/1256/1230 905/123/123 1314/1257/1231
f 1109/1258/1232 827/1259/1233 704/1260/1234
f 493/1261/1235 816/1262/1236 665/142/142
f 875/1263/1237 471/1264/1238 890/1265/1239
f 646/1266/1240 1495/1267/1241 873/1268/1242
f 471/1264/1238 881/1269/1243 1171/144/144
f 881/1269/1243 827/1259/1233 1109/1258/1232
f 718/1270/1244 520/1271/1245 1487/1272/1246
f 520/1271/1245 1464/1273/1247 525/1274/1248
f 575/985/967 473/1275/1249 955/1276/1250
f 1352/154/154 480/156/156 503/1277/1251
f 482/1278/1252 623/1024/1004 474/39/39
f 483/715/710 533/714/709 1290/7/7
f 586/189/189 573/191/191 572/1279/1253
f 737/1280/1254 1086/1281/1255 510/1282/1256
f 476/1283/1257 962/1284/1258 1652/1285/1259
f 1431/1286/1260 1210/1287/1261 574/1288/1262
f 1331/1289/1263 450/1186/1161 38/214/214
f 38/214/214 315/791/781 793/994/976
f 1085/1290/1264 822/1291/1265 745/1292/1266
f 1418/1293/1267 504/1164/1139 421/1163/1138
f 1189/1294/1268 435/73/73 1461/72/72
f 1460/1295/1269 1595/1296/1270 1182/1297/1271
f 737/1280/1254 675/1298/1272 1086/1281/1255
f 1441/75/75 1494/1299/1273 738/1300/1274
f 481/1301/1275 715/1302/1276 879/1303/1277
f 973/14/14 607/1239/1213 1401/1304/1278
f 844/712/707 1406/35/35 1303/1305/1279
f 844/712/707 1303/1305/1279 500/1306/1280
f 541/1307/1281 1290/7/7 1368/9/9
f 539/1234/1208 1367/1308/1282 1318/1309/1283
f 1648/1310/1284 713/1311/1285 688/1312/1286
f 825/1313/1287 70/588/586 1028/1314/1288
f 243/1315/1289 1283/904/893 1599/1316/1290
f 266/229/229 926/1317/1291 486/230/230
f 243/1315/1289 1600/1318/1292 1364/1319/1293
f 485/168/168 998/1320/1294 1029/1321/1295
f 339/694/689 1017/1322/1296 48/280/280
f 766/1323/1297 668/1324/1298 950/1208/1182
f 1115/1325/1299 879/1303/1277 1080/1326/1300
f 562/1327/1301 471/1264/1238 1171/144/144
f 489/1328/1302 1326/48/48 1047/47/47
f 556/1329/1303 624/515/515 227/806/796
f 490/1330/1304 1391/1331/1305 1121/1332/1306
f 489/1328/1302 564/1333/1307 490/1330/1304
f 853/1334/1308 1192/1335/1309 850/1026/1006
f 563/579/577 757/581/579 1298/1336/1310
f 665/142/142 666/1337/1311 492/143/143
f 1298/1336/1310 757/581/579 1191/1338/1312
f 630/1339/1313 883/1340/1314 702/1341/1315
f 488/1342/1316 693/1343/1317 701/1344/1318
f 1592/1345/1319 474/39/39 1444/1346/1320
f 474/39/39 743/19/19 1444/1346/1320
f 1211/1347/1321 1681/1348/1322 555/1349/1323
f 585/173/173 450/1186/1161 1331/1289/1263
f 1103/1232/1206 462/1229/1203 1282/1231/1205
f 1368/9/9 711/1350/1324 719/16/16
f 497/1237/1211 464/1351/1325 557/1352/1326
f 916/1238/1212 973/14/14 1485/13/13
f 1242/1353/1327 1245/1354/1328 1042/1355/1329
f 1242/1353/1327 1229/11/11 1245/1354/1328
f 499/2/2 535/713/708 532/1356/1330
f 1230/1357/1331 542/1358/1332 540/1359/1333
f 287/707/702 1234/709/704 1249/937/923
f 1230/1357/1331 1653/1360/1334 542/1358/1332
f 1096/856/846 1637/1361/1335 526/857/847
f 53/461/461 1195/1362/1336 104/288/288
f 502/6/6 539/1234/1208 1318/1309/1283
f 1316/1363/1337 1402/1364/1338 3/1365/1339
f 503/1277/1251 1609/1366/1340 1106/1367/1341
f 34/1368/1342 730/1369/1343 503/1277/1251
f 1085/1290/1264 1602/1370/1344 822/1291/1265
f 478/1371/1345 736/1372/1346 510/1282/1256
f 656/1373/1347 895/1374/1348 1006/1375/1349
f 895/1374/1348 821/1376/1350 1647/1377/1351
f 364/1378/1352 843/339/339 506/1379/1353
f 1375/1380/1354 1149/1246/1220 1093/1245/1219
f 959/1211/1185 1294/364/364 428/363/363
f 364/1378/1352 506/1379/1353 897/1381/1355
f 1286/1382/1356 97/619/617 508/476/476
f 1503/126/126 1061/1383/1357 1214/127/127
f 509/1384/1358 847/1385/1359 1390/1386/1360
f 509/1384/1358 1276/535/535 13/538/538
f 577/1387/1361 1218/1388/1362 1085/1290/1264
f 19/1165/1140 1218/1388/1362 1347/1389/1363
f 1347/1389/1363 511/1390/1364 1087/1177/1152
f 838/1167/1142 424/1175/1150 1087/1177/1152
f 512/974/956 1410/1391/1365 744/975/957
f 955/1276/1250 473/1275/1249 512/974/956
f 1187/1392/1366 750/1393/1367 32/1394/1368
f 1109/1258/1232 704/1260/1234 1187/1392/1366
f 514/1395/1369 513/1256/1230 704/1260/1234
f 1291/1396/1370 725/1397/1371 874/1398/1372
f 70/588/586 825/1313/1287 1208/589/587
f 1551/1399/1373 969/1400/1374 798/1401/1375
f 691/1241/1215 798/1401/1375 516/1242/1216
f 1464/1273/1247 472/378/378 525/1274/1248
f 355/669/664 1267/670/665 517/583/581
f 139/576/574 723/1402/1376 1281/1403/1377
f 570/459/459 649/1404/1378 915/463/463
f 1396/1405/1379 1484/1406/1380 519/1407/1381
f 915/463/463 649/1404/1378 519/1407/1381
f 518/497/497 717/460/460 275/462/462
f 1487/1272/1246 520/1271/1245 53/461/461
f 53/461/461 1591/1408/1382 1195/1362/1336
f 188/1181/1156 1317/1223/1197 1432/1409/1383
f 188/1181/1156 986/704/699 1354/703/698
f 1095/345/345 501/291/291 522/1410/1384
f 522/1410/1384 501/291/291 524/290/290
f 251/831/821 72/829/819 721/1411/1385
f 472/378/378 1497/1412/1386 1010/379/379
f 524/290/290 303/292/292 49/1221/1195
f 765/1413/1387 104/288/288 524/290/290
f 525/1274/1248 472/378/378 231/380/380
f 776/916/905 525/1274/1248 231/380/380
f 526/857/847 525/1274/1248 776/916/905
f 1637/1361/1335 525/1274/1248 526/857/847
f 90/266/266 281/445/445 527/1008/988
f 84/430/430 90/266/266 527/1008/988
f 528/724/719 44/723/718 985/1130/1106
f 1311/1414/1388 1019/720/715 1590/241/241
f 1012/613/611 529/1069/1045 172/671/666
f 146/672/667 172/671/666 529/1069/1045
f 183/87/87 742/1415/1389 12/88/88
f 1304/1416/1390 1676/1417/1391 1259/1418/1392
f 681/1419/1393 1240/1420/1394 1188/62/62
f 865/680/675 1304/1416/1390 1259/1418/1392
f 532/1356/1330 541/1307/1281 537/1421/1395
f 532/1356/1330 535/713/708 483/715/710
f 500/1306/1280 1303/1305/1279 1270/1422/1396
f 482/1278/1252 474/39/39 1592/1345/1319
f 534/1250/1224 193/1423/1397 1587/1424/1398
f 534/1250/1224 1587/1424/1398 1605/1251/1225
f 500/1306/1280 1270/1422/1396 543/1425/1399
f 1230/1357/1331 1234/709/704 1653/1360/1334
f 536/901/890 258/900/889 4/12/12
f 536/901/890 4/12/12 857/1426/1400
f 1367/1308/1282 532/1356/1330 537/1421/1395
f 1368/9/9 558/17/17 463/1427/1401
f 494/1428/1402 1444/1346/1320 615/8/8
f 1372/1429/1403 1444/1346/1320 494/1428/1402
f 539/1234/1208 532/1356/1330 1367/1308/1282
f 2/5/5 722/1430/1404 539/1234/1208
f 540/1359/1333 542/1358/1332 498/1/1
f 1587/1424/1398 1480/1431/1405 1605/1251/1225
f 541/1307/1281 483/715/710 1290/7/7
f 532/1356/1330 483/715/710 541/1307/1281
f 498/1/1 542/1358/1332 499/2/2
f 542/1358/1332 535/713/708 499/2/2
f 543/1425/1399 533/714/709 535/713/708
f 1653/1360/1334 535/713/708 542/1358/1332
f 544/1128/1104 381/745/739 397/744/738
f 544/1128/1104 403/1113/1089 1518/1145/1121
f 546/1432/1406 274/928/916 137/569/567
f 782/927/915 550/626/624 1512/629/627
f 545/179/179 272/178/178 548/1433/1407
f 784/1434/914 545/179/179 782/1435/915
f 1250/648/644 1628/1436/1408 157/649/645
f 789/1162/1137 300/628/626 1628/1436/1408
f 548/1433/1407 272/178/178 1548/930/918
f 549/1437/1409 546/1432/1406 137/569/567
f 1548/930/918 549/1437/1409 548/1433/1407
f 545/179/179 548/1433/1407 782/1435/915
f 550/626/624 137/638/567 160/627/625
f 549/1438/1409 137/638/567 550/626/624
f 551/1439/1410 1220/1440/1411 960/1441/1412
f 1153/1442/1413 1220/1440/1411 1383/1443/1414
f 552/148/148 1066/1444/1415 739/149/149
f 510/1282/1256 736/1372/1346 737/1280/1254
f 1657/596/594 1501/595/593 553/1445/1416
f 820/1110/1086 667/360/360 1319/1446/1417
f 1292/228/228 1416/227/227 365/1116/1092
f 1184/1447/1418 755/185/185 756/184/184
f 555/1349/1323 1681/1348/1322 495/981/963
f 962/1284/1258 476/1283/1257 1127/1448/1419
f 1205/1449/1420 489/1328/1302 866/1450/1421
f 1058/1451/1422 678/21/21 823/23/23
f 557/1352/1326 678/21/21 1408/1452/1423
f 1490/29/29 1091/1235/1209 1059/27/27
f 712/24/24 1337/1453/1424 1327/25/25
f 1168/1454/1425 886/1455/1426 488/1342/1316
f 559/262/262 772/1456/1427 1158/1457/1428
f 1244/255/255 770/254/254 1519/1458/1429
f 679/1459/1430 15/95/95 323/1015/995
f 679/1459/1430 1279/624/622 728/1460/1431
f 871/1461/1432 992/1462/1433 561/1463/1434
f 709/1020/1000 326/1464/1435 1378/1465/1436
f 873/1268/1242 720/1466/1437 646/1266/1240
f 712/24/24 1168/1454/1425 488/1342/1316
f 941/1467/1438 1267/670/665 846/1468/1439
f 491/1029/1009 941/1467/1438 942/1469/1440
f 564/1333/1307 1391/1331/1305 490/1330/1304
f 658/1470/1441 643/1471/1442 1026/31/31
f 567/600/598 571/1472/1443 1366/398/398
f 1366/398/398 571/1472/1443 918/1473/1444
f 1141/1474/1445 566/320/320 154/637/635
f 60/342/342 515/344/344 566/320/320
f 584/1475/1446 144/689/684 1486/45/45
f 819/86/86 584/1475/1446 809/936/922
f 568/1476/1447 257/1477/1448 1222/1478/1449
f 1345/897/886 235/837/827 257/1477/1448
f 247/308/308 569/310/310 69/836/826
f 1433/1479/1450 69/836/826 1476/909/898
f 570/459/459 915/463/463 93/455/455
f 856/1480/1451 153/691/686 814/236/236
f 571/1472/1443 1660/601/599 565/44/44
f 565/44/44 1463/389/389 589/1481/1452
f 1563/1482/1453 574/1288/1262 572/1279/1253
f 552/148/148 475/1483/1454 1066/1444/1415
f 1609/1366/1340 573/191/191 1106/1367/1341
f 575/985/967 955/1276/1250 1415/1484/1455
f 745/1292/1266 892/1485/1456 1210/1287/1261
f 1618/1486/1457 586/189/189 1435/1487/1458
f 314/1488/1459 1209/983/965 575/985/967
f 316/1489/1460 314/1488/1459 903/992/974
f 236/1490/1461 1625/1491/1462 576/1492/1463
f 1559/385/385 236/1490/1461 1222/1478/1449
f 510/1282/1256 577/1387/1361 478/1371/1345
f 1172/92/92 1535/1493/1464 577/1387/1361
f 578/209/209 149/618/616 168/210/210
f 149/618/616 578/209/209 508/476/476
f 579/172/172 1489/1494/1465 476/1283/1257
f 504/1164/1139 1418/1293/1267 1645/1495/1466
f 1211/1347/1321 1412/993/975 1681/1348/1322
f 903/992/974 824/991/973 316/1489/1460
f 509/1384/1358 1448/1496/1467 847/1385/1359
f 13/538/538 1052/1497/1468 1185/1498/1469
f 1346/1499/1470 1090/826/816 238/348/348
f 568/1476/1447 1221/1500/1471 671/1501/1472
f 583/96/96 746/98/98 147/610/608
f 284/611/609 1175/1502/1473 147/610/608
f 1486/45/45 1660/601/599 584/1475/1446
f 567/600/598 809/936/922 584/1475/1446
f 477/1503/1474 555/1349/1323 707/1504/1475
f 1127/1448/1419 555/1349/1323 495/981/963
f 574/1288/1262 1564/1505/1476 572/1279/1253
f 892/1485/1456 1435/1487/1458 1564/1505/1476
f 456/550/550 127/544/544 587/169/169
f 456/550/550 587/169/169 278/452/452
f 406/1506/1124 1233/1507/1477 588/110/110
f 354/80/80 1454/1508/1478 588/110/110
f 571/1472/1443 565/44/44 589/1481/1452
f 571/1472/1443 589/1481/1452 918/1473/1444
f 315/791/781 219/790/780 590/986/968
f 592/238/238 1491/240/240 590/986/968
f 161/635/633 591/660/656 299/636/634
f 591/660/656 1164/208/208 299/636/634
f 219/790/780 1048/792/782 592/238/238
f 590/986/968 219/790/780 592/238/238
f 593/858/848 776/916/905 244/855/845
f 302/358/358 775/347/347 1556/359/359
f 1013/383/383 802/367/367 594/366/366
f 71/924/913 594/366/366 270/883/872
f 177/789/779 595/549/549 178/688/683
f 321/548/548 178/688/683 595/549/549
f 109/437/437 288/641/637 596/939/512
f 288/641/637 166/640/636 596/939/512
f 198/768/761 597/770/763 387/124/124
f 387/124/124 597/770/763 197/1138/1114
f 209/725/720 389/722/717 598/1099/1075
f 997/769/762 598/1099/1075 597/770/763
f 1373/787/777 599/176/176 217/785/775
f 1263/736/731 768/734/729 1038/1079/1055
f 1102/1509/1479 1613/1510/1480 600/633/631
f 847/1385/1359 1102/1509/1479 1390/1386/1360
f 1183/1511/1481 826/374/374 601/873/863
f 249/813/803 1479/1512/1482 714/1513/1483
f 261/1244/1218 602/1248/1222 1577/1247/1221
f 261/1244/1218 1149/1246/1220 1132/1514/1484
f 1656/276/276 1119/913/902 1150/1515/1485
f 831/1516/1486 1156/1517/1487 261/1244/1218
f 143/665/661 604/682/677 803/1121/1097
f 1219/283/283 338/282/282 1475/1518/1488
f 605/892/881 731/1519/1489 1425/219/219
f 734/959/942 356/958/941 786/1520/1490
f 563/579/577 1377/1521/1491 1335/1522/1492
f 1377/1521/1491 563/579/577 1298/1336/1310
f 858/1523/1493 467/4/4 1401/1304/1278
f 1603/1524/1494 1480/1431/1405 467/4/4
f 716/1525/1495 608/1240/1214 1204/1526/1496
f 1328/1527/1497 958/1528/1498 609/1529/1499
f 1484/1406/1380 1328/1527/1497 609/1529/1499
f 1484/1406/1380 1655/1530/1500 519/1407/1381
f 610/1531/1501 801/753/747 18/752/746
f 363/754/748 1498/756/750 961/717/712
f 1568/719/714 363/754/748 961/717/712
f 1288/1532/1502 1022/1080/1056 1568/719/714
f 581/115/115 612/158/158 23/116/116
f 612/158/158 735/157/157 733/167/167
f 1284/875/865 613/874/864 230/1533/1503
f 613/874/864 688/1312/1286 230/1533/1503
f 869/616/614 762/1534/1504 27/163/163
f 987/675/670 1634/119/119 27/163/163
f 615/8/8 1445/1535/1505 900/20/20
f 711/1350/1324 854/1536/1506 1329/1537/1507
f 1496/832/822 616/377/377 710/830/820
f 716/1525/1495 1204/1526/1496 523/1538/1508
f 1201/1091/1067 792/1539/1509 368/1094/1070
f 1593/1117/1093 1428/1540/1510 376/1118/1094
f 97/619/617 635/475/475 618/474/474
f 139/576/574 978/578/576 723/1402/1376
f 234/1204/1178 434/1189/1164 619/1191/1166
f 947/1541/813 1236/204/204 1457/825/815
f 68/373/373 620/369/369 1349/371/371
f 1561/351/351 1197/362/362 551/1439/1410
f 1015/765/758 487/767/760 621/696/691
f 995/1542/1511 487/767/760 208/700/695
f 48/280/280 1017/1322/1296 1004/1543/1512
f 621/696/691 487/767/760 1533/1544/1513
f 1405/1545/1514 5/1021/1001 1196/1546/1515
f 210/1547/1516 1063/58/58 1405/1545/1514
f 866/1450/1421 489/1328/1302 1047/47/47
f 1139/1067/1043 351/1066/1042 117/1068/1044
f 1251/139/139 625/799/789 1129/863/853
f 981/804/794 948/1548/1517 259/802/792
f 626/1174/1149 1443/1171/1146 1459/1549/1518
f 743/19/19 1459/1549/1518 1182/1297/1271
f 869/616/614 163/615/613 1049/1550/1519
f 1049/1551/1519 833/864/854 869/1552/614
f 628/91/91 1535/1493/1464 1172/92/92
f 1423/79/79 1594/1166/1141 838/1167/1142
f 1514/1553/1520 619/1191/1166 845/1190/1165
f 1600/1318/1292 1029/1321/1295 1050/1554/1521
f 630/1339/1313 1171/144/144 492/143/143
f 562/1327/1301 882/1555/1522 886/1455/1426
f 977/587/585 631/1556/1523 70/588/586
f 631/1556/1523 713/1311/1285 1648/1310/1284
f 1560/1557/1524 582/818/808 633/1558/1525
f 634/880/869 714/1513/1483 1479/1512/1482
f 964/1559/1526 1672/1560/1527 839/1561/1528
f 1672/1560/1527 671/1501/1472 1221/1500/1471
f 1672/1560/1527 1221/1500/1471 839/1561/1528
f 1370/1562/1529 576/1492/1463 1625/1491/1462
f 22/1051/1027 1062/101/101 1061/1383/1357
f 16/99/99 1062/101/101 22/1051/1027
f 1054/762/755 1025/1563/767 940/760/753
f 940/1564/753 1025/774/767 920/56/56
f 490/1330/1304 637/1565/1530 606/68/68
f 1404/89/89 606/68/68 1281/1403/1377
f 485/168/168 1029/1321/1295 638/1566/1531
f 485/168/168 1599/1316/1290 260/852/842
f 639/1085/1061 365/1116/1092 376/1118/1094
f 1428/1540/1510 639/1085/1061 376/1118/1094
f 1198/1567/1532 1387/324/324 1265/323/323
f 641/827/817 812/1071/1047 353/1070/1046
f 64/349/349 641/827/817 1215/338/338
f 641/827/817 64/349/349 1090/826/816
f 1131/1568/294 1244/255/255 772/1456/1427
f 1320/293/293 1244/1569/255 1131/294/294
f 1579/32/32 1115/1325/1299 1079/30/30
f 481/1301/1275 1316/1363/1337 3/1365/1339
f 1078/843/833 1644/898/887 644/401/401
f 1269/28/28 1644/898/887 536/901/890
f 1119/913/902 264/275/275 1306/886/875
f 264/275/275 1119/913/902 1656/276/276
f 496/74/74 1199/76/76 1291/1396/1370
f 1329/1537/1507 719/16/16 711/1350/1324
f 330/1042/1018 329/137/137 647/1043/1019
f 659/1570/1533 1166/1571/1534 1129/1040/853
f 660/325/325 860/337/337 1265/323/323
f 659/1570/1533 330/1042/1018 1166/1571/1534
f 1396/1405/1379 747/1243/1217 1484/1406/1380
f 154/637/635 1362/1572/1535 1359/458/458
f 650/1573/1536 245/860/850 1517/1574/1537
f 650/1573/1536 1524/817/807 913/816/806
f 1173/218/218 651/1575/1538 1457/825/815
f 47/271/271 767/1576/1539 652/272/272
f 308/1577/1540 652/272/272 767/1576/1539
f 1146/954/937 1474/972/954 448/952/935
f 200/1578/1541 207/135/135 653/716/711
f 1038/1079/1055 1573/1078/1054 1421/1579/1542
f 654/683/678 1499/1580/1543 175/1111/1087
f 951/1581/1544 374/365/365 1024/1083/1059
f 656/1373/1347 821/1376/1350 895/1374/1348
f 821/1376/1350 1240/1420/1394 681/1419/1393
f 505/803/793 656/1373/1347 981/804/794
f 821/1376/1350 656/1373/1347 1240/1420/1394
f 771/1582/1545 195/113/113 1094/132/132
f 1532/1583/1546 195/113/113 771/1582/1545
f 924/1584/1547 658/1470/1441 9/1585/1548
f 972/1586/1549 1098/15/15 924/1584/1547
f 1662/1587/1550 1142/912/901 1274/911/900
f 1662/1587/1550 660/325/325 1142/912/901
f 650/1573/1536 1517/1574/1537 660/325/325
f 660/325/325 330/1042/1018 659/1570/1533
f 112/106/106 1051/105/105 661/1588/1551
f 908/1056/1032 1052/1497/1468 13/538/538
f 337/541/541 993/966/948 662/130/130
f 1534/1589/1552 661/1588/1551 1051/105/105
f 312/976/958 975/1590/1553 730/1369/1343
f 1308/1591/1554 664/977/959 1615/1592/1555
f 1615/1592/1555 664/977/959 1654/1593/1556
f 327/1031/1011 1654/1593/1556 664/977/959
f 753/1594/1557 639/1085/1061 324/1019/999
f 1009/1595/1558 1378/1465/1436 666/1337/1311
f 666/1337/1311 806/1596/1559 883/1340/1314
f 1378/1465/1436 806/1596/1559 666/1337/1311
f 667/360/360 1297/1597/1560 1319/1446/1417
f 1183/1511/1481 1057/372/372 826/374/374
f 1384/699/694 669/1598/1561 622/697/692
f 487/767/760 995/1542/1511 669/1598/1561
f 1157/1599/1562 669/1598/1561 436/1600/1563
f 621/696/691 1533/1544/1513 1004/1543/1512
f 897/1381/1355 1252/316/316 670/1601/1564
f 1252/316/316 603/1084/1060 670/1601/1564
f 1271/1602/1565 1090/826/816 1346/1499/1470
f 582/818/808 1271/1602/1565 633/1558/1525
f 1561/351/351 237/353/353 957/1603/1566
f 237/353/353 1386/835/825 1385/1072/1048
f 622/697/692 673/701/696 1432/1409/1383
f 986/704/699 188/1181/1156 1432/1409/1383
f 674/1075/1051 1411/1604/1567 361/730/725
f 1263/736/731 674/1605/1051 361/737/725
f 703/1606/1568 1494/1299/1273 1043/1607/1569
f 1299/1608/1570 739/149/149 480/156/156
f 676/1147/1123 1469/1146/1122 991/1609/1571
f 324/1019/999 676/1147/1123 991/1609/1571
f 677/70/70 490/1330/1304 606/68/68
f 490/1330/1304 1326/48/48 489/1328/1302
f 557/1352/1326 464/1351/1325 678/21/21
f 923/1610/1572 678/21/21 464/1351/1325
f 15/95/95 679/1459/1430 560/1017/997
f 626/1174/1149 1397/1158/1134 1443/1171/1146
f 623/1024/1004 1196/1546/1515 680/40/40
f 414/1153/1129 1596/1157/1133 1586/1156/1132
f 531/1611/1573 1376/64/64 1248/63/63
f 1606/690/685 865/680/675 910/679/674
f 1671/410/410 682/400/400 1059/27/27
f 222/1612/1574 531/1611/1573 1248/63/63
f 683/584/582 33/575/573 1395/582/580
f 1070/1613/1575 138/573/571 683/584/582
f 1070/1613/1575 683/584/582 684/1614/1576
f 140/194/194 684/1614/1576 1379/1025/1005
f 685/775/768 1022/1080/1056 1288/1532/1502
f 685/775/768 199/57/57 920/56/56
f 686/1615/1577 217/785/775 599/176/176
f 657/786/776 217/785/775 686/1615/1577
f 1220/1440/1411 1153/1442/1413 1434/1616/1578
f 289/307/307 1128/1617/1579 830/905/894
f 688/1312/1286 613/874/864 484/376/376
f 1028/1314/1288 1224/1618/1580 465/375/375
f 759/312/312 689/1619/1581 1492/313/313
f 690/247/247 319/1033/1013 1677/248/248
f 1295/1620/1582 319/1033/1013 690/247/247
f 561/1463/1434 992/1462/1433 932/195/195
f 566/320/320 515/344/344 748/321/321
f 1358/1621/1583 901/1122/1098 825/1313/1287
f 374/365/365 951/1581/1544 692/1622/1584
f 428/363/363 374/365/365 692/1622/1584
f 630/1339/1313 702/1341/1315 693/1343/1317
f 882/1555/1522 630/1339/1313 886/1455/1426
f 1073/842/832 1612/1623/1585 694/902/891
f 694/902/891 259/802/792 223/84/84
f 436/1600/1563 695/1624/1586 1072/1625/1587
f 669/1598/1561 1027/1183/1158 436/1600/1563
f 696/246/246 627/245/245 163/615/613
f 696/246/246 163/615/613 41/661/657
f 15/95/95 254/102/102 697/740/734
f 323/1015/995 15/95/95 697/740/734
f 698/483/483 99/456/456 1065/484/484
f 906/454/454 99/456/456 698/483/483
f 508/476/476 1619/1626/1588 699/1627/1589
f 726/1628/1590 906/454/454 1214/127/127
f 1562/244/244 696/246/246 700/1629/1591
f 974/894/883 56/895/884 1034/867/857
f 1079/30/30 1115/1325/1299 1080/1326/1300
f 470/580/578 702/1341/1315 757/581/579
f 470/580/578 701/1344/1318 702/1341/1315
f 693/1343/1317 702/1341/1315 701/1344/1318
f 1315/121/121 905/123/123 703/1606/1568
f 469/1630/1592 725/1397/1371 514/1395/1369
f 469/1630/1592 514/1395/1369 704/1260/1234
f 875/1263/1237 704/1260/1234 827/1259/1233
f 956/1631/1593 663/1632/1594 705/1633/1595
f 705/1633/1595 663/1632/1594 1084/1634/1596
f 706/560/560 366/935/921 120/226/226
f 554/525/525 1089/524/524 120/226/226
f 585/173/173 477/1503/1474 707/1504/1475
f 579/172/172 585/173/173 1489/1494/1465
f 935/1081/1057 708/732/727 415/755/749
f 1446/1635/1597 215/1160/774 1360/1159/1135
f 709/1020/1000 561/1463/1434 932/195/195
f 1378/1465/1436 561/1463/1434 709/1020/1000
f 925/810/800 710/830/820 616/377/377
f 834/876/866 710/830/820 613/874/864
f 711/1350/1324 615/8/8 854/1536/1506
f 711/1350/1324 1368/9/9 615/8/8
f 463/1427/1401 558/17/17 720/1466/1437
f 558/17/17 719/16/16 720/1466/1437
f 713/1311/1285 230/1533/1503 688/1312/1286
f 230/1533/1503 1420/1636/1598 1284/875/865
f 1420/1636/1598 601/873/863 1284/875/865
f 601/873/863 826/374/374 1409/879/868
f 715/1302/1276 481/1301/1275 3/1365/1339
f 3/1365/1339 1449/26/26 1327/25/25
f 472/378/378 1464/1273/1247 958/1528/1498
f 958/1528/1498 523/1538/1508 472/378/378
f 518/497/497 519/1407/1381 717/460/460
f 1655/1530/1500 1487/1272/1246 519/1407/1381
f 609/1529/1499 718/1270/1244 1487/1272/1246
f 609/1529/1499 958/1528/1498 1464/1273/1247
f 719/16/16 646/1266/1240 720/1466/1437
f 1329/1537/1507 1291/1396/1370 719/16/16
f 712/24/24 463/1427/1401 720/1466/1437
f 720/1466/1437 1168/1454/1425 712/24/24
f 523/1538/1508 1204/1526/1496 1496/832/822
f 523/1538/1508 1497/1412/1386 472/378/378
f 539/1234/1208 722/1430/1404 532/1356/1330
f 499/2/2 532/1356/1330 1597/1233/1207
f 723/1402/1376 978/578/576 1213/1637/1599
f 1213/1637/1599 840/69/69 1404/89/89
f 328/1105/1081 404/1000/980 724/1638/1600
f 1277/1034/1014 319/1033/1013 1468/1035/1015
f 725/1397/1371 703/1606/1568 905/123/123
f 703/1606/1568 738/1300/1274 1494/1299/1273
f 508/476/476 726/1628/1590 1286/1382/1356
f 726/1628/1590 508/476/476 699/1627/1589
f 657/786/776 686/1615/1577 727/788/778
f 14/761/754 771/1582/1545 1054/762/755
f 728/1460/1431 1279/624/622 433/623/621
f 922/1200/1175 1134/1172/1147 433/623/621
f 687/941/926 466/907/896 729/1639/1601
f 466/907/896 507/1082/1058 729/1639/1601
f 730/1369/1343 512/974/956 312/976/958
f 512/974/956 730/1369/1343 34/1368/1342
f 255/186/186 305/1640/1602 731/1519/1489
f 255/186/186 786/1520/1490 356/958/941
f 1425/219/219 731/1519/1489 305/1640/1602
f 1077/963/945 305/1640/1602 309/964/946
f 23/116/116 1629/605/603 152/114/114
f 23/116/116 612/158/158 1629/605/603
f 605/892/881 734/959/942 731/1519/1489
f 998/1320/1294 605/892/881 629/205/205
f 735/157/157 304/128/128 734/959/942
f 998/1320/1294 734/959/942 605/892/881
f 1430/1641/1603 475/1483/1454 552/148/148
f 478/1371/1345 1431/1286/1260 1430/1641/1603
f 736/1372/1346 552/148/148 737/1280/1254
f 675/1298/1272 737/1280/1254 552/148/148
f 1668/1642/1604 738/1300/1274 703/1606/1568
f 1291/1396/1370 1199/76/76 1668/1642/1604
f 480/156/156 739/149/149 503/1277/1251
f 739/149/149 1609/1366/1340 503/1277/1251
f 336/520/520 1511/558/558 1031/1643/961
f 1398/521/521 336/520/520 1031/1643/961
f 380/1125/1101 373/1001/981 741/1104/1080
f 1338/1129/1105 380/1125/1101 1181/1127/1103
f 742/1415/1389 183/87/87 1633/1644/1605
f 1676/1417/1391 898/1645/1606 655/1646/1607
f 743/19/19 626/1174/1149 1459/1549/1518
f 680/40/40 626/1174/1149 743/19/19
f 317/232/232 744/975/957 1410/1391/1365
f 805/978/960 664/977/959 1308/1591/1554
f 30/980/962 1652/1285/1259 962/1284/1258
f 892/1485/1456 1652/1285/1259 1435/1487/1458
f 746/98/98 600/633/631 147/610/608
f 1390/1386/1360 1102/1509/1479 600/633/631
f 1362/1572/1535 691/1241/1215 747/1243/1217
f 1359/458/458 1362/1572/1535 747/1243/1217
f 58/322/322 748/321/321 1551/1399/1373
f 969/1400/1374 1551/1399/1373 1358/1621/1583
f 749/1253/1227 1442/1120/1096 817/1119/1095
f 749/1253/1227 32/1394/1368 750/1393/1367
f 749/1253/1227 750/1393/1367 1442/1120/1096
f 1184/1447/1418 1292/228/228 1092/1647/1608
f 1031/979/961 1545/561/561 751/533/533
f 1545/561/561 706/560/560 751/533/533
f 234/1648/1178 752/1188/1163 1237/1187/1162
f 1580/822/812 1232/922/911 947/823/813
f 880/1649/1609 665/142/142 884/1088/1064
f 665/142/142 1009/1595/1558 666/1337/1311
f 328/1105/1081 724/1638/1600 754/998/978
f 328/1105/1081 754/998/978 1302/1136/1112
f 956/1631/1593 513/1256/1230 1314/1257/1231
f 704/1260/1234 513/1256/1230 1187/1392/1366
f 756/184/184 554/525/525 1184/1447/1418
f 763/526/526 554/525/525 756/184/184
f 883/1340/1314 757/581/579 702/1341/1315
f 806/1596/1559 757/581/579 883/1340/1314
f 1206/318/318 758/327/327 59/319/319
f 970/1650/1610 863/269/269 760/268/268
f 1567/1651/1611 1439/1652/1612 970/1650/1610
f 1439/1652/1612 863/269/269 970/1650/1610
f 970/1650/1610 760/268/268 689/1619/1581
f 760/268/268 1399/270/270 1180/1653/1613
f 313/987/969 590/986/968 1491/240/240
f 313/987/969 1209/1654/965 314/1655/1459
f 263/1656/856 614/1657/1614 762/1534/1504
f 1566/1658/1615 987/675/670 614/1657/1614
f 763/526/526 756/184/184 1262/523/523
f 740/1032/1012 966/534/534 1536/1659/1616
f 395/1004/984 1665/1109/1085 764/1002/982
f 764/1002/982 382/1126/1102 380/1125/1101
f 524/290/290 49/1221/1195 765/1413/1387
f 1493/224/224 1683/1227/1201 1350/201/201
f 668/1324/1298 766/1323/1297 48/280/280
f 1130/1013/993 350/281/281 48/280/280
f 1674/961/944 767/1576/1539 651/1660/1538
f 651/1660/1538 767/1576/1539 800/1661/1617
f 393/735/730 1565/1662/1618 599/176/176
f 686/1615/1577 599/176/176 1565/1662/1618
f 1472/933/295 769/932/920 233/256/256
f 1332/264/264 408/181/181 1607/1150/1126
f 696/246/246 41/661/657 770/254/254
f 770/254/254 1241/253/253 696/246/246
f 1054/762/755 771/1582/1545 657/786/776
f 1403/131/131 771/1582/1545 1094/132/132
f 772/1456/1427 42/1663/1619 1158/1457/1428
f 1519/1458/1429 770/254/254 1246/206/206
f 773/652/648 151/571/569 158/213/213
f 443/653/649 773/652/648 158/213/213
f 1542/1664/1620 138/573/571 1070/1613/1575
f 933/1665/1621 295/284/284 138/573/571
f 1351/346/346 593/858/848 775/347/347
f 775/347/347 593/858/848 244/855/845
f 244/855/845 776/916/905 267/853/843
f 1018/917/906 267/853/843 776/916/905
f 89/403/403 777/405/405 184/422/422
f 777/405/405 83/429/429 184/422/422
f 36/182/182 778/614/612 29/180/180
f 412/612/610 778/614/612 36/182/182
f 779/750/744 401/746/740 203/748/742
f 419/747/741 779/750/744 203/748/742
f 780/192/192 412/612/610 36/182/182
f 148/1152/1128 412/612/610 780/192/192
f 205/749/743 781/1139/1115 779/750/744
f 205/749/743 35/743/737 781/1139/1115
f 782/1435/915 548/1433/1407 549/1437/1409
f 782/927/915 549/1438/1409 550/626/624
f 783/200/200 100/486/486 452/485/485
f 783/200/200 278/452/452 100/486/486
f 201/136/136 545/179/179 784/1434/914
f 271/925/880 201/136/136 784/1434/914
f 461/593/591 55/1149/1125 785/659/655
f 785/659/655 55/1149/1125 591/660/656
f 734/959/942 786/1520/1490 731/1519/1489
f 786/1520/1490 255/186/186 731/1519/1489
f 787/1012/992 349/1063/1039 342/1046/1022
f 787/1012/992 430/1014/994 349/1063/1039
f 255/186/186 788/188/188 305/1640/1602
f 305/1640/1602 788/188/188 309/964/946
f 156/645/641 420/644/640 789/1162/1137
f 156/645/641 789/1162/1137 1628/1436/1408
f 345/705/700 790/1045/1021 348/1047/1023
f 348/1047/1023 790/1045/1021 331/279/279
f 369/243/243 384/1141/1117 791/1098/1074
f 1373/787/777 791/1098/1074 384/1141/1117
f 639/1085/1061 1428/1540/1510 1223/1018/998
f 617/425/425 1287/999/979 1296/426/426
f 1539/1666/1622 38/214/214 793/994/976
f 477/1503/1474 1211/1347/1321 555/1349/1323
f 1044/1176/1151 1643/1214/1188 794/159/159
f 421/1163/1138 794/159/159 1418/1293/1267
f 211/776/769 795/871/861 298/947/931
f 211/776/769 944/872/862 795/871/861
f 796/1041/1017 333/1048/1024 329/137/137
f 253/727/722 1344/862/852 1069/861/851
f 341/1052/1028 335/1064/1040 1032/1667/1623
f 1581/1226/1200 335/1064/1040 430/1014/994
f 798/1401/1375 969/1400/1374 608/1240/1214
f 1328/1527/1497 608/1240/1214 716/1525/1495
f 424/1175/1150 799/1198/1173 1643/1214/1188
f 838/1167/1142 1289/67/67 424/1175/1150
f 47/271/271 800/1661/1617 767/1576/1539
f 1458/824/814 947/823/813 1457/1668/815
f 801/753/747 215/1160/774 204/784/134
f 1360/1159/1135 215/1160/774 801/753/747
f 262/382/382 802/367/367 1013/383/383
f 1476/909/898 802/367/367 1433/1479/1450
f 1588/1669/1624 377/597/595 631/1556/1523
f 604/682/677 1465/684/679 1588/1669/1624
f 383/1131/1107 44/723/718 983/1151/1127
f 983/1151/1127 44/723/718 209/725/720
f 1048/1670/782 1640/1671/1625 317/232/232
f 1640/1671/1625 1308/1591/1554 317/232/232
f 806/1596/1559 1378/1465/1436 1451/1672/1626
f 853/1334/1308 1191/1338/1312 1192/1335/1309
f 807/859/849 330/1042/1018 660/325/325
f 807/859/849 796/1041/1017 330/1042/1018
f 114/477/477 808/498/498 105/511/511
f 105/511/511 808/498/498 990/495/495
f 1334/103/103 809/936/922 284/611/609
f 1123/599/597 1663/397/397 284/611/609
f 423/66/66 1684/1673/1627 1595/1296/1270
f 1595/1296/1270 1460/1295/1269 837/1674/1628
f 11/65/65 1289/67/67 1594/1166/1141
f 855/1230/1204 1684/1673/1627 1282/1231/1205
f 640/1675/1629 353/1070/1046 812/1071/1047
f 1388/1676/1630 1386/835/825 232/834/824
f 351/1066/1042 813/513/513 117/1068/1044
f 117/1068/1044 813/513/513 75/41/41
f 814/236/236 852/457/457 570/459/459
f 570/459/459 856/1480/1451 814/236/236
f 250/819/809 815/258/258 1237/1203/1162
f 1237/1203/1162 815/258/258 434/1189/1164
f 881/1269/1243 816/1262/1236 493/1261/1235
f 468/1254/1228 749/1253/1227 817/1119/1095
f 884/1088/1064 468/1254/1228 817/1119/1095
f 817/1119/1095 877/1086/1062 884/1088/1064
f 849/841/831 818/1677/1631 1229/11/11
f 193/1423/1397 1230/1357/1331 1587/1424/1398
f 819/86/86 181/673/668 144/689/684
f 584/1475/1446 819/86/86 144/689/684
f 379/906/895 1023/361/361 820/1110/1086
f 951/1581/1544 379/906/895 1499/1580/1543
f 821/1376/1350 655/1646/1607 1647/1377/1351
f 1259/1418/1392 821/1376/1350 865/680/675
f 745/1292/1266 822/1291/1265 476/1283/1257
f 1645/1495/1466 1418/1293/1267 476/1283/1257
f 823/23/23 564/1333/1307 489/1328/1302
f 1058/1451/1422 823/23/23 489/1328/1302
f 316/1489/1460 824/991/973 580/1678/1632
f 1305/982/964 1618/1486/1457 1435/1487/1458
f 1028/1314/1288 465/375/375 825/1313/1287
f 969/1400/1374 1358/1621/1583 825/1313/1287
f 68/373/373 1349/371/371 826/374/374
f 826/374/374 249/813/803 714/1513/1483
f 827/1259/1233 471/1264/1238 875/1263/1237
f 827/1259/1233 881/1269/1243 471/1264/1238
f 1617/1679/1633 828/183/183 956/1631/1593
f 1654/1593/1556 1617/1679/1633 1615/1592/1555
f 1523/1680/1634 1268/1681/1635 829/1249/1223
f 1523/1680/1634 1128/1617/1579 848/1682/1636
f 830/905/894 1128/1617/1579 1258/1683/1637
f 907/1684/1638 1150/1515/1485 1156/1517/1487
f 831/1516/1486 907/1684/1638 1156/1517/1487
f 670/1601/1564 603/1084/1060 1132/1514/1484
f 256/869/859 1356/350/350 832/896/885
f 833/864/854 832/896/885 860/337/337
f 256/869/859 833/864/854 1639/870/860
f 256/869/859 832/896/885 833/864/854
f 710/830/820 1216/881/870 835/1685/1639
f 1625/1491/1462 1641/384/384 835/1685/1639
f 710/830/820 835/1685/1639 251/831/821
f 835/1685/1639 1124/828/818 251/831/821
f 836/1057/1033 1475/1518/1488 338/282/282
f 1582/1058/1034 338/282/282 1399/270/270
f 423/66/66 837/1674/1628 1462/1199/1174
f 837/1674/1628 423/66/66 1595/1296/1270
f 511/1390/1364 838/1167/1142 1087/1177/1152
f 1423/79/79 838/1167/1142 511/1390/1364
f 634/880/869 964/1559/1526 839/1561/1528
f 634/880/869 1370/1562/1529 1216/881/870
f 840/69/69 1572/1686/1640 677/70/70
f 118/100/100 1361/473/473 635/475/475
f 841/1687/1641 208/700/695 528/724/719
f 208/700/695 841/1687/1641 673/701/696
f 842/274/274 383/1131/1107 804/1132/1108
f 1030/315/315 188/1181/1156 1354/703/698
f 425/314/314 506/1379/1353 843/339/339
f 1317/1223/1197 425/314/314 843/339/339
f 248/708/703 1176/1688/1642 844/712/707
f 844/712/707 1176/1688/1642 1406/35/35
f 1235/231/231 1050/1554/1521 845/1190/1165
f 1050/1554/1521 1029/1321/1295 845/1190/1165
f 1281/1403/1377 846/1468/1439 139/576/574
f 490/1330/1304 1121/1332/1306 637/1565/1530
f 1185/1498/1469 581/115/115 152/114/114
f 1052/1497/1468 581/115/115 1185/1498/1469
f 289/307/307 1525/1689/1643 1128/1617/1579
f 1154/940/925 289/307/307 1340/833/823
f 849/841/831 1247/10/10 930/1690/1644
f 849/841/831 929/938/924 287/707/702
f 1379/1025/1005 684/1614/1576 850/1026/1006
f 850/1026/1006 1105/1028/1008 491/1029/1009
f 1515/820/810 279/821/811 851/877/867
f 851/934/867 1472/933/295 233/256/256
f 852/457/457 154/637/635 1359/458/458
f 814/236/236 1097/235/235 852/457/457
f 942/1469/1440 853/1334/1308 491/1029/1009
f 850/1026/1006 491/1029/1009 853/1334/1308
f 854/1536/1506 462/1229/1203 496/74/74
f 1182/1297/1271 810/1691/1645 1666/1692/1646
f 855/1230/1204 810/1691/1645 1684/1673/1627
f 1666/1692/1646 810/1691/1645 855/1230/1204
f 856/1480/1451 570/459/459 93/455/455
f 699/1627/1589 1619/1626/1588 93/455/455
f 1530/1693/1647 536/901/890 857/1426/1400
f 1041/1694/1648 1604/1695/1649 971/1696/1650
f 858/1523/1493 1401/1304/1278 607/1239/1213
f 1604/1695/1649 607/1239/1213 971/1696/1650
f 713/1311/1285 859/591/589 230/1533/1503
f 859/591/589 713/1311/1285 1060/592/590
f 648/1697/1651 860/337/337 660/325/325
f 860/337/337 1273/865/855 833/864/854
f 479/1206/1180 861/1173/1148 1134/1172/1147
f 1459/1549/1518 1460/1295/1269 1182/1297/1271
f 395/1004/984 963/1228/1202 65/1106/1082
f 759/312/312 1040/1108/1084 1567/1651/1611
f 758/327/327 1582/1058/1034 863/269/269
f 863/269/269 59/319/319 758/327/327
f 322/1011/991 344/1061/1037 864/1003/983
f 1338/1129/1105 322/1011/991 864/1003/983
f 865/680/675 1376/64/64 910/679/674
f 865/680/675 821/1376/1350 681/1419/1393
f 556/1329/1303 866/1450/1421 624/515/515
f 624/515/515 1139/1067/1043 1165/516/516
f 867/772/765 1343/771/764 198/768/761
f 984/721/716 909/109/109 1324/117/117
f 368/1094/1070 792/1539/1509 868/1096/1072
f 1300/1095/1071 368/1094/1070 868/1096/1072
f 869/1552/614 833/864/854 263/866/856
f 762/1534/1504 869/616/614 263/1656/856
f 870/564/564 132/559/559 889/170/170
f 132/559/559 1136/107/107 24/504/504
f 753/1594/1557 324/1019/999 871/1461/1432
f 871/1461/1432 324/1019/999 992/1462/1433
f 1257/1698/1652 872/949/933 180/442/442
f 180/442/442 872/949/933 1083/277/277
f 873/1268/1242 1495/1267/1241 890/1265/1239
f 1168/1454/1425 562/1327/1301 886/1455/1426
f 874/1398/1372 725/1397/1371 469/1630/1592
f 1495/1267/1241 875/1263/1237 890/1265/1239
f 875/1263/1237 469/1630/1592 704/1260/1234
f 874/1398/1372 469/1630/1592 875/1263/1237
f 876/764/757 216/763/756 207/135/135
f 207/135/135 200/1578/1541 876/764/757
f 1442/1120/1096 639/1085/1061 877/1086/1062
f 877/1086/1062 639/1085/1061 753/1594/1557
f 442/212/212 1500/221/221 878/220/220
f 158/213/213 442/212/212 878/220/220
f 701/1344/1318 879/1303/1277 488/1342/1316
f 712/24/24 488/1342/1316 1337/1453/1424
f 884/1088/1064 1682/1087/1063 880/1649/1609
f 753/1594/1557 871/1461/1432 880/1649/1609
f 881/1269/1243 1110/1255/1229 468/1254/1228
f 816/1262/1236 881/1269/1243 468/1254/1228
f 493/1261/1235 665/142/142 1171/144/144
f 881/1269/1243 493/1261/1235 1171/144/144
f 883/1340/1314 630/1339/1313 492/143/143
f 883/1340/1314 492/143/143 666/1337/1311
f 884/1088/1064 816/1262/1236 468/1254/1228
f 816/1262/1236 884/1088/1064 665/142/142
f 885/162/162 887/177/177 545/179/179
f 201/136/136 885/162/162 545/179/179
f 886/1455/1426 630/1339/1313 693/1343/1317
f 488/1342/1316 886/1455/1426 693/1343/1317
f 887/177/177 35/743/737 272/178/178
f 887/177/177 202/741/735 35/743/737
f 111/267/267 888/431/431 133/506/506
f 90/266/266 888/431/431 111/267/267
f 129/546/546 889/170/170 587/169/169
f 129/546/546 306/967/949 1527/1699/1653
f 562/1327/1301 890/1265/1239 471/1264/1238
f 1168/1454/1425 890/1265/1239 562/1327/1301
f 891/503/503 91/487/487 92/563/563
f 132/559/559 891/503/503 92/563/563
f 574/1288/1262 892/1485/1456 1564/1505/1476
f 1210/1287/1261 892/1485/1456 574/1288/1262
f 242/603/601 893/632/630 1283/904/893
f 1394/606/604 1629/605/603 260/852/842
f 269/920/909 1000/355/355 894/299/299
f 894/299/299 1232/922/911 943/921/910
f 174/676/671 1238/800/790 1647/1377/1351
f 1238/800/790 1566/1658/1615 996/1700/899
f 164/285/285 60/342/342 896/286/286
f 1141/1474/1445 60/342/342 566/320/320
f 1293/1701/1654 1400/1702/1655 897/1381/1355
f 1375/1380/1354 729/1639/1601 507/1082/1058
f 1676/1417/1391 1633/1644/1605 898/1645/1606
f 1011/674/669 530/1703/1656 987/675/670
f 238/348/348 1217/1704/1657 1345/897/886
f 238/348/348 69/836/826 1217/1704/1657
f 615/8/8 900/20/20 854/1536/1506
f 1182/1297/1271 900/20/20 743/19/19
f 515/344/344 901/1122/1098 1358/1621/1583
f 142/343/343 901/1122/1098 515/344/344
f 1336/190/190 902/990/972 573/191/191
f 573/191/191 1415/1484/1455 1106/1367/1341
f 903/992/974 575/985/967 1415/1484/1455
f 575/985/967 903/992/974 314/1488/1459
f 815/258/258 904/1205/1179 434/1189/1164
f 434/1189/1164 1235/231/231 845/1190/1165
f 514/1395/1369 905/123/123 513/1256/1230
f 725/1397/1371 905/123/123 514/1395/1369
f 699/1627/1589 906/454/454 726/1628/1590
f 906/454/454 699/1627/1589 93/455/455
f 1132/1514/1484 603/1084/1060 907/1684/1638
f 603/1084/1060 842/274/274 1656/276/276
f 1264/1055/1031 1534/1589/1552 908/1056/1032
f 908/1056/1032 1585/1705/1658 1264/1055/1031
f 212/779/770 909/109/109 984/721/716
f 909/109/109 1212/81/81 588/110/110
f 910/679/674 531/1611/1573 226/677/672
f 1376/64/64 531/1611/1573 910/679/674
f 429/341/341 437/340/340 911/1005/985
f 429/341/341 911/1005/985 797/1194/1169
f 560/1017/997 1447/1706/1659 912/93/93
f 325/1155/1131 1068/1707/1660 1088/718/713
f 245/860/850 913/816/806 1341/306/306
f 913/816/806 245/860/850 650/1573/1536
f 914/453/453 1033/451/451 1649/1708/1661
f 1649/1708/1661 114/477/477 914/453/453
f 915/463/463 518/497/497 94/481/481
f 915/463/463 519/1407/1381 518/497/497
f 971/1696/1650 464/1351/1325 1529/1709/1662
f 1530/1693/1647 857/1426/1400 971/1696/1650
f 215/783/774 1421/1579/1542 653/716/711
f 1421/1579/1542 200/1578/1541 653/716/711
f 918/1473/1444 589/1481/1452 123/394/394
f 1174/396/396 123/394/394 509/1384/1358
f 1649/1708/1661 919/448/448 1589/125/125
f 1503/126/126 1589/125/125 919/448/448
f 210/1547/1516 920/56/56 1063/58/58
f 940/1564/753 920/56/56 210/1547/1516
f 435/73/73 1611/1202/1177 1355/71/71
f 1355/71/71 431/1215/1189 439/1178/1153
f 435/73/73 922/1200/1175 1611/1202/1177
f 922/1200/1175 435/73/73 1189/1294/1268
f 924/1584/1547 923/1610/1572 972/1586/1549
f 678/21/21 923/1610/1572 1100/22/22
f 1392/1710/1663 1391/1331/1305 564/1333/1307
f 1100/22/22 923/1610/1572 1392/1710/1663
f 613/874/864 925/810/800 484/376/376
f 710/830/820 925/810/800 613/874/864
f 1363/849/839 243/1315/1289 1364/1319/1293
f 243/1315/1289 1363/849/839 1283/904/893
f 1/328/328 604/682/677 927/326/326
f 1475/1518/1488 604/682/677 143/665/661
f 647/1043/1019 329/137/137 928/846/836
f 329/137/137 26/108/108 928/846/836
f 930/1690/1644 929/938/924 849/841/831
f 929/938/924 930/1690/1644 298/947/931
f 298/947/931 930/1690/1644 239/839/829
f 1322/844/834 239/839/829 930/1690/1644
f 239/839/829 931/809/799 298/947/931
f 931/809/799 1453/948/932 298/947/931
f 690/247/247 774/249/249 932/195/195
f 932/195/195 1295/1620/1582 690/247/247
f 1542/1664/1620 933/1665/1621 138/573/571
f 1180/1653/1613 933/1665/1621 1542/1664/1620
f 934/1711/1664 1361/473/473 118/100/100
f 1505/518/518 118/100/100 16/99/99
f 935/1081/1057 936/731/726 708/732/727
f 685/775/768 935/1081/1057 1022/1080/1056
f 1624/729/724 936/731/726 685/775/768
f 936/731/726 935/1081/1057 685/775/768
f 170/604/602 937/608/606 145/602/600
f 600/633/631 1613/1510/1480 937/608/606
f 1348/1065/1041 351/1066/1042 938/49/49
f 934/1711/1664 1572/1686/1640 1361/473/473
f 1623/1209/1183 939/1182/1157 447/1196/1171
f 1200/1222/1196 1317/1223/1197 843/339/339
f 940/1564/753 210/1547/1516 1071/773/766
f 14/761/754 940/760/753 636/759/705
f 491/1029/1009 517/583/581 941/1467/1438
f 941/1467/1438 517/583/581 1267/670/665
f 846/1468/1439 942/1469/1440 941/1467/1438
f 9/1585/1548 1122/50/50 1121/1332/1306
f 943/921/910 269/920/909 894/299/299
f 269/920/909 943/921/910 66/357/357
f 944/872/862 1275/711/706 248/708/703
f 944/872/862 211/776/769 8/778/53
f 945/931/919 67/368/368 250/878/809
f 945/931/919 250/878/809 427/301/301
f 946/1053/1029 797/1194/1169 457/1054/1030
f 1228/1197/1172 1581/1226/1200 1482/1195/1170
f 1232/922/911 234/1648/1178 947/823/813
f 234/1204/1178 619/1191/1166 947/1541/813
f 259/802/792 948/1548/1517 223/84/84
f 241/85/85 223/84/84 1251/139/139
f 1622/1712/1665 227/806/796 1227/1713/1666
f 489/1328/1302 1440/1714/1667 1058/1451/1422
f 1488/1715/1668 436/1600/1563 1072/1625/1587
f 1157/1599/1562 436/1600/1563 1488/1715/1668
f 604/682/677 1325/1124/1100 654/683/678
f 1325/1124/1100 1499/1580/1543 654/683/678
f 1454/1508/1478 354/80/80 952/1716/1669
f 354/80/80 1179/82/82 952/1716/1669
f 953/257/257 266/229/229 904/1205/1179
f 1608/850/840 926/1317/1291 266/229/229
f 307/545/545 954/968/950 129/546/546
f 994/960/943 307/545/545 1014/957/940
f 512/974/956 34/1368/1342 955/1276/1250
f 955/1276/1250 1106/1367/1341 1415/1484/1455
f 956/1631/1593 828/183/183 755/185/185
f 1187/1392/1366 755/185/185 750/1393/1367
f 672/811/801 1385/1072/1048 641/827/817
f 1007/370/370 672/811/801 249/813/803
f 716/1525/1495 523/1538/1508 958/1528/1498
f 716/1525/1495 958/1528/1498 1328/1527/1497
f 959/1211/1185 364/1378/1352 897/1381/1355
f 1353/354/354 959/1211/1185 437/340/340
f 1561/351/351 620/369/369 68/373/373
f 620/369/369 1561/351/351 957/1603/1566
f 961/717/712 1177/94/94 912/93/93
f 961/717/712 1498/756/750 1177/94/94
f 495/981/963 30/980/962 962/1284/1258
f 1127/1448/1419 495/981/963 962/1284/1258
f 457/1054/1030 862/1142/1118 963/1228/1202
f 1438/1717/1670 1439/1652/1612 1567/1651/1611
f 1672/1560/1527 964/1559/1526 1560/1557/1524
f 249/813/803 632/812/802 1479/1512/1482
f 1261/1718/1671 965/908/897 262/382/382
f 262/382/382 1433/1479/1450 802/367/367
f 966/534/534 763/526/526 1262/523/523
f 966/534/534 1089/524/524 763/526/526
f 1585/1705/1658 1272/59/59 122/61/61
f 122/61/61 1264/1055/1031 1585/1705/1658
f 1671/410/410 949/797/787 968/796/786
f 968/796/786 1374/411/411 1671/410/410
f 825/1313/1287 465/375/375 969/1400/1374
f 969/1400/1374 465/375/375 608/1240/1214
f 1567/1651/1611 970/1650/1610 759/312/312
f 970/1650/1610 689/1619/1581 759/312/312
f 971/1696/1650 916/1238/1212 464/1351/1325
f 607/1239/1213 916/1238/1212 971/1696/1650
f 923/1610/1572 464/1351/1325 972/1586/1549
f 464/1351/1325 916/1238/1212 1485/13/13
f 643/1471/1442 658/1470/1441 973/14/14
f 1579/32/32 1316/1363/1337 481/1301/1275
f 247/308/308 974/894/883 1034/867/857
f 1356/350/350 247/308/308 238/348/348
f 1084/1634/1596 663/1632/1594 975/1590/1553
f 975/1590/1553 1278/155/155 1352/154/154
f 905/123/123 976/122/122 1314/1257/1231
f 1278/155/155 975/1590/1553 663/1632/1594
f 901/1122/1098 803/1121/1097 977/587/585
f 803/1121/1097 604/682/677 1588/1669/1624
f 978/578/576 97/619/617 618/474/474
f 1673/577/575 97/619/617 978/578/576
f 979/90/90 1172/92/92 1086/1281/1255
f 17/1719/1672 1103/1232/1206 1253/77/77
f 996/1700/899 1566/1658/1615 614/1657/1614
f 614/1720/1614 1274/911/900 996/910/899
f 1006/1375/1349 1251/139/139 981/804/794
f 981/804/794 656/1373/1347 1006/1375/1349
f 240/903/892 229/83/83 982/899/888
f 1323/840/830 229/83/83 931/809/799
f 804/1132/1108 383/1131/1107 983/1151/1127
f 1424/728/723 253/727/722 804/1132/1108
f 984/721/716 867/772/765 198/768/761
f 198/768/761 387/124/124 984/721/716
f 528/724/719 985/1130/1106 841/1687/1641
f 1507/702/697 673/701/696 841/1687/1641
f 986/704/699 673/701/696 1507/702/697
f 673/701/696 986/704/699 1432/1409/1383
f 762/1534/1504 614/1657/1614 987/675/670
f 27/163/163 762/1534/1504 987/675/670
f 988/915/904 989/386/386 1120/381/381
f 1016/923/912 988/915/904 71/924/913
f 988/915/904 1016/923/912 989/386/386
f 989/386/386 265/914/903 72/829/819
f 116/496/496 103/493/493 990/495/495
f 1065/484/484 116/496/496 990/495/495
f 1468/1035/1015 52/1036/1016 991/1609/1571
f 1295/1620/1582 52/1036/1016 319/1033/1013
f 991/1609/1571 992/1462/1433 324/1019/999
f 52/1036/1016 1295/1620/1582 991/1609/1571
f 304/128/128 993/966/948 994/960/943
f 662/130/130 993/966/948 304/128/128
f 954/968/950 307/545/545 994/960/943
f 954/968/950 994/960/943 993/966/948
f 669/1598/1561 995/1542/1511 622/697/692
f 622/697/692 995/1542/1511 208/700/695
f 996/1700/899 980/801/791 1238/800/790
f 996/910/899 1142/912/901 980/1039/791
f 997/769/762 209/725/720 598/1099/1075
f 1343/771/764 209/725/720 997/769/762
f 735/157/157 734/959/942 998/1320/1294
f 735/157/157 998/1320/1294 485/168/168
f 167/658/654 171/211/211 999/572/570
f 151/571/569 167/658/654 999/572/570
f 268/918/907 252/854/844 1000/355/355
f 1555/815/805 1000/355/355 269/920/909
f 1001/216/216 595/549/549 177/789/779
f 1001/216/216 177/789/779 38/214/214
f 321/548/548 1002/446/446 281/445/445
f 1002/446/446 321/548/548 141/547/547
f 108/390/390 1003/433/433 85/414/414
f 409/508/508 85/414/414 1003/433/433
f 1004/1543/1512 668/1324/1298 48/280/280
f 1004/1543/1512 1533/1544/1513 668/1324/1298
f 89/403/403 1005/412/412 136/404/404
f 76/402/402 1005/412/412 89/403/403
f 1006/1375/1349 1238/800/790 625/799/789
f 1251/139/139 1006/1375/1349 625/799/789
f 1385/1072/1048 672/811/801 1007/370/370
f 957/1603/1566 1007/370/370 620/369/369
f 134/950/566 1008/439/439 61/1721/334
f 1008/439/439 115/566/510 61/1721/334
f 880/1649/1609 871/1461/1432 1009/1595/1558
f 665/142/142 880/1649/1609 1009/1595/1558
f 1497/1412/1386 72/829/819 1010/379/379
f 280/814/804 1010/379/379 72/829/819
f 1633/1644/1605 1011/674/669 898/1645/1606
f 898/1645/1606 1647/1377/1351 655/1646/1607
f 1012/613/611 148/1152/1128 296/946/930
f 296/946/930 1506/153/153 1012/613/611
f 988/915/904 1013/383/383 71/924/913
f 71/924/913 1013/383/383 594/366/366
f 1014/957/940 1510/1073/1049 356/958/941
f 994/960/943 1014/957/940 356/958/941
f 418/695/690 1015/765/758 621/696/691
f 187/252/252 1019/720/715 418/695/690
f 265/914/903 1016/923/912 280/814/804
f 989/386/386 1016/923/912 265/914/903
f 1017/1322/1296 339/694/689 621/696/691
f 621/696/691 1004/1543/1512 1017/1322/1296
f 1018/917/906 458/882/871 267/853/843
f 280/814/804 458/882/871 1018/917/906
f 1015/765/758 1019/720/715 1311/1414/1388
f 418/695/690 1019/720/715 1015/765/758
f 1020/500/500 107/502/502 1483/479/479
f 292/499/499 1330/501/501 1020/500/500
f 285/890/879 1512/629/627 1021/643/639
f 1239/630/628 1021/643/639 1512/629/627
f 1022/1080/1056 415/755/749 363/754/748
f 1022/1080/1056 363/754/748 1568/719/714
f 551/1439/1410 1197/362/362 1023/361/361
f 1383/1443/1414 1023/361/361 687/941/926
f 1024/1083/1059 379/906/895 951/1581/1544
f 466/907/896 379/906/895 1024/1083/1059
f 727/788/778 206/738/732 1025/1563/767
f 1025/774/767 1624/729/724 685/775/768
f 1026/31/31 9/1585/1548 658/1470/1441
f 9/1585/1548 1026/31/31 1122/50/50
f 695/1624/1586 1027/1183/1158 939/1182/1157
f 436/1600/1563 1027/1183/1158 695/1624/1586
f 1648/1310/1284 688/1312/1286 1028/1314/1288
f 1028/1314/1288 688/1312/1286 1224/1618/1580
f 1514/1553/1520 1029/1321/1295 998/1320/1294
f 1029/1321/1295 1514/1553/1520 845/1190/1165
f 603/1084/1060 1030/315/315 842/274/274
f 1354/703/698 842/274/274 1030/315/315
f 1031/979/961 751/533/533 740/1032/1012
f 664/977/959 1031/979/961 1101/1030/1010
f 341/1052/1028 1032/1667/1623 946/1053/1029
f 946/1053/1029 1032/1667/1623 1228/1197/1172
f 1138/450/450 919/448/448 1033/451/451
f 919/448/448 1649/1708/1661 1033/451/451
f 56/1722/884 700/1629/1591 1034/1723/857
f 1244/255/255 1034/1723/857 1241/253/253
f 1035/622/620 28/1169/1144 440/1170/1145
f 1155/621/619 1037/166/166 1035/622/620
f 1547/1724/1673 42/1663/1619 1036/207/207
f 43/263/263 1140/193/193 408/181/181
f 1575/651/647 1037/166/166 1626/165/165
f 1035/622/620 1037/166/166 28/1169/1144
f 674/1605/1051 1038/1079/1055 1421/1579/1542
f 1263/736/731 1038/1079/1055 674/1605/1051
f 765/1413/1387 1039/223/223 104/288/288
f 273/692/687 104/288/288 1039/223/223
f 65/1106/1082 963/1228/1202 1040/1108/1084
f 372/311/311 65/1106/1082 1040/1108/1084
f 1605/1251/1225 1041/1694/1648 1042/1355/1329
f 971/1696/1650 857/1426/1400 1041/1694/1648
f 857/1426/1400 1042/1355/1329 1041/1694/1648
f 1242/1353/1327 1042/1355/1329 857/1426/1400
f 1299/1608/1570 480/156/156 1043/1607/1569
f 1315/121/121 480/156/156 1278/155/155
f 1044/1176/1151 421/1163/1138 1087/1177/1152
f 1044/1176/1151 794/159/159 421/1163/1138
f 1661/945/929 1251/139/139 293/141/141
f 928/846/836 1133/845/835 293/1037/141
f 674/1075/1051 1046/1077/1053 1411/1604/1567
f 1046/1077/1053 415/755/749 708/732/727
f 1047/47/47 351/1066/1042 1139/1067/1043
f 351/1066/1042 1047/47/47 938/49/49
f 1048/1670/782 317/232/232 119/995/239
f 592/238/238 1048/792/782 119/239/239
f 163/615/613 627/245/245 1639/1725/860
f 1104/1726/858 1639/1725/860 627/245/245
f 486/230/230 1050/1554/1521 1235/231/231
f 486/230/230 1600/1318/1292 1050/1554/1521
f 1051/105/105 337/541/541 662/130/130
f 1137/542/542 337/541/541 1051/105/105
f 1052/1497/1468 1614/537/537 581/115/115
f 662/130/130 1534/1589/1552 1051/105/105
f 910/679/674 1053/678/673 1606/690/685
f 6/38/38 1606/690/685 1053/678/673
f 1054/762/755 657/786/776 727/788/778
f 1054/762/755 727/788/778 1025/1563/767
f 14/761/754 1532/1583/1546 771/1582/1545
f 214/55/55 1531/782/773 1186/781/772
f 157/649/645 1628/1436/1408 1056/164/164
f 150/620/618 157/649/645 1155/621/619
f 667/360/360 1057/372/372 1297/1597/1560
f 667/360/360 1197/362/362 1057/372/372
f 1408/1452/1423 678/21/21 1058/1451/1422
f 1227/1713/1666 1058/1451/1422 1622/1712/1665
f 949/797/787 1059/27/27 1058/1451/1422
f 1671/410/410 1059/27/27 949/797/787
f 1060/592/590 713/1311/1285 631/1556/1523
f 377/597/595 1657/596/594 631/1556/1523
f 1061/1383/1357 1062/101/101 726/1628/1590
f 726/1628/1590 1214/127/127 1061/1383/1357
f 1062/101/101 635/475/475 726/1628/1590
f 118/100/100 635/475/475 1062/101/101
f 1063/58/58 199/57/57 5/1021/1001
f 1063/58/58 5/1021/1001 1405/1545/1514
f 1550/489/489 102/491/491 1064/42/42
f 75/41/41 1167/514/514 1064/42/42
f 1065/484/484 94/481/481 185/494/494
f 99/456/456 94/481/481 1065/484/484
f 1563/1482/1453 572/1279/1253 1066/1444/1415
f 1609/1366/1340 572/1279/1253 573/191/191
f 1313/1023/1003 1067/1022/1002 611/1154/1130
f 1068/1707/1660 325/1155/1131 611/1154/1130
f 1067/1022/1002 1068/1707/1660 611/1154/1130
f 1288/1532/1502 1568/719/714 1067/1022/1002
f 807/859/849 1069/861/851 796/1041/1017
f 1069/861/851 1344/862/852 796/1041/1017
f 140/194/194 1542/1664/1620 1070/1613/1575
f 140/194/194 1070/1613/1575 684/1614/1576
f 636/710/705 940/1564/753 1071/773/766
f 1071/773/766 194/33/33 636/710/705
f 451/1207/1181 1488/1715/1668 1072/1625/1587
f 451/1207/1181 1482/1195/1170 1581/1226/1200
f 222/1612/1574 1073/842/832 682/400/400
f 644/401/401 682/400/400 1073/842/832
f 1074/160/160 426/1184/1159 585/173/173
f 794/159/159 1333/586/584 1074/160/160
f 1075/273/273 1580/822/812 47/271/271
f 1146/954/937 441/953/936 1075/273/273
f 441/953/936 66/357/357 1076/1219/1193
f 1580/822/812 1075/273/273 441/953/936
f 305/1640/1602 1077/963/945 732/1727/1674
f 1632/962/217 732/1727/1674 1077/963/945
f 1073/842/832 694/902/891 1078/843/833
f 1078/843/833 694/902/891 240/903/892
f 563/579/577 1335/1522/1492 470/580/578
f 1080/1326/1300 470/580/578 1335/1522/1492
f 701/1344/1318 1080/1326/1300 879/1303/1277
f 1080/1326/1300 701/1344/1318 470/580/578
f 131/202/202 446/554/554 1081/553/553
f 783/200/200 131/202/202 1081/553/553
f 1082/555/555 37/551/551 1081/553/553
f 37/551/551 1082/555/555 1160/970/952
f 1083/277/277 46/531/531 45/278/278
f 336/520/520 46/531/531 1513/557/557
f 1084/1634/1596 975/1590/1553 312/976/958
f 744/975/957 1084/1634/1596 312/976/958
f 1085/1290/1264 478/1371/1345 577/1387/1361
f 745/1292/1266 1210/1287/1261 1085/1290/1264
f 1086/1281/1255 675/1298/1272 17/1719/1672
f 1086/1281/1255 17/1719/1672 979/90/90
f 19/1165/1140 1087/1177/1152 421/1163/1138
f 1087/1177/1152 19/1165/1140 1347/1389/1363
f 961/717/712 912/93/93 1088/718/713
f 1088/718/713 912/93/93 1447/1706/1659
f 706/560/560 120/226/226 1089/524/524
f 751/533/533 706/560/560 1089/524/524
f 1090/826/816 582/818/808 672/811/801
f 1090/826/816 1271/1602/1565 582/818/808
f 1091/1235/1209 497/1237/1211 557/1352/1326
f 1091/1235/1209 557/1352/1326 1408/1452/1423
f 365/1116/1092 1092/1647/1608 1292/228/228
f 365/1116/1092 639/1085/1061 1442/1120/1096
f 729/1639/1601 1375/1380/1354 1093/1245/1219
f 1268/1681/1635 1577/1247/1221 829/1249/1223
f 392/1137/1113 1365/1097/1073 1094/132/132
f 1094/132/132 195/113/113 392/1137/1113
f 1148/956/939 1095/345/345 302/358/358
f 302/358/358 1095/345/345 775/347/347
f 522/1410/1384 1351/346/346 1095/345/345
f 1351/346/346 522/1410/1384 524/290/290
f 1097/235/235 1141/1474/1445 154/637/635
f 1097/235/235 154/637/635 852/457/457
f 1098/15/15 658/1470/1441 924/1584/1547
f 973/14/14 658/1470/1441 1098/15/15
f 575/985/967 1099/984/966 473/1275/1249
f 1410/1391/1365 1312/233/233 317/232/232
f 1100/22/22 1392/1710/1663 564/1333/1307
f 823/23/23 1100/22/22 564/1333/1307
f 1101/1030/1010 740/1032/1012 1536/1659/1616
f 1031/979/961 740/1032/1012 1101/1030/1010
f 1102/1509/1479 1185/1498/1469 152/114/114
f 152/114/114 1394/606/604 1393/631/629
f 496/74/74 462/1229/1203 1103/1232/1206
f 1103/1232/1206 17/1719/1672 496/74/74
f 56/895/884 256/869/859 1104/868/858
f 1104/1726/858 627/245/245 1562/244/244
f 684/1614/1576 1105/1028/1008 850/1026/1006
f 684/1614/1576 683/584/582 1395/582/580
f 1106/1367/1341 955/1276/1250 34/1368/1342
f 1106/1367/1341 34/1368/1342 503/1277/1251
f 254/102/102 285/890/879 1107/739/733
f 1107/739/733 285/890/879 1021/643/639
f 1108/1728/1675 285/890/879 254/102/102
f 1177/94/94 1108/1728/1675 254/102/102
f 1109/1258/1232 1187/1392/1366 32/1394/1368
f 1109/1258/1232 1110/1255/1229 881/1269/1243
f 1110/1255/1229 1109/1258/1232 32/1394/1368
f 32/1394/1368 749/1253/1227 1110/1255/1229
f 1111/989/971 314/1655/1459 316/1729/1460
f 313/987/969 314/1655/1459 1111/989/971
f 1112/129/129 304/128/128 612/158/158
f 581/115/115 1112/129/129 612/158/158
f 1113/1218/1192 422/1217/1191 1583/1730/1676
f 439/1178/1153 1113/1218/1192 455/145/145
f 1114/1220/1194 1659/146/146 455/145/145
f 1113/1218/1192 1583/1730/1676 455/145/145
f 481/1301/1275 1115/1325/1299 1579/32/32
f 1115/1325/1299 481/1301/1275 879/1303/1277
f 1116/955/938 66/357/357 448/952/935
f 1678/973/955 448/952/935 1474/972/954
f 165/667/662 1117/302/302 169/507/507
f 155/261/261 1357/260/260 165/667/662
f 245/860/850 1118/885/874 1069/861/851
f 1118/885/874 245/860/850 645/1731/1677
f 1119/913/902 1118/885/874 645/1731/1677
f 645/1731/1677 1150/1515/1485 1119/913/902
f 235/837/827 965/908/897 1261/1718/1671
f 235/837/827 1261/1718/1671 257/1477/1448
f 846/1468/1439 1281/1403/1377 1121/1332/1306
f 846/1468/1439 1121/1332/1306 942/1469/1440
f 1377/1521/1491 1122/50/50 1335/1522/1492
f 942/1469/1440 1121/1332/1306 1122/50/50
f 809/936/922 1123/599/597 284/611/609
f 809/936/922 567/600/598 1123/599/597
f 1124/828/818 1641/384/384 989/386/386
f 835/1685/1639 1641/384/384 1124/828/818
f 227/806/796 228/415/415 1125/798/788
f 1227/1713/1666 227/806/796 1125/798/788
f 697/740/734 1151/647/643 1126/1016/996
f 433/623/621 1162/625/623 150/620/618
f 1489/1494/1465 1127/1448/1419 476/1283/1257
f 707/1504/1475 555/1349/1323 1127/1448/1419
f 1523/1680/1634 829/1249/1223 1128/1617/1579
f 602/1248/1222 1128/1617/1579 829/1249/1223
f 246/1038/140 1129/1040/853 1166/1571/1534
f 246/140/140 1251/139/139 1129/863/853
f 48/280/280 766/1323/1297 1130/1013/993
f 1130/1013/993 766/1323/1297 950/1208/1182
f 559/262/262 1131/1568/294 772/1456/1427
f 1472/933/295 1131/1568/294 559/262/262
f 261/1244/1218 1132/1514/1484 831/1516/1486
f 1132/1514/1484 907/1684/1638 831/1516/1486
f 1233/1507/1477 1045/1732/928 1133/845/835
f 1133/845/835 1045/1732/928 293/1037/141
f 1134/1172/1147 1443/1171/1146 728/1460/1431
f 1134/1172/1147 728/1460/1431 433/623/621
f 337/541/541 1135/543/543 1516/965/947
f 1527/1699/1653 306/967/949 1135/543/543
f 1136/107/107 132/559/559 870/564/564
f 870/564/564 1135/543/543 1137/542/542
f 1136/107/107 870/564/564 1137/542/542
f 1136/107/107 1137/542/542 1051/105/105
f 102/491/491 334/490/490 1138/450/450
f 102/491/491 1138/450/450 360/52/52
f 1139/1067/1043 866/1450/1421 1047/47/47
f 624/515/515 866/1450/1421 1139/1067/1043
f 43/263/263 1036/207/207 1140/193/193
f 1036/207/207 780/192/192 1140/193/193
f 896/286/286 60/342/342 1141/1474/1445
f 1141/1474/1445 1097/235/235 896/286/286
f 1142/912/901 659/1570/1533 1129/1040/853
f 1142/912/901 660/325/325 659/1570/1533
f 1143/51/51 135/420/420 413/441/441
f 413/441/441 1169/428/428 1143/51/51
f 153/691/686 856/1480/1451 1144/199/199
f 856/1480/1451 93/455/455 1619/1626/1588
f 233/256/256 1145/1733/1678 953/257/257
f 769/932/920 1145/1733/1678 233/256/256
f 1146/954/937 1075/273/273 652/272/272
f 1146/954/937 652/272/272 308/1577/1540
f 1147/391/391 1165/516/516 1554/1734/1679
f 225/399/399 1165/516/516 1147/391/391
f 1116/955/938 501/291/291 1148/956/939
f 501/291/291 1095/345/345 1148/956/939
f 670/1601/1564 1149/1246/1220 1375/1380/1354
f 1149/1246/1220 670/1601/1564 1132/1514/1484
f 1150/1515/1485 830/905/894 1258/1683/1637
f 830/905/894 1150/1515/1485 645/1731/1677
f 1151/647/643 157/649/645 150/620/618
f 1162/625/623 1151/647/643 150/620/618
f 645/1731/1677 245/860/850 1152/887/876
f 1522/305/305 830/905/894 645/1731/1677
f 1383/1443/1414 687/941/926 1153/1442/1413
f 1523/1680/1634 848/1682/1636 1153/1442/1413
f 1525/1689/1643 289/307/307 1154/940/925
f 1434/1616/1578 1153/1442/1413 848/1682/1636
f 157/649/645 1056/164/164 1155/621/619
f 1155/621/619 1056/164/164 1037/166/166
f 1156/1517/1487 602/1248/1222 261/1244/1218
f 602/1248/1222 1258/1683/1637 1128/1617/1579
f 668/1324/1298 669/1598/1561 1157/1599/1562
f 1157/1599/1562 1488/1715/1668 668/1324/1298
f 1158/1457/1428 43/263/263 559/262/262
f 1547/1724/1673 1036/207/207 43/263/263
f 48/280/280 331/279/279 1159/1059/1035
f 346/250/250 1159/1059/1035 331/279/279
f 310/969/951 309/964/946 1160/970/952
f 310/969/951 1160/970/952 1082/555/555
f 109/437/437 1161/436/436 50/642/638
f 50/642/638 1161/436/436 171/211/211
f 1162/625/623 1126/1016/996 1151/647/643
f 1162/625/623 1279/624/622 1126/1016/996
f 294/408/408 1163/807/797 228/415/415
f 1163/807/797 1125/798/788 228/415/415
f 1164/208/208 591/660/656 153/691/686
f 578/209/209 1164/208/208 1651/198/198
f 1165/516/516 117/1068/1044 75/41/41
f 1165/516/516 75/41/41 1554/1734/1679
f 647/1043/1019 1166/1571/1534 330/1042/1018
f 647/1043/1019 246/1038/140 1166/1571/1534
f 813/513/513 10/517/517 1167/514/514
f 1064/42/42 1167/514/514 10/517/517
f 873/1268/1242 890/1265/1239 1168/1454/1425
f 873/1268/1242 1168/1454/1425 720/1466/1437
f 1169/428/428 81/43/43 1143/51/51
f 1169/428/428 75/41/41 81/43/43
f 1170/565/565 889/170/170 129/546/546
f 1170/565/565 870/564/564 889/170/170
f 630/1339/1313 882/1555/1522 1171/144/144
f 1171/144/144 882/1555/1522 562/1327/1301
f 577/1387/1361 510/1282/1256 1172/92/92
f 1172/92/92 510/1282/1256 1086/1281/1255
f 1173/218/218 1457/825/815 40/203/203
f 605/892/881 1369/893/882 40/203/203
f 1366/398/398 918/1473/1444 1174/396/396
f 123/394/394 1174/396/396 918/1473/1444
f 1175/1502/1473 583/96/96 147/610/608
f 1663/397/397 1174/396/396 583/96/96
f 194/33/33 1176/1688/1642 248/708/703
f 1406/35/35 1176/1688/1642 194/33/33
f 1177/94/94 18/752/746 1108/1728/1675
f 1177/94/94 610/1531/1501 18/752/746
f 285/890/879 1108/1728/1675 1178/888/877
f 18/752/746 1178/888/877 1108/1728/1675
f 214/55/55 1179/82/82 1531/782/773
f 952/1716/1669 1179/82/82 214/55/55
f 1677/248/248 760/268/268 1180/1653/1613
f 1677/248/248 1180/1653/1613 774/249/249
f 396/1102/1078 1181/1127/1103 741/1104/1080
f 1181/1127/1103 380/1125/1101 741/1104/1080
f 1182/1297/1271 1666/1692/1646 854/1536/1506
f 900/20/20 1182/1297/1271 854/1536/1506
f 1297/1597/1560 1057/372/372 1183/1511/1481
f 553/1445/1416 1481/590/588 1060/592/590
f 1184/1447/1418 750/1393/1367 755/185/185
f 1184/1447/1418 1092/1647/1608 750/1393/1367
f 847/1385/1359 1185/1498/1469 1102/1509/1479
f 847/1385/1359 1448/1496/1467 1185/1498/1469
f 1531/782/773 14/761/754 1186/781/772
f 636/759/705 1186/781/772 14/761/754
f 755/185/185 1187/1392/1366 956/1631/1593
f 956/1631/1593 1187/1392/1366 513/1256/1230
f 1188/62/62 1612/1623/1585 1248/63/63
f 1188/62/62 505/803/793 1612/1623/1585
f 1189/1294/1268 479/1206/1180 922/1200/1175
f 1189/1294/1268 861/1173/1148 479/1206/1180
f 1190/733/728 876/764/757 200/1578/1541
f 1573/1078/1054 768/734/729 1190/733/728
f 806/1596/1559 1192/1335/1309 1191/1338/1312
f 757/581/579 806/1596/1559 1191/1338/1312
f 850/1026/1006 1192/1335/1309 1450/1027/1007
f 1192/1335/1309 806/1596/1559 1451/1672/1626
f 959/1211/1185 428/363/363 1193/1212/1186
f 1621/1092/1068 428/363/363 1285/681/676
f 271/891/880 784/926/914 1194/889/878
f 1194/889/878 291/751/745 271/891/880
f 1195/1362/1336 1591/1408/1382 1096/856/846
f 1576/289/289 1351/346/346 524/290/290
f 1196/1546/1515 414/1153/1129 680/40/40
f 1313/1023/1003 611/1154/1130 414/1153/1129
f 1197/362/362 68/373/373 1057/372/372
f 1197/362/362 1561/351/351 68/373/373
f 1198/1567/1532 1265/323/323 1388/1676/1630
f 232/834/824 1524/817/807 1388/1676/1630
f 1441/75/75 738/1300/1274 1199/76/76
f 1668/1642/1604 1199/76/76 738/1300/1274
f 447/1196/1171 939/1182/1157 1200/1222/1196
f 447/1196/1171 1200/1222/1196 429/341/341
f 124/1134/1110 1201/1091/1067 394/1093/1069
f 394/1093/1069 1201/1091/1067 368/1094/1070
f 1643/1214/1188 1202/147/147 794/159/159
f 438/1179/1154 439/1178/1153 1202/147/147
f 544/1128/1104 1203/1115/1091 403/1113/1089
f 1203/1115/1091 391/1123/1099 403/1113/1089
f 1204/1526/1496 616/377/377 1496/832/822
f 1204/1526/1496 608/1240/1214 616/377/377
f 556/1329/1303 1205/1449/1420 866/1450/1421
f 1622/1712/1665 556/1329/1303 227/806/796
f 367/1224/1198 1/328/328 1206/318/318
f 1206/318/318 1675/317/317 367/1224/1198
f 1207/664/660 803/1121/1097 142/343/343
f 1207/664/660 142/343/343 60/342/342
f 977/587/585 1208/589/587 901/1122/1098
f 825/1313/1287 901/1122/1098 1208/589/587
f 1209/983/965 761/234/234 1099/984/966
f 761/1735/234 1209/1654/965 313/987/969
f 478/1371/1345 1210/1287/1261 1431/1286/1260
f 1085/1290/1264 1210/1287/1261 478/1371/1345
f 1412/993/975 1211/1347/1321 793/994/976
f 477/1503/1474 793/994/976 1211/1347/1321
f 1212/81/81 909/109/109 212/779/770
f 1055/111/111 1212/81/81 212/779/770
f 618/474/474 1361/473/473 1213/1637/1599
f 618/474/474 1213/1637/1599 978/578/576
f 906/454/454 698/483/483 1214/127/127
f 98/482/482 1214/127/127 698/483/483
f 832/896/885 1215/338/338 860/337/337
f 1215/338/338 832/896/885 64/349/349
f 1284/875/865 1216/881/870 834/876/866
f 834/876/866 1216/881/870 710/830/820
f 899/838/828 1345/897/886 1217/1704/1657
f 899/838/828 1217/1704/1657 69/836/826
f 1218/1388/1362 1602/1370/1344 1085/1290/1264
f 1218/1388/1362 19/1165/1140 504/1164/1139
f 1475/1518/1488 143/665/661 1219/283/283
f 1219/283/283 143/665/661 459/594/592
f 1477/1736/1680 1434/1616/1578 63/352/352
f 1477/1736/1680 63/352/352 1561/351/351
f 1370/1562/1529 1221/1500/1471 576/1492/1463
f 576/1492/1463 1222/1478/1449 236/1490/1461
f 1221/1500/1471 1222/1478/1449 576/1492/1463
f 1222/1478/1449 1221/1500/1471 568/1476/1447
f 1428/1540/1510 617/425/425 1223/1018/998
f 1223/1018/998 617/425/425 1339/427/427
f 484/376/376 1224/1618/1580 688/1312/1286
f 465/375/375 1224/1618/1580 484/376/376
f 1254/297/297 1225/1737/1681 130/556/556
f 1545/1738/561 1031/1643/961 1511/558/558
f 80/387/387 1226/417/417 74/395/395
f 1414/419/419 74/395/395 1226/417/417
f 1125/798/788 949/797/787 1227/1713/1666
f 1227/1713/1666 949/797/787 1058/1451/1422
f 946/1053/1029 1228/1197/1172 797/1194/1169
f 429/341/341 797/1194/1169 1228/1197/1172
f 1229/11/11 818/1677/1631 193/1423/1397
f 1229/11/11 193/1423/1397 1245/1354/1328
f 818/1677/1631 1234/709/704 1230/1357/1331
f 818/1677/1631 1230/1357/1331 193/1423/1397
f 406/1506/1124 1231/1739/798 1233/1507/1477
f 1231/1739/798 1045/1732/928 1233/1507/1477
f 1232/922/911 894/299/299 752/1188/1163
f 234/1648/1178 1232/922/911 752/1188/1163
f 20/847/837 1233/1507/1477 1133/845/835
f 588/110/110 1233/1507/1477 20/847/837
f 1234/709/704 500/1306/1280 543/1425/1399
f 1234/709/704 844/712/707 500/1306/1280
f 904/1205/1179 1235/231/231 434/1189/1164
f 1235/231/231 904/1205/1179 266/229/229
f 619/1191/1166 1514/1553/1520 1236/204/204
f 1236/204/204 947/1541/813 619/1191/1166
f 894/299/299 427/301/301 1237/1187/1162
f 1237/1187/1162 427/301/301 250/878/809
f 1647/1377/1351 1238/800/790 895/1374/1348
f 1238/800/790 1006/1375/1349 895/1374/1348
f 420/644/640 1239/630/628 550/626/624
f 1021/643/639 1239/630/628 420/644/640
f 505/803/793 1240/1420/1394 656/1373/1347
f 1188/62/62 1240/1420/1394 505/803/793
f 1241/253/253 1034/1723/857 700/1629/1591
f 700/1629/1591 696/246/246 1241/253/253
f 4/12/12 1242/1353/1327 857/1426/1400
f 4/12/12 1229/11/11 1242/1353/1327
f 1243/1101/1077 370/1009/989 396/1102/1078
f 1243/1101/1077 396/1102/1078 402/465/465
f 642/309/309 1034/867/857 1244/1569/255
f 1320/293/293 642/309/309 1244/1569/255
f 1245/1354/1328 534/1250/1224 1642/1252/1226
f 1245/1354/1328 193/1423/1397 534/1250/1224
f 42/1663/1619 1246/206/206 1036/207/207
f 1519/1458/1429 1246/206/206 42/1663/1619
f 1610/1740/1682 1247/10/10 4/12/12
f 1322/844/834 930/1690/1644 1247/10/10
f 1248/63/63 1612/1623/1585 1073/842/832
f 1248/63/63 1073/842/832 222/1612/1574
f 1249/937/923 1234/709/704 818/1677/1631
f 849/841/831 1249/937/923 818/1677/1631
f 1250/648/644 156/645/641 1628/1436/1408
f 1107/739/733 156/645/641 1250/648/644
f 1251/139/139 223/84/84 948/1548/1517
f 948/1548/1517 981/804/794 1251/139/139
f 506/1379/1353 425/314/314 1252/316/316
f 506/1379/1353 1252/316/316 897/1381/1355
f 979/90/90 17/1719/1672 1253/77/77
f 979/90/90 1253/77/77 1423/79/79
f 1546/1741/527 1254/297/297 290/296/296
f 128/1742/562 1225/1737/1681 1254/297/297
f 1584/793/783 1255/480/480 1664/505/505
f 1483/479/479 107/502/502 1255/480/480
f 1256/171/171 889/170/170 92/563/563
f 1256/171/171 92/563/563 91/487/487
f 1257/1698/1652 134/950/566 872/949/933
f 1526/440/440 1008/439/439 134/950/566
f 602/1248/1222 1156/1517/1487 1258/1683/1637
f 1156/1517/1487 1150/1515/1485 1258/1683/1637
f 1676/1417/1391 655/1646/1607 1259/1418/1392
f 1259/1418/1392 655/1646/1607 821/1376/1350
f 173/37/37 1260/36/36 79/46/46
f 1260/36/36 362/444/444 79/46/46
f 1559/385/385 1261/1718/1671 1120/381/381
f 1120/381/381 1261/1718/1671 262/382/382
f 1536/1659/1616 966/534/534 1262/523/523
f 327/1031/1011 1262/523/523 1654/1593/1556
f 768/734/729 1263/736/731 686/1615/1577
f 727/788/778 686/1615/1577 1263/736/731
f 661/1588/1551 1534/1589/1552 1264/1055/1031
f 1264/1055/1031 112/106/106 661/1588/1551
f 1215/338/338 353/1070/1046 1265/323/323
f 640/1675/1629 1265/323/323 353/1070/1046
f 1174/396/396 509/1384/1358 1266/97/97
f 1266/97/97 509/1384/1358 1390/1386/1360
f 1267/670/665 1673/577/575 139/576/574
f 139/576/574 846/1468/1439 1267/670/665
f 729/1639/1601 1268/1681/1635 687/941/926
f 729/1639/1601 1577/1247/1221 1268/1681/1635
f 1644/898/887 1269/28/28 644/401/401
f 644/401/401 1269/28/28 1059/27/27
f 1270/1422/1396 533/714/709 543/1425/1399
f 533/714/709 1372/1429/1403 494/1428/1402
f 1271/1602/1565 1346/1499/1470 671/1501/1472
f 1271/1602/1565 671/1501/1472 633/1558/1525
f 1272/59/59 1601/449/449 914/453/453
f 1280/393/393 360/52/52 7/1074/1050
f 860/337/337 648/1697/1651 1273/865/855
f 1273/865/855 1662/1587/1550 1274/911/900
f 1381/1743/1683 1273/865/855 1274/911/900
f 614/1720/1614 1381/1743/1683 1274/911/900
f 8/778/53 1275/711/706 944/872/862
f 8/778/53 636/710/705 1275/711/706
f 123/394/394 1280/393/393 1276/535/535
f 1276/535/535 509/1384/1358 123/394/394
f 404/1000/980 372/311/311 1277/1034/1014
f 404/1000/980 1277/1034/1014 724/1638/1600
f 1315/121/121 1278/155/155 976/122/122
f 1278/155/155 1314/1257/1231 976/122/122
f 1279/624/622 323/1015/995 1126/1016/996
f 1279/624/622 679/1459/1430 323/1015/995
f 1272/59/59 1280/393/393 7/1074/1050
f 1280/393/393 1272/59/59 967/536/536
f 1281/1403/1377 606/68/68 637/1565/1530
f 1281/1403/1377 637/1565/1530 1121/1332/1306
f 1103/1232/1206 1282/1231/1205 811/78/78
f 1282/1231/1205 1684/1673/1627 811/78/78
f 1599/1316/1290 1283/904/893 260/852/842
f 893/632/630 260/852/842 1283/904/893
f 826/374/374 714/1513/1483 1409/879/868
f 714/1513/1483 634/880/869 1409/879/868
f 1285/681/676 692/1622/1584 1325/1124/1100
f 428/363/363 692/1622/1584 1285/681/676
f 97/619/617 1286/1382/1356 635/475/475
f 726/1628/1590 635/475/475 1286/1382/1356
f 1201/1091/1067 1287/999/979 792/1539/1509
f 1428/1540/1510 1287/999/979 617/425/425
f 1067/1022/1002 199/57/57 1288/1532/1502
f 685/775/768 1288/1532/1502 199/57/57
f 423/66/66 799/1198/1173 1289/67/67
f 1289/67/67 799/1198/1173 424/1175/1150
f 615/8/8 1290/7/7 494/1428/1402
f 1290/7/7 533/714/709 494/1428/1402
f 1291/1396/1370 874/1398/1372 646/1266/1240
f 719/16/16 1291/1396/1370 646/1266/1240
f 554/525/525 120/226/226 1292/228/228
f 1292/228/228 1184/1447/1418 554/525/525
f 1294/364/364 1400/1702/1655 1293/1701/1654
f 507/1082/1058 1293/1701/1654 1375/1380/1354
f 507/1082/1058 1024/1083/1059 1294/364/364
f 1294/364/364 1293/1701/1654 507/1082/1058
f 992/1462/1433 1295/1620/1582 932/195/195
f 992/1462/1433 991/1609/1571 1295/1620/1582
f 754/998/978 724/1638/1600 1296/426/426
f 754/998/978 1296/426/426 1287/999/979
f 553/1445/1416 1297/1597/1560 1481/590/588
f 553/1445/1416 1319/1446/1417 1297/1597/1560
f 853/1334/1308 1298/1336/1310 1191/1338/1312
f 1298/1336/1310 853/1334/1308 1377/1521/1491
f 1494/1299/1273 1299/1608/1570 1043/1607/1569
f 552/148/148 1620/150/150 675/1298/1272
f 366/935/921 1300/1095/1071 120/226/226
f 1478/1089/1065 394/1093/1069 1300/1095/1071
f 1301/1007/987 457/1054/1030 797/1194/1169
f 1301/1007/987 862/1142/1118 457/1054/1030
f 386/1103/1079 328/1105/1081 1302/1136/1112
f 1466/1135/1111 386/1103/1079 1302/1136/1112
f 1303/1305/1279 1406/35/35 482/1278/1252
f 1303/1305/1279 482/1278/1252 1270/1422/1396
f 12/88/88 742/1415/1389 1304/1416/1390
f 1304/1416/1390 865/680/675 12/88/88
f 495/981/963 1681/1348/1322 1305/982/964
f 1305/982/964 580/1678/1632 824/991/973
f 1306/886/875 804/1132/1108 253/727/722
f 1306/886/875 253/727/722 1069/861/851
f 1307/329/329 189/470/470 57/472/472
f 347/330/330 1307/329/329 57/472/472
f 317/232/232 1308/1591/1554 744/975/957
f 744/975/957 1308/1591/1554 1615/1592/1555
f 529/1069/1045 1309/152/152 352/656/652
f 1456/654/650 352/656/652 1309/152/152
f 80/387/387 1463/389/389 1310/421/421
f 1310/421/421 1226/417/417 80/387/387
f 208/700/695 1311/1414/1388 528/724/719
f 487/767/760 1669/766/759 208/700/695
f 1099/984/966 1312/233/233 1410/1391/1365
f 761/234/234 1312/233/233 1099/984/966
f 1196/1546/1515 1313/1023/1003 414/1153/1129
f 5/1021/1001 1313/1023/1003 1196/1546/1515
f 663/1632/1594 1314/1257/1231 1278/155/155
f 956/1631/1593 1314/1257/1231 663/1632/1594
f 1043/1607/1569 1315/121/121 703/1606/1568
f 1043/1607/1569 480/156/156 1315/121/121
f 973/14/14 1401/1304/1278 1316/1363/1337
f 973/14/14 1316/1363/1337 1579/32/32
f 939/1182/1157 1317/1223/1197 1200/1222/1196
f 521/698/693 1317/1223/1197 939/1182/1157
f 3/1365/1339 1318/1309/1283 1367/1308/1282
f 1402/1364/1338 1318/1309/1283 3/1365/1339
f 1319/1446/1417 553/1445/1416 1501/595/593
f 1501/595/593 1499/1580/1543 1319/1446/1417
f 569/310/310 642/309/309 1320/293/293
f 1476/909/898 1320/293/293 279/821/811
f 433/623/621 1540/1168/1143 1321/1201/1176
f 1611/1202/1177 1321/1201/1176 1541/1216/1190
f 1322/844/834 1247/10/10 1610/1740/1682
f 982/899/888 1322/844/834 258/900/889
f 229/83/83 1323/840/830 982/899/888
f 982/899/888 1323/840/830 1322/844/834
f 1324/117/117 867/772/765 984/721/716
f 1324/117/117 1342/118/118 867/772/765
f 951/1581/1544 1499/1580/1543 1325/1124/1100
f 692/1622/1584 951/1581/1544 1325/1124/1100
f 1326/48/48 490/1330/1304 677/70/70
f 938/49/49 1326/48/48 677/70/70
f 715/1302/1276 3/1365/1339 1327/25/25
f 715/1302/1276 1327/25/25 879/1303/1277
f 1484/1406/1380 798/1401/1375 1328/1527/1497
f 798/1401/1375 608/1240/1214 1328/1527/1497
f 496/74/74 1329/1537/1507 854/1536/1506
f 496/74/74 1291/1396/1370 1329/1537/1507
f 1330/501/501 292/499/499 186/492/492
f 1330/501/501 186/492/492 273/692/687
f 585/173/173 1331/1289/1263 477/1503/1474
f 477/1503/1474 1539/1666/1622 793/994/976
f 769/932/920 1332/264/264 1607/1150/1126
f 769/932/920 559/262/262 1332/264/264
f 1333/586/584 426/1184/1159 1074/160/160
f 1333/586/584 453/1185/1160 426/1184/1159
f 284/611/609 159/655/651 1334/103/103
f 1456/654/650 1334/103/103 159/655/651
f 1079/30/30 1335/1522/1492 1122/50/50
f 1079/30/30 1080/1326/1300 1335/1522/1492
f 1336/190/190 824/991/973 902/990/972
f 1305/982/964 824/991/973 1618/1486/1457
f 488/1342/1316 879/1303/1277 1337/1453/1424
f 1337/1453/1424 879/1303/1277 1327/25/25
f 370/1009/989 1338/1129/1105 1181/1127/1103
f 370/1009/989 322/1011/991 1338/1129/1105
f 1339/427/427 1296/426/426 676/1147/1123
f 1339/427/427 676/1147/1123 324/1019/999
f 1154/940/925 1340/833/823 237/353/353
f 1340/833/823 1386/835/825 237/353/353
f 1341/306/306 232/834/824 1340/833/823
f 1341/306/306 1524/817/807 232/834/824
f 1342/118/118 31/1049/1025 1343/771/764
f 329/137/137 31/1049/1025 1667/138/138
f 1343/771/764 410/726/721 1424/728/723
f 410/726/721 1343/771/764 333/1048/1024
f 333/1048/1024 1344/862/852 410/726/721
f 1344/862/852 333/1048/1024 796/1041/1017
f 1346/1499/1470 238/348/348 1345/897/886
f 1345/897/886 257/1477/1448 568/1476/1447
f 1346/1499/1470 568/1476/1447 671/1501/1472
f 1345/897/886 568/1476/1447 1346/1499/1470
f 1347/1389/1363 1218/1388/1362 577/1387/1361
f 1347/1389/1363 577/1387/1361 1535/1493/1464
f 1348/1065/1041 934/1711/1664 813/513/513
f 1348/1065/1041 1572/1686/1640 934/1711/1664
f 249/813/803 1349/371/371 1007/370/370
f 1349/371/371 249/813/803 826/374/374
f 1350/201/201 783/200/200 452/485/485
f 452/485/485 1493/224/224 1350/201/201
f 1096/856/846 1351/346/346 1576/289/289
f 1096/856/846 593/858/848 1351/346/346
f 1352/154/154 503/1277/1251 730/1369/1343
f 1352/154/154 730/1369/1343 975/1590/1553
f 1353/354/354 364/1378/1352 959/1211/1185
f 364/1378/1352 1353/354/354 843/339/339
f 383/1131/1107 842/274/274 1354/703/698
f 1354/703/698 985/1130/1106 383/1131/1107
f 1355/71/71 1462/1199/1174 837/1674/1628
f 921/1180/1155 1355/71/71 439/1178/1153
f 1356/350/350 974/894/883 247/308/308
f 1356/350/350 256/869/859 974/894/883
f 165/667/662 1357/260/260 1117/302/302
f 416/1161/1136 1117/302/302 1357/260/260
f 748/321/321 1358/1621/1583 1551/1399/1373
f 748/321/321 515/344/344 1358/1621/1583
f 570/459/459 1359/458/458 649/1404/1378
f 1359/458/458 747/1243/1217 1396/1405/1379
f 1360/1159/1135 1498/756/750 415/755/749
f 1360/1159/1135 415/755/749 1446/1635/1597
f 1213/1637/1599 1361/473/473 840/69/69
f 1572/1686/1640 840/69/69 1361/473/473
f 58/322/322 691/1241/1215 1362/1572/1535
f 154/637/635 58/322/322 1362/1572/1535
f 1363/849/839 1364/1319/1293 926/1317/1291
f 1608/850/840 1363/849/839 926/1317/1291
f 1364/1319/1293 1600/1318/1292 486/230/230
f 486/230/230 926/1317/1291 1364/1319/1293
f 1365/1097/1073 197/1138/1114 369/243/243
f 197/1138/1114 1365/1097/1073 392/1137/1113
f 1366/398/398 179/598/596 567/600/598
f 179/598/596 1366/398/398 1663/397/397
f 1367/1308/1282 537/1421/1395 463/1427/1401
f 1449/26/26 463/1427/1401 712/24/24
f 537/1421/1395 1368/9/9 463/1427/1401
f 537/1421/1395 541/1307/1281 1368/9/9
f 40/203/203 1369/893/882 1173/218/218
f 1173/218/218 1369/893/882 1425/219/219
f 839/1561/1528 1221/1500/1471 1370/1562/1529
f 839/1561/1528 1370/1562/1529 634/880/869
f 1371/468/468 1243/1101/1077 95/464/464
f 1371/468/468 95/464/464 190/467/467
f 1270/1422/1396 1372/1429/1403 533/714/709
f 1270/1422/1396 482/1278/1252 1372/1429/1403
f 1373/787/777 1403/131/131 390/133/133
f 390/133/133 791/1098/1074 1373/787/777
f 1374/411/411 77/407/407 226/677/672
f 1670/409/409 1374/411/411 226/677/672
f 1375/1380/1354 897/1381/1355 670/1601/1564
f 1375/1380/1354 1293/1701/1654 897/1381/1355
f 681/1419/1393 1188/62/62 1376/64/64
f 681/1419/1393 1376/64/64 865/680/675
f 1377/1521/1491 853/1334/1308 942/1469/1440
f 1122/50/50 1377/1521/1491 942/1469/1440
f 871/1461/1432 561/1463/1434 1378/1465/1436
f 1009/1595/1558 871/1461/1432 1378/1465/1436
f 140/194/194 1379/1025/1005 709/1020/1000
f 709/1020/1000 1379/1025/1005 1450/1027/1007
f 210/1547/1516 1380/34/34 1071/773/766
f 210/1547/1516 1405/1545/1514 1380/34/34
f 263/866/856 1381/1743/1683 614/1720/1614
f 1273/865/855 1381/1743/1683 263/866/856
f 389/722/717 369/243/243 1382/1100/1076
f 197/1138/1114 1382/1100/1076 369/243/243
f 1383/1443/1414 551/1439/1410 1023/361/361
f 1220/1440/1411 551/1439/1410 1383/1443/1414
f 1384/699/694 521/698/693 1027/1183/1158
f 1384/699/694 1027/1183/1158 669/1598/1561
f 1385/1072/1048 1007/370/370 957/1603/1566
f 957/1603/1566 237/353/353 1385/1072/1048
f 1386/835/825 812/1071/1047 1385/1072/1048
f 1388/1676/1630 812/1071/1047 1386/835/825
f 1387/324/324 1198/1567/1532 650/1573/1536
f 650/1573/1536 660/325/325 1387/324/324
f 1388/1676/1630 1265/323/323 640/1675/1629
f 1388/1676/1630 640/1675/1629 812/1071/1047
f 1309/152/152 529/1069/1045 1389/609/607
f 1012/613/611 1389/609/607 529/1069/1045
f 746/98/98 1390/1386/1360 600/633/631
f 1266/97/97 1390/1386/1360 746/98/98
f 1391/1331/1305 9/1585/1548 1121/1332/1306
f 924/1584/1547 9/1585/1548 1391/1331/1305
f 1392/1710/1663 924/1584/1547 1391/1331/1305
f 923/1610/1572 924/1584/1547 1392/1710/1663
f 1102/1509/1479 152/114/114 1393/631/629
f 1102/1509/1479 1393/631/629 1613/1510/1480
f 893/632/630 1394/606/604 260/852/842
f 1393/631/629 1394/606/604 893/632/630
f 684/1614/1576 1395/582/580 1105/1028/1008
f 1395/582/580 517/583/581 1105/1028/1008
f 1359/458/458 1396/1405/1379 649/1404/1378
f 1396/1405/1379 519/1407/1381 649/1404/1378
f 1397/1158/1134 1447/1706/1659 560/1017/997
f 1443/1171/1146 1397/1158/1134 560/1017/997
f 1398/996/521 805/978/960 1048/1670/782
f 218/522/522 1398/521/521 1048/792/782
f 1180/1653/1613 1399/270/270 933/1665/1621
f 1399/270/270 295/284/284 933/1665/1621
f 1400/1702/1655 1294/364/364 959/1211/1185
f 1400/1702/1655 959/1211/1185 897/1381/1355
f 467/4/4 502/6/6 1401/1304/1278
f 1401/1304/1278 1402/1364/1338 1316/1363/1337
f 1402/1364/1338 502/6/6 1318/1309/1283
f 1401/1304/1278 502/6/6 1402/1364/1338
f 771/1582/1545 1403/131/131 657/786/776
f 657/786/776 1403/131/131 1373/787/777
f 723/1402/1376 1404/89/89 1281/1403/1377
f 723/1402/1376 1213/1637/1599 1404/89/89
f 1405/1545/1514 1196/1546/1515 623/1024/1004
f 1406/35/35 623/1024/1004 482/1278/1252
f 1406/35/35 1405/1545/1514 623/1024/1004
f 1380/34/34 1405/1545/1514 1406/35/35
f 911/1005/985 437/340/340 1407/1210/1184
f 437/340/340 959/1211/1185 1407/1210/1184
f 1059/27/27 1408/1452/1423 1058/1451/1422
f 1059/27/27 1091/1235/1209 1408/1452/1423
f 1284/875/865 1409/879/868 1216/881/870
f 601/873/863 1409/879/868 1284/875/865
f 1410/1391/1365 512/974/956 473/1275/1249
f 1410/1391/1365 473/1275/1249 1099/984/966
f 1411/1604/1567 1046/1077/1053 708/732/727
f 361/730/725 1411/1604/1567 708/732/727
f 1412/993/975 1111/989/971 316/1729/1460
f 1412/993/975 316/1729/1460 580/1678/1632
f 283/529/529 1413/540/540 706/560/560
f 283/529/529 51/528/528 1413/540/540
f 1414/419/419 360/52/52 1280/393/393
f 74/395/395 1414/419/419 1280/393/393
f 903/992/974 1415/1484/1455 902/990/972
f 573/191/191 902/990/972 1415/1484/1455
f 365/1116/1092 1416/227/227 1593/1117/1093
f 120/226/226 868/1096/1072 1416/227/227
f 1417/161/161 1074/160/160 579/172/172
f 1418/1293/1267 794/159/159 1417/161/161
f 579/172/172 476/1283/1257 1418/1293/1267
f 1417/161/161 579/172/172 1418/1293/1267
f 1419/1133/1109 375/242/242 399/251/251
f 1419/1133/1109 1658/1114/1090 375/242/242
f 601/873/863 1420/1636/1598 859/591/589
f 859/591/589 1420/1636/1598 230/1533/1503
f 917/1744/1052 1421/1579/1542 215/783/774
f 674/1605/1051 1421/1579/1542 917/1744/1052
f 27/163/163 162/120/120 1422/617/615
f 162/120/120 163/615/613 1422/617/615
f 1423/79/79 628/91/91 979/90/90
f 1423/79/79 511/1390/1364 628/91/91
f 804/1132/1108 983/1151/1127 1424/728/723
f 1424/728/723 983/1151/1127 1343/771/764
f 1632/217/217 1425/219/219 732/1745/1674
f 732/1745/1674 1425/219/219 305/1640/1602
f 1426/519/519 1505/518/518 16/99/99
f 1427/1050/1026 16/99/99 22/1051/1027
f 1426/519/519 1427/1050/1026 1550/489/489
f 1426/519/519 16/99/99 1427/1050/1026
f 792/1539/1509 1287/999/979 1428/1540/1510
f 1593/1117/1093 792/1539/1509 1428/1540/1510
f 390/133/133 1429/1140/1116 791/1098/1074
f 1365/1097/1073 791/1098/1074 1429/1140/1116
f 736/1372/1346 1430/1641/1603 552/148/148
f 736/1372/1346 478/1371/1345 1430/1641/1603
f 1430/1641/1603 1431/1286/1260 475/1483/1454
f 475/1483/1454 1563/1482/1453 1066/1444/1415
f 1432/1409/1383 1317/1223/1197 521/698/693
f 622/697/692 1432/1409/1383 521/698/693
f 965/908/897 69/836/826 1433/1479/1450
f 965/908/897 1433/1479/1450 262/382/382
f 1154/940/925 63/352/352 1434/1616/1578
f 1154/940/925 1434/1616/1578 1525/1689/1643
f 1652/1285/1259 30/980/962 1435/1487/1458
f 1305/982/964 1435/1487/1458 30/980/962
f 1678/973/955 1436/951/934 303/292/292
f 446/554/554 303/292/292 1436/951/934
f 1437/607/605 170/604/602 146/672/667
f 146/672/667 352/656/652 1437/607/605
f 963/1228/1202 862/1142/1118 1438/1717/1670
f 862/1142/1118 449/1143/1119 1438/1717/1670
f 1675/317/317 59/319/319 1439/1652/1612
f 863/269/269 1439/1652/1612 59/319/319
f 1440/1714/1667 489/1328/1302 1205/1449/1420
f 1205/1449/1420 556/1329/1303 1622/1712/1665
f 1441/75/75 17/1719/1672 1494/1299/1273
f 496/74/74 17/1719/1672 1441/75/75
f 1092/1647/1608 1442/1120/1096 750/1393/1367
f 365/1116/1092 1442/1120/1096 1092/1647/1608
f 1443/1171/1146 560/1017/997 679/1459/1430
f 1443/1171/1146 679/1459/1430 728/1460/1431
f 538/18/18 1444/1346/1320 743/19/19
f 1445/1535/1505 538/18/18 900/20/20
f 1445/1535/1505 1444/1346/1320 538/18/18
f 615/8/8 1444/1346/1320 1445/1535/1505
f 1446/1635/1597 1046/1077/1053 215/1160/774
f 1046/1077/1053 1446/1635/1597 415/755/749
f 325/1155/1131 1088/718/713 1447/1706/1659
f 414/1153/1129 325/1155/1131 1596/1157/1133
f 509/1384/1358 13/538/538 1448/1496/1467
f 1448/1496/1467 13/538/538 1185/1498/1469
f 3/1365/1339 1367/1308/1282 1449/26/26
f 1367/1308/1282 463/1427/1401 1449/26/26
f 326/1464/1435 709/1020/1000 1450/1027/1007
f 1378/1465/1436 326/1464/1435 1451/1672/1626
f 326/1464/1435 1450/1027/1007 1451/1672/1626
f 1450/1027/1007 1192/1335/1309 1451/1672/1626
f 96/304/304 1452/706/701 191/469/469
f 54/303/303 1452/706/701 96/304/304
f 931/809/799 406/1148/1124 1453/948/932
f 1453/1746/932 1454/1508/1478 1538/54/54
f 406/1506/1124 1454/1508/1478 1453/1746/932
f 406/1506/1124 588/110/110 1454/1508/1478
f 183/87/87 1455/104/104 221/794/784
f 1456/654/650 25/795/785 221/794/784
f 221/794/784 1455/104/104 1456/654/650
f 1334/103/103 1456/654/650 1455/104/104
f 1458/824/814 1457/1668/815 800/1661/1617
f 651/1660/1538 800/1661/1617 1457/1668/815
f 47/271/271 1580/822/812 1458/824/814
f 800/1661/1617 47/271/271 1458/824/814
f 1459/1549/1518 1443/1171/1146 861/1173/1148
f 1459/1549/1518 861/1173/1148 1460/1295/1269
f 861/1173/1148 1189/1294/1268 1460/1295/1269
f 1460/1295/1269 1189/1294/1268 837/1674/1628
f 837/1674/1628 1461/72/72 1355/71/71
f 837/1674/1628 1189/1294/1268 1461/72/72
f 799/1198/1173 1462/1199/1174 921/1180/1155
f 1355/71/71 921/1180/1155 1462/1199/1174
f 73/416/416 362/444/444 1463/389/389
f 565/44/44 73/416/416 1463/389/389
f 609/1529/1499 1464/1273/1247 718/1270/1244
f 718/1270/1244 1464/1273/1247 520/1271/1245
f 1465/684/679 377/597/595 1588/1669/1624
f 175/1111/1087 377/597/595 1465/684/679
f 124/1134/1110 1466/1135/1111 1201/1091/1067
f 124/1134/1110 386/1103/1079 1466/1135/1111
f 1467/1236/1210 536/901/890 497/1237/1211
f 1490/29/29 1269/28/28 536/901/890
f 724/1638/1600 1277/1034/1014 1468/1035/1015
f 724/1638/1600 1470/1747/1684 1296/426/426
f 1469/1146/1122 1468/1035/1015 991/1609/1571
f 724/1638/1600 1468/1035/1015 1470/1747/1684
f 1468/1035/1015 1469/1146/1122 1470/1747/1684
f 1296/426/426 1470/1747/1684 1469/1146/1122
f 449/1143/1119 444/1192/1167 1471/1193/1168
f 1438/1717/1670 449/1143/1119 1471/1193/1168
f 279/821/811 1320/293/293 1472/295/295
f 851/877/867 279/821/811 1472/295/295
f 221/794/784 25/795/785 1473/151/151
f 25/795/785 1309/152/152 1473/151/151
f 1474/972/954 1674/961/944 1077/963/945
f 1146/954/937 308/1577/1540 1474/972/954
f 927/326/326 1475/1518/1488 836/1057/1033
f 927/326/326 604/682/677 1475/1518/1488
f 1476/909/898 69/836/826 569/310/310
f 1476/909/898 569/310/310 1320/293/293
f 1434/1616/1578 1477/1736/1680 1220/1440/1411
f 1220/1440/1411 1477/1736/1680 960/1441/1412
f 366/935/921 1413/540/540 1478/1089/1065
f 366/935/921 1478/1089/1065 1300/1095/1071
f 1479/1512/1482 1560/1557/1524 964/1559/1526
f 1479/1512/1482 964/1559/1526 634/880/869
f 1480/1431/1405 540/1359/1333 498/1/1
f 1480/1431/1405 498/1/1 467/4/4
f 1297/1597/1560 1183/1511/1481 1481/590/588
f 1183/1511/1481 601/873/863 1481/590/588
f 1072/1625/1587 1623/1209/1183 1482/1195/1170
f 1482/1195/1170 451/1207/1181 1072/1625/1587
f 292/499/499 1483/479/479 103/493/493
f 292/499/499 1020/500/500 1483/479/479
f 516/1242/1216 798/1401/1375 1484/1406/1380
f 747/1243/1217 516/1242/1216 1484/1406/1380
f 972/1586/1549 1485/13/13 1098/15/15
f 464/1351/1325 1485/13/13 972/1586/1549
f 1486/45/45 173/37/37 79/46/46
f 1486/45/45 144/689/684 173/37/37
f 519/1407/1381 1487/1272/1246 717/460/460
f 1487/1272/1246 53/461/461 717/460/460
f 950/1208/1182 1488/1715/1668 451/1207/1181
f 668/1324/1298 1488/1715/1668 950/1208/1182
f 1489/1494/1465 585/173/173 707/1504/1475
f 1489/1494/1465 707/1504/1475 1127/1448/1419
f 1467/1236/1210 1091/1235/1209 1490/29/29
f 1490/29/29 536/901/890 1467/1236/1210
f 119/239/239 761/1735/234 1491/240/240
f 1491/240/240 761/1735/234 313/987/969
f 372/311/311 1492/313/313 319/1033/1013
f 1492/313/313 1677/248/248 319/1033/1013
f 1493/224/224 765/1413/1387 1683/1227/1201
f 1039/223/223 765/1413/1387 1493/224/224
f 1494/1299/1273 675/1298/1272 1299/1608/1570
f 17/1719/1672 675/1298/1272 1494/1299/1273
f 646/1266/1240 874/1398/1372 1495/1267/1241
f 1495/1267/1241 874/1398/1372 875/1263/1237
f 251/831/821 721/1411/1385 1496/832/822
f 72/829/819 1497/1412/1386 721/1411/1385
f 1496/832/822 721/1411/1385 1497/1412/1386
f 1496/832/822 1497/1412/1386 523/1538/1508
f 1498/756/750 610/1531/1501 1177/94/94
f 801/753/747 610/1531/1501 1498/756/750
f 379/906/895 820/1110/1086 1499/1580/1543
f 820/1110/1086 1319/1446/1417 1499/1580/1543
f 1500/221/221 527/1008/988 1002/446/446
f 1500/221/221 84/430/430 527/1008/988
f 175/1111/1087 1501/595/593 377/597/595
f 1499/1580/1543 1501/595/593 175/1111/1087
f 86/438/438 1502/509/509 286/432/432
f 286/432/432 1502/509/509 84/430/430
f 1503/126/126 1508/447/447 22/1051/1027
f 22/1051/1027 1061/1383/1357 1503/126/126
f 196/570/568 1504/929/917 1509/259/259
f 1504/929/917 417/758/752 416/1161/1136
f 1505/518/518 934/1711/1664 118/100/100
f 813/513/513 934/1711/1664 1505/518/518
f 1506/153/153 282/662/658 1473/151/151
f 1506/153/153 162/120/120 282/662/658
f 985/1130/1106 1507/702/697 841/1687/1641
f 985/1130/1106 1354/703/698 1507/702/697
f 334/490/490 1508/447/447 919/448/448
f 334/490/490 1427/1050/1026 1508/447/447
f 1357/260/260 1509/259/259 416/1161/1136
f 1504/929/917 416/1161/1136 1509/259/259
f 255/186/186 1510/1073/1049 125/187/187
f 1549/971/953 788/188/188 125/187/187
f 130/556/556 1225/1737/1681 1511/558/558
f 1511/558/558 1513/557/557 130/556/556
f 1194/889/878 784/926/914 1512/629/627
f 1194/889/878 1512/629/627 285/890/879
f 130/556/556 1513/557/557 1083/277/277
f 46/531/531 1083/277/277 1513/557/557
f 1514/1553/1520 998/1320/1294 629/205/205
f 1514/1553/1520 629/205/205 1236/204/204
f 67/368/368 802/367/367 1515/820/810
f 67/368/368 1515/820/810 851/877/867
f 1516/965/947 306/967/949 954/968/950
f 1516/965/947 1135/543/543 306/967/949
f 1517/1574/1537 807/859/849 660/325/325
f 1517/1574/1537 245/860/850 807/859/849
f 381/745/739 1518/1145/1121 388/1112/1088
f 381/745/739 544/1128/1104 1518/1145/1121
f 1244/255/255 1519/1458/1429 772/1456/1427
f 772/1456/1427 1519/1458/1429 42/1663/1619
f 1520/657/653 160/627/625 166/640/636
f 300/628/626 160/627/625 1520/657/653
f 460/356/356 945/931/919 1521/300/300
f 1521/300/300 945/931/919 427/301/301
f 1522/305/305 645/1731/1677 1152/887/876
f 1522/305/305 1152/887/876 1341/306/306
f 687/941/926 1268/1681/1635 1523/1680/1634
f 1523/1680/1634 1153/1442/1413 687/941/926
f 1524/817/807 650/1573/1536 1198/1567/1532
f 1198/1567/1532 1388/1676/1630 1524/817/807
f 1434/1616/1578 848/1682/1636 1525/1689/1643
f 848/1682/1636 1128/1617/1579 1525/1689/1643
f 1526/440/440 134/950/566 1257/1698/1652
f 180/442/442 1526/440/440 1257/1698/1652
f 1527/1699/1653 1135/543/543 1170/565/565
f 1527/1699/1653 1170/565/565 129/546/546
f 432/685/680 1528/1225/1199 453/1185/1160
f 453/1185/1160 1528/1225/1199 450/1186/1161
f 1530/1693/1647 971/1696/1650 1529/1709/1662
f 497/1237/1211 1529/1709/1662 464/1351/1325
f 536/901/890 1530/1693/1647 497/1237/1211
f 497/1237/1211 1530/1693/1647 1529/1709/1662
f 1531/782/773 1532/1583/1546 14/761/754
f 1531/782/773 1212/81/81 1055/111/111
f 1532/1583/1546 1055/111/111 195/113/113
f 1531/782/773 1055/111/111 1532/1583/1546
f 668/1324/1298 1533/1544/1513 669/1598/1561
f 1533/1544/1513 487/767/760 669/1598/1561
f 1534/1589/1552 662/130/130 1052/1497/1468
f 1052/1497/1468 908/1056/1032 1534/1589/1552
f 511/1390/1364 1347/1389/1363 1535/1493/1464
f 628/91/91 511/1390/1364 1535/1493/1464
f 327/1031/1011 1101/1030/1010 1536/1659/1616
f 1262/523/523 327/1031/1011 1536/1659/1616
f 1537/997/977 1287/999/979 371/1090/1066
f 1302/1136/1112 1537/997/977 371/1090/1066
f 1538/54/54 1454/1508/1478 952/1716/1669
f 952/1716/1669 214/55/55 1538/54/54
f 1331/1289/1263 38/214/214 1539/1666/1622
f 1331/1289/1263 1539/1666/1622 477/1503/1474
f 1540/1168/1143 422/1217/1191 1113/1218/1192
f 1540/1168/1143 1035/622/620 422/1217/1191
f 1541/1216/1190 1540/1168/1143 1113/1218/1192
f 1321/1201/1176 1540/1168/1143 1541/1216/1190
f 1180/1653/1613 1542/1664/1620 774/249/249
f 932/195/195 774/249/249 1543/196/196
f 774/249/249 1542/1664/1620 1543/196/196
f 1543/196/196 1542/1664/1620 140/194/194
f 290/942/296 301/568/298 1544/423/423
f 1544/423/423 51/528/528 290/942/296
f 1511/558/558 1225/1737/1681 1545/1738/561
f 1225/1737/1681 128/1742/562 1545/1738/561
f 1254/297/297 1546/1741/527 128/1742/562
f 1546/527/527 283/529/529 128/562/562
f 42/1663/1619 1547/1724/1673 1158/1457/1428
f 1158/1457/1428 1547/1724/1673 43/263/263
f 1548/930/918 274/928/916 546/1432/1406
f 549/1437/1409 1548/930/918 546/1432/1406
f 1510/1073/1049 1549/971/953 125/187/187
f 1014/957/940 1549/971/953 1510/1073/1049
f 10/517/517 1426/519/519 1550/489/489
f 10/517/517 1550/489/489 1064/42/42
f 691/1241/1215 1551/1399/1373 798/1401/1375
f 58/322/322 1551/1399/1373 691/1241/1215
f 400/742/736 1552/1144/1120 781/1139/1115
f 400/742/736 544/1128/1104 1552/1144/1120
f 136/404/404 1553/392/392 1169/428/428
f 1169/428/428 1554/1734/1679 75/41/41
f 1553/392/392 1554/1734/1679 1169/428/428
f 1553/392/392 1147/391/391 1554/1734/1679
f 268/918/907 1555/815/805 244/855/845
f 1555/815/805 268/918/907 1000/355/355
f 244/855/845 1556/359/359 775/347/347
f 1556/359/359 244/855/845 1555/815/805
f 872/949/933 301/298/298 1557/443/443
f 872/949/933 1557/443/443 1083/277/277
f 1000/355/355 1558/919/908 460/356/356
f 1558/919/908 945/931/919 460/356/356
f 1222/1478/1449 257/1477/1448 1559/385/385
f 1261/1718/1671 1559/385/385 257/1477/1448
f 632/812/802 1560/1557/1524 1479/1512/1482
f 582/818/808 1560/1557/1524 632/812/802
f 551/1439/1410 960/1441/1412 1561/351/351
f 960/1441/1412 1477/1736/1680 1561/351/351
f 56/1722/884 1562/244/244 700/1629/1591
f 56/1722/884 1104/1726/858 1562/244/244
f 1431/1286/1260 574/1288/1262 1563/1482/1453
f 475/1483/1454 1431/1286/1260 1563/1482/1453
f 1564/1505/1476 586/189/189 572/1279/1253
f 1435/1487/1458 586/189/189 1564/1505/1476
f 768/734/729 1565/1662/1618 393/735/730
f 1565/1662/1618 768/734/729 686/1615/1577
f 1238/800/790 174/676/671 1566/1658/1615
f 1566/1658/1615 174/676/671 987/675/670
f 1438/1717/1670 1567/1651/1611 963/1228/1202
f 963/1228/1202 1567/1651/1611 1040/1108/1084
f 1068/1707/1660 1568/719/714 1088/718/713
f 1067/1022/1002 1568/719/714 1068/1707/1660
f 1569/805/795 77/407/407 224/406/406
f 1570/435/435 224/406/406 294/408/408
f 1569/805/795 224/406/406 1570/435/435
f 1570/435/435 6/38/38 1569/805/795
f 408/181/181 29/180/180 1571/848/838
f 170/604/602 1571/848/838 29/180/180
f 938/49/49 677/70/70 1572/1686/1640
f 938/49/49 1572/1686/1640 1348/1065/1041
f 1573/1078/1054 1190/733/728 200/1578/1541
f 1421/1579/1542 1573/1078/1054 200/1578/1541
f 185/494/494 1574/693/688 186/492/492
f 1574/693/688 185/494/494 94/481/481
f 1037/166/166 1575/651/647 28/1169/1144
f 28/1169/1144 1575/651/647 443/653/649
f 1096/856/846 1576/289/289 1195/1362/1336
f 104/288/288 1195/1362/1336 1576/289/289
f 1093/1245/1219 1577/1247/1221 729/1639/1601
f 261/1244/1218 1577/1247/1221 1093/1245/1219
f 1578/388/388 123/394/394 589/1481/1452
f 589/1481/1452 1463/389/389 1578/388/388
f 973/14/14 1579/32/32 643/1471/1442
f 643/1471/1442 1579/32/32 1026/31/31
f 1076/1219/1193 943/921/910 1580/822/812
f 441/953/936 1076/1219/1193 1580/822/812
f 1581/1226/1200 1032/1667/1623 335/1064/1040
f 1581/1226/1200 1228/1197/1172 1032/1667/1623
f 836/1057/1033 1582/1058/1034 758/327/327
f 1582/1058/1034 836/1057/1033 338/282/282
f 1583/1730/1676 1114/1220/1194 455/145/145
f 1114/1220/1194 1583/1730/1676 422/1217/1191
f 1584/793/783 1664/505/505 112/106/106
f 1264/1055/1031 1584/793/783 112/106/106
f 1585/1705/1658 908/1056/1032 967/536/536
f 967/536/536 1272/59/59 1585/1705/1658
f 680/40/40 414/1153/1129 1586/1156/1132
f 680/40/40 1586/1156/1132 626/1174/1149
f 1587/1424/1398 540/1359/1333 1480/1431/1405
f 1587/1424/1398 1230/1357/1331 540/1359/1333
f 1588/1669/1624 631/1556/1523 977/587/585
f 977/587/585 803/1121/1097 1588/1669/1624
f 808/498/498 1589/125/125 98/482/482
f 1589/125/125 1214/127/127 98/482/482
f 528/724/719 1311/1414/1388 1590/241/241
f 1590/241/241 389/722/717 528/724/719
f 520/1271/1245 1591/1408/1382 53/461/461
f 1637/1361/1335 520/1271/1245 525/1274/1248
f 1372/1429/1403 1592/1345/1319 1444/1346/1320
f 1372/1429/1403 482/1278/1252 1592/1345/1319
f 1416/227/227 868/1096/1072 1593/1117/1093
f 868/1096/1072 792/1539/1509 1593/1117/1093
f 811/78/78 1594/1166/1141 1423/79/79
f 11/65/65 1594/1166/1141 811/78/78
f 810/1691/1645 1595/1296/1270 1684/1673/1627
f 1182/1297/1271 1595/1296/1270 810/1691/1645
f 1596/1157/1133 1447/1706/1659 1397/1158/1134
f 325/1155/1131 1447/1706/1659 1596/1157/1133
f 1598/3/3 1597/1233/1207 722/1430/1404
f 1597/1233/1207 532/1356/1330 722/1430/1404
f 1598/3/3 2/5/5 467/4/4
f 2/5/5 1598/3/3 722/1430/1404
f 1599/1316/1290 485/168/168 638/1566/1531
f 638/1566/1531 1029/1321/1295 1600/1318/1292
f 1599/1316/1290 638/1566/1531 1600/1318/1292
f 243/1315/1289 1599/1316/1290 1600/1318/1292
f 1272/59/59 7/1074/1050 1601/449/449
f 7/1074/1050 1138/450/450 1601/449/449
f 1218/1388/1362 504/1164/1139 1602/1370/1344
f 1602/1370/1344 504/1164/1139 1645/1495/1466
f 1480/1431/1405 1603/1524/1494 1605/1251/1225
f 858/1523/1493 1603/1524/1494 467/4/4
f 1604/1695/1649 858/1523/1493 607/1239/1213
f 858/1523/1493 1605/1251/1225 1603/1524/1494
f 1041/1694/1648 1605/1251/1225 1604/1695/1649
f 1604/1695/1649 1605/1251/1225 858/1523/1493
f 144/689/684 181/673/668 1606/690/685
f 181/673/668 865/680/675 1606/690/685
f 1145/1733/1678 1607/1150/1126 953/257/257
f 1145/1733/1678 769/932/920 1607/1150/1126
f 953/257/257 1607/1150/1126 1608/850/840
f 953/257/257 1608/850/840 266/229/229
f 572/1279/1253 1609/1366/1340 1066/1444/1415
f 1609/1366/1340 739/149/149 1066/1444/1415
f 258/900/889 1610/1740/1682 4/12/12
f 1610/1740/1682 258/900/889 1322/844/834
f 1611/1202/1177 1541/1216/1190 431/1215/1189
f 1355/71/71 1611/1202/1177 431/1215/1189
f 259/802/792 1612/1623/1585 505/803/793
f 1612/1623/1585 259/802/792 694/902/891
f 1613/1510/1480 1393/631/629 145/602/600
f 937/608/606 1613/1510/1480 145/602/600
f 1052/1497/1468 662/130/130 1614/537/537
f 662/130/130 1112/129/129 1614/537/537
f 1615/1592/1555 705/1633/1595 1084/1634/1596
f 1084/1634/1596 744/975/957 1615/1592/1555
f 178/688/683 1616/530/530 126/687/682
f 126/687/682 1616/530/530 121/532/532
f 1615/1592/1555 1617/1679/1633 705/1633/1595
f 705/1633/1595 1617/1679/1633 956/1631/1593
f 824/991/973 1336/190/190 1618/1486/1457
f 1618/1486/1457 1336/190/190 586/189/189
f 1144/199/199 856/1480/1451 1619/1626/1588
f 508/476/476 1144/199/199 1619/1626/1588
f 1620/150/150 739/149/149 1299/1608/1570
f 675/1298/1272 1620/150/150 1299/1608/1570
f 428/363/363 1621/1092/1068 1193/1212/1186
f 1407/1210/1184 1193/1212/1186 1621/1092/1068
f 1622/1712/1665 1440/1714/1667 1205/1449/1420
f 1058/1451/1422 1440/1714/1667 1622/1712/1665
f 695/1624/1586 1623/1209/1183 1072/1625/1587
f 695/1624/1586 939/1182/1157 1623/1209/1183
f 206/738/732 1624/1748/724 1025/1563/767
f 206/738/732 361/737/725 1624/1748/724
f 1216/881/870 1625/1491/1462 835/1685/1639
f 1370/1562/1529 1625/1491/1462 1216/881/870
f 1626/165/165 151/571/569 773/652/648
f 1626/165/165 773/652/648 1575/651/647
f 1627/1006/986 444/1192/1167 449/1143/1119
f 1646/1213/1187 1/328/328 444/1192/1167
f 1628/1436/1408 547/646/642 1056/164/164
f 1628/1436/1408 300/628/626 547/646/642
f 1629/605/603 733/167/167 485/168/168
f 1629/605/603 612/158/158 733/167/167
f 1630/331/331 347/330/330 190/467/467
f 1631/335/335 1307/329/329 1630/331/331
f 190/467/467 95/464/464 1631/335/335
f 1630/331/331 190/467/467 1631/335/335
f 651/1575/1538 1173/218/218 1632/217/217
f 1674/961/944 651/1660/1538 1632/962/217
f 1633/1644/1605 530/1703/1656 1011/674/669
f 530/1703/1656 1634/119/119 987/675/670
f 1633/1644/1605 183/87/87 1634/119/119
f 1634/119/119 530/1703/1656 1633/1644/1605
f 18/752/746 291/751/745 1635/943/927
f 1635/943/927 291/751/745 1194/889/878
f 382/1126/1102 1636/1107/1083 373/1001/981
f 372/311/311 373/1001/981 1636/1107/1083
f 1637/1361/1335 1096/856/846 1591/1408/1382
f 520/1271/1245 1637/1361/1335 1591/1408/1382
f 1638/663/659 148/1152/1128 1246/206/206
f 1638/663/659 296/946/930 148/1152/1128
f 1639/870/860 833/864/854 1049/1551/1519
f 1639/1725/860 1049/1550/1519 163/615/613
f 1640/1671/1625 1048/1670/782 805/978/960
f 1640/1671/1625 805/978/960 1308/1591/1554
f 236/1490/1461 1559/385/385 1641/384/384
f 1625/1491/1462 236/1490/1461 1641/384/384
f 1605/1251/1225 1042/1355/1329 1642/1252/1226
f 1042/1355/1329 1245/1354/1328 1642/1252/1226
f 1643/1214/1188 799/1198/1173 438/1179/1154
f 1643/1214/1188 438/1179/1154 1202/147/147
f 1644/898/887 240/903/892 982/899/888
f 240/903/892 1644/898/887 1078/843/833
f 1645/1495/1466 476/1283/1257 822/1291/1265
f 822/1291/1265 1602/1370/1344 1645/1495/1466
f 1627/1006/986 1407/1210/1184 1646/1213/1187
f 444/1192/1167 1627/1006/986 1646/1213/1187
f 898/1645/1606 1011/674/669 1647/1377/1351
f 1647/1377/1351 1011/674/669 174/676/671
f 70/588/586 1648/1310/1284 1028/1314/1288
f 631/1556/1523 1648/1310/1284 70/588/586
f 808/498/498 1649/1708/1661 1589/125/125
f 808/498/498 114/477/477 1649/1708/1661
f 578/209/209 1650/197/197 508/476/476
f 1651/198/198 1650/197/197 578/209/209
f 1164/208/208 153/691/686 1651/198/198
f 153/691/686 1144/199/199 1651/198/198
f 745/1292/1266 1652/1285/1259 892/1485/1456
f 745/1292/1266 476/1283/1257 1652/1285/1259
f 1653/1360/1334 543/1425/1399 535/713/708
f 1234/709/704 543/1425/1399 1653/1360/1334
f 1654/1593/1556 1262/523/523 828/183/183
f 1617/1679/1633 1654/1593/1556 828/183/183
f 609/1529/1499 1655/1530/1500 1484/1406/1380
f 609/1529/1499 1487/1272/1246 1655/1530/1500
f 1656/276/276 907/1684/1638 603/1084/1060
f 1150/1515/1485 907/1684/1638 1656/276/276
f 553/1445/1416 1060/592/590 1657/596/594
f 1060/592/590 631/1556/1523 1657/596/594
f 384/1141/1117 369/243/243 1658/1114/1090
f 403/1113/1089 384/1141/1117 1658/1114/1090
f 1202/147/147 1659/146/146 445/585/583
f 1659/146/146 453/1185/1160 445/585/583
f 584/1475/1446 1660/601/599 567/600/598
f 567/600/598 1660/601/599 571/1472/1443
f 1045/944/928 1661/945/929 293/141/141
f 241/85/85 1661/945/929 1045/944/928
f 648/1697/1651 660/325/325 1662/1587/1550
f 1273/865/855 648/1697/1651 1662/1587/1550
f 1663/397/397 1175/1502/1473 284/611/609
f 1663/397/397 583/96/96 1175/1502/1473
f 107/502/502 1664/505/505 1255/480/480
f 891/503/503 1664/505/505 107/502/502
f 382/1126/1102 1665/1109/1085 1636/1107/1083
f 382/1126/1102 764/1002/982 1665/1109/1085
f 1666/1692/1646 855/1230/1204 462/1229/1203
f 854/1536/1506 1666/1692/1646 462/1229/1203
f 1667/138/138 1342/118/118 26/108/108
f 1667/138/138 31/1049/1025 1342/118/118
f 725/1397/1371 1668/1642/1604 703/1606/1568
f 1291/1396/1370 1668/1642/1604 725/1397/1371
f 1311/1414/1388 208/700/695 1669/766/759
f 1311/1414/1388 1669/766/759 1015/765/758
f 1670/409/409 226/677/672 531/1611/1573
f 1670/409/409 531/1611/1573 222/1612/1574
f 1670/409/409 222/1612/1574 1671/410/410
f 222/1612/1574 682/400/400 1671/410/410
f 1560/1557/1524 633/1558/1525 1672/1560/1527
f 1672/1560/1527 633/1558/1525 671/1501/1472
f 1673/577/575 297/668/663 149/618/616
f 1267/670/665 297/668/663 1673/577/575
f 308/1577/1540 1674/961/944 1474/972/954
f 308/1577/1540 767/1576/1539 1674/961/944
f 1675/317/317 1439/1652/1612 1438/1717/1670
f 1438/1717/1670 1471/1193/1168 1675/317/317
f 742/1415/1389 1676/1417/1391 1304/1416/1390
f 742/1415/1389 1633/1644/1605 1676/1417/1391
f 689/1619/1581 760/268/268 1677/248/248
f 1492/313/313 689/1619/1581 1677/248/248
f 501/291/291 1116/955/938 1678/973/955
f 1116/955/938 448/952/935 1678/973/955
f 407/634/632 182/287/287 1679/237/237
f 182/287/287 1097/235/235 1679/237/237
f 1571/848/838 242/603/601 1680/851/841
f 242/603/601 1283/904/893 1680/851/841
f 1681/1348/1322 1412/993/975 580/1678/1632
f 1681/1348/1322 580/1678/1632 1305/982/964
f 1682/1087/1063 877/1086/1062 753/1594/1557
f 1682/1087/1063 753/1594/1557 880/1649/1609
f 49/1221/1195 446/554/554 1683/1227/1201
f 765/1413/1387 49/1221/1195 1683/1227/1201
f 1684/1673/1627 11/65/65 811/78/78
f 423/66/66 11/65/65 1684/1673/1627
