# This file uses centimeters as units for non-parametric coordinates.

mtllib pathpre3_low.mtl
g default
v 1879.213501 -6371.539551 -4491.958496
v 1460.641602 -6414.072754 -4863.866211
v 1557.903809 -5951.897461 -4571.126465
v 1526.043457 -6033.698242 -4753.072754
v 1546.336548 -6320.600586 -4496.085938
v 1086.414795 -6509.048828 -4963.842773
v 612.024475 -5738.804688 -4810.224609
v 642.916321 -5752.922852 -4847.440918
v 738.202942 -6186.726074 -4771.557617
v 697.558411 -6005.257812 -5076.713867
v 130.233963 -6391.796875 -5504.053223
v -151.213867 -5701.517578 -4967.143555
v -42.706474 -5909.154297 -4958.829102
v -428.398407 -6041.608398 -5056.110840
v -319.667480 -6402.793945 -5394.103027
v -1593.110107 -6100.380859 -5305.837891
v -1157.541870 -5970.678223 -5231.554199
v 1406.706543 -6539.378418 -5101.016113
v -1864.130493 -5764.184570 -5233.962891
v 1576.331909 -6339.680664 -5099.611816
v -1493.057983 -6441.259277 -5499.085938
v -1508.210938 -6721.084961 -5712.119629
v 1500.099487 -5741.729492 -5437.128418
v 926.650940 -5666.316895 -5725.853516
v 869.548828 -6140.042480 -5682.244141
v 339.396912 -5302.754883 -5808.246582
v 290.711609 -5407.398926 -5948.700195
v 19.609785 -6253.850586 -5719.615723
v -886.972595 -6503.303223 -5935.961426
v -401.570129 -5208.072754 -6114.709961
v -828.780579 -5421.590820 -6376.148926
v -585.621216 -5484.509277 -6315.140137
v -868.326721 -5622.220215 -6461.528809
v -851.404114 -6467.964844 -6012.307617
v -2106.272217 -5440.934570 -5954.623535
v -2032.492798 -5655.371582 -6308.809570
v -1243.065918 -6580.029297 -6197.903809
v -1920.638184 -5426.642090 -6358.878906
v -1743.257080 -6282.498047 -6585.276367
v 903.022583 -5694.001953 -4653.465332
v 1205.412109 -5949.806641 -5613.758301
v 974.011108 -6120.814941 -5662.966797
v -344.141022 -5660.480957 -5003.923828
v -136.918549 -5899.229492 -5006.393555
v 689.856384 -6208.326172 -5057.818848
v 879.709106 -6511.221680 -5117.403809
v -791.853699 -5880.609863 -6374.008789
v 1449.210205 -6431.972168 -4936.011719
v -104.905785 -6227.871582 -5381.492188
v 850.424438 -5900.723145 -4660.390137
v -38.424313 -6303.815430 -5208.577637
v 1134.179688 -5703.701660 -5668.729492
v 258.733459 -6224.759766 -5091.252930
v 67.561455 -5338.649902 -5967.613770
v 864.935181 -6457.394043 -4955.140625
v 804.809021 -6070.155762 -5775.750000
v 1204.153931 -6409.569824 -4741.193359
v 916.465088 -5866.492676 -5764.850098
v -800.690613 -6373.091797 -5881.974121
v 717.648132 -6338.699219 -5191.489258
v 1394.321533 -6353.415039 -4779.673340
v 719.863464 -6005.145996 -5088.696777
v 1631.201172 -6209.759277 -5265.228516
v -218.249496 -5849.276367 -6142.144531
v 1497.189209 -5923.907715 -4587.783691
v 842.205994 -6429.336914 -5407.591797
v 206.028687 -5755.169434 -4851.797852
v 1120.056274 -6486.440918 -5190.043457
v 726.165222 -5662.883789 -4769.683594
v 1529.923950 -6191.199219 -5385.837891
v 1171.703491 -6525.909668 -4990.754883
v -119.688240 -6158.032715 -5524.585938
v 746.441162 -5560.392578 -4770.876465
v 726.489563 -6390.368164 -5062.465820
v 751.870789 -6340.972168 -5627.848145
v 795.662659 -6478.447754 -5210.148926
v -727.439087 -6370.847168 -5964.283203
v 1067.087402 -6416.360840 -5449.290039
v -9.685244 -5958.643066 -5889.801758
v 1900.862671 -6058.556152 -4491.013672
v 2042.411987 -5902.320312 -5070.034180
v 1264.944946 -6488.062012 -4796.982422
v 1566.059692 -5875.774414 -4672.451172
v 229.505020 -6344.687012 -5248.369629
v -594.204895 -5784.164062 -6298.659668
v 145.204895 -5954.618652 -4945.074707
v -740.070557 -5579.221680 -6355.011719
v 127.350250 -5829.728516 -4903.572266
v -33.277618 -6323.851562 -5458.703125
v 1236.832886 -6209.736816 -4601.338867
v 664.745911 -5573.871094 -4775.040039
v 1444.637817 -6007.876953 -4644.224121
v 696.403320 -5797.184082 -4834.788574
v 1591.573120 -6565.123047 -4691.809570
v -74.054420 -6182.151855 -5109.474121
v 723.873047 -6345.907715 -4941.366211
v 941.113159 -5542.178711 -5300.476562
v 1398.750366 -6518.544922 -5190.406738
v -57.221294 -6187.119629 -5630.987305
v 75.797424 -6054.869141 -5013.148438
v 1157.511230 -5573.286133 -5410.212402
v 910.052612 -6084.050293 -5631.867188
v 809.609802 -6397.594238 -4913.084473
v 914.918640 -5947.120117 -5637.672363
v -120.332359 -6143.499512 -5129.313965
v -650.661987 -5397.312012 -6318.585449
v -59.075397 -6321.503418 -5304.846191
v 717.528015 -5919.158691 -4706.443848
v 687.445862 -5791.531250 -4872.638184
v 1139.008423 -6515.020508 -4916.246094
v 826.536987 -5716.630859 -4684.492188
v 718.282349 -6335.982910 -5100.778809
v 920.407166 -5477.818848 -5608.955566
v 719.836914 -6062.312500 -4929.387207
v 954.152588 -5630.773926 -4679.560547
v -51.668877 -5229.398438 -5946.695312
v 701.469055 -5951.644531 -5067.916992
v -3.223767 -5313.863770 -6017.748047
v 701.265747 -6018.658203 -4742.430664
v -79.513275 -5727.011719 -6143.945312
v 113.500244 -6188.528809 -5092.957031
v 888.359802 -6500.212402 -5244.598633
v -193.029266 -5954.813965 -5222.676758
v -249.180023 -5587.120605 -5118.635254
v 1497.883789 -6374.348633 -5297.760254
v 5.548369 -6253.296387 -5145.064453
v 829.626221 -6464.453613 -5370.709961
v -1623.091553 -6196.233887 -6666.251465
v -1170.735962 -5549.497070 -5244.397461
v -1492.203125 -6784.461426 -6072.563965
v -932.473267 -6397.831055 -5633.535156
v -1377.721680 -5750.730957 -5124.102051
v -1194.902588 -6084.380371 -5192.859863
v -1062.702759 -6406.772461 -5403.831543
v -1158.501709 -5453.000488 -6511.575195
v -1342.043701 -6655.214844 -5937.454102
v -1402.088379 -6445.075684 -5502.091797
v -1327.175293 -5680.942383 -5127.689941
v -1367.305420 -6626.391602 -5776.414551
v -297.773560 -6099.123535 -5148.202637
v -1067.585815 -6547.105957 -5637.853516
v -1214.113770 -6582.133301 -6118.498535
v -1989.979370 -6686.505371 -5496.172852
v -1173.358398 -5850.980957 -5197.734375
v -1253.774414 -6501.547363 -5523.140625
v -1342.565918 -6080.031250 -5190.992188
v -1099.347412 -6531.561523 -5559.011230
v -1268.122803 -6614.825684 -5954.757812
v -1090.063965 -6553.824707 -6001.792480
v -1243.699585 -5987.057129 -5136.025879
v -1278.771973 -6581.809570 -5701.155762
v -974.344666 -6533.562988 -5708.094238
v -896.582275 -6497.859375 -6004.912598
v -1131.832153 -6546.459473 -6104.414551
v -1207.766846 -6593.819824 -5938.616699
v -921.268127 -6492.687500 -5767.104980
v -1010.457642 -6479.300781 -5526.461914
v -934.152161 -6524.016602 -5928.126465
v -1245.411621 -6065.887207 -5151.991699
v -1242.222290 -5867.476074 -5131.270508
v 667.673706 -5703.241211 -4818.526855
v -74.262230 -5636.045410 -6152.208008
v 810.175659 -6291.669434 -4805.141602
v 1547.058472 -6357.903809 -5103.187500
v -1300.916626 -5807.746582 -5115.482910
v 1274.772339 -5660.061523 -5554.995605
v -1271.081421 -5778.699707 -5127.236328
v 1017.437744 -5539.031738 -5585.490234
v -1366.938599 -6530.927734 -5597.398438
v -102.981506 -5598.442871 -4907.520996
v -1225.579224 -6596.684570 -6041.713379
v -1283.690918 -6609.152832 -5854.465820
v 748.122986 -6432.854980 -5176.200684
v 1314.114258 -6490.292969 -4802.883789
v 750.031982 -6443.916016 -5102.422852
v 909.790405 -6473.372070 -5358.498047
v 925.612793 -5953.221191 -4654.605957
v 994.242065 -6439.374023 -5430.319824
v 1711.147095 -6049.079102 -5123.515625
v -578.978516 -5314.895020 -6261.484375
v -10.149895 -5653.857910 -6071.661133
v 1066.495483 -5868.450684 -5714.941406
v -622.526978 -5662.281738 -6332.355469
v -486.312408 -5786.373535 -6255.965332
v 1349.330078 -6558.072266 -5019.969238
v 1463.505859 -6347.685059 -4839.367188
v 936.922302 -5523.144531 -5680.493164
v 963.573364 -5874.256836 -5659.113281
v 1516.654175 -6008.213379 -4730.956055
v 831.255005 -5642.920898 -5787.810547
v 1079.149902 -6111.913086 -5675.642090
v -327.388397 -5341.525391 -6178.090820
v 49.199886 -6380.626953 -5451.644043
v -235.169434 -6367.517090 -5380.143555
v -43.823795 -5508.194336 -6119.862793
v 1072.011963 -5707.448730 -5662.044434
v 1323.655518 -6248.098633 -4617.459473
v 1031.572510 -5558.332520 -5617.175781
v 842.667480 -6069.279785 -4691.725098
v -147.783630 -6157.747559 -5256.794434
v 1264.317017 -6539.248535 -4860.182129
v -692.223022 -5587.937012 -6356.107910
v 854.260803 -5863.241699 -5795.593262
v -101.681564 -5915.273926 -4987.429688
v 1470.548584 -6467.772461 -5062.809570
v -726.185486 -5829.237305 -6290.189453
v -177.268036 -5877.083008 -5064.141113
v -741.599670 -5357.966309 -6321.394043
v 1180.437012 -6508.845703 -5085.568848
v -357.362640 -5748.877930 -6209.412109
v -355.971832 -5583.604004 -6236.200684
v -246.254929 -5721.811523 -6179.527832
v -680.701416 -5757.429199 -6322.438965
v -77.092865 -5486.655762 -6138.406250
v -208.277267 -5601.666504 -6185.082520
v -176.803375 -5460.157227 -6157.454102
v 1366.158203 -6078.188965 -4570.338867
v -120.756981 -6208.293945 -5218.184082
v -20.609705 -6345.439941 -5277.470215
v 700.149719 -5768.083008 -4799.350098
v 14.155875 -6342.665527 -5248.922852
v -90.520508 -6275.635742 -5325.135742
v -85.331985 -6236.412598 -5181.584961
v 725.377197 -5995.042969 -5062.537598
v 1000.406250 -6375.866211 -5550.349609
v 720.068970 -5949.025391 -5067.413574
v 1240.652710 -6548.917480 -4941.654297
v 702.675842 -5869.710938 -4807.791992
v 1294.726196 -5615.505371 -5500.617188
v 1134.790527 -6473.192383 -4828.307129
v 1302.922119 -6549.687500 -4898.583008
v -822.663879 -6122.681641 -5237.604980
v 861.013306 -6498.681641 -5057.499023
v 1895.647583 -6081.833496 -4471.740723
v 1984.377930 -6211.973633 -4457.826660
v 1523.029785 -6240.948730 -4632.834473
v 1636.266846 -5930.992676 -4550.301758
v 1883.416016 -6199.262695 -4448.247559
v 1616.458740 -6026.175293 -4491.335938
v 1598.905029 -6160.390137 -4439.312500
v 1576.636841 -5983.609375 -4554.805176
v 1734.922607 -6090.986816 -4458.173340
v 1627.628296 -6250.631348 -4449.463379
v 1547.411133 -5920.294922 -4573.679199
v 1675.215698 -5976.742188 -4494.001465
v 1594.027344 -5958.057129 -4530.942871
v 1624.071777 -5949.362305 -4516.928223
v 1569.826294 -6248.312500 -4449.737793
v 2210.962402 -6150.668457 -4863.473145
v -1748.552612 -6742.559570 -6234.029297
v -1413.433838 -6020.500977 -6679.122070
v -1107.846069 -5974.717285 -6526.497070
v 2056.405029 -5978.843262 -5089.854980
v -1954.180786 -5865.485840 -6421.692383
v 1915.026245 -6515.047363 -4883.449219
v -1871.089966 -5541.402832 -6489.011230
v -1315.034058 -5340.576172 -6472.514648
v 646.992004 -5428.179199 -5268.300293
v 1981.460449 -6043.010742 -5157.150879
v 214.737396 -6142.741211 -5037.162598
v -1416.060547 -6097.371582 -5250.199219
v 616.979553 -5877.398926 -4908.542969
v 680.190918 -6346.118652 -5151.168945
v -1345.444214 -5879.969727 -5121.295898
v 571.165344 -5783.243652 -4776.270020
v -1402.418579 -5799.447266 -5134.720215
v 515.606995 -6234.207520 -4909.944824
v -1442.008301 -6348.166992 -5429.305664
v 573.048706 -5618.548340 -4755.662109
v 517.450745 -5973.377930 -4756.252441
v -1352.203857 -5977.692383 -5154.337402
v 617.363647 -5665.858887 -4789.834473
v 1551.151733 -5904.340820 -4593.779785
v 968.579712 -5715.086914 -5660.964355
v 1384.266968 -6465.129395 -4837.669434
v -1646.606201 -6086.733398 -6670.186035
v -881.810791 -5320.384277 -6367.457031
v -1547.887451 -6168.675781 -6680.859863
v -1454.054077 -5536.577148 -6603.798340
v -1258.073486 -5572.289551 -5181.643066
v 2128.811279 -6348.808105 -4595.283203
v -942.210449 -5252.708984 -6262.401367
v -1738.713623 -5658.516113 -6596.826172
v -1746.084106 -5829.864258 -6615.433105
v -1809.947266 -5431.516602 -6478.588867
v -1460.946777 -5922.971680 -6683.604004
v -1234.064819 -5737.203613 -6601.061523
v -1405.883667 -5375.906738 -6518.307617
v -1190.427856 -5750.093750 -5185.743164
v -1636.339722 -5529.424316 -6597.817871
v 713.441528 -5912.795410 -4910.416504
v 1578.378540 -6133.598145 -4476.104492
v 701.420898 -5902.064453 -4737.248047
v 644.070496 -5708.441406 -4817.255371
v 1700.711670 -6025.333984 -4472.316406
v 138.156860 -6189.061523 -5858.784180
v -157.574127 -6387.145508 -5650.947754
v -90.043259 -6324.975586 -5759.687988
v 156.424881 -6366.036621 -5658.394043
v 175.617691 -6328.090820 -5742.177246
v -57.313953 -5815.205566 -6109.796875
v -19.308414 -6081.362305 -5831.531250
v -100.687492 -6283.723633 -5628.974121
v 95.796738 -6292.920410 -5754.093750
v 45.759762 -6230.398926 -5778.735352
v 121.189697 -6386.008789 -5566.535156
v 92.353020 -6339.889648 -5680.447266
v -64.250877 -6198.323242 -5664.232422
v 2.298964 -6097.705078 -5808.073730
v 10.486800 -6298.863770 -5645.641602
v 60.208912 -6351.928711 -5624.381348
v -29.180328 -6245.582031 -5615.788574
v 1925.107788 -6510.885254 -4607.215820
v 1790.517334 -6579.997070 -4713.415527
v 1648.276733 -6583.993164 -4951.262695
v 1839.038940 -6502.859863 -4590.539062
v 1503.989014 -6349.759766 -4688.682617
v 1533.843994 -6432.659668 -4590.520020
v 1703.078003 -6491.005371 -4600.304199
v 1584.754028 -6524.087402 -4635.955566
v 1547.194336 -6218.630859 -4502.847656
v 1530.696289 -6283.094727 -4526.984863
v 1607.996094 -6365.606934 -4500.071777
v 1449.177734 -5829.550781 -4612.817383
v 1392.657715 -5940.719727 -4539.462402
v 1391.834595 -5845.202637 -4549.566895
v 1468.074219 -5946.621094 -4604.234375
v 1439.230713 -5854.458496 -4562.888184
v 1530.740845 -5993.164062 -4691.138672
v 1539.949707 -5956.649902 -4607.374023
v -1277.245605 -6533.832520 -6384.029785
v -1137.295288 -6106.489746 -6504.062988
v 1704.292114 -6372.399902 -5142.489258
v -448.858795 -6355.373535 -5890.687500
v -842.897339 -6392.791992 -6170.606445
v -692.553833 -6420.491699 -5604.508789
v 1594.604858 -6271.360840 -5140.188965
v 1322.663696 -6377.257812 -5367.726074
v 1596.229980 -6300.020508 -5228.767090
v 1536.445679 -6386.811523 -5264.467773
v 1757.232544 -5831.498047 -5284.999023
v 1339.957397 -6525.689453 -4856.191406
v 1243.963623 -6419.059082 -5353.877930
v -812.052734 -6377.424805 -5903.722168
v -1275.321045 -5978.653809 -5125.333984
v -847.677185 -6442.686523 -6094.310059
v 1708.783447 -5748.080078 -5271.315918
v 1541.564575 -5719.601074 -5121.402344
v 896.883179 -5594.103027 -4722.200684
v 779.931580 -5513.634277 -5052.525391
v 1563.284302 -5776.043945 -4930.902832
v 1840.883179 -5822.683594 -5124.807129
v 1063.684692 -5578.280273 -5063.371582
v 1119.778687 -5692.530273 -4647.603516
v 1311.118530 -5611.696777 -5455.983398
v 1742.300293 -5755.928711 -5211.825195
v 1505.481934 -5809.097168 -4734.136230
v 1723.604126 -5782.537598 -5088.685547
v 1348.130859 -5653.545898 -5165.809082
v 1193.128784 -5697.078613 -4700.345215
v 1014.232422 -5595.967285 -4856.706543
v 1375.711304 -5692.966309 -4997.081543
v 1356.622803 -5796.337891 -4599.819824
v 1476.726196 -5750.596191 -4893.505859
v -1628.861206 -5627.016113 -6625.090332
v -2320.785156 -6544.613770 -5592.337402
v -1984.075806 -5945.797852 -5235.746582
v -2021.152954 -6823.146973 -5746.379395
v -772.087585 -5436.818848 -5063.223633
v -1757.216553 -6646.450684 -6332.717773
v -2260.072998 -5662.413574 -5382.056641
v -2007.688477 -6316.336426 -6266.553711
v -410.959381 -5272.540039 -5035.143066
v -418.300690 -5227.446289 -5706.321289
v -765.466248 -5754.160156 -5083.981934
v 642.190308 -5692.837402 -5872.249512
v -2369.765381 -6173.497070 -5665.916992
v -1423.171753 -5526.682617 -5160.538574
v 731.115356 -6393.374023 -5555.982422
v -2339.655518 -5604.438965 -5740.775391
v -1148.690796 -5679.136719 -5200.833008
v -1075.568115 -5599.305176 -5127.165039
v 460.896973 -6083.436035 -5845.740723
v 227.671600 -5851.583008 -5988.325684
v -2012.838745 -5574.944336 -5297.612793
v -2372.126465 -6418.766113 -5373.172363
v -1840.128662 -6846.416992 -5728.794922
v 600.378540 -5530.551758 -4773.087891
v 257.135742 -5339.979980 -5240.977539
v -1279.944214 -6071.084961 -6624.541992
v -1853.349976 -6195.542480 -5281.127441
v -658.866028 -6236.967773 -5293.154297
v -1722.040771 -6592.972656 -6411.885742
v -2027.468994 -6181.951172 -6278.831543
v -1783.686646 -6875.869629 -5837.703125
v 2060.153320 -6280.638184 -5003.236816
v -832.104919 -6370.882324 -5471.264160
v -555.575500 -6315.462891 -5326.680176
v -1029.448486 -5272.448242 -5321.762695
v -1897.619995 -6348.728516 -6403.177246
v -2415.776611 -6144.290039 -5560.761719
v 543.748291 -6415.477539 -5173.043945
v -2076.779053 -5431.449707 -5479.898926
v -1565.864258 -6500.080566 -5492.288086
v 709.690125 -6348.332031 -5643.756836
v -608.623047 -6392.657227 -5492.992188
v -384.251648 -5250.498535 -5452.108398
v -1189.089478 -5402.239258 -5204.562988
v -267.387756 -5468.029297 -5048.240723
v -728.527405 -5302.975098 -5078.635742
v 235.793762 -5980.192871 -5960.034180
v -1539.461182 -6334.392090 -6629.514160
v -69.200104 -5525.696289 -4891.929199
v -2054.555908 -6343.197754 -5325.461426
v -1079.084229 -5268.072754 -5986.853027
v 608.583008 -6412.321777 -5122.678711
v -2238.661621 -6250.474609 -5297.500488
v 39.769684 -6363.576172 -5303.620605
v 389.563416 -6371.684570 -5261.735352
v 287.729370 -6390.388672 -5524.340332
v -1176.773804 -5339.859375 -5205.055176
v -202.633087 -5654.828613 -5080.144531
v 746.430359 -6410.958984 -5433.893066
v -1669.501343 -6028.145508 -5274.428711
v 312.383759 -5929.409668 -4840.526855
v -1125.347534 -5375.636719 -5160.559082
v 277.539459 -5495.234863 -5985.469238
v 534.499756 -5383.759766 -5814.587402
v -1005.483643 -5991.023926 -5231.062012
v -1082.596313 -5467.349609 -5136.280273
v -1296.848389 -5436.124512 -5169.826172
v 1305.923218 -6156.166016 -4565.610840
v 715.252930 -5536.941895 -4806.000488
v 1107.156250 -5924.297363 -4614.168945
v 1153.660889 -5845.583008 -4588.631836
v 1348.970703 -6056.507812 -4541.734863
v -1248.974121 -5441.154297 -5194.672852
v 1350.329102 -5985.320312 -4523.170898
v 1248.635864 -6088.060547 -4570.681641
v 1190.543213 -5787.139648 -4584.833984
v 1376.035522 -5892.624512 -4530.351562
v 2065.702148 -6460.157227 -4661.494141
v 673.571106 -5781.685059 -4882.470215
v 703.754028 -5916.935059 -5038.777344
v 1087.855957 -5702.003906 -4628.491699
v 611.136108 -5574.897949 -4770.124023
v 1432.249756 -5887.619629 -4550.420898
v 1560.005249 -6107.729980 -4569.761719
v -1151.715942 -5432.393555 -5189.025879
v 933.893311 -5754.020996 -5748.814941
v 1503.026001 -6415.400391 -5021.891113
v 973.661621 -6083.364746 -4677.048828
v -201.292664 -5529.110840 -6178.596680
v 1116.626953 -6336.802734 -4729.825684
v 869.664917 -6153.745605 -5566.752441
v 769.850037 -6344.275879 -5588.727051
v 793.351990 -6363.187012 -5340.279785
v 821.950745 -6212.664551 -5441.298340
v 941.114929 -6286.058105 -5576.144531
v 899.066101 -6392.665527 -5459.593750
v 466.327484 -6390.245117 -5540.651855
v 1264.172607 -6474.253418 -5228.886230
v 439.326477 -6301.419922 -5040.203125
v 770.836914 -6334.274414 -5362.123047
v 281.624146 -6386.427246 -5402.804199
v 1074.603271 -6210.770020 -4688.170898
v 979.310303 -6288.337891 -5606.588867
v 1021.728027 -6335.604980 -4766.155762
v 786.616150 -6324.284668 -5358.708008
v 831.345825 -6224.782227 -5432.189941
v 1290.636963 -6317.344238 -4649.016602
v 881.737732 -6322.033203 -5475.134277
v 172.600830 -6367.741699 -5314.710449
v 855.272888 -6369.537109 -4849.578125
v -1155.513916 -6577.885742 -5811.072754
v -1883.539062 -6087.008301 -5250.559570
v 1648.203857 -6036.357422 -5370.817871
v -1610.231567 -5414.166016 -5232.929688
v -1458.813110 -5620.036133 -5160.785645
v -2053.043213 -6618.095703 -5441.292480
v 715.434204 -5602.760742 -4768.375977
v 690.823425 -5703.786133 -4805.403809
v -1761.225464 -6446.836914 -5404.076172
v 675.155762 -6447.967285 -5400.933594
v -1548.244629 -6174.806641 -5346.616699
v 362.113495 -6059.990723 -4877.903809
v 71.859360 -5717.182129 -4887.627930
v 1585.402710 -6230.388184 -5342.521484
v -1596.237183 -5593.286621 -5200.008789
v 1312.271851 -6454.161133 -5281.552734
v 1454.971680 -6464.691406 -5233.578613
v 753.586792 -6345.898926 -5309.587402
v 1699.755737 -6306.282715 -4481.245117
v 1581.403931 -6064.423828 -4526.165527
v -1633.541992 -5862.775391 -5233.858398
v 1456.290161 -6492.704590 -5175.955078
v -1238.781860 -5762.504395 -5147.618652
v 1132.341797 -5575.753906 -5260.423828
v 1814.032349 -5835.379395 -5201.191895
v 1308.465576 -5611.413086 -5398.841797
v 1665.764282 -6518.905762 -5069.582031
v 64.974617 -6382.894531 -5403.075684
v -1031.542358 -6502.103516 -6115.588379
v 1116.749268 -6259.729980 -4688.672363
v -43.701897 -5601.382812 -4882.923340
v -937.260742 -6531.476074 -5849.377441
v -14.211202 -6170.518555 -5083.594727
v 115.863533 -5389.570312 -4889.494629
v -781.085754 -5230.650391 -5986.013672
v -2234.557617 -5909.179688 -5288.291992
v -1827.047119 -6862.410645 -5935.284180
v -2040.149414 -6658.218262 -5961.399902
v -332.710510 -5387.874512 -4993.289551
v -291.850494 -5342.694824 -5013.600098
v -432.323425 -5954.708496 -5009.292969
v -1371.244385 -6563.129395 -6446.431641
v -253.438797 -6315.536621 -5920.500000
v -772.111206 -6345.383301 -5960.880859
v 1610.123169 -6559.808594 -4979.500977
v -1044.586792 -6098.859375 -5403.556152
v -967.106140 -6444.681641 -6170.718750
v -960.048645 -6108.869629 -6404.878906
v 1891.024048 -6564.326660 -4764.062988
v -2305.973877 -5902.075195 -5841.752930
v -1253.785645 -6305.389160 -6532.729004
v 743.490479 -6243.171387 -5717.399414
v 531.791931 -6283.756836 -5709.393555
v -1834.781128 -5949.015625 -6552.773438
v 2221.504395 -6095.607422 -4759.792969
v -1332.081299 -6332.009277 -6570.450684
v -878.820740 -5719.570312 -5081.921875
v -807.650452 -5887.618652 -6399.845703
v 531.293579 -5438.270996 -4976.192871
v -655.082031 -5205.993164 -5989.148926
v -1492.633179 -6718.121094 -6322.142578
v 79.498436 -5268.792480 -5897.678223
v 2158.195801 -5966.070801 -4891.705078
v 1212.423706 -6272.182129 -5495.586914
v 354.744781 -5764.496582 -5975.529785
v -875.690063 -5925.604004 -5139.395020
v -556.653687 -6197.854492 -6122.517090
v -745.793213 -6198.414062 -6160.663086
v -70.308876 -5319.671875 -4956.903809
v 8.874692 -5299.164062 -5351.469727
v 163.751328 -5424.372070 -5970.949707
v 1436.892700 -5778.169434 -5481.498535
v -786.646973 -6192.405273 -6275.142090
v -2344.672363 -5537.712891 -5558.370605
v -1667.066772 -5367.730469 -5856.136719
v -2074.985840 -6814.846680 -5647.740723
v -988.393677 -5657.102051 -6496.464355
v -1424.079712 -6682.607910 -6313.564453
v -945.212219 -6195.972168 -5360.836426
v -2342.143311 -6614.431641 -5464.580566
v -523.154297 -6402.541992 -5648.547363
v -2241.943359 -6378.778809 -5330.440918
v 161.136597 -5711.563965 -5997.212402
v -2330.197021 -5951.391602 -5323.608398
v 1952.196411 -6160.654785 -5160.459961
v -2431.280029 -5731.632324 -5526.555664
v -156.313324 -5383.632812 -4957.258301
v -603.767334 -6403.373535 -5840.681641
v 1341.757568 -6305.943848 -5408.074707
v -794.008240 -5250.957520 -5446.032227
v -811.088806 -6243.134766 -5324.321289
v 1496.599609 -6503.178711 -4832.288086
v 233.172287 -6125.270020 -5911.529785
v 1856.939453 -5908.387207 -4812.419434
v 1916.291504 -6022.865234 -5171.429688
v -1022.495605 -6409.719727 -6241.857910
v -2303.080566 -6684.595703 -5485.571289
v -378.168457 -6241.578125 -6019.475098
v 161.587753 -5286.899902 -5613.840820
v -1494.972656 -6672.682617 -5659.872559
v 2190.729492 -6164.979980 -4635.012207
v 2174.686279 -6302.572754 -4764.602051
v 1659.040649 -6107.040527 -5118.069824
v -306.776917 -6365.016113 -5283.636230
v -2244.375977 -6210.013672 -5905.429199
v 314.003967 -5851.347168 -4809.775879
v -1800.252075 -5435.624512 -5284.741211
v 1142.801636 -6191.227539 -5587.740723
v -771.716309 -5259.785645 -6264.252930
v -359.406128 -5904.188477 -5010.976074
v -771.992249 -5627.086426 -5064.320801
v 114.521309 -5712.978516 -5978.408203
v -95.664047 -6249.129883 -5932.076660
v -1949.497192 -6224.268555 -6380.437500
v -2131.297852 -5454.922363 -5453.058594
v -1522.751831 -6642.663086 -6442.021484
v 1973.069336 -6528.748047 -4724.839844
v 2109.340576 -6121.075684 -5034.298828
v -312.215515 -5971.404785 -5082.044922
v 1441.037109 -6002.173828 -5467.499023
v 291.760559 -6379.516602 -5610.072754
v 1998.663818 -6469.844727 -4851.322754
v -210.306808 -5289.004883 -5121.440430
v 213.327698 -5511.809082 -4846.287598
v -951.562805 -5888.181152 -6468.968750
v -2424.265137 -6209.106445 -5484.440918
v -2455.457031 -5942.998047 -5470.363770
v 397.236237 -5377.712402 -5158.082520
v 626.026062 -5442.393066 -5150.249023
v 586.945923 -5478.018555 -4828.871094
v -1172.613892 -6374.261230 -6379.846680
v 883.448792 -5570.857422 -4783.675293
v -1186.521484 -6409.529297 -5373.560547
v -888.954651 -5258.044922 -5163.601074
v -1011.477356 -6333.961914 -5446.947754
v -736.318054 -6014.391113 -5166.311035
v -1609.851929 -6824.975586 -6189.920410
v -1517.486328 -6475.921387 -6562.093750
v -42.823872 -6155.880859 -5906.151367
v -2257.869873 -6674.574707 -5421.953125
v 1782.105591 -6005.580078 -5139.219238
v 2184.847900 -6238.774902 -4849.925293
v -1822.143555 -5489.814453 -5264.424316
v -1724.465942 -6814.789551 -5726.570312
v 451.694824 -5568.116699 -4773.031738
v -130.067078 -6059.721191 -6059.058594
v 2189.774170 -6004.562012 -4878.225098
v -452.634918 -5191.360840 -6085.736328
v 1718.547363 -5890.153320 -5333.479980
v -384.859802 -6069.083008 -6120.476074
v -468.765900 -5946.362305 -6203.376953
v -376.320221 -5944.532227 -6159.397461
v -652.120911 -6091.578613 -6219.246094
v 1844.720947 -6246.738770 -5180.647949
v -2173.707275 -6438.522461 -5941.194824
v 279.595978 -5564.491699 -5999.302246
v -2308.103516 -6100.463379 -5293.518555
v 1942.505371 -5864.021973 -4987.336426
v -395.724884 -6162.648926 -5123.457520
v -1815.071899 -6765.904297 -6133.327148
v 417.404236 -6246.757324 -5768.182617
v -116.048401 -6344.102539 -5794.016113
v 1621.309937 -6607.623047 -4812.276367
v -1344.936401 -6692.775391 -6061.983887
v 1530.230347 -6526.507324 -4699.406250
v 1562.989258 -6587.389648 -4856.839844
v 1516.369019 -6497.343262 -4958.422363
v 1504.089355 -6460.043457 -4731.075684
v 1118.288086 -6381.247070 -5472.467773
v 1586.100830 -6032.130371 -4532.353027
v -28.246078 -5428.725098 -4895.854980
v -2284.858643 -5479.772461 -5598.906738
v -75.103821 -6100.970215 -6016.178223
v 16.899248 -5650.359375 -5969.906738
v 129.239441 -6000.464844 -5941.020020
v 78.901543 -5978.122070 -5915.853516
v -267.118317 -6272.209473 -5972.830566
v 650.046631 -6178.179688 -5759.092285
v 430.122986 -6376.265137 -5595.157227
v 933.925659 -5860.014648 -5677.161133
v 417.779816 -6295.950684 -5726.395020
v 405.952606 -5691.067871 -5962.978516
v -82.443321 -6282.575195 -5875.597656
v -404.698975 -6173.624512 -6077.904297
v -2310.511230 -5535.544434 -5756.878418
v 613.224548 -5942.234375 -5837.517578
v 1742.308472 -6209.075684 -4459.893555
v -109.065147 -5895.440430 -6111.809082
v -293.090637 -5827.581543 -6165.046387
v 758.204529 -6134.149902 -5765.237305
v -128.766235 -5797.022949 -6142.390625
v 1245.613525 -6325.320801 -4659.751953
v -320.118622 -5637.732422 -6218.455566
v 1862.817139 -6288.968750 -4463.772461
v 2.129836 -6365.386230 -5434.472168
v -34.049488 -6030.390625 -5989.534668
v 977.806152 -6349.543945 -5567.895508
v 1631.823242 -6132.130859 -4436.264648
v 732.009583 -6360.790039 -5182.413574
v 810.253479 -6479.653320 -5304.704102
v -2022.486206 -5458.644531 -6261.068848
v -2153.381348 -5455.361816 -5975.374023
v -2389.741699 -5780.092285 -5436.782715
v -1979.206909 -5764.827637 -5248.672363
v 1727.767578 -6072.474609 -5120.913574
v 354.169922 -6349.675293 -5213.903320
v -1059.818604 -5940.239746 -5240.259766
v 2175.913330 -6266.329590 -4626.274414
v -559.550415 -5556.683105 -4994.274414
v -502.965607 -5392.203125 -4997.133301
v 710.811523 -6270.727539 -4875.991699
v 1965.904785 -6407.950684 -4514.970703
v -527.684753 -6012.059082 -5088.628906
v -1004.563354 -5431.194336 -5100.663086
v -1062.067627 -5319.185059 -6418.136719
v -1161.902222 -6183.982422 -5246.260254
v 223.965637 -5287.878418 -5892.160645
v 2084.283203 -6090.399414 -4561.551270
v 1783.355103 -6381.371094 -5159.270020
v -544.141846 -6340.517578 -5957.354004
v -700.766418 -5223.359375 -6210.147461
v -708.033752 -5233.194824 -5744.142578
v -750.865723 -6259.106934 -6103.182617
v -1707.221069 -6884.347656 -5964.436035
v 1745.032959 -6457.134766 -5122.088867
v -1906.763916 -5612.338867 -6468.318848
v 2088.662109 -6198.837402 -5026.738281
v -1761.927612 -5942.780762 -5245.395996
v 1382.398071 -6216.897949 -5433.091797
v -552.706177 -5664.217285 -4996.426270
v -664.888000 -5955.874512 -5124.455566
v -1361.775269 -6496.851074 -6498.308105
v -1452.713013 -6436.426270 -6572.698730
v 36.580101 -5404.104004 -5988.711426
v -982.474243 -6234.492676 -6351.587891
v -809.296753 -5735.945312 -6422.280273
v -406.249023 -5394.171875 -4958.145020
v -374.722961 -5340.441406 -4984.816895
v -1571.847290 -5719.311035 -5199.752930
v 2134.251709 -6329.729980 -4843.025879
v -562.157532 -6288.976562 -6039.441406
v 1189.011230 -6101.015625 -5589.068848
v 1692.983887 -5874.832520 -4794.344238
v -2216.883545 -6084.963379 -5983.191406
v -82.404640 -5293.543457 -5471.833008
v 585.804749 -5372.506836 -5690.536621
v 1955.213745 -5943.233887 -5152.013672
v -1137.799316 -6254.166992 -6431.568848
v -1513.354248 -5375.481934 -6511.032227
v -121.444733 -5233.672363 -5783.029297
v -1544.808472 -5346.774414 -5452.334961
v -1028.060791 -5274.118164 -5806.962402
v -1725.213989 -6546.968262 -5467.274902
v -1081.592773 -5809.170898 -5166.390137
v -974.529297 -5548.783691 -5084.917480
v -1158.121338 -5298.423828 -5288.932617
v -967.074402 -6254.411133 -5433.538574
v -1597.385620 -6311.992188 -5383.837402
v 659.059875 -6445.583496 -5296.500977
v -1272.455811 -6284.577637 -5289.137695
v 266.356354 -6275.517578 -5809.326660
v 127.766319 -5337.591309 -4959.423340
v -2420.399658 -5829.534180 -5620.127441
v -2412.473877 -5635.049316 -5599.536133
v -1281.469727 -5336.165527 -5204.904785
v -211.602249 -5413.701660 -5006.901367
v 2173.125000 -6054.229980 -4704.877930
v 558.799683 -5438.906250 -5842.423828
v -1450.611328 -6731.967285 -5839.240234
v -2272.312500 -6305.453613 -5819.688477
v -1827.604248 -5619.072266 -6538.540527
v -2159.975830 -6702.031250 -5730.118164
v -914.440918 -6367.545410 -5579.281738
v -1785.136353 -6212.573730 -6570.791016
v -512.001343 -5241.771484 -5529.008789
v 1736.815430 -6601.643555 -4819.836914
v -1418.350708 -6541.796387 -5608.180176
v -1086.633301 -5326.539551 -5149.320312
v -1316.536621 -5512.613770 -6572.143066
v -521.882263 -6358.304688 -5371.131836
v -201.395676 -6398.835938 -5596.113770
v -971.724731 -5277.362305 -5800.911133
v 2066.308350 -6419.515625 -4573.418945
v 1220.792725 -5772.197266 -5613.191895
v -717.512268 -6109.932617 -6196.454590
v -1582.592773 -5350.688477 -5686.480469
v 297.174438 -6180.375000 -5022.507812
v -1519.268066 -6780.185059 -6210.782227
v -779.395142 -5247.417480 -6233.962891
v 1748.856323 -5935.686523 -5281.621094
v 1737.101929 -5997.246094 -5182.930664
v -495.437653 -5269.900879 -6207.058594
v -641.005066 -5232.926758 -6226.800781
v -858.612671 -5249.303223 -5638.598145
v -349.425812 -5203.300293 -5901.396484
v -976.731995 -5475.393066 -6458.813477
v -1661.679810 -6274.022461 -6632.893066
v 80.752045 -5294.491699 -5947.699707
v -399.725922 -5261.309570 -5196.872070
v -170.853333 -5282.380859 -5400.512207
v 12.129045 -5282.653809 -5729.353027
v -1420.298584 -6131.830078 -6670.838379
v 1622.872070 -5949.025391 -5397.410645
v -428.622864 -5596.291016 -4938.695801
v -766.077026 -6400.328125 -5517.719727
v 2001.909546 -6397.222168 -4949.796387
v 452.005646 -6397.004883 -5449.021973
v 478.639618 -6402.046875 -5373.594238
v -899.628784 -5273.646973 -6336.784668
v -886.153259 -6430.023438 -5770.262207
v -1171.501099 -5863.194824 -6578.827148
v -215.301453 -5347.292969 -5009.022949
v -243.355026 -5432.109863 -5032.210449
v -2356.909180 -6086.440918 -5322.639160
v -2350.580078 -6218.280762 -5320.332520
v -817.123596 -6293.801758 -6250.452148
v -1736.743652 -6133.448242 -6620.494629
v 1047.304077 -6222.024902 -5644.420898
v -2200.309570 -6728.374512 -5470.756836
v -2129.363037 -5562.597656 -5354.341797
v 1939.107544 -5841.823730 -5108.944336
v -2360.600830 -6482.327637 -5527.842773
v 1729.838867 -6429.658691 -4549.557617
v -2349.366699 -6061.423340 -5740.794434
v -1812.516724 -6535.451172 -6382.709961
v -1889.257690 -6542.980469 -6290.220215
v 2105.450684 -6204.781738 -4518.782227
v -199.324310 -6227.927734 -5354.379883
v -166.739853 -5246.844727 -6054.256348
v -2198.432861 -5728.848633 -6030.625488
v 827.623718 -5447.677246 -5607.497070
v -1793.494629 -5411.017090 -6444.116699
v -1539.959106 -6621.709473 -5576.816406
v -1610.000854 -6767.381836 -6284.990723
v -953.838623 -6003.709961 -5205.626953
v 2139.448975 -5985.152344 -4989.891113
v 64.250877 -5487.105469 -4878.011719
v -653.739990 -5275.130371 -5075.420410
v -1248.890869 -6187.465820 -6573.344727
v -1645.018311 -6484.785156 -6532.794434
v -1462.120972 -6553.190430 -6506.993164
v -980.036316 -5741.108887 -6497.040527
v -1063.880371 -6293.772949 -5386.835938
v -1150.314331 -6354.192871 -5311.479492
v -2406.558105 -6292.498535 -5406.387695
v -2028.330811 -5982.633301 -6311.682617
v -1336.593384 -6606.987793 -5754.264648
v 2070.879395 -6286.751465 -4500.137207
v -1607.979858 -5875.055176 -6672.219727
v -1722.964722 -6455.364258 -6510.386719
v -1462.237061 -6238.026367 -5363.026855
v -1511.055054 -5828.854492 -5203.639160
v -1499.597534 -6326.112305 -5420.854980
v -1270.654785 -6188.318848 -5220.825684
v -1472.063477 -6020.348145 -5253.945312
v -1493.770752 -5750.588379 -5178.262695
v 709.892090 -5724.867676 -4779.405273
v -1509.461182 -5984.467285 -5257.519043
v 678.093933 -5742.074219 -4838.123535
v -1794.335327 -5503.506348 -6532.559082
v -685.988953 -5743.463379 -5065.183594
v 223.759628 -5326.096191 -5930.683105
v 713.504944 -6183.746582 -4952.088379
v 619.344604 -6206.618164 -5012.345215
v 678.475769 -6140.104004 -5055.562500
v 2020.071899 -6134.704102 -5114.907227
v 809.186584 -6280.087891 -5555.851562
v 1597.095459 -5756.430664 -5030.296387
v 1091.721558 -5636.822754 -4790.155273
v -1376.763794 -5351.226074 -5215.600098
v -1653.179199 -5707.301758 -5214.855469
v -145.945267 -6354.484375 -5584.657715
v -54.329937 -5992.845215 -6052.744141
v -160.954880 -6162.640137 -6020.963379
v -60.385685 -6250.688477 -5775.741211
v -107.511963 -6302.218262 -5878.505859
v -1899.809448 -6787.063965 -5607.164062
v 1518.329346 -6538.929688 -4879.249023
v -769.106750 -6416.383301 -5826.140137
v 2216.924072 -6083.205078 -4845.831055
v 898.627502 -5763.603516 -5778.041504
v -1303.888306 -5948.440918 -6644.459961
v -223.786621 -5832.955078 -5192.830566
v -629.009644 -5253.984863 -5221.413574
v -1464.762695 -5648.858887 -6634.856445
v -1400.120239 -5785.236328 -6656.086914
v 106.669472 -5312.281738 -5266.119141
v 1490.611694 -6102.923340 -4798.371582
v 1548.246460 -6065.645020 -4648.516113
v 2209.359619 -6202.953613 -4806.420898
v -60.846291 -5321.031250 -6058.034180
v -733.683960 -6257.187012 -6099.220215
v -1928.949707 -6002.877930 -6446.325195
v -2258.248291 -5571.131836 -5431.795898
v -1678.296387 -6872.139648 -5926.319824
v -2267.927002 -6703.800781 -5444.231934
v -2218.602539 -6753.737793 -5528.541992
v 551.944214 -6345.164551 -5645.256836
v -216.458359 -6178.682129 -5289.430664
v 731.991150 -5726.083496 -4748.816406
v 765.637573 -5811.253906 -4683.220703
v -56.772388 -5354.193848 -4928.249512
v 1643.048218 -6215.011719 -5119.403809
v -1248.985718 -6407.218262 -6466.583984
v 1143.203735 -5619.363770 -5619.602539
v -107.959518 -6136.566406 -5517.815430
v -1273.057251 -5303.991699 -5285.055176
v -1084.597534 -5286.556152 -5523.419922
v -25.109575 -5837.130859 -6024.822266
v -1398.406738 -6602.134766 -5685.577637
v -2067.238037 -6810.270996 -5600.997559
v -1870.577637 -5412.136230 -5346.251465
v -1915.369629 -6618.666504 -6181.357422
v -1714.937622 -6001.730469 -6641.993164
v -645.586609 -6422.968750 -5717.696777
v -519.168579 -6398.016113 -5758.325684
v -152.457123 -5212.760742 -5971.589844
v 585.026611 -6047.773926 -4936.033691
v 700.336853 -6281.311035 -5087.721191
v -804.865906 -6418.530762 -5742.653809
v 418.166199 -5716.591309 -4759.832031
v 317.311371 -5704.029297 -4793.571777
v 2129.949951 -6379.260742 -4645.206055
v 539.384705 -6325.202148 -4989.934082
v -1736.066895 -6817.679199 -6142.643066
v -2356.054199 -5619.279785 -5490.342773
v 560.333557 -5775.294434 -5892.213379
v 710.093201 -5819.345215 -5835.582031
v 437.186737 -6355.801270 -5640.312500
v 1036.790283 -5982.808594 -5700.221680
v 939.436279 -5953.786133 -5631.837402
v -1175.956665 -6272.786133 -5258.222656
v -243.590714 -5232.859375 -5687.144043
v -1972.500977 -5562.351074 -6385.991211
v 186.123383 -6016.708984 -4963.124512
v 708.577332 -6294.443848 -4934.429199
v -1277.799072 -5299.678711 -5558.770508
v -1726.363281 -6851.590820 -5798.194336
v -799.752075 -6374.158691 -6085.501465
v 45.942833 -5666.207031 -5940.513184
v 1007.656677 -5590.240723 -5644.220703
v -862.803101 -6392.329590 -5711.011230
v -884.663025 -6278.082520 -5385.823242
v 289.036957 -6008.383301 -5941.285156
v -2118.955322 -5496.355469 -5392.211914
v -931.246399 -5811.069336 -5110.506836
v -2254.136719 -6631.143066 -5652.694824
v -347.663910 -5268.914551 -5050.048828
v -38.650562 -6186.081055 -5695.508301
v -2069.610596 -6498.290039 -5384.259766
v 1077.794678 -5992.503906 -5705.932129
v -404.774994 -5761.011230 -4953.059570
v -2252.045654 -5829.547852 -5315.704102
v -2240.595947 -6160.381348 -5281.242676
v 1726.101440 -6501.778320 -5083.992676
v 1689.163330 -6444.723633 -5121.119629
v 573.506592 -6285.304688 -4971.120117
v -1562.956177 -5973.667969 -6688.003906
v 680.549866 -6295.395508 -5098.066895
v 2057.603271 -6132.189941 -4508.607910
v -882.592346 -5541.510254 -6455.262695
v 1847.513306 -6086.875488 -5167.958496
v -1280.995850 -5413.794434 -6527.763672
v -554.284973 -5195.588867 -6021.902344
v 2173.023438 -6133.670898 -4951.545410
v -1522.245972 -5352.801270 -5255.579102
v 311.484131 -5452.650879 -4829.699219
v 557.407104 -6404.733398 -5103.897461
v -15.252055 -5790.082520 -4911.965332
v -362.169281 -6019.750000 -5045.060547
v -822.212036 -6076.583984 -6357.429199
v -344.952026 -6386.128906 -5337.969238
v -2357.292725 -5550.979492 -5624.286133
v -2267.347412 -5474.645020 -5736.421875
v 626.461914 -6095.574707 -5796.004883
v 814.849609 -6138.230469 -5746.144043
v 913.277283 -5966.200195 -5726.166016
v 939.014771 -6026.201172 -5644.439453
v -1514.715576 -5410.644043 -6549.139160
v -2379.721680 -6478.639160 -5418.540527
v -1004.427551 -5293.596680 -5138.765137
v -163.172424 -6059.768555 -5152.399414
v 1890.329590 -6560.989258 -4705.350098
v -1676.008667 -6235.963867 -5336.334961
v 134.990677 -5329.852051 -5949.899902
v 872.517151 -5464.324219 -5657.296387
v -1797.964844 -5852.941406 -6582.437500
v -967.596436 -5986.653809 -6451.701172
v -1110.548706 -6406.043945 -6298.675781
v 533.396851 -6412.352051 -5445.549805
v -686.555664 -5640.499023 -5047.204590
v 379.722107 -6152.645508 -4928.400879
v 514.970947 -5863.623047 -4747.380371
v 544.472473 -5824.653320 -4746.125000
v -294.955963 -5505.108398 -5039.584473
v -843.455994 -5797.690430 -6440.372070
v 2193.789551 -6107.300293 -4662.066895
v -550.085144 -6208.982910 -5229.357910
v -612.493164 -5950.953613 -6256.120117
v 1489.825073 -6215.759277 -4827.333496
v 2116.950439 -6402.043457 -4714.283203
v 1879.819824 -5851.997559 -5146.599609
v -945.888062 -6315.294434 -5473.885742
v 712.250000 -6047.154785 -4729.512207
v 310.171143 -6325.357910 -5734.107422
v -1122.920166 -5932.609863 -5264.792480
v 777.638916 -5467.266602 -5743.785645
v 149.656174 -6260.731934 -5149.270020
v 970.901611 -5545.625000 -5478.264160
v 1042.412842 -5544.540527 -5494.864746
v -203.858826 -5994.409180 -5265.606934
v 773.104858 -5451.698730 -5438.874512
v 1675.226929 -6087.540039 -5317.408203
v 312.633392 -6309.059082 -5165.578125
v -1948.913574 -6485.238770 -6254.856934
v -1010.837708 -5346.680664 -5115.016602
v -1971.023071 -5491.935547 -5318.439453
v -1348.770752 -6579.823242 -5675.268066
v 1810.580078 -5895.796875 -5170.894043
v -2303.321289 -6617.468262 -5395.177246
v -2348.706543 -6561.548340 -5392.854492
v -1650.145264 -6868.708984 -6069.248047
v -842.262451 -6397.587402 -5558.299316
v -280.850037 -6054.648438 -6091.388672
v 215.911850 -5633.602051 -4838.820801
v -589.907471 -5806.788086 -5041.574219
v 260.943817 -5295.087402 -5681.779785
v -1325.074219 -6667.957031 -6187.709473
v -1298.955322 -6605.721191 -6295.954102
v -1793.473511 -6308.901855 -5332.709961
v -2.715035 -5837.666016 -5906.090820
v 30.261213 -5820.954102 -5903.859375
v -679.830627 -6070.489746 -5182.549316
v -336.257263 -6403.710938 -5609.361328
v -402.824188 -6395.759766 -5704.441406
v -434.965607 -6399.244141 -5533.829590
v 1975.359741 -6516.655273 -4651.103027
v -1088.025024 -6297.595703 -6365.617676
v -1080.277588 -6054.035645 -6486.970703
v -994.139099 -6377.788086 -5485.863281
v 1277.740601 -6098.081543 -5532.528809
v 1469.767212 -5912.737793 -5463.985352
v -2423.896973 -5982.069824 -5599.311035
v 1038.261963 -6080.252441 -5700.148926
v -610.417297 -5205.793457 -6176.604492
v 704.315857 -6170.838867 -4835.442383
v -735.204102 -5883.684570 -5116.398926
v -1199.653931 -6462.803223 -6335.394531
v 2129.135742 -6231.708496 -4958.193359
v -1268.762939 -5317.456055 -6394.050293
v 314.350739 -6203.414551 -5845.514648
v 563.480408 -6431.211914 -5250.037109
v 725.990723 -6424.013672 -5370.723633
v -1536.763306 -6576.726074 -6497.055176
v -1577.911133 -6695.194824 -6383.591309
v 537.656555 -6139.822754 -4875.567871
v -1443.270630 -6599.538086 -6459.612305
v 916.546936 -6027.045410 -5654.999512
v -1580.364380 -6833.451172 -6128.462402
v -1681.575928 -6804.263184 -6206.997559
v 562.475952 -6318.987793 -4979.572266
v 511.681519 -6151.290527 -4849.456055
v 696.369995 -6395.799316 -5583.946777
v -1400.798828 -6232.645020 -6638.316406
v 1059.870728 -5617.972168 -5635.970703
v -1214.411865 -6168.548340 -5206.944824
v 460.408936 -6391.125977 -5261.164062
v 664.583069 -6216.430664 -5053.827148
v 636.629822 -6295.694824 -5054.679199
v 594.516602 -6346.168945 -5024.523438
v 584.699158 -6383.162109 -5051.157227
v -1297.831177 -6062.530762 -5158.644531
v 1230.565308 -5712.120605 -5601.603516
v -1329.397827 -6184.447266 -5246.653320
v 1091.741821 -5867.290039 -5710.398926
v -1448.874634 -5852.962402 -5177.915039
v 1086.754761 -5807.627441 -5706.211914
v -1542.624268 -6726.870605 -6340.252930
v -1285.132080 -5884.870117 -5114.041016
v -1460.507446 -6652.750000 -6406.592773
v 951.918884 -5722.094727 -5694.707520
v 1209.562012 -6348.604004 -5446.988281
v -2083.693115 -5782.456543 -6231.980469
v -1424.601196 -5329.436523 -5290.745117
v -508.854034 -5254.767578 -5084.831543
v 291.445679 -5379.153809 -4913.479492
v -924.738342 -5252.580566 -6156.019043
v -1054.777588 -5271.822266 -5196.783203
v -902.581299 -5263.744629 -5864.161133
v -781.322144 -5288.744141 -6298.378418
v -1174.272217 -5308.495117 -5233.660156
v -851.465942 -5263.028809 -6092.329590
v -55.418919 -6126.796387 -5982.464844
v -2037.440063 -5512.066406 -6274.050293
v 872.352051 -6167.979492 -5530.723633
v -1684.966553 -6692.931152 -6342.156738
v -1488.270752 -6220.103516 -6665.369141
v 1874.550293 -6273.202637 -5179.657715
v -1757.069702 -5790.932617 -5229.556152
v -1719.774048 -5621.640137 -5222.472656
v -2438.325195 -5773.302734 -5568.148438
v -2202.475830 -6014.566406 -5266.322754
v 1622.433472 -5744.011719 -5350.021484
v -801.257568 -6322.250488 -5393.634277
v -26.392874 -5577.595215 -6109.998535
v -672.566223 -5455.958496 -5038.388672
v 2109.899170 -5928.190918 -4989.230469
v 1998.660645 -5860.713867 -5073.023926
v 1878.051147 -5835.811523 -5054.630371
v 77.284485 -5949.461914 -4960.248535
v -2182.491455 -6745.604492 -5633.537109
v 1821.907593 -6558.777344 -4898.007324
v -1148.797852 -6520.895996 -6184.451660
v -2354.103027 -6369.490234 -5611.281738
v 108.703056 -5639.034668 -4873.329102
v -203.686996 -5212.878906 -5854.291992
v 1593.575195 -6289.119629 -5296.415527
v -1697.867920 -5424.713379 -6525.573730
v 1984.697754 -6507.062988 -4790.269531
v 1602.018555 -6453.169922 -4566.214844
v 489.516846 -5366.594727 -5481.378418
v 2134.039551 -6273.876465 -4555.968750
v -2450.156006 -5998.806152 -5516.163086
v 508.462250 -5970.519531 -5864.988281
v 990.716492 -6213.828613 -4713.651367
v -1550.443726 -5922.869629 -5243.445312
v -664.549072 -6213.494629 -6159.336914
v -663.644287 -6295.340332 -6079.716309
v 747.377258 -6292.359863 -4847.493164
v -2315.822998 -5678.187012 -5809.222656
v -405.450623 -6307.328125 -5961.278809
v 31.791458 -5557.544922 -5953.695312
v 569.751160 -6384.423340 -5583.656738
v -210.096298 -5836.472656 -5185.523438
v 1709.779297 -6585.973633 -4927.365234
v -985.312988 -6272.673340 -5448.012695
v -106.966347 -5716.590332 -4927.096680
v -151.693802 -6140.778320 -5366.861816
v -167.833328 -6102.832031 -5307.281250
v -1549.554688 -5472.898438 -6585.750000
v 343.847748 -5426.786133 -4838.179199
v -1533.153564 -5877.665527 -6681.046875
v -145.858902 -6020.913086 -5075.732422
v 551.307251 -5509.226562 -5876.081543
v 677.530762 -5610.956543 -5850.030762
v -1949.598633 -6022.068848 -5239.774414
v -2048.755127 -6216.407227 -5283.368164
v 53.150093 -6146.281250 -5836.242188
v -216.463760 -5726.329102 -5172.062012
v -243.621307 -5725.900391 -5167.660156
v 1830.018555 -6378.556152 -5149.339844
v -82.737495 -5298.042480 -5208.677246
v -1960.426392 -5483.304199 -6374.643555
v 1534.053589 -6400.060547 -5172.139648
v 933.344055 -5845.460938 -5732.294434
v 1599.967407 -6587.693359 -4738.051758
v 713.021851 -6293.249023 -5047.385742
v 704.081055 -6132.958008 -5049.945801
v -491.344849 -6380.454102 -5408.714844
v -2146.084473 -5974.128418 -6120.739258
v 2067.588623 -6347.913086 -4927.050781
v -1257.141724 -6550.601562 -5621.188965
v -1267.024658 -6622.753906 -6110.445801
v -740.504395 -6109.175293 -6204.142090
v -813.201538 -6204.375000 -6302.694824
v -2041.388184 -6794.033203 -5783.171875
v 179.941681 -5843.012695 -5987.376953
v 429.444672 -5929.686035 -4782.271973
v 1390.753296 -6504.893555 -4909.474121
v -2436.247803 -5872.925781 -5456.228516
v -2449.481934 -5820.698730 -5507.717285
v -1577.438843 -6443.763672 -6574.424805
v -728.500610 -6425.513672 -5802.744141
v 812.759827 -5629.463867 -4713.170410
v 940.768127 -5800.383789 -4634.325684
v 928.281494 -5565.647949 -5703.924316
v 1923.394897 -6345.601562 -5078.693848
v -1784.918213 -6880.373047 -5912.916504
v 1406.271118 -6117.855957 -5457.295898
v 872.107788 -6043.090332 -5756.004883
v -496.900879 -6377.146484 -5852.951172
v -697.465271 -6400.468750 -5901.933105
v 176.129562 -6115.194336 -5912.664551
v 277.014526 -5741.766602 -5996.895996
v -250.936523 -5305.165527 -5035.170898
v -1520.170410 -6470.084473 -5505.063965
v -110.617432 -6073.994629 -5062.898438
v -785.219482 -6342.882324 -5985.499023
v -222.355774 -5256.509277 -5528.640625
v -294.126526 -5873.404785 -5087.347168
v -311.094604 -5270.937012 -5214.688965
v -1777.978149 -6012.730957 -6598.779297
v 1581.603149 -6107.039551 -5391.144043
v 1057.065674 -5800.796875 -4611.513184
v -220.790451 -5489.574219 -5039.784668
v 1797.823120 -6588.637695 -4832.451172
v -726.751343 -6197.958984 -6150.650391
v -1823.542236 -6396.204590 -6466.871094
v -752.788208 -5683.934082 -6348.481445
v -1128.609985 -5819.656250 -5209.531250
v 1677.400879 -6093.116699 -5275.120117
v 2196.410645 -6020.392578 -4811.345215
v 463.984436 -5344.585938 -5808.085938
v -1195.572144 -5572.427734 -5231.824219
v -2169.969727 -6326.687012 -6005.854004
v -1591.428345 -5986.438965 -5268.325195
v 181.341934 -5998.637695 -5955.394531
v 1305.484253 -6556.985840 -5027.745117
v 542.323303 -5475.357910 -4799.637695
v 1046.842529 -6320.320801 -5591.097656
v -391.936615 -5908.270996 -4988.598145
v -381.779968 -5765.886230 -4962.673340
v 24.047131 -5310.939453 -5090.283203
v -126.616615 -5293.803711 -5035.017090
v 1515.233765 -6296.010742 -5341.338379
v -1235.908936 -5365.636719 -5200.981934
v 1512.743530 -6422.372559 -4640.624512
v 890.181519 -5516.750488 -5405.894531
v -1230.462891 -5609.353027 -6576.093262
v -623.154053 -5336.222168 -5044.529297
v -802.440552 -5526.145020 -5062.988281
v -1650.476074 -6589.661621 -6459.252930
v 1683.839355 -6545.375000 -4661.678711
v -1011.220520 -6340.610352 -6296.491211
v 1468.513184 -6253.615723 -4845.801758
v 1442.137329 -6414.432129 -4886.003906
v 1994.724365 -6328.613281 -4480.853027
v -2219.814209 -5454.943848 -5746.032227
v -604.166809 -6370.876953 -5424.552246
v 1994.904785 -6457.611328 -4564.576660
v 2032.191528 -6379.404785 -4517.281250
v 1375.036987 -5858.683594 -5516.737793
v -441.412689 -5870.668457 -4983.237305
v -2097.422852 -5832.580078 -5261.769043
v 759.553528 -6028.316406 -4704.158203
v 1607.303833 -5849.172852 -4792.021973
v -762.016174 -6432.078613 -5720.990234
v -1060.271973 -5735.197754 -5132.715820
v -931.194885 -5382.569336 -6412.451660
v -586.623840 -5917.565430 -5076.906738
v 671.577087 -6421.688965 -5527.824219
v 377.343964 -6382.418457 -5334.703613
v -396.744141 -5532.245117 -4931.713379
v -1108.393677 -6165.977539 -6457.615234
v 1198.820190 -6175.559570 -5553.931641
v -790.067505 -6283.038574 -6230.263184
v 633.051575 -5988.031250 -4990.902344
v 1440.548706 -6370.591309 -4855.855469
v 514.191895 -6038.346191 -4780.348633
v 1698.463989 -5811.202637 -5330.703125
v 741.424500 -6405.814453 -5019.289062
v 102.562286 -5859.049316 -5953.300781
v 539.377930 -5884.009766 -4763.654785
v -25.843660 -6146.386230 -5751.128906
v 1141.435547 -5572.941895 -5564.904785
v -1648.480957 -5395.523438 -6501.937012
v 1661.912231 -5872.677246 -5373.614258
v 103.932846 -6112.133789 -5889.485840
v -1093.439575 -6461.563477 -6227.701172
v 625.575378 -6062.409668 -5003.553223
v -861.151428 -6472.489258 -5931.446777
v 624.161133 -6386.202637 -5098.036621
v -1451.254517 -6177.319336 -5323.154785
v 1.723660 -5973.058594 -5861.758301
v 1514.802856 -6084.259766 -4799.002441
v 1459.330811 -5773.203613 -4783.747070
v -817.317261 -6351.563965 -6202.924805
v 2186.469971 -6077.393555 -4936.423828
v -1382.825806 -5894.123047 -5145.347168
v 808.532104 -6219.088867 -4760.429199
v -1013.356201 -5283.231445 -6371.122070
v -2069.321777 -6389.352539 -6139.235840
v -1063.337891 -6533.685059 -6061.795410
v 704.165649 -6315.710449 -5131.344727
v 1345.819824 -6465.500000 -4798.589355
v 13.503655 -6340.484375 -5549.601074
v 1407.808105 -5787.690430 -4673.925293
v 558.698486 -6222.710449 -4932.747070
v 28.215042 -5662.935059 -5943.582031
v 1556.272705 -6011.302734 -4619.973633
v 69.249580 -6062.658691 -5886.047363
v 1799.709595 -5791.349609 -5211.721680
v -873.658081 -5245.909180 -6257.594727
v 712.317505 -6167.145996 -5005.746582
v -1826.900879 -6639.270508 -6272.631836
v 1094.204956 -5631.137695 -5638.905762
v 1756.217407 -5783.656250 -5262.479004
v -1627.856812 -6659.658203 -6406.573730
v 1344.741577 -5653.328125 -5499.654297
v 2211.470947 -6149.151855 -4692.208984
v 113.521835 -5274.292480 -5758.678223
v -1389.567993 -6440.923340 -6548.557129
v -680.924988 -6343.056152 -6014.232910
v -2122.857178 -5717.572266 -5295.121094
v 1622.131226 -5898.064453 -4643.485840
v 1851.472534 -5949.367188 -4705.037109
v 2071.295410 -5927.437500 -4913.624512
v 1715.436035 -5849.782715 -4927.784180
v 1963.700317 -5866.748047 -5121.979980
v 1811.879639 -5799.832520 -5154.412109
v 1848.416504 -5852.782227 -5157.072266
v 1761.308716 -5913.072754 -4728.183105
v 2097.703125 -5980.019043 -4811.840332
v 1779.880371 -5856.066406 -4924.891113
v 190.338516 -5567.580078 -6008.553711
v 282.199890 -5874.197266 -5976.916504
v 113.331566 -5383.986328 -5957.661621
v 129.744125 -5603.356934 -5990.003418
v 353.002655 -5928.232422 -5942.851562
v 445.235596 -5563.636719 -5936.015137
v 224.936768 -5398.141113 -5965.294922
v 214.438736 -5750.205078 -6001.247070
v 1171.270874 -5947.401855 -4591.954102
v -1713.427246 -5505.590332 -6568.312500
v -2113.828857 -6493.405762 -5999.515625
v -2391.023438 -6249.224121 -5365.549316
v -1106.103027 -5888.415527 -5242.415527
v 2055.407471 -6183.869141 -4487.012207
v 1055.257935 -6392.111328 -4792.966797
v -624.457581 -5198.793457 -6123.270508
v -464.472046 -6079.853027 -6152.370117
v -923.607117 -6136.491699 -5290.017578
v 904.976990 -6044.737305 -5725.321777
v 375.813721 -5825.993652 -4776.335449
v 828.422974 -5526.977051 -5057.674805
v 756.578491 -5519.857910 -4955.560059
v -2213.118896 -5501.998047 -5459.380371
v 1549.861206 -6578.199219 -4787.457520
v -2078.692627 -6132.818359 -5263.520508
v -1455.550415 -6568.218262 -5611.921875
v -135.643341 -6128.574219 -5458.968750
v 1569.548828 -6514.189941 -5004.607422
v -1926.068726 -5449.893555 -6397.330566
v -299.754059 -6335.448730 -5258.587402
v -1298.861694 -5314.580078 -5225.849121
v 925.041992 -6090.119629 -5629.695801
v 782.826050 -6338.997070 -5467.003906
v 250.807419 -6315.068848 -5195.304199
v -1182.731934 -5998.276367 -6567.775391
v -1809.328735 -6835.425293 -6031.031738
v -2292.847412 -5501.195312 -5547.785645
v 954.543457 -5845.176758 -5664.607422
v 12.460103 -5481.848633 -6024.356445
v -1725.803223 -6616.258301 -5511.833008
v -1814.442139 -6319.245117 -6511.895508
v -1763.729614 -6364.368164 -6535.668457
v -1308.932495 -5580.231445 -5155.537109
v -1358.329346 -5534.031738 -5150.915039
v -792.902222 -5255.445801 -5253.964844
v -2156.172363 -5500.100586 -6037.727051
v -2110.957520 -5455.544922 -6061.802734
v 1663.094238 -6605.831055 -4883.958984
v -1947.792603 -6741.933594 -5546.852539
v -163.628540 -6136.759766 -5364.467285
v 1902.984863 -6127.071777 -4455.668945
v 311.637054 -6114.479492 -5896.475098
v -931.096863 -5258.312988 -5467.110840
v -1147.843262 -5751.139160 -5198.145508
v 1428.954468 -6439.756348 -5274.334473
v -1541.280640 -6331.264160 -5415.387207
v -1729.081421 -6864.128418 -6060.022949
v -1065.118164 -6495.135742 -5463.668457
v 172.123581 -6143.564453 -5052.393555
v -578.439636 -5727.419434 -5016.594238
v -2057.582031 -6739.317383 -5842.709473
v -2339.349609 -6447.219727 -5358.050781
v -171.528946 -5219.554688 -6018.967773
v 2122.925537 -6055.154297 -5025.403320
v 1830.795776 -5907.638184 -5154.632812
v 2173.883301 -6310.573730 -4697.432129
v -864.561646 -6399.136719 -5758.040527
v 410.265808 -6229.050781 -4978.149902
v -914.577881 -5262.045410 -5688.800781
v 1753.133911 -5956.611816 -5238.396484
v 690.773987 -5549.866211 -4777.581055
v -999.114380 -6088.102539 -5321.310547
v -138.282364 -5396.614258 -6124.354980
v -706.896179 -5540.226074 -5045.011719
v 88.941681 -5275.553223 -5921.983887
v -2392.284912 -6082.976562 -5356.529297
v -2366.944824 -5785.291504 -5727.237305
v 1203.131104 -6028.160645 -5600.155273
v 1370.059448 -5945.915039 -5511.793457
v -1871.493042 -6236.215820 -6475.734375
v -1045.528809 -6061.867676 -5387.387207
v 2056.463135 -6460.527832 -4756.439941
v 862.014160 -5761.959473 -4660.628418
v -151.201263 -6370.312988 -5727.405762
v 564.962036 -6149.985840 -5784.684570
v 1565.228027 -6361.048340 -4502.248535
v -1516.984375 -6066.063965 -6691.170898
v -1160.100830 -6472.810547 -5446.374512
v -1957.646729 -6847.023926 -5712.429199
v 1635.051514 -6484.797852 -5078.482910
v -2198.585693 -5855.457031 -6034.285156
v 306.524109 -6356.154785 -5681.301758
v -1082.052002 -5293.968262 -5169.526367
v 618.343811 -6293.023926 -5692.989746
v 709.964966 -6428.766113 -5474.971680
v -16.709429 -6058.515137 -5024.005859
v -1286.157837 -6395.787598 -6511.375488
v 2029.686035 -6044.325195 -5120.111328
v -190.264755 -5543.530762 -5006.232422
v 1820.809204 -6443.269043 -4542.901855
v -1324.729858 -5878.747559 -6649.512695
v -992.402832 -5573.633789 -6486.142578
v -193.354919 -6309.959961 -5427.780762
v -1957.877319 -5443.370605 -5350.231445
v -235.559418 -6093.388672 -5235.680176
v -265.144135 -6345.252441 -5295.916992
v 194.483490 -6291.225098 -5794.692871
v 178.109619 -5374.701660 -4890.514160
v -1440.477173 -5436.246094 -5179.554199
v -1371.862305 -5649.774414 -5129.482910
v 1471.074341 -6429.209473 -4961.322266
v -843.790649 -5551.990234 -6435.240234
v -2345.751953 -5688.830078 -5437.259766
v 1036.644531 -6504.936035 -5052.383789
v -342.978271 -5436.374512 -4985.577148
v 142.124603 -5720.449707 -4874.104004
v 56.749897 -5591.284180 -4877.549805
v -836.514587 -5933.506836 -6409.221191
v -467.558594 -5334.663086 -5006.217773
v -2332.275146 -5794.072754 -5378.855957
v -1378.651367 -6614.415527 -6384.166992
v -882.804443 -6332.877930 -5445.363281
v 764.063293 -6117.728027 -4727.080566
v -1662.971436 -6854.151367 -6122.274902
v 914.407654 -6431.920898 -5437.722168
v 190.652939 -5278.432617 -5863.757812
v 1877.077393 -6549.264648 -4659.648926
v -941.481995 -5919.543945 -5153.006836
v 945.949890 -5661.291992 -4651.220215
v -192.733749 -5882.903809 -5122.400879
v -2314.104980 -6672.122559 -5431.419434
v -36.524776 -5675.112793 -6120.050293
v 2096.318604 -6349.770996 -4547.087402
v 2128.514404 -6120.590332 -4564.875000
v -537.617859 -6120.431641 -5158.935059
v 326.921967 -6256.872559 -5088.177246
v 32.470665 -5331.348145 -5992.541992
v -942.132385 -5701.696777 -5089.080078
v -640.270081 -6329.329102 -5371.870605
v -118.274948 -5267.771484 -5594.401855
v 426.356293 -6365.716797 -5183.731445
v -182.103897 -6390.920898 -5558.524902
v 243.840805 -6014.046875 -4929.906250
v 183.283295 -5865.666504 -4893.723633
v 227.083710 -5931.214844 -4894.256348
v -693.299194 -5252.214355 -5129.623047
v 1873.467651 -6428.063965 -5041.148926
v -1119.634766 -5509.354492 -5162.612793
v -1072.707764 -5360.146973 -6447.714844
v 443.219543 -6174.910645 -5805.823730
v 1636.480103 -6144.919434 -5132.759277
v -1534.625977 -6695.992188 -5652.081543
v -1147.097290 -5863.733887 -5218.747559
v -165.632416 -5497.437012 -4962.016602
v 1494.128784 -6420.375977 -5042.086426
v 1436.880005 -5959.028320 -4588.740723
v 1513.194336 -5909.333496 -4580.065918
v 1385.677612 -6235.479492 -4691.717773
v -1318.159790 -5966.841797 -5131.511230
v -1405.215454 -5401.901855 -6540.192383
v 715.960938 -6211.123535 -4810.546387
v -826.109619 -6389.911133 -5807.099609
v -918.970520 -6515.330566 -5826.703613
v -1575.134277 -6624.557129 -6455.066895
v 702.897156 -6218.402344 -5041.566895
v -826.875244 -6433.688965 -6013.825684
v 1995.537109 -5931.403809 -5128.396484
v 720.418945 -5807.073242 -4727.344727
v 610.768616 -6447.382812 -5307.762207
v -1993.283813 -5435.333008 -6264.617676
v 147.652283 -6322.350098 -5216.862793
v 840.652832 -6147.442383 -5722.995117
v -1394.299927 -5326.672852 -6057.068359
v 1269.052124 -5968.144043 -4547.476074
v 1242.215332 -5869.903809 -4562.280762
v 1948.579956 -6053.802246 -4534.854492
v 762.162415 -5595.929688 -4747.505859
v 554.003418 -6402.443848 -5530.110352
v 835.395447 -5975.799805 -5785.480957
v 750.349548 -5750.726074 -5832.525391
v 886.289307 -5552.038086 -5731.301270
v 808.754761 -5555.954590 -5773.634277
v 372.392487 -6325.217773 -5145.002930
v 856.073547 -5793.291992 -5798.975098
v 955.887512 -5725.346191 -4632.359375
v 1441.038086 -5913.636230 -4562.280762
v 389.190094 -6390.798340 -5428.042969
v 1381.953247 -5996.782715 -4546.640137
v 28.902798 -6315.700195 -5209.291504
v -217.188400 -5663.889648 -6183.147461
v 634.011047 -6444.550781 -5399.096191
v -1263.936401 -5321.284668 -6432.755371
v 311.119781 -6366.655273 -5284.874023
v 1682.473755 -5954.447754 -4527.246094
v 711.296387 -6254.192871 -5011.562500
v 318.802948 -5678.750000 -5991.303223
v -2329.026123 -6609.485840 -5521.583008
v 792.941772 -6274.658691 -5659.691895
v -404.506012 -5305.031738 -5005.850098
v 272.444031 -5751.418945 -4813.405273
v -1863.378906 -5474.444336 -6470.827148
v -1691.927856 -5474.951660 -5232.816895
v 63.429531 -5595.026855 -5950.510254
v -1210.675903 -5967.921387 -5164.406250
v 1368.768433 -6539.164551 -4939.150879
v -356.432007 -6227.323242 -5161.862793
v -202.982590 -5311.618652 -5022.082031
v -1287.527466 -6633.609863 -6035.606934
v 1565.908569 -6575.073730 -4915.144043
v 498.753174 -5405.468750 -5140.528320
v -175.771072 -6105.194824 -5324.582520
v -305.064941 -5198.686523 -6036.623047
v 1557.691895 -6476.656250 -4600.812988
v -2183.293457 -5445.753906 -5663.544922
v 1499.220093 -6411.058594 -4721.501465
v -538.715393 -5483.915527 -4992.166016
v 1430.910156 -5664.226074 -5259.721191
v -586.559082 -5230.821289 -5705.146973
v -2029.410156 -5893.141602 -5241.983887
v -2176.266357 -5685.175293 -5327.303711
v -1675.699829 -5880.900879 -6653.283691
v -1955.234253 -6484.402344 -5394.186523
v -1907.682861 -6576.817871 -5449.272461
v -1003.286804 -6546.739746 -5761.613770
v -1306.122070 -6216.145996 -6600.526367
v -1349.348511 -6138.121582 -6643.966797
v 1795.221924 -6218.398438 -5169.907227
v -24.267536 -5259.619141 -5995.215332
v -2314.954590 -5513.026855 -5714.882812
v -621.061096 -5548.339355 -6334.581055
v -695.917542 -5515.437988 -6352.755371
v -749.480286 -5510.730957 -6349.913574
v -2368.113281 -5956.530273 -5352.198730
v -2099.266357 -6132.125000 -6176.351074
v 1548.389893 -6379.396484 -5074.570801
v -1535.724243 -5613.165527 -6630.358398
v -918.039856 -5524.754395 -5072.696777
v 524.532043 -6221.903320 -5753.464844
v 922.691284 -6509.565430 -5166.283203
v -2447.354736 -6073.316406 -5468.199219
v -1196.982422 -6538.494141 -6209.410156
v -1467.464478 -6344.874023 -6617.611816
v -2138.487061 -6784.455078 -5626.489258
v -2266.090088 -6686.615723 -5569.649414
v -1659.428833 -6842.210938 -5847.036621
v -1181.098877 -6257.934082 -6471.856934
v -265.340698 -5982.627930 -5149.004395
v -1688.772461 -6342.941406 -6591.912109
v -76.613373 -6107.993652 -5062.732910
v -1438.430542 -6622.635254 -5675.122070
v -1398.381958 -6647.508301 -5770.242676
v -664.198914 -5271.703613 -6265.039062
v 1012.003601 -6291.562988 -5617.167969
v -281.003876 -5406.296875 -5022.345703
v -260.213348 -6395.645996 -5382.187988
v -1114.366699 -5285.706055 -5560.177246
v -2308.071777 -5547.011230 -5501.737305
v 1106.886841 -6494.937012 -4888.716309
v -755.549744 -6108.694336 -6221.274902
v -2410.350098 -5699.277832 -5628.038574
v -2015.138794 -6784.112793 -5568.222168
v -250.199280 -5354.299316 -5017.442871
v -1617.526611 -6456.596191 -5448.657227
v 1634.104248 -6151.577148 -5342.988281
v -1585.052368 -6098.657227 -6685.334473
v 1138.554077 -6319.060059 -5515.435059
v -976.111938 -5272.416992 -5153.699219
v -970.431091 -6335.956055 -5485.962891
v 1693.121094 -6014.812500 -5339.631836
v -1311.482178 -6415.129395 -5432.999512
v -1229.151123 -6350.752930 -5328.166504
v -2299.329834 -6254.120605 -5306.776367
v -2075.062988 -5603.029297 -6234.284668
v -1529.714844 -6091.270996 -5309.853516
v 1914.730713 -6455.887695 -4544.106445
v -800.477844 -5354.352051 -6337.272949
v -1861.066895 -5766.455566 -6524.318359
v -1671.848145 -5458.879395 -6559.342773
v 1333.806763 -6431.301270 -5311.606934
v 1897.142822 -6551.369629 -4819.398926
v -1788.369507 -5590.879883 -5237.943848
v 1733.852051 -5921.795898 -5314.773926
v -1662.527100 -5752.202637 -6640.803223
v -323.138641 -5258.967773 -5397.632324
v -1725.713867 -6118.072754 -5293.836914
v -949.580505 -5419.950195 -5086.743164
v -1461.765869 -6705.564453 -5750.330566
v 1057.334717 -5889.640625 -4622.074707
v 1849.011230 -5944.023926 -5153.779785
v -1816.396118 -5393.125488 -5372.800293
v 875.411194 -6484.201172 -4999.334961
v -2200.181641 -6750.763672 -5498.002930
v 1130.234985 -6168.342285 -4651.050781
v -1573.174438 -6256.469727 -6657.993164
v -1900.858643 -6695.646973 -6115.330078
v -67.596542 -6263.999512 -5722.506348
v -53.639030 -6203.808594 -5708.732910
v -52.096645 -5693.990723 -4896.394043
v -79.275330 -5778.819336 -4927.074219
v 1778.274048 -6459.627930 -5102.784180
v 1820.142090 -6491.263184 -5010.683105
v -329.887543 -6310.823730 -5229.554199
v -29.583355 -5307.737793 -4975.911621
v -1108.642578 -5639.042480 -5151.482910
v -1814.135010 -6113.850098 -6560.949219
v -1621.518555 -6860.941406 -6032.585449
v -151.255692 -5298.490234 -5266.186523
v 1909.076660 -6268.154297 -5158.719727
v 320.996643 -5299.871582 -5752.894043
v -378.074921 -5643.562500 -4960.896973
v -339.422089 -5556.041992 -4994.733887
v -674.272583 -5841.688477 -5087.924805
v -670.852478 -5260.452148 -5093.484375
v 822.088379 -6246.184570 -5629.925781
v -448.647827 -6393.284180 -5441.393066
v -567.163879 -6398.283203 -5534.170898
v -1955.295654 -6835.373047 -5664.729980
v -379.762146 -6098.250000 -5076.509277
v -1351.318237 -6704.846191 -6110.871582
v -773.989136 -6426.832031 -5650.709473
v -1043.437744 -6509.334473 -5517.097656
v 2066.563965 -6410.467773 -4844.432129
v -1485.118042 -6261.002441 -5384.170410
v -853.186646 -6040.786133 -5192.190430
v 1009.725342 -6098.056641 -5690.896973
v 1210.441772 -6481.371582 -4800.124512
v -2401.561523 -5659.331055 -5526.054688
v -1166.880981 -6242.976074 -5249.646973
v 1850.386719 -5829.964355 -5147.362305
v 2191.458252 -6029.682617 -4907.364746
v -342.423645 -5287.180664 -5021.930176
v 1373.679443 -6543.197754 -5128.958984
v 1360.459595 -6508.635742 -5213.931641
v -1976.830322 -6085.788574 -6371.262695
v -1901.692749 -6126.803223 -6463.723145
v 1003.013794 -5817.000000 -5671.900879
v 1270.856689 -6173.788086 -5510.059082
v -1587.045410 -5749.386230 -6656.331543
v 1762.694092 -5992.556641 -5139.925293
v 1600.499146 -6275.847168 -5121.936523
v 1623.812622 -6287.336914 -5119.055664
v 1669.894043 -6395.103516 -4526.249023
v 1737.075317 -6362.141602 -4509.285156
v 1760.438843 -6286.562988 -4475.443359
v -218.555359 -5293.527344 -5070.190430
v 713.828796 -5467.736328 -5192.689453
v 2216.737305 -6181.565918 -4731.951660
v -891.330750 -5624.680664 -5071.154297
v 623.001099 -5382.932617 -5729.197266
v 1580.355469 -6016.700195 -5409.641602
v 1816.398438 -6548.306641 -4649.645996
v -1031.216675 -6458.474121 -5470.341309
v -245.099365 -6222.563965 -6007.514160
v -171.580215 -6252.508789 -5964.274902
v 901.402405 -6085.708008 -5685.755859
v -2429.094727 -6123.593750 -5418.734375
v -2092.136230 -6255.517090 -6157.712402
v 270.029480 -6108.779297 -4978.100098
v 542.856750 -6378.415039 -5061.220703
v -637.981018 -6161.937012 -5228.166992
v -723.199890 -6109.730469 -5215.403809
v -793.259094 -6070.691895 -6330.454102
v -1381.490356 -5599.507324 -6611.161133
v 223.361557 -6255.867188 -5829.182129
v 115.772217 -6256.232910 -5801.717285
v 1103.568604 -6510.739258 -5022.751465
v -764.984253 -5616.646484 -6368.077148
v -868.622925 -5825.628906 -5104.535156
v -1870.554199 -6446.930664 -6385.137207
v -1791.498901 -6465.541016 -6452.398926
v 1214.188721 -5858.642578 -5616.520020
v 548.227417 -5750.159668 -4737.933105
v -2367.336670 -6522.869141 -5471.012207
v -1494.232666 -5685.490234 -5171.207031
v -2451.931152 -5896.815918 -5532.519043
v -2169.892578 -5469.929199 -5979.498047
v -2140.760498 -6072.168945 -5259.485840
v -1716.404541 -5878.368652 -5236.987793
v -1850.442505 -5886.077148 -5234.330078
v -1694.864990 -6185.130859 -6639.811035
v 1485.184326 -6329.046875 -4785.503418
v -691.716736 -5211.229492 -6161.729004
v 1556.963257 -6555.489746 -4699.608887
v -2281.945801 -6009.250488 -5290.567871
v -2377.365967 -5911.510254 -5705.208984
v -1309.653931 -5721.842285 -6622.346191
v -1035.922974 -5264.860352 -5931.671875
v -1179.662476 -5282.143555 -5804.950195
v -816.450500 -5650.944336 -6429.737305
v -1159.602417 -6451.534668 -6294.955078
v -21.454893 -5294.041016 -5442.114746
v 52.165016 -5552.447266 -5942.854980
v 1711.039185 -6541.321289 -5025.999023
v -765.807617 -6365.612305 -5440.618652
v -2313.131836 -5499.147461 -5647.197266
v 1935.892700 -6459.681641 -4942.761719
v -344.818878 -6138.664551 -5113.999512
v -1072.386597 -6019.145508 -5356.624023
v -1063.871338 -6084.389648 -5385.034668
v 1925.083496 -6140.952637 -5175.102051
v 991.078125 -5703.910645 -5647.770508
v 725.535522 -5527.062012 -4852.684082
v -128.109970 -5333.323730 -4961.413086
v -98.356590 -5376.032715 -4929.231934
v -1268.486206 -6474.329590 -6438.166016
v -1634.845215 -5982.929199 -6673.986328
v -1889.439575 -6292.835938 -5315.656250
v -1501.491211 -5775.830566 -6664.693848
v -2259.880371 -5465.395020 -5631.113281
v -219.898941 -6403.696777 -5522.348145
v 197.540375 -5434.458984 -4860.699707
v 61.051849 -5431.254883 -4886.087402
v -2236.393555 -6399.664062 -5849.354004
v -502.548645 -5252.376465 -5341.076172
v 1084.281738 -6117.634277 -4660.395996
v -245.901825 -5282.242676 -6115.031738
v 1463.194702 -6434.632812 -4913.385742
v -1734.461548 -6693.345215 -5572.550293
v -1583.417725 -6636.878418 -5566.803711
v -1758.216309 -6044.051270 -5264.510742
v -400.688507 -5448.560059 -4939.673340
v -1944.307983 -6418.537598 -6304.438965
v -875.299438 -6142.168945 -5268.428711
v 1.992645 -5394.799316 -6035.741211
v -1921.724121 -5716.416016 -6459.441895
v 601.611450 -6019.432617 -5822.724609
v 432.355377 -5618.897949 -4764.716309
v 359.156921 -6015.781738 -5915.460449
v -2211.332520 -5571.379883 -5974.104004
v 1586.203857 -5889.686523 -4650.672852
v -854.568054 -5691.261719 -6455.402832
v 871.660706 -5604.994141 -4703.078613
v -975.067505 -5814.500488 -6490.133301
v -1803.515869 -6816.679199 -5686.618164
v 705.239319 -6441.992188 -5365.562500
v -731.939209 -5643.696777 -6347.328125
v 142.804276 -5820.127441 -5979.367676
v 8.822064 -5849.875000 -5889.537598
v -766.243958 -6278.835938 -6110.524902
v -1217.823608 -5343.671875 -6471.275391
v 600.277283 -6437.168945 -5214.729492
v 1386.502075 -6476.429199 -5254.136230
v -771.954895 -5457.145996 -6342.152832
v 868.146790 -5634.568848 -4682.372559
v -2293.378174 -6598.773926 -5611.090820
v 1090.460693 -6497.428223 -5130.757324
v 764.137024 -6462.589355 -5177.551270
v 46.190678 -6308.912109 -5688.468750
v -1555.011475 -5480.924805 -5199.550781
v -428.030914 -5237.727051 -6158.591797
v 1229.385010 -6442.962891 -5310.276855
v 1184.559082 -6458.880371 -5276.470703
v 552.835693 -5502.016113 -4782.947754
v 1512.045044 -6430.204590 -5219.648438
v 1565.162354 -6354.911133 -5248.875000
v -124.812889 -5303.416016 -4995.895508
v 126.024666 -5460.424805 -5965.822754
v 381.248291 -6386.971191 -5544.049316
v 954.651001 -5619.836914 -5686.484863
v -2161.386719 -6438.890625 -5351.459473
v -123.606956 -6218.962891 -5302.048340
v -1984.005859 -6840.767578 -5734.289062
v 1986.580200 -6115.414551 -4480.838867
v -2295.488037 -6389.180664 -5735.118652
v -1179.800537 -6124.731934 -6529.369629
v 2013.760620 -6483.697754 -4615.956055
v 697.867004 -5985.920410 -4773.622559
v -340.249725 -6354.594238 -5863.745605
v -1467.699951 -5370.041504 -5214.496582
v 786.175354 -6456.238770 -5275.639648
v 852.311829 -6475.359375 -5357.106445
v -1556.584961 -5833.843750 -5218.931641
v 2008.579346 -6262.638672 -4468.679688
v 442.545746 -5422.851074 -4874.381348
v 2125.231445 -6372.718750 -4781.207031
v -1204.019287 -6582.439453 -5767.197754
v 770.468079 -6275.368652 -5684.619629
v 1035.359375 -6375.932617 -5540.704590
v -1169.314331 -5732.168457 -5197.296875
v -1171.337891 -6557.419434 -5647.235352
v 1970.396606 -6144.434570 -4463.842285
v -687.994385 -5660.515137 -6347.024414
v -1163.385742 -5786.166016 -6576.701660
v -910.370178 -5260.744629 -5301.770996
v -1987.302490 -5734.543457 -6378.568359
v -1119.258789 -6569.893555 -5921.387207
v -1754.947998 -5457.062012 -6527.371582
v -225.704147 -5713.892578 -5180.231445
v -1017.807007 -6259.776855 -5430.561035
v -1098.168701 -6493.548340 -6185.669922
v -1511.450195 -5362.630859 -6461.401367
v 761.614502 -5944.534180 -4691.703613
v 1766.557129 -5963.125488 -5167.839355
v 1618.514771 -6074.926270 -4460.893066
v -104.105125 -6332.236328 -5691.586914
v 2221.850830 -6152.991211 -4791.921875
v 2199.735596 -6227.599609 -4675.204102
v -1230.724487 -6540.218262 -6272.185059
v 1616.030029 -6600.309570 -4885.903809
v -2269.368652 -6721.600586 -5474.144043
v -1890.082642 -6773.718750 -6027.522461
v -130.509689 -5630.648926 -4932.437500
v -1486.520752 -6124.391602 -6684.831543
v 77.548073 -5837.773926 -4917.012695
v 1148.820923 -5581.763672 -5586.265137
v 1451.079956 -6501.323242 -5090.649414
v 94.316429 -6188.965332 -5840.104980
v 270.860718 -6163.204590 -5884.587402
v 139.642578 -6077.347656 -5918.855957
v 234.142975 -5557.898438 -6008.956055
v 1303.077271 -6514.755371 -5165.830566
v 2204.019531 -6060.315430 -4748.804688
v -758.436157 -6210.386719 -6179.133789
v -1424.451416 -5470.265137 -6577.603027
v -769.636169 -5542.779785 -6365.375977
v 2155.726807 -5963.168945 -4931.528320
v 95.447693 -5350.333008 -5958.938477
v 2207.420898 -6226.452637 -4746.452637
v 792.975525 -5690.473633 -4714.477539
v 661.207703 -6327.153320 -5102.392090
v 1226.334351 -6488.440430 -5181.996094
v -1594.929565 -5417.850586 -6548.331543
v 703.637573 -5827.088379 -4757.041504
v 1351.764893 -6528.135254 -5172.560059
v 2170.864258 -6210.465332 -4910.341309
v -773.129822 -5743.957031 -6366.569336
v 710.229919 -5906.706543 -5009.662109
v 1253.496948 -6515.553223 -5130.432129
v 641.059082 -6433.333984 -5471.990234
v 2212.038818 -6049.435059 -4833.992188
v 1649.210571 -6045.063477 -4466.680664
v 467.289185 -6397.890137 -5320.580566
v 670.218689 -5403.994629 -5743.237305
v 1520.466797 -5890.366699 -4593.929688
v -1919.587036 -5509.464355 -6435.009766
v -759.693848 -5235.856445 -6175.001953
v -807.329285 -5247.815918 -6209.064453
v -332.144653 -5793.292480 -5030.001465
v 1080.497559 -6238.822266 -5615.113770
v -629.614136 -5248.015625 -5428.927734
v -1181.483521 -6492.875488 -6266.504883
v -814.429077 -5255.857910 -6107.986816
v -1621.491211 -6360.482910 -6608.457031
v -427.899567 -5520.369629 -4939.693359
v -198.020767 -5973.140625 -5256.391113
v 214.972656 -6232.159668 -5113.636230
v 1788.650635 -5900.697266 -5210.104980
v -1042.332031 -5892.027832 -5182.555664
v -945.690369 -6367.362305 -5553.312012
v -821.412964 -6411.024414 -6115.799316
v -791.968384 -6339.412109 -6165.761719
v -1562.850342 -6678.549805 -5616.595215
v 13.863051 -5980.358398 -5859.278320
v -10.858790 -6080.310059 -5810.500488
v -1082.670532 -5384.564453 -5133.006836
v -2350.185791 -6598.952148 -5424.187012
v 1219.877808 -6388.697266 -5404.906250
v -2168.163818 -6232.077637 -6037.300781
v 1029.850220 -6130.214844 -4679.053711
v 1000.971680 -5875.331543 -4630.894531
v -1325.628174 -6056.140625 -6647.700684
v -910.196350 -5252.053223 -6302.035156
v -1313.068237 -6629.428223 -5906.967773
v -1035.076904 -6117.987793 -6437.334961
v -1047.034180 -6216.615234 -6391.423828
v -1455.404175 -6442.282227 -5506.319824
v -1488.983887 -6736.705078 -5775.363281
v -1413.391968 -5342.342285 -5238.837402
v 8.807671 -5257.335938 -5835.885254
v 73.921730 -5270.473633 -5848.323730
v -346.484070 -6148.362305 -6070.634277
v -1127.349365 -5295.940918 -5377.152832
v -1032.643433 -5278.598145 -5513.775391
v -928.255188 -6350.304199 -5524.568848
v -881.373169 -6370.321289 -5514.040527
v 1327.744751 -5949.621582 -4526.104980
v 1306.173828 -6031.704102 -4539.867676
v -2418.637451 -5742.135742 -5488.108887
v 1029.660767 -6493.975586 -4936.351074
v 2133.270264 -6283.393066 -4903.381348
v 1616.793823 -6179.463867 -4434.581543
v 1742.957520 -6154.958496 -4455.360352
v -763.510010 -5369.044434 -5069.728027
v -105.777061 -6141.115234 -5499.958008
v -355.104156 -6406.487305 -5528.288086
v 1284.892944 -6261.269043 -4610.178223
v 2157.291748 -6214.077148 -4576.088867
v 2156.897705 -6159.873535 -4581.267090
v 1693.084229 -5946.245117 -5355.385742
v -351.415741 -5834.392090 -5007.393066
v -690.916565 -6284.419434 -6093.877441
v 869.281189 -6420.031738 -4899.950684
v -64.527061 -5564.215332 -6149.337402
v -283.727448 -6386.088867 -5320.533691
v -33.115238 -5525.036621 -4881.321289
v 281.083923 -5384.035156 -4886.716309
v 109.472221 -6094.782227 -5031.836914
v -756.125977 -6394.451660 -5896.541016
v -822.201477 -6416.400391 -5671.716797
v 999.236755 -6417.259277 -5484.818848
v -231.129715 -5281.712891 -5259.920898
v 535.260864 -5786.348633 -4739.704590
v -680.248047 -5322.512207 -6297.551270
v -2012.917969 -6577.480469 -6081.838379
v -2119.908936 -6630.644043 -5868.346191
v 445.407867 -6331.338379 -5675.332520
v -38.787754 -5857.075684 -6063.626953
v -2281.023926 -5771.137207 -5351.054688
v 1231.747803 -6263.246582 -4628.215332
v -1944.348633 -6817.645020 -5632.210938
v -158.302368 -5878.764648 -5026.794922
v -391.566864 -6002.480469 -5023.854980
v -983.171448 -6181.338379 -5393.365234
v -1096.333008 -5740.472656 -5153.515137
v -1034.477783 -5817.978027 -5145.209473
v 1676.454468 -6091.183105 -5217.785645
v 536.246399 -6097.223145 -5814.237793
v 723.161438 -6295.760742 -5686.148926
v 621.508667 -6242.735840 -5726.241699
v -477.677917 -5752.788574 -4973.667480
v -970.359802 -6402.098145 -5547.657227
v -357.609589 -5263.068359 -5080.117188
v 973.326538 -5550.319824 -5174.155273
v -72.668564 -6304.059570 -5257.468262
v -1864.727417 -6034.847656 -6518.043945
v -1886.363892 -5899.433105 -6501.586914
v -645.921936 -5761.160156 -6319.568848
v -1116.829956 -5910.200684 -6545.134766
v 997.665100 -5619.078613 -4738.319824
v -91.189819 -6190.912598 -5973.804688
v 226.936615 -6328.050293 -5749.598633
v -24.760525 -5239.592773 -5962.788574
v 548.913391 -5604.657227 -4755.076172
v 385.027130 -5631.212891 -5969.422363
v -607.230408 -6042.226562 -5140.701660
v -266.649170 -5599.453125 -5106.938965
v 1750.823730 -6310.770508 -5159.572754
v 1923.326538 -6275.874023 -4458.779785
v -2264.396973 -6718.453125 -5519.297852
v 1267.399048 -6418.778809 -4732.429199
v 1741.761475 -6596.661621 -4763.994141
v 1810.294922 -6587.461914 -4762.167480
v -1579.792969 -6535.163574 -6520.674805
v 2058.596924 -5895.254395 -5009.302734
v -2315.305664 -6532.246094 -5372.416016
v -811.723022 -5240.169434 -5768.100098
v -67.929848 -6265.863770 -5831.854492
v 1507.101685 -6038.501465 -4764.953613
v 1000.775085 -6287.956543 -4745.087402
v 1010.742798 -6503.583496 -4998.810547
v -1391.517456 -6320.251953 -6603.850098
v 1519.651733 -6348.087402 -4575.696777
v -699.894226 -5210.254395 -6028.283203
v 127.303917 -5490.777832 -4867.315918
v 160.986816 -5624.357422 -4858.365723
v 926.145386 -5490.553711 -5657.105469
v 1015.722168 -5879.375488 -5687.968262
v -1636.932861 -6734.509766 -6320.576172
v -1664.296875 -5394.976562 -5264.392578
v -1001.372192 -5268.010742 -5446.782227
v 1621.126831 -6317.341309 -4473.808594
v -1689.794312 -5378.811035 -6105.708008
v -1548.693970 -6780.115723 -6244.759277
v -1712.731323 -5601.000977 -6595.619141
v 830.636475 -6462.600586 -5001.246582
v 1564.086304 -6321.334473 -5299.859863
v 765.461243 -6349.073730 -5286.520020
v 805.003357 -6309.638184 -5382.248535
v -1725.838013 -6877.949219 -6016.587891
v -1130.550049 -6307.965332 -5306.397461
v -1074.233765 -6220.251953 -5370.045410
v 1130.162476 -5766.723633 -5680.199219
v 1958.629150 -6284.016602 -5098.191406
vt 0.052780 0.129100
vt 0.037300 0.139540
vt 0.052630 0.116720
vt 0.234950 0.073170
vt 0.235440 0.056460
vt 0.247060 0.071400
vt 0.225760 0.089490
vt 0.244680 0.102270
vt 0.227830 0.102650
vt 0.267450 0.116520
vt 0.273350 0.111190
vt 0.293570 0.127080
vt 0.330360 0.229510
vt 0.344820 0.221070
vt 0.355230 0.246940
vt 0.059710 0.307700
vt 0.033870 0.388410
vt 0.018310 0.360220
vt 0.004730 0.268880
vt 0.021280 0.266000
vt 0.006540 0.292730
vt 0.292460 0.052000
vt 0.306660 0.057660
vt 0.284400 0.078970
vt 0.314190 0.133080
vt 0.350070 0.115870
vt 0.303640 0.153250
vt 0.290080 0.114180
vt 0.306300 0.102910
vt 0.220530 0.158410
vt 0.203570 0.135490
vt 0.222610 0.142970
vt 0.383420 0.229090
vt 0.400940 0.238670
vt 0.391490 0.251840
vt 0.542970 0.199010
vt 0.577080 0.202640
vt 0.565640 0.216080
vt 0.481260 0.123010
vt 0.495070 0.127080
vt 0.484780 0.143100
vt 0.518150 0.183040
vt 0.527020 0.183730
vt 0.475990 0.212950
vt 0.435470 0.196430
vt 0.486440 0.171240
vt 0.455520 0.202490
vt 0.417630 0.139090
vt 0.442190 0.130050
vt 0.434820 0.154630
vt 0.542880 0.286110
vt 0.547860 0.296650
vt 0.526480 0.316940
vt 0.470460 0.219420
vt 0.476130 0.233110
vt 0.481990 0.384810
vt 0.478830 0.393170
vt 0.461060 0.392370
vt 0.455200 0.402230
vt 0.653350 0.227830
vt 0.695370 0.272390
vt 0.686080 0.272500
vt 0.647320 0.361250
vt 0.685110 0.374140
vt 0.663210 0.387570
vt 0.629210 0.309880
vt 0.636760 0.319180
vt 0.600890 0.335160
vt 0.553000 0.318490
vt 0.570820 0.304780
vt 0.562780 0.332320
vt 0.606000 0.439010
vt 0.609370 0.483260
vt 0.588490 0.446700
vt 0.246340 0.163290
vt 0.259340 0.179380
vt 0.231370 0.173400
vt 0.532890 0.467380
vt 0.563240 0.465290
vt 0.549690 0.483170
vt 0.785100 0.471870
vt 0.781390 0.434950
vt 0.805750 0.471090
vt 0.813010 0.647320
vt 0.817200 0.667960
vt 0.792980 0.665020
vt 0.780910 0.646750
vt 0.773010 0.656320
vt 0.753210 0.645010
vt 0.730820 0.460840
vt 0.751650 0.451150
vt 0.750030 0.478640
vt 0.769370 0.639170
vt 0.725960 0.634190
vt 0.634990 0.489280
vt 0.674960 0.501020
vt 0.650680 0.512130
vt 0.836000 0.807690
vt 0.797800 0.850920
vt 0.821020 0.806450
vt 0.781770 0.842460
vt 0.764880 0.837420
vt 0.794480 0.813560
vt 0.713880 0.831560
vt 0.716980 0.809380
vt 0.727020 0.825800
vt 0.687970 0.752130
vt 0.676080 0.728010
vt 0.681210 0.717790
vt 0.146860 0.190100
vt 0.142050 0.169290
vt 0.173420 0.186360
vt 0.669020 0.756120
vt 0.643740 0.748920
vt 0.650820 0.740540
vt 0.161620 0.233150
vt 0.162900 0.216270
vt 0.177280 0.227250
vt 0.317660 0.290790
vt 0.342670 0.276680
vt 0.351970 0.280400
vt 0.584930 0.939090
vt 0.643810 0.935970
vt 0.608840 0.944950
vt 0.129510 0.582170
vt 0.109510 0.553440
vt 0.210250 0.569080
vt 0.122610 0.395020
vt 0.085220 0.405590
vt 0.107740 0.348710
vt 0.677320 0.789860
vt 0.677450 0.813820
vt 0.658910 0.810160
vt 0.190520 0.268640
vt 0.207090 0.255090
vt 0.207610 0.268650
vt 0.257420 0.353580
vt 0.238760 0.367530
vt 0.233160 0.340200
vt 0.212170 0.496430
vt 0.188710 0.458140
vt 0.188830 0.439950
vt 0.253700 0.462600
vt 0.240520 0.437040
vt 0.252360 0.414540
vt 0.339920 0.465580
vt 0.292830 0.458220
vt 0.328320 0.439250
vt 0.407440 0.409690
vt 0.390070 0.401220
vt 0.393880 0.389660
vt 0.228760 0.670210
vt 0.241450 0.705160
vt 0.198140 0.714830
vt 0.240150 0.639420
vt 0.207630 0.649650
vt 0.245650 0.609740
vt 0.230100 0.508990
vt 0.215620 0.463310
vt 0.238440 0.499040
vt 0.297010 0.586490
vt 0.309750 0.572780
vt 0.333080 0.572420
vt 0.342900 0.558080
vt 0.335990 0.543930
vt 0.374800 0.534690
vt 0.348070 0.503160
vt 0.379590 0.480290
vt 0.360150 0.501920
vt 0.325690 0.745340
vt 0.308160 0.751380
vt 0.330010 0.728260
vt 0.361380 0.711170
vt 0.347670 0.697700
vt 0.357190 0.702130
vt 0.393070 0.694310
vt 0.373200 0.707060
vt 0.384350 0.682670
vt 0.605400 0.711300
vt 0.607300 0.724680
vt 0.594220 0.719820
vt 0.459430 0.599340
vt 0.446800 0.575070
vt 0.474220 0.573460
vt 0.538010 0.557520
vt 0.515990 0.568470
vt 0.508300 0.548970
vt 0.337880 0.803610
vt 0.352310 0.751200
vt 0.388600 0.842000
vt 0.443980 0.674960
vt 0.444980 0.653880
vt 0.458040 0.666640
vt 0.465650 0.635750
vt 0.535450 0.617580
vt 0.534980 0.598540
vt 0.551990 0.618820
vt 0.541810 0.587640
vt 0.550690 0.570720
vt 0.559190 0.583990
vt 0.438680 0.870360
vt 0.430080 0.808980
vt 0.483840 0.855150
vt 0.539420 0.804880
vt 0.556740 0.824640
vt 0.531410 0.820580
vt 0.483980 0.783720
vt 0.476320 0.802530
vt 0.469940 0.789610
vt 0.523360 0.805770
vt 0.512450 0.826530
vt 0.508000 0.811890
vt 0.548300 0.751060
vt 0.538400 0.742880
vt 0.553860 0.739360
vt 0.325950 0.042500
vt 0.341220 0.042470
vt 0.324300 0.057830
vt 0.318710 0.085300
vt 0.359760 0.083920
vt 0.334550 0.112090
vt 0.206740 0.360750
vt 0.166020 0.321460
vt 0.179690 0.327310
vt 0.189670 0.241610
vt 0.167880 0.242890
vt 0.190310 0.227110
vt 0.250020 0.375240
vt 0.241910 0.370230
vt 0.261610 0.358990
vt 0.323050 0.338250
vt 0.297270 0.354800
vt 0.313090 0.319360
vt 0.699760 0.324640
vt 0.696830 0.333500
vt 0.671850 0.345680
vt 0.791010 0.427390
vt 0.797370 0.414480
vt 0.610370 0.357400
vt 0.653510 0.337850
vt 0.622880 0.366680
vt 0.507200 0.337860
vt 0.527060 0.354660
vt 0.512040 0.361960
vt 0.312480 0.365120
vt 0.318800 0.344770
vt 0.335880 0.355300
vt 0.415090 0.275000
vt 0.384940 0.313820
vt 0.380860 0.297050
vt 0.367900 0.297150
vt 0.349970 0.291180
vt 0.354410 0.284290
vt 0.404340 0.247830
vt 0.420640 0.222180
vt 0.422760 0.245020
vt 0.424670 0.591940
vt 0.385340 0.599740
vt 0.418600 0.578490
vt 0.372530 0.693660
vt 0.267760 0.188150
vt 0.278860 0.159950
vt 0.295030 0.166410
vt 0.213190 0.239110
vt 0.198530 0.224990
vt 0.228300 0.225580
vt 0.546980 0.411450
vt 0.569770 0.418760
vt 0.554160 0.427520
vt 0.525070 0.422430
vt 0.397990 0.154440
vt 0.436590 0.171720
vt 0.418190 0.179990
vt 0.464370 0.174110
vt 0.542950 0.379050
vt 0.574770 0.368820
vt 0.551920 0.388240
vt 0.493000 0.404120
vt 0.522770 0.403250
vt 0.475650 0.433710
vt 0.181980 0.365330
vt 0.196660 0.366430
vt 0.242380 0.385160
vt 0.216070 0.390020
vt 0.231170 0.375250
vt 0.480260 0.267210
vt 0.489500 0.286310
vt 0.459960 0.276420
vt 0.409540 0.344400
vt 0.411110 0.315630
vt 0.425530 0.338730
vt 0.249790 0.565530
vt 0.259150 0.560400
vt 0.200930 0.591590
vt 0.139300 0.614650
vt 0.354550 0.203440
vt 0.375050 0.225470
vt 0.373060 0.235650
vt 0.346910 0.129820
vt 0.336280 0.150020
vt 0.318300 0.159520
vt 0.282430 0.433150
vt 0.273070 0.409390
vt 0.291940 0.397690
vt 0.342070 0.360410
vt 0.345200 0.051130
vt 0.343770 0.066540
vt 0.322330 0.072920
vt 0.378780 0.099120
vt 0.407820 0.092530
vt 0.386300 0.128450
vt 0.266630 0.400330
vt 0.294620 0.377160
vt 0.298020 0.383730
vt 0.234810 0.406610
vt 0.258060 0.388830
vt 0.259670 0.397800
vt 0.590970 0.575790
vt 0.573910 0.462130
vt 0.596000 0.485110
vt 0.585600 0.485950
vt 0.415610 0.264910
vt 0.426170 0.253380
vt 0.426360 0.259120
vt 0.412600 0.257280
vt 0.399780 0.273660
vt 0.277920 0.153890
vt 0.284590 0.140400
vt 0.286930 0.146880
vt 0.453090 0.229360
vt 0.468640 0.217500
vt 0.455150 0.234310
vt 0.481220 0.188700
vt 0.166240 0.284400
vt 0.195910 0.280260
vt 0.210240 0.299860
vt 0.460450 0.555070
vt 0.472440 0.542350
vt 0.395330 0.502470
vt 0.423540 0.482680
vt 0.410160 0.513780
vt 0.426460 0.070350
vt 0.486810 0.099190
vt 0.473760 0.103150
vt 0.376840 0.054480
vt 0.405350 0.071900
vt 0.380010 0.068990
vt 0.289280 0.345890
vt 0.298200 0.308210
vt 0.287050 0.293340
vt 0.297470 0.283860
vt 0.082320 0.465900
vt 0.149800 0.444710
vt 0.109940 0.482230
vt 0.624830 0.233490
vt 0.581020 0.232390
vt 0.285620 0.206610
vt 0.281640 0.200030
vt 0.296340 0.190940
vt 0.271810 0.256910
vt 0.260750 0.267640
vt 0.249500 0.235780
vt 0.522240 0.149500
vt 0.512210 0.158170
vt 0.507860 0.150310
vt 0.555940 0.165810
vt 0.538850 0.174670
vt 0.523090 0.169230
vt 0.284930 0.316830
vt 0.271670 0.337310
vt 0.271270 0.314650
vt 0.254530 0.321610
vt 0.319180 0.215750
vt 0.327050 0.201180
vt 0.336050 0.211440
vt 0.345590 0.189860
vt 0.320510 0.174150
vt 0.346500 0.177700
vt 0.513250 0.425880
vt 0.397890 0.493940
vt 0.401110 0.476580
vt 0.425530 0.474920
vt 0.063780 0.469010
vt 0.535040 0.146580
vt 0.547800 0.155100
vt 0.388510 0.265540
vt 0.316560 0.372740
vt 0.312020 0.429530
vt 0.382680 0.262600
vt 0.355230 0.261180
vt 0.531860 0.577010
vt 0.464110 0.630470
vt 0.435250 0.650630
vt 0.469340 0.610330
vt 0.335110 0.289730
vt 0.304980 0.318340
vt 0.291650 0.555720
vt 0.314790 0.534270
vt 0.321120 0.543940
vt 0.004900 0.234820
vt 0.018500 0.259080
vt 0.006060 0.260510
vt 0.106960 0.156670
vt 0.115830 0.150200
vt 0.115890 0.168400
vt 0.064140 0.221180
vt 0.097850 0.225480
vt 0.078160 0.247420
vt 0.144230 0.235730
vt 0.147900 0.217930
vt 0.385730 0.208530
vt 0.380780 0.218820
vt 0.045030 0.269360
vt 0.069320 0.291550
vt 0.031070 0.289210
vt 0.146230 0.271340
vt 0.130560 0.265180
vt 0.134970 0.257380
vt 0.494800 0.349480
vt 0.472300 0.293390
vt 0.470150 0.315250
vt 0.448370 0.285900
vt 0.404030 0.679530
vt 0.402800 0.662010
vt 0.395490 0.663820
vt 0.468990 0.607070
vt 0.589280 0.291210
vt 0.609450 0.278770
vt 0.607370 0.300710
vt 0.590530 0.318310
vt 0.424130 0.640100
vt 0.468050 0.603990
vt 0.407200 0.629240
vt 0.391030 0.647900
vt 0.400200 0.613790
vt 0.587860 0.259170
vt 0.585190 0.282120
vt 0.573400 0.276860
vt 0.562700 0.294780
vt 0.513840 0.384190
vt 0.521080 0.391350
vt 0.509430 0.376570
vt 0.488040 0.395580
vt 0.367110 0.174420
vt 0.394130 0.199520
vt 0.346220 0.155840
vt 0.335930 0.167830
vt 0.548810 0.147960
vt 0.565310 0.163790
vt 0.363340 0.101900
vt 0.366960 0.118240
vt 0.354920 0.120770
vt 0.505100 0.181730
vt 0.508220 0.184520
vt 0.482600 0.202630
vt 0.519750 0.163740
vt 0.250120 0.127600
vt 0.248930 0.113770
vt 0.255050 0.113470
vt 0.226860 0.167560
vt 0.232680 0.148570
vt 0.238680 0.155040
vt 0.537380 0.369780
vt 0.547620 0.357260
vt 0.557280 0.363540
vt 0.569080 0.350020
vt 0.595010 0.329610
vt 0.395550 0.214950
vt 0.429460 0.185530
vt 0.451420 0.171150
vt 0.428220 0.194660
vt 0.156860 0.470340
vt 0.217410 0.418490
vt 0.203460 0.413670
vt 0.229470 0.402690
vt 0.304360 0.216970
vt 0.302710 0.195730
vt 0.282260 0.277300
vt 0.286210 0.267580
vt 0.510950 0.428740
vt 0.480870 0.443510
vt 0.510980 0.432030
vt 0.541150 0.445760
vt 0.495080 0.456730
vt 0.525120 0.331550
vt 0.522180 0.310280
vt 0.504930 0.324480
vt 0.151110 0.391650
vt 0.129770 0.433420
vt 0.105810 0.426640
vt 0.168460 0.365810
vt 0.160300 0.362850
vt 0.136100 0.284860
vt 0.298720 0.357480
vt 0.272590 0.376160
vt 0.281260 0.385060
vt 0.409040 0.191870
vt 0.415430 0.203870
vt 0.387170 0.164490
vt 0.287000 0.367350
vt 0.271400 0.373060
vt 0.284070 0.364130
vt 0.580730 0.352880
vt 0.606480 0.339000
vt 0.608960 0.346300
vt 0.356070 0.684230
vt 0.312600 0.609470
vt 0.326220 0.608170
vt 0.363270 0.664350
vt 0.375550 0.675800
vt 0.521690 0.369350
vt 0.470730 0.158550
vt 0.476280 0.162740
vt 0.457110 0.171580
vt 0.463710 0.112290
vt 0.459940 0.135730
vt 0.503000 0.174580
vt 0.491680 0.153820
vt 0.491230 0.161040
vt 0.337750 0.192000
vt 0.343050 0.203480
vt 0.352920 0.214730
vt 0.505750 0.133650
vt 0.514080 0.124870
vt 0.528900 0.134370
vt 0.438780 0.218980
vt 0.429700 0.235850
vt 0.442010 0.240820
vt 0.444500 0.245560
vt 0.198080 0.437560
vt 0.192960 0.413890
vt 0.204410 0.432630
vt 0.214510 0.486470
vt 0.444510 0.226070
vt 0.510440 0.109650
vt 0.539070 0.135510
vt 0.503830 0.112390
vt 0.487200 0.109990
vt 0.267580 0.676940
vt 0.254520 0.651840
vt 0.343380 0.720690
vt 0.330460 0.714720
vt 0.329940 0.702990
vt 0.480880 0.207120
vt 0.302560 0.670860
vt 0.280800 0.634950
vt 0.287740 0.630410
vt 0.268790 0.609710
vt 0.260910 0.587970
vt 0.275330 0.606590
vt 0.449720 0.161900
vt 0.391950 0.568250
vt 0.373170 0.587450
vt 0.376740 0.562950
vt 0.458100 0.527510
vt 0.451980 0.549940
vt 0.440960 0.523030
vt 0.542270 0.319030
vt 0.543870 0.345980
vt 0.365690 0.243150
vt 0.373860 0.264130
vt 0.597300 0.378360
vt 0.561440 0.399810
vt 0.590060 0.389140
vt 0.587120 0.407910
vt 0.561010 0.403730
vt 0.641310 0.389180
vt 0.625220 0.368970
vt 0.643180 0.356710
vt 0.248090 0.210030
vt 0.240590 0.198330
vt 0.264700 0.221590
vt 0.253980 0.218430
vt 0.268590 0.210730
vt 0.362810 0.276280
vt 0.370690 0.276170
vt 0.381860 0.292010
vt 0.526100 0.724710
vt 0.511280 0.726110
vt 0.523030 0.714490
vt 0.489270 0.766930
vt 0.476460 0.774220
vt 0.482940 0.757140
vt 0.843780 0.564390
vt 0.855240 0.602790
vt 0.832120 0.585820
vt 0.435930 0.978610
vt 0.513630 0.979260
vt 0.448810 0.988790
vt 0.629150 0.654060
vt 0.602300 0.673000
vt 0.587990 0.655990
vt 0.576100 0.657800
vt 0.588630 0.684960
vt 0.569140 0.679070
vt 0.728890 0.605420
vt 0.708620 0.599410
vt 0.625570 0.589840
vt 0.634470 0.603800
vt 0.620180 0.614380
vt 0.813280 0.593680
vt 0.823970 0.614590
vt 0.798000 0.598150
vt 0.747370 0.620280
vt 0.735610 0.630620
vt 0.746680 0.603340
vt 0.740160 0.556690
vt 0.732900 0.575470
vt 0.713170 0.575770
vt 0.811310 0.545030
vt 0.784180 0.565880
vt 0.780520 0.551700
vt 0.668010 0.551400
vt 0.695160 0.544270
vt 0.674990 0.562320
vt 0.612620 0.560230
vt 0.583840 0.567940
vt 0.407780 0.748060
vt 0.378240 0.726030
vt 0.394000 0.721250
vt 0.398890 0.784310
vt 0.571150 0.638070
vt 0.556070 0.643740
vt 0.564350 0.628190
vt 0.601310 0.589060
vt 0.589730 0.613480
vt 0.581850 0.587000
vt 0.662200 0.627280
vt 0.684020 0.628610
vt 0.688560 0.636660
vt 0.679320 0.591370
vt 0.685390 0.612630
vt 0.663630 0.591660
vt 0.805130 0.584400
vt 0.783470 0.582910
vt 0.820610 0.575800
vt 0.784900 0.574850
vt 0.635750 0.640200
vt 0.608150 0.641940
vt 0.691200 0.647150
vt 0.671850 0.656140
vt 0.665560 0.641090
vt 0.608300 0.416010
vt 0.616530 0.426840
vt 0.579440 0.446810
vt 0.717630 0.412690
vt 0.738850 0.436280
vt 0.722910 0.445560
vt 0.650590 0.579190
vt 0.663130 0.572560
vt 0.648250 0.572090
vt 0.645930 0.559010
vt 0.563860 0.647900
vt 0.578550 0.643780
vt 0.609850 0.635770
vt 0.652770 0.642140
vt 0.656350 0.652720
vt 0.641630 0.651700
vt 0.658730 0.659290
vt 0.652370 0.691150
vt 0.648860 0.657850
vt 0.761410 0.552490
vt 0.751060 0.570700
vt 0.730870 0.531310
vt 0.701470 0.541930
vt 0.695910 0.530710
vt 0.646940 0.613860
vt 0.661930 0.608480
vt 0.757400 0.585390
vt 0.746910 0.593410
vt 0.742460 0.584170
vt 0.762340 0.593150
vt 0.640000 0.589220
vt 0.631220 0.559890
vt 0.637420 0.572470
vt 0.590280 0.641010
vt 0.583100 0.633650
vt 0.575250 0.615850
vt 0.595850 0.624820
vt 0.554620 0.595290
vt 0.547330 0.591030
vt 0.563230 0.588380
vt 0.753210 0.579780
vt 0.769390 0.572730
vt 0.633820 0.630460
vt 0.632700 0.635690
vt 0.614730 0.628910
vt 0.664850 0.634850
vt 0.649090 0.636050
vt 0.647160 0.628530
vt 0.641180 0.578760
vt 0.606100 0.581790
vt 0.569970 0.593020
vt 0.563740 0.617650
vt 0.599220 0.633110
vt 0.582910 0.582420
vt 0.700840 0.546290
vt 0.686870 0.559130
vt 0.686800 0.582340
vt 0.771270 0.582910
vt 0.525700 0.174300
vt 0.515040 0.174110
vt 0.361760 0.564680
vt 0.361850 0.590730
vt 0.347020 0.574560
vt 0.323290 0.591080
vt 0.259870 0.183620
vt 0.244000 0.191180
vt 0.201120 0.396280
vt 0.193270 0.390130
vt 0.209460 0.381910
vt 0.180170 0.394770
vt 0.167140 0.414070
vt 0.185650 0.418230
vt 0.646490 0.307630
vt 0.627050 0.297440
vt 0.609150 0.610880
vt 0.327040 0.163030
vt 0.298080 0.175640
vt 0.321120 0.236830
vt 0.304800 0.228190
vt 0.445540 0.093500
vt 0.322990 0.282530
vt 0.303880 0.246650
vt 0.106990 0.240930
vt 0.119050 0.251460
vt 0.105050 0.271990
vt 0.121790 0.259580
vt 0.311670 0.670730
vt 0.291730 0.605440
vt 0.323480 0.583410
vt 0.349800 0.563620
vt 0.219690 0.350830
vt 0.409090 0.643680
vt 0.378350 0.683690
vt 0.375030 0.661630
vt 0.339250 0.604100
vt 0.359630 0.619740
vt 0.351350 0.596860
vt 0.334970 0.581180
vt 0.318660 0.188000
vt 0.311520 0.176320
vt 0.294640 0.134790
vt 0.304950 0.111680
vt 0.213490 0.429420
vt 0.217540 0.437680
vt 0.230780 0.419000
vt 0.312380 0.048020
vt 0.320840 0.069620
vt 0.228320 0.449360
vt 0.273890 0.346600
vt 0.287600 0.323980
vt 0.320090 0.643560
vt 0.302390 0.638100
vt 0.337950 0.683650
vt 0.457290 0.417890
vt 0.473420 0.412310
vt 0.555050 0.451430
vt 0.557820 0.456820
vt 0.522570 0.466610
vt 0.569430 0.445210
vt 0.184210 0.392730
vt 0.314580 0.153770
vt 0.201940 0.403090
vt 0.224500 0.400930
vt 0.462380 0.153580
vt 0.535190 0.392590
vt 0.543970 0.410270
vt 0.385230 0.666370
vt 0.395030 0.656500
vt 0.246140 0.409860
vt 0.615890 0.310530
vt 0.272470 0.194950
vt 0.387150 0.673580
vt 0.365310 0.608200
vt 0.407160 0.638970
vt 0.283680 0.596560
vt 0.366270 0.081910
vt 0.521590 0.379140
vt 0.507940 0.369330
vt 0.497310 0.374000
vt 0.468520 0.213510
vt 0.310700 0.301730
vt 0.306360 0.298200
vt 0.309100 0.281600
vt 0.475250 0.211310
vt 0.506020 0.165600
vt 0.170550 0.354550
vt 0.149520 0.300890
vt 0.308950 0.166070
vt 0.788010 0.538420
vt 0.813120 0.538480
vt 0.781280 0.545670
vt 0.775290 0.541640
vt 0.754930 0.547030
vt 0.221920 0.001950
vt 0.284150 0.013670
vt 0.219780 0.007420
vt 0.212610 0.014800
vt 0.270210 0.017880
vt 0.253190 0.023420
vt 0.176930 0.038550
vt 0.194790 0.040820
vt 0.176370 0.050690
vt 0.186520 0.131660
vt 0.216240 0.167570
vt 0.248290 0.062900
vt 0.252680 0.052820
vt 0.261380 0.057030
vt 0.288040 0.007190
vt 0.098730 0.145780
vt 0.108520 0.141310
vt 0.186090 0.028490
vt 0.209480 0.028240
vt 0.300410 0.019040
vt 0.305870 0.013930
vt 0.333050 0.028890
vt 0.310300 0.033920
vt 0.259830 0.070210
vt 0.268130 0.070260
vt 0.272010 0.059480
vt 0.276410 0.044570
vt 0.307010 0.025810
vt 0.320690 0.034300
vt 0.288090 0.028490
vt 0.292320 0.039420
vt 0.265650 0.037750
vt 0.236790 0.038970
vt 0.262040 0.044570
vt 0.198400 0.058200
vt 0.206410 0.044580
vt 0.226160 0.049840
vt 0.328620 0.031840
vt 0.340340 0.037270
vt 0.276710 0.025840
vt 0.266950 0.044160
vt 0.277100 0.032790
vt 0.106580 0.102120
vt 0.130460 0.078310
vt 0.136190 0.088790
vt 0.087830 0.108380
vt 0.095980 0.092520
vt 0.510250 0.684560
vt 0.503050 0.673130
vt 0.524290 0.674820
vt 0.559080 0.662890
vt 0.430810 0.741570
vt 0.412330 0.681560
vt 0.425950 0.669160
vt 0.426720 0.693980
vt 0.466600 0.729540
vt 0.416830 0.703540
vt 0.444240 0.715710
vt 0.498350 0.723430
vt 0.486890 0.730660
vt 0.484860 0.715790
vt 0.108550 0.196800
vt 0.104460 0.183990
vt 0.113300 0.187660
vt 0.126530 0.243480
vt 0.121480 0.228400
vt 0.133390 0.222480
vt 0.511140 0.867070
vt 0.504910 0.848120
vt 0.528600 0.867670
vt 0.468910 0.834640
vt 0.141760 0.115930
vt 0.126720 0.119150
vt 0.143040 0.102070
vt 0.128540 0.150140
vt 0.123700 0.163870
vt 0.494980 0.852750
vt 0.500230 0.831570
vt 0.490730 0.817610
vt 0.426990 0.785250
vt 0.401830 0.768140
vt 0.415930 0.768070
vt 0.459750 0.817210
vt 0.447900 0.805530
vt 0.459910 0.810000
vt 0.605320 0.244670
vt 0.639350 0.247530
vt 0.613720 0.253870
vt 0.132950 0.177850
vt 0.127540 0.217950
vt 0.116620 0.212390
vt 0.125830 0.203740
vt 0.555290 0.178310
vt 0.505830 0.206540
vt 0.763000 0.601260
vt 0.532970 0.198320
vt 0.506670 0.280300
vt 0.456370 0.249910
vt 0.460750 0.266750
vt 0.439520 0.261930
vt 0.776720 0.595250
vt 0.815250 0.625800
vt 0.805110 0.628070
vt 0.549760 0.260950
vt 0.524450 0.270600
vt 0.514580 0.242900
vt 0.495830 0.257510
vt 0.792340 0.605620
vt 0.777290 0.604890
vt 0.787020 0.620350
vt 0.762100 0.631580
vt 0.472790 0.260700
vt 0.489490 0.235340
vt 0.491210 0.253340
vt 0.705320 0.632760
vt 0.713380 0.641660
vt 0.561140 0.180820
vt 0.522860 0.233890
vt 0.534790 0.219060
vt 0.537650 0.241320
vt 0.528610 0.218270
vt 0.342830 0.032940
vt 0.368430 0.040290
vt 0.252780 0.387760
vt 0.493870 0.753580
vt 0.481110 0.744320
vt 0.498550 0.740870
vt 0.531550 0.777280
vt 0.518360 0.779650
vt 0.523780 0.764490
vt 0.365030 0.726960
vt 0.395120 0.701000
vt 0.340030 0.759500
vt 0.313510 0.815050
vt 0.305780 0.805940
vt 0.520460 0.734440
vt 0.518500 0.744920
vt 0.510280 0.737440
vt 0.510830 0.755870
vt 0.506690 0.747140
vt 0.435510 0.779900
vt 0.463280 0.747430
vt 0.456030 0.767570
vt 0.443650 0.761740
vt 0.817510 0.562380
vt 0.296120 0.857430
vt 0.286550 0.856080
vt 0.159790 0.046600
vt 0.164790 0.062800
vt 0.146650 0.065600
vt 0.068530 0.109270
vt 0.354460 0.742150
vt 0.359300 0.736060
vt 0.401800 0.779400
vt 0.371890 0.749830
vt 0.489060 0.830840
vt 0.477020 0.821840
vt 0.468820 0.820920
vt 0.468350 0.810720
vt 0.499260 0.789030
vt 0.483980 0.801430
vt 0.496160 0.775360
vt 0.510210 0.771390
vt 0.523910 0.754930
vt 0.482280 0.835590
vt 0.472860 0.831790
vt 0.486470 0.850000
vt 0.444590 0.729990
vt 0.449350 0.741340
vt 0.424130 0.788680
vt 0.410570 0.782060
vt 0.451210 0.816010
vt 0.448110 0.794410
vt 0.459490 0.779380
vt 0.471030 0.761270
vt 0.419400 0.464290
vt 0.386200 0.431950
vt 0.381760 0.410270
vt 0.403230 0.426380
vt 0.475930 0.449940
vt 0.436050 0.494930
vt 0.464990 0.472520
vt 0.474120 0.465510
vt 0.480330 0.484480
vt 0.494820 0.481230
vt 0.498640 0.517110
vt 0.462590 0.429880
vt 0.424330 0.442170
vt 0.408970 0.451950
vt 0.405940 0.434230
vt 0.445790 0.422970
vt 0.434890 0.435470
vt 0.426310 0.423260
vt 0.415120 0.401290
vt 0.425830 0.391840
vt 0.439610 0.412200
vt 0.374580 0.550270
vt 0.430790 0.551800
vt 0.391470 0.548150
vt 0.420670 0.530810
vt 0.465490 0.457930
vt 0.436570 0.449980
vt 0.446020 0.465740
vt 0.506710 0.473640
vt 0.490510 0.469810
vt 0.512180 0.463150
vt 0.451250 0.430970
vt 0.463480 0.453930
vt 0.450060 0.443020
vt 0.417390 0.454940
vt 0.423840 0.478900
vt 0.155580 0.075610
vt 0.202040 0.085130
vt 0.205590 0.097020
vt 0.186430 0.086860
vt 0.159160 0.108850
vt 0.157270 0.092600
vt 0.177690 0.105110
vt 0.241290 0.118600
vt 0.237630 0.128980
vt 0.209840 0.108450
vt 0.217900 0.117850
vt 0.172520 0.076780
vt 0.179250 0.065070
vt 0.188580 0.073840
vt 0.225320 0.063800
vt 0.256890 0.092150
vt 0.266030 0.083550
vt 0.250540 0.095730
vt 0.264050 0.099210
vt 0.277930 0.100190
vt 0.223310 0.076270
vt 0.206490 0.073970
vt 0.254050 0.073810
vt 0.244120 0.087270
vt 0.371200 0.030630
vt 0.456310 0.069910
vt 0.458350 0.077830
vt 0.380270 0.045650
vt 0.352490 0.056910
vt 0.368110 0.059100
vt 0.364830 0.068880
vt 0.365150 0.046320
vt 0.372760 0.071040
vt 0.358630 0.048800
vt 0.324380 0.065470
vt 0.396570 0.042550
vt 0.573850 0.688520
vt 0.540020 0.712140
vt 0.532420 0.706160
vt 0.546610 0.699340
vt 0.521610 0.659120
vt 0.495860 0.642810
vt 0.475500 0.652600
vt 0.485050 0.621410
vt 0.218950 0.206290
vt 0.212040 0.189320
vt 0.233790 0.199070
vt 0.180450 0.142060
vt 0.200650 0.154310
vt 0.188850 0.160140
vt 0.520300 0.532590
vt 0.537590 0.524830
vt 0.552520 0.567500
vt 0.530410 0.567320
vt 0.545470 0.563070
vt 0.521210 0.605670
vt 0.524460 0.591640
vt 0.576910 0.554010
vt 0.568920 0.563140
vt 0.559000 0.557560
vt 0.590520 0.549510
vt 0.619950 0.552230
vt 0.590210 0.558220
vt 0.221410 0.213340
vt 0.220770 0.210080
vt 0.278050 0.215540
vt 0.283310 0.239240
vt 0.274820 0.228440
vt 0.282140 0.222170
vt 0.228760 0.237630
vt 0.246260 0.227490
vt 0.265220 0.231260
vt 0.239210 0.226070
vt 0.162650 0.253400
vt 0.192230 0.249550
vt 0.193320 0.255960
vt 0.287490 0.256590
vt 0.293820 0.249650
vt 0.276830 0.243770
vt 0.527280 0.597920
vt 0.137540 0.274720
vt 0.151590 0.283460
vt 0.126800 0.335560
vt 0.126410 0.277030
vt 0.149850 0.362510
vt 0.512000 0.102640
vt 0.550540 0.140860
vt 0.493250 0.095800
vt 0.030990 0.435560
vt 0.044440 0.473730
vt 0.042270 0.506990
vt 0.103910 0.308760
vt 0.088970 0.292400
vt 0.076740 0.335740
vt 0.161980 0.261050
vt 0.148130 0.253080
vt 0.158770 0.242710
vt 0.045710 0.408940
vt 0.039110 0.304060
vt 0.017290 0.308220
vt 0.001950 0.315460
vt 0.006700 0.373630
vt 0.023060 0.407290
vt 0.462210 0.798910
vt 0.701700 0.732110
vt 0.690490 0.723120
vt 0.688360 0.682850
vt 0.740230 0.713370
vt 0.716320 0.719300
vt 0.736010 0.695280
vt 0.791650 0.716730
vt 0.807620 0.722660
vt 0.780630 0.747760
vt 0.734360 0.781580
vt 0.723640 0.773400
vt 0.747870 0.747810
vt 0.620640 0.730790
vt 0.619590 0.716500
vt 0.643640 0.694390
vt 0.776680 0.395640
vt 0.765140 0.416410
vt 0.750420 0.376200
vt 0.709880 0.383080
vt 0.734290 0.403580
vt 0.581320 0.729160
vt 0.573710 0.744870
vt 0.570080 0.729130
vt 0.668070 0.775800
vt 0.623030 0.784540
vt 0.640200 0.767220
vt 0.562230 0.901160
vt 0.656530 0.859330
vt 0.614150 0.844280
vt 0.631580 0.831690
vt 0.574500 0.805920
vt 0.562850 0.789650
vt 0.582510 0.790260
vt 0.589350 0.766590
vt 0.613220 0.764630
vt 0.726520 0.314640
vt 0.744340 0.332930
vt 0.738340 0.345320
vt 0.226180 0.615200
vt 0.175700 0.670370
vt 0.184290 0.647830
vt 0.283520 0.778690
vt 0.269240 0.760400
vt 0.297860 0.727850
vt 0.810620 0.483920
vt 0.814010 0.504670
vt 0.791190 0.511330
vt 0.629190 0.468480
vt 0.658640 0.419700
vt 0.660740 0.442520
vt 0.644390 0.428210
vt 0.270870 0.457920
vt 0.268960 0.573090
vt 0.271810 0.550990
vt 0.296970 0.527890
vt 0.639580 0.902560
vt 0.576810 0.881080
vt 0.629050 0.877910
vt 0.732560 0.872540
vt 0.719410 0.868660
vt 0.737150 0.836560
vt 0.838140 0.601920
vt 0.831710 0.684770
vt 0.835700 0.703380
vt 0.803810 0.753280
vt 0.382880 0.375340
vt 0.361800 0.361000
vt 0.372030 0.351400
vt 0.398620 0.327260
vt 0.654320 0.941640
vt 0.604060 0.957470
vt 0.708920 0.886150
vt 0.691760 0.907020
vt 0.681680 0.519430
vt 0.716890 0.522130
vt 0.670870 0.530180
vt 0.731990 0.484670
vt 0.788650 0.522390
vt 0.811840 0.517110
vt 0.724460 0.504420
vt 0.751370 0.516650
vt 0.739240 0.522810
vt 0.372880 0.445720
vt 0.350980 0.430040
vt 0.367230 0.418630
vt 0.333420 0.407860
vt 0.323680 0.386990
vt 0.343120 0.393740
vt 0.314950 0.486810
vt 0.291270 0.499800
vt 0.851800 0.713880
vt 0.830630 0.769140
vt 0.861640 0.756810
vt 0.849230 0.758760
vt 0.709210 0.791900
vt 0.709300 0.810660
vt 0.701650 0.789710
vt 0.721380 0.756110
vt 0.663350 0.722290
vt 0.657750 0.724090
vt 0.640460 0.704100
vt 0.684050 0.752440
vt 0.671380 0.736070
vt 0.071670 0.522230
vt 0.103300 0.501950
vt 0.167740 0.527250
vt 0.125170 0.497500
vt 0.158690 0.633070
vt 0.699680 0.286110
vt 0.707910 0.283620
vt 0.717180 0.303910
vt 0.472210 0.721090
vt 0.453450 0.709350
vt 0.483780 0.707790
vt 0.495490 0.693260
vt 0.469820 0.698350
vt 0.485160 0.685670
vt 0.758990 0.684640
vt 0.752910 0.709890
vt 0.740400 0.673730
vt 0.773060 0.736520
vt 0.684360 0.477920
vt 0.706260 0.466650
vt 0.716220 0.493170
vt 0.683090 0.443750
vt 0.579590 0.716790
vt 0.560890 0.700640
vt 0.553000 0.707510
vt 0.550410 0.853370
vt 0.525200 0.837870
vt 0.589470 0.867090
vt 0.584240 0.846220
vt 0.627960 0.692800
vt 0.613930 0.689480
vt 0.655690 0.728630
vt 0.630690 0.714020
vt 0.632280 0.706950
vt 0.151430 0.159150
vt 0.166600 0.144380
vt 0.176360 0.169120
vt 0.125660 0.138590
vt 0.139550 0.129170
vt 0.611500 0.541590
vt 0.650230 0.528370
vt 0.614210 0.498270
vt 0.633560 0.520100
vt 0.589360 0.507900
vt 0.599360 0.500300
vt 0.606900 0.528970
vt 0.255930 0.831160
vt 0.271060 0.800280
vt 0.203150 0.848940
vt 0.228750 0.842160
vt 0.234430 0.883700
vt 0.565630 0.771280
vt 0.562730 0.747330
vt 0.687340 0.796190
vt 0.690210 0.842610
vt 0.684740 0.868930
vt 0.672930 0.894770
vt 0.657480 0.882390
vt 0.435490 0.301890
vt 0.440320 0.290220
vt 0.455240 0.315490
vt 0.389800 0.315750
vt 0.430930 0.286150
vt 0.404620 0.309650
vt 0.369360 0.942370
vt 0.394210 0.915430
vt 0.560620 0.982580
vt 0.596500 0.969880
vt 0.584080 0.988560
vt 0.692770 0.655510
vt 0.716110 0.648780
vt 0.755690 0.657640
vt 0.724290 0.659000
vt 0.356800 0.355980
vt 0.317870 0.378700
vt 0.343770 0.365450
vt 0.341480 0.374150
vt 0.583740 0.528550
vt 0.560460 0.534180
vt 0.574910 0.547180
vt 0.557900 0.551040
vt 0.155860 0.732750
vt 0.181120 0.784750
vt 0.145420 0.763920
vt 0.128510 0.691410
vt 0.152290 0.711350
vt 0.131680 0.728260
vt 0.839150 0.532160
vt 0.838810 0.550770
vt 0.696360 0.343580
vt 0.699100 0.360120
vt 0.673260 0.350100
vt 0.725710 0.362230
vt 0.742100 0.392400
vt 0.720240 0.375070
vt 0.757670 0.345610
vt 0.792420 0.396230
vt 0.749770 0.347520
vt 0.172060 0.805470
vt 0.342730 0.490230
vt 0.361880 0.472550
vt 0.371800 0.475650
vt 0.390780 0.460220
vt 0.384220 0.453380
vt 0.562510 0.720620
vt 0.550660 0.715890
vt 0.561280 0.708770
vt 0.549890 0.727540
vt 0.631600 0.269440
vt 0.652860 0.279850
vt 0.641380 0.287800
vt 0.694340 0.296200
vt 0.675530 0.307110
vt 0.648640 0.298940
vt 0.701420 0.777670
vt 0.696550 0.776270
vt 0.693430 0.767270
vt 0.657640 0.760840
vt 0.677290 0.768360
vt 0.850650 0.542300
vt 0.860240 0.553230
vt 0.431130 0.278440
vt 0.446920 0.273000
vt 0.757300 0.775650
vt 0.797570 0.795100
vt 0.762380 0.810090
vt 0.785380 0.781760
vt 0.478500 0.345280
vt 0.440710 0.323610
vt 0.477570 0.361070
vt 0.461370 0.342230
vt 0.451290 0.362480
vt 0.436290 0.379660
vt 0.432690 0.355640
vt 0.838340 0.496060
vt 0.848760 0.523600
vt 0.671350 0.319360
vt 0.392050 0.323800
vt 0.357200 0.349040
vt 0.369200 0.344920
vt 0.792850 0.684610
vt 0.558290 0.277220
vt 0.560900 0.250000
vt 0.834670 0.510370
vt 0.834450 0.474180
vt 0.825550 0.479310
vt 0.282310 0.531050
vt 0.251860 0.492020
vt 0.231540 0.548620
vt 0.229280 0.524170
vt 0.197940 0.448590
vt 0.770810 0.526180
vt 0.760390 0.540710
vt 0.829560 0.523310
vt 0.388500 0.080000
vt 0.584740 0.169120
vt 0.420660 0.099800
vt 0.432590 0.103090
vt 0.404230 0.137600
vt 0.423850 0.082680
vt 0.375400 0.083330
vt 0.177150 0.093270
vt 0.298060 0.035780
vt 0.258910 0.159370
vt 0.272150 0.165220
vt 0.352030 0.135750
vt 0.361480 0.127430
vt 0.366790 0.156160
vt 0.376670 0.143830
vt 0.403210 0.277980
vt 0.377100 0.323470
vt 0.362410 0.327840
vt 0.368960 0.306620
vt 0.343480 0.322320
vt 0.358160 0.308310
vt 0.342660 0.325120
vt 0.346030 0.343140
vt 0.333570 0.309510
vt 0.311300 0.307800
vt 0.334550 0.297440
vt 0.420400 0.373820
vt 0.408570 0.365460
vt 0.421080 0.352800
vt 0.295190 0.233430
vt 0.507400 0.301760
vt 0.523540 0.295170
vt 0.501810 0.316530
vt 0.488990 0.310110
vt 0.478360 0.323820
vt 0.365440 0.305630
vt 0.388130 0.142630
vt 0.398790 0.128300
vt 0.378500 0.169430
vt 0.770340 0.692700
vt 0.766310 0.719670
vt 0.734000 0.741970
vt 0.163430 0.267170
vt 0.866720 0.580790
vt 0.850570 0.636300
vt 0.854560 0.674950
vt 0.833580 0.650460
vt 0.805540 0.694730
vt 0.695810 0.759760
vt 0.716410 0.738290
vt 0.715070 0.687660
vt 0.701850 0.710360
vt 0.698560 0.681850
vt 0.380470 0.332890
vt 0.397320 0.355590
vt 0.381420 0.344190
vt 0.390940 0.337970
vt 0.600850 0.267260
vt 0.224180 0.263070
vt 0.222560 0.249870
vt 0.238480 0.247940
vt 0.235800 0.236830
vt 0.130070 0.248050
vt 0.142810 0.247210
vt 0.141350 0.242640
vt 0.219200 0.179450
vt 0.553940 0.636640
vt 0.657070 0.286730
vt 0.560470 0.347840
vt 0.577890 0.169800
vt 0.620980 0.209620
vt 0.581840 0.194430
vt 0.640480 0.207920
vt 0.695040 0.262290
vt 0.305280 0.786550
vt 0.277200 0.847100
vt 0.263220 0.847730
vt 0.284230 0.806390
vt 0.757630 0.793440
vt 0.739510 0.806400
vt 0.733320 0.817560
vt 0.726070 0.803500
vt 0.614860 0.705550
vt 0.596750 0.706710
vt 0.606090 0.699400
vt 0.624600 0.698350
vt 0.619540 0.703020
vt 0.611370 0.695210
vt 0.600890 0.750070
vt 0.585900 0.754060
vt 0.725240 0.326780
vt 0.723810 0.340210
vt 0.711020 0.330380
vt 0.717520 0.347540
vt 0.714400 0.371030
vt 0.711700 0.309640
vt 0.632580 0.403730
vt 0.654620 0.404280
vt 0.638170 0.416310
vt 0.679680 0.394260
vt 0.561260 0.690400
vt 0.537090 0.688050
vt 0.522660 0.683190
vt 0.534100 0.672850
vt 0.478600 0.514830
vt 0.458720 0.513080
vt 0.453910 0.501290
vt 0.466140 0.494170
vt 0.534330 0.573180
vt 0.494740 0.561040
vt 0.266580 0.135930
vt 0.744010 0.539810
vt 0.737810 0.545870
vt 0.712540 0.543220
vt 0.547710 0.631590
vt 0.502160 0.665020
vt 0.509040 0.652110
vt 0.528270 0.644430
vt 0.488610 0.669150
vt 0.479420 0.662700
vt 0.495010 0.654120
vt 0.472270 0.676260
vt 0.463470 0.688750
vt 0.192740 0.113310
vt 0.192950 0.104380
vt 0.206600 0.115360
vt 0.671360 0.842830
vt 0.494840 0.712960
vt 0.507600 0.713190
vt 0.351880 0.368410
vt 0.364970 0.379420
vt 0.520250 0.793330
vt 0.550710 0.776420
vt 0.550030 0.761310
vt 0.085310 0.149130
vt 0.085510 0.178340
vt 0.060340 0.137850
vt 0.080190 0.120370
vt 0.070040 0.128600
vt 0.530590 0.696680
vt 0.515800 0.695490
vt 0.501230 0.700230
vt 0.759990 0.489700
vt 0.767770 0.517110
vt 0.741510 0.495200
vt 0.787850 0.485390
vt 0.437060 0.654120
vt 0.415240 0.669720
vt 0.621440 0.201260
vt 0.295630 0.706220
vt 0.320400 0.702720
vt 0.585120 0.701400
vt 0.575220 0.695950
vt 0.596530 0.695700
vt 0.569800 0.712500
vt 0.267510 0.586180
vt 0.277580 0.581600
vt 0.281260 0.588410
vt 0.276630 0.575960
vt 0.314870 0.551390
vt 0.047790 0.207740
vt 0.095750 0.196390
vt 0.272420 0.290660
vt 0.242830 0.309070
vt 0.229560 0.288750
vt 0.320240 0.498960
vt 0.339950 0.481230
vt 0.292960 0.521690
vt 0.273580 0.499970
vt 0.693460 0.498430
vt 0.710310 0.512760
vt 0.505720 0.590770
vt 0.501250 0.586780
vt 0.500770 0.579760
vt 0.482740 0.586940
vt 0.110350 0.637860
vt 0.137140 0.658790
vt 0.081050 0.616820
vt 0.108080 0.674470
vt 0.150940 0.671910
vt 0.154760 0.690670
vt 0.194690 0.307370
vt 0.498750 0.608730
vt 0.482970 0.616250
vt 0.488630 0.600330
vt 0.500540 0.613170
vt 0.578290 0.958180
vt 0.583990 0.964550
vt 0.530740 0.985180
vt 0.524940 0.910460
vt 0.545950 0.953430
vt 0.669350 0.747590
vt 0.654840 0.734790
vt 0.666300 0.738610
vt 0.404390 0.690670
vt 0.546820 0.683880
vt 0.544200 0.668310
vt 0.556020 0.679290
vt 0.551660 0.652620
vt 0.661400 0.542890
vt 0.675850 0.538190
vt 0.691540 0.776650
vt 0.684900 0.779580
vt 0.687280 0.768020
vt 0.554730 0.513980
vt 0.577530 0.507330
vt 0.574780 0.484610
vt 0.559660 0.492540
vt 0.729040 0.791720
vt 0.711000 0.784610
vt 0.334250 0.521080
vt 0.328410 0.515950
vt 0.328470 0.504940
vt 0.744930 0.827880
vt 0.748540 0.810610
vt 0.750570 0.850760
vt 0.167140 0.175310
vt 0.184240 0.203060
vt 0.199610 0.194430
vt 0.626720 0.962530
vt 0.668880 0.272070
vt 0.658150 0.241060
vt 0.536190 0.541930
vt 0.235840 0.804510
vt 0.220120 0.737250
vt 0.619340 0.521200
vt 0.645960 0.546210
vt 0.637810 0.535630
vt 0.258930 0.143130
vt 0.238470 0.139810
vt 0.247720 0.137500
vt 0.247410 0.146280
vt 0.352450 0.453120
vt 0.050340 0.250940
vt 0.019700 0.250220
vt 0.043720 0.229870
vt 0.004900 0.220700
vt 0.038030 0.161020
vt 0.143060 0.207960
vt 0.159690 0.201710
vt 0.528180 0.630290
vt 0.539700 0.635100
vt 0.680770 0.755640
vt 0.489460 0.536080
vt 0.507760 0.531790
vt 0.176260 0.636300
vt 0.228660 0.593760
vt 0.221810 0.554660
vt 0.245730 0.573510
vt 0.675920 0.686170
vt 0.671730 0.712640
vt 0.096650 0.131030
vt 0.090690 0.122800
vt 0.105590 0.116080
vt 0.087400 0.135270
vt 0.116130 0.136720
vt 0.105440 0.130360
vt 0.206840 0.214530
vt 0.575850 0.451480
vt 0.568290 0.453330
vt 0.595300 0.807740
vt 0.642860 0.805840
vt 0.630340 0.796510
vt 0.673990 0.781960
vt 0.556980 0.236090
vt 0.861640 0.707800
vt 0.877650 0.625950
vt 0.869210 0.667310
vt 0.869660 0.608510
vt 0.262270 0.308610
vt 0.349970 0.717510
vt 0.660430 0.409520
vt 0.646030 0.418450
vt 0.694690 0.408010
vt 0.700980 0.433690
vt 0.672530 0.413040
vt 0.771070 0.448560
vt 0.756880 0.430790
vt 0.364920 0.515050
vt 0.384560 0.487920
vt 0.371340 0.517030
vt 0.404440 0.527250
vt 0.531890 0.791420
vt 0.545750 0.790080
vt 0.571420 0.703520
vt 0.174480 0.115330
vt 0.191060 0.121620
vt 0.136950 0.200660
vt 0.124540 0.183840
vt 0.108020 0.171180
vt 0.616480 0.397440
vt 0.181800 0.282290
vt 0.243560 0.329900
vt 0.198950 0.327010
vt 0.211420 0.316730
vt 0.407180 0.377250
vt 0.388910 0.362900
vt 0.155710 0.125370
vt 0.153330 0.142420
vt 0.100510 0.674980
vt 0.119600 0.695060
vt 0.109080 0.692820
vt 0.125330 0.727060
vt 0.114470 0.703560
vt 0.639510 0.229380
vt 0.455940 0.696600
vt 0.700810 0.828670
vt 0.682300 0.901590
vt 0.700490 0.877230
vt 0.712080 0.862250
vt 0.701620 0.859450
vt 0.707650 0.844130
vt 0.066590 0.578400
vt 0.103860 0.530570
vt 0.536470 0.655910
vt 0.536540 0.648110
vt 0.544770 0.647360
vt 0.018700 0.429280
vt 0.035280 0.474440
vt 0.702970 0.583040
vt 0.724850 0.594310
vt 0.798420 0.398530
vt 0.830850 0.445350
vt 0.836090 0.466350
vt 0.807390 0.401700
vt 0.778770 0.363500
vt 0.657540 0.557300
vt 0.632190 0.548780
vt 0.665940 0.484930
vt 0.643720 0.456020
vt 0.601930 0.688690
vt 0.529000 0.744240
vt 0.534520 0.733250
vt 0.428640 0.508890
vt 0.461710 0.491200
vt 0.700040 0.768740
vt 0.176750 0.231510
vt 0.162740 0.236550
vt 0.137450 0.155440
vt 0.138770 0.142530
vt 0.864300 0.650770
vt 0.659100 0.701420
vt 0.654150 0.708290
vt 0.665210 0.662080
vt 0.424710 0.516880
vt 0.442090 0.508500
vt 0.096970 0.162350
vt 0.102470 0.171750
vt 0.099440 0.180500
vt 0.299990 0.682600
vt 0.287060 0.658970
vt 0.161380 0.273510
vt 0.440170 0.564570
vt 0.393670 0.581030
vt 0.434500 0.611560
vt 0.180340 0.195700
vt 0.178710 0.189890
vt 0.200080 0.183140
vt 0.619220 0.809830
vt 0.602500 0.790600
vt 0.302800 0.531810
vt 0.281820 0.556040
vt 0.107990 0.207530
vt 0.118010 0.233610
vt 0.621180 0.436780
vt 0.589390 0.738130
vt 0.609630 0.740670
vt 0.356630 0.387140
vt 0.479570 0.476780
vt 0.462270 0.483200
vt 0.218700 0.126210
vt 0.230670 0.137910
vt 0.208530 0.126150
vt 0.593350 0.651890
vt 0.687210 0.282710
vt 0.647810 0.258920
vt 0.569450 0.954700
vt 0.535440 0.907930
vt 0.568650 0.939040
vt 0.555170 0.939720
vt 0.335650 0.535970
vt 0.402330 0.466570
vt 0.469740 0.523760
vt 0.344380 0.418400
vt 0.349120 0.407410
vt 0.365280 0.401140
vt 0.256120 0.382430
vt 0.374500 0.389960
vt 0.298010 0.489530
vt 0.306020 0.502140
vt 0.585670 0.931890
vt 0.539390 0.897630
vt 0.309140 0.389630
vt 0.324950 0.420960
vt 0.243130 0.031500
vt 0.379910 0.539120
vt 0.299850 0.316200
vt 0.504460 0.869980
vt 0.498460 0.868930
vt 0.540140 0.906770
vt 0.525440 0.896180
vt 0.713660 0.892960
vt 0.760860 0.882870
vt 0.753950 0.869760
vt 0.784280 0.761110
vt 0.463940 0.327270
vt 0.483520 0.334740
vt 0.757580 0.527000
vt 0.122490 0.107290
vt 0.113030 0.125850
vt 0.411490 0.224070
vt 0.664880 0.459390
vt 0.685960 0.461060
vt 0.668040 0.474260
vt 0.647040 0.477330
vt 0.827710 0.499050
vt 0.388960 0.747380
vt 0.723170 0.584040
vt 0.256250 0.591730
vt 0.025890 0.163640
vt 0.210820 0.174560
vt 0.306150 0.732120
vt 0.322940 0.717710
vt 0.313610 0.709780
vt 0.252690 0.739470
vt 0.511600 0.600390
vt 0.486360 0.594580
vt 0.525710 0.853420
vt 0.784390 0.694810
vt 0.769760 0.673150
vt 0.253150 0.298660
vt 0.244880 0.277000
vt 0.683910 0.397080
vt 0.711510 0.423720
vt 0.516700 0.705440
vt 0.292600 0.577450
vt 0.317840 0.553420
vt 0.514640 0.636140
vt 0.413230 0.660100
vt 0.394130 0.672710
vt 0.754010 0.363340
vt 0.734470 0.357460
vt 0.793580 0.635160
vt 0.501090 0.575020
vt 0.074970 0.258850
vt 0.586280 0.822210
vt 0.611790 0.820620
vt 0.205530 0.504730
vt 0.434080 0.803450
vt 0.438470 0.797700
vt 0.266260 0.616100
vt 0.324880 0.886270
vt 0.327570 0.802760
vt 0.290800 0.921980
vt 0.324330 0.947770
vt 0.346510 0.964670
vt 0.316520 0.954140
vt 0.703940 0.663690
vt 0.674270 0.663020
vt 0.766330 0.473850
vt 0.856430 0.520980
vt 0.844660 0.492900
vt 0.660470 0.547420
vt 0.645770 0.551610
vt 0.424420 0.311370
vt 0.422200 0.302180
vt 0.693640 0.595000
vt 0.416050 0.430310
vt 0.672560 0.232430
vt 0.606440 0.910410
vt 0.605280 0.926160
vt 0.651250 0.920760
vt 0.263650 0.908210
vt 0.289280 0.935160
vt 0.686470 0.325610
vt 0.102440 0.160120
vt 0.266130 0.540630
vt 0.639320 0.657670
vt 0.636210 0.686280
vt 0.646350 0.820810
vt 0.628740 0.757500
vt 0.628480 0.553640
vt 0.582320 0.562640
vt 0.537810 0.754170
vt 0.536340 0.765220
vt 0.215600 0.770170
vt 0.205540 0.819620
vt 0.849820 0.484940
vt 0.429140 0.762180
vt 0.530520 0.506420
vt 0.520180 0.472850
vt 0.339380 0.725450
vt 0.169110 0.086210
vt 0.219340 0.374750
vt 0.422900 0.900040
vt 0.586780 0.690980
vt 0.337530 0.733080
vt 0.326760 0.753560
vt 0.172840 0.272330
vt 0.181960 0.264230
vt 0.323540 0.676770
vt 0.338650 0.701490
vt 0.407040 0.712730
vt 0.189170 0.747970
vt 0.184890 0.704450
vt 0.201140 0.675250
vt 0.246750 0.595870
vt 0.501880 0.732760
vt 0.695340 0.379360
vt 0.624050 0.532290
vt 0.625130 0.542200
vt 0.170380 0.125580
vt 0.445360 0.342880
vt 0.452200 0.330810
vt 0.382490 0.751040
vt 0.716240 0.318540
vt 0.698890 0.314310
vt 0.511630 0.606880
vt 0.687510 0.761340
vt 0.113780 0.222010
vt 0.693790 0.788170
vt 0.559110 0.756750
vt 0.571420 0.759400
vt 0.581040 0.772040
vt 0.169810 0.023460
vt 0.195220 0.015700
vt 0.581490 0.707590
vt 0.676520 0.511390
vt 0.657660 0.254990
vt 0.540270 0.721980
vt 0.552510 0.692860
vt 0.435840 0.685930
vt 0.689860 0.576660
vt 0.706400 0.580360
vt 0.555600 0.806230
vt 0.636770 0.620560
vt 0.141360 0.048980
vt 0.154560 0.030420
vt 0.500890 0.762120
vt 0.723220 0.638720
vt 0.794680 0.646280
vt 0.740990 0.649370
vt 0.705750 0.452390
vt 0.158260 0.196020
vt 0.873600 0.591130
vt 0.667610 0.719750
vt 0.262100 0.417270
vt 0.267410 0.436360
vt 0.444640 0.776750
vt 0.317590 0.080570
vt 0.502510 0.588740
vt 0.487050 0.597420
vt 0.691420 0.760900
vt 0.682560 0.763010
vt 0.275370 0.881880
vt 0.869240 0.731320
vt 0.507270 0.795030
vt 0.535660 0.489280
vt 0.272470 0.634460
vt 0.485240 0.222630
vt 0.438280 0.238010
vt 0.587270 0.542090
vt 0.580050 0.245760
vt 0.426720 0.267070
vt 0.400280 0.384080
vt 0.280160 0.346670
vt 0.491870 0.842310
vt 0.421990 0.209930
vt 0.336160 0.840730
vt 0.336740 0.538530
vt 0.372800 0.512980
vt 0.359650 0.462810
vt 0.475780 0.994290
vt 0.528980 0.998040
vt 0.751420 0.330870
vt 0.766630 0.822160
vt 0.741880 0.788600
vt 0.755280 0.758700
vt 0.458300 0.272130
vt 0.442960 0.279720
vt 0.629150 0.426750
vt 0.586790 0.948570
vt 0.300570 0.367760
vt 0.195130 0.097410
vt 0.280360 0.568700
vt 0.535370 0.209730
vt 0.540850 0.205860
vt 0.093330 0.150560
vt 0.124610 0.250140
vt 0.418150 0.419230
vt 0.163740 0.427570
vt 0.083330 0.455610
vt 0.593540 0.385300
vt 0.706560 0.775260
vt 0.397740 0.496360
vt 0.481280 0.679990
vt 0.385190 0.443610
vt 0.433070 0.331840
vt 0.054730 0.542670
vt 0.613800 0.179820
vt 0.347210 0.739920
vt 0.250110 0.866450
vt 0.268570 0.898190
vt 0.646260 0.357680
vt 0.193210 0.179370
vt 0.347020 0.496320
vt 0.205940 0.170290
vt 0.390370 0.468630
vt 0.692590 0.642220
vt 0.442560 0.110000
vt 0.581200 0.158380
vt 0.662900 0.395870
vt 0.092100 0.653600
vt 0.242920 0.111730
vt 0.866940 0.556030
vt 0.617760 0.264780
vt 0.734830 0.897740
vt 0.286340 0.215460
vt 0.194000 0.008930
vt 0.294250 0.218830
vt 0.643720 0.203650
vn 0.469109 0.446349 0.762043
vn 0.361257 0.571136 0.737087
vn 0.475845 0.137927 0.868647
vn 0.052654 -0.554296 0.830653
vn 0.117605 -0.378326 0.918172
vn 0.026988 -0.542705 0.839490
vn -0.058697 -0.685043 0.726134
vn -0.150743 -0.743732 0.651260
vn -0.050623 -0.800360 0.597378
vn -0.950950 -0.231844 0.204798
vn -0.978234 -0.082142 0.190555
vn -0.904344 0.028152 0.425874
vn 0.034298 -0.991616 -0.124584
vn 0.017978 -0.999417 -0.029034
vn 0.057806 -0.993667 -0.096359
vn 0.332353 0.915359 0.227287
vn 0.322809 0.921190 0.217263
vn 0.326779 0.903779 0.276404
vn 0.481176 0.717576 0.503542
vn 0.438804 0.829465 0.345599
vn 0.436693 0.807820 0.395886
vn -0.956317 0.196779 0.216185
vn -0.970338 0.120739 0.209441
vn -0.975062 0.144173 0.168728
vn 0.780288 -0.326460 0.533456
vn 0.644560 -0.400760 0.651102
vn 0.709234 -0.473470 0.522315
vn -0.966117 0.102505 0.236879
vn -0.958245 0.121748 0.258737
vn 0.251385 -0.855141 -0.453364
vn 0.394051 -0.827218 -0.400543
vn 0.238162 -0.911183 -0.336191
vn -0.516664 -0.783200 0.345915
vn -0.653561 -0.687216 0.317164
vn -0.651419 -0.744779 0.144765
vn 0.175991 -0.005797 0.984375
vn -0.222928 0.122614 0.967093
vn -0.235925 0.020195 0.971561
vn -0.313693 0.123643 0.941440
vn -0.430377 0.230901 0.872617
vn -0.435818 0.103223 0.894096
vn 0.477685 -0.567274 0.670833
vn 0.725849 -0.337494 0.599366
vn 0.706694 -0.316372 0.632845
vn -0.999409 -0.022815 -0.025713
vn -0.997249 -0.026331 -0.069295
vn -0.995566 0.014965 -0.092867
vn -0.141136 -0.240004 0.960458
vn -0.143092 -0.183155 0.972615
vn -0.189889 -0.262155 0.946159
vn -0.474323 -0.461941 0.749419
vn -0.353150 -0.474671 0.806209
vn -0.185152 -0.584802 0.789763
vn 0.675919 -0.076987 0.732944
vn 0.786029 -0.105733 0.609081
vn -0.097477 -0.988412 0.116365
vn -0.290905 -0.950960 -0.105121
vn -0.035128 -0.999315 0.011639
vn -0.158658 -0.971406 -0.176628
vn -0.010807 0.729304 0.684105
vn -0.074254 0.741132 0.667240
vn -0.124897 0.498163 0.858041
vn 0.809690 -0.047729 0.584914
vn 0.823767 -0.060925 0.563646
vn 0.826956 -0.028833 0.561526
vn -0.592095 -0.180872 0.785308
vn -0.840095 -0.126873 0.527393
vn -0.663619 -0.261732 0.700790
vn -0.102615 -0.468482 0.877494
vn -0.160020 -0.398754 0.902989
vn -0.147482 -0.440273 0.885669
vn -0.123790 -0.629478 0.767095
vn -0.267886 -0.692852 0.669472
vn -0.227788 -0.687685 0.689349
vn -0.547972 -0.585287 -0.597634
vn -0.448452 -0.639037 -0.624918
vn -0.462441 -0.438527 -0.770612
vn 0.139562 -0.989478 0.038160
vn -0.029498 -0.993467 0.110239
vn -0.035409 -0.999365 0.003945
vn -0.140193 0.041753 0.989243
vn -0.154586 0.084712 0.984341
vn -0.167492 0.167007 0.971625
vn -0.250139 -0.111966 0.961714
vn -0.145912 -0.066574 0.987055
vn -0.052229 -0.201989 0.977994
vn -0.128782 -0.317693 0.939407
vn 0.032731 -0.302672 0.952533
vn -0.120467 -0.400535 0.908328
vn -0.098186 -0.213245 0.972052
vn -0.121857 -0.102246 0.987267
vn -0.081528 -0.171521 0.981801
vn -0.315606 -0.357826 0.878836
vn -0.400535 -0.499994 0.767839
vn -0.188806 -0.625024 0.757428
vn -0.162630 -0.558112 0.813672
vn -0.195237 -0.621058 0.759058
vn -0.423630 0.604944 0.674226
vn -0.535693 0.480903 0.694094
vn -0.422105 0.413782 0.806605
vn -0.512291 0.370685 0.774694
vn -0.496226 0.298884 0.815125
vn -0.406105 0.314404 0.858038
vn -0.905362 -0.044702 0.422281
vn -0.800544 -0.086318 0.593025
vn -0.800901 0.034491 0.597803
vn 0.170815 -0.598297 0.782856
vn 0.147087 -0.738698 0.657792
vn 0.210756 -0.621972 0.754143
vn 0.638909 -0.222481 -0.736408
vn 0.676769 -0.323100 -0.661506
vn 0.602738 -0.377894 -0.702782
vn -0.669308 -0.643743 -0.370974
vn -0.664238 -0.596470 -0.450569
vn -0.587884 -0.712405 -0.383238
vn -0.277289 0.024702 -0.960469
vn -0.236362 0.110262 -0.965389
vn -0.295669 0.121642 -0.947514
vn 0.039872 -0.876803 -0.479194
vn 0.094480 -0.958412 -0.269296
vn -0.062125 -0.946152 -0.317706
vn -0.786536 0.560942 -0.258272
vn -0.933482 0.342125 -0.107528
vn -0.825175 0.559555 -0.077361
vn 0.188591 0.977622 0.093212
vn 0.223989 0.969469 0.099796
vn 0.180060 0.979727 0.087827
vn 0.249461 0.964107 0.090926
vn 0.260046 0.958094 0.120134
vn 0.295774 0.943272 0.150850
vn -0.882848 -0.252123 -0.396250
vn -0.912822 -0.190273 -0.361321
vn -0.886149 -0.209740 -0.413218
vn 0.543299 -0.197293 -0.816028
vn 0.687231 -0.343791 -0.639939
vn 0.410203 -0.237387 -0.880557
vn 0.482123 -0.134723 -0.865683
vn 0.549866 -0.052400 -0.833607
vn 0.576240 -0.120114 -0.808406
vn 0.305121 0.949798 -0.069181
vn 0.281871 0.956332 0.077312
vn 0.435570 0.889730 0.136598
vn 0.384152 0.176660 -0.906211
vn 0.438400 0.195747 -0.877205
vn 0.486672 0.114389 -0.866064
vn 0.351161 -0.217278 -0.910756
vn 0.342054 -0.177800 -0.922706
vn 0.353209 -0.247289 -0.902270
vn 0.192657 -0.792037 -0.579276
vn 0.245478 -0.680292 -0.690611
vn 0.154001 -0.780153 -0.606337
vn 0.038566 0.992898 0.112543
vn 0.002402 0.994871 0.101119
vn 0.036645 0.996411 0.076310
vn 0.185309 0.972352 0.142098
vn 0.233991 0.959772 0.155200
vn 0.244517 0.957822 0.150956
vn 0.388960 0.620819 -0.680657
vn 0.431047 0.558377 -0.708811
vn 0.393778 0.447649 -0.802839
vn 0.779706 0.119358 -0.614665
vn 0.917356 -0.030423 -0.396904
vn 0.852358 0.017586 -0.522663
vn 0.943258 -0.095592 -0.318004
vn 0.955011 -0.119012 -0.271643
vn 0.967875 -0.126744 -0.217150
vn -0.372788 -0.132295 -0.918437
vn -0.380812 -0.222463 -0.897492
vn -0.538596 -0.134007 -0.831839
vn -0.330380 0.942702 -0.046497
vn -0.299709 0.952803 -0.048374
vn -0.327870 0.943475 -0.048540
vn 0.403675 0.317485 -0.858050
vn 0.219781 0.413886 -0.883400
vn 0.178331 0.207899 -0.961757
vn 0.603882 0.212087 -0.768340
vn 0.646557 0.201890 -0.735666
vn 0.639365 0.185476 -0.746198
vn -0.449413 -0.758201 -0.472398
vn -0.571318 -0.658099 -0.490410
vn -0.506002 -0.667832 -0.545860
vn 0.122150 -0.376967 -0.918137
vn 0.343773 -0.388408 -0.854961
vn 0.311534 -0.545981 -0.777722
vn 0.117527 -0.927874 -0.353888
vn 0.133824 -0.855747 -0.499789
vn 0.197783 -0.862345 -0.466093
vn -0.164564 0.986094 -0.023174
vn -0.164829 0.985417 -0.042249
vn -0.173684 0.984279 -0.032059
vn 0.406644 -0.182271 -0.895219
vn 0.439632 -0.233454 -0.867308
vn 0.408861 -0.265249 -0.873199
vn 0.459584 -0.297901 -0.836682
vn 0.327922 -0.780140 -0.532774
vn 0.392031 -0.830804 -0.395065
vn 0.333562 -0.857519 -0.391659
vn 0.871897 -0.488233 0.037734
vn 0.820617 -0.550107 0.154821
vn 0.828129 -0.528146 0.187790
vn -0.163438 0.985923 -0.035271
vn -0.165482 0.984385 -0.060023
vn -0.181381 0.981707 -0.057905
vn -0.785876 -0.054777 -0.615953
vn -0.835929 -0.046020 -0.546905
vn -0.795491 -0.017268 -0.605720
vn -0.294233 0.149990 -0.943891
vn -0.334288 0.219512 -0.916551
vn -0.178450 0.220404 -0.958946
vn -0.738368 -0.007939 -0.674352
vn -0.754690 0.029433 -0.655421
vn -0.671660 0.045949 -0.739433
vn -0.540418 -0.382409 -0.749475
vn -0.402594 -0.403074 -0.821858
vn -0.466110 -0.474247 -0.746881
vn -0.658410 -0.646908 0.384717
vn 0.085179 -0.745987 0.660490
vn -0.741137 -0.557984 0.373322
vn 0.780870 -0.314813 0.539569
vn 0.784050 -0.320225 0.531716
vn 0.805975 -0.301862 0.509199
vn 0.550075 0.025697 -0.834720
vn 0.519420 0.287734 -0.804619
vn 0.488648 0.066084 -0.869975
vn 0.871598 -0.483463 0.081124
vn 0.838391 -0.538634 -0.083509
vn 0.633192 -0.426360 -0.645976
vn -0.524492 -0.020091 -0.851178
vn -0.278815 0.082871 -0.956763
vn -0.433914 0.009210 -0.900907
vn -0.737597 -0.334782 -0.586406
vn -0.640859 -0.232615 -0.731566
vn -0.722057 -0.293644 -0.626424
vn -0.349631 -0.338863 0.873459
vn 0.406912 -0.351817 0.842999
vn 0.127529 -0.433062 0.892297
vn -0.169680 0.167185 0.971215
vn -0.187477 0.292231 0.937792
vn -0.966204 -0.144300 0.213607
vn -0.951461 -0.119622 0.283573
vn -0.948419 -0.142831 0.283022
vn -0.049326 -0.686111 0.725823
vn -0.107272 -0.662145 0.741658
vn -0.040900 -0.760101 0.648517
vn 0.835871 -0.494717 -0.237854
vn 0.855465 -0.516417 -0.038646
vn 0.871244 -0.471958 -0.134867
vn 0.724982 -0.578456 0.373884
vn 0.770485 -0.572292 0.280775
vn 0.737723 -0.613011 0.282813
vn -0.880691 -0.211701 -0.423753
vn -0.704677 -0.294568 -0.645492
vn -0.742367 -0.446044 -0.499936
vn -0.961323 -0.275414 0.002293
vn -0.995442 -0.095195 0.005740
vn -0.989971 -0.138829 0.026159
vn 0.369962 -0.286184 -0.883870
vn 0.351933 -0.235275 -0.905974
vn 0.388746 -0.282278 -0.877038
vn 0.409550 0.201786 -0.889691
vn 0.796338 -0.566409 0.212193
vn 0.756956 -0.591997 0.276691
vn 0.738941 -0.600770 0.305029
vn 0.931971 -0.359926 0.043410
vn 0.923991 -0.382377 0.005299
vn 0.916043 -0.395618 0.065967
vn 0.852713 -0.393982 0.343015
vn 0.800844 -0.243267 0.547238
vn 0.885786 -0.268937 0.378227
vn 0.849555 -0.436363 0.296386
vn -0.213514 -0.358624 0.908736
vn -0.292936 -0.347308 0.890823
vn -0.253567 -0.441668 0.860600
vn -0.998616 -0.001272 -0.052585
vn -0.866762 -0.445509 0.224156
vn -0.944119 -0.260597 0.201812
vn -0.938792 -0.330371 0.097592
vn -0.818128 -0.532317 -0.217497
vn -0.872312 -0.429274 -0.234083
vn -0.861148 -0.443287 -0.248839
vn 0.521489 0.350596 -0.777903
vn 0.545251 0.151204 -0.824523
vn -0.385418 0.234564 -0.892431
vn -0.277510 0.277190 -0.919866
vn -0.155332 0.274184 -0.949050
vn -0.322365 -0.620915 0.714525
vn -0.473708 -0.642778 0.602028
vn -0.376495 -0.706210 0.599599
vn -0.227036 -0.967902 -0.107799
vn -0.197160 -0.980322 -0.009893
vn -0.242385 -0.970053 -0.015700
vn 0.303071 0.800320 -0.517335
vn 0.316939 0.575858 -0.753616
vn 0.088505 0.992877 0.079758
vn 0.136140 0.987576 0.078486
vn -0.158454 -0.963803 0.214419
vn -0.250543 -0.895653 0.367469
vn -0.310123 -0.931754 0.188835
vn 0.307175 -0.578671 0.755502
vn -0.021031 -0.656426 0.754097
vn 0.221518 -0.690770 0.688308
vn 0.254416 -0.148673 -0.955599
vn 0.315145 -0.116426 -0.941875
vn 0.254458 -0.154598 -0.954647
vn 0.728747 -0.547606 -0.411164
vn 0.454385 -0.686774 0.567341
vn 0.752948 -0.437989 0.491157
vn 0.630366 -0.533911 0.563540
vn -0.438279 -0.151520 0.885976
vn -0.409837 -0.113899 0.905020
vn -0.455301 -0.199159 0.867777
vn 0.627646 -0.132970 -0.767059
vn 0.825777 -0.259162 -0.500927
vn 0.525728 -0.255432 -0.811397
vn 0.921464 -0.027514 -0.387489
vn 0.936959 -0.235099 -0.258527
vn 0.975603 -0.138773 -0.170122
vn 0.816985 -0.489557 0.304746
vn -0.176296 -0.913639 0.366311
vn -0.220374 -0.829548 0.513113
vn -0.148538 -0.946227 0.287387
vn -0.422082 -0.809174 0.408760
vn -0.710692 -0.442372 0.547014
vn 0.513122 -0.481026 0.710859
vn -0.966440 -0.256887 -0.001491
vn -0.929997 -0.307140 -0.201916
vn -0.846335 -0.530383 -0.049099
vn -0.934507 -0.239567 0.263258
vn 0.650609 -0.580288 0.489871
vn -0.768160 0.210747 0.604579
vn -0.667568 0.111525 0.736149
vn 0.404758 0.058887 0.912526
vn -0.995729 -0.080912 -0.044475
vn 0.503828 0.136942 -0.852880
vn 0.392545 -0.133452 -0.910000
vn 0.397960 -0.144170 -0.906004
vn 0.322284 -0.493238 -0.807991
vn 0.213699 -0.626145 -0.749850
vn 0.973057 -0.109808 -0.202738
vn 0.970280 -0.209468 -0.121160
vn 0.962115 -0.143282 -0.231959
vn -0.111510 0.287854 0.951160
vn -0.080762 0.444851 0.891956
vn -0.186658 0.133560 0.973304
vn -0.008065 0.246580 0.969089
vn -0.275855 0.078386 0.957998
vn -0.217725 0.103328 0.970525
vn -0.575908 -0.244284 -0.780164
vn 0.423895 -0.546867 -0.721977
vn 0.510311 -0.509909 -0.692514
vn 0.377336 -0.707136 -0.597977
vn 0.335106 0.934215 0.122254
vn 0.433920 0.885095 0.168284
vn 0.383071 0.913896 0.134353
vn -0.288647 0.086697 0.953502
vn -0.332109 0.050092 0.941910
vn 0.031985 -0.974788 -0.220828
vn 0.505579 -0.862762 0.005576
vn 0.216100 -0.975573 0.039483
vn 0.329766 -0.575502 -0.748366
vn 0.367227 -0.471970 -0.801491
vn 0.344541 -0.558468 -0.754589
vn -0.604021 0.039830 0.795972
vn -0.838235 0.110808 0.533932
vn -0.655926 0.266646 0.706159
vn 0.205109 -0.102425 0.973365
vn 0.555732 -0.131416 0.820909
vn -0.102588 -0.335017 0.936611
vn 0.567030 -0.397231 -0.721585
vn 0.525149 -0.269710 -0.807140
vn 0.575343 -0.361221 -0.733826
vn 0.564712 -0.261766 -0.782674
vn -0.152132 -0.966456 -0.206925
vn -0.242317 -0.964407 -0.105837
vn -0.101159 -0.991677 -0.079652
vn -0.268343 -0.869159 0.415398
vn -0.151142 -0.903485 0.401088
vn -0.304408 -0.750716 0.586312
vn -0.877530 -0.407461 -0.252817
vn -0.591299 -0.204897 -0.779989
vn -0.603941 -0.256486 -0.754633
vn -0.653565 -0.327716 -0.682243
vn 0.263036 0.956680 0.124799
vn -0.359324 -0.172508 0.917130
vn -0.034224 -0.197331 0.979739
vn -0.937635 -0.283131 -0.201689
vn 0.650627 -0.480475 -0.588072
vn 0.234739 -0.194279 -0.952446
vn -0.597547 -0.801805 0.006787
vn 0.001072 -0.986130 -0.165971
vn 0.858380 -0.510215 -0.053526
vn 0.880652 -0.131819 -0.455056
vn 0.910969 -0.104246 -0.399085
vn 0.880208 -0.147065 -0.451227
vn -0.284600 -0.724094 -0.628244
vn -0.487163 -0.344031 -0.802692
vn -0.348388 0.109640 -0.930916
vn -0.412290 0.056121 -0.909323
vn -0.456782 0.076131 -0.886315
vn 0.226754 0.910438 0.345957
vn 0.215873 0.933317 0.286912
vn 0.174327 0.899080 0.401578
vn 0.978824 0.055547 -0.197021
vn 0.938711 -0.158262 -0.306226
vn 0.883893 0.033373 -0.466498
vn 0.233900 0.911733 0.337689
vn 0.221417 0.928945 0.296710
vn 0.144119 0.954741 0.260190
vn -0.150101 0.072165 -0.986033
vn 0.032632 0.097241 -0.994726
vn -0.322861 -0.742325 0.587124
vn -0.322557 -0.808410 0.492372
vn 0.443496 0.836340 0.322252
vn 0.382768 0.868676 0.314469
vn 0.454774 0.833589 0.313545
vn 0.770799 0.107653 -0.627917
vn 0.744844 0.575169 -0.338213
vn 0.834350 -0.081864 -0.545122
vn -0.026866 -0.784837 0.619120
vn -0.470796 -0.714074 0.518120
vn -0.437747 -0.784742 0.438814
vn -0.404770 -0.791010 0.458764
vn 0.676623 0.056686 -0.734145
vn 0.659395 -0.201427 -0.724311
vn 0.118260 -0.223341 -0.967540
vn 0.542540 -0.279810 -0.792058
vn -0.136139 -0.312720 0.940039
vn -0.122308 -0.169991 0.977826
vn -0.152312 -0.271871 0.950204
vn -0.222773 -0.370434 0.901749
vn -0.142994 -0.302640 -0.942317
vn -0.095016 -0.362809 -0.927007
vn 0.327768 -0.230433 -0.916225
vn 0.332290 -0.101397 -0.937711
vn 0.366658 -0.208044 -0.906796
vn -0.459064 -0.156195 0.874565
vn -0.294169 -0.266890 0.917733
vn -0.428032 -0.276658 0.860377
vn -0.291741 -0.427376 0.855709
vn -0.692831 -0.720424 -0.031204
vn -0.842713 -0.525971 -0.114844
vn -0.407495 -0.896803 0.172312
vn -0.512707 -0.855513 -0.072315
vn -0.291428 -0.583070 0.758353
vn -0.330178 -0.643830 0.690265
vn -0.298430 -0.596331 0.745204
vn -0.260313 -0.700629 0.664346
vn 0.155681 0.598048 0.786195
vn 0.093229 0.376747 0.921613
vn 0.024671 -0.317355 0.947986
vn -0.399892 -0.259754 0.878985
vn -0.007807 -0.456666 0.889604
vn -0.863814 -0.437874 0.249183
vn -0.215131 -0.743399 0.633306
vn -0.927468 -0.347859 0.137106
vn -0.675286 -0.143053 0.723550
vn -0.677472 -0.726271 0.116457
vn -0.554633 -0.740757 0.379026
vn -0.850413 -0.455368 0.263509
vn -0.188807 -0.735737 -0.650418
vn -0.053229 -0.910630 -0.409780
vn -0.341770 -0.790065 -0.508911
vn -0.684682 -0.569776 0.454496
vn -0.439817 -0.581018 0.684821
vn -0.803575 -0.428780 0.412814
vn -0.560220 -0.391818 0.729817
vn -0.453081 -0.337096 0.825278
vn -0.507019 -0.696430 0.507856
vn -0.524861 -0.419018 0.740908
vn -0.669109 -0.220582 0.709673
vn -0.837577 -0.322347 0.441087
vn 0.404993 0.898400 0.169874
vn 0.692719 0.004058 -0.721197
vn 0.493368 0.115231 -0.862154
vn 0.741764 -0.071145 -0.666877
vn -0.234184 -0.927622 -0.290989
vn -0.163509 -0.978177 -0.128202
vn 0.413334 -0.538083 -0.734589
vn 0.336170 -0.678158 -0.653523
vn -0.340400 -0.908907 0.240863
vn -0.731496 -0.673072 -0.109026
vn 0.887374 -0.241515 0.392731
vn 0.890170 -0.266857 0.369304
vn 0.897540 -0.261982 0.354666
vn -0.038447 -0.591872 0.805114
vn -0.316223 -0.605914 0.729981
vn -0.165161 -0.670160 0.723608
vn 0.214964 0.975744 0.041397
vn 0.153190 0.987859 0.025843
vn 0.172527 0.984533 0.030491
vn 0.441791 0.808530 -0.388715
vn 0.333572 0.937979 -0.094475
vn 0.428199 0.876256 -0.220956
vn 0.791277 -0.535726 -0.294750
vn 0.943947 -0.134990 -0.301233
vn 0.990978 -0.111124 -0.074925
vn -0.331133 -0.556365 0.762108
vn -0.540507 -0.590252 0.599545
vn -0.254898 -0.450501 0.855614
vn 0.952757 -0.081967 -0.292464
vn -0.397601 0.007848 -0.917525
vn -0.432890 0.048323 -0.900151
vn -0.843823 -0.284276 0.455137
vn -0.837772 -0.179199 0.515776
vn -0.929152 -0.142572 0.341100
vn 0.279011 0.254744 -0.925882
vn 0.344642 0.338706 -0.875500
vn 0.327267 0.234977 -0.915250
vn 0.334583 0.167637 -0.927336
vn 0.140022 0.151724 -0.978455
vn -0.379618 -0.721931 0.578538
vn -0.617691 -0.016633 0.786245
vn -0.974663 0.050335 0.217942
vn -0.969982 -0.073769 0.231717
vn -0.222772 -0.016848 0.974725
vn -0.242912 -0.085717 0.966254
vn -0.984038 -0.159371 0.079185
vn -0.759981 0.193887 0.620352
vn -0.974570 0.061162 0.215577
vn -0.267403 -0.946062 0.182926
vn -0.162531 -0.984556 0.065070
vn -0.068174 -0.991203 0.113445
vn -0.569513 0.245575 0.784441
vn -0.519904 0.157998 0.839486
vn -0.441213 0.176113 0.879952
vn -0.997814 0.049934 -0.043293
vn -0.999714 -0.005124 0.023367
vn -0.310579 -0.157053 0.937483
vn 0.563694 -0.199966 0.801413
vn 0.513341 0.733635 -0.445265
vn 0.446330 0.655250 -0.609456
vn 0.546410 0.487547 -0.680980
vn 0.396544 0.809513 -0.432944
vn -0.993051 0.063994 0.098765
vn -0.068320 0.737384 0.672009
vn -0.051589 0.712725 0.699544
vn -0.325966 0.366460 0.871466
vn -0.335252 0.185497 0.923687
vn 0.004210 0.995266 0.097097
vn 0.081197 0.991643 0.100259
vn 0.091318 0.831200 -0.548424
vn -0.098345 0.917002 -0.386569
vn 0.162399 0.729519 -0.664401
vn 0.192532 -0.703927 0.683680
vn 0.219077 0.826646 -0.518326
vn 0.248437 0.868377 -0.429186
vn 0.323658 0.650288 -0.687293
vn 0.334912 0.878861 -0.339761
vn 0.278417 0.862004 -0.423595
vn 0.395778 0.647427 -0.651305
vn -0.299238 -0.182528 0.936557
vn 0.168945 -0.272075 -0.947329
vn 0.248772 -0.212923 -0.944869
vn 0.201036 -0.221099 -0.954306
vn 0.191077 -0.527029 -0.828088
vn 0.226351 -0.438010 -0.870007
vn 0.252875 -0.443607 -0.859807
vn -0.122968 -0.519426 0.845621
vn -0.102917 -0.551279 0.827949
vn -0.181644 -0.982797 0.033393
vn -0.338459 -0.940103 -0.040645
vn -0.968472 -0.204718 0.141959
vn -0.948319 -0.293311 0.121077
vn 0.829332 -0.143136 0.540111
vn 0.824099 -0.157567 0.544089
vn 0.716921 -0.267957 0.643602
vn 0.821201 -0.049491 0.568489
vn 0.773498 -0.080202 0.628704
vn -0.940450 -0.127551 0.315096
vn 0.835195 -0.542661 0.089267
vn 0.845342 -0.529575 0.070334
vn 0.424690 -0.734754 -0.528937
vn 0.725310 -0.674353 -0.138472
vn 0.618139 -0.766152 -0.175829
vn -0.376080 -0.909833 -0.175407
vn -0.900532 -0.287924 -0.325793
vn -0.849511 -0.415558 -0.325027
vn 0.009715 -0.385441 -0.922681
vn 0.155949 -0.278148 -0.947794
vn 0.179181 -0.372812 -0.910442
vn -0.193307 0.116724 -0.974170
vn -0.112522 0.181610 -0.976912
vn -0.029737 0.125385 -0.991662
vn 0.095598 0.227662 0.969036
vn -0.156315 0.288877 0.944519
vn -0.006924 0.181839 0.983304
vn -0.175171 0.981553 0.076607
vn -0.175973 0.983268 0.047099
vn -0.261909 0.891869 0.368747
vn 0.567194 -0.803409 0.181178
vn 0.513200 -0.855387 0.070282
vn 0.547750 -0.835661 -0.040511
vn 0.581696 -0.776615 -0.241866
vn 0.479126 -0.842145 -0.247446
vn 0.500117 -0.793756 -0.346170
vn -0.435982 -0.499814 0.748402
vn -0.331928 -0.583463 0.741212
vn 0.196860 -0.966122 0.166896
vn 0.062964 -0.971455 0.228714
vn 0.167892 -0.977133 0.130473
vn -0.163944 0.115473 0.979688
vn -0.291403 0.069883 0.954044
vn -0.230474 0.029521 0.972631
vn -0.537057 -0.390624 0.747652
vn -0.506315 -0.419259 0.753570
vn -0.484381 -0.403156 0.776428
vn 0.801874 -0.084898 0.591431
vn 0.715733 -0.115895 0.688690
vn 0.793361 -0.065044 0.605267
vn 0.525200 0.143058 0.838868
vn 0.540014 0.174474 0.823374
vn 0.566606 0.145183 0.811098
vn 0.623619 -0.052477 0.779965
vn 0.287739 -0.196010 0.937436
vn 0.747100 -0.061608 0.661850
vn 0.783423 -0.504736 0.362615
vn 0.805874 -0.501274 0.315104
vn 0.274116 0.297973 -0.914370
vn 0.308099 0.354334 -0.882905
vn 0.285585 0.272424 -0.918818
vn -0.173587 0.983686 -0.047210
vn 0.493544 -0.844952 -0.206081
vn 0.526074 -0.779979 -0.338938
vn 0.363771 -0.886635 -0.285569
vn 0.211400 -0.976381 0.044616
vn 0.238921 -0.969894 -0.047152
vn 0.294734 -0.955475 -0.014125
vn -0.084650 -0.808546 0.582313
vn -0.201063 -0.720846 0.663291
vn 0.002780 -0.660487 0.750832
vn -0.152632 -0.743959 0.650560
vn -0.281536 -0.706429 0.649381
vn -0.158911 -0.807827 0.567594
vn 0.181902 0.151195 0.971623
vn 0.020743 0.046604 0.998698
vn 0.355179 0.161539 0.920735
vn 0.374887 0.154195 0.914157
vn 0.664053 -0.674916 0.321748
vn 0.652450 -0.729290 0.206022
vn 0.472790 -0.451476 0.756729
vn 0.504971 -0.483699 0.714870
vn 0.508306 -0.504357 0.698032
vn 0.752801 -0.255577 0.606607
vn 0.625395 -0.347781 0.698520
vn 0.599701 -0.387469 0.700162
vn -0.379351 -0.085121 0.921329
vn -0.317720 -0.125952 0.939782
vn -0.296081 -0.210717 0.931630
vn 0.135152 -0.816936 0.560669
vn 0.633574 -0.341286 0.694340
vn 0.758196 -0.369548 0.537191
vn 0.793259 -0.302211 0.528591
vn 0.688978 -0.691677 -0.216547
vn 0.660148 -0.747272 -0.076084
vn 0.469561 -0.866905 0.167294
vn 0.597275 -0.605289 0.526201
vn 0.588019 -0.583124 0.560536
vn 0.655007 -0.655614 0.375682
vn 0.340252 -0.764626 0.547335
vn 0.302324 -0.825909 0.475894
vn 0.396960 -0.813946 0.424163
vn 0.675329 -0.038458 0.736513
vn 0.729192 -0.059026 0.681759
vn -0.666980 -0.559978 0.491491
vn -0.718395 -0.518652 0.463583
vn -0.741664 -0.508109 0.437905
vn -0.035216 -0.909864 0.413410
vn -0.160602 -0.835671 0.525225
vn -0.009617 -0.208751 0.977922
vn -0.291198 -0.406469 0.866018
vn 0.229470 -0.324403 0.917663
vn -0.316946 -0.244418 0.916409
vn 0.035381 -0.948041 0.316174
vn 0.849691 -0.374376 0.371307
vn 0.810643 -0.459096 0.363439
vn 0.605774 -0.787114 0.116148
vn 0.404013 -0.913293 -0.051669
vn 0.282750 -0.950655 -0.127704
vn 0.280025 -0.959990 0.002536
vn 0.340055 -0.899885 -0.273075
vn 0.677140 -0.728332 -0.104943
vn 0.600741 -0.799425 0.005519
vn 0.530175 -0.116219 0.839885
vn 0.579551 0.015584 0.814787
vn 0.238926 -0.943101 0.231245
vn 0.471377 -0.836144 0.280478
vn 0.262633 -0.959034 0.106196
vn 0.193153 -0.692597 0.694983
vn 0.387716 -0.774993 0.499062
vn 0.115470 -0.878218 0.464112
vn 0.436549 -0.840197 0.321705
vn 0.586566 -0.769152 0.253666
vn 0.272566 -0.953474 -0.128822
vn 0.309519 -0.917464 -0.249916
vn 0.380979 -0.921871 0.070774
vn 0.722799 -0.664236 0.190662
vn 0.808878 -0.053344 0.585552
vn 0.802804 -0.028694 0.595552
vn 0.147522 -0.593202 0.791422
vn 0.124745 -0.046454 0.991101
vn 0.326669 -0.433098 0.840067
vn -0.606373 -0.483749 0.631108
vn 0.351835 -0.148998 -0.924127
vn 0.242420 -0.122936 -0.962351
vn 0.331546 -0.058330 -0.941634
vn 0.397496 0.270483 -0.876833
vn 0.790932 -0.584023 0.182604
vn -0.425137 -0.419688 -0.801948
vn 0.087601 0.423769 -0.901524
vn 0.433238 0.474893 -0.766016
vn 0.323106 0.319535 -0.890786
vn 0.266960 0.960358 -0.080276
vn 0.172093 0.984606 0.030567
vn 0.416722 0.907634 0.050425
vn -0.718583 -0.074714 0.691416
vn -0.223924 -0.160736 0.961261
vn 0.204053 -0.978176 0.039181
vn -0.054068 -0.718318 0.693611
vn 0.527646 -0.822987 0.210430
vn 0.085633 -0.974166 -0.208970
vn -0.094869 -0.949450 -0.299240
vn -0.217719 -0.077366 0.972941
vn 0.135804 -0.938110 -0.318601
vn 0.096625 -0.958015 -0.269946
vn 0.121149 0.974102 0.190915
vn 0.249776 0.946789 0.202986
vn 0.376534 0.872261 0.312062
vn 0.416907 0.868323 0.268706
vn 0.277647 0.638193 -0.718068
vn 0.410381 0.429864 -0.804241
vn 0.706524 0.180947 -0.684165
vn 0.805767 -0.114684 -0.581023
vn 0.560887 -0.044611 -0.826690
vn -0.093927 -0.280711 -0.955185
vn 0.054550 0.171316 -0.983705
vn 0.331302 0.029104 -0.943076
vn 0.316178 0.126579 -0.940218
vn 0.348184 -0.025745 -0.937073
vn 0.274747 0.001375 -0.961516
vn 0.392022 0.077684 -0.916670
vn -0.209318 -0.976689 0.047589
vn 0.084311 -0.979352 0.183742
vn 0.678170 -0.322711 0.660260
vn 0.752382 -0.275256 0.598461
vn 0.614921 0.194591 -0.764203
vn 0.499146 0.345181 -0.794798
vn 0.711061 0.162357 -0.684130
vn -0.968022 -0.023367 0.249773
vn -0.948721 -0.100307 0.299780
vn 0.417910 0.333246 -0.845161
vn 0.086810 -0.221180 -0.971362
vn 0.243228 -0.387835 -0.889058
vn 0.337784 0.347117 -0.874878
vn 0.336109 0.488725 -0.805095
vn 0.314258 0.376100 -0.871660
vn -0.423452 -0.862845 -0.276021
vn -0.653727 -0.714917 -0.248063
vn 0.813458 -0.458783 0.357499
vn 0.361988 -0.909008 0.206565
vn 0.692145 -0.681554 0.237530
vn 0.775488 -0.328031 0.539456
vn 0.424562 0.675816 -0.602511
vn 0.539387 -0.525673 0.657822
vn 0.072323 0.244493 -0.966950
vn 0.195493 0.055228 -0.979149
vn -0.313760 -0.094945 0.944743
vn -0.898595 -0.438236 -0.021839
vn -0.867601 -0.464164 -0.178381
vn 0.174850 -0.024595 -0.984288
vn 0.036600 -0.211972 -0.976590
vn 0.827810 0.069324 -0.556708
vn -0.422864 -0.265817 0.866330
vn 0.718913 -0.685737 0.113706
vn 0.136868 0.014912 -0.990477
vn 0.339452 -0.139321 -0.930248
vn 0.158057 -0.253120 -0.954436
vn 0.538974 0.371312 -0.756065
vn 0.415248 -0.316348 0.852932
vn -0.745647 -0.628720 0.220732
vn -0.078354 -0.895916 0.437258
vn -0.066718 -0.965262 0.252623
vn -0.999960 -0.004588 0.007668
vn -0.127094 -0.751261 -0.647653
vn 0.345539 -0.736840 -0.581093
vn 0.234150 -0.867117 -0.439638
vn -0.962538 -0.222133 0.155493
vn -0.977924 0.001179 0.208958
vn 0.525235 0.551234 -0.648282
vn 0.530735 0.582401 -0.615734
vn 0.403455 -0.787891 0.465243
vn -0.702054 0.079441 0.707678
vn -0.521297 -0.029941 0.852850
vn 0.198157 0.149988 0.968627
vn -0.429802 -0.136091 0.892608
vn 0.556355 -0.223492 0.800325
vn 0.305107 0.756408 0.578581
vn 0.117372 0.634898 0.763628
vn 0.164745 0.452544 0.876392
vn 0.074498 0.184065 0.980087
vn 0.081944 0.371638 0.924754
vn 0.061979 0.174388 0.982725
vn 0.302895 -0.134534 0.943480
vn 0.046877 -0.227848 0.972568
vn 0.190892 -0.337801 0.921657
vn 0.486622 -0.764096 -0.423505
vn 0.314419 -0.775925 -0.546883
vn 0.017631 -0.421408 0.906700
vn 0.110152 -0.261205 0.958978
vn -0.564419 -0.112855 0.817737
vn 0.310053 0.870266 0.382758
vn 0.978211 0.166607 0.123878
vn 0.995147 -0.082189 -0.054114
vn 0.214180 0.007872 0.976763
vn 0.002927 -0.025440 0.999672
vn -0.164874 0.635861 0.753988
vn -0.905738 -0.080088 0.416203
vn -0.802521 -0.214785 0.556621
vn -0.969054 0.086856 0.231065
vn -0.946589 0.188223 0.261806
vn -0.872276 0.266365 0.410103
vn -0.648934 0.182107 0.738729
vn -0.758514 -0.317628 0.569007
vn -0.647885 0.313859 0.694074
vn -0.908768 0.236888 0.343549
vn 0.030800 0.148808 0.988386
vn 0.034809 -0.163646 0.985905
vn 0.066219 -0.104286 0.992340
vn -0.051359 -0.431653 0.900577
vn -0.074941 -0.250446 0.965226
vn -0.091429 -0.301709 0.949006
vn -0.232603 0.522138 0.820529
vn 0.142903 -0.064454 0.987636
vn -0.140378 0.377655 0.915244
vn -0.628653 0.198324 0.751972
vn -0.524600 0.371573 0.765982
vn 0.899616 -0.269605 0.343518
vn 0.814118 -0.423508 0.397307
vn 0.817242 -0.543761 0.190891
vn 0.828623 -0.051818 0.557404
vn 0.765737 -0.205448 0.609458
vn 0.638931 -0.328329 -0.695678
vn 0.703359 -0.339366 -0.624593
vn 0.726932 -0.396629 -0.560585
vn 0.610779 -0.718012 -0.333779
vn 0.290054 0.212716 -0.933071
vn 0.398530 -0.049494 -0.915819
vn 0.441276 -0.126381 -0.888427
vn 0.372802 -0.015307 -0.927785
vn 0.299374 0.079910 -0.950784
vn 0.330298 0.092576 -0.939326
vn 0.403396 0.007756 -0.914993
vn 0.262597 -0.162275 -0.951162
vn 0.220588 -0.011103 -0.975304
vn 0.356316 -0.081384 -0.930814
vn 0.712867 0.649366 -0.264847
vn 0.818089 0.517229 -0.251405
vn 0.810030 0.235877 -0.536855
vn 0.199884 0.215366 -0.955858
vn 0.453732 0.452602 -0.767645
vn 0.265435 0.198270 -0.943522
vn -0.843253 0.215908 -0.492249
vn -0.796156 0.107055 -0.595546
vn -0.863745 0.094028 -0.495080
vn -0.208635 0.964031 -0.164668
vn 0.772456 -0.591291 -0.231705
vn 0.871159 -0.468546 -0.146785
vn 0.788531 -0.611899 -0.061631
vn 0.828094 -0.343267 -0.443203
vn 0.823940 -0.182947 -0.536333
vn -0.776831 0.296733 -0.555412
vn -0.710971 0.081668 -0.698463
vn -0.571189 0.126797 -0.810966
vn 0.088041 0.524471 -0.846864
vn 0.117253 0.670916 -0.732204
vn 0.187444 0.429660 -0.883322
vn -0.258748 0.729209 -0.633485
vn -0.137594 0.657167 -0.741080
vn -0.208382 0.477316 -0.853666
vn -0.377981 0.012778 0.925725
vn -0.193442 0.056515 0.979483
vn -0.295757 -0.022214 0.955005
vn 0.722765 -0.160680 -0.672156
vn 0.576202 0.243270 -0.780263
vn 0.702666 0.451579 -0.549852
vn 0.704069 0.174321 -0.688403
vn 0.407132 0.010897 0.913304
vn 0.801726 -0.301415 0.516124
vn -0.521084 -0.304649 0.797283
vn 0.825456 -0.250796 0.505692
vn -0.474116 -0.541525 0.694237
vn 0.757821 -0.101134 0.644577
vn 0.723178 -0.250304 0.643709
vn 0.734802 -0.238831 0.634843
vn -0.267725 -0.123539 0.955543
vn -0.334355 -0.029252 0.941993
vn -0.394700 -0.149233 0.906610
vn -0.462217 -0.363969 0.808629
vn -0.464675 -0.444498 0.765833
vn 0.110887 -0.446356 0.887959
vn -0.235741 -0.527071 0.816469
vn -0.440764 -0.113150 0.890463
vn -0.531423 -0.259778 0.806291
vn -0.509557 -0.264682 0.818716
vn -0.510725 -0.346384 0.786879
vn 0.814112 -0.129269 0.566137
vn 0.862824 -0.179243 0.472660
vn 0.851558 -0.188392 0.489242
vn -0.312987 -0.604546 0.732505
vn 0.053120 -0.504275 0.861908
vn -0.058961 0.170548 0.983584
vn 0.580692 -0.248137 0.775387
vn -0.167078 -0.108805 0.979922
vn -0.366100 -0.248553 0.896767
vn 0.851110 -0.202844 0.484216
vn 0.416094 0.645640 0.640324
vn 0.207554 -0.045366 -0.977171
vn -0.083175 0.046420 -0.995453
vn 0.133024 0.079689 -0.987904
vn 0.030913 -0.015883 -0.999396
vn -0.683056 -0.099117 -0.723609
vn -0.606090 -0.026524 -0.794954
vn -0.562526 -0.088897 -0.821986
vn 0.358906 0.437560 -0.824456
vn 0.332058 0.248218 -0.910014
vn -0.019183 0.998445 0.052345
vn -0.007334 0.998298 0.057860
vn -0.078619 0.996737 0.018288
vn -0.075784 -0.312414 -0.946918
vn -0.252180 -0.184509 -0.949927
vn -0.031945 -0.178516 -0.983418
vn -0.358639 -0.049961 -0.932138
vn -0.156100 -0.056082 -0.986148
vn 0.113183 0.383658 -0.916513
vn 0.176676 0.161833 -0.970874
vn 0.100602 0.225585 -0.969015
vn 0.188529 0.243681 -0.951355
vn 0.545392 0.138411 0.826674
vn -0.061685 0.997616 0.030938
vn -0.078291 0.996710 0.020989
vn 0.532442 -0.196592 0.823321
vn 0.400037 -0.471394 0.785976
vn 0.653945 -0.389628 0.648495
vn 0.637374 0.061852 0.768068
vn -0.031846 0.965316 -0.259135
vn 0.213345 0.712276 -0.668691
vn -0.111724 0.967766 -0.225712
vn 0.009096 0.884733 -0.466009
vn -0.621437 0.190728 -0.759894
vn -0.477819 0.287973 -0.829916
vn -0.364504 0.512877 -0.777235
vn -0.323088 0.317769 -0.891424
vn -0.488157 0.085057 -0.868601
vn -0.449897 0.143866 -0.881417
vn -0.367855 0.085663 -0.925929
vn -0.480385 0.000646 -0.877057
vn -0.461035 -0.148254 -0.874910
vn -0.565983 0.416281 -0.711599
vn -0.397024 0.721331 -0.567498
vn -0.592075 0.607637 -0.529362
vn 0.343296 0.119123 -0.931643
vn 0.250932 0.184445 -0.950270
vn 0.009218 0.743602 -0.668559
vn -0.032378 0.869321 -0.493186
vn -0.186149 0.930685 -0.314918
vn -0.034313 0.388067 -0.920992
vn -0.018808 0.253396 -0.967180
vn 0.039689 0.180624 -0.982751
vn -0.622233 -0.366628 -0.691672
vn 0.314822 -0.523357 -0.791823
vn 0.298216 -0.578349 -0.759329
vn 0.208759 -0.661642 -0.720173
vn 0.872559 -0.334970 0.355579
vn 0.954179 -0.255329 -0.156043
vn 0.963401 -0.268033 0.004238
vn 0.929641 -0.326802 0.170197
vn 0.307687 -0.901858 -0.303285
vn 0.128483 -0.963058 -0.236667
vn 0.126375 -0.935453 -0.330086
vn -0.761324 -0.568983 -0.310875
vn -0.304985 -0.618494 -0.724189
vn -0.211228 -0.538414 -0.815777
vn -0.051996 -0.585689 -0.808867
vn -0.308353 -0.840236 -0.446006
vn -0.382281 -0.716186 -0.583900
vn -0.178529 -0.834132 -0.521873
vn 0.068632 -0.919464 -0.387137
vn 0.018322 -0.975459 -0.219417
vn -0.081733 -0.946101 -0.313391
vn 0.646499 -0.211827 -0.732917
vn 0.226836 -0.312253 -0.922520
vn 0.256164 -0.287264 -0.922962
vn 0.246894 -0.352506 -0.902653
vn 0.955909 -0.285362 0.069336
vn -0.607566 -0.502251 -0.615311
vn -0.440390 -0.582059 -0.683567
vn 0.249661 -0.960805 -0.120517
vn 0.843263 -0.507376 0.177419
vn 0.849076 -0.427516 0.310322
vn -0.557164 -0.686091 -0.467810
vn -0.674739 -0.615902 -0.406683
vn -0.717328 -0.518691 -0.465189
vn -0.438271 -0.488332 -0.754619
vn 0.404450 -0.517270 -0.754223
vn 0.609309 -0.624641 0.488432
vn -0.046619 -0.721968 0.690354
vn -0.020284 -0.837846 0.545530
vn 0.163486 -0.808746 0.564980
vn 0.667654 -0.723090 -0.177142
vn 0.671673 -0.731927 0.114619
vn 0.510297 -0.859828 -0.017129
vn -0.137092 -0.935381 0.325988
vn -0.103113 -0.987866 0.116139
vn 0.031845 -0.926573 0.374763
vn 0.035840 -0.974290 0.222428
vn 0.301623 -0.701527 0.645665
vn 0.131338 -0.518512 0.844924
vn 0.036806 -0.639521 0.767892
vn -0.098228 -0.439364 0.892922
vn -0.804814 -0.373110 0.461589
vn -0.966925 -0.071479 0.244841
vn -0.510225 -0.596155 0.619895
vn -0.957088 -0.176153 0.230117
vn -0.983721 0.046178 0.173667
vn -0.100896 -0.558952 0.823039
vn -0.108347 -0.572699 0.812575
vn -0.392404 -0.496271 0.774425
vn -0.070636 -0.641762 0.763644
vn 0.254441 0.845549 0.469368
vn 0.067325 0.594411 0.801339
vn 0.112933 0.552454 0.825858
vn 0.652758 -0.470145 0.594030
vn 0.514138 -0.166638 0.841364
vn 0.707687 -0.301888 0.638782
vn 0.374708 0.087208 0.923032
vn 0.113353 -0.134154 0.984456
vn 0.474702 -0.391226 0.788416
vn 0.180642 -0.806042 0.563618
vn 0.290251 0.840608 0.457310
vn 0.407816 -0.814256 -0.413125
vn 0.043354 -0.483317 -0.874371
vn 0.221388 -0.441473 -0.869534
vn 0.228848 -0.567391 -0.791010
vn 0.692336 -0.440718 -0.571348
vn 0.331836 -0.465394 -0.820544
vn 0.371946 -0.358760 -0.856124
vn 0.419236 -0.408745 -0.810659
vn -0.276259 -0.014429 -0.960975
vn -0.300527 -0.135940 -0.944036
vn -0.265451 -0.238088 -0.934264
vn 0.531945 -0.678178 -0.507060
vn 0.489114 -0.718436 -0.494588
vn 0.550316 -0.639463 -0.536879
vn 0.132794 -0.955139 -0.264719
vn 0.115795 -0.983799 -0.136862
vn -0.162933 -0.944982 -0.283657
vn -0.257177 -0.816578 -0.516779
vn -0.315793 -0.866901 -0.385691
vn 0.361707 -0.741225 -0.565468
vn 0.919397 -0.391013 -0.042638
vn -0.385129 -0.911247 -0.145958
vn -0.377207 -0.891243 -0.251795
vn -0.289209 -0.920571 -0.262501
vn -0.379662 -0.924889 0.020924
vn -0.196900 -0.968504 0.152416
vn -0.364541 -0.931082 -0.014015
vn 0.926093 -0.371968 0.063187
vn 0.528460 -0.342185 -0.776943
vn 0.320271 -0.862509 -0.391796
vn -0.035554 -0.858894 -0.510918
vn 0.182947 -0.738937 -0.648461
vn -0.097801 -0.846278 -0.523688
vn 0.829775 -0.445602 -0.336024
vn 0.565199 -0.641886 -0.518201
vn 0.303694 -0.633576 -0.711584
vn 0.841164 -0.533975 -0.085518
vn 0.893086 -0.412597 -0.179333
vn 0.902660 -0.426665 -0.056231
vn 0.885824 -0.387894 -0.254665
vn 0.188388 -0.851980 -0.488509
vn 0.116093 -0.921983 -0.369419
vn 0.171139 -0.744965 -0.644778
vn 0.778799 -0.586276 -0.223053
vn 0.647161 0.488085 -0.585624
vn 0.572061 0.322027 -0.754351
vn 0.269987 0.952810 0.138783
vn 0.324968 0.937874 0.121606
vn 0.282224 0.956773 0.070248
vn 0.178703 0.902900 0.390945
vn 0.235051 0.904621 0.355544
vn 0.150947 0.797495 0.584138
vn 0.224676 0.959579 0.169498
vn 0.273364 0.945608 0.176349
vn 0.324053 0.926946 0.189105
vn 0.271364 0.944332 0.186010
vn 0.298293 0.925254 0.234364
vn 0.312885 0.931769 0.184144
vn 0.884983 -0.312842 -0.344871
vn 0.855087 -0.376144 -0.356851
vn 0.782611 -0.550206 -0.291192
vn 0.297366 0.939226 0.171545
vn 0.352440 0.900348 0.255262
vn 0.350715 0.885547 0.304641
vn 0.292061 0.910651 0.292259
vn -0.152868 0.313174 -0.937312
vn 0.191338 -0.449937 0.872323
vn 0.198024 -0.533928 0.822014
vn 0.219588 -0.555130 0.802254
vn 0.079415 -0.377298 0.922680
vn 0.133196 -0.428034 0.893894
vn 0.174121 -0.383260 0.907080
vn 0.017350 -0.048902 0.998653
vn -0.082956 0.023270 0.996282
vn -0.068759 -0.023448 0.997358
vn -0.068028 -0.225584 0.971846
vn 0.005510 -0.272257 0.962209
vn 0.003595 -0.276216 0.961089
vn -0.600839 -0.665356 -0.443050
vn -0.509264 -0.766411 -0.391490
vn 0.293310 -0.888282 0.353448
vn -0.251503 0.187587 0.949504
vn -0.267551 0.103466 0.957972
vn -0.313695 0.227019 0.921986
vn -0.282151 -0.059623 0.957516
vn -0.356473 0.003789 0.934298
vn -0.531766 -0.599671 -0.598013
vn -0.604384 -0.500161 -0.620128
vn -0.484351 -0.559380 -0.672680
vn -0.778691 -0.425416 -0.461153
vn -0.777998 -0.391086 -0.491702
vn -0.754654 -0.449344 -0.478109
vn -0.869182 0.180309 -0.460447
vn -0.887707 -0.093185 -0.450880
vn -0.871012 -0.074420 -0.485593
vn -0.877181 -0.125823 -0.463380
vn -0.826634 -0.128195 -0.547944
vn -0.792895 -0.171389 -0.584758
vn -0.803411 -0.227909 -0.550081
vn -0.755767 -0.394076 -0.522992
vn -0.742006 -0.449081 -0.497747
vn 0.167106 0.702182 0.692110
vn 0.179615 0.628247 0.756996
vn 0.219587 0.372854 0.901533
vn 0.085039 0.990894 0.104390
vn 0.179822 0.978512 0.100889
vn 0.103822 0.991806 0.074447
vn -0.133465 0.989761 0.050609
vn -0.058866 0.995588 0.073070
vn -0.096539 0.992761 0.071458
vn -0.344559 0.059018 0.936908
vn -0.472259 0.009510 0.881409
vn -0.435041 -0.032333 0.899830
vn -0.304703 -0.610916 0.730711
vn -0.362873 -0.365234 0.857279
vn -0.408488 -0.423129 0.808764
vn -0.346110 -0.490298 0.799885
vn 0.358043 0.020568 -0.933478
vn 0.117518 0.310074 -0.943421
vn 0.122350 0.318265 -0.940074
vn 0.064803 0.109069 -0.991920
vn -0.884889 0.032662 -0.464655
vn -0.872098 0.048084 -0.486964
vn -0.877380 -0.022150 -0.479284
vn -0.693297 0.271654 0.667491
vn -0.788093 0.186863 0.586508
vn -0.715116 0.170299 0.677944
vn -0.245348 0.122094 0.961716
vn -0.159763 0.049515 0.985913
vn -0.200599 0.150361 0.968066
vn -0.199177 0.163621 0.966207
vn 0.034530 -0.777069 -0.628467
vn 0.089746 -0.731371 -0.676049
vn 0.077116 -0.851312 -0.518961
vn -0.204903 -0.972117 -0.114033
vn -0.826502 0.420770 0.373962
vn -0.752508 0.600149 0.271207
vn -0.975037 0.156176 0.157836
vn -0.944308 0.271670 0.185683
vn -0.470235 -0.566486 0.676737
vn -0.550800 -0.545644 0.631579
vn -0.568029 -0.553732 0.608871
vn -0.075747 -0.270270 0.959800
vn -0.668805 -0.038159 0.742458
vn -0.744580 -0.029941 0.666862
vn -0.292509 -0.406967 0.865342
vn -0.337689 -0.305490 0.890304
vn -0.465572 -0.451766 0.761019
vn 0.319520 -0.387870 -0.864560
vn 0.349508 -0.362489 -0.863971
vn 0.315872 -0.471538 -0.823333
vn 0.147221 -0.323976 -0.934540
vn 0.166699 -0.344480 -0.923875
vn 0.108987 -0.425210 -0.898509
vn 0.330131 -0.150572 -0.931848
vn 0.346131 0.083718 -0.934443
vn -0.264026 0.268859 0.926286
vn -0.290219 0.261200 0.920623
vn -0.345389 0.715772 0.606940
vn -0.349388 0.470897 0.810052
vn -0.762313 -0.168011 0.625022
vn -0.959396 -0.136813 0.246661
vn -0.978251 -0.191855 0.078844
vn 0.072156 -0.313231 0.946932
vn 0.030452 -0.943032 0.331305
vn -0.112328 -0.986196 0.121651
vn 0.033938 -0.984587 0.171570
vn -0.063153 -0.874128 0.481572
vn -0.079574 -0.921715 0.379616
vn 0.317300 0.938548 0.135825
vn 0.316362 0.935932 0.154746
vn 0.235078 0.967410 0.094112
vn 0.276692 0.954625 0.110150
vn 0.062002 0.996121 0.062441
vn -0.368262 0.528928 0.764604
vn -0.147147 0.889979 0.431609
vn -0.285159 0.732312 0.618389
vn 0.403635 -0.017256 -0.914758
vn 0.453162 -0.060303 -0.889386
vn 0.526008 -0.145460 -0.837948
vn 0.603786 -0.242110 -0.759490
vn 0.559746 -0.165623 -0.811944
vn 0.638721 -0.251882 -0.727042
vn 0.192368 -0.270097 0.943421
vn 0.117182 -0.284075 0.951614
vn 0.213517 -0.310245 0.926369
vn -0.006316 -0.113303 0.993540
vn -0.118273 -0.413452 0.902812
vn -0.111193 -0.314367 0.942767
vn -0.119076 -0.376270 0.918827
vn -0.415772 -0.323917 0.849830
vn -0.419598 -0.666883 -0.615796
vn 0.114694 -0.720671 -0.683724
vn 0.004115 -0.590803 -0.806805
vn -0.852585 0.002428 -0.522582
vn -0.813427 0.008492 -0.581606
vn -0.869310 -0.004745 -0.494245
vn -0.860445 -0.044318 -0.507613
vn 0.403744 -0.897540 0.177235
vn 0.473788 -0.875746 0.092705
vn -0.309799 -0.945205 -0.103017
vn -0.413525 -0.872676 -0.259680
vn -0.190952 -0.979781 -0.059718
vn 0.631756 -0.494266 -0.597147
vn 0.587649 -0.605499 -0.536693
vn 0.590427 -0.569700 -0.571697
vn 0.862395 -0.411170 -0.295321
vn 0.767306 -0.539893 -0.346061
vn -0.279498 -0.942894 0.181194
vn -0.395192 -0.628988 0.669475
vn -0.157226 -0.726682 0.668740
vn -0.180662 -0.704754 0.686063
vn -0.000155 -0.970602 0.240691
vn -0.104281 -0.897489 0.428531
vn -0.071264 -0.954335 0.290114
vn -0.084778 0.996134 0.023039
vn -0.137822 0.990443 -0.005245
vn -0.072535 0.991707 0.106092
vn -0.071829 0.997379 0.008732
vn -0.174446 0.982188 0.069833
vn -0.761157 -0.256728 -0.595593
vn -0.562379 -0.469455 -0.680693
vn -0.934667 -0.199493 -0.294279
vn -0.937608 -0.156893 -0.310283
vn -0.919418 -0.082322 -0.384570
vn -0.915426 0.002817 -0.402478
vn -0.892573 -0.037432 -0.449346
vn -0.349258 -0.922222 0.165909
vn -0.307872 -0.897951 0.314483
vn -0.385837 -0.891446 0.237601
vn 0.514500 -0.836122 0.190236
vn 0.387099 -0.856488 0.341443
vn 0.287011 -0.937699 0.195819
vn -0.162909 0.986551 0.013373
vn -0.162887 0.986633 -0.004736
vn -0.496998 0.674219 0.546280
vn -0.596697 0.583412 0.550984
vn 0.352669 -0.465310 0.811856
vn 0.293436 -0.418303 0.859603
vn 0.191950 -0.312839 0.930208
vn 0.280234 -0.377237 0.882701
vn 0.508900 -0.696678 -0.505629
vn 0.386729 -0.412353 -0.824867
vn 0.476853 -0.559850 -0.677628
vn 0.191825 -0.476247 -0.858133
vn 0.055260 -0.988578 0.140215
vn 0.128042 -0.991698 -0.011863
vn -0.024180 -0.999663 -0.009493
vn 0.055316 -0.988338 -0.141874
vn 0.061069 0.997988 0.017073
vn 0.008296 0.999908 0.010768
vn 0.014088 0.995276 0.096054
vn 0.117399 0.992963 0.015550
vn 0.139939 0.989728 0.029249
vn 0.111766 0.993095 0.035657
vn -0.120950 -0.114348 0.986050
vn 0.409522 -0.053084 0.910755
vn 0.714690 -0.172290 0.677890
vn 0.780899 -0.090298 0.618096
vn 0.778360 -0.162328 0.606469
vn 0.000820 0.189180 0.981942
vn -0.344354 0.129790 0.929825
vn -0.362280 0.079782 0.928649
vn -0.065653 0.791856 0.607169
vn -0.173810 0.537064 0.825441
vn -0.123610 0.554450 0.822986
vn -0.018810 0.998308 0.055026
vn 0.046564 -0.170712 -0.984220
vn 0.093864 -0.262435 -0.960374
vn -0.111509 -0.261404 -0.958767
vn -0.134593 -0.446201 -0.884754
vn 0.054021 -0.425956 -0.903130
vn -0.365738 -0.569048 -0.736492
vn -0.179431 -0.540787 -0.821799
vn -0.159840 -0.641780 -0.750046
vn -0.335101 -0.492568 -0.803171
vn -0.076264 -0.042831 0.996167
vn -0.119125 0.067886 0.990556
vn -0.169596 -0.073553 0.982765
vn -0.562122 0.122423 0.817944
vn -0.722352 -0.032664 0.690754
vn -0.533146 -0.022167 0.845733
vn -0.684274 -0.290488 0.668870
vn -0.921050 -0.346318 0.178134
vn -0.662790 -0.604011 0.442584
vn -0.720909 -0.527433 -0.449560
vn -0.762245 -0.516382 -0.390299
vn 0.143160 0.238821 0.960453
vn -0.017875 0.451903 0.891888
vn 0.696080 -0.580596 0.422352
vn 0.681777 -0.403187 0.610427
vn -0.111411 -0.082533 0.990341
vn -0.309297 0.240501 0.920052
vn -0.319720 0.169513 0.932226
vn -0.239893 0.162420 0.957116
vn -0.071276 -0.903189 0.423284
vn -0.346679 -0.931671 0.108640
vn -0.018654 -0.971889 0.234702
vn -0.083558 -0.968329 0.235280
vn -0.021407 -0.994535 0.102182
vn 0.006016 -0.999171 -0.040268
vn -0.064583 -0.997587 0.025486
vn -0.429797 0.363019 0.826736
vn -0.437411 0.352698 0.827209
vn -0.869091 -0.124054 0.478845
vn 0.101078 -0.990946 -0.088372
vn 0.811929 -0.561597 -0.159312
vn 0.572092 -0.774376 -0.270283
vn 0.019048 -0.156532 0.987489
vn -0.467322 -0.381524 0.797527
vn -0.457085 -0.245557 0.854854
vn -0.591902 0.089446 0.801031
vn -0.203156 0.503140 0.839987
vn -0.210383 0.308585 0.927639
vn 0.309505 0.276995 -0.909660
vn 0.385540 0.309574 -0.869208
vn 0.260914 0.960367 -0.098077
vn 0.347143 0.864976 -0.362364
vn 0.365652 0.912565 -0.183098
vn -0.573677 -0.161232 0.803056
vn -0.441469 -0.368726 0.818014
vn -0.656316 -0.165433 0.736126
vn -0.394462 -0.044212 0.917848
vn 0.155522 0.794047 0.587625
vn -0.319006 -0.167422 0.932848
vn -0.233931 -0.166826 0.957834
vn -0.222834 -0.236017 0.945855
vn -0.268335 -0.023233 0.963046
vn -0.274643 -0.154875 0.948991
vn 0.419259 -0.873872 0.246107
vn -0.893131 0.107021 0.436880
vn -0.707179 -0.572773 -0.414523
vn -0.738253 -0.570627 -0.359676
vn -0.281890 -0.550672 0.785684
vn -0.382639 -0.430639 0.817397
vn -0.352954 -0.497552 0.792379
vn -0.406845 -0.371625 0.834489
vn -0.140156 -0.988703 0.053130
vn 0.796340 -0.604838 0.003619
vn 0.928017 -0.365663 0.071247
vn 0.896223 -0.432979 0.096506
vn -0.757644 -0.257586 -0.599687
vn -0.794026 -0.139853 -0.591578
vn 0.888685 -0.457584 0.029262
vn 0.903819 -0.427470 0.019521
vn -0.778508 -0.214720 -0.589764
vn -0.482945 -0.543597 -0.686488
vn -0.577550 -0.436320 -0.689972
vn 0.005034 -0.994743 -0.102277
vn -0.071024 -0.983410 -0.166915
vn -0.129610 -0.990327 -0.049530
vn -0.094408 -0.914257 -0.393981
vn -0.488485 -0.622556 0.611398
vn -0.487975 -0.533769 0.690631
vn -0.313186 -0.684158 0.658667
vn -0.451203 -0.702537 0.550325
vn -0.278977 -0.776589 0.564873
vn -0.089348 -0.707450 -0.701093
vn -0.323131 -0.298810 0.897941
vn -0.335865 -0.191500 0.922238
vn -0.273941 -0.513348 0.813283
vn 0.178852 -0.216133 0.959843
vn 0.070228 -0.194693 0.978347
vn 0.052299 -0.340022 0.938962
vn 0.819302 -0.128526 -0.558771
vn -0.174409 0.554086 0.813984
vn -0.234700 0.114699 0.965277
vn -0.238372 0.196455 0.951097
vn -0.224787 0.033942 0.973817
vn -0.046165 -0.052386 0.997559
vn 0.137424 -0.424780 0.894805
vn 0.127159 -0.374967 0.918276
vn 0.182096 -0.439138 0.879772
vn 0.166520 -0.472979 0.865195
vn 0.212170 -0.500017 0.839623
vn 0.367686 -0.909684 -0.193085
vn -0.148690 -0.957570 -0.246884
vn -0.006630 -0.940380 -0.340062
vn -0.147139 -0.967242 -0.206864
vn -0.302554 -0.148222 0.941537
vn 0.364135 -0.339855 -0.867124
vn 0.498328 -0.392368 -0.773122
vn 0.355927 -0.456196 -0.815599
vn 0.482909 -0.513464 -0.709334
vn 0.568990 -0.062312 -0.819980
vn 0.697724 -0.416984 -0.582500
vn 0.175759 -0.223332 -0.958766
vn -0.298332 -0.337201 -0.892913
vn 0.425966 -0.810892 -0.401256
vn -0.447451 0.081788 0.890561
vn -0.297614 -0.449068 0.842475
vn -0.069286 0.344338 0.936286
vn -0.177347 0.295578 0.938713
vn -0.129523 0.278021 0.951803
vn 0.118101 0.879654 0.460718
vn 0.112102 0.967185 0.228007
vn -0.267934 0.962502 -0.042438
vn -0.188988 0.981407 -0.033512
vn -0.193570 0.980783 -0.024401
vn -0.191915 0.981166 -0.021944
vn -0.204871 0.031377 0.978286
vn -0.351968 -0.008825 0.935971
vn -0.591330 0.050114 0.804872
vn -0.544627 -0.095445 0.833229
vn -0.342636 -0.864581 -0.367560
vn -0.307222 -0.790526 -0.529796
vn -0.129771 -0.909960 -0.393868
vn 0.111705 -0.993452 0.023977
vn -0.166829 -0.966221 -0.196429
vn 0.168368 -0.972277 -0.162267
vn -0.690284 -0.518831 -0.504303
vn -0.692129 -0.472606 -0.545528
vn 0.302833 0.096705 0.948124
vn 0.483824 0.089326 0.870595
vn 0.320679 -0.193465 0.927220
vn 0.672070 -0.016230 0.740309
vn 0.516126 -0.016904 0.856346
vn -0.487838 0.215728 0.845858
vn 0.759061 -0.185233 0.624112
vn 0.706788 -0.150592 0.691212
vn 0.630670 -0.284574 0.721992
vn 0.666070 -0.086966 0.740802
vn 0.362964 -0.761521 -0.536975
vn 0.468063 -0.526467 -0.709753
vn 0.538977 -0.426650 -0.726274
vn 0.653930 -0.511928 -0.557050
vn 0.170422 -0.851925 -0.495157
vn 0.265275 -0.655868 -0.706729
vn 0.556708 -0.575167 -0.599383
vn 0.290808 -0.823780 -0.486638
vn -0.263024 -0.820854 -0.506969
vn 0.258876 -0.715627 -0.648739
vn -0.900714 -0.420523 0.108973
vn -0.473190 -0.562352 0.678123
vn 0.676191 -0.289133 0.677619
vn 0.429201 -0.460159 0.777201
vn 0.392551 -0.777009 -0.492098
vn 0.603132 -0.417145 -0.679869
vn 0.446092 -0.500367 -0.742047
vn 0.455051 -0.583609 -0.672555
vn 0.485514 -0.392616 -0.781107
vn 0.435261 -0.361189 -0.824676
vn 0.418509 -0.455237 -0.785882
vn 0.460134 -0.295488 -0.837235
vn 0.477718 -0.225140 -0.849175
vn 0.365459 -0.928861 -0.060478
vn 0.282042 -0.942036 0.181714
vn 0.211058 -0.974476 0.076492
vn -0.903190 -0.148909 -0.402585
vn 0.392849 -0.212925 -0.894613
vn 0.316575 -0.286186 -0.904366
vn 0.111892 -0.593155 -0.797275
vn 0.042043 -0.631349 -0.774358
vn -0.673325 -0.012539 -0.739240
vn -0.743152 -0.178168 -0.644966
vn -0.690029 -0.250271 -0.679135
vn 0.380295 0.827406 0.413249
vn 0.282429 0.875859 0.391286
vn 0.325078 0.838061 0.438153
vn 0.772698 0.190151 0.605624
vn 0.607653 0.506069 0.612087
vn 0.376936 -0.445045 -0.812314
vn 0.452587 -0.355442 -0.817818
vn 0.464012 -0.277341 -0.841294
vn -0.269407 -0.137389 0.953176
vn -0.353086 -0.147981 0.923814
vn -0.239436 -0.266710 0.933561
vn -0.320524 -0.023050 0.946960
vn 0.722736 -0.140190 -0.676756
vn 0.739857 -0.059521 -0.670126
vn -0.013791 0.630038 0.776442
vn -0.037109 0.996223 0.078498
vn 0.074475 0.920729 -0.383030
vn -0.049104 -0.833417 -0.550458
vn 0.169622 -0.820753 -0.545521
vn 0.104446 -0.902537 -0.417754
vn -0.291647 -0.669156 -0.683500
vn 0.371683 0.556038 -0.743420
vn 0.449455 0.009378 -0.893254
vn 0.646789 0.107785 -0.755014
vn 0.188131 -0.087350 -0.978252
vn 0.045097 -0.032891 -0.998441
vn 0.298223 0.883760 0.360599
vn 0.276327 0.897443 0.343860
vn 0.450809 -0.447859 -0.772136
vn 0.500877 -0.253300 -0.827624
vn 0.404749 -0.250787 -0.879366
vn 0.152258 -0.081994 -0.984934
vn 0.227431 -0.189891 -0.955100
vn 0.300872 0.123287 -0.945662
vn 0.368267 0.195603 -0.908911
vn -0.190906 -0.484987 0.853430
vn -0.371173 -0.511688 0.774859
vn 0.922323 -0.364521 -0.128236
vn -0.211062 -0.724574 -0.656084
vn -0.245515 -0.714725 -0.654898
vn 0.172644 -0.550175 -0.817008
vn 0.137420 0.989485 0.045111
vn 0.064204 0.997880 0.010617
vn 0.187645 0.974916 0.119699
vn 0.070413 0.996421 0.046759
vn 0.083904 0.996240 0.021591
vn 0.173626 0.983569 0.049460
vn 0.414353 -0.053715 -0.908530
vn 0.877444 -0.308318 -0.367466
vn 0.887259 -0.189274 -0.420650
vn 0.930871 -0.224282 -0.288405
vn 0.367658 -0.529937 -0.764195
vn -0.446453 0.876491 0.180123
vn -0.495773 0.789585 0.361614
vn -0.362285 0.859358 0.360905
vn -0.167897 0.985198 -0.034581
vn -0.167417 0.985881 -0.003103
vn -0.552887 -0.797699 -0.240817
vn -0.480295 -0.833522 -0.273055
vn -0.344604 -0.938721 -0.007095
vn 0.355502 0.073766 -0.931760
vn 0.503671 -0.634982 -0.585758
vn 0.649169 -0.616247 -0.445891
vn 0.516608 -0.726623 -0.452918
vn 0.702437 -0.636790 -0.317931
vn -0.491470 -0.514158 0.702922
vn -0.737300 -0.463122 0.491840
vn -0.920641 -0.359118 -0.153147
vn -0.879491 -0.350780 -0.321635
vn -0.823750 -0.523917 -0.216672
vn 0.084167 -0.996301 0.017348
vn 0.046576 -0.994427 0.094579
vn -0.089237 -0.989822 0.110860
vn -0.046626 -0.998749 0.018068
vn -0.238997 -0.179028 0.954374
vn -0.352104 -0.204017 0.913455
vn -0.478126 -0.075672 -0.875025
vn -0.227845 -0.062977 -0.971659
vn -0.010850 -0.077762 -0.996913
vn -0.517151 0.193925 0.833635
vn -0.367248 0.106438 0.924013
vn -0.604885 0.285913 0.743215
vn 0.617359 -0.478138 -0.624701
vn -0.272624 0.094525 -0.957466
vn -0.253796 -0.021673 -0.967015
vn -0.683136 0.446361 0.578003
vn -0.189440 0.243781 0.951148
vn -0.130800 0.389083 0.911870
vn 0.165961 -0.966506 -0.195763
vn -0.040882 0.998393 0.039238
vn 0.005275 0.997594 0.069133
vn -0.108458 -0.852330 0.511635
vn -0.326464 -0.710639 0.623228
vn -0.373210 -0.739976 0.559599
vn -0.797244 -0.589155 -0.131521
vn -0.216026 -0.953445 -0.210418
vn -0.522507 -0.849254 -0.075852
vn -0.526439 -0.773441 -0.353059
vn 0.357622 -0.298629 -0.884832
vn 0.201063 0.947276 0.249483
vn 0.238648 0.931762 0.273617
vn 0.263573 0.918047 0.296175
vn 0.321504 0.871425 0.370478
vn 0.451812 0.029452 -0.891627
vn 0.167272 -0.006668 -0.985888
vn 0.349591 -0.656219 -0.668702
vn 0.396593 -0.709953 -0.581963
vn -0.471694 -0.881342 -0.027213
vn 0.165170 -0.784172 -0.598158
vn 0.131622 -0.885486 -0.445635
vn 0.003183 0.999064 0.043129
vn 0.034262 0.998171 0.049810
vn 0.207839 0.975718 0.069123
vn 0.121759 0.992557 -0.002177
vn 0.230329 -0.650300 0.723919
vn 0.239258 -0.730086 0.640102
vn 0.964301 0.039722 0.261811
vn 0.903025 0.025577 0.428826
vn 0.950684 -0.215432 0.223135
vn 0.766187 0.453920 0.454878
vn 0.936628 -0.310128 -0.162937
vn 0.987920 -0.115714 0.103076
vn -0.239550 0.095939 -0.966132
vn -0.163026 -0.778087 0.606633
vn 0.317331 -0.855531 0.409106
vn -0.835234 -0.170182 -0.522897
vn -0.855884 -0.254995 -0.449934
vn -0.819261 -0.320447 -0.475525
vn -0.832736 -0.343933 -0.433890
vn -0.302077 -0.118836 0.945848
vn -0.302536 0.553094 0.776247
vn -0.207808 0.936637 0.282007
vn -0.279560 0.726277 0.627988
vn -0.192269 0.533379 0.823735
vn 0.515032 -0.365167 -0.775497
vn 0.241955 0.565061 -0.788774
vn 0.238150 -0.272417 0.932241
vn 0.104252 -0.405274 0.908231
vn -0.370886 -0.151491 0.916239
vn -0.422067 -0.257734 0.869156
vn -0.350616 -0.258655 0.900092
vn -0.115196 0.002800 0.993339
vn -0.272168 -0.013247 0.962159
vn -0.569086 -0.140070 -0.810260
vn -0.589998 -0.167462 -0.789847
vn 0.952192 -0.148687 -0.266875
vn 0.650344 -0.269318 -0.710296
vn -0.730300 -0.064245 -0.680099
vn -0.764766 -0.113937 -0.634154
vn -0.072734 -0.756672 -0.649737
vn 0.555605 -0.792521 -0.251425
vn 0.442226 -0.859638 -0.255848
vn 0.663999 -0.026712 -0.747256
vn 0.768159 0.029932 -0.639559
vn 0.912396 0.217038 -0.347028
vn 0.840168 -0.138887 0.524240
vn 0.443459 -0.019008 -0.896093
vn 0.572784 -0.188866 -0.797652
vn 0.507741 -0.048301 -0.860155
vn 0.475973 -0.088674 -0.874978
vn 0.020943 -0.952786 -0.302918
vn -0.065130 -0.892462 -0.446397
vn 0.669853 -0.637722 -0.380273
vn 0.659820 -0.567158 -0.492919
vn 0.088077 0.975910 0.199607
vn 0.145182 0.942585 0.300760
vn -0.230747 0.166504 0.958662
vn 0.445924 -0.156728 -0.881242
vn -0.970904 -0.173315 -0.165248
vn -0.970577 0.093650 -0.221833
vn -0.970908 -0.007671 -0.239329
vn -0.927072 0.054508 0.370899
vn -0.969588 -0.097989 -0.224272
vn -0.992448 -0.110889 0.052452
vn 0.226907 0.966400 0.120767
vn 0.261212 0.957553 0.121906
vn 0.724703 -0.526665 -0.444330
vn 0.575271 -0.595870 -0.560358
vn 0.570387 -0.677786 -0.463966
vn -0.043959 -0.542185 0.839109
vn -0.233514 -0.506458 0.830043
vn -0.113587 0.847683 0.518200
vn -0.160728 0.831226 0.532193
vn 0.713327 -0.176266 0.678303
vn -0.309790 -0.864543 0.395721
vn -0.138399 -0.528611 0.837506
vn -0.349103 -0.522826 0.777676
vn 0.439273 -0.885661 -0.150481
vn -0.335322 -0.300721 -0.892819
vn -0.216841 -0.418374 -0.882011
vn 0.860289 -0.318015 -0.398458
vn 0.829484 -0.481605 -0.282866
vn -0.009691 -0.349191 0.937001
vn 0.518978 -0.567575 -0.639156
vn 0.302703 -0.434765 -0.848145
vn 0.734522 -0.392222 -0.553750
vn 0.737441 -0.499408 -0.454722
vn -0.255476 0.406865 0.877037
vn 0.251095 -0.792649 0.555571
vn 0.141920 -0.917772 0.370881
vn 0.277906 -0.724445 0.630831
vn 0.460667 -0.400228 -0.792215
vn 0.438991 -0.501186 -0.745721
vn 0.624023 0.729692 0.279544
vn 0.867327 0.491146 -0.080748
vn 0.408972 0.861699 0.300360
vn 0.033431 0.997478 -0.062611
vn 0.089971 0.993533 -0.069263
vn 0.666245 0.089272 -0.740371
vn 0.340047 -0.334000 -0.879097
vn 0.250481 -0.270348 -0.929608
vn 0.283757 -0.296861 -0.911787
vn -0.096554 -0.002221 -0.995325
vn 0.236300 -0.216700 -0.947208
vn -0.035898 -0.275935 -0.960506
vn -0.846587 -0.206394 -0.490603
vn -0.801661 -0.295413 -0.519683
vn -0.179245 0.085252 -0.980104
vn -0.235804 0.150094 -0.960140
vn 0.358973 0.912460 0.196355
vn 0.293703 0.946063 -0.136760
vn -0.303808 -0.568132 0.764805
vn -0.608056 -0.576491 -0.545826
vn -0.648347 -0.584761 -0.487545
vn 0.090861 -0.521222 -0.848571
vn 0.795123 -0.606088 -0.020908
vn 0.934171 -0.343136 -0.097887
vn 0.118614 -0.992839 -0.014211
vn 0.069963 -0.986053 -0.151015
vn 0.286214 -0.939325 -0.189078
vn 0.641364 -0.752873 0.147766
vn -0.369970 0.226068 0.901119
vn -0.107958 0.074088 0.991391
vn -0.323400 0.944206 0.062353
vn -0.389417 0.909616 -0.144751
vn -0.576673 0.796093 -0.183533
vn -0.271678 0.960628 -0.058186
vn -0.420340 -0.109234 -0.900768
vn -0.427445 -0.387029 -0.817006
vn 0.158829 -0.688121 -0.707999
vn 0.254999 -0.366001 -0.894996
vn 0.183716 -0.424380 -0.886651
vn 0.185137 -0.526748 -0.829615
vn -0.415414 -0.089507 -0.905218
vn 0.122093 -0.618073 -0.776581
vn 0.349474 -0.039413 -0.936117
vn 0.239589 -0.016874 -0.970728
vn -0.847698 0.354780 -0.394385
vn -0.837326 0.336373 -0.430973
vn 0.225502 -0.229393 -0.946852
vn 0.201341 -0.236952 -0.950429
vn 0.048037 -0.008388 0.998810
vn 0.918079 -0.130358 -0.374350
vn -0.084814 -0.449888 -0.889049
vn -0.760418 0.502853 -0.410980
vn -0.346619 0.924779 -0.156968
vn -0.769849 0.527990 -0.358551
vn -0.541100 0.810187 -0.225406
vn -0.778288 0.314272 0.543600
vn -0.628319 0.365235 0.686890
vn -0.147772 0.062022 0.987075
vn -0.231731 -0.897516 0.375187
vn -0.140367 -0.771977 0.619958
vn -0.531666 -0.332210 0.779082
vn 0.897288 -0.434812 0.076248
vn 0.948771 -0.315783 -0.010710
vn -0.732053 -0.575633 0.364343
vn -0.343548 -0.443502 0.827817
vn -0.296902 -0.359100 0.884814
vn -0.243901 -0.474571 0.845751
vn -0.280578 -0.558095 0.780901
vn -0.435112 0.068468 0.897769
vn 0.250211 0.425714 -0.869576
vn 0.197411 -0.395137 0.897160
vn 0.181129 0.983459 -0.000351
vn 0.057088 -0.545034 -0.836468
vn -0.191244 0.981483 0.010807
vn -0.236283 0.967899 -0.085689
vn -0.082697 0.995519 -0.045851
vn -0.030322 0.995982 0.084266
vn 0.901618 -0.383249 -0.200512
vn -0.083740 -0.543705 -0.835088
vn -0.836681 0.043292 -0.545977
vn 0.092470 -0.149481 0.984431
vn 0.084680 -0.231573 0.969125
vn 0.475391 -0.330474 -0.815347
vn 0.380034 -0.362025 -0.851183
vn -0.095762 -0.143148 0.985058
vn -0.403287 -0.174191 0.898342
vn 0.347232 -0.344616 -0.872164
vn 0.805208 -0.093507 -0.585574
vn 0.833176 -0.109374 -0.542084
vn 0.342713 -0.555396 -0.757683
vn 0.863244 -0.114863 -0.491545
vn 0.723724 -0.000996 -0.690089
vn -0.231376 0.384552 0.893636
vn -0.201909 0.350066 0.914706
vn -0.386148 -0.267666 0.882748
vn 0.242032 -0.738739 -0.629035
vn 0.319520 0.896540 0.306794
vn -0.849961 -0.092588 -0.518647
vn -0.859800 -0.122641 -0.495685
vn 0.260615 0.962568 0.074450
vn -0.116899 0.901022 -0.417724
vn -0.016423 0.598969 -0.800604
vn 0.208224 0.977381 0.036996
vn -0.142969 0.989623 0.014372
vn -0.033206 0.998176 0.050428
vn -0.129920 0.990733 0.039613
vn -0.170214 0.983568 0.060175
vn -0.201138 0.898524 0.390125
vn 0.274477 -0.445004 0.852428
vn 0.263087 -0.566458 0.780968
vn -0.125330 -0.068824 0.989725
vn -0.234426 0.912572 0.335048
vn -0.390156 0.728123 0.563574
vn 0.188848 -0.311015 0.931454
vn 0.567113 -0.513020 0.644356
vn -0.323636 -0.944517 0.056100
vn 0.004384 -0.980854 0.194694
vn -0.283269 -0.651485 0.703794
vn -0.135837 -0.713010 -0.687870
vn -0.878427 0.092722 -0.468795
vn -0.878823 0.196348 -0.434877
vn -0.905909 0.096545 -0.412321
vn -0.133671 0.932467 0.335616
vn -0.788816 -0.269986 0.552157
vn 0.951485 0.306261 -0.029660
vn 0.359808 0.403420 -0.841303
vn 0.447006 -0.851183 0.275089
vn 0.403102 -0.871518 0.279222
vn -0.882941 -0.163850 -0.439965
vn -0.701602 -0.525184 -0.481598
vn 0.608826 -0.680976 0.406942
vn 0.634399 -0.732719 0.246293
vn -0.549948 -0.258343 -0.794239
vn -0.655017 -0.163347 -0.737747
vn -0.013345 0.998818 0.046737
vn -0.027075 0.999588 0.009501
vn 0.216694 0.293340 -0.931126
vn 0.032741 -0.998033 -0.053461
vn 0.092762 -0.990632 -0.100222
vn -0.055014 0.967860 -0.245400
vn 0.470692 -0.792143 0.388534
vn 0.558607 0.058163 -0.827391
vn -0.160046 0.986816 -0.024086
vn 0.304662 -0.859170 -0.411105
vn -0.061225 0.996483 0.057220
vn -0.002358 0.998076 0.061957
vn 0.606474 -0.074389 -0.791616
vn 0.778229 -0.273066 -0.565504
vn 0.301609 0.493842 -0.815569
vn 0.204769 0.560685 -0.802310
vn 0.301131 0.178663 -0.936696
vn 0.020984 0.998849 0.043123
vn 0.111876 0.989843 0.087724
vn 0.159900 0.978019 0.133835
vn 0.084611 0.991731 0.096492
vn 0.124454 -0.122785 -0.984599
vn 0.704598 -0.073738 0.705765
vn -0.241121 -0.859549 0.450595
vn -0.385794 -0.866332 0.317225
vn 0.594048 -0.700238 -0.395947
vn -0.115525 -0.984801 0.129695
vn -0.193378 -0.958448 0.209720
vn 0.182379 0.617794 -0.764898
vn -0.107614 0.026971 0.993827
vn -0.676772 -0.108065 0.728218
vn 0.433895 -0.627667 -0.646351
vn -0.503832 -0.838984 0.205572
vn 0.396113 0.918201 0.001282
vn -0.962634 -0.213198 -0.166979
vn -0.667559 -0.356813 -0.653491
vn -0.699851 -0.387674 -0.599931
vn -0.772524 -0.311989 -0.553055
vn 0.252834 0.229429 0.939914
vn -0.273781 -0.744992 -0.608302
vn -0.321392 -0.571478 0.755063
vn -0.130825 0.178098 0.975277
vn -0.140421 -0.462549 -0.875403
vn 0.344077 -0.661856 -0.666001
vn 0.405910 -0.093948 -0.909072
vn 0.737188 -0.151979 0.658374
vn 0.609506 -0.200148 0.767101
vn -0.810602 -0.095385 -0.577777
vn 0.129024 -0.955312 0.265956
vn -0.288345 0.032183 -0.956986
vn -0.160909 -0.477864 0.863571
vn -0.187136 -0.222578 0.956786
vn 0.083500 -0.397093 0.913972
vn -0.303848 -0.270312 0.913569
vn 0.542039 -0.178590 -0.821158
vn 0.155685 -0.836097 0.526026
vn 0.357226 0.012308 -0.933937
vn 0.296480 -0.059390 -0.953191
vn 0.081496 0.300130 -0.950411
vn -0.943793 0.067931 0.323481
vn 0.588681 -0.686899 -0.426173
vn 0.689815 -0.424969 -0.586137
vn -0.135864 -0.716303 0.684435
vn -0.696236 -0.664374 -0.271778
vn -0.105470 0.994268 0.017529
vn -0.600838 0.042949 -0.798217
vn 0.014921 -0.997121 -0.074340
vn 0.126258 0.991965 -0.007987
vn 0.805141 -0.243558 0.540765
vn -0.929564 -0.070437 0.361869
vn -0.098521 -0.986502 0.130796
vn -0.440483 -0.080434 0.894150
vn 0.733797 -0.429107 0.526696
vn 0.090473 -0.875785 -0.474147
vn -0.376379 -0.161717 -0.912243
vn -0.707519 0.219254 -0.671821
vn -0.890265 -0.334468 0.309128
vn -0.139962 0.990153 0.002863
vn 0.643636 -0.239500 -0.726892
vn 0.198834 -0.259144 -0.945151
vn 0.236833 -0.289862 -0.927303
vn -0.412270 0.251549 0.875646
vn -0.158675 -0.120925 0.979898
vn -0.041986 -0.193911 0.980120
vn 0.251887 -0.601235 0.758334
vn 0.167146 -0.800857 0.575056
vn 0.038702 -0.504694 0.862431
vn -0.669151 0.742317 -0.034672
vn 0.898366 -0.377569 -0.224458
vn 0.163881 -0.898831 0.406505
vn -0.113731 0.035499 -0.992877
vn 0.655369 -0.168678 0.736233
vn -0.040973 -0.048401 0.997987
vn 0.800135 0.519810 0.299301
vn 0.583891 0.716263 -0.382149
vn 0.029019 -0.870341 -0.491595
vn 0.238259 0.965652 0.103675
vn 0.245986 0.967390 0.060392
vn -0.744735 -0.394949 0.537946
vn -0.123266 -0.255096 0.959026
vn 0.618248 -0.304509 -0.724599
vn 0.552305 -0.294361 -0.779943
vn 0.175782 -0.504205 -0.845504
vn -0.282603 -0.957959 0.049494
vn 0.252457 0.949388 0.186891
vn -0.021383 0.999478 -0.024238
vn -0.154472 0.987874 -0.015598
vn -0.153404 0.988004 0.017771
vn -0.208260 -0.338425 0.917658
vn 0.486901 -0.551983 -0.676936
vn -0.180542 -0.164664 -0.969686
vn 0.480349 -0.690176 -0.541223
vn -0.288983 -0.337696 -0.895796
vn 0.259870 -0.551103 0.792940
vn -0.169532 -0.154761 0.973298
vn 0.733227 -0.136363 0.666170
vn -0.085496 -0.857244 0.507764
vn -0.197023 -0.063763 0.978323
vn -0.188816 -0.920642 -0.341711
vn -0.255505 -0.909706 -0.327342
s 1
g pathpre3_low:Group36988
f 934/1/1 1741/2/2 1292/3/3
f 1620/4/4 493/5/5 323/6/6
f 319/7/7 320/8/8 1197/9/9
f 642/10/10 1493/11/11 186/12/12
f 1724/13/13 1392/14/14 1517/15/15
f 364/16/16 843/17/17 360/18/18
f 1812/19/19 83/20/20 324/21/21
f 448/22/22 863/23/23 236/24/24
f 61/25/25 197/26/26 275/27/27
f 1659/28/28 974/29/29 186/12/12
f 1671/30/30 1086/31/31 1109/32/32
f 1943/33/33 1225/34/34 175/35/35
f 1650/36/36 1705/37/37 895/38/38
f 1361/39/39 111/40/40 875/41/41
f 8/42/42 7/43/43 117/44/44
f 1020/45/45 228/46/46 114/47/47
f 452/48/48 177/49/49 199/50/50
f 1421/51/51 909/52/52 1337/53/53
f 10/54/54 117/44/44 1234/55/55
f 502/56/56 193/57/57 11/58/58
f 11/58/58 193/57/57 306/59/59
f 1386/60/60 543/61/61 876/62/62
f 1124/63/63 43/64/64 1816/65/65
f 1111/66/66 12/67/67 44/68/68
f 100/69/69 1084/70/70 1374/71/71
f 1484/72/72 398/73/73 1580/74/74
f 1306/75/75 451/76/76 1368/77/77
f 1688/78/78 15/79/79 1863/80/80
f 1515/81/81 369/82/82 1564/83/83
f 713/84/84 845/85/85 495/86/86
f 1100/87/87 1180/88/88 1552/89/89
f 375/90/90 585/91/91 531/92/92
f 832/93/93 1552/89/89 825/94/94
f 392/95/95 232/96/96 565/97/97
f 919/98/98 868/99/99 794/100/100
f 371/101/101 1886/102/102 1498/103/103
f 1634/104/104 1290/105/105 1354/106/106
f 793/107/107 1539/108/108 1327/109/109
f 840/110/110 701/111/111 1586/112/112
f 1085/113/113 1339/114/114 1140/115/115
f 615/116/116 936/117/117 679/118/118
f 1878/119/119 176/120/120 1749/121/121
f 1507/122/122 738/123/123 947/124/124
f 389/125/125 602/126/126 1001/127/127
f 498/128/128 353/129/129 359/130/130
f 366/131/131 1088/132/132 1742/133/133
f 477/134/134 1542/135/135 1167/136/136
f 925/137/137 1049/138/138 41/139/139
f 1627/140/140 805/141/141 113/142/142
f 1119/143/143 190/144/144 855/145/145
f 1283/146/146 901/147/147 1098/148/148
f 979/149/149 655/150/150 1884/151/151
f 907/152/152 374/153/153 407/154/154
f 724/155/155 1418/156/156 1847/157/157
f 428/158/158 981/159/159 742/160/160
f 1702/161/161 1317/162/162 1079/163/163
f 181/164/164 648/165/165 883/166/166
f 1715/167/167 649/168/168 1226/169/169
f 1820/170/170 509/171/171 1814/172/172
f 1554/173/173 1881/174/174 208/175/175
f 1390/176/176 31/177/177 1793/178/178
f 899/179/179 634/180/180 250/181/181
f 627/182/182 1295/183/183 541/184/184
f 1156/185/185 1267/186/186 694/187/187
f 415/188/188 282/189/189 1451/190/190
f 599/191/191 1396/192/192 962/193/193
f 962/193/193 1396/192/192 945/194/194
f 521/195/195 346/196/196 503/197/197
f 1444/198/198 344/199/199 1235/200/200
f 1940/201/201 1769/202/202 38/203/203
f 867/204/204 820/205/205 254/206/206
f 1561/207/207 1942/208/208 365/209/209
f 1904/210/210 1703/211/211 1555/212/212
f 1320/213/213 1526/214/214 824/215/215
f 330/216/216 65/217/217 329/218/218
f 862/219/219 217/220/220 1436/221/221
f 758/222/222 23/223/223 546/224/224
f 1894/225/225 765/226/226 577/227/227
f 1935/228/228 182/229/229 904/230/230
f 1069/231/231 1310/232/232 459/233/233
f 787/234/234 409/235/235 124/236/236
f 1861/237/237 410/238/238 1564/83/83
f 1408/239/239 422/240/240 1108/241/241
f 982/242/242 126/243/243 1467/244/244
f 25/245/245 455/246/246 1592/247/247
f 263/248/248 1027/249/249 492/250/250
f 457/251/251 66/252/252 127/253/253
f 74/254/254 910/255/255 1131/256/256
f 625/257/257 210/258/258 626/259/259
f 1721/260/260 1554/173/173 208/175/175
f 205/261/261 48/262/262 1143/263/263
f 63/264/264 1429/265/265 339/266/266
f 1328/267/267 873/268/268 802/269/269
f 1328/267/267 802/269/269 1305/270/270
f 1099/271/271 1401/272/272 1244/273/273
f 1745/274/274 228/46/46 1020/45/45
f 218/275/275 956/276/276 200/277/277
f 89/278/278 49/279/279 312/280/280
f 166/281/281 23/223/223 1047/282/282
f 1614/283/283 196/284/284 1051/285/285
f 267/286/286 1346/287/287 898/288/288
f 964/289/289 1447/290/290 782/291/291
f 691/292/292 428/158/158 836/293/293
f 1001/127/127 573/294/294 861/295/295
f 1857/296/296 1569/297/297 233/298/298
f 471/299/299 1918/300/300 174/301/301
f 902/302/302 203/303/303 1457/304/304
f 1476/305/305 25/245/245 1592/247/247
f 327/306/306 92/307/307 1926/308/308
f 439/309/309 1287/310/310 1571/311/311
f 58/312/312 1297/313/313 1154/314/314
f 1055/315/315 654/316/316 1129/317/317
f 156/318/318 1235/200/200 344/199/199
f 946/319/319 754/320/320 1133/321/321
f 1248/322/322 893/323/323 933/324/324
f 74/254/254 112/325/325 673/326/326
f 1695/327/327 2/328/328 1200/329/329
f 48/262/262 1200/329/329 1143/263/263
f 1132/330/330 62/331/331 839/332/332
f 228/46/46 291/333/333 114/47/47
f 23/223/223 1231/334/334 546/224/224
f 1628/335/335 1167/136/136 594/336/336
f 541/184/184 658/337/337 572/338/338
f 79/339/339 302/340/340 670/341/341
f 440/342/342 1407/343/343 1463/344/344
f 441/345/345 1453/346/346 1854/347/347
f 1310/232/232 42/348/348 459/233/233
f 1184/349/349 1544/350/350 643/351/351
f 350/352/352 1192/353/353 1624/354/354
f 1705/37/37 598/355/355 896/356/356
f 1610/357/357 18/358/358 185/359/359
f 338/360/360 563/361/361 125/362/362
f 69/363/363 831/364/364 874/365/365
f 446/366/366 272/367/367 161/368/368
f 1817/369/369 191/370/370 582/371/371
f 191/370/370 716/372/372 582/371/371
f 209/373/373 71/374/374 1644/375/375
f 1536/376/376 201/377/377 230/378/378
f 312/280/280 49/279/279 1862/379/379
f 1831/380/380 1255/381/381 309/382/382
f 498/128/128 1300/383/383 353/129/129
f 481/384/384 91/385/385 161/368/368
f 74/254/254 673/326/326 173/386/386
f 1943/33/33 175/35/35 233/298/298
f 1450/387/387 25/245/245 1476/305/305
f 902/302/302 1457/304/304 660/388/388
f 233/298/298 175/35/35 1725/389/389
f 1749/121/121 176/120/120 122/390/390
f 1444/198/198 1162/391/391 344/199/199
f 1640/392/392 47/393/393 1537/394/394
f 1403/395/395 1878/119/119 1749/121/121
f 459/233/233 42/348/348 467/396/396
f 1317/162/162 648/165/165 181/164/164
f 1735/397/397 1282/398/398 1481/399/399
f 237/400/400 1708/401/401 273/402/402
f 854/403/403 249/404/404 1242/405/405
f 568/406/406 632/407/407 1278/408/408
f 1567/409/409 569/410/410 936/117/117
f 230/378/378 1870/411/411 55/412/412
f 230/378/378 55/412/412 1536/376/376
f 1210/413/413 351/414/414 357/415/415
f 341/416/416 1256/417/417 499/418/418
f 982/242/242 1467/244/244 1449/419/419
f 463/420/420 1461/421/421 1637/422/422
f 1667/423/423 1390/176/176 1793/178/178
f 1173/424/424 1714/425/425 1138/426/426
f 1782/427/427 487/428/428 943/429/429
f 1084/70/70 13/430/430 1374/71/71
f 206/431/431 627/182/182 759/432/432
f 85/433/433 183/434/434 184/435/435
f 67/436/436 88/437/437 1422/438/438
f 86/439/439 1084/70/70 100/69/69
f 89/278/278 107/440/440 222/441/441
f 502/56/56 219/442/442 669/443/443
f 1293/444/444 474/445/445 230/378/378
f 57/446/446 1293/444/444 1604/447/447
f 481/384/384 1349/448/448 91/385/385
f 1349/448/448 388/449/449 91/385/385
f 432/450/450 90/451/451 1864/452/452
f 1436/221/221 217/220/220 197/26/26
f 109/453/453 443/454/454 1805/455/455
f 481/384/384 161/368/368 482/456/456
f 1302/457/457 1661/458/458 639/459/459
f 501/460/460 315/461/461 519/462/462
f 223/463/463 95/464/464 105/465/465
f 1161/466/466 204/467/467 44/68/68
f 103/468/468 1225/34/34 1943/33/33
f 9/469/469 978/470/470 1439/471/471
f 986/472/472 1192/353/353 113/142/142
f 1737/473/473 915/474/474 274/475/475
f 1806/476/476 1182/477/477 209/373/373
f 1056/478/478 338/360/360 1835/479/479
f 312/280/280 880/480/480 99/481/481
f 72/482/482 1381/483/483 303/484/484
f 982/242/242 121/485/485 126/243/243
f 260/486/486 1337/53/53 1824/487/487
f 101/488/488 97/489/489 1901/490/490
f 229/491/491 355/492/492 347/493/493
f 25/245/245 102/494/494 455/246/246
f 1129/317/317 104/495/495 951/496/496
f 163/497/497 9/469/469 1103/498/498
f 1927/499/499 1244/273/273 163/497/497
f 104/495/495 1032/500/500 951/496/496
f 905/501/501 904/230/230 952/502/502
f 1161/466/466 44/68/68 1117/503/503
f 1889/504/504 12/67/67 207/505/505
f 106/506/506 1351/507/507 216/508/508
f 106/506/506 32/509/509 1509/510/510
f 219/442/442 107/440/440 669/443/443
f 51/511/511 95/464/464 223/463/463
f 108/512/512 293/513/513 119/514/514
f 1149/515/515 875/41/41 50/516/516
f 93/517/517 109/453/453 1805/455/455
f 1446/518/518 831/364/364 1801/519/519
f 110/520/520 6/521/521 71/374/374
f 1928/522/522 1857/296/296 233/298/298
f 1797/523/523 69/363/363 874/365/365
f 1148/524/524 1455/525/525 69/363/363
f 910/255/255 837/526/526 1473/527/527
f 893/323/323 45/528/528 1042/529/529
f 1934/530/530 198/531/531 187/532/532
f 981/159/159 1811/533/533 1934/530/530
f 1258/534/534 62/331/331 1132/330/330
f 1473/527/527 1258/534/534 1132/330/330
f 1710/535/535 73/536/536 1722/537/537
f 1407/343/343 1722/537/537 40/538/538
f 769/539/539 374/153/153 1090/540/540
f 583/541/541 695/542/542 767/543/543
f 62/331/331 117/44/44 10/54/54
f 1805/455/455 443/454/454 444/544/544
f 30/545/545 1341/546/546 803/547/547
f 1910/548/548 1353/549/549 1506/550/550
f 9/469/469 1401/272/272 978/470/470
f 1209/551/551 108/512/512 978/470/470
f 64/552/552 212/553/553 665/554/554
f 1631/555/555 1849/556/556 848/557/557
f 909/52/52 1875/558/558 121/485/485
f 121/485/485 1875/558/558 507/559/559
f 122/390/390 46/560/560 76/561/561
f 1517/15/15 1392/14/14 46/560/560
f 956/276/276 123/562/562 1113/563/563
f 985/564/564 1383/565/565 1489/566/566
f 1124/63/63 1164/567/567 857/568/568
f 422/240/240 1123/569/569 1108/241/241
f 1128/570/570 164/571/571 205/261/261
f 491/572/572 1732/573/573 496/574/574
f 126/243/243 95/464/464 51/511/511
f 121/485/485 507/559/559 126/243/243
f 122/390/390 76/561/561 674/575/575
f 1748/576/576 173/386/386 1945/577/577
f 412/578/578 1071/579/579 1520/580/580
f 823/581/581 1616/582/582 1116/583/583
f 431/584/584 1387/585/585 1322/586/586
f 1568/587/587 403/588/588 886/589/589
f 743/590/590 130/591/591 1597/592/592
f 1002/593/593 762/594/594 552/595/595
f 1048/596/596 825/94/94 734/597/597
f 141/598/598 1758/599/599 1754/600/600
f 1388/601/601 479/602/602 132/603/603
f 261/604/604 1237/605/605 146/606/606
f 17/607/607 133/608/608 690/609/609
f 1178/610/610 497/611/611 289/612/612
f 1767/613/613 520/614/614 817/615/615
f 131/616/616 156/318/318 784/617/617
f 135/618/618 1213/619/619 770/620/620
f 1451/190/190 282/189/189 1024/621/621
f 142/622/622 1519/623/623 154/624/624
f 1502/625/625 1764/626/626 506/627/627
f 169/628/628 137/629/629 1844/630/630
f 607/631/631 1548/632/632 1366/633/633
f 138/634/634 132/603/603 165/635/635
f 1321/636/636 138/634/634 167/637/637
f 1529/638/638 743/590/590 136/639/639
f 1160/640/640 807/641/641 1304/642/642
f 140/643/643 1675/644/644 1308/645/645
f 704/646/646 965/647/647 835/648/648
f 607/631/631 1366/633/633 1336/649/649
f 134/650/650 1630/651/651 1014/652/652
f 1002/593/593 37/653/653 1137/654/654
f 1841/655/655 1529/638/638 136/639/639
f 1528/656/656 574/657/657 1565/658/658
f 1430/659/659 618/660/660 22/661/661
f 144/662/662 1482/663/663 17/607/607
f 681/664/664 1359/665/665 1350/666/666
f 1136/667/667 1336/649/649 145/668/668
f 1304/642/642 574/657/657 1528/656/656
f 345/669/669 1046/670/670 159/671/671
f 345/669/669 1437/672/672 1046/670/670
f 141/598/598 147/673/673 1758/599/599
f 1899/674/674 157/675/675 156/318/318
f 136/639/639 1486/676/676 1841/655/655
f 171/677/677 149/678/678 155/679/679
f 1764/626/626 149/678/678 506/627/627
f 153/680/680 34/681/681 29/682/682
f 1482/663/663 150/683/683 159/671/671
f 144/662/662 160/684/684 1482/663/663
f 821/685/685 139/686/686 172/687/687
f 751/688/688 884/689/689 992/690/690
f 1599/691/691 141/598/598 152/692/692
f 1502/625/625 141/598/598 1754/600/600
f 149/678/678 153/680/680 158/693/693
f 503/197/197 346/196/196 153/680/680
f 149/678/678 1247/694/694 153/680/680
f 171/677/677 1247/694/694 149/678/678
f 148/695/695 171/677/677 155/679/679
f 172/687/687 139/686/686 1841/655/655
f 157/675/675 152/692/692 156/318/318
f 156/318/318 152/692/692 1441/696/696
f 157/675/675 1599/691/691 152/692/692
f 134/650/650 1336/649/649 1630/651/651
f 153/680/680 29/682/682 158/693/693
f 152/692/692 506/627/627 1441/696/696
f 1677/697/697 690/609/609 1949/698/698
f 818/699/699 1336/649/649 134/650/650
f 1482/663/663 160/684/684 150/683/683
f 1053/700/700 1437/672/672 345/669/669
f 161/368/368 294/701/701 833/702/702
f 161/368/368 272/367/367 294/701/701
f 120/703/703 1468/704/704 162/705/705
f 1351/507/507 214/706/706 216/508/508
f 103/468/468 474/445/445 1103/498/498
f 474/445/445 1870/411/411 230/378/378
f 164/571/571 1433/707/707 205/261/261
f 1513/708/708 451/76/76 164/571/571
f 167/637/637 138/634/634 165/635/635
f 160/684/684 1053/700/700 150/683/683
f 1260/709/709 879/710/710 52/711/711
f 1229/712/712 984/713/713 355/492/492
f 160/684/684 167/637/637 1053/700/700
f 289/612/612 497/611/611 160/684/684
f 113/142/142 1192/353/353 168/714/714
f 97/489/489 101/488/488 984/713/713
f 145/668/668 137/629/629 169/628/628
f 1136/667/667 145/668/668 169/628/628
f 1111/66/66 1780/715/715 12/67/67
f 487/428/428 1576/716/716 943/429/429
f 142/622/622 154/624/624 171/677/677
f 1486/676/676 171/677/677 148/695/695
f 155/679/679 172/687/687 148/695/695
f 1502/625/625 475/717/717 1764/626/626
f 1725/389/389 175/35/35 173/386/386
f 1748/576/576 1725/389/389 173/386/386
f 201/377/377 174/301/301 82/718/718
f 1483/719/719 185/359/359 18/358/358
f 175/35/35 74/254/254 173/386/386
f 1225/34/34 74/254/254 175/35/35
f 122/390/390 176/120/120 68/720/720
f 1806/476/476 209/373/373 1799/721/721
f 50/516/516 1168/722/722 1149/515/515
f 1168/722/722 440/342/342 1149/515/515
f 1878/119/119 178/723/723 176/120/120
f 1730/724/724 68/720/720 176/120/120
f 1083/725/725 352/726/726 1278/408/408
f 358/727/727 1210/413/413 1274/728/728
f 30/545/545 803/547/547 1728/729/729
f 1351/507/507 865/730/730 214/706/706
f 195/731/731 1702/161/161 1079/163/163
f 162/705/705 1410/732/732 120/703/703
f 1260/709/709 52/711/711 1051/285/285
f 1049/138/138 758/222/222 1649/733/733
f 206/431/431 213/734/734 627/182/182
f 1510/735/735 208/175/175 1509/510/510
f 1508/736/736 453/737/737 211/738/738
f 215/739/739 453/737/737 1871/740/740
f 1182/477/477 71/374/374 209/373/373
f 227/741/741 1182/477/477 231/742/742
f 2/328/328 186/12/12 1222/743/743
f 1199/744/744 1222/743/743 186/12/12
f 187/532/532 915/474/474 1150/745/745
f 1459/746/746 24/747/747 855/145/145
f 1935/228/228 904/230/230 905/501/501
f 654/316/316 104/495/495 1129/317/317
f 1926/308/308 92/307/307 862/219/219
f 1254/748/748 329/218/218 4/749/749
f 1459/746/746 187/532/532 1150/745/745
f 742/160/160 981/159/159 1460/750/750
f 1018/751/751 191/370/370 792/752/752
f 182/229/229 925/137/137 904/230/230
f 192/753/753 1694/754/754 865/730/730
f 106/506/506 180/755/755 192/753/753
f 311/756/756 669/443/443 1250/757/757
f 669/443/443 107/440/440 89/278/278
f 194/758/758 1533/759/759 1420/760/760
f 140/643/643 1308/645/645 1384/761/761
f 215/739/739 1871/740/740 162/705/705
f 1871/740/740 1410/732/732 162/705/705
f 1934/530/530 168/714/714 198/531/531
f 168/714/714 1783/762/762 198/531/531
f 1249/763/763 197/26/26 471/299/299
f 197/26/26 432/450/450 1864/452/452
f 198/531/531 879/710/710 1039/764/764
f 915/474/474 1039/764/764 1679/765/765
f 199/50/50 177/49/49 50/516/516
f 50/516/516 1770/766/766 1209/551/551
f 1739/767/767 218/275/275 200/277/277
f 1862/379/379 49/279/279 1112/768/768
f 201/377/377 110/520/520 227/741/741
f 201/377/377 227/741/741 231/742/742
f 1714/425/425 202/769/769 1760/770/770
f 1508/736/736 211/738/738 183/434/434
f 58/312/312 1154/314/314 203/303/303
f 855/145/145 450/771/771 58/312/312
f 13/430/430 204/467/467 1161/466/466
f 943/429/429 1576/716/716 1577/772/772
f 496/574/574 1732/573/573 1784/773/773
f 1784/773/773 1483/719/719 18/358/358
f 1173/424/424 87/774/774 1714/425/425
f 1714/425/425 87/774/774 202/769/769
f 1889/504/504 207/505/505 1117/503/503
f 1408/239/239 123/562/562 956/276/276
f 1509/510/510 208/175/175 106/506/506
f 208/175/175 1881/174/174 106/506/506
f 1724/13/13 209/373/373 1392/14/14
f 209/373/373 1724/13/13 1799/721/721
f 184/435/435 210/258/258 625/257/257
f 183/434/434 667/775/775 184/435/435
f 184/435/435 667/775/775 210/258/258
f 1468/704/704 215/739/739 162/705/705
f 210/258/258 212/553/553 626/259/259
f 210/258/258 667/775/775 212/553/553
f 202/769/769 183/434/434 1760/770/770
f 1760/770/770 183/434/434 1905/776/776
f 1871/740/740 453/737/737 214/706/706
f 214/706/706 118/777/777 195/731/731
f 667/775/775 215/739/739 1468/704/704
f 211/738/738 453/737/737 215/739/739
f 106/506/506 216/508/508 32/509/509
f 32/509/509 453/737/737 1508/736/736
f 217/220/220 436/778/778 197/26/26
f 862/219/219 92/307/307 217/220/220
f 1902/779/779 218/275/275 1739/767/767
f 51/511/511 223/463/463 1902/779/779
f 221/780/780 219/442/442 418/781/781
f 219/442/442 51/511/511 1902/779/779
f 482/456/456 833/702/702 93/517/517
f 482/456/456 161/368/368 833/702/702
f 221/780/780 51/511/511 219/442/442
f 1467/244/244 126/243/243 51/511/511
f 89/278/278 222/441/441 49/279/279
f 49/279/279 1739/767/767 1112/768/768
f 1902/779/779 223/463/463 218/275/275
f 223/463/463 105/465/465 218/275/275
f 224/782/782 62/331/331 1258/534/534
f 93/517/517 1805/455/455 291/333/333
f 225/783/783 1878/119/119 1403/395/395
f 1756/784/784 643/351/351 78/785/785
f 226/786/786 117/44/44 62/331/331
f 224/782/782 226/786/786 62/331/331
f 227/741/741 110/520/520 71/374/374
f 1182/477/477 227/741/741 71/374/374
f 228/46/46 93/517/517 291/333/333
f 220/787/787 93/517/517 1801/519/519
f 1263/788/788 229/491/491 1077/789/789
f 198/531/531 1783/762/762 879/710/710
f 201/377/377 82/718/718 1604/447/447
f 1604/447/447 82/718/718 57/446/446
f 342/790/790 174/301/301 201/377/377
f 1200/329/329 275/27/27 1143/263/263
f 381/791/791 129/792/792 1757/793/793
f 1332/794/794 144/662/662 1431/795/795
f 233/298/298 1725/389/389 46/560/560
f 1928/522/522 233/298/298 46/560/560
f 80/796/796 245/797/797 234/798/798
f 1329/799/799 295/800/800 242/801/801
f 1751/802/802 1916/803/803 1201/804/804
f 255/805/805 1086/31/31 929/806/806
f 1659/28/28 236/24/24 974/29/29
f 1939/807/807 243/808/808 248/809/809
f 80/796/796 1472/810/810 245/797/797
f 854/403/403 529/811/811 1774/812/812
f 235/813/813 1329/799/799 238/814/814
f 1329/799/799 242/801/801 238/814/814
f 247/815/815 237/816/400 273/817/402
f 241/818/816 330/216/216 329/218/218
f 5/819/817 248/809/809 322/820/818
f 321/821/819 292/822/820 448/22/22
f 241/818/816 246/823/821 3/824/822
f 292/822/820 239/825/823 494/826/824
f 242/801/801 295/800/800 672/827/825
f 661/828/826 1859/829/827 243/808/808
f 1/830/828 668/831/829 1622/832/830
f 661/828/826 1622/832/830 668/831/829
f 246/823/821 244/833/831 3/824/822
f 1435/834/832 65/217/217 330/216/216
f 245/797/797 1472/810/810 247/815/815
f 672/827/825 295/800/800 1809/835/833
f 239/825/823 246/823/821 241/818/816
f 245/797/797 247/815/815 1809/835/833
f 246/823/821 247/815/815 244/833/831
f 239/825/823 247/815/815 246/823/821
f 248/809/809 243/808/808 1859/829/827
f 240/836/834 1772/837/835 292/822/820
f 682/838/836 281/839/837 897/840/838
f 1865/841/839 1096/842/840 682/838/836
f 525/843/841 1524/844/842 878/845/843
f 1003/846/844 37/653/653 1002/593/593
f 135/618/618 770/620/620 1193/847/845
f 1709/848/846 970/849/847 816/850/848
f 1379/851/849 551/852/850 1761/853/851
f 776/854/852 251/855/853 1839/856/854
f 1081/857/855 1794/858/856 810/859/857
f 976/860/858 1273/861/859 721/862/860
f 1068/863/861 908/864/862 1551/865/863
f 38/203/203 1769/202/202 806/866/864
f 1753/867/865 576/868/866 975/869/867
f 249/404/404 1803/870/868 939/871/869
f 908/864/862 1068/863/861 1127/872/870
f 1555/212/212 700/873/871 745/874/872
f 1438/875/873 1718/876/874 937/877/875
f 1092/878/876 1800/879/877 1556/880/878
f 896/356/356 598/355/355 999/881/879
f 598/355/355 1932/882/880 1933/883/881
f 840/110/110 592/884/882 701/111/111
f 1445/885/883 81/886/884 253/887/885
f 272/367/367 269/888/886 1650/36/36
f 117/44/44 7/43/43 262/889/887
f 146/606/606 271/890/888 261/604/604
f 1100/87/87 1552/89/89 832/93/93
f 7/43/43 265/891/889 262/889/887
f 267/286/286 966/892/890 1346/287/287
f 933/324/324 893/323/323 1042/529/529
f 838/893/891 931/894/892 1043/895/893
f 165/635/635 132/603/603 264/896/894
f 1652/897/895 830/898/896 132/603/603
f 425/899/897 486/900/898 1223/901/899
f 1223/901/899 486/900/898 1036/902/900
f 132/603/603 266/903/901 264/896/894
f 1243/904/902 1050/905/903 829/906/904
f 838/893/891 1234/55/55 1252/907/905
f 892/908/906 1223/901/899 1030/909/907
f 734/597/597 268/910/908 1548/632/632
f 268/910/908 827/911/909 137/629/629
f 446/366/366 269/888/886 272/367/367
f 446/366/366 388/449/449 1911/912/910
f 270/913/911 967/914/912 1142/915/913
f 1227/916/914 270/913/911 892/908/906
f 264/896/894 1437/672/672 1053/700/700
f 264/896/894 266/903/901 1243/904/902
f 272/367/367 1650/36/36 7/43/43
f 294/701/701 272/367/367 7/43/43
f 247/815/815 273/817/402 244/833/831
f 1812/917/19 328/918/915 1435/834/832
f 1055/315/315 274/475/475 654/316/316
f 1679/765/765 1039/764/764 1316/919/916
f 275/27/27 197/26/26 1249/763/763
f 275/27/27 1249/763/763 342/790/790
f 932/920/917 286/921/918 1365/922/919
f 1583/923/920 1166/924/921 791/925/922
f 277/926/923 1554/173/173 935/927/924
f 1061/928/925 726/929/926 756/930/927
f 1572/931/928 128/932/929 278/933/930
f 128/932/929 276/934/931 1543/935/932
f 1792/936/933 1438/875/873 937/877/875
f 860/937/934 859/938/935 1641/939/936
f 1178/610/610 280/940/937 497/611/611
f 1534/941/938 882/942/939 756/930/927
f 822/943/940 1205/944/941 1411/945/942
f 1865/841/839 801/946/943 1096/842/840
f 1840/947/944 583/541/541 783/948/945
f 1470/949/946 1840/947/944 1245/950/947
f 700/873/871 256/951/948 745/874/872
f 834/952/949 1765/953/950 1288/954/951
f 284/955/952 283/956/953 1499/957/954
f 888/958/955 276/934/931 1658/959/956
f 1479/960/957 285/961/958 834/952/949
f 1307/962/959 38/203/203 285/961/958
f 286/921/918 251/855/853 1365/922/919
f 287/963/960 551/852/850 1379/851/849
f 1379/851/849 860/937/934 1664/964/961
f 1641/939/936 1664/964/961 860/937/934
f 288/965/962 257/966/963 1718/876/874
f 1769/202/202 1230/967/964 806/866/864
f 289/612/612 160/684/684 144/662/662
f 1332/794/794 1757/793/793 144/662/662
f 1556/880/878 1800/879/877 1114/968/965
f 1514/969/966 1686/970/967 1616/582/582
f 291/333/333 226/786/786 224/782/782
f 291/333/333 224/782/782 114/47/47
f 240/836/834 292/822/820 248/809/809
f 248/809/809 292/822/820 321/821/819
f 293/513/513 228/46/46 1745/274/274
f 1801/519/519 93/517/517 228/46/46
f 294/701/701 7/43/43 8/42/42
f 833/702/702 294/701/701 443/454/454
f 295/800/800 245/797/797 1809/835/833
f 234/798/798 245/797/797 295/800/800
f 1255/381/381 1122/971/968 309/382/382
f 1025/972/969 635/973/970 735/974/971
f 303/484/484 308/975/972 72/482/482
f 613/976/973 302/340/340 849/977/974
f 1574/978/975 308/975/972 303/484/484
f 636/979/976 1362/980/977 1746/981/978
f 310/982/979 311/756/756 1250/757/757
f 1643/983/980 296/984/981 1642/985/982
f 307/986/983 304/987/984 300/988/985
f 1370/989/986 595/990/987 299/991/988
f 120/703/703 1410/732/732 301/992/989
f 998/993/990 662/994/991 620/995/992
f 302/340/340 1575/996/993 849/977/974
f 309/382/382 305/997/994 1228/998/995
f 297/999/996 1773/1000/997 846/1001/998
f 846/1001/998 194/758/758 1420/760/760
f 1726/1002/999 304/987/984 307/986/983
f 923/1003/1000 305/997/994 28/1004/1001
f 305/997/994 304/987/984 1726/1002/999
f 1785/1005/1002 1643/983/980 305/997/994
f 299/991/988 595/990/987 306/59/59
f 311/756/756 306/59/59 193/57/57
f 307/986/983 300/988/985 299/991/988
f 306/59/59 311/756/756 299/991/988
f 72/482/482 308/975/972 99/481/481
f 1575/996/993 302/340/340 1228/998/995
f 79/339/339 1832/1006/1003 302/340/340
f 302/340/340 1832/1006/1003 1228/998/995
f 1726/1002/999 311/756/756 310/982/979
f 923/1003/1000 28/1004/1001 310/982/979
f 307/986/983 299/991/988 311/756/756
f 1726/1002/999 307/986/983 311/756/756
f 312/280/280 310/982/979 89/278/278
f 99/481/481 310/982/979 312/280/280
f 1411/945/942 1205/944/941 757/1007/1004
f 316/1008/1005 1197/9/9 1629/1009/1006
f 313/1010/1007 316/1008/1005 1629/1009/1006
f 1360/1011/1008 442/1012/1009 591/1013/1010
f 1130/1014/1011 1302/457/457 637/1015/1012
f 314/1016/1013 1130/1014/1011 1919/1017/1014
f 1204/1018/1015 686/1019/1016 1553/1020/1017
f 1/830/828 1622/832/830 1621/1021/1018
f 318/1022/1019 5/819/817 1930/1023/1020
f 1661/458/458 1491/1024/1021 639/459/459
f 1191/1025/1022 1493/11/11 642/10/10
f 1191/1025/1022 1930/1023/1020 317/1026/1023
f 316/1008/1005 319/7/7 1197/9/9
f 1/830/828 797/1027/1024 1378/1028/1025
f 1364/1029/1026 318/1022/1019 1491/1024/1021
f 1620/4/4 323/6/6 1094/1030/1027
f 321/821/819 448/22/22 236/24/24
f 317/1026/1023 322/820/818 236/24/24
f 322/820/818 248/809/809 321/821/819
f 322/820/818 321/821/819 236/24/24
f 1094/1030/1027 323/6/6 1364/1029/1026
f 1939/807/807 248/809/809 1364/1029/1026
f 1812/917/19 324/1031/21 328/918/915
f 354/1032/1028 445/1033/1029 326/1034/1030
f 1434/1035/1031 325/1036/1032 1466/1037/1033
f 1435/834/832 447/1038/1034 65/217/217
f 441/345/345 438/1039/1035 325/1036/1032
f 1435/834/832 328/918/915 447/1038/1034
f 65/217/217 1464/1040/1036 327/306/306
f 65/217/217 327/306/306 189/1041/1037
f 328/918/915 326/1034/1030 447/1038/1034
f 363/1042/1038 326/1034/1030 328/918/915
f 65/217/217 189/1041/1037 329/218/218
f 329/218/218 189/1041/1037 4/749/749
f 3/824/822 330/216/216 241/818/816
f 3/824/822 1435/834/832 330/216/216
f 535/1043/1039 552/595/595 762/594/594
f 612/1044/1040 707/1045/1041 815/1046/1042
f 878/845/843 1524/844/842 605/1047/1043
f 709/1048/1044 522/1049/1045 1139/1050/1046
f 1619/1051/1047 333/1052/1048 20/1053/1049
f 1674/1054/1050 1579/1055/1051 1425/1056/1052
f 1155/1057/1053 297/999/996 890/1058/1054
f 59/1059/1055 77/1060/1056 1876/1061/1057
f 521/195/195 335/1062/1058 346/196/196
f 1444/198/198 913/1063/1059 1162/391/391
f 894/1064/1060 1440/1065/1061 853/1066/1062
f 1877/1067/1063 747/1068/1064 916/1069/1065
f 339/266/266 337/1070/1066 164/571/571
f 164/571/571 1618/1071/1067 20/1053/1049
f 98/1072/1068 491/572/572 496/574/574
f 490/1073/1069 1720/1074/1070 1611/1075/1071
f 63/264/264 339/266/266 1091/1076/1072
f 125/362/362 340/1077/1073 1333/1078/1074
f 1091/1076/1072 339/266/266 1733/1079/1075
f 1732/573/573 1128/570/570 1784/773/773
f 1348/1080/1076 1175/1081/1077 987/1082/1078
f 987/1082/1078 1175/1081/1077 1091/1076/1072
f 342/790/790 201/377/377 231/742/742
f 185/359/359 1483/719/719 231/742/742
f 343/1083/1079 1729/1084/1080 78/785/785
f 1835/479/479 338/360/360 1557/1085/1081
f 344/199/199 1162/391/391 59/1059/1055
f 156/318/318 344/199/199 784/617/617
f 150/683/683 1053/700/700 345/669/669
f 150/683/683 345/669/669 159/671/671
f 153/680/680 346/196/196 34/681/681
f 1828/1086/1082 913/1063/1059 1444/198/198
f 229/491/491 347/493/493 1077/789/789
f 1077/789/789 1261/1087/1083 1224/1088/1084
f 1495/1089/1085 356/1090/1086 500/1091/1087
f 351/414/414 1210/413/413 358/727/727
f 349/1092/1088 433/1093/1089 1710/535/535
f 349/1092/1088 115/1094/1090 354/1032/1028
f 606/1095/1091 1300/383/383 1680/1096/1092
f 1300/383/383 604/1097/1093 1680/1096/1092
f 348/1098/1094 842/1099/1095 356/1090/1086
f 362/1100/1096 843/17/17 364/16/16
f 976/860/858 569/410/410 1567/409/409
f 764/1101/1097 1825/1102/1098 1771/1103/1099
f 353/129/129 1300/383/383 606/1095/1091
f 361/1104/1100 359/130/130 353/129/129
f 363/1042/1038 354/1032/1028 326/1034/1030
f 1240/1105/1101 364/16/16 360/18/18
f 984/713/713 101/488/488 355/492/492
f 500/1091/1087 498/128/128 1495/1089/1085
f 355/492/492 356/1090/1086 347/493/493
f 356/1090/1086 1274/728/728 1256/417/417
f 83/20/20 357/415/415 324/21/21
f 1251/1106/1102 360/18/18 363/1107/1038
f 356/1090/1086 358/727/727 1274/728/728
f 356/1090/1086 842/1099/1095 358/727/727
f 361/1104/1100 362/1100/1096 359/130/130
f 348/1098/1094 356/1090/1086 1495/1089/1085
f 360/18/18 354/1108/1028 363/1107/1038
f 360/18/18 1907/1109/1103 354/1108/1028
f 353/129/129 606/1095/1091 361/1104/1100
f 843/17/17 1907/1109/1103 360/18/18
f 348/1098/1094 359/130/130 362/1100/1096
f 348/1098/1094 362/1100/1096 842/1099/1095
f 324/1031/21 363/1042/1038 328/918/915
f 1251/1106/1102 363/1107/1038 324/21/21
f 364/16/16 842/1099/1095 362/1100/1096
f 357/415/415 351/414/414 364/16/16
f 1942/208/208 290/1110/1104 365/209/209
f 290/1110/1104 1514/969/966 365/209/209
f 480/1111/1105 143/1112/1106 1318/1113/1107
f 1685/1114/1108 1500/1115/1109 1004/1116/1110
f 1657/1117/1111 19/1118/1112 367/1119/1113
f 417/1120/1114 556/1121/1115 1121/1122/1116
f 1140/115/115 1779/1123/1117 1314/1124/1118
f 618/660/660 912/1125/1119 22/661/661
f 1194/1126/1120 1080/1127/1121 684/1128/1122
f 778/1129/1123 683/1130/1124 704/646/646
f 370/1131/1125 799/1132/1126 393/1133/1127
f 921/1134/1128 1289/1135/1129 1883/1136/1130
f 1707/1137/1131 1068/863/861 1551/865/863
f 798/1138/1132 718/1139/1133 579/1140/1134
f 394/1141/1135 588/1142/1136 372/1143/1137
f 1289/1135/1129 989/1144/1138 1882/1145/1139
f 1159/1146/1140 1609/1147/1141 712/1148/1142
f 775/1149/1143 774/1150/1144 719/1151/1145
f 1924/1152/1146 696/1153/1147 534/1154/1148
f 688/1155/1149 430/1156/1150 382/1157/1151
f 1484/72/72 972/1158/1152 398/73/73
f 515/1159/1153 687/1160/1154 14/1161/1155
f 376/1162/1156 1119/143/143 855/145/145
f 959/1163/1157 1285/1164/1158 1788/1165/1159
f 1355/1166/1160 804/1167/1161 524/1168/1162
f 677/1169/1163 1144/1170/1164 1511/1171/1165
f 378/1172/1166 479/602/602 1388/601/601
f 1074/1173/1167 1559/1174/1168 678/1175/1169
f 872/1176/1170 405/1177/1171 1037/1178/1172
f 964/289/289 1469/1179/1173 1447/290/290
f 1605/1180/1174 548/1181/1175 738/123/123
f 738/123/123 1145/1182/1176 560/1183/1177
f 1296/1184/1178 429/1185/1179 553/1186/1180
f 375/90/90 531/92/92 1646/1187/1181
f 1582/1188/1182 1426/1189/1183 381/791/791
f 1406/1190/1184 1893/1191/1185 1826/1192/1186
f 1330/1193/1187 383/1194/1188 1428/1195/1189
f 949/1196/1190 664/1197/1191 652/1198/1192
f 539/1199/1193 901/147/147 1283/146/146
f 1119/143/143 376/1162/1156 1912/1200/1194
f 617/1201/1195 385/1202/1196 678/1175/1169
f 1382/1203/1197 919/98/98 991/1204/1198
f 386/1205/1199 819/1206/1200 954/1207/1201
f 556/1121/1115 1738/1208/1202 1121/1122/1116
f 1595/1209/1203 1367/1210/1204 395/1211/1205
f 1539/108/108 1570/1212/1206 885/1213/1207
f 533/1214/1208 350/352/352 603/1215/1209
f 1095/1216/1210 602/126/126 258/1217/1211
f 544/1218/1212 861/295/295 573/294/294
f 1681/1219/1213 1734/1220/1214 1485/1221/1215
f 856/1222/1216 785/1223/1217 390/1224/1218
f 813/1225/1219 1313/1226/1220 1743/1227/1221
f 1563/1228/1222 391/1229/1223 958/1230/1224
f 1657/1117/1111 367/1119/1113 1120/1231/1225
f 610/1232/1226 1021/1233/1227 540/1234/1228
f 515/1159/1153 1214/1235/1229 687/1160/1154
f 370/1131/1125 393/1133/1127 1070/1236/1230
f 590/1237/1231 1028/1238/1232 815/1046/1042
f 1057/1239/1233 1763/1240/1234 820/205/205
f 524/1168/1162 1369/1241/1235 1134/1242/1236
f 743/590/590 869/1243/1237 1584/1244/1238
f 1740/1245/1239 511/1246/1240 1152/1247/1241
f 396/1248/1242 780/1249/1243 1151/1250/1244
f 616/1251/1245 576/868/866 714/1252/1246
f 997/1253/1247 747/1068/1064 1877/1067/1063
f 1296/1184/1178 553/1186/1180 917/1254/1248
f 1417/1255/1249 392/95/95 1078/1256/1250
f 406/1257/1251 1203/1258/1252 779/1259/1253
f 1331/1260/1254 696/1153/1147 768/1261/1255
f 608/1262/1256 1762/1263/1257 1062/1264/1258
f 372/1143/1137 588/1142/1136 400/1265/1259
f 1648/1266/1260 1320/213/213 824/215/215
f 796/1267/1261 401/1268/1262 1088/132/132
f 1017/1269/1263 737/1270/1264 1663/1271/1265
f 402/1272/1266 942/1273/1267 1419/1274/1268
f 1713/1275/1269 416/1276/1270 733/1277/1271
f 725/1278/1272 760/1279/1273 403/588/588
f 1301/1280/1274 1535/1281/1275 868/1282/99
f 404/1283/1276 807/641/641 1160/640/640
f 1334/1284/1277 16/1285/1278 732/1286/1279
f 405/1177/1171 75/1287/1280 1037/1178/1172
f 950/1288/1281 1755/1289/1282 526/1290/1283
f 406/1257/1251 779/1259/1253 336/1291/1284
f 889/1292/1285 1211/1293/1286 1147/1294/1287
f 773/1295/1288 858/1296/1289 1059/1297/1290
f 597/1298/1291 1165/1299/1292 1900/1300/1293
f 408/1301/1294 437/1302/1295 129/792/792
f 1426/1189/1183 129/792/792 381/791/791
f 969/1303/1296 1589/1304/1297 1914/1305/1298
f 1699/1306/1299 1494/1307/1300 1822/1308/1301
f 373/1309/1302 812/1310/1303 1477/1311/1304
f 1059/1297/1290 858/1296/1289 1424/1312/1305
f 384/1313/1306 411/1314/1307 1181/1315/1308
f 1157/1316/1309 567/1317/1310 1642/985/982
f 1196/1318/1311 1921/1319/1312 1442/1320/1313
f 814/1321/1314 824/215/215 1526/214/214
f 1395/1322/1315 1873/1323/1316 505/1324/1317
f 561/1325/1318 1432/1326/1319 170/1327/1320
f 995/1328/1321 1834/1329/1322 1409/1330/1323
f 921/1134/1128 746/1331/1324 1522/1332/1325
f 1190/1333/1326 739/1334/1327 431/584/584
f 739/1334/1327 1387/585/585 431/584/584
f 263/248/248 1236/1335/1328 1027/249/249
f 1043/895/893 931/894/892 1044/1336/1329
f 367/1119/1113 1655/1337/1330 1120/1231/1225
f 1268/1338/1331 510/1339/1332 1208/1340/1333
f 84/1341/1334 221/780/780 418/781/781
f 402/1272/1266 1419/1274/1268 1041/1342/1335
f 84/1341/1334 473/1343/1336 1471/1344/1337
f 465/1345/1338 420/1346/1339 1465/1347/1340
f 306/59/59 420/1346/1339 11/58/58
f 11/58/58 420/1346/1339 465/1345/1338
f 752/1348/1341 421/1349/1342 408/1301/1294
f 408/1301/1294 1190/1333/1326 437/1302/1295
f 12/67/67 1377/1350/1343 207/505/505
f 1432/1326/1319 12/67/67 1780/715/715
f 1713/1275/1269 733/1277/1271 484/1351/1344
f 75/1287/1280 456/1352/1345 379/1353/1346
f 16/1285/1278 1563/1228/1222 958/1230/1224
f 845/85/85 1656/1354/1347 495/86/86
f 425/899/897 1423/1355/1348 486/900/898
f 67/436/436 1422/438/438 580/1356/1349
f 752/1348/1341 408/1301/1294 426/1357/1350
f 812/1310/1303 955/1358/1351 990/1359/1352
f 1285/1164/1158 427/1360/1353 1788/1165/1159
f 1118/1361/1354 742/160/160 1460/750/750
f 691/292/292 26/1362/1355 1177/1363/1356
f 1811/533/533 1627/140/140 960/1364/1357
f 1892/1365/1358 1332/794/794 1174/1366/1359
f 1332/794/794 1431/795/795 1174/1366/1359
f 426/1357/1350 449/1367/1360 1426/1189/1183
f 449/1367/1360 129/792/792 1426/1189/1183
f 431/584/584 1322/586/586 1321/636/636
f 437/1302/1295 280/940/937 1178/610/610
f 436/778/778 432/450/450 197/26/26
f 1452/1368/1361 1287/310/310 439/309/309
f 1710/535/535 433/1093/1089 73/536/536
f 433/1093/1089 1183/1369/1362 1349/448/448
f 434/1370/1363 1566/1371/1364 1837/1372/1365
f 435/1373/1366 440/342/342 1168/722/722
f 435/1373/1366 1566/1371/1364 434/1370/1363
f 1453/346/346 1287/310/310 1452/1368/1361
f 92/307/307 1466/1037/1033 217/220/220
f 1434/1035/1031 1466/1037/1033 92/307/307
f 1190/1333/1326 431/584/584 437/1302/1295
f 437/1302/1295 431/584/584 1321/636/636
f 436/778/778 438/1039/1035 432/450/450
f 325/1036/1032 438/1039/1035 1466/1037/1033
f 432/450/450 1855/1374/1367 439/309/309
f 432/450/450 439/309/309 90/451/451
f 445/1033/1029 440/342/342 326/1034/1030
f 447/1038/1034 326/1034/1030 441/345/345
f 326/1034/1030 440/342/342 441/345/345
f 440/342/342 1453/346/346 441/345/345
f 442/1012/1009 1011/1375/1368 591/1013/1010
f 281/839/837 757/1007/1004 897/840/838
f 443/454/454 8/42/42 444/544/544
f 294/701/701 8/42/42 443/454/454
f 226/786/786 444/544/544 117/44/44
f 8/42/42 117/44/44 444/544/544
f 354/1032/1028 115/1094/1090 445/1033/1029
f 1407/343/343 1710/535/535 1722/537/537
f 91/385/385 446/366/366 161/368/368
f 91/385/385 388/449/449 446/366/366
f 447/1038/1034 441/345/345 325/1036/1032
f 327/306/306 1464/1040/1036 325/1036/1032
f 644/1376/1369 241/818/816 329/218/218
f 239/825/823 241/818/816 644/1376/1369
f 426/1357/1350 408/1301/1294 449/1367/1360
f 449/1367/1360 408/1301/1294 129/792/792
f 855/145/145 24/747/747 450/771/771
f 1737/473/473 274/475/475 1055/315/315
f 641/1377/1370 1389/1378/1371 451/76/76
f 1433/707/707 48/262/262 205/261/261
f 439/309/309 1571/311/311 90/451/451
f 666/1379/1372 1887/1380/1373 454/1381/1374
f 32/509/509 216/508/508 453/737/737
f 453/737/737 216/508/508 214/706/706
f 1927/499/499 1099/271/271 1244/273/273
f 90/451/451 1571/311/311 504/1382/1375
f 173/386/386 673/326/326 1945/577/577
f 60/1383/1376 263/248/248 492/250/250
f 379/1353/1346 456/1352/1345 423/1384/1377
f 1311/1385/1378 464/1386/1379 423/1384/1377
f 470/1387/1380 66/252/252 1946/1388/1381
f 1311/1385/1378 458/1389/1382 464/1386/1379
f 841/1390/1383 455/246/246 458/1389/1382
f 1069/231/231 472/1391/1384 470/1387/1380
f 459/233/233 671/1392/1385 460/1393/1386
f 472/1391/1384 1069/231/231 459/233/233
f 66/252/252 1403/395/395 127/253/253
f 472/1391/1384 66/252/252 470/1387/1380
f 1736/1394/1387 461/1395/1388 781/1396/1389
f 595/990/987 420/1346/1339 306/59/59
f 1730/724/724 462/1397/1390 68/720/720
f 343/1083/1079 490/1073/1069 1729/1084/1080
f 761/1398/1391 1636/1399/1392 53/1400/1393
f 1414/1401/1394 53/1400/1393 988/1402/1395
f 458/1389/1382 469/1403/1396 464/1386/1379
f 1945/577/577 60/1383/1376 492/250/250
f 502/56/56 11/58/58 465/1345/1338
f 84/1341/1334 418/781/781 473/1343/1336
f 466/1404/1397 1099/271/271 1927/499/499
f 434/1370/1363 1837/1372/1365 1693/1405/1398
f 467/396/396 671/1392/1385 459/233/233
f 1184/349/349 643/351/351 1756/784/784
f 468/1406/1399 163/497/497 1293/444/444
f 1887/1380/1373 504/1382/1375 454/1381/1374
f 492/250/250 469/1403/1396 1945/577/577
f 457/251/251 1946/1388/1381 66/252/252
f 458/1389/1382 1069/231/231 470/1387/1380
f 458/1389/1382 470/1387/1380 469/1403/1396
f 1918/300/300 471/299/299 666/1379/1372
f 1864/452/452 1887/1380/1373 666/1379/1372
f 459/233/233 460/1393/1386 472/1391/1384
f 472/1391/1384 460/1393/1386 66/252/252
f 1471/1344/1337 473/1343/1336 465/1345/1338
f 473/1343/1336 502/56/56 465/1345/1338
f 474/445/445 163/497/497 1103/498/498
f 1293/444/444 163/497/497 474/445/445
f 475/717/717 172/687/687 155/679/679
f 1754/600/600 821/685/685 172/687/687
f 391/1229/1223 1698/1407/1400 476/1408/1401
f 1121/1122/1116 414/1409/1402 391/1229/1223
f 341/416/416 499/418/418 1560/1410/1403
f 23/223/223 1224/1088/1084 1231/334/334
f 739/1334/1327 844/1411/1404 1387/585/585
f 1727/1412/1405 1480/1413/1406 1074/1173/1167
f 1727/1412/1405 1074/1173/1167 489/1414/1407
f 845/85/85 1074/1173/1167 1073/1415/1408
f 480/1111/1105 614/1416/1409 143/1112/1106
f 1685/1114/1108 924/1417/1410 1500/1115/1109
f 481/384/384 482/456/456 69/363/363
f 1455/525/525 481/384/384 69/363/363
f 220/787/787 482/456/456 93/517/517
f 69/363/363 482/456/456 831/364/364
f 483/1418/1411 1501/1419/1412 727/1420/1413
f 1334/1284/1277 732/1286/1279 404/1283/1276
f 484/1351/1344 1373/1421/1414 1713/1275/1269
f 1456/1422/1415 1215/1423/1416 1807/1424/1417
f 137/629/629 827/911/909 1844/630/630
f 1160/640/640 1334/1284/1277 404/1283/1276
f 1423/1355/1348 1421/51/51 486/900/898
f 966/892/890 1636/1399/1392 761/1398/1391
f 67/436/436 1394/1425/1418 88/437/437
f 598/355/355 1933/883/881 999/881/879
f 70/1426/1419 488/1427/1420 1189/1428/1421
f 1944/1429/1422 340/1077/1073 125/362/362
f 378/1172/1166 489/1414/1407 479/602/602
f 1652/897/895 489/1414/1407 713/84/84
f 1729/1084/1080 490/1073/1069 462/1397/1390
f 462/1397/1390 490/1073/1069 1611/1075/1071
f 338/360/360 125/362/362 1333/1078/1074
f 338/360/360 1720/1074/1070 1557/1085/1081
f 464/1386/1379 469/1403/1396 492/250/250
f 1027/249/249 464/1386/1379 492/250/250
f 493/5/5 243/808/808 1939/807/807
f 661/828/826 243/808/808 493/5/5
f 448/22/22 494/826/824 863/23/23
f 292/822/820 494/826/824 448/22/22
f 1100/87/87 495/86/86 1180/88/88
f 495/86/86 1656/1354/1347 1180/88/88
f 496/574/574 18/358/358 98/1072/1068
f 496/574/574 1784/773/773 18/358/358
f 497/611/611 167/637/637 160/684/684
f 497/611/611 280/940/937 167/637/637
f 101/488/488 498/128/128 500/1091/1087
f 101/488/488 1901/490/490 498/128/128
f 499/418/418 1256/417/417 1275/1430/1423
f 993/1431/1424 1275/1430/1423 1343/1432/1425
f 355/492/492 101/488/488 500/1091/1087
f 500/1091/1087 356/1090/1086 355/492/492
f 1368/77/77 451/76/76 1513/708/708
f 930/1433/1426 1368/77/77 1513/708/708
f 418/781/781 219/442/442 502/56/56
f 473/1343/1336 418/781/781 502/56/56
f 503/197/197 153/680/680 1247/694/694
f 1087/1434/1427 503/197/197 154/624/624
f 454/1381/1374 504/1382/1375 468/1406/1399
f 504/1382/1375 466/1404/1397 1927/499/499
f 505/1324/1317 413/1435/1428 170/1327/1320
f 1576/716/716 170/1327/1320 1111/66/66
f 149/678/678 158/693/693 506/627/627
f 158/693/693 29/682/682 506/627/627
f 126/243/243 507/559/559 95/464/464
f 1374/71/71 13/430/430 1527/1436/1429
f 1731/1437/1430 941/1438/1431 619/1439/1432
f 1874/1440/1433 1581/1441/1434 1386/60/60
f 1063/1442/1435 756/930/927 1851/1443/1436
f 1938/1444/1437 1347/1445/1438 1851/1443/1436
f 1208/1340/1333 510/1339/1332 1076/1446/1439
f 631/1447/1440 788/1448/1441 789/1449/1442
f 1335/1450/1443 1034/1451/1444 1402/1452/1445
f 698/1453/1446 1947/1454/1447 996/1455/1448
f 887/1456/1449 1882/1145/1139 800/1457/1450
f 1140/115/115 1339/114/114 1779/1123/1117
f 514/1458/1451 513/1459/1452 1532/1460/1453
f 969/1303/1296 1393/1461/1454 1217/1462/1455
f 787/234/234 514/1458/1451 1532/1460/1453
f 561/1325/1318 786/1463/1456 1432/1326/1319
f 593/1464/1457 584/1465/1458 944/1466/1459
f 43/64/64 1186/1467/1460 1816/65/65
f 535/1043/1039 1054/1468/1461 552/595/595
f 706/1469/1462 1375/1470/1463 1683/1471/1464
f 517/1472/1465 636/979/976 1746/981/978
f 1632/1473/1466 587/1474/1467 850/1475/1468
f 59/1059/1055 518/1476/1469 77/1060/1056
f 541/184/184 572/338/338 715/1477/1470
f 639/459/459 642/10/10 566/1478/1471
f 1695/327/327 566/1478/1471 2/328/328
f 17/607/607 690/609/609 1677/697/697
f 1291/1479/1472 980/1480/1473 1676/1481/1474
f 1087/1434/1427 1768/1482/1475 503/197/197
f 722/1483/1476 1012/1484/1477 963/1485/1478
f 1218/1486/1479 1842/1487/1480 1843/1488/1481
f 1013/1489/1482 252/1490/1483 962/193/193
f 523/1491/1484 957/1492/1485 1920/1493/1486
f 591/1013/1010 1011/1375/1368 957/1492/1485
f 377/1494/1487 1017/1269/1263 798/1138/1132
f 377/1494/1487 798/1138/1132 579/1140/1134
f 390/1224/1218 1313/1226/1220 813/1225/1219
f 776/854/852 1504/1495/1488 1038/1496/1489
f 1896/1497/1490 1755/1289/1282 405/1177/1171
f 872/1176/1170 1372/1498/1491 405/1177/1171
f 1372/1498/1491 1896/1497/1490 405/1177/1171
f 664/1197/1191 526/1290/1283 652/1198/1192
f 1583/923/920 528/1499/1492 1166/924/921
f 400/1265/1259 1358/1500/1493 1319/1501/1494
f 741/1502/1495 1277/1503/1496 692/1504/1497
f 801/946/943 1866/1505/1498 1412/1506/1499
f 1266/1507/1500 530/1508/1501 1375/1470/1463
f 390/1224/1218 813/1225/1219 1503/1509/1502
f 1416/1510/1503 1212/1511/1504 920/1512/1505
f 729/1513/1506 688/1155/1149 382/1157/1151
f 532/1514/1507 47/393/393 1640/392/392
f 970/849/847 1709/848/846 710/1515/1508
f 1300/383/383 533/1214/1208 604/1097/1093
f 1183/1369/1362 1874/1440/1433 1115/1516/1509
f 534/1154/1148 696/1153/1147 938/1517/1510
f 1019/1518/1511 30/545/545 767/543/543
f 808/1519/1512 1052/1520/1513 611/1521/1514
f 1262/1522/1515 1070/1236/1230 1196/1318/1311
f 772/1523/1516 54/1524/1517 1415/1525/1518
f 1795/1526/1519 1670/1527/1520 54/1524/1517
f 1270/1528/1521 692/1504/1497 1277/1503/1496
f 568/406/406 1271/1529/1522 632/407/407
f 538/1530/1523 563/361/361 338/360/360
f 1015/1531/1524 594/336/336 1153/1532/1525
f 1158/1533/1526 1280/1534/1527 384/1313/1306
f 630/1535/1528 1284/1536/1529 1912/1200/1194
f 610/1232/1226 540/1234/1228 1602/1537/1530
f 1406/1190/1184 1826/1192/1186 809/1538/1531
f 913/1063/1059 1717/1539/1532 1162/391/391
f 518/1476/1469 866/1540/1533 1869/1541/1534
f 759/432/432 627/182/182 1101/1542/1535
f 866/1540/1533 1101/1542/1535 1869/1541/1534
f 1187/1543/1536 861/295/295 1126/1544/1537
f 602/126/126 389/125/125 736/1545/1538
f 1188/1546/1539 1126/1544/1537 597/1298/1291
f 597/1298/1291 1585/1547/1540 1879/1548/1541
f 772/1523/1516 959/1163/1157 54/1524/1517
f 772/1523/1516 836/293/293 959/1163/1157
f 758/222/222 546/224/224 1649/733/733
f 716/372/372 1016/1549/1542 1015/1531/1524
f 1220/1550/1543 547/1551/1544 1791/1552/1545
f 709/1048/1044 1139/1050/1046 790/1553/1546
f 947/124/124 738/123/123 548/1181/1175
f 646/1554/1547 1315/1555/1548 589/1556/1549
f 38/203/203 35/1557/1550 1940/201/201
f 403/588/588 760/1279/1273 1492/1558/1551
f 1521/1559/1552 368/1560/1553 550/1561/1554
f 1740/1245/1239 368/1560/1553 511/1246/1240
f 551/852/850 33/1562/1555 816/850/848
f 770/620/620 1213/619/619 935/927/924
f 516/1563/1556 331/1564/1557 1399/1565/1558
f 1003/846/844 331/1564/1557 1776/1566/1559
f 917/1254/1248 553/1186/1180 731/1567/1560
f 1350/666/666 1359/665/665 1891/1568/1561
f 554/1569/1562 1475/1570/1563 571/1571/1564
f 796/1267/1261 1088/132/132 366/131/131
f 555/1572/1565 1594/1573/1566 336/1291/1284
f 15/79/79 1593/1574/1567 1010/1575/1568
f 1550/1576/1569 789/1449/1442 1340/1577/1570
f 386/1205/1199 954/1207/1201 995/1328/1321
f 586/1578/1571 557/1579/1572 1715/167/167
f 1788/1165/1159 1158/1533/1526 1286/1580/1573
f 510/1339/1332 558/1581/1574 1662/1582/1575
f 1886/102/102 1398/1583/1576 558/1581/1574
f 1151/1250/1244 1951/1584/1577 396/1248/1242
f 1619/1051/1047 1505/1585/1578 1915/1586/1579
f 1535/1281/1275 900/1587/1580 868/1282/99
f 371/101/101 1398/1583/1576 1886/102/102
f 413/1435/1428 561/1325/1318 170/1327/1320
f 645/1588/1581 508/1589/1582 876/62/62
f 1155/1057/1053 890/1058/1054 562/1590/1583
f 1156/185/185 694/187/187 1155/1057/1053
f 563/361/361 70/1426/1419 1189/1428/1421
f 594/336/336 1167/136/136 1153/1532/1525
f 696/1153/1147 1331/1260/1254 564/1591/1584
f 374/153/153 749/1592/1585 407/154/154
f 1417/1255/1249 1078/1256/1250 1672/1593/1586
f 917/1254/1248 977/1594/1587 1400/1595/1588
f 641/1377/1370 852/1596/1589 1389/1378/1371
f 1777/1597/1590 640/1598/1591 1487/1599/1592
f 1181/1315/1308 411/1314/1307 567/1317/1310
f 1330/1193/1187 1706/1600/1593 383/1194/1188
f 717/1601/1594 1269/1602/1595 1276/1603/1596
f 1270/1528/1521 1472/1604/810 1454/1605/1597
f 569/410/410 259/1606/1598 1678/1607/1599
f 259/1606/1598 1445/885/883 253/887/885
f 570/1608/1600 335/1062/1058 521/195/195
f 1233/1609/1601 963/1485/1478 570/1608/1600
f 1409/1330/1323 554/1569/1562 571/1571/1564
f 885/1213/1207 1570/1212/1206 871/1610/1602
f 572/338/338 1849/556/556 1631/555/555
f 1105/1611/1603 517/1472/1465 334/1612/1604
f 775/1149/1143 1669/1613/1605 1265/1614/1606
f 1265/1614/1606 1587/1615/1607 1404/1616/1608
f 1318/1113/1107 1327/109/109 1696/1617/1609
f 1327/109/109 851/1618/1610 1696/1617/1609
f 1264/1619/1611 575/1620/1612 1775/1621/1613
f 1412/1506/1499 1866/1505/1498 971/1622/1614
f 864/1623/1615 576/868/866 616/1251/1245
f 1625/1624/1616 1264/1619/1611 1775/1621/1613
f 339/266/266 1429/265/265 337/1070/1066
f 679/118/118 936/117/117 877/1625/1617
f 1384/761/761 578/1626/1618 1872/1627/1619
f 578/1626/1618 754/320/320 946/319/319
f 1635/1628/1620 394/1141/1135 372/1143/1137
f 1691/1629/1621 629/1630/1622 1723/1631/1623
f 580/1356/1349 1422/438/438 425/899/897
f 967/914/912 1298/1632/1624 1142/915/913
f 581/1633/1625 991/1204/1198 617/1201/1195
f 940/1634/1626 1937/1635/1627 1747/1636/1628
f 1817/369/369 582/371/371 1544/350/350
f 1219/1637/1629 563/361/361 538/1530/1523
f 1554/173/173 1064/1638/1630 1881/174/174
f 277/926/923 1064/1638/1630 1554/173/173
f 1185/1639/1631 515/1159/1153 1890/1640/1632
f 1898/1641/1633 1000/1642/1634 1207/1643/1635
f 1195/1644/1636 369/82/82 1515/81/81
f 683/1130/1124 1352/1645/1637 704/646/646
f 1006/1646/1638 1226/169/169 650/1647/1639
f 883/166/166 648/165/165 1005/1648/1640
f 662/994/991 301/992/989 847/1649/1641
f 883/166/166 79/339/339 670/341/341
f 867/204/204 254/206/206 1904/210/210
f 1903/1650/1642 1583/923/920 1613/1651/1643
f 403/588/588 589/1556/1549 886/589/589
f 403/588/588 646/1554/1547 589/1556/1549
f 1052/1520/1513 590/1237/1231 1054/1468/1461
f 1052/1520/1513 808/1519/1512 1029/1652/1644
f 1093/1653/1645 591/1013/1010 1558/1654/1646
f 957/1492/1485 523/1491/1484 591/1013/1010
f 1376/1655/1647 253/887/885 1342/1656/1648
f 810/859/857 1608/1657/1649 1242/405/405
f 593/1464/1457 944/1466/1459 140/643/643
f 985/564/564 1525/1658/1650 1383/565/565
f 546/224/224 777/1659/1651 1016/1549/1542
f 1356/1660/1652 1206/1661/1653 1357/1662/1654
f 653/1663/1655 461/1395/1388 1736/1394/1387
f 1456/1422/1415 1107/1664/1656 1215/1423/1416
f 1600/1665/1657 780/1249/1243 1135/1666/1658
f 255/805/805 1093/1653/1645 1558/1654/1646
f 1734/1667/1214 1623/1668/1659 1485/1669/1215
f 1623/1668/1659 922/1670/1660 1159/1671/1140
f 1689/1672/1661 598/355/355 1705/37/37
f 1689/1672/1661 1932/882/880 598/355/355
f 1906/1673/1662 599/191/191 962/193/193
f 1761/853/851 551/852/850 816/850/848
f 600/1674/1663 401/1268/1262 796/1267/1261
f 1145/1182/1176 1075/1675/1664 1653/1676/1665
f 1634/104/104 1354/106/106 601/1677/1666
f 601/1677/1666 1097/1678/1667 1518/1679/1668
f 602/126/126 736/1545/1538 1060/1680/1669
f 533/1214/1208 603/1215/1209 1488/1681/1670
f 258/1217/1211 1488/1681/1670 603/1215/1209
f 1192/353/353 986/472/472 1624/354/354
f 1349/448/448 1183/1369/1362 388/449/449
f 1183/1369/1362 1115/1516/1509 1731/1437/1430
f 1776/1566/1559 331/1564/1557 1022/1682/1671
f 1668/1683/1672 1768/1482/1475 1819/1684/1673
f 349/1685/1088 606/1095/1091 433/1686/1089
f 843/17/17 606/1095/1091 1907/1109/1103
f 818/699/699 607/631/631 1336/649/649
f 906/1687/1674 828/1688/1675 734/597/597
f 1591/1689/1676 608/1690/1256 1545/1691/1677
f 1424/1692/1305 1591/1689/1676 1059/1693/1290
f 609/1694/1678 134/650/650 1014/652/652
f 977/1594/1587 1852/1695/1679 1400/1595/1588
f 392/95/95 1639/1696/1680 232/96/96
f 14/1161/1155 687/1160/1154 1413/1697/1681
f 698/1453/1446 996/1455/1448 1584/1244/1238
f 130/591/591 1033/1698/1682 1597/592/592
f 612/1044/1040 412/578/578 1520/580/580
f 771/1699/1683 1572/931/928 1821/1700/1684
f 1067/1701/1685 657/1702/1686 587/1474/1467
f 662/994/991 847/1649/1641 620/995/992
f 924/1417/1410 614/1416/1409 480/1111/1105
f 556/1121/1115 994/1703/1687 1738/1208/1202
f 179/1704/1688 615/116/116 679/118/118
f 1617/1705/1689 993/1431/1424 1343/1432/1425
f 701/111/111 939/871/869 1023/1706/1690
f 714/1252/1246 1135/1666/1658 1858/1707/1691
f 478/1708/1692 581/1633/1625 617/1201/1195
f 478/1708/1692 1480/1413/1406 1387/585/585
f 912/1125/1119 1712/1709/1693 387/1710/1694
f 851/1618/1610 1712/1709/1693 1830/1711/1695
f 1911/912/910 1731/1437/1430 619/1439/1432
f 1911/912/910 1705/37/37 1650/36/36
f 848/557/557 647/1712/1696 1908/1713/1697
f 848/557/557 1908/1713/1697 1632/1473/1466
f 1176/1714/1698 621/1715/1699 537/1716/1700
f 1081/857/855 537/1716/1700 1794/858/856
f 622/1717/1701 30/545/545 1019/1518/1511
f 622/1717/1701 1490/1718/1702 30/545/545
f 341/416/416 1560/1410/1403 623/1719/1703
f 1628/335/335 477/134/134 1167/136/136
f 625/257/257 626/259/259 624/1720/1704
f 64/552/552 662/994/991 998/993/990
f 85/433/433 184/435/435 625/257/257
f 213/734/734 1905/776/776 627/182/182
f 626/259/259 212/553/553 663/1721/1705
f 626/259/259 663/1721/1705 624/1720/1704
f 973/1722/1706 625/257/257 1295/183/183
f 85/433/433 625/257/257 973/1722/1706
f 569/410/410 1678/1607/1599 628/1723/1707
f 628/1723/1707 1072/1724/1708 693/1725/1709
f 1179/1726/1710 1246/1727/1711 629/1630/1622
f 1246/1727/1711 989/1144/1138 1289/1135/1129
f 1279/1728/1712 1788/1165/1159 1286/1580/1573
f 545/1729/1713 1788/1165/1159 1279/1728/1712
f 631/1447/1440 789/1449/1442 1550/1576/1569
f 1076/1446/1439 1655/1337/1330 367/1119/1113
f 1922/1730/1714 632/407/407 1271/1529/1522
f 352/726/726 1083/725/725 795/1731/1715
f 14/1161/1155 1413/1697/1681 633/1732/1716
f 1675/644/644 1484/72/72 1308/645/645
f 634/180/180 1259/1733/1717 250/181/181
f 1779/1123/1117 1339/114/114 1573/1734/1718
f 735/974/971 635/973/970 655/150/150
f 652/1198/1192 526/1290/1283 1897/1735/1719
f 636/979/976 298/1736/1720 297/999/996
f 613/976/973 1925/1737/1721 657/1702/1686
f 1777/1597/1590 637/1015/1012 640/1598/1591
f 750/1738/1722 1326/1739/1723 1170/1740/1724
f 743/590/590 638/1741/1725 136/639/639
f 638/1741/1725 1486/676/676 136/639/639
f 639/459/459 1191/1025/1022 642/10/10
f 1491/1024/1021 318/1022/1019 639/459/459
f 1487/1599/1592 640/1598/1591 852/1596/1589
f 1302/457/457 639/459/459 566/1478/1471
f 641/1377/1370 1487/1599/1592 852/1596/1589
f 501/460/460 519/462/462 1306/75/75
f 642/10/10 186/12/12 2/328/328
f 566/1478/1471 642/10/10 2/328/328
f 643/351/351 343/1083/1079 78/785/785
f 1544/350/350 1835/479/479 643/351/351
f 494/826/824 239/825/823 644/1376/1369
f 494/826/824 1254/748/748 863/23/23
f 645/1588/1581 1682/1742/1726 413/1435/1428
f 1395/1322/1315 811/1743/1727 1873/1323/1316
f 1492/1558/1551 1687/1744/1728 403/588/588
f 676/1745/1729 948/1746/1730 1202/1747/1731
f 1067/1701/1685 613/976/973 657/1702/1686
f 670/341/341 302/340/340 613/976/973
f 914/1748/1732 1226/169/169 1006/1646/1638
f 914/1748/1732 1282/398/398 586/1578/1571
f 1157/1316/1309 1181/1315/1308 567/1317/1310
f 1255/381/381 1232/1749/1733 1122/971/968
f 1226/169/169 649/168/168 650/1647/1639
f 649/168/168 1232/1749/1733 1255/381/381
f 1105/1611/1603 651/1750/1734 517/1472/1465
f 1632/1473/1466 850/1475/1468 517/1472/1465
f 1895/1751/1735 1363/1752/1736 1428/1195/1189
f 635/973/970 1516/1753/1737 655/150/150
f 1370/989/986 653/1663/1655 595/990/987
f 595/990/987 653/1663/1655 1736/1394/1387
f 188/1754/1738 905/501/501 1316/919/916
f 1316/919/916 196/284/284 1614/283/283
f 655/150/150 527/1755/1739 1884/151/151
f 1516/1753/1737 527/1755/1739 655/150/150
f 656/1756/1740 376/1162/1156 539/1199/1193
f 630/1535/1528 1912/1200/1194 1474/1757/1741
f 636/979/976 657/1702/1686 298/1736/1720
f 850/1475/1468 636/979/976 517/1472/1465
f 541/184/184 1295/183/183 658/337/337
f 998/993/990 620/995/992 1849/556/556
f 659/1758/1742 1324/1759/1743 1707/1137/1131
f 676/1745/1729 1507/122/122 948/1746/1730
f 660/388/388 56/1760/1744 1704/1761/1745
f 1706/1600/1593 1098/148/148 383/1194/1188
f 1860/1762/1746 242/801/801 672/827/825
f 238/814/814 242/801/801 1860/1762/1746
f 120/703/703 301/992/989 662/994/991
f 212/553/553 120/703/703 665/554/554
f 663/1721/1705 64/552/552 998/993/990
f 663/1721/1705 212/553/553 64/552/552
f 1704/1761/1745 56/1760/1744 664/1197/1191
f 664/1197/1191 950/1288/1281 526/1290/1283
f 64/552/552 665/554/554 662/994/991
f 665/554/554 120/703/703 662/994/991
f 666/1379/1372 454/1381/1374 57/446/446
f 1918/300/300 666/1379/1372 57/446/446
f 667/775/775 211/738/738 215/739/739
f 211/738/738 667/775/775 183/434/434
f 238/814/814 661/828/826 668/831/829
f 1916/803/803 235/813/813 238/814/814
f 669/443/443 311/756/756 193/57/57
f 502/56/56 669/443/443 193/57/57
f 1067/1701/1685 670/341/341 613/976/973
f 1885/1763/1747 670/341/341 847/1649/1641
f 1531/1764/1748 225/783/783 671/1392/1385
f 671/1392/1385 225/783/783 1403/395/395
f 1860/1762/1746 672/827/825 1859/829/827
f 672/827/825 1772/837/835 240/836/834
f 1945/577/577 673/326/326 60/1383/1376
f 112/325/325 1248/322/322 673/326/326
f 674/575/575 1749/121/121 122/390/390
f 457/251/251 127/253/253 1748/576/576
f 675/1765/1749 1448/1766/1750 1307/962/959
f 1654/1767/1751 1324/1759/1743 659/1758/1742
f 1448/1766/1750 1325/1768/1752 35/1557/1550
f 1448/1766/1750 675/1765/1749 1325/1768/1752
f 677/1169/1163 1856/1769/1753 1144/1170/1164
f 868/99/99 900/1770/1580 1391/1771/1754
f 678/1175/1169 1497/1772/1755 19/1118/1112
f 1208/1340/1333 1076/1446/1439 1497/1772/1755
f 577/227/227 679/118/118 877/1625/1617
f 179/1704/1688 679/118/118 577/227/227
f 680/1773/1756 84/1341/1334 1471/1344/1337
f 988/1402/1395 53/1400/1393 1312/1774/1757
f 429/1185/1179 681/664/664 1350/666/666
f 728/1775/1758 1174/1366/1359 1826/1192/1186
f 1344/1776/1759 682/838/836 897/840/838
f 1796/1777/1760 1775/1621/1613 1344/1776/1759
f 1494/1307/1300 1080/1127/1121 1352/1645/1637
f 684/1128/1122 1080/1127/1121 1494/1307/1300
f 684/1128/1122 1494/1307/1300 1699/1306/1299
f 514/1458/1451 712/1148/1142 513/1459/1452
f 103/468/468 1103/498/498 96/1778/1761
f 96/1778/1761 910/255/255 74/254/254
f 686/1019/1016 1/830/828 1553/1020/1017
f 1/830/828 1201/804/804 1916/803/803
f 1913/1779/1762 705/1780/1763 1007/1781/1764
f 1913/1779/1762 1007/1781/1764 1638/1782/1765
f 688/1155/1149 1833/1783/1766 430/1156/1150
f 990/1359/1352 752/1348/1341 1833/1783/1766
f 937/877/875 1718/876/874 1427/1784/1767
f 783/948/945 1064/1638/1630 277/926/923
f 133/608/608 1040/1785/1768 690/609/609
f 1040/1785/1768 828/1688/1675 906/1687/1674
f 772/1523/1516 691/292/292 836/293/293
f 536/1786/1769 1265/1614/1606 1404/1616/1608
f 692/1504/1497 80/1787/796 1741/2/2
f 692/1504/1497 1270/1528/1521 1454/1605/1597
f 930/1433/1426 693/1725/1709 699/1788/1770
f 1915/1586/1579 628/1723/1707 693/1725/1709
f 715/1477/1470 572/338/338 1105/1611/1603
f 1105/1611/1603 572/338/338 651/1750/1734
f 509/171/171 1931/1789/1771 1660/1790/1772
f 1294/1791/1773 534/1154/1148 938/1517/1510
f 1496/1792/1774 374/153/153 769/539/539
f 374/153/153 1496/1792/1774 749/1592/1585
f 1829/1793/1775 1791/1552/1545 1717/1539/1532
f 1171/1794/1776 759/432/432 1101/1542/1535
f 869/1243/1237 698/1453/1446 1584/1244/1238
f 1367/1210/1204 1152/1247/1241 395/1211/1205
f 930/1433/1426 699/1788/1770 501/460/460
f 1671/30/30 315/461/461 501/460/460
f 1703/211/211 1904/210/210 254/206/206
f 36/1795/1777 908/864/862 1763/1240/1234
f 701/111/111 1023/1706/1690 396/1248/1242
f 701/111/111 396/1248/1242 1951/1584/1577
f 1698/1407/1400 702/1796/1778 476/1408/1401
f 1180/88/88 1656/1354/1347 424/1797/1779
f 1615/1798/1780 703/1799/1781 563/361/361
f 70/1426/1419 563/361/361 703/1799/1781
f 778/1129/1123 1898/1641/1633 926/1800/1782
f 926/1800/1782 1898/1641/1633 1207/1643/1635
f 705/1780/1763 1021/1233/1227 610/1232/1226
f 1338/1801/1783 835/648/648 1000/1642/1634
f 706/1469/1462 1683/1471/1464 516/1563/1556
f 815/1046/1042 707/1045/1041 1266/1507/1500
f 707/1045/1041 1929/1802/1784 1266/1507/1500
f 1071/579/579 1038/1496/1489 1520/580/580
f 708/1803/1785 54/1524/1517 1106/1804/1786
f 1415/1525/1518 54/1524/1517 708/1803/1785
f 1198/1805/1787 709/1048/1044 790/1553/1546
f 1218/1486/1479 1843/1488/1481 1012/1484/1477
f 710/1515/1508 1804/1806/1788 532/1514/1507
f 710/1515/1508 1645/1807/1789 1804/1806/1788
f 513/1459/1452 712/1148/1142 1699/1306/1299
f 1393/1461/1454 1699/1306/1299 1217/1462/1455
f 1477/1311/1304 1397/1808/1790 711/1809/1791
f 1477/1311/1304 410/238/238 1397/1808/1790
f 132/603/603 830/898/896 266/903/901
f 1050/905/903 826/1810/1792 829/906/904
f 714/1252/1246 1600/1665/1657 1135/1666/1658
f 1753/867/865 975/869/867 1360/1011/1008
f 1102/1811/1793 694/187/187 1267/186/186
f 518/1476/1469 1869/1541/1534 77/1060/1056
f 1356/1660/1652 41/139/139 1206/1661/1653
f 925/137/137 41/139/139 1356/1660/1652
f 1708/401/401 717/1601/1594 1272/1812/1794
f 717/1601/1594 1708/401/401 1269/1602/1595
f 718/1139/1133 1512/1813/1795 1836/1814/1796
f 1134/1242/1236 1057/1239/1233 820/205/205
f 1669/1613/1605 775/1149/1143 719/1151/1145
f 1585/1547/1540 597/1298/1291 1126/1544/1537
f 720/1815/1797 1095/1216/1210 258/1217/1211
f 26/1362/1355 1627/140/140 1177/1363/1356
f 721/862/860 259/1606/1598 569/410/410
f 976/860/858 721/862/860 569/410/410
f 722/1483/1476 1218/1486/1479 1012/1484/1477
f 525/843/841 1743/1227/1221 1524/844/842
f 723/1816/1798 257/966/963 288/965/962
f 1114/968/965 953/1817/1799 1438/875/873
f 724/155/155 1847/157/157 116/1818/1800
f 769/539/539 1090/540/540 1490/1718/1702
f 911/1819/1801 760/1279/1273 725/1278/1272
f 1665/1820/1802 726/929/926 1061/928/925
f 911/1819/1801 725/1278/1272 881/1821/1803
f 1058/1822/1804 940/1823/1626 1846/1824/1805
f 483/1418/1411 727/1420/1413 1541/1825/1806
f 404/1283/1276 1318/1113/1107 1697/1826/1807
f 729/1513/1506 382/1157/1151 1212/1511/1504
f 1582/1188/1182 1332/794/794 1892/1365/1358
f 729/1513/1506 1212/1511/1504 1416/1510/1503
f 1195/1644/1636 1515/81/81 1626/1827/1808
f 1065/1828/1809 421/1349/1342 1371/1829/1810
f 1065/1828/1809 739/1334/1327 1190/1333/1326
f 520/614/614 1110/1830/1811 731/1567/1560
f 1110/1830/1811 1546/1831/1812 977/1594/1587
f 1541/1825/1806 732/1286/1279 483/1418/1411
f 958/1230/1224 391/1229/1223 1004/1116/1110
f 1026/1832/1813 402/1272/1266 1041/1342/1335
f 1719/1833/1814 942/1273/1267 402/1272/1266
f 1549/1834/1815 734/597/597 1548/632/632
f 818/699/699 734/597/597 1549/1834/1815
f 735/974/971 655/150/150 979/149/149
f 304/987/984 1385/1835/1816 300/988/985
f 736/1836/1538 1581/1441/1434 1874/1440/1433
f 861/295/295 1187/1543/1536 736/1545/1538
f 1104/1837/1817 804/1167/1161 1355/1166/1160
f 738/123/123 1075/1675/1664 1145/1182/1176
f 659/1758/1742 380/1838/1818 738/123/123
f 738/123/123 380/1838/1818 1538/1839/1819
f 1065/1840/1809 881/1821/1803 1309/1841/1820
f 1058/1822/1804 1846/1824/1805 1309/1841/1820
f 1432/1326/1319 1377/1350/1343 12/67/67
f 422/240/240 1169/1842/1821 1123/569/569
f 741/1502/1495 1412/1506/1499 971/1622/1614
f 1176/1714/1698 529/811/811 1808/1843/1822
f 836/293/293 428/158/158 742/160/160
f 742/160/160 1118/1361/1354 27/1844/1823
f 743/590/590 1845/1845/1824 1523/1846/1825
f 1565/658/658 743/590/590 1529/638/638
f 377/1494/1487 579/1140/1134 744/1847/1826
f 629/1630/1622 1691/1629/1621 1179/1726/1710
f 745/874/872 283/956/953 284/955/952
f 1942/208/208 834/952/949 1288/954/951
f 746/1331/1324 921/1134/1128 1883/1136/1130
f 1573/1734/1718 1339/114/114 512/1848/1827
f 747/1068/1064 1827/1849/1828 1345/1850/1829
f 977/1594/1587 1827/1849/1828 1852/1695/1679
f 39/1851/1830 748/1852/1831 1658/959/956
f 1358/1500/1493 748/1852/1831 1319/1501/1494
f 1496/1792/1774 564/1591/1584 1818/1853/1832
f 1424/1312/1305 858/1296/1289 1323/1854/1833
f 1326/1739/1723 750/1738/1722 637/1015/1012
f 1919/1017/1014 1130/1014/1011 637/1015/1012
f 169/628/628 751/688/688 992/690/690
f 1844/630/630 751/688/688 169/628/628
f 1062/1855/1258 1065/1828/1809 1371/1829/1810
f 608/1690/1256 1062/1855/1258 1545/1691/1677
f 753/1856/1834 135/618/618 1193/847/845
f 1792/936/933 937/877/875 753/1856/1834
f 398/73/73 754/320/320 578/1626/1618
f 1203/1258/1252 1417/1255/1249 1672/1593/1586
f 1009/1857/1835 297/999/996 755/1858/1836
f 1420/760/760 297/999/996 846/1001/998
f 583/541/541 763/1859/1837 695/542/542
f 583/541/541 1840/947/944 763/1859/1837
f 757/1007/1004 1205/944/941 1204/1018/1015
f 1744/1860/1838 442/1012/1009 757/1007/1004
f 1950/1861/1839 758/222/222 1049/138/138
f 52/711/711 166/281/281 1047/282/282
f 1138/426/426 206/431/431 759/432/432
f 1138/426/426 759/432/432 1171/1794/1776
f 415/188/188 1451/190/190 760/1279/1273
f 549/1862/1840 1492/1558/1551 760/1279/1273
f 966/892/890 761/1398/1391 1346/287/287
f 463/420/420 1414/1401/1394 1461/421/421
f 611/1521/1514 1941/1863/1841 762/594/594
f 1584/1244/1238 996/1455/1448 1033/1698/1682
f 1815/1864/1842 1820/170/170 1814/172/172
f 1061/928/925 1066/1865/1843 1815/1864/1842
f 764/1101/1097 1348/1080/1076 987/1082/1078
f 1867/1866/1844 1560/1410/1403 1547/1867/1845
f 765/226/226 179/1704/1688 577/227/227
f 1348/1080/1076 764/1101/1097 1771/1103/1099
f 766/1868/1846 192/753/753 180/755/755
f 1881/174/174 1064/1638/1630 1530/1869/1847
f 30/545/545 1728/729/729 767/543/543
f 1530/1869/1847 766/1868/1846 180/755/755
f 509/171/171 1347/1445/1438 1931/1789/1771
f 1063/1442/1435 1851/1443/1436 1347/1445/1438
f 622/1717/1701 769/539/539 1490/1718/1702
f 1496/1792/1774 769/539/539 938/1517/1510
f 1380/1870/1848 770/620/620 935/927/924
f 1193/847/845 770/620/620 1380/1870/1848
f 771/1699/1683 128/932/929 1572/931/928
f 771/1699/1683 39/1851/1830 1658/959/956
f 536/1786/1769 691/292/292 1353/549/549
f 1910/548/548 536/1786/1769 1353/549/549
f 773/1295/1288 407/154/154 1692/1871/1849
f 1585/1547/1540 774/1150/1144 1879/1548/1541
f 774/1150/1144 1562/1872/1850 1879/1548/1541
f 907/152/152 1562/1872/1850 1163/1873/1851
f 775/1149/1143 1265/1614/1606 1848/1874/1852
f 1847/157/157 1418/156/156 775/1149/1143
f 1781/1875/1853 251/855/853 776/854/852
f 1572/931/928 278/933/930 1071/579/579
f 546/224/224 1231/334/334 777/1659/1651
f 777/1659/1651 1867/1866/1844 477/134/134
f 1588/1876/1854 1217/1462/1455 926/1800/1782
f 969/1303/1296 1217/1462/1455 1589/1304/1297
f 1203/1258/1252 1672/1593/1586 779/1259/1253
f 397/1877/1855 1853/1878/1856 997/1253/1247
f 1674/1054/1050 596/1879/1857 255/805/805
f 1674/1054/1050 255/805/805 1579/1055/1051
f 1465/1347/1340 1216/1880/1858 465/1345/1338
f 1041/1342/1335 680/1773/1756 419/1881/1859
f 782/291/291 1216/1880/1858 1465/1347/1340
f 781/1396/1389 964/289/289 782/291/291
f 689/1882/1860 783/948/945 277/926/923
f 1718/876/874 257/966/963 1245/950/947
f 344/199/199 59/1059/1055 1345/1850/1829
f 894/1064/1060 916/1069/1065 1440/1065/1061
f 390/1224/1218 785/1223/1217 1313/1226/1220
f 785/1223/1217 599/191/191 1906/1673/1662
f 786/1463/1456 1540/1883/1861 740/1884/1862
f 1159/1146/1140 712/1148/1142 514/1458/1451
f 1540/1883/1861 787/234/234 740/1884/1862
f 740/1884/1862 1169/1842/1821 1377/1350/1343
f 558/1581/1574 788/1448/1441 631/1447/1440
f 1511/1171/1165 1144/1170/1164 1354/106/106
f 789/1449/1442 386/1205/1199 1340/1577/1570
f 1354/106/106 1290/105/105 789/1449/1442
f 1198/1805/1787 790/1553/1546 1241/1885/1863
f 1829/1793/1775 1220/1550/1543 1791/1552/1545
f 1658/959/956 276/934/931 128/932/929
f 1658/959/956 128/932/929 771/1699/1683
f 1531/1764/1748 1018/751/751 792/752/752
f 1531/1764/1748 1184/349/349 225/783/783
f 614/1416/1409 793/107/107 143/1112/1106
f 1570/1212/1206 1778/1886/1864 871/1610/1602
f 794/100/100 371/101/101 1498/103/103
f 991/1204/1198 385/1202/1196 617/1201/1195
f 795/1731/1715 1083/725/725 1082/1887/1865
f 1445/885/883 1273/861/859 81/886/884
f 954/1207/1201 600/1674/1663 1651/1888/1866
f 554/1569/1562 1651/1888/1866 1475/1570/1563
f 319/7/7 1378/1028/1025 797/1027/1024
f 1620/4/4 1094/1030/1027 319/7/7
f 798/1138/1132 524/1168/1162 718/1139/1133
f 1663/1271/1265 798/1138/1132 1017/1269/1263
f 800/1457/1450 799/1132/1126 1259/1733/1717
f 1648/1266/1260 1172/1889/1867 1320/213/213
f 800/1457/1450 1647/1890/1868 799/1132/1126
f 372/1143/1137 400/1265/1259 1700/1891/1869
f 1292/1892/3 1759/1893/1870 235/813/813
f 822/943/940 1751/802/802 1201/804/804
f 802/269/269 873/268/268 1384/761/761
f 303/484/484 1381/483/483 194/758/758
f 1506/550/550 772/1523/1516 118/777/777
f 865/730/730 118/777/777 214/706/706
f 804/1167/1161 1104/1837/1817 1551/865/863
f 1057/1239/1233 36/1795/1777 1763/1240/1234
f 720/1815/1797 258/1217/1211 805/141/141
f 986/472/472 258/1217/1211 1624/354/354
f 38/203/203 806/866/864 285/961/958
f 285/961/958 806/866/864 1230/967/964
f 807/641/641 574/657/657 1304/642/642
f 1696/1617/1609 851/1618/1610 1830/1711/1695
f 1936/1894/1871 1070/1236/1230 1262/1522/1515
f 250/181/181 1034/1451/1444 899/179/179
f 1602/1537/1530 1406/1190/1184 809/1538/1531
f 232/96/96 1701/1895/1872 565/97/97
f 1342/1656/1648 253/887/885 810/859/857
f 253/887/885 81/886/884 810/859/857
f 811/1743/1727 645/1588/1581 1873/1323/1316
f 811/1743/1727 1690/1896/1873 645/1588/1581
f 410/238/238 812/1310/1303 990/1359/1352
f 812/1310/1303 410/238/238 1477/1311/1304
f 813/1225/1219 1743/1227/1221 525/843/841
f 525/843/841 1503/1509/1502 813/1225/1219
f 1921/1319/1312 1196/1318/1311 814/1321/1314
f 1146/1897/1874 412/578/578 612/1044/1040
f 1031/1898/1875 815/1046/1042 706/1469/1462
f 590/1237/1231 815/1046/1042 1031/1898/1875
f 816/850/848 970/849/847 1711/1899/1876
f 816/850/848 1711/1899/1876 785/1223/1217
f 817/615/615 1948/1900/1877 134/650/650
f 1767/613/613 817/615/615 134/650/650
f 690/609/609 1040/1785/1768 1606/1901/1878
f 690/609/609 1948/1900/1877 1949/698/698
f 819/1206/1200 1518/1679/1668 954/1207/1201
f 601/1677/1666 1518/1679/1668 1634/104/104
f 1134/1242/1236 820/205/205 1512/1813/1795
f 820/205/205 1612/1902/1879 394/1141/1135
f 151/1903/1880 821/685/685 1754/600/600
f 169/628/628 992/690/690 1136/667/667
f 822/943/940 1292/1892/3 1751/802/802
f 822/943/940 1096/1904/840 801/1905/943
f 823/581/581 1116/583/583 932/920/917
f 888/958/955 1499/957/954 1684/1906/1881
f 393/1133/1127 1648/1266/1260 824/215/215
f 824/215/215 814/1321/1314 1196/1318/1311
f 734/597/597 825/94/94 268/910/908
f 1601/1907/1882 827/911/909 268/910/908
f 830/898/896 826/1810/1792 1050/905/903
f 713/84/84 495/86/86 1750/1908/1883
f 1601/1907/1882 485/1909/1884 827/911/909
f 485/1909/1884 16/1285/1278 1334/1284/1277
f 159/671/671 1046/670/670 828/1688/1675
f 146/606/606 1237/605/605 1048/596/596
f 261/604/604 829/906/904 1237/605/605
f 271/890/888 829/906/904 261/604/604
f 830/898/896 713/84/84 1750/1908/1883
f 1652/897/895 713/84/84 830/898/896
f 831/364/364 482/456/456 220/787/787
f 831/364/364 220/787/787 1801/519/519
f 829/906/904 832/93/93 1237/605/605
f 826/1810/1792 832/93/93 829/906/904
f 109/453/453 833/702/702 443/454/454
f 93/517/517 833/702/702 109/453/453
f 745/874/872 834/952/949 283/956/953
f 745/874/872 256/951/948 834/952/949
f 835/648/648 585/91/91 375/90/90
f 1590/1910/1885 835/648/648 1021/1233/1227
f 836/293/293 742/160/160 27/1844/1823
f 959/1163/1157 836/293/293 1285/1164/1158
f 1020/45/45 114/47/47 837/526/526
f 114/47/47 224/782/782 837/526/526
f 10/54/54 1234/55/55 838/893/891
f 62/331/331 10/54/54 839/332/332
f 839/332/332 10/54/54 838/893/891
f 1042/529/529 838/893/891 1043/895/893
f 840/110/110 1376/1655/1647 592/884/882
f 559/1911/1886 259/1606/1598 840/110/110
f 456/1352/1345 841/1390/1383 423/1384/1377
f 1592/247/247 455/246/246 841/1390/1383
f 364/16/16 351/414/414 842/1099/1095
f 358/727/727 842/1099/1095 351/414/414
f 362/1100/1096 361/1104/1100 843/17/17
f 361/1104/1100 606/1095/1091 843/17/17
f 844/1411/1404 1747/1636/1628 1387/585/585
f 1846/1912/1805 940/1634/1626 1747/1636/1628
f 489/1414/1407 845/85/85 713/84/84
f 489/1414/1407 1074/1173/1167 845/85/85
f 1773/1000/997 303/484/484 846/1001/998
f 303/484/484 194/758/758 846/1001/998
f 847/1649/1641 670/341/341 1067/1701/1685
f 847/1649/1641 647/1712/1696 620/995/992
f 620/995/992 647/1712/1696 848/557/557
f 1849/556/556 620/995/992 848/557/557
f 849/977/974 1575/996/993 1574/978/975
f 657/1702/1686 1925/1737/1721 298/1736/1720
f 587/1474/1467 657/1702/1686 850/1475/1468
f 850/1475/1468 657/1702/1686 636/979/976
f 1888/1913/1887 1712/1709/1693 851/1618/1610
f 1539/108/108 885/1213/1207 1888/1913/1887
f 852/1596/1589 566/1478/1471 1695/327/327
f 1302/457/457 566/1478/1471 852/1596/1589
f 1211/1293/1286 853/1066/1062 1147/1294/1287
f 1876/1061/1057 77/1060/1056 1156/185/185
f 1608/1657/1649 854/403/403 1242/405/405
f 1176/1714/1698 1808/1843/1822 621/1715/1699
f 855/145/145 58/312/312 1462/1914/1888
f 1458/1915/1889 855/145/145 1462/1914/1888
f 1839/856/854 251/855/853 856/1222/1216
f 251/855/853 286/921/918 1379/851/849
f 857/568/568 1525/1658/1650 985/564/564
f 1408/239/239 1108/241/241 123/562/562
f 1818/1853/1832 564/1591/1584 858/1296/1289
f 773/1295/1288 1692/1871/1849 858/1296/1289
f 859/938/935 279/1916/1890 1641/939/936
f 290/1110/1104 1114/968/965 1514/969/966
f 859/938/935 860/937/934 1686/970/967
f 286/921/918 860/937/934 1379/851/849
f 389/125/125 861/295/295 736/1545/1538
f 861/295/295 389/125/125 1001/127/127
f 1239/1917/1891 1926/308/308 862/219/219
f 1254/748/748 4/749/749 863/23/23
f 862/219/219 1436/221/221 1199/744/744
f 1239/1917/1891 862/219/219 1199/744/744
f 864/1623/1615 616/1251/1245 249/404/404
f 854/403/403 1774/812/812 249/404/404
f 1694/754/754 803/547/547 865/730/730
f 865/730/730 1506/550/550 118/777/777
f 697/1918/1892 542/1919/1893 866/1540/1533
f 697/1918/1892 866/1540/1533 518/1476/1469
f 1613/1651/1643 1583/923/920 1358/1500/1493
f 394/1141/1135 1612/1902/1879 588/1142/1136
f 794/100/100 868/99/99 371/101/101
f 868/99/99 1391/1771/1754 371/101/101
f 869/1243/1237 395/1211/1205 698/1453/1446
f 912/1125/1119 1523/1846/1825 22/661/661
f 614/1416/1409 870/1920/1894 793/107/107
f 994/1703/1687 995/1328/1321 1409/1330/1323
f 1778/1886/1864 1917/1921/1895 871/1610/1602
f 1522/1332/1325 746/1331/1324 1085/113/113
f 1884/151/151 1372/1498/1491 872/1176/1170
f 653/1663/1655 1107/1664/1656 461/1395/1388
f 873/268/268 140/643/643 1384/761/761
f 1383/565/565 1525/1658/1650 140/643/643
f 108/512/512 1446/518/518 293/513/513
f 50/516/516 875/41/41 1770/766/766
f 875/41/41 1446/518/518 108/512/512
f 1797/523/523 874/365/365 875/41/41
f 413/1435/1428 1682/1742/1726 561/1325/1318
f 1681/1219/1213 786/1463/1456 561/1325/1318
f 1618/1071/1067 577/227/227 877/1625/1617
f 1618/1071/1067 1619/1051/1047 20/1053/1049
f 516/1563/1556 1683/1471/1464 331/1564/1557
f 331/1564/1557 1683/1471/1464 1022/1682/1671
f 879/710/710 166/281/281 52/711/711
f 879/710/710 1783/762/762 1263/788/788
f 72/482/482 99/481/481 880/480/480
f 1862/379/379 1112/768/768 1305/270/270
f 1534/941/938 881/1821/1803 882/942/939
f 1534/941/938 911/1819/1801 881/1821/1803
f 882/942/939 881/1821/1803 1850/1922/1896
f 1938/1444/1437 1851/1443/1436 1850/1922/1896
f 1410/732/732 1885/1763/1747 301/992/989
f 301/992/989 1885/1763/1747 847/1649/1641
f 884/689/689 139/686/686 992/690/690
f 1528/656/656 1565/658/658 1529/638/638
f 885/1213/1207 871/1610/1602 550/1561/1554
f 1595/1209/1203 885/1213/1207 1367/1210/1204
f 1937/1635/1627 940/1634/1626 886/1923/589
f 1382/1203/1197 991/1204/1198 581/1633/1625
f 887/1456/1449 800/1457/1450 1259/1733/1717
f 634/180/180 1573/1734/1718 1259/1733/1717
f 284/955/952 1499/957/954 888/958/955
f 528/1499/1492 961/1924/1897 1166/924/921
f 555/1572/1565 336/1291/1284 889/1292/1285
f 562/1590/1583 890/1058/1054 889/1292/1285
f 555/1572/1565 889/1292/1285 890/1058/1054
f 755/1858/1836 1008/1925/1898 1009/1857/1835
f 891/1926/1899 1090/540/540 116/1818/1800
f 1490/1718/1702 1341/546/546 30/545/545
f 262/889/887 265/891/889 892/908/906
f 117/44/44 262/889/887 1221/1927/1900
f 1131/256/256 1443/1928/1901 893/323/323
f 1248/322/322 112/325/325 893/323/323
f 889/1292/1285 336/1291/1284 1211/1293/1286
f 779/1259/1253 1598/1929/1902 336/1291/1284
f 895/38/38 1298/1632/1624 967/914/912
f 1705/37/37 896/356/356 895/38/38
f 1298/1632/1624 895/38/38 896/356/356
f 1478/1930/1903 67/436/436 580/1356/1349
f 757/1007/1004 442/1012/1009 897/840/838
f 975/869/867 442/1012/1009 1360/1011/1008
f 1637/422/422 898/288/288 463/420/420
f 1236/1335/1328 1798/1931/1904 1044/1336/1329
f 899/179/179 1034/1451/1444 1335/1450/1443
f 511/1246/1240 368/1560/1553 1314/1124/1118
f 900/1587/1580 548/1181/1175 1605/1180/1174
f 900/1770/1580 1856/1769/1753 1391/1771/1754
f 376/1162/1156 901/147/147 539/1199/1193
f 1458/1915/1889 203/303/303 902/302/302
f 1098/148/148 901/147/147 902/302/302
f 901/147/147 376/1162/1156 902/302/302
f 903/1932/1905 1107/1664/1656 653/1663/1655
f 1370/989/986 903/1932/1905 653/1663/1655
f 952/502/502 904/230/230 1603/1933/1906
f 904/230/230 925/137/137 1018/751/751
f 104/495/495 905/501/501 952/502/502
f 1316/919/916 905/501/501 104/495/495
f 906/1687/1674 734/597/597 818/699/699
f 1948/1900/1877 818/699/699 134/650/650
f 1090/540/540 1163/1873/1851 724/155/155
f 116/1818/1800 1090/540/540 724/155/155
f 908/864/862 1813/1934/1907 700/873/871
f 1763/1240/1234 908/864/862 1703/211/211
f 86/439/439 1875/558/558 909/52/52
f 425/899/897 1422/438/438 1423/1355/1348
f 96/1778/1761 685/1935/1908 910/255/255
f 1439/471/471 119/514/514 1020/45/45
f 1666/1936/1909 911/1819/1801 1534/941/938
f 760/1279/1273 911/1819/1801 1666/1936/1909
f 395/1211/1205 869/1243/1237 912/1125/1119
f 912/1125/1119 387/1710/1694 395/1211/1205
f 1241/1885/1863 1829/1793/1775 1828/1086/1082
f 1241/1885/1863 1220/1550/1543 1829/1793/1775
f 1253/1937/1910 914/1748/1732 1716/1938/1911
f 1481/399/399 1282/398/398 914/1748/1732
f 187/532/532 198/531/531 915/474/474
f 915/474/474 198/531/531 1039/764/764
f 747/1068/1064 1345/1850/1829 916/1069/1065
f 1440/1065/1061 916/1069/1065 1345/1850/1829
f 917/1254/1248 1400/1595/1588 1078/1256/1250
f 1701/1895/1872 917/1254/1248 565/97/97
f 411/1314/1307 918/1939/1912 567/1317/1310
f 539/1199/1193 1283/146/146 1280/1534/1527
f 1382/1940/1197 589/1556/1549 919/1941/98
f 589/1556/1549 1315/1555/1548 1301/1280/1274
f 920/1512/1505 1893/1191/1185 1406/1190/1184
f 1021/1233/1227 1646/1187/1181 540/1234/1228
f 1723/1631/1623 629/1630/1622 921/1134/1128
f 1522/1332/1325 1723/1631/1623 921/1134/1128
f 1159/1146/1140 922/1942/1660 1609/1147/1141
f 1059/1693/1290 1591/1689/1676 373/1309/1302
f 308/975/972 923/1003/1000 99/481/481
f 923/1003/1000 310/982/979 99/481/481
f 1738/1208/1202 614/1416/1409 924/1417/1410
f 414/1409/1402 924/1417/1410 1685/1114/1108
f 1018/751/751 925/137/137 191/370/370
f 925/137/137 1356/1660/1652 191/370/370
f 926/1800/1782 1207/1643/1635 1185/1639/1631
f 1588/1876/1854 926/1800/1782 1186/1467/1460
f 1268/1338/1331 927/1943/1913 510/1339/1332
f 927/1943/1913 558/1581/1574 510/1339/1332
f 928/1944/1914 417/1120/1114 1303/1945/1915
f 928/1944/1914 631/1447/1440 1550/1576/1569
f 699/1788/1770 929/806/806 501/460/460
f 1579/1055/1051 255/805/805 929/806/806
f 333/1052/1048 693/1725/1709 930/1433/1426
f 20/1053/1049 333/1052/1048 930/1433/1426
f 931/894/892 1036/902/900 1035/1946/1916
f 1030/909/907 1223/901/899 1036/902/900
f 1543/935/932 1684/1906/1881 932/920/917
f 1684/1906/1881 823/581/581 932/920/917
f 1248/322/322 933/324/324 263/248/248
f 263/248/248 1798/1931/1904 1236/1335/1328
f 692/1504/1497 1741/2/2 934/1/1
f 692/1504/1497 1412/1506/1499 741/1502/1495
f 551/852/850 935/927/924 33/1562/1555
f 33/1562/1555 1390/176/176 1667/423/423
f 936/117/117 569/410/410 628/1723/1707
f 936/117/117 1505/1585/1578 877/1625/1617
f 753/1856/1834 937/877/875 135/618/618
f 135/618/618 937/877/875 1427/1784/1767
f 938/1517/1510 622/1717/1701 1294/1791/1773
f 938/1517/1510 769/539/539 622/1717/1701
f 592/884/882 939/871/869 701/111/111
f 1342/1656/1648 810/859/857 1242/405/405
f 940/1823/1626 1568/587/587 886/589/589
f 940/1823/1626 1058/1822/1804 1568/587/587
f 941/1438/1431 1689/1672/1661 1705/37/37
f 508/1589/1582 1386/60/60 876/62/62
f 416/1276/1270 942/1273/1267 1719/1833/1814
f 1045/1947/1917 898/288/288 1637/422/422
f 1782/427/427 943/429/429 13/430/430
f 13/430/430 943/429/429 1577/772/772
f 584/1465/1458 1890/1640/1632 944/1466/1459
f 1675/644/644 1596/1948/1918 1484/72/72
f 945/194/194 532/1514/1507 1640/392/392
f 1220/1550/1543 1139/1050/1046 547/1551/1544
f 15/79/79 946/319/319 1133/321/321
f 1533/759/759 15/79/79 1688/78/78
f 646/1554/1547 1673/1949/1919 548/1181/1175
f 1202/1747/1731 948/1746/1730 1687/1744/1728
f 948/1746/1730 1507/122/122 1673/1949/1919
f 1687/1744/1728 948/1746/1730 1673/1949/1919
f 383/1194/1188 1895/1751/1735 1428/1195/1189
f 383/1194/1188 660/388/388 1704/1761/1745
f 56/1760/1744 950/1288/1281 664/1197/1191
f 203/303/303 1154/314/314 1457/304/304
f 1297/313/313 25/245/245 1450/387/387
f 1297/313/313 1032/500/500 1633/1950/1920
f 952/502/502 1603/1933/1906 1310/232/232
f 1633/1950/1920 1032/500/500 102/494/494
f 953/1817/1799 723/1816/1798 288/965/962
f 1230/967/964 1800/879/877 1092/878/876
f 1834/1329/1322 954/1207/1201 1651/1888/1866
f 995/1328/1321 954/1207/1201 1834/1329/1322
f 955/1358/1351 752/1348/1341 990/1359/1352
f 1062/1855/1258 1371/1829/1810 1545/1691/1677
f 218/275/275 105/465/465 956/276/276
f 1117/503/503 207/505/505 956/276/276
f 1920/1493/1486 957/1492/1485 314/1016/1013
f 957/1492/1485 1011/1375/1368 1405/1951/1921
f 732/1286/1279 16/1285/1278 958/1230/1224
f 958/1230/1224 1004/1116/1110 732/1286/1279
f 959/1163/1157 1788/1165/1159 545/1729/1713
f 1281/1952/1922 1735/397/397 1670/1527/1520
f 113/142/142 960/1364/1357 1627/140/140
f 113/142/142 168/714/714 1934/530/530
f 961/1924/1897 745/874/872 284/955/952
f 961/1924/1897 284/955/952 888/958/955
f 522/1049/1045 962/193/193 945/194/194
f 1013/1489/1482 962/193/193 1842/1487/1480
f 605/1047/1043 963/1485/1478 1233/1609/1601
f 605/1047/1043 722/1483/1476 963/1485/1478
f 781/1396/1389 461/1395/1388 964/289/289
f 964/289/289 1456/1422/1415 1807/1424/1417
f 965/647/647 585/91/91 835/648/648
f 1352/1645/1637 369/82/82 1195/1644/1636
f 486/900/898 966/892/890 1036/902/900
f 486/900/898 1421/51/51 966/892/890
f 1227/916/914 967/914/912 270/913/911
f 7/43/43 1650/36/36 265/891/889
f 968/1953/1923 967/914/912 1227/916/914
f 1880/1954/1924 895/38/38 967/914/912
f 409/235/235 969/1303/1296 124/236/236
f 409/235/235 1393/1461/1454 969/1303/1296
f 599/191/191 970/849/847 1396/192/192
f 970/849/847 710/1515/1508 532/1514/1507
f 1790/1955/1925 971/1622/1614 529/811/811
f 1264/1619/1611 971/1622/1614 575/1620/1612
f 972/1158/1152 392/95/95 398/73/73
f 392/95/95 1638/1782/1765 1639/1696/1680
f 627/182/182 1905/776/776 973/1722/1706
f 627/182/182 973/1722/1706 1295/183/183
f 236/24/24 863/23/23 974/29/29
f 974/29/29 863/23/23 1239/1917/1891
f 1344/1776/1759 897/840/838 975/869/867
f 897/840/838 442/1012/1009 975/869/867
f 352/726/726 795/1731/1715 1607/1956/1926
f 1256/417/417 352/726/726 1607/1956/1926
f 731/1567/1560 1110/1830/1811 977/1594/1587
f 917/1254/1248 731/1567/1560 977/1594/1587
f 978/470/470 119/514/514 1439/471/471
f 978/470/470 108/512/512 119/514/514
f 1909/1957/1927 735/974/971 979/149/149
f 1909/1957/1927 1370/989/986 299/991/988
f 980/1480/1473 17/607/607 1677/697/697
f 1431/795/795 144/662/662 17/607/607
f 1934/530/530 187/532/532 981/159/159
f 981/159/159 187/532/532 1459/746/746
f 1824/487/487 982/242/242 1312/1774/1757
f 1824/487/487 1337/53/53 982/242/242
f 983/1958/1928 97/489/489 984/713/713
f 97/489/489 983/1958/1928 1299/1959/1929
f 983/1958/1928 984/713/713 168/714/714
f 168/714/714 984/713/713 1229/712/712
f 123/562/562 1823/1960/1930 1489/566/566
f 123/562/562 1108/241/241 1823/1960/1930
f 258/1217/1211 986/472/472 805/141/141
f 805/141/141 986/472/472 113/142/142
f 1547/1867/1845 764/1101/1097 987/1082/1078
f 1547/1867/1845 987/1082/1078 1542/135/135
f 680/1773/1756 988/1402/1395 84/1341/1334
f 942/1273/1267 1461/421/421 1419/1274/1268
f 1882/1145/1139 989/1144/1138 800/1457/1450
f 989/1144/1138 1647/1890/1868 800/1457/1450
f 410/238/238 990/1359/1352 1564/83/83
f 990/1359/1352 1833/1783/1766 688/1155/1149
f 919/98/98 794/100/100 991/1204/1198
f 991/1204/1198 794/100/100 385/1202/1196
f 151/1903/1880 992/690/690 821/685/685
f 992/690/690 139/686/686 821/685/685
f 993/1431/1424 499/418/418 1275/1430/1423
f 1560/1410/1403 499/418/418 1825/1102/1098
f 994/1703/1687 1409/1330/1323 614/1416/1409
f 994/1703/1687 614/1416/1409 1738/1208/1202
f 1923/1961/1931 995/1328/1321 994/1703/1687
f 1340/1577/1570 386/1205/1199 995/1328/1321
f 996/1455/1448 611/1521/1514 1033/1698/1682
f 1402/1452/1445 1034/1451/1444 611/1521/1514
f 397/1877/1855 997/1253/1247 779/1259/1253
f 779/1259/1253 997/1253/1247 1598/1929/1902
f 624/1720/1704 998/993/990 1849/556/556
f 624/1720/1704 663/1721/1705 998/993/990
f 999/881/879 1933/883/881 67/436/436
f 1478/1930/1903 999/881/879 67/436/436
f 835/648/648 1590/1910/1885 1214/1235/1229
f 1214/1235/1229 705/1780/1763 1913/1779/1762
f 1001/127/127 1587/1615/1607 1265/1614/1606
f 1095/1216/1210 1001/127/127 602/126/126
f 762/594/594 1002/593/593 1597/592/592
f 1002/593/593 1137/654/654 1597/592/592
f 552/595/595 1003/846/844 1002/593/593
f 1399/1565/1558 331/1564/1557 1003/846/844
f 1004/1116/1110 1500/1115/1109 483/1418/1411
f 732/1286/1279 1004/1116/1110 483/1418/1411
f 883/166/166 1005/1648/1640 79/339/339
f 1253/1937/1910 1716/1938/1911 1005/1648/1640
f 79/339/339 1238/1962/1932 1832/1006/1003
f 1005/1648/1640 1238/1962/1932 79/339/339
f 1007/1781/1764 705/1780/1763 610/1232/1226
f 1639/1696/1680 610/1232/1226 1602/1537/1530
f 1010/1575/1568 555/1572/1565 1009/1857/1835
f 1010/1575/1568 1593/1574/1567 555/1572/1565
f 890/1058/1054 297/999/996 1009/1857/1835
f 1009/1857/1835 555/1572/1565 890/1058/1054
f 1863/80/80 1010/1575/1568 1009/1857/1835
f 1863/80/80 15/79/79 1010/1575/1568
f 1011/1375/1368 313/1010/1007 1405/1951/1921
f 1744/1860/1838 757/1007/1004 1204/1018/1015
f 963/1485/1478 1012/1484/1477 1198/1805/1787
f 1012/1484/1477 1843/1488/1481 1198/1805/1787
f 332/1963/1933 252/1490/1483 1013/1489/1482
f 722/1483/1476 332/1963/1933 1218/1486/1479
f 1014/652/652 1630/651/651 1899/674/674
f 977/1594/1587 1546/1831/1812 1827/1849/1828
f 716/372/372 1015/1531/1524 582/371/371
f 582/371/371 1219/1637/1629 538/1530/1523
f 1016/1549/1542 1628/335/335 594/336/336
f 1015/1531/1524 1016/1549/1542 594/336/336
f 401/1268/1262 1017/1269/1263 377/1494/1487
f 600/1674/1663 1097/1678/1667 401/1268/1262
f 1603/1933/1906 1018/751/751 1531/1764/1748
f 904/230/230 1018/751/751 1603/1933/1906
f 695/542/542 1019/1518/1511 767/543/543
f 1660/1790/1772 1931/1789/1771 1294/1791/1773
f 910/255/255 1020/45/45 837/526/526
f 910/255/255 685/1935/1908 1020/45/45
f 1021/1233/1227 835/648/648 375/90/90
f 1021/1233/1227 375/90/90 1646/1187/1181
f 1022/1682/1671 1683/1471/1464 605/1047/1043
f 1668/1683/1672 605/1047/1043 1233/1609/1601
f 616/1251/1245 714/1252/1246 1858/1707/1691
f 249/404/404 616/1251/1245 1803/870/868
f 1024/621/621 1840/947/944 1470/949/946
f 1470/949/946 723/1816/1798 1769/202/202
f 567/1317/1310 1786/1964/1934 1642/985/982
f 918/1939/1912 1330/1193/1187 567/1317/1310
f 733/1277/1271 416/1276/1270 1719/1833/1814
f 733/1277/1271 1447/290/290 484/1351/1344
f 423/1384/1377 464/1386/1379 1027/249/249
f 1373/1421/1414 423/1384/1377 1713/1275/1269
f 1028/1238/1232 612/1044/1040 815/1046/1042
f 1146/1897/1874 612/1044/1040 1921/1319/1312
f 1029/1652/1644 590/1237/1231 1052/1520/1513
f 590/1237/1231 1442/1320/1313 1028/1238/1232
f 1252/907/905 1030/909/907 1036/902/900
f 892/908/906 1030/909/907 1252/907/905
f 1031/1898/1875 706/1469/1462 516/1563/1556
f 1399/1565/1558 1054/1468/1461 516/1563/1556
f 104/495/495 952/502/502 1032/500/500
f 1032/500/500 952/502/502 102/494/494
f 1033/1698/1682 762/594/594 1597/592/592
f 1033/1698/1682 611/1521/1514 762/594/594
f 1034/1451/1444 808/1519/1512 611/1521/1514
f 1034/1451/1444 1070/1236/1230 1936/1894/1871
f 1035/1946/1916 898/288/288 1045/1947/1917
f 1035/1946/1916 267/286/286 898/288/288
f 1036/902/900 966/892/890 267/286/286
f 1036/902/900 267/286/286 1035/1946/1916
f 1037/1178/1172 75/1287/1280 379/1353/1346
f 1215/1423/1416 1373/1421/1414 484/1351/1344
f 1038/1496/1489 1504/1495/1488 1503/1509/1502
f 1929/1802/1784 530/1508/1501 1266/1507/1500
f 1039/764/764 196/284/284 1316/919/916
f 1039/764/764 879/710/710 1260/709/709
f 133/608/608 159/671/671 1040/1785/1768
f 159/671/671 828/1688/1675 1040/1785/1768
f 1041/1342/1335 419/1881/1859 1810/1965/1935
f 1026/1832/1813 1041/1342/1335 1810/1965/1935
f 45/528/528 839/332/332 1042/529/529
f 1042/529/529 839/332/332 838/893/891
f 1798/1931/1904 1043/895/893 1044/1336/1329
f 933/324/324 1042/529/529 1043/895/893
f 931/894/892 1035/1946/1916 1044/1336/1329
f 1044/1336/1329 1035/1946/1916 1045/1947/1917
f 416/1276/1270 1045/1947/1917 942/1273/1267
f 1236/1335/1328 1044/1336/1329 1045/1947/1917
f 1046/670/670 271/890/888 146/606/606
f 1046/670/670 146/606/606 1048/596/596
f 1950/1861/1839 1047/282/282 758/222/222
f 1047/282/282 23/223/223 758/222/222
f 1046/670/670 1048/596/596 828/1688/1675
f 828/1688/1675 1048/596/596 734/597/597
f 182/229/229 1049/138/138 925/137/137
f 1950/1861/1839 1049/138/138 1051/285/285
f 266/903/901 1050/905/903 1243/904/902
f 266/903/901 830/898/896 1050/905/903
f 1614/283/283 1051/285/285 182/229/229
f 1051/285/285 1049/138/138 182/229/229
f 1052/1520/1513 1054/1468/1461 535/1043/1039
f 1052/1520/1513 1941/1863/1841 611/1521/1514
f 165/635/635 264/896/894 1053/700/700
f 167/637/637 165/635/635 1053/700/700
f 590/1237/1231 1031/1898/1875 1054/1468/1461
f 1054/1468/1461 1031/1898/1875 516/1563/1556
f 24/747/747 1055/315/315 450/771/771
f 450/771/771 1055/315/315 1129/317/317
f 538/1530/1523 338/360/360 1056/478/478
f 582/371/371 538/1530/1523 1544/350/350
f 804/1167/1161 1551/865/863 1057/1239/1233
f 1369/1241/1235 1057/1239/1233 1134/1242/1236
f 881/1821/1803 1058/1822/1804 1309/1841/1820
f 881/1821/1803 725/1278/1272 1058/1822/1804
f 773/1295/1288 1059/1297/1290 1900/1300/1293
f 922/1942/1660 1059/1693/1290 373/1309/1302
f 1060/1680/1669 1752/1966/1936 1488/1681/1670
f 1752/1967/1936 1874/1440/1433 1183/1369/1362
f 1061/928/925 1815/1864/1842 1257/1968/1937
f 415/188/188 1061/928/925 282/189/189
f 399/1969/1938 730/1970/1939 1062/1264/1258
f 1762/1263/1257 399/1969/1938 1062/1264/1258
f 1820/170/170 1063/1442/1435 509/171/171
f 509/171/171 1063/1442/1435 1347/1445/1438
f 1064/1638/1630 583/541/541 767/543/543
f 783/948/945 583/541/541 1064/1638/1630
f 730/1970/1939 1065/1840/1809 1062/1264/1258
f 730/1970/1939 881/1821/1803 1065/1840/1809
f 1066/1865/1843 756/930/927 1063/1442/1435
f 1061/928/925 756/930/927 1066/1865/1843
f 647/1712/1696 847/1649/1641 1067/1701/1685
f 647/1712/1696 1067/1701/1685 1908/1713/1697
f 1068/863/861 675/1765/1749 1127/872/870
f 1324/1759/1743 1068/863/861 1707/1137/1131
f 455/246/246 1069/231/231 458/1389/1382
f 455/246/246 1310/232/232 1069/231/231
f 370/1131/1125 1070/1236/1230 250/181/181
f 250/181/181 1070/1236/1230 1034/1451/1444
f 1071/579/579 776/854/852 1038/1496/1489
f 1781/1875/1853 776/854/852 1071/579/579
f 628/1723/1707 1678/1607/1599 1072/1724/1708
f 559/1911/1886 840/110/110 1586/112/112
f 1656/1354/1347 845/85/85 1073/1415/1408
f 702/1796/1778 1657/1117/1111 1120/1231/1225
f 1074/1173/1167 678/1175/1169 19/1118/1112
f 1073/1415/1408 1074/1173/1167 19/1118/1112
f 1653/1676/1665 1075/1675/1664 737/1270/1264
f 1538/1839/1819 1104/1837/1817 1355/1166/1160
f 510/1339/1332 1662/1582/1575 1076/1446/1439
f 1076/1446/1439 631/1447/1440 928/1944/1914
f 1077/789/789 23/223/223 166/281/281
f 23/223/223 1077/789/789 1224/1088/1084
f 565/97/97 917/1254/1248 1078/1256/1250
f 392/95/95 565/97/97 1078/1256/1250
f 1079/163/163 1317/162/162 181/164/164
f 1410/732/732 181/164/164 1885/1763/1747
f 1080/1127/1121 1194/1126/1120 1861/237/237
f 1080/1127/1121 369/82/82 1352/1645/1637
f 1081/857/855 1922/1730/1714 537/1716/1700
f 81/886/884 1081/857/855 810/859/857
f 81/886/884 1082/1887/1865 1081/857/855
f 81/886/884 1273/861/859 1082/1887/1865
f 1083/725/725 632/407/407 1082/1887/1865
f 632/407/407 1083/725/725 1278/408/408
f 1422/438/438 88/437/437 1084/70/70
f 1084/70/70 1782/427/427 13/430/430
f 871/1610/1602 1917/1921/1895 1085/113/113
f 1085/113/113 1140/115/115 1521/1559/1552
f 255/805/805 1558/1654/1646 1086/31/31
f 1086/31/31 1170/1740/1724 1109/32/32
f 154/624/624 1519/623/623 1087/1434/1427
f 1819/1684/1673 1776/1566/1559 1668/1683/1672
f 1088/132/132 377/1494/1487 1742/133/133
f 1088/132/132 401/1268/1262 377/1494/1487
f 67/436/436 1933/883/881 1394/1425/1418
f 487/428/428 1395/1322/1315 505/1324/1317
f 374/153/153 907/152/152 1090/540/540
f 1090/540/540 907/152/152 1163/1873/1851
f 1542/135/135 987/1082/1078 1091/1076/1072
f 1189/1428/1421 488/1427/1420 1944/1429/1422
f 1092/878/876 285/961/958 1230/967/964
f 285/961/958 1765/953/950 834/952/949
f 596/1879/1857 1093/1653/1645 255/805/805
f 1600/1665/1657 1753/867/865 1360/1011/1008
f 319/7/7 1094/1030/1027 320/8/8
f 1094/1030/1027 1364/1029/1026 1491/1024/1021
f 1001/127/127 1095/1216/1210 1587/1615/1607
f 1587/1615/1607 1095/1216/1210 720/1815/1797
f 1096/842/840 281/839/837 682/838/836
f 1411/945/942 1096/1904/840 822/943/940
f 1097/1678/1667 1017/1269/1263 401/1268/1262
f 1017/1269/1263 1653/1676/1665 737/1270/1264
f 1098/148/148 660/388/388 383/1194/1188
f 1098/148/148 902/302/302 660/388/388
f 1099/271/271 452/48/48 199/50/50
f 1837/1372/1365 1099/271/271 466/1404/1397
f 826/1810/1792 1100/87/87 832/93/93
f 830/898/896 1750/1908/1883 826/1810/1792
f 1101/1542/1535 541/184/184 715/1477/1470
f 1101/1542/1535 627/182/182 541/184/184
f 1102/1811/1793 715/1477/1470 694/187/187
f 1102/1811/1793 1101/1542/1535 715/1477/1470
f 1103/498/498 9/469/469 1439/471/471
f 96/1778/1761 1103/498/498 685/1935/1908
f 1104/1837/1817 1707/1137/1131 1551/865/863
f 1538/1839/1819 380/1838/1818 1104/1837/1817
f 715/1477/1470 1105/1611/1603 694/187/187
f 694/187/187 1105/1611/1603 334/1612/1604
f 1317/162/162 1106/1804/1786 648/165/165
f 1253/1937/1910 1481/399/399 914/1748/1732
f 1107/1664/1656 872/1176/1170 1037/1178/1172
f 903/1932/1905 872/1176/1170 1107/1664/1656
f 1123/569/569 857/568/568 1108/241/241
f 1108/241/241 857/568/568 985/564/564
f 1109/32/32 1170/1740/1724 1326/1739/1723
f 1671/30/30 1109/32/32 315/461/461
f 520/614/614 1767/613/613 1110/1830/1811
f 1110/1830/1811 609/1694/1678 1546/1831/1812
f 13/430/430 1577/772/772 204/467/467
f 204/467/467 1577/772/772 44/68/68
f 1739/767/767 200/277/277 1112/768/768
f 956/276/276 1113/563/563 200/277/277
f 200/277/277 1113/563/563 1112/768/768
f 1112/768/768 1328/267/267 1305/270/270
f 1514/969/966 1114/968/965 279/1916/1890
f 1792/936/933 1114/968/965 1438/875/873
f 1731/1437/1430 1115/1516/1509 941/1438/1431
f 1115/1516/1509 508/1589/1582 941/1438/1431
f 1116/583/583 286/921/918 932/920/917
f 1686/970/967 860/937/934 286/921/918
f 1161/466/466 1117/503/503 105/465/465
f 105/465/465 1117/503/503 956/276/276
f 27/1844/1823 1118/1361/1354 427/1360/1353
f 427/1360/1353 1284/1536/1529 630/1535/1528
f 1118/1361/1354 1460/750/750 1119/143/143
f 427/1360/1353 1118/1361/1354 1284/1536/1529
f 1120/1231/1225 1655/1337/1330 1303/1945/1915
f 476/1408/1401 702/1796/1778 1120/1231/1225
f 476/1408/1401 1121/1122/1116 391/1229/1223
f 1120/1231/1225 1303/1945/1915 476/1408/1401
f 1122/971/968 1785/1005/1002 305/997/994
f 309/382/382 1122/971/968 305/997/994
f 1766/1971/1940 1124/63/63 857/568/568
f 787/234/234 124/236/236 1766/1971/1940
f 1914/1305/1298 1589/1304/1297 1124/63/63
f 124/236/236 1124/63/63 1766/1971/1940
f 693/1725/1709 1072/1724/1708 1125/1972/1941
f 693/1725/1709 1125/1972/1941 699/1788/1770
f 1585/1547/1540 1126/1544/1537 1669/1613/1605
f 861/295/295 544/1218/1212 1126/1544/1537
f 256/951/948 700/873/871 1813/1934/1907
f 1479/960/957 1307/962/959 285/961/958
f 1733/1079/1075 339/266/266 1128/570/570
f 1128/570/570 339/266/266 164/571/571
f 58/312/312 1129/317/317 951/496/496
f 450/771/771 1129/317/317 58/312/312
f 1629/1009/1006 1197/9/9 1130/1014/1011
f 1302/457/457 1130/1014/1011 1661/458/458
f 112/325/325 1131/256/256 893/323/323
f 74/254/254 1131/256/256 112/325/325
f 1473/527/527 1132/330/330 1443/1928/1901
f 1132/330/330 839/332/332 45/528/528
f 1133/321/321 1203/1258/1252 406/1257/1251
f 1593/1574/1567 1594/1573/1566 555/1572/1565
f 718/1139/1133 1134/1242/1236 1512/1813/1795
f 524/1168/1162 1134/1242/1236 718/1139/1133
f 396/1248/1242 1135/1666/1658 780/1249/1243
f 1858/1707/1691 1135/1666/1658 396/1248/1242
f 1136/667/667 992/690/690 151/1903/1880
f 147/673/673 1136/667/667 1758/599/599
f 1137/654/654 142/622/622 171/677/677
f 1137/654/654 37/653/653 142/622/622
f 1537/394/394 1171/1794/1776 542/1919/1893
f 547/1551/1544 1537/394/394 1791/1552/1545
f 522/1049/1045 945/194/194 1139/1050/1046
f 1139/1050/1046 945/194/194 1640/392/392
f 1521/1559/1552 1140/115/115 368/1560/1553
f 368/1560/1553 1140/115/115 1314/1124/1118
f 557/1579/1572 1286/1580/1573 1141/1973/1942
f 1141/1973/1942 384/1313/1306 1181/1315/1308
f 1142/915/913 425/899/897 1223/901/899
f 1142/915/913 580/1356/1349 425/899/897
f 1143/263/263 275/27/27 342/790/790
f 342/790/790 231/742/742 1483/719/719
f 1144/1170/1164 601/1677/1666 1354/106/106
f 1145/1182/1176 1653/1676/1665 601/1677/1666
f 1856/1769/1753 1145/1182/1176 1144/1170/1164
f 1144/1170/1164 1145/1182/1176 601/1677/1666
f 814/1321/1314 1146/1897/1874 1921/1319/1312
f 814/1321/1314 1526/214/214 1821/1700/1684
f 853/1066/1062 1156/185/185 1147/1294/1287
f 562/1590/1583 889/1292/1285 1147/1294/1287
f 1148/524/524 69/363/363 1797/523/523
f 40/538/538 1722/537/537 111/40/40
f 1149/515/515 440/342/342 1463/344/344
f 1361/39/39 40/538/538 111/40/40
f 1459/746/746 1150/745/745 24/747/747
f 24/747/747 1737/473/473 1055/315/315
f 1125/1972/1941 1951/1584/1577 1151/1250/1244
f 1125/1972/1941 1425/1056/1052 1578/1974/1943
f 395/1211/1205 1152/1247/1241 698/1453/1446
f 698/1453/1446 1152/1247/1241 1947/1454/1447
f 1153/1532/1525 70/1426/1419 703/1799/1781
f 1015/1531/1524 1153/1532/1525 703/1799/1781
f 1154/314/314 950/1288/1281 56/1760/1744
f 1154/314/314 1297/313/313 1450/387/387
f 694/187/187 334/1612/1604 1155/1057/1053
f 1746/981/978 1362/980/977 1155/1057/1053
f 1156/185/185 1155/1057/1053 562/1590/1583
f 1156/185/185 562/1590/1583 1147/1294/1287
f 1157/1316/1309 1642/985/982 296/984/981
f 649/168/168 1787/1975/1944 1232/1749/1733
f 1158/1533/1526 539/1199/1193 1280/1534/1527
f 1474/1757/1741 656/1756/1740 539/1199/1193
f 1159/1146/1140 1540/1883/1861 786/1463/1456
f 1681/1219/1213 1485/1221/1215 786/1463/1456
f 21/1976/1945 1334/1284/1277 1160/640/640
f 1160/640/640 1304/642/642 21/1976/1945
f 95/464/464 1161/466/466 105/465/465
f 507/559/559 1527/1436/1429 95/464/464
f 59/1059/1055 1162/391/391 518/1476/1469
f 1162/391/391 697/1918/1892 518/1476/1469
f 1163/1873/1851 1562/1872/1850 774/1150/1144
f 1418/156/156 774/1150/1144 775/1149/1143
f 1164/567/567 584/1465/1458 593/1464/1457
f 857/568/568 1164/567/567 1525/1658/1650
f 1165/1299/1292 773/1295/1288 1900/1300/1293
f 773/1295/1288 1165/1299/1292 407/154/154
f 791/925/922 1166/924/921 888/958/955
f 1166/924/921 961/1924/1897 888/958/955
f 1167/136/136 488/1427/1420 70/1426/1419
f 1167/136/136 70/1426/1419 1153/1532/1525
f 1838/1977/1946 1168/722/722 50/516/516
f 435/1373/1366 1168/722/722 1566/1371/1364
f 1169/1842/1821 787/234/234 1766/1971/1940
f 740/1884/1862 787/234/234 1169/1842/1821
f 1086/31/31 1558/1654/1646 1170/1740/1724
f 523/1491/1484 1920/1493/1486 1170/1740/1724
f 1171/1794/1776 1101/1542/1535 866/1540/1533
f 866/1540/1533 542/1919/1893 1171/1794/1776
f 1172/1889/1867 400/1265/1259 1319/1501/1494
f 1700/1891/1869 400/1265/1259 1647/1890/1868
f 1804/1806/1788 1645/1807/1789 1173/424/424
f 1804/1806/1788 1173/424/424 1537/394/394
f 1174/1366/1359 1291/1479/1472 1826/1192/1186
f 1291/1479/1472 1174/1366/1359 980/1480/1473
f 1091/1076/1072 1175/1081/1077 63/264/264
f 63/264/264 1894/225/225 1429/265/265
f 537/1716/1700 741/1502/1495 1176/1714/1698
f 741/1502/1495 971/1622/1614 1790/1955/1925
f 1177/1363/1356 428/158/158 691/292/292
f 428/158/158 1811/533/533 981/159/159
f 129/792/792 1178/610/610 289/612/612
f 129/792/792 437/1302/1295 1178/610/610
f 744/1847/1826 579/1140/1134 1179/1726/1710
f 579/1140/1134 718/1139/1133 1836/1814/1796
f 1180/88/88 16/1285/1278 485/1909/1884
f 1180/88/88 1563/1228/1222 16/1285/1278
f 649/168/168 1181/1315/1308 1787/1975/1944
f 1141/1973/1942 1181/1315/1308 649/168/168
f 185/359/359 1182/477/477 1610/357/357
f 185/359/359 231/742/742 1182/477/477
f 604/1978/1093 1183/1369/1362 433/1093/1089
f 1752/1967/1936 1183/1369/1362 604/1978/1093
f 792/752/752 1184/349/349 1531/1764/1748
f 1817/369/369 1544/350/350 1184/349/349
f 1186/1467/1460 926/1800/1782 1185/1639/1631
f 584/1465/1458 1185/1639/1631 1890/1640/1632
f 1868/1979/1947 1186/1467/1460 1185/1639/1631
f 1816/65/65 1186/1467/1460 1868/1979/1947
f 1386/60/60 1581/1441/1434 543/61/61
f 1188/1546/1539 1623/1668/1659 1734/1667/1214
f 1581/1980/1434 1188/1546/1539 1734/1667/1214
f 1187/1543/1536 1126/1544/1537 1188/1546/1539
f 563/361/361 1189/1428/1421 125/362/362
f 125/362/362 1189/1428/1421 1944/1429/1422
f 421/1349/1342 1190/1333/1326 408/1301/1294
f 421/1349/1342 1065/1828/1809 1190/1333/1326
f 318/1022/1019 1191/1025/1022 639/459/459
f 1191/1025/1022 318/1022/1019 1930/1023/1020
f 1192/353/353 983/1958/1928 168/714/714
f 350/352/352 983/1958/1928 1192/353/353
f 287/963/960 1193/847/845 1380/1870/1848
f 1641/939/936 1193/847/845 1664/964/961
f 1397/1808/1790 410/238/238 1194/1126/1120
f 1194/1126/1120 410/238/238 1861/237/237
f 585/91/91 1195/1644/1636 1626/1827/1808
f 585/91/91 1352/1645/1637 1195/1644/1636
f 1070/1236/1230 393/1133/1127 1196/1318/1311
f 393/1133/1127 824/215/215 1196/1318/1311
f 1197/9/9 320/8/8 94/1981/1948
f 1130/1014/1011 1197/9/9 94/1981/1948
f 570/1608/1600 963/1485/1478 1198/1805/1787
f 1198/1805/1787 1241/1885/1863 570/1608/1600
f 974/29/29 1239/1917/1891 1199/744/744
f 186/12/12 974/29/29 1199/744/744
f 1222/743/743 1199/744/744 61/25/25
f 1222/743/743 61/25/25 275/27/27
f 1201/804/804 1/830/828 686/1019/1016
f 822/943/940 1201/804/804 1205/944/941
f 35/1557/1550 676/1745/1729 1202/1747/1731
f 549/1862/1840 35/1557/1550 1492/1558/1551
f 754/320/320 1417/1255/1249 1203/1258/1252
f 1133/321/321 754/320/320 1203/1258/1252
f 1204/1018/1015 1553/1020/1017 313/1010/1007
f 1744/1860/1838 1204/1018/1015 313/1010/1007
f 1205/944/941 686/1019/1016 1204/1018/1015
f 1205/944/941 1201/804/804 686/1019/1016
f 1206/1661/1653 546/224/224 1016/1549/1542
f 1649/733/733 546/224/224 1206/1661/1653
f 1207/1643/1635 515/1159/1153 1185/1639/1631
f 1207/1643/1635 1214/1235/1229 515/1159/1153
f 678/1175/1169 1208/1340/1333 1497/1772/1755
f 385/1202/1196 1208/1340/1333 678/1175/1169
f 199/50/50 50/516/516 1209/551/551
f 1099/271/271 199/50/50 1401/272/272
f 1210/413/413 357/415/415 83/20/20
f 1272/1812/1794 1210/413/413 83/20/20
f 894/1064/1060 853/1066/1062 1211/1293/1286
f 1598/1929/1902 997/1253/1247 1877/1067/1063
f 920/1512/1505 1212/1511/1504 1893/1191/1185
f 1892/1365/1358 1174/1366/1359 728/1775/1758
f 1213/619/619 277/926/923 935/927/924
f 689/1882/1860 277/926/923 1427/1784/1767
f 1000/1642/1634 835/648/648 1214/1235/1229
f 1207/1643/1635 1000/1642/1634 1214/1235/1229
f 1107/1664/1656 1037/1178/1172 1215/1423/1416
f 1215/1423/1416 1037/1178/1172 1373/1421/1414
f 1216/1880/1858 1471/1344/1337 465/1345/1338
f 1810/1965/1935 419/1881/1859 1216/1880/1858
f 1217/1462/1455 778/1129/1123 926/1800/1782
f 1822/1308/1301 683/1130/1124 778/1129/1123
f 1013/1489/1482 1842/1487/1480 1218/1486/1479
f 332/1963/1933 1013/1489/1482 1218/1486/1479
f 582/371/371 1015/1531/1524 1219/1637/1629
f 1015/1531/1524 703/1799/1781 1615/1798/1780
f 790/1553/1546 1139/1050/1046 1220/1550/1543
f 1241/1885/1863 790/1553/1546 1220/1550/1543
f 1221/1927/1900 262/889/887 892/908/906
f 1234/55/55 892/908/906 1252/907/905
f 1222/743/743 275/27/27 1200/329/329
f 2/328/328 1222/743/743 1200/329/329
f 270/913/911 1142/915/913 1223/901/899
f 892/908/906 270/913/911 1223/901/899
f 1224/1088/1084 1261/1087/1083 341/416/416
f 1224/1088/1084 341/416/416 623/1719/1703
f 103/468/468 96/1778/1761 1225/34/34
f 1225/34/34 96/1778/1761 74/254/254
f 586/1578/1571 1715/167/167 1226/169/169
f 914/1748/1732 586/1578/1571 1226/169/169
f 265/891/889 968/1953/1923 1227/916/914
f 265/891/889 1227/916/914 892/908/906
f 1228/998/995 305/997/994 923/1003/1000
f 1575/996/993 1228/998/995 923/1003/1000
f 229/491/491 1229/712/712 355/492/492
f 1263/788/788 1783/762/762 229/491/491
f 1230/967/964 723/1816/1798 1800/879/877
f 1230/967/964 1769/202/202 723/1816/1798
f 1231/334/334 1867/1866/1844 777/1659/1651
f 1231/334/334 1224/1088/1084 623/1719/1703
f 1232/1749/1733 1785/1005/1002 1122/971/968
f 1232/1749/1733 1157/1316/1309 296/984/981
f 1233/1609/1601 570/1608/1600 521/195/195
f 1768/1482/1475 521/195/195 503/197/197
f 117/44/44 1221/1927/1900 1234/55/55
f 1221/1927/1900 892/908/906 1234/55/55
f 1441/696/696 1235/200/200 156/318/318
f 34/681/681 1235/200/200 29/682/682
f 1236/1335/1328 416/1276/1270 1713/1275/1269
f 1236/1335/1328 1045/1947/1917 416/1276/1270
f 832/93/93 825/94/94 1237/605/605
f 1048/596/596 1237/605/605 825/94/94
f 1005/1648/1640 1716/1938/1911 1238/1962/1932
f 1006/1646/1638 650/1647/1639 1831/380/380
f 4/749/749 1926/308/308 1239/1917/1891
f 863/23/23 4/749/749 1239/1917/1891
f 357/415/415 364/16/16 1240/1105/1101
f 357/415/415 1251/1106/1102 324/21/21
f 335/1062/1058 1241/1885/1863 1828/1086/1082
f 570/1608/1600 1241/1885/1863 335/1062/1058
f 249/404/404 939/871/869 1242/405/405
f 1342/1656/1648 1242/405/405 939/871/869
f 271/890/888 1243/904/902 829/906/904
f 264/896/894 1243/904/902 271/890/888
f 163/497/497 1244/273/273 9/469/469
f 1244/273/273 1401/272/272 9/469/469
f 1245/950/947 783/948/945 689/1882/1860
f 1245/950/947 1840/947/944 783/948/945
f 1246/1727/1711 1179/1726/1710 372/1143/1137
f 1246/1727/1711 372/1143/1137 1700/1891/1869
f 1247/694/694 154/624/624 503/197/197
f 171/677/677 154/624/624 1247/694/694
f 1248/322/322 263/248/248 60/1383/1376
f 673/326/326 1248/322/322 60/1383/1376
f 174/301/301 1249/763/763 471/299/299
f 1249/763/763 174/301/301 342/790/790
f 669/443/443 89/278/278 1250/757/757
f 89/278/278 310/982/979 1250/757/757
f 357/415/415 1240/1105/1101 1251/1106/1102
f 1251/1106/1102 1240/1105/1101 360/18/18
f 838/893/891 1252/907/905 931/894/892
f 1252/907/905 1036/902/900 931/894/892
f 648/165/165 1253/1937/1910 1005/1648/1640
f 1106/1804/1786 1253/1937/1910 648/165/165
f 494/826/824 644/1376/1369 1254/748/748
f 644/1376/1369 329/218/218 1254/748/748
f 1831/380/380 650/1647/1639 1255/381/381
f 650/1647/1639 649/168/168 1255/381/381
f 356/1090/1086 1256/417/417 347/493/493
f 1077/789/789 347/493/493 1261/1087/1083
f 282/189/189 1061/928/925 1257/1968/1937
f 1024/621/621 282/189/189 1840/947/944
f 837/526/526 224/782/782 1258/534/534
f 1473/527/527 837/526/526 1258/534/534
f 1259/1733/1717 370/1131/1125 250/181/181
f 799/1132/1126 370/1131/1125 1259/1733/1717
f 196/284/284 1260/709/709 1051/285/285
f 1039/764/764 1260/709/709 196/284/284
f 347/493/493 1256/417/417 1261/1087/1083
f 341/416/416 1261/1087/1083 1256/417/417
f 1936/1894/1871 1262/1522/1515 1029/1652/1644
f 1442/1320/1313 590/1237/1231 1029/1652/1644
f 166/281/281 1263/788/788 1077/789/789
f 879/710/710 1263/788/788 166/281/281
f 529/811/811 1264/1619/1611 1625/1624/1616
f 529/811/811 971/1622/1614 1264/1619/1611
f 573/294/294 1001/127/127 1265/1614/1606
f 1669/1613/1605 573/294/294 1265/1614/1606
f 706/1469/1462 1266/1507/1500 1375/1470/1463
f 1266/1507/1500 706/1469/1462 815/1046/1042
f 77/1060/1056 1869/1541/1534 1267/186/186
f 77/1060/1056 1267/186/186 1156/185/185
f 385/1202/1196 1268/1338/1331 1208/1340/1333
f 794/100/100 1498/103/103 385/1202/1196
f 1269/1602/1595 1708/401/401 237/400/400
f 1276/1603/1596 1269/1602/1595 237/400/400
f 1277/1503/1496 568/406/406 1270/1528/1521
f 1270/1528/1521 1276/1603/1596 1472/1604/810
f 1271/1529/1522 568/406/406 1277/1503/1496
f 1922/1730/1714 1271/1529/1522 537/1716/1700
f 1274/728/728 1210/413/413 1272/1812/1794
f 352/726/726 1272/1812/1794 1278/408/408
f 1607/1956/1926 795/1731/1715 1273/861/859
f 795/1731/1715 1082/1887/1865 1273/861/859
f 1274/728/728 1272/1812/1794 352/726/726
f 1256/417/417 1274/728/728 352/726/726
f 1275/1430/1423 976/860/858 1567/409/409
f 1607/1956/1926 1273/861/859 976/860/858
f 568/406/406 1278/408/408 1276/1603/1596
f 1270/1528/1521 568/406/406 1276/1603/1596
f 1277/1503/1496 741/1502/1495 537/1716/1700
f 1271/1529/1522 1277/1503/1496 537/1716/1700
f 1278/408/408 1272/1812/1794 717/1601/1594
f 1276/1603/1596 1278/408/408 717/1601/1594
f 1735/397/397 1279/1728/1712 1282/398/398
f 557/1579/1572 1279/1728/1712 1286/1580/1573
f 1280/1534/1527 918/1939/1912 411/1314/1307
f 384/1313/1306 1280/1534/1527 411/1314/1307
f 1281/1952/1922 959/1163/1157 545/1729/1713
f 54/1524/1517 959/1163/1157 1795/1526/1519
f 1282/398/398 1279/1728/1712 557/1579/1572
f 1282/398/398 557/1579/1572 586/1578/1571
f 1706/1600/1593 1283/146/146 1098/148/148
f 1280/1534/1527 1283/146/146 918/1939/1912
f 1284/1536/1529 1119/143/143 1912/1200/1194
f 1118/1361/1354 1119/143/143 1284/1536/1529
f 1285/1164/1158 27/1844/1823 427/1360/1353
f 836/293/293 27/1844/1823 1285/1164/1158
f 1286/1580/1573 384/1313/1306 1141/1973/1942
f 1286/1580/1573 1158/1533/1526 384/1313/1306
f 1287/310/310 434/1370/1363 1693/1405/1398
f 1287/310/310 435/1373/1366 434/1370/1363
f 1942/208/208 1288/954/951 290/1110/1104
f 1556/880/878 1114/968/965 290/1110/1104
f 629/1630/1622 1246/1727/1711 1289/1135/1129
f 629/1630/1622 1289/1135/1129 921/1134/1128
f 1290/105/105 819/1206/1200 386/1205/1199
f 789/1449/1442 1290/105/105 386/1205/1199
f 681/664/664 1291/1479/1472 1359/665/665
f 1826/1192/1186 1291/1479/1472 681/664/664
f 801/1905/943 1292/1892/3 822/943/940
f 1412/1506/1499 1292/3/3 801/946/943
f 454/1381/1374 468/1406/1399 1293/444/444
f 57/446/446 454/1381/1374 1293/444/444
f 1660/1790/1772 1294/1791/1773 1019/1518/1511
f 1294/1791/1773 622/1717/1701 1019/1518/1511
f 658/337/337 1295/183/183 624/1720/1704
f 1295/183/183 625/257/257 624/1720/1704
f 809/1538/1531 429/1185/1179 1296/1184/1178
f 1602/1537/1530 809/1538/1531 1701/1895/1872
f 951/496/496 1032/500/500 1297/313/313
f 58/312/312 951/496/496 1297/313/313
f 1298/1632/1624 1478/1930/1903 580/1356/1349
f 1298/1632/1624 580/1356/1349 1142/915/913
f 983/1958/1928 350/352/352 1299/1959/1929
f 498/128/128 1901/490/490 1300/383/383
f 1300/383/383 1299/1959/1929 350/352/352
f 1300/383/383 350/352/352 533/1214/1208
f 589/1556/1549 1301/1280/1274 919/1941/98
f 919/1941/98 1301/1280/1274 868/1282/99
f 637/1015/1012 1302/457/457 640/1598/1591
f 640/1598/1591 1302/457/457 852/1596/1589
f 1303/1945/1915 1121/1122/1116 476/1408/1401
f 1303/1945/1915 417/1120/1114 1121/1122/1116
f 751/688/688 1304/642/642 1528/656/656
f 21/1976/1945 1304/642/642 751/688/688
f 1305/270/270 1381/483/483 72/482/482
f 880/480/480 1305/270/270 72/482/482
f 1306/75/75 641/1377/1370 451/76/76
f 1306/75/75 1487/1599/1592 641/1377/1370
f 1813/1934/1907 1307/962/959 1479/960/957
f 675/1765/1749 1307/962/959 1127/872/870
f 1384/761/761 1308/645/645 578/1626/1618
f 1580/74/74 398/73/73 578/1626/1618
f 1065/1828/1809 1309/1982/1820 739/1334/1327
f 739/1334/1327 1309/1982/1820 844/1411/1404
f 102/494/494 952/502/502 1310/232/232
f 455/246/246 102/494/494 1310/232/232
f 423/1384/1377 841/1390/1383 1311/1385/1378
f 841/1390/1383 458/1389/1382 1311/1385/1378
f 988/1402/1395 1312/1774/1757 84/1341/1334
f 1449/419/419 221/780/780 84/1341/1334
f 1313/1226/1220 785/1223/1217 1906/1673/1662
f 332/1963/1933 1313/1226/1220 252/1490/1483
f 1335/1450/1443 1314/1124/1118 899/179/179
f 1314/1124/1118 634/180/180 899/179/179
f 1315/1555/1548 1535/1281/1275 1301/1280/1274
f 548/1181/1175 1315/1555/1548 646/1554/1547
f 654/316/316 1316/919/916 104/495/495
f 1679/765/765 1316/919/916 654/316/316
f 1317/162/162 708/1803/1785 1106/1804/1786
f 1702/161/161 708/1803/1785 1317/162/162
f 727/1420/1413 1318/1113/1107 404/1283/1276
f 1501/1419/1412 1318/1113/1107 727/1420/1413
f 748/1852/1831 39/1851/1830 1319/1501/1494
f 1320/213/213 39/1851/1830 1526/214/214
f 1319/1501/1494 39/1851/1830 1320/213/213
f 1172/1889/1867 1319/1501/1494 1320/213/213
f 280/940/937 1321/636/636 167/637/637
f 280/940/937 437/1302/1295 1321/636/636
f 1321/636/636 1322/586/586 138/634/634
f 1322/586/586 1387/585/585 1388/601/601
f 564/1591/1584 1323/1854/1833 858/1296/1289
f 564/1591/1584 1331/1260/1254 1762/1263/1257
f 675/1765/1749 1068/863/861 1324/1759/1743
f 1325/1768/1752 675/1765/1749 1324/1759/1743
f 35/1557/1550 1325/1768/1752 676/1745/1729
f 1324/1759/1743 1654/1767/1751 1325/1768/1752
f 1109/32/32 1326/1739/1723 315/461/461
f 1777/1597/1590 1487/1599/1592 315/461/461
f 143/1112/1106 793/107/107 1327/109/109
f 143/1112/1106 1327/109/109 1318/1113/1107
f 1113/563/563 1328/267/267 1112/768/768
f 123/562/562 1489/566/566 1113/563/563
f 235/813/813 1759/1893/1870 1329/799/799
f 234/798/798 295/800/800 1329/799/799
f 1330/1193/1187 1428/1195/1189 1025/972/969
f 567/1317/1310 1330/1193/1187 1786/1964/1934
f 1762/1263/1257 1331/1260/1254 399/1969/1938
f 1938/1444/1437 1850/1922/1896 399/1969/1938
f 381/791/791 1757/793/793 1332/794/794
f 1582/1188/1182 381/791/791 1332/794/794
f 1333/1078/1074 340/1077/1073 491/572/572
f 1720/1074/1070 491/572/572 98/1072/1068
f 827/911/909 1334/1284/1277 21/1976/1945
f 485/1909/1884 1334/1284/1277 827/911/909
f 511/1246/1240 1314/1124/1118 1335/1450/1443
f 1947/1454/1447 1152/1247/1241 511/1246/1240
f 147/673/673 1336/649/649 1136/667/667
f 1599/691/691 147/673/673 141/598/598
f 1337/53/53 121/485/485 982/242/242
f 909/52/52 121/485/485 1337/53/53
f 704/646/646 835/648/648 1338/1801/1783
f 778/1129/1123 704/646/646 1898/1641/1633
f 746/1331/1324 512/1848/1827 1339/114/114
f 1085/113/113 746/1331/1324 1339/114/114
f 417/1120/1114 1923/1961/1931 556/1121/1115
f 556/1121/1115 1923/1961/1931 994/1703/1687
f 1341/546/546 891/1926/1899 116/1818/1800
f 1506/550/550 1341/546/546 1910/548/548
f 592/884/882 1342/1656/1648 939/871/869
f 1376/1655/1647 1342/1656/1648 592/884/882
f 1617/1705/1689 1343/1432/1425 615/116/116
f 1343/1432/1425 1275/1430/1423 1567/409/409
f 576/868/866 1344/1776/1759 975/869/867
f 1796/1777/1760 1344/1776/1759 576/868/866
f 784/617/617 344/199/199 1345/1850/1829
f 131/616/616 784/617/617 1345/1850/1829
f 898/288/288 1346/287/287 463/420/420
f 463/420/420 1346/287/287 761/1398/1391
f 1931/1789/1771 1347/1445/1438 1924/1152/1146
f 1938/1444/1437 768/1261/1255 1347/1445/1438
f 1348/1080/1076 1771/1103/1099 765/226/226
f 1175/1081/1077 1348/1080/1076 765/226/226
f 1349/448/448 481/384/384 1455/525/525
f 433/1093/1089 1349/448/448 73/536/536
f 553/1186/1180 1350/666/666 1891/1568/1561
f 429/1185/1179 1350/666/666 553/1186/1180
f 192/753/753 865/730/730 1351/507/507
f 192/753/753 1351/507/507 106/506/506
f 965/647/647 1352/1645/1637 585/91/91
f 1352/1645/1637 965/647/647 704/646/646
f 1353/549/549 691/292/292 772/1523/1516
f 1506/550/550 1353/549/549 772/1523/1516
f 788/1448/1441 1354/106/106 789/1449/1442
f 788/1448/1441 1511/1171/1165 1354/106/106
f 737/1270/1264 1538/1839/1819 1355/1166/1160
f 737/1270/1264 1355/1166/1160 1663/1271/1265
f 1356/1660/1652 1357/1662/1654 716/372/372
f 191/370/370 1356/1660/1652 716/372/372
f 716/372/372 1357/1662/1654 1016/1549/1542
f 1357/1662/1654 1206/1661/1653 1016/1549/1542
f 588/1142/1136 1613/1651/1643 1358/1500/1493
f 588/1142/1136 1358/1500/1493 400/1265/1259
f 1359/665/665 520/614/614 731/1567/1560
f 1291/1479/1472 1676/1481/1474 1359/665/665
f 596/1879/1857 1360/1011/1008 1093/1653/1645
f 1093/1653/1645 1360/1011/1008 591/1013/1010
f 1149/515/515 1463/344/344 1361/39/39
f 1149/515/515 1361/39/39 875/41/41
f 1362/980/977 636/979/976 297/999/996
f 1155/1057/1053 1362/980/977 297/999/996
f 949/1196/1190 652/1198/1192 1363/1752/1736
f 652/1198/1192 1897/1735/1719 1516/1753/1737
f 1364/1029/1026 248/809/809 5/819/817
f 1364/1029/1026 5/819/817 318/1022/1019
f 1543/935/932 932/920/917 1365/922/919
f 278/933/930 1781/1875/1853 1071/579/579
f 145/668/668 1336/649/649 1366/633/633
f 1366/633/633 1548/632/632 145/668/668
f 1367/1210/1204 1740/1245/1239 1152/1247/1241
f 885/1213/1207 550/1561/1554 1367/1210/1204
f 501/460/460 1306/75/75 1368/77/77
f 930/1433/1426 501/460/460 1368/77/77
f 1369/1241/1235 804/1167/1161 1057/1239/1233
f 804/1167/1161 1369/1241/1235 524/1168/1162
f 979/149/149 903/1932/1905 1370/989/986
f 1909/1957/1927 979/149/149 1370/989/986
f 955/1358/1351 1371/1829/1810 752/1348/1341
f 1371/1829/1810 421/1349/1342 752/1348/1341
f 527/1755/1739 1372/1498/1491 1884/151/151
f 1516/1753/1737 1897/1735/1719 527/1755/1739
f 1373/1421/1414 379/1353/1346 423/1384/1377
f 1037/1178/1172 379/1353/1346 1373/1421/1414
f 507/559/559 100/69/69 1374/71/71
f 507/559/559 1374/71/71 1527/1436/1429
f 878/845/843 1375/1470/1463 525/843/841
f 1375/1470/1463 530/1508/1501 525/843/841
f 259/1606/1598 253/887/885 1376/1655/1647
f 840/110/110 259/1606/1598 1376/1655/1647
f 1377/1350/1343 422/240/240 207/505/505
f 1377/1350/1343 1169/1842/1821 422/240/240
f 316/1008/1005 1378/1028/1025 319/7/7
f 313/1010/1007 1553/1020/1017 316/1008/1005
f 1379/851/849 1761/853/851 856/1222/1216
f 251/855/853 1379/851/849 856/1222/1216
f 1380/1870/1848 935/927/924 551/852/850
f 551/852/850 287/963/960 1380/1870/1848
f 802/269/269 1381/483/483 1305/270/270
f 802/269/269 1384/761/761 1381/483/483
f 589/1556/1549 1382/1940/1197 886/589/589
f 886/1923/589 1382/1203/1197 1937/1635/1627
f 1489/566/566 1383/565/565 873/268/268
f 1383/565/565 140/643/643 873/268/268
f 1381/483/483 1384/761/761 194/758/758
f 1384/761/761 1872/1627/1619 194/758/758
f 1385/1835/1816 735/974/971 1909/1957/1927
f 1642/985/982 1786/1964/1934 735/974/971
f 1874/1440/1433 1386/60/60 1115/1516/1509
f 1386/60/60 508/1589/1582 1115/1516/1509
f 1387/585/585 378/1172/1166 1388/601/601
f 1387/585/585 1480/1413/1406 1727/1412/1405
f 1388/601/601 132/603/603 138/634/634
f 1322/586/586 1388/601/601 138/634/634
f 451/76/76 1389/1378/1371 48/262/262
f 1695/327/327 1200/329/329 48/262/262
f 935/927/924 1390/176/176 33/1562/1555
f 935/927/924 31/177/177 1390/176/176
f 1391/1771/1754 1856/1769/1753 677/1169/1163
f 1398/1583/1576 677/1169/1163 1511/1171/1165
f 1392/14/14 1928/522/522 46/560/560
f 71/374/374 6/521/521 1644/375/375
f 513/1459/1452 1393/1461/1454 409/235/235
f 513/1459/1452 1699/1306/1299 1393/1461/1454
f 1394/1425/1418 1089/1983/1949 487/428/428
f 88/437/437 1394/1425/1418 487/428/428
f 1932/882/880 1395/1322/1315 1089/1983/1949
f 1089/1983/1949 1395/1322/1315 487/428/428
f 1396/192/192 970/849/847 532/1514/1507
f 1396/192/192 532/1514/1507 945/194/194
f 1397/1808/1790 1194/1126/1120 684/1128/1122
f 1397/1808/1790 684/1128/1122 711/1809/1791
f 371/101/101 1391/1771/1754 1398/1583/1576
f 1391/1771/1754 677/1169/1163 1398/1583/1576
f 552/595/595 1399/1565/1558 1003/846/844
f 1054/1468/1461 1399/1565/1558 552/595/595
f 1078/1256/1250 1400/1595/1588 397/1877/1855
f 397/1877/1855 1400/1595/1588 1853/1878/1856
f 199/50/50 1209/551/551 1401/272/272
f 1209/551/551 978/470/470 1401/272/272
f 996/1455/1448 1947/1454/1447 1402/1452/1445
f 1402/1452/1445 611/1521/1514 996/1455/1448
f 66/252/252 460/1393/1386 1403/395/395
f 671/1392/1385 1403/395/395 460/1393/1386
f 1404/1616/1608 26/1362/1355 691/292/292
f 536/1786/1769 1404/1616/1608 691/292/292
f 314/1016/1013 957/1492/1485 1405/1951/1921
f 1629/1009/1006 1130/1014/1011 314/1016/1013
f 1602/1537/1530 540/1234/1228 1406/1190/1184
f 540/1234/1228 920/1512/1505 1406/1190/1184
f 445/1033/1029 1407/343/343 440/342/342
f 445/1033/1029 115/1094/1090 1407/343/343
f 207/505/505 1408/239/239 956/276/276
f 207/505/505 422/240/240 1408/239/239
f 614/1416/1409 1409/1330/1323 870/1920/1894
f 1778/1886/1864 1409/1330/1323 571/1571/1564
f 1871/740/740 1079/163/163 1410/732/732
f 1079/163/163 181/164/164 1410/732/732
f 281/839/837 1096/1904/840 1411/945/942
f 281/839/837 1411/945/942 757/1007/1004
f 1412/1506/1499 934/1/1 1292/3/3
f 692/1504/1497 934/1/1 1412/1506/1499
f 633/1732/1716 1413/1697/1681 972/1158/1152
f 1638/1782/1765 392/95/95 972/1158/1152
f 1414/1401/1394 761/1398/1391 53/1400/1393
f 463/420/420 761/1398/1391 1414/1401/1394
f 772/1523/1516 1415/1525/1518 118/777/777
f 118/777/777 1702/161/161 195/731/731
f 1626/1827/1808 729/1513/1506 1416/1510/1503
f 531/92/92 1416/1510/1503 920/1512/1505
f 754/320/320 398/73/73 1417/1255/1249
f 398/73/73 392/95/95 1417/1255/1249
f 724/155/155 1163/1873/1851 1418/156/156
f 1418/156/156 1163/1873/1851 774/1150/1144
f 1461/421/421 680/1773/1756 1419/1274/1268
f 1041/1342/1335 1419/1274/1268 680/1773/1756
f 755/1858/1836 297/999/996 1420/760/760
f 1420/760/760 1533/759/759 1688/78/78
f 1421/51/51 1636/1399/1392 966/892/890
f 260/486/486 1421/51/51 1337/53/53
f 1423/1355/1348 1422/438/438 86/439/439
f 86/439/439 1422/438/438 1084/70/70
f 1421/51/51 1423/1355/1348 909/52/52
f 1423/1355/1348 86/439/439 909/52/52
f 1591/1689/1676 1424/1692/1305 608/1690/1256
f 1424/1312/1305 1323/1854/1833 608/1262/1256
f 1151/1250/1244 780/1249/1243 1425/1056/1052
f 1125/1972/1941 1151/1250/1244 1425/1056/1052
f 430/1156/1150 1426/1189/1183 382/1157/1151
f 1833/1783/1766 1426/1189/1183 430/1156/1150
f 1427/1784/1767 1213/619/619 135/618/618
f 1427/1784/1767 277/926/923 1213/619/619
f 1428/1195/1189 635/973/970 1025/972/969
f 1428/1195/1189 1516/1753/1737 635/973/970
f 1429/265/265 577/227/227 1618/1071/1067
f 1894/225/225 577/227/227 1429/265/265
f 1430/659/659 22/661/661 574/657/657
f 807/641/641 1430/659/659 574/657/657
f 1174/1366/1359 1431/795/795 980/1480/1473
f 1431/795/795 17/607/607 980/1480/1473
f 1432/1326/1319 740/1884/1862 1377/1350/1343
f 786/1463/1456 740/1884/1862 1432/1326/1319
f 164/571/571 451/76/76 1433/707/707
f 1433/707/707 451/76/76 48/262/262
f 327/306/306 1434/1035/1031 92/307/307
f 327/306/306 325/1036/1032 1434/1035/1031
f 244/833/831 1435/834/832 3/824/822
f 1812/917/19 1435/834/832 244/833/831
f 1199/744/744 1436/221/221 61/25/25
f 1436/221/221 197/26/26 61/25/25
f 1437/672/672 271/890/888 1046/670/670
f 264/896/894 271/890/888 1437/672/672
f 1438/875/873 288/965/962 1718/876/874
f 1438/875/873 953/1817/1799 288/965/962
f 1103/498/498 1439/471/471 685/1935/1908
f 1439/471/471 1020/45/45 685/1935/1908
f 1440/1065/1061 59/1059/1055 853/1066/1062
f 1345/1850/1829 59/1059/1055 1440/1065/1061
f 506/627/627 29/682/682 1441/696/696
f 29/682/682 1235/200/200 1441/696/696
f 1262/1522/1515 1442/1320/1313 1029/1652/1644
f 1262/1522/1515 1196/1318/1311 1442/1320/1313
f 893/323/323 1443/1928/1901 45/528/528
f 1443/1928/1901 1132/330/330 45/528/528
f 34/681/681 1444/198/198 1235/200/200
f 34/681/681 1828/1086/1082 1444/198/198
f 721/862/860 1445/885/883 259/1606/1598
f 721/862/860 1273/861/859 1445/885/883
f 874/365/365 831/364/364 1446/518/518
f 875/41/41 874/365/365 1446/518/518
f 733/1277/1271 1719/1833/1814 1447/290/290
f 1026/1832/1813 1810/1965/1935 1447/290/290
f 1448/1766/1750 35/1557/1550 38/203/203
f 1307/962/959 1448/1766/1750 38/203/203
f 1312/1774/1757 1449/419/419 84/1341/1334
f 1312/1774/1757 982/242/242 1449/419/419
f 950/1288/1281 1450/387/387 1755/1289/1282
f 1154/314/314 1450/387/387 950/1288/1281
f 1940/201/201 1451/190/190 1769/202/202
f 1451/190/190 549/1862/1840 760/1279/1273
f 438/1039/1035 1855/1374/1367 432/450/450
f 441/345/345 1854/347/347 438/1039/1035
f 1453/346/346 435/1373/1366 1287/310/310
f 440/342/342 435/1373/1366 1453/346/346
f 1454/1605/1597 1472/1604/810 80/1787/796
f 692/1504/1497 1454/1605/1597 80/1787/796
f 73/536/536 1349/448/448 1455/525/525
f 1722/537/537 73/536/536 1455/525/525
f 461/1395/1388 1107/1664/1656 1456/1422/1415
f 1456/1422/1415 964/289/289 461/1395/1388
f 660/388/388 1457/304/304 56/1760/1744
f 1457/304/304 1154/314/314 56/1760/1744
f 902/302/302 376/1162/1156 1458/1915/1889
f 1458/1915/1889 376/1162/1156 855/145/145
f 1459/746/746 855/145/145 190/144/144
f 1460/750/750 190/144/144 1119/143/143
f 1460/750/750 981/159/159 1459/746/746
f 1460/750/750 1459/746/746 190/144/144
f 1461/421/421 988/1402/1395 680/1773/1756
f 1461/421/421 1414/1401/1394 988/1402/1395
f 1462/1914/1888 58/312/312 203/303/303
f 1458/1915/1889 1462/1914/1888 203/303/303
f 1463/344/344 40/538/538 1361/39/39
f 1463/344/344 1407/343/343 40/538/538
f 1464/1040/1036 447/1038/1034 325/1036/1032
f 65/217/217 447/1038/1034 1464/1040/1036
f 1736/1394/1387 781/1396/1389 1465/1347/1340
f 1465/1347/1340 781/1396/1389 782/291/291
f 1466/1037/1033 436/778/778 217/220/220
f 1466/1037/1033 438/1039/1035 436/778/778
f 1449/419/419 1467/244/244 221/780/780
f 221/780/780 1467/244/244 51/511/511
f 1468/704/704 120/703/703 212/553/553
f 212/553/553 667/775/775 1468/704/704
f 1469/1179/1173 484/1351/1344 1447/290/290
f 1807/1424/1417 1215/1423/1416 484/1351/1344
f 723/1816/1798 1470/949/946 257/966/963
f 257/966/963 1470/949/946 1245/950/947
f 419/1881/1859 1471/1344/1337 1216/1880/1858
f 419/1881/1859 680/1773/1756 1471/1344/1337
f 1472/810/810 237/816/400 247/815/815
f 1276/1603/1596 237/400/400 1472/1604/810
f 1131/256/256 1473/527/527 1443/1928/1901
f 910/255/255 1473/527/527 1131/256/256
f 1158/1533/1526 1474/1757/1741 539/1199/1193
f 1788/1165/1159 1474/1757/1741 1158/1533/1526
f 1475/1570/1563 1723/1631/1623 1522/1332/1325
f 1475/1570/1563 796/1267/1261 366/131/131
f 75/1287/1280 1476/305/305 456/1352/1345
f 405/1177/1171 1755/1289/1282 75/1287/1280
f 712/1148/1142 1477/1311/1304 711/1809/1791
f 1609/1147/1141 1477/1311/1304 712/1148/1142
f 896/356/356 999/881/879 1478/1930/1903
f 896/356/356 1478/1930/1903 1298/1632/1624
f 256/951/948 1479/960/957 834/952/949
f 256/951/948 1813/1934/1907 1479/960/957
f 1480/1413/1406 478/1708/1692 617/1201/1195
f 1559/1174/1168 617/1201/1195 678/1175/1169
f 54/1524/1517 1670/1527/1520 1106/1804/1786
f 1670/1527/1520 1253/1937/1910 1106/1804/1786
f 1482/663/663 159/671/671 133/608/608
f 17/607/607 1482/663/663 133/608/608
f 1143/263/263 1483/719/719 1784/773/773
f 1483/719/719 1143/263/263 342/790/790
f 1596/1948/1918 633/1732/1716 1484/72/72
f 633/1732/1716 972/1158/1152 1484/72/72
f 1485/1221/1215 1159/1146/1140 786/1463/1456
f 1485/1669/1215 1623/1668/1659 1159/1671/1140
f 1137/654/654 171/677/677 1486/676/676
f 638/1741/1725 1137/654/654 1486/676/676
f 519/462/462 1487/1599/1592 1306/75/75
f 315/461/461 1487/1599/1592 519/462/462
f 1060/1680/1669 1488/1681/1670 602/126/126
f 258/1217/1211 602/126/126 1488/1681/1670
f 1489/566/566 873/268/268 1328/267/267
f 1113/563/563 1489/566/566 1328/267/267
f 1490/1718/1702 1090/540/540 891/1926/1899
f 891/1926/1899 1341/546/546 1490/1718/1702
f 1094/1030/1027 1491/1024/1021 320/8/8
f 320/8/8 1491/1024/1021 1661/458/458
f 1202/1747/1731 1492/1558/1551 35/1557/1550
f 1202/1747/1731 1687/1744/1728 1492/1558/1551
f 317/1026/1023 236/24/24 1659/28/28
f 1191/1025/1022 317/1026/1023 1659/28/28
f 1494/1307/1300 1352/1645/1637 683/1130/1124
f 1822/1308/1301 1494/1307/1300 683/1130/1124
f 1495/1089/1085 498/128/128 359/130/130
f 359/130/130 348/1098/1094 1495/1089/1085
f 564/1591/1584 1496/1792/1774 696/1153/1147
f 696/1153/1147 1496/1792/1774 938/1517/1510
f 1497/1772/1755 1076/1446/1439 367/1119/1113
f 19/1118/1112 1497/1772/1755 367/1119/1113
f 385/1202/1196 1498/103/103 1268/1338/1331
f 1268/1338/1331 1498/103/103 927/1943/1913
f 1684/1906/1881 1499/957/954 823/581/581
f 1561/207/207 1616/582/582 823/581/581
f 924/1417/1410 480/1111/1105 1500/1115/1109
f 1500/1115/1109 1501/1419/1412 483/1418/1411
f 1501/1419/1412 480/1111/1105 1318/1113/1107
f 1500/1115/1109 480/1111/1105 1501/1419/1412
f 152/692/692 141/598/598 1502/625/625
f 506/627/627 152/692/692 1502/625/625
f 1929/1802/1784 1503/1509/1502 530/1508/1501
f 525/843/841 530/1508/1501 1503/1509/1502
f 1503/1509/1502 1504/1495/1488 390/1224/1218
f 1839/856/854 856/1222/1216 390/1224/1218
f 936/117/117 628/1723/1707 1505/1585/1578
f 1505/1585/1578 628/1723/1707 1915/1586/1579
f 865/730/730 803/547/547 1506/550/550
f 803/547/547 1341/546/546 1506/550/550
f 659/1758/1742 738/123/123 1507/122/122
f 1654/1767/1751 659/1758/1742 1507/122/122
f 202/769/769 1508/736/736 183/434/434
f 1509/510/510 32/509/509 1508/736/736
f 1509/510/510 1508/736/736 202/769/769
f 87/774/774 1509/510/510 202/769/769
f 87/774/774 1510/735/735 1509/510/510
f 1667/423/423 1793/178/178 1645/1807/1789
f 558/1581/1574 1511/1171/1165 788/1448/1441
f 558/1581/1574 1398/1583/1576 1511/1171/1165
f 1635/1628/1620 1512/1813/1795 394/1141/1135
f 1512/1813/1795 820/205/205 394/1141/1135
f 20/1053/1049 930/1433/1426 1513/708/708
f 164/571/571 20/1053/1049 1513/708/708
f 1514/969/966 279/1916/1890 859/938/935
f 1514/969/966 859/938/935 1686/970/967
f 1626/1827/1808 1515/81/81 729/1513/1506
f 1515/81/81 1564/83/83 729/1513/1506
f 1363/1752/1736 652/1198/1192 1516/1753/1737
f 1428/1195/1189 1363/1752/1736 1516/1753/1737
f 68/720/720 1517/15/15 122/390/390
f 1517/15/15 46/560/560 122/390/390
f 1518/1679/1668 1097/1678/1667 600/1674/1663
f 1518/1679/1668 600/1674/1663 954/1207/1201
f 1003/846/844 1776/1566/1559 37/653/653
f 37/653/653 1776/1566/1559 142/622/622
f 1520/580/580 1929/1802/1784 707/1045/1041
f 612/1044/1040 1520/580/580 707/1045/1041
f 871/1610/1602 1085/113/113 1521/1559/1552
f 550/1561/1554 871/1610/1602 1521/1559/1552
f 1475/1570/1563 1522/1332/1325 571/1571/1564
f 1522/1332/1325 1085/113/113 1917/1921/1895
f 743/590/590 1523/1846/1825 869/1243/1237
f 912/1125/1119 869/1243/1237 1523/1846/1825
f 1524/844/842 722/1483/1476 605/1047/1043
f 1524/844/842 332/1963/1933 722/1483/1476
f 1525/1658/1650 593/1464/1457 140/643/643
f 1164/567/567 593/1464/1457 1525/1658/1650
f 1526/214/214 39/1851/1830 771/1699/1683
f 1526/214/214 771/1699/1683 1821/1700/1684
f 95/464/464 1527/1436/1429 1161/466/466
f 1527/1436/1429 13/430/430 1161/466/466
f 884/689/689 1528/656/656 1529/638/638
f 751/688/688 1528/656/656 884/689/689
f 139/686/686 1529/638/638 1841/655/655
f 884/689/689 1529/638/638 139/686/686
f 767/543/543 766/1868/1846 1530/1869/1847
f 1064/1638/1630 767/543/543 1530/1869/1847
f 467/396/396 1531/1764/1748 671/1392/1385
f 467/396/396 1603/1933/1906 1531/1764/1748
f 1532/1460/1453 513/1459/1452 409/235/235
f 787/234/234 1532/1460/1453 409/235/235
f 1872/1627/1619 946/319/319 15/79/79
f 1872/1627/1619 578/1626/1618 946/319/319
f 1534/941/938 756/930/927 726/929/926
f 1666/1936/1909 1534/941/938 726/929/926
f 1315/1555/1548 548/1181/1175 1535/1281/1275
f 1535/1281/1275 548/1181/1175 900/1587/1580
f 201/377/377 1536/376/376 110/520/520
f 6/521/521 110/520/520 1857/296/296
f 1537/394/394 1138/426/426 1171/1794/1776
f 1173/424/424 1138/426/426 1537/394/394
f 737/1270/1264 1075/1675/1664 1538/1839/1819
f 738/123/123 1538/1839/1819 1075/1675/1664
f 1539/108/108 1888/1913/1887 851/1618/1610
f 1327/109/109 1539/108/108 851/1618/1610
f 1159/1146/1140 514/1458/1451 1540/1883/1861
f 1540/1883/1861 514/1458/1451 787/234/234
f 1541/1825/1806 727/1420/1413 404/1283/1276
f 404/1283/1276 732/1286/1279 1541/1825/1806
f 488/1427/1420 1542/135/135 1091/1076/1072
f 1167/136/136 1542/135/135 488/1427/1420
f 1543/935/932 1365/922/919 278/933/930
f 128/932/929 1543/935/932 278/933/930
f 1544/350/350 538/1530/1523 1056/478/478
f 1056/478/478 1835/479/479 1544/350/350
f 1591/1689/1676 1545/1691/1677 955/1358/1351
f 1545/1691/1677 1371/1829/1810 955/1358/1351
f 1014/652/652 1899/674/674 1546/1831/1812
f 609/1694/1678 1014/652/652 1546/1831/1812
f 1867/1866/1844 1547/1867/1845 477/134/134
f 1547/1867/1845 1542/135/135 477/134/134
f 145/668/668 1548/632/632 137/629/629
f 1548/632/632 268/910/908 137/629/629
f 607/631/631 1549/1834/1815 1548/632/632
f 818/699/699 1549/1834/1815 607/631/631
f 928/1944/1914 1550/1576/1569 417/1120/1114
f 1550/1576/1569 1923/1961/1931 417/1120/1114
f 1551/865/863 36/1795/1777 1057/1239/1233
f 1551/865/863 908/864/862 36/1795/1777
f 1552/89/89 485/1909/1884 1601/1907/1882
f 1552/89/89 1180/88/88 485/1909/1884
f 316/1008/1005 1553/1020/1017 1378/1028/1025
f 1378/1028/1025 1553/1020/1017 1/830/828
f 935/927/924 1554/173/173 31/177/177
f 31/177/177 1554/173/173 1721/260/260
f 961/1924/1897 1555/212/212 745/874/872
f 528/1499/1492 1555/212/212 961/1924/1897
f 1556/880/878 290/1110/1104 1288/954/951
f 1288/954/951 1765/953/950 1556/880/878
f 1557/1085/1081 490/1073/1069 343/1083/1079
f 490/1073/1069 1557/1085/1081 1720/1074/1070
f 591/1013/1010 523/1491/1484 1558/1654/1646
f 1558/1654/1646 523/1491/1484 1170/1740/1724
f 1074/1173/1167 1480/1413/1406 1559/1174/1168
f 1559/1174/1168 1480/1413/1406 617/1201/1195
f 1560/1410/1403 764/1101/1097 1547/1867/1845
f 1560/1410/1403 1825/1102/1098 764/1101/1097
f 1499/957/954 283/956/953 1561/207/207
f 1499/957/954 1561/207/207 823/581/581
f 1562/1872/1850 907/152/152 407/154/154
f 407/154/154 1165/1299/1292 1562/1872/1850
f 1180/88/88 424/1797/1779 1563/1228/1222
f 1563/1228/1222 1698/1407/1400 391/1229/1223
f 729/1513/1506 1564/83/83 688/1155/1149
f 1564/83/83 990/1359/1352 688/1155/1149
f 574/657/657 22/661/661 1565/658/658
f 22/661/661 1523/1846/1825 1845/1845/1824
f 177/49/49 1838/1977/1946 50/516/516
f 452/48/48 1838/1977/1946 177/49/49
f 615/116/116 1343/1432/1425 1567/409/409
f 615/116/116 1567/409/409 936/117/117
f 403/588/588 1568/587/587 725/1278/1272
f 1058/1822/1804 725/1278/1272 1568/587/587
f 1536/376/376 55/412/412 1569/297/297
f 55/412/412 103/468/468 1943/33/33
f 793/107/107 1570/1212/1206 1539/108/108
f 870/1920/1894 1570/1212/1206 793/107/107
f 1571/311/311 466/1404/1397 504/1382/1375
f 1287/310/310 1693/1405/1398 1571/311/311
f 412/578/578 1572/931/928 1071/579/579
f 1821/1700/1684 1572/931/928 412/578/578
f 1573/1734/1718 887/1456/1449 1259/1733/1717
f 512/1848/1827 887/1456/1449 1573/1734/1718
f 1773/1000/997 1574/978/975 303/484/484
f 298/1736/1720 849/977/974 1574/978/975
f 1574/978/975 1575/996/993 308/975/972
f 1575/996/993 923/1003/1000 308/975/972
f 1576/716/716 505/1324/1317 170/1327/1320
f 487/428/428 505/1324/1317 1576/716/716
f 1577/772/772 1111/66/66 44/68/68
f 1576/716/716 1111/66/66 1577/772/772
f 699/1788/1770 1578/1974/1943 929/806/806
f 1125/1972/1941 1578/1974/1943 699/1788/1770
f 1579/1055/1051 929/806/806 1578/1974/1943
f 1425/1056/1052 1579/1055/1051 1578/1974/1943
f 1308/645/645 1580/74/74 578/1626/1618
f 1308/645/645 1484/72/72 1580/74/74
f 736/1545/1538 1187/1543/1536 1581/1980/1434
f 1187/1543/1536 1188/1546/1539 1581/1980/1434
f 382/1157/1151 1426/1189/1183 1582/1188/1182
f 382/1157/1151 1582/1188/1182 1212/1511/1504
f 1358/1500/1493 1583/923/920 748/1852/1831
f 748/1852/1831 1583/923/920 791/925/922
f 743/590/590 1584/1244/1238 130/591/591
f 1584/1244/1238 1033/1698/1682 130/591/591
f 1669/1613/1605 719/1151/1145 1585/1547/1540
f 719/1151/1145 774/1150/1144 1585/1547/1540
f 1072/1724/1708 1586/112/112 1125/1972/1941
f 1072/1724/1708 559/1911/1886 1586/112/112
f 1404/1616/1608 1587/1615/1607 26/1362/1355
f 1587/1615/1607 720/1815/1797 26/1362/1355
f 1589/1304/1297 1217/1462/1455 1588/1876/1854
f 43/64/64 1588/1876/1854 1186/1467/1460
f 1589/1304/1297 43/64/64 1124/63/63
f 1589/1304/1297 1588/1876/1854 43/64/64
f 705/1780/1763 1590/1910/1885 1021/1233/1227
f 1214/1235/1229 1590/1910/1885 705/1780/1763
f 812/1310/1303 1591/1689/1676 955/1358/1351
f 1591/1689/1676 812/1310/1303 373/1309/1302
f 1476/305/305 1592/247/247 456/1352/1345
f 456/1352/1345 1592/247/247 841/1390/1383
f 1593/1574/1567 1133/321/321 1594/1573/1566
f 1133/321/321 1593/1574/1567 15/79/79
f 1594/1573/1566 1133/321/321 406/1257/1251
f 406/1257/1251 336/1291/1284 1594/1573/1566
f 395/1211/1205 387/1710/1694 1595/1209/1203
f 1712/1709/1693 1888/1913/1887 387/1710/1694
f 1596/1948/1918 14/1161/1155 633/1732/1716
f 1890/1640/1632 515/1159/1153 14/1161/1155
f 638/1741/1725 743/590/590 1597/592/592
f 638/1741/1725 1597/592/592 1137/654/654
f 1598/1929/1902 1877/1067/1063 1211/1293/1286
f 336/1291/1284 1598/1929/1902 1211/1293/1286
f 1336/649/649 147/673/673 1599/691/691
f 1336/649/649 1599/691/691 157/675/675
f 1600/1665/1657 1360/1011/1008 596/1879/1857
f 780/1249/1243 1600/1665/1657 596/1879/1857
f 825/94/94 1601/1907/1882 268/910/908
f 825/94/94 1552/89/89 1601/1907/1882
f 232/96/96 1602/1537/1530 1701/1895/1872
f 1639/1696/1680 1602/1537/1530 232/96/96
f 1310/232/232 1603/1933/1906 42/348/348
f 42/348/348 1603/1933/1906 467/396/396
f 201/377/377 1604/447/447 230/378/378
f 1604/447/447 1293/444/444 230/378/378
f 900/1770/1580 1605/1984/1174 1856/1769/1753
f 1605/1180/1174 738/123/123 560/1183/1177
f 1606/1901/1878 1040/1785/1768 906/1687/1674
f 906/1687/1674 818/699/699 1948/1900/1877
f 1275/1430/1423 1607/1956/1926 976/860/858
f 1256/417/417 1607/1956/1926 1275/1430/1423
f 1808/1843/1822 1608/1657/1649 621/1715/1699
f 1794/858/856 1608/1657/1649 810/859/857
f 1609/1147/1141 373/1309/1302 1477/1311/1304
f 922/1942/1660 373/1309/1302 1609/1147/1141
f 98/1072/1068 18/358/358 1610/357/357
f 462/1397/1390 1611/1075/1071 1802/1985/1950
f 1720/1074/1070 98/1072/1068 1611/1075/1071
f 1611/1075/1071 98/1072/1068 1802/1985/1950
f 820/205/205 867/204/204 1612/1902/1879
f 1612/1902/1879 1613/1651/1643 588/1142/1136
f 1612/1902/1879 867/204/204 1613/1651/1643
f 1613/1651/1643 867/204/204 1903/1650/1642
f 1614/283/283 182/229/229 188/1754/1738
f 1316/919/916 1614/283/283 188/1754/1738
f 1219/1637/1629 1015/1531/1524 1615/1798/1780
f 1615/1798/1780 563/361/361 1219/1637/1629
f 365/209/209 1616/582/582 1561/207/207
f 365/209/209 1514/969/966 1616/582/582
f 179/1704/1688 1617/1705/1689 615/116/116
f 765/226/226 1771/1103/1099 179/1704/1688
f 1429/265/265 1618/1071/1067 337/1070/1066
f 337/1070/1066 1618/1071/1067 164/571/571
f 877/1625/1617 1505/1585/1578 1619/1051/1047
f 1618/1071/1067 877/1625/1617 1619/1051/1047
f 1621/1021/1018 1622/832/830 1620/4/4
f 797/1027/1024 1620/4/4 319/7/7
f 1621/1021/1018 1620/4/4 797/1027/1024
f 1/830/828 1621/1021/1018 797/1027/1024
f 1622/832/830 493/5/5 1620/4/4
f 1622/832/830 661/828/826 493/5/5
f 1188/1546/1539 597/1298/1291 1623/1668/1659
f 1623/1668/1659 597/1298/1291 1900/1300/1293
f 1624/354/354 258/1217/1211 603/1215/1209
f 350/352/352 1624/354/354 603/1215/1209
f 1774/812/812 529/811/811 1625/1624/1616
f 864/1623/1615 1796/1777/1760 576/868/866
f 585/91/91 1626/1827/1808 531/92/92
f 531/92/92 1626/1827/1808 1416/1510/1503
f 26/1362/1355 720/1815/1797 1627/140/140
f 1627/140/140 720/1815/1797 805/141/141
f 1016/1549/1542 777/1659/1651 1628/335/335
f 777/1659/1651 477/134/134 1628/335/335
f 1405/1951/1921 1629/1009/1006 314/1016/1013
f 313/1010/1007 1629/1009/1006 1405/1951/1921
f 1630/651/651 157/675/675 1899/674/674
f 1630/651/651 1336/649/649 157/675/675
f 651/1750/1734 572/338/338 1631/555/555
f 1631/555/555 848/557/557 1632/1473/1466
f 1631/555/555 1632/1473/1466 651/1750/1734
f 651/1750/1734 1632/1473/1466 517/1472/1465
f 1297/313/313 1633/1950/1920 25/245/245
f 25/245/245 1633/1950/1920 102/494/494
f 819/1206/1200 1634/104/104 1518/1679/1668
f 1290/105/105 1634/104/104 819/1206/1200
f 372/1143/1137 1179/1726/1710 1635/1628/1620
f 579/1140/1134 1836/1814/1796 1179/1726/1710
f 1636/1399/1392 1421/51/51 260/486/486
f 53/1400/1393 1636/1399/1392 260/486/486
f 1045/1947/1917 1637/422/422 942/1273/1267
f 1637/422/422 1461/421/421 942/1273/1267
f 1413/1697/1681 1913/1779/1762 1638/1782/1765
f 1413/1697/1681 1638/1782/1765 972/1158/1152
f 1007/1781/1764 610/1232/1226 1639/1696/1680
f 1638/1782/1765 1007/1781/1764 1639/1696/1680
f 1139/1050/1046 1640/392/392 547/1551/1544
f 547/1551/1544 1640/392/392 1537/394/394
f 1641/939/936 753/1856/1834 1193/847/845
f 1792/936/933 753/1856/1834 1641/939/936
f 1643/983/980 1642/985/982 1385/1835/1816
f 1385/1835/1816 1642/985/982 735/974/971
f 304/987/984 1643/983/980 1385/1835/1816
f 305/997/994 1643/983/980 304/987/984
f 209/373/373 1644/375/375 1392/14/14
f 1644/375/375 1928/522/522 1392/14/14
f 1645/1807/1789 87/774/774 1173/424/424
f 1645/1807/1789 1510/735/735 87/774/774
f 1646/1187/1181 920/1512/1505 540/1234/1228
f 1646/1187/1181 531/92/92 920/1512/1505
f 1647/1890/1868 1172/1889/1867 799/1132/1126
f 400/1265/1259 1172/1889/1867 1647/1890/1868
f 799/1132/1126 1172/1889/1867 1648/1266/1260
f 799/1132/1126 1648/1266/1260 393/1133/1127
f 1049/138/138 1649/733/733 41/139/139
f 1649/733/733 1206/1661/1653 41/139/139
f 1880/1954/1924 967/914/912 968/1953/1923
f 265/891/889 1880/1954/1924 968/1953/1923
f 1651/1888/1866 796/1267/1261 1475/1570/1563
f 1651/1888/1866 600/1674/1663 796/1267/1261
f 479/602/602 1652/897/895 132/603/603
f 489/1414/1407 1652/897/895 479/602/602
f 601/1677/1666 1653/1676/1665 1097/1678/1667
f 1097/1678/1667 1653/1676/1665 1017/1269/1263
f 676/1745/1729 1654/1767/1751 1507/122/122
f 1325/1768/1752 1654/1767/1751 676/1745/1729
f 1655/1337/1330 928/1944/1914 1303/1945/1915
f 1655/1337/1330 1076/1446/1439 928/1944/1914
f 424/1797/1779 1656/1354/1347 702/1796/1778
f 702/1796/1778 1656/1354/1347 1657/1117/1111
f 1656/1354/1347 1073/1415/1408 1657/1117/1111
f 1073/1415/1408 19/1118/1112 1657/1117/1111
f 791/925/922 888/958/955 1658/959/956
f 748/1852/1831 791/925/922 1658/959/956
f 1659/28/28 186/12/12 1493/11/11
f 1191/1025/1022 1659/28/28 1493/11/11
f 763/1859/1837 1660/1790/1772 695/542/542
f 695/542/542 1660/1790/1772 1019/1518/1511
f 1661/458/458 1130/1014/1011 94/1981/1948
f 1661/458/458 94/1981/1948 320/8/8
f 1076/1446/1439 1662/1582/1575 631/1447/1440
f 1662/1582/1575 558/1581/1574 631/1447/1440
f 1663/1271/1265 524/1168/1162 798/1138/1132
f 1355/1166/1160 524/1168/1162 1663/1271/1265
f 1664/964/961 287/963/960 1379/851/849
f 1664/964/961 1193/847/845 287/963/960
f 1666/1936/1909 726/929/926 1665/1820/1802
f 415/188/188 1665/1820/1802 1061/928/925
f 415/188/188 760/1279/1273 1666/1936/1909
f 1666/1936/1909 1665/1820/1802 415/188/188
f 710/1515/1508 1667/423/423 1645/1807/1789
f 1709/848/846 1667/423/423 710/1515/1508
f 1022/1682/1671 605/1047/1043 1668/1683/1672
f 1776/1566/1559 1022/1682/1671 1668/1683/1672
f 1126/1544/1537 544/1218/1212 1669/1613/1605
f 573/294/294 1669/1613/1605 544/1218/1212
f 1670/1527/1520 1735/397/397 1481/399/399
f 1670/1527/1520 1481/399/399 1253/1937/1910
f 929/806/806 1086/31/31 1671/30/30
f 1671/30/30 501/460/460 929/806/806
f 1672/1593/1586 397/1877/1855 779/1259/1253
f 1078/1256/1250 397/1877/1855 1672/1593/1586
f 1673/1949/1919 1507/122/122 947/124/124
f 947/124/124 548/1181/1175 1673/1949/1919
f 780/1249/1243 1674/1054/1050 1425/1056/1052
f 780/1249/1243 596/1879/1857 1674/1054/1050
f 944/1466/1459 1596/1948/1918 1675/644/644
f 140/643/643 944/1466/1459 1675/644/644
f 1676/1481/1474 980/1480/1473 1677/697/697
f 1359/665/665 1676/1481/1474 520/614/614
f 1676/1481/1474 1677/697/697 520/614/614
f 1677/697/697 1949/698/698 520/614/614
f 1072/1724/1708 1678/1607/1599 559/1911/1886
f 1678/1607/1599 259/1606/1598 559/1911/1886
f 274/475/475 1679/765/765 654/316/316
f 915/474/474 1679/765/765 274/475/475
f 606/1095/1091 1680/1096/1092 433/1686/1089
f 1680/1096/1092 604/1097/1093 433/1686/1089
f 876/62/62 543/61/61 1681/1219/1213
f 1682/1742/1726 1681/1219/1213 561/1325/1318
f 645/1588/1581 876/62/62 1682/1742/1726
f 876/62/62 1681/1219/1213 1682/1742/1726
f 1683/1471/1464 1375/1470/1463 878/845/843
f 878/845/843 605/1047/1043 1683/1471/1464
f 276/934/931 1684/1906/1881 1543/935/932
f 276/934/931 888/958/955 1684/1906/1881
f 391/1229/1223 414/1409/1402 1685/1114/1108
f 1004/1116/1110 391/1229/1223 1685/1114/1108
f 1616/582/582 1686/970/967 1116/583/583
f 1116/583/583 1686/970/967 286/921/918
f 1687/1744/1728 1673/1949/1919 646/1554/1547
f 1687/1744/1728 646/1554/1547 403/588/588
f 1688/78/78 1008/1925/1898 755/1858/1836
f 1688/78/78 755/1858/1836 1420/760/760
f 1932/882/880 1689/1672/1661 1690/1896/1873
f 941/1438/1431 508/1589/1582 1689/1672/1661
f 1689/1672/1661 508/1589/1582 1690/1896/1873
f 1690/1896/1873 508/1589/1582 645/1588/1581
f 366/131/131 1742/133/133 1691/1629/1621
f 744/1847/1826 1179/1726/1710 1691/1629/1621
f 749/1592/1585 1692/1871/1849 407/154/154
f 749/1592/1585 1496/1792/1774 1818/1853/1832
f 1693/1405/1398 1837/1372/1365 466/1404/1397
f 1571/311/311 1693/1405/1398 466/1404/1397
f 1728/729/729 803/547/547 1694/754/754
f 766/1868/1846 1694/754/754 192/753/753
f 1389/1378/1371 1695/327/327 48/262/262
f 852/1596/1589 1695/327/327 1389/1378/1371
f 1318/1113/1107 1696/1617/1609 1697/1826/1807
f 1697/1826/1807 1696/1617/1609 1830/1711/1695
f 404/1283/1276 1697/1826/1807 807/641/641
f 807/641/641 1697/1826/1807 1830/1711/1695
f 424/1797/1779 1698/1407/1400 1563/1228/1222
f 424/1797/1779 702/1796/1778 1698/1407/1400
f 712/1148/1142 711/1809/1791 1699/1306/1299
f 711/1809/1791 684/1128/1122 1699/1306/1299
f 989/1144/1138 1246/1727/1711 1700/1891/1869
f 1700/1891/1869 1647/1890/1868 989/1144/1138
f 1701/1895/1872 1296/1184/1178 917/1254/1248
f 1701/1895/1872 809/1538/1531 1296/1184/1178
f 1415/1525/1518 708/1803/1785 1702/161/161
f 118/777/777 1415/1525/1518 1702/161/161
f 1703/211/211 700/873/871 1555/212/212
f 908/864/862 700/873/871 1703/211/211
f 1704/1761/1745 664/1197/1191 949/1196/1190
f 1704/1761/1745 1895/1751/1735 383/1194/1188
f 1911/912/910 619/1439/1432 1705/37/37
f 619/1439/1432 941/1438/1431 1705/37/37
f 918/1939/1912 1706/1600/1593 1330/1193/1187
f 1283/146/146 1706/1600/1593 918/1939/1912
f 1104/1837/1817 380/1838/1818 1707/1137/1131
f 659/1758/1742 1707/1137/1131 380/1838/1818
f 1708/401/401 83/20/20 273/402/402
f 1272/1812/1794 83/20/20 1708/401/401
f 33/1562/1555 1667/423/423 1709/848/846
f 816/850/848 33/1562/1555 1709/848/846
f 115/1094/1090 349/1092/1088 1710/535/535
f 1407/343/343 115/1094/1090 1710/535/535
f 1711/1899/1876 970/849/847 599/191/191
f 785/1223/1217 1711/1899/1876 599/191/191
f 1712/1709/1693 912/1125/1119 618/660/660
f 1712/1709/1693 618/660/660 1430/659/659
f 1027/249/249 1236/1335/1328 1713/1275/1269
f 1713/1275/1269 423/1384/1377 1027/249/249
f 1714/425/425 206/431/431 1138/426/426
f 1714/425/425 1760/770/770 206/431/431
f 557/1579/1572 1141/1973/1942 1715/167/167
f 1715/167/167 1141/1973/1942 649/168/168
f 1716/1938/1911 1006/1646/1638 1831/380/380
f 914/1748/1732 1006/1646/1638 1716/1938/1911
f 1717/1539/1532 1791/1552/1545 697/1918/1892
f 1162/391/391 1717/1539/1532 697/1918/1892
f 1718/876/874 689/1882/1860 1427/1784/1767
f 1718/876/874 1245/950/947 689/1882/1860
f 1447/290/290 1719/1833/1814 1026/1832/1813
f 1719/1833/1814 402/1272/1266 1026/1832/1813
f 1720/1074/1070 1333/1078/1074 491/572/572
f 338/360/360 1333/1078/1074 1720/1074/1070
f 1793/178/178 31/177/177 1721/260/260
f 1510/735/735 1721/260/260 208/175/175
f 1722/537/537 1148/524/524 111/40/40
f 1722/537/537 1455/525/525 1148/524/524
f 1723/1631/1623 366/131/131 1691/1629/1621
f 1475/1570/1563 366/131/131 1723/1631/1623
f 1724/13/13 68/720/720 1799/721/721
f 1724/13/13 1517/15/15 68/720/720
f 674/575/575 76/561/561 1725/389/389
f 46/560/560 1725/389/389 76/561/561
f 28/1004/1001 305/997/994 1726/1002/999
f 310/982/979 28/1004/1001 1726/1002/999
f 378/1172/1166 1727/1412/1405 489/1414/1407
f 1387/585/585 1727/1412/1405 378/1172/1166
f 1728/729/729 1694/754/754 766/1868/1846
f 767/543/543 1728/729/729 766/1868/1846
f 178/723/723 78/785/785 1729/1084/1080
f 1730/724/724 176/120/120 178/723/723
f 178/723/723 1729/1084/1080 1730/724/724
f 1730/724/724 1729/1084/1080 462/1397/1390
f 388/449/449 1731/1437/1430 1911/912/910
f 388/449/449 1183/1369/1362 1731/1437/1430
f 340/1077/1073 1732/573/573 491/572/572
f 1733/1079/1075 1128/570/570 1732/573/573
f 1091/1076/1072 1733/1079/1075 340/1077/1073
f 340/1077/1073 1733/1079/1075 1732/573/573
f 543/61/61 1581/1441/1434 1734/1220/1214
f 543/61/61 1734/1220/1214 1681/1219/1213
f 545/1729/1713 1279/1728/1712 1735/397/397
f 1281/1952/1922 545/1729/1713 1735/397/397
f 595/990/987 1736/1394/1387 420/1346/1339
f 420/1346/1339 1736/1394/1387 1465/1347/1340
f 1150/745/745 1737/473/473 24/747/747
f 1150/745/745 915/474/474 1737/473/473
f 414/1409/1402 1738/1208/1202 924/1417/1410
f 1121/1122/1116 1738/1208/1202 414/1409/1402
f 1902/779/779 1739/767/767 222/441/441
f 222/441/441 1739/767/767 49/279/279
f 550/1561/1554 1740/1245/1239 1367/1210/1204
f 550/1561/1554 368/1560/1553 1740/1245/1239
f 1741/1986/2 80/796/796 234/798/798
f 1759/1893/1870 234/798/798 1329/799/799
f 377/1494/1487 744/1847/1826 1742/133/133
f 1742/133/133 744/1847/1826 1691/1629/1621
f 1743/1227/1221 1313/1226/1220 332/1963/1933
f 1524/844/842 1743/1227/1221 332/1963/1933
f 1011/1375/1368 1744/1860/1838 313/1010/1007
f 1744/1860/1838 1011/1375/1368 442/1012/1009
f 119/514/514 293/513/513 1745/274/274
f 119/514/514 1745/274/274 1020/45/45
f 1155/1057/1053 334/1612/1604 1746/981/978
f 334/1612/1604 517/1472/1465 1746/981/978
f 1747/1636/1628 478/1708/1692 1387/585/585
f 1747/1636/1628 1937/1635/1627 478/1708/1692
f 1748/576/576 127/253/253 674/575/575
f 674/575/575 1725/389/389 1748/576/576
f 127/253/253 1403/395/395 1749/121/121
f 674/575/575 127/253/253 1749/121/121
f 1750/1908/1883 495/86/86 1100/87/87
f 826/1810/1792 1750/1908/1883 1100/87/87
f 1292/1892/3 235/813/813 1751/802/802
f 1751/802/802 235/813/813 1916/803/803
f 604/1097/1093 533/1214/1208 1752/1966/1936
f 533/1214/1208 1488/1681/1670 1752/1966/1936
f 714/1252/1246 1753/867/865 1600/1665/1657
f 576/868/866 1753/867/865 714/1252/1246
f 1754/600/600 475/717/717 1502/625/625
f 1754/600/600 172/687/687 475/717/717
f 1755/1289/1282 1476/305/305 75/1287/1280
f 1450/387/387 1476/305/305 1755/1289/1282
f 225/783/783 1756/784/784 1878/119/119
f 1184/349/349 1756/784/784 225/783/783
f 129/792/792 289/612/612 1757/793/793
f 1757/793/793 289/612/612 144/662/662
f 1136/667/667 151/1903/1880 1758/599/599
f 1758/599/599 151/1903/1880 1754/600/600
f 1741/1986/2 1759/1893/1870 1292/1892/3
f 1759/1893/1870 1741/1986/2 234/798/798
f 1760/770/770 213/734/734 206/431/431
f 1760/770/770 1905/776/776 213/734/734
f 856/1222/1216 1761/853/851 785/1223/1217
f 785/1223/1217 1761/853/851 816/850/848
f 608/1262/1256 1323/1854/1833 1762/1263/1257
f 564/1591/1584 1762/1263/1257 1323/1854/1833
f 1763/1240/1234 254/206/206 820/205/205
f 254/206/206 1763/1240/1234 1703/211/211
f 155/679/679 149/678/678 1764/626/626
f 1764/626/626 475/717/717 155/679/679
f 1556/880/878 1765/953/950 1092/878/876
f 1765/953/950 285/961/958 1092/878/876
f 1169/1842/1821 1766/1971/1940 1123/569/569
f 1123/569/569 1766/1971/1940 857/568/568
f 1110/1830/1811 1767/613/613 609/1694/1678
f 1767/613/613 134/650/650 609/1694/1678
f 1668/1683/1672 1233/1609/1601 1768/1482/1475
f 1768/1482/1475 1233/1609/1601 521/195/195
f 1769/202/202 1451/190/190 1024/621/621
f 1769/202/202 1024/621/621 1470/949/946
f 1770/766/766 108/512/512 1209/551/551
f 875/41/41 108/512/512 1770/766/766
f 1771/1103/1099 1825/1102/1098 1617/1705/1689
f 1771/1103/1099 1617/1705/1689 179/1704/1688
f 1772/837/835 239/825/823 292/822/820
f 1809/835/833 247/815/815 239/825/823
f 298/1736/1720 1574/978/975 1773/1000/997
f 297/999/996 298/1736/1720 1773/1000/997
f 249/404/404 1774/812/812 864/1623/1615
f 1774/812/812 1796/1777/1760 864/1623/1615
f 1775/1621/1613 682/838/836 1344/1776/1759
f 1775/1621/1613 575/1620/1612 682/838/836
f 1776/1566/1559 1519/623/623 142/622/622
f 1776/1566/1559 1819/1684/1673 1519/623/623
f 1777/1597/1590 1326/1739/1723 637/1015/1012
f 1326/1739/1723 1777/1597/1590 315/461/461
f 870/1920/1894 1778/1886/1864 1570/1212/1206
f 1409/1330/1323 1778/1886/1864 870/1920/1894
f 1779/1123/1117 1573/1734/1718 634/180/180
f 1779/1123/1117 634/180/180 1314/1124/1118
f 1111/66/66 170/1327/1320 1780/715/715
f 170/1327/1320 1432/1326/1319 1780/715/715
f 1365/922/919 1781/1875/1853 278/933/930
f 1365/922/919 251/855/853 1781/1875/1853
f 88/437/437 487/428/428 1782/427/427
f 1084/70/70 88/437/437 1782/427/427
f 1783/762/762 1229/712/712 229/491/491
f 168/714/714 1229/712/712 1783/762/762
f 1128/570/570 205/261/261 1784/773/773
f 205/261/261 1143/263/263 1784/773/773
f 1232/1749/1733 296/984/981 1785/1005/1002
f 296/984/981 1643/983/980 1785/1005/1002
f 1786/1964/1934 1330/1193/1187 1025/972/969
f 735/974/971 1786/1964/1934 1025/972/969
f 1787/1975/1944 1157/1316/1309 1232/1749/1733
f 1181/1315/1308 1157/1316/1309 1787/1975/1944
f 427/1360/1353 630/1535/1528 1788/1165/1159
f 1788/1165/1159 630/1535/1528 1474/1757/1741
f 1610/357/357 1182/477/477 1802/1985/1950
f 98/1072/1068 1610/357/357 1802/1985/1950
f 1176/1714/1698 1790/1955/1925 529/811/811
f 1176/1714/1698 741/1502/1495 1790/1955/1925
f 697/1918/1892 1791/1552/1545 542/1919/1893
f 1791/1552/1545 1537/394/394 542/1919/1893
f 279/1916/1890 1114/968/965 1792/936/933
f 1641/939/936 279/1916/1890 1792/936/933
f 1793/178/178 1510/735/735 1645/1807/1789
f 1793/178/178 1721/260/260 1510/735/735
f 537/1716/1700 621/1715/1699 1794/858/856
f 1794/858/856 621/1715/1699 1608/1657/1649
f 1795/1526/1519 1281/1952/1922 1670/1527/1520
f 1795/1526/1519 959/1163/1157 1281/1952/1922
f 1774/812/812 1625/1624/1616 1796/1777/1760
f 1796/1777/1760 1625/1624/1616 1775/1621/1613
f 111/40/40 1797/523/523 875/41/41
f 1148/524/524 1797/523/523 111/40/40
f 1798/1931/1904 933/324/324 1043/895/893
f 263/248/248 933/324/324 1798/1931/1904
f 462/1397/1390 1789/1987/1951 1799/721/721
f 462/1397/1390 1799/721/721 68/720/720
f 1800/879/877 723/1816/1798 953/1817/1799
f 1800/879/877 953/1817/1799 1114/968/965
f 1801/519/519 228/46/46 293/513/513
f 1446/518/518 1801/519/519 293/513/513
f 1802/1985/1950 1182/477/477 1789/1987/1951
f 1802/1985/1950 1789/1987/1951 462/1397/1390
f 616/1251/1245 1858/1707/1691 1803/870/868
f 939/871/869 1803/870/868 1023/1706/1690
f 1537/394/394 47/393/393 1804/1806/1788
f 532/1514/1507 1804/1806/1788 47/393/393
f 1805/455/455 444/544/544 226/786/786
f 291/333/333 1805/455/455 226/786/786
f 1789/1987/1951 1182/477/477 1806/476/476
f 1806/476/476 1799/721/721 1789/1987/1951
f 1807/1424/1417 484/1351/1344 1469/1179/1173
f 964/289/289 1807/1424/1417 1469/1179/1173
f 1808/1843/1822 854/403/403 1608/1657/1649
f 1808/1843/1822 529/811/811 854/403/403
f 1809/835/833 1772/837/835 672/827/825
f 1772/837/835 1809/835/833 239/825/823
f 1810/1965/1935 1216/1880/1858 782/291/291
f 1447/290/290 1810/1965/1935 782/291/291
f 1177/1363/1356 1811/533/533 428/158/158
f 1627/140/140 1811/533/533 1177/1363/1356
f 273/817/402 1812/917/19 244/833/831
f 273/402/402 83/20/20 1812/19/19
f 1127/872/870 1307/962/959 1813/1934/1907
f 1127/872/870 1813/1934/1907 908/864/862
f 1814/172/172 509/171/171 1660/1790/1772
f 763/1859/1837 1814/172/172 1660/1790/1772
f 1815/1864/1842 1814/172/172 763/1859/1837
f 1257/1968/1937 1815/1864/1842 763/1859/1837
f 1124/63/63 1816/65/65 1164/567/567
f 1816/65/65 584/1465/1458 1164/567/567
f 792/752/752 191/370/370 1817/369/369
f 792/752/752 1817/369/369 1184/349/349
f 858/1296/1289 1692/1871/1849 1818/1853/1832
f 749/1592/1585 1818/1853/1832 1692/1871/1849
f 1819/1684/1673 1768/1482/1475 1087/1434/1427
f 1519/623/623 1819/1684/1673 1087/1434/1427
f 1066/1865/1843 1063/1442/1435 1820/170/170
f 1815/1864/1842 1066/1865/1843 1820/170/170
f 1146/1897/1874 1821/1700/1684 412/578/578
f 814/1321/1314 1821/1700/1684 1146/1897/1874
f 1699/1306/1299 1822/1308/1301 1217/1462/1455
f 1217/1462/1455 1822/1308/1301 778/1129/1123
f 1823/1960/1930 985/564/564 1489/566/566
f 1108/241/241 985/564/564 1823/1960/1930
f 53/1400/1393 260/486/486 1824/487/487
f 53/1400/1393 1824/487/487 1312/1774/1757
f 1825/1102/1098 993/1431/1424 1617/1705/1689
f 1825/1102/1098 499/418/418 993/1431/1424
f 1826/1192/1186 681/664/664 429/1185/1179
f 809/1538/1531 1826/1192/1186 429/1185/1179
f 1827/1849/1828 131/616/616 1345/1850/1829
f 1546/1831/1812 1899/674/674 1827/1849/1828
f 346/196/196 1828/1086/1082 34/681/681
f 346/196/196 335/1062/1058 1828/1086/1082
f 913/1063/1059 1829/1793/1775 1717/1539/1532
f 1829/1793/1775 913/1063/1059 1828/1086/1082
f 807/641/641 1830/1711/1695 1430/659/659
f 1830/1711/1695 1712/1709/1693 1430/659/659
f 1831/380/380 309/382/382 1238/1962/1932
f 1716/1938/1911 1831/380/380 1238/1962/1932
f 1832/1006/1003 309/382/382 1228/998/995
f 1238/1962/1932 309/382/382 1832/1006/1003
f 752/1348/1341 426/1357/1350 1833/1783/1766
f 1833/1783/1766 426/1357/1350 1426/1189/1183
f 1409/1330/1323 1834/1329/1322 554/1569/1562
f 1651/1888/1866 554/1569/1562 1834/1329/1322
f 1835/479/479 1557/1085/1081 343/1083/1079
f 643/351/351 1835/479/479 343/1083/1079
f 1635/1628/1620 1836/1814/1796 1512/1813/1795
f 1836/1814/1796 1635/1628/1620 1179/1726/1710
f 1837/1372/1365 1566/1371/1364 452/48/48
f 1837/1372/1365 452/48/48 1099/271/271
f 1838/1977/1946 1566/1371/1364 1168/722/722
f 1566/1371/1364 1838/1977/1946 452/48/48
f 1504/1495/1488 1839/856/854 390/1224/1218
f 1504/1495/1488 776/854/852 1839/856/854
f 1840/947/944 1257/1968/1937 763/1859/1837
f 1840/947/944 282/189/189 1257/1968/1937
f 148/695/695 1841/655/655 1486/676/676
f 172/687/687 1841/655/655 148/695/695
f 962/193/193 522/1049/1045 1842/1487/1480
f 1842/1487/1480 522/1049/1045 709/1048/1044
f 1842/1487/1480 709/1048/1044 1843/1488/1481
f 1198/1805/1787 1843/1488/1481 709/1048/1044
f 1844/630/630 21/1976/1945 751/688/688
f 1844/630/630 827/911/909 21/1976/1945
f 1565/658/658 1845/1845/1824 743/590/590
f 22/661/661 1845/1845/1824 1565/658/658
f 1309/1982/1820 1846/1912/1805 844/1411/1404
f 1846/1912/1805 1747/1636/1628 844/1411/1404
f 775/1149/1143 1848/1874/1852 1847/157/157
f 1847/157/157 536/1786/1769 116/1818/1800
f 1847/157/157 1848/1874/1852 536/1786/1769
f 1848/1874/1852 1265/1614/1606 536/1786/1769
f 658/337/337 1849/556/556 572/338/338
f 658/337/337 624/1720/1704 1849/556/556
f 399/1969/1938 1850/1922/1896 730/1970/1939
f 1850/1922/1896 881/1821/1803 730/1970/1939
f 882/942/939 1851/1443/1436 756/930/927
f 1851/1443/1436 882/942/939 1850/1922/1896
f 1852/1695/1679 1827/1849/1828 747/1068/1064
f 1853/1878/1856 747/1068/1064 997/1253/1247
f 1400/1595/1588 1852/1695/1679 1853/1878/1856
f 1853/1878/1856 1852/1695/1679 747/1068/1064
f 1854/347/347 1855/1374/1367 438/1039/1035
f 1854/347/347 1453/346/346 1452/1368/1361
f 1855/1374/1367 1452/1368/1361 439/309/309
f 1854/347/347 1452/1368/1361 1855/1374/1367
f 1856/1769/1753 560/1183/1177 1145/1182/1176
f 1605/1984/1174 560/1183/1177 1856/1769/1753
f 1536/376/376 1569/297/297 1857/296/296
f 1536/376/376 1857/296/296 110/520/520
f 1803/870/868 1858/1707/1691 1023/1706/1690
f 1023/1706/1690 1858/1707/1691 396/1248/1242
f 1859/829/827 240/836/834 248/809/809
f 1859/829/827 672/827/825 240/836/834
f 1860/1762/1746 1859/829/827 661/828/826
f 238/814/814 1860/1762/1746 661/828/826
f 1080/1127/1121 1861/237/237 369/82/82
f 369/82/82 1861/237/237 1564/83/83
f 312/280/280 1862/379/379 880/480/480
f 880/480/480 1862/379/379 1305/270/270
f 1008/1925/1898 1863/80/80 1009/1857/1835
f 1688/78/78 1863/80/80 1008/1925/1898
f 197/26/26 1864/452/452 471/299/299
f 471/299/299 1864/452/452 666/1379/1372
f 575/1620/1612 1865/841/839 682/838/836
f 971/1622/1614 1866/1505/1498 575/1620/1612
f 1866/1505/1498 1865/841/839 575/1620/1612
f 1865/841/839 1866/1505/1498 801/946/943
f 623/1719/1703 1560/1410/1403 1867/1866/1844
f 1231/334/334 623/1719/1703 1867/1866/1844
f 1816/65/65 1868/1979/1947 584/1465/1458
f 1868/1979/1947 1185/1639/1631 584/1465/1458
f 1869/1541/1534 1102/1811/1793 1267/186/186
f 1869/1541/1534 1101/1542/1535 1102/1811/1793
f 55/412/412 1870/411/411 103/468/468
f 474/445/445 103/468/468 1870/411/411
f 214/706/706 195/731/731 1871/740/740
f 195/731/731 1079/163/163 1871/740/740
f 1533/759/759 1872/1627/1619 15/79/79
f 194/758/758 1872/1627/1619 1533/759/759
f 505/1324/1317 1873/1323/1316 413/1435/1428
f 1873/1323/1316 645/1588/1581 413/1435/1428
f 1060/1988/1669 736/1836/1538 1874/1440/1433
f 1752/1967/1936 1060/1988/1669 1874/1440/1433
f 1875/558/558 86/439/439 100/69/69
f 1875/558/558 100/69/69 507/559/559
f 853/1066/1062 1876/1061/1057 1156/185/185
f 59/1059/1055 1876/1061/1057 853/1066/1062
f 1211/1293/1286 1877/1067/1063 894/1064/1060
f 894/1064/1060 1877/1067/1063 916/1069/1065
f 1756/784/784 78/785/785 1878/119/119
f 178/723/723 1878/119/119 78/785/785
f 597/1298/1291 1879/1548/1541 1165/1299/1292
f 1879/1548/1541 1562/1872/1850 1165/1299/1292
f 1650/36/36 1880/1954/1924 265/891/889
f 1650/36/36 895/38/38 1880/1954/1924
f 1530/1869/1847 180/755/755 1881/174/174
f 1881/174/174 180/755/755 106/506/506
f 887/1456/1449 512/1848/1827 1882/1145/1139
f 1883/1136/1130 1289/1135/1129 1882/1145/1139
f 1883/1136/1130 1882/1145/1139 512/1848/1827
f 1883/1136/1130 512/1848/1827 746/1331/1324
f 1884/151/151 872/1176/1170 903/1932/1905
f 979/149/149 1884/151/151 903/1932/1905
f 181/164/164 883/166/166 1885/1763/1747
f 1885/1763/1747 883/166/166 670/341/341
f 1498/103/103 1886/102/102 927/1943/1913
f 927/1943/1913 1886/102/102 558/1581/1574
f 1864/452/452 90/451/451 1887/1380/1373
f 1887/1380/1373 90/451/451 504/1382/1375
f 1888/1913/1887 1595/1209/1203 387/1710/1694
f 885/1213/1207 1595/1209/1203 1888/1913/1887
f 44/68/68 1889/504/504 1117/503/503
f 12/67/67 1889/504/504 44/68/68
f 944/1466/1459 1890/1640/1632 1596/1948/1918
f 1890/1640/1632 14/1161/1155 1596/1948/1918
f 1891/1568/1561 1359/665/665 731/1567/1560
f 553/1186/1180 1891/1568/1561 731/1567/1560
f 1212/1511/1504 1582/1188/1182 1892/1365/1358
f 1212/1511/1504 1892/1365/1358 728/1775/1758
f 1212/1511/1504 728/1775/1758 1893/1191/1185
f 1893/1191/1185 728/1775/1758 1826/1192/1186
f 1175/1081/1077 765/226/226 1894/225/225
f 1175/1081/1077 1894/225/225 63/264/264
f 1895/1751/1735 1704/1761/1745 949/1196/1190
f 1895/1751/1735 949/1196/1190 1363/1752/1736
f 1896/1497/1490 526/1290/1283 1755/1289/1282
f 1372/1498/1491 526/1290/1283 1896/1497/1490
f 1897/1735/1719 1372/1498/1491 527/1755/1739
f 1897/1735/1719 526/1290/1283 1372/1498/1491
f 1898/1641/1633 704/646/646 1338/1801/1783
f 1898/1641/1633 1338/1801/1783 1000/1642/1634
f 131/616/616 1899/674/674 156/318/318
f 1827/1849/1828 1899/674/674 131/616/616
f 1623/1668/1659 1900/1300/1293 922/1670/1660
f 1900/1300/1293 1059/1297/1290 922/1670/1660
f 1300/383/383 1901/490/490 1299/1959/1929
f 1901/490/490 97/489/489 1299/1959/1929
f 219/442/442 1902/779/779 107/440/440
f 107/440/440 1902/779/779 222/441/441
f 867/204/204 1904/210/210 1903/1650/1642
f 1903/1650/1642 528/1499/1492 1583/923/920
f 1904/210/210 1555/212/212 528/1499/1492
f 1904/210/210 528/1499/1492 1903/1650/1642
f 1905/776/776 85/433/433 973/1722/1706
f 183/434/434 85/433/433 1905/776/776
f 252/1490/1483 1906/1673/1662 962/193/193
f 1313/1226/1220 1906/1673/1662 252/1490/1483
f 1907/1109/1103 606/1095/1091 349/1685/1088
f 1907/1109/1103 349/1685/1088 354/1108/1028
f 1632/1473/1466 1908/1713/1697 587/1474/1467
f 1908/1713/1697 1067/1701/1685 587/1474/1467
f 300/988/985 1385/1835/1816 1909/1957/1927
f 300/988/985 1909/1957/1927 299/991/988
f 1341/546/546 116/1818/1800 1910/548/548
f 116/1818/1800 536/1786/1769 1910/548/548
f 269/888/886 1911/912/910 1650/36/36
f 446/366/366 1911/912/910 269/888/886
f 1912/1200/1194 376/1162/1156 656/1756/1740
f 1912/1200/1194 656/1756/1740 1474/1757/1741
f 687/1160/1154 1214/1235/1229 1913/1779/1762
f 687/1160/1154 1913/1779/1762 1413/1697/1681
f 124/236/236 1914/1305/1298 1124/63/63
f 124/236/236 969/1303/1296 1914/1305/1298
f 1915/1586/1579 693/1725/1709 333/1052/1048
f 1619/1051/1047 1915/1586/1579 333/1052/1048
f 1/830/828 1916/803/803 668/831/829
f 1916/803/803 238/814/814 668/831/829
f 571/1571/1564 1522/1332/1325 1917/1921/1895
f 1778/1886/1864 571/1571/1564 1917/1921/1895
f 174/301/301 1918/300/300 82/718/718
f 82/718/718 1918/300/300 57/446/446
f 637/1015/1012 750/1738/1722 1919/1017/1014
f 1920/1493/1486 750/1738/1722 1170/1740/1724
f 750/1738/1722 1920/1493/1486 1919/1017/1014
f 1919/1017/1014 1920/1493/1486 314/1016/1013
f 1442/1320/1313 1921/1319/1312 1028/1238/1232
f 1921/1319/1312 612/1044/1040 1028/1238/1232
f 1082/1887/1865 1922/1730/1714 1081/857/855
f 1082/1887/1865 632/407/407 1922/1730/1714
f 1550/1576/1569 1340/1577/1570 1923/1961/1931
f 1340/1577/1570 995/1328/1321 1923/1961/1931
f 768/1261/1255 1924/1152/1146 1347/1445/1438
f 696/1153/1147 1924/1152/1146 768/1261/1255
f 1925/1737/1721 849/977/974 298/1736/1720
f 613/976/973 849/977/974 1925/1737/1721
f 189/1041/1037 1926/308/308 4/749/749
f 189/1041/1037 327/306/306 1926/308/308
f 1927/499/499 163/497/497 468/1406/1399
f 468/1406/1399 504/1382/1375 1927/499/499
f 6/521/521 1857/296/296 1928/522/522
f 1644/375/375 6/521/521 1928/522/522
f 1038/1496/1489 1503/1509/1502 1929/1802/1784
f 1520/580/580 1038/1496/1489 1929/1802/1784
f 1930/1023/1020 5/819/817 322/820/818
f 1930/1023/1020 322/820/818 317/1026/1023
f 1931/1789/1771 534/1154/1148 1294/1791/1773
f 1931/1789/1771 1924/1152/1146 534/1154/1148
f 1932/882/880 811/1743/1727 1395/1322/1315
f 1932/882/880 1690/1896/1873 811/1743/1727
f 1394/1425/1418 1933/883/881 1089/1983/1949
f 1933/883/881 1932/882/880 1089/1983/1949
f 960/1364/1357 113/142/142 1934/530/530
f 1811/533/533 960/1364/1357 1934/530/530
f 188/1754/1738 1935/228/228 905/501/501
f 188/1754/1738 182/229/229 1935/228/228
f 808/1519/1512 1936/1894/1871 1029/1652/1644
f 1034/1451/1444 1936/1894/1871 808/1519/1512
f 1382/1203/1197 581/1633/1625 1937/1635/1627
f 478/1708/1692 1937/1635/1627 581/1633/1625
f 1331/1260/1254 1938/1444/1437 399/1969/1938
f 1938/1444/1437 1331/1260/1254 768/1261/1255
f 1939/807/807 1364/1029/1026 323/6/6
f 493/5/5 1939/807/807 323/6/6
f 1451/190/190 1940/201/201 549/1862/1840
f 1940/201/201 35/1557/1550 549/1862/1840
f 762/594/594 1941/1863/1841 535/1043/1039
f 1941/1863/1841 1052/1520/1513 535/1043/1039
f 283/956/953 834/952/949 1942/208/208
f 283/956/953 1942/208/208 1561/207/207
f 1569/297/297 1943/33/33 233/298/298
f 55/412/412 1943/33/33 1569/297/297
f 488/1427/1420 1091/1076/1072 1944/1429/1422
f 1091/1076/1072 340/1077/1073 1944/1429/1422
f 1945/577/577 469/1403/1396 457/251/251
f 1945/577/577 457/251/251 1748/576/576
f 470/1387/1380 1946/1388/1381 469/1403/1396
f 1946/1388/1381 457/251/251 469/1403/1396
f 1402/1452/1445 1947/1454/1447 1335/1450/1443
f 511/1246/1240 1335/1450/1443 1947/1454/1447
f 690/609/609 1606/1901/1878 1948/1900/1877
f 1606/1901/1878 906/1687/1674 1948/1900/1877
f 520/614/614 1949/698/698 817/615/615
f 1949/698/698 1948/1900/1877 817/615/615
f 52/711/711 1950/1861/1839 1051/285/285
f 52/711/711 1047/282/282 1950/1861/1839
f 1586/112/112 701/111/111 1951/1584/1577
f 1125/1972/1941 1586/112/112 1951/1584/1577
