# This file uses centimeters as units for non-parametric coordinates.

mtllib pathpre1_low.mtl
g default
v 1344.183350 -8475.782227 -8798.685547
v 1348.931519 -8446.185547 -8801.796875
v 1342.582520 -8475.007812 -8811.139648
v 1313.286987 -8516.722656 -8846.619141
v 1299.489258 -8545.296875 -8858.948242
v 1304.023315 -8525.176758 -8891.085938
v 996.754272 -8994.254883 -9624.817383
v 1011.744080 -9019.188477 -9618.456055
v 1026.741089 -9055.202148 -9618.489258
v -124.331146 -9305.664062 2565.499268
v 172.568893 -8501.788086 2737.627930
v -542.964722 -8076.804688 2612.656982
v -1344.516724 -8809.970703 2690.819092
v -1442.682373 -8371.211914 2535.738281
v 793.162170 -8990.247070 2548.800537
v -1344.310669 -9181.362305 2491.602295
v 303.361969 -7805.533203 2337.266357
v -307.026093 -7765.708496 2320.787109
v 917.419556 -8595.458984 2451.161865
v -1805.903320 -9038.239258 2344.258057
v 1015.113159 -7566.623535 2246.847900
v -1579.287598 -8260.430664 2163.041748
v -397.286621 -7403.496582 2270.349365
v 309.617432 -7398.089844 1829.746460
v -2128.081787 -8481.200195 2010.348389
v 2306.055176 -8751.011719 1782.768555
v -2034.689941 -9350.195312 2008.693970
v 869.824158 -9429.138672 1985.777222
v 2070.909912 -9045.794922 1903.261963
v -1903.855225 -7465.184082 1706.761108
v -2535.863525 -8823.872070 2046.913208
v 1910.194824 -8441.803711 1834.050171
v -685.044800 -7273.134277 1965.626831
v -7.623329 -9598.169922 1643.108887
v -2684.852295 -9236.515625 1809.909912
v -3029.678467 -9066.357422 1621.088135
v 2472.051758 -7482.442383 1495.603638
v 2742.049316 -8986.418945 1485.218506
v 610.966064 -7433.044434 1311.403198
v 2174.627441 -9399.732422 1614.715332
v 1395.187866 -7398.991211 1646.265625
v -2884.083740 -8328.495117 1330.499390
v -2657.144287 -7986.404297 1355.480713
v 1719.830688 -9543.833008 953.135559
v 237.719833 -9461.373047 941.687988
v -2044.681763 -7368.047852 852.045959
v -268.022430 -7325.506348 946.147400
v -2219.497314 -7260.841309 1215.176880
v 2905.350098 -7576.100586 1102.821411
v 2681.677734 -8337.948242 1171.867676
v -3409.133057 -8574.328125 1115.897339
v 229.497360 -7388.918457 777.449097
v 3089.647217 -8245.251953 533.138245
v 1680.918335 -7423.332520 847.633362
v 2830.805664 -7295.751465 883.465881
v 859.650879 -9403.036133 650.130310
v 3364.046631 -8967.479492 773.438599
v -3675.439941 -9067.958008 580.514587
v 1590.679810 -7277.101562 516.641968
v 933.550110 -7427.384277 534.958130
v -35.853664 -7603.753418 611.229187
v 1367.846313 -8033.924805 358.244263
v 737.506653 -9600.831055 1282.710083
v 3266.064209 -9323.481445 558.698975
v -2046.067993 -7414.286621 109.902237
v -106.782829 -8344.235352 561.476929
v -3128.059570 -7339.125977 543.309265
v 1531.118652 -7509.062012 267.600067
v -3328.037109 -7235.477539 -116.733009
v 1021.007385 -8714.474609 157.853455
v -573.151672 -8237.113281 324.868591
v 1701.173096 -9315.551758 142.537537
v 1978.821045 -7314.909668 164.366669
v 3357.168213 -7896.830078 220.014084
v 1034.271362 -8901.463867 181.540298
v -247.962387 -8683.411133 285.389923
v 2295.929932 -9450.724609 221.131409
v -1084.580933 -9254.625977 167.234634
v 3507.947021 -8764.463867 360.780273
v -1053.300903 -7530.599609 205.274811
v -991.200928 -8998.733398 -5.039638
v -3636.782715 -7687.908691 -63.172691
v -1697.453735 -7296.571289 5.540722
v -1425.645630 -9328.128906 99.457718
v -1678.912598 -8066.403320 -392.344147
v -1818.811646 -9187.504883 -324.300934
v -3337.602539 -9439.602539 -367.348358
v 1601.514771 -8302.474609 -352.051331
v -4004.363037 -8838.396484 -421.680542
v 1656.377808 -8812.013672 -402.933502
v -2780.061768 -9378.773438 -330.063873
v 2006.188110 -7378.267578 -256.233429
v 1878.876587 -7815.211426 -304.513916
v 1685.796875 -8241.268555 -631.117859
v 3265.883301 -9389.495117 -407.920959
v -3708.517578 -7786.550293 -685.643494
v 1727.421143 -8804.680664 -623.387512
v 1927.028442 -9144.650391 -592.994934
v -3691.322266 -9283.720703 -695.743408
v -3032.083740 -9247.418945 -888.622498
v 2474.341309 -7355.130859 -450.027374
v -2030.090210 -7316.048340 -524.203247
v -2588.794922 -7188.448242 -908.485962
v 3293.718262 -7796.156250 -1075.622559
v -2987.383057 -8059.661133 -921.465576
v -2659.491455 -9401.390625 -885.680725
v 3501.297852 -9069.231445 -523.506042
v -2474.233643 -8899.973633 -1094.874268
v 1788.769043 -8024.536621 -1068.086426
v -2608.436279 -8219.976562 -1098.262207
v 2197.348877 -9314.819336 -1507.383667
v -2530.816895 -7456.185547 -1274.292358
v 3224.447998 -8261.359375 -775.722717
v 1673.348022 -7602.503906 -1378.682617
v 3481.797119 -8855.996094 -822.623169
v 3105.304199 -7137.723633 -1460.937012
v 2928.804688 -7110.772461 -1219.406006
v 1448.202637 -9282.250000 -1686.909302
v 3011.555420 -8097.328125 -1579.624512
v 2108.100830 -9435.160156 -1982.325928
v 1783.759521 -9507.581055 -1995.513306
v 1134.803223 -8005.882324 -1963.625610
v 2880.885498 -7027.303711 -2374.736084
v 2280.208740 -7056.900879 -2380.109619
v 2593.876221 -6939.158691 -2195.452881
v 899.737183 -7990.831543 -2670.206299
v 2937.968750 -9258.174805 -2515.116455
v 794.741028 -8994.270508 -2469.204590
v 2673.537842 -9453.859375 -2820.703125
v 1072.697388 -9512.255859 -2644.266357
v 3023.417969 -8776.608398 -2563.704590
v 739.725586 -8999.477539 -3022.501465
v 2604.541992 -7752.875488 -2997.889160
v 2707.067139 -7443.594727 -2909.215576
v 1256.278076 -7137.128906 -3006.562500
v 1167.877075 -7709.847656 -3151.816406
v 2740.767822 -6816.423340 -3197.681396
v 3108.791016 -8846.876953 -3530.063965
v 2049.344482 -9346.965820 -3550.364746
v 2428.626709 -9389.204102 -3307.928223
v 1595.288574 -9453.769531 -3221.342529
v 1758.755615 -6551.043945 -3698.976807
v 2678.413330 -8110.592285 -3485.092773
v 2677.022217 -6983.930664 -3511.936768
v 904.954529 -8057.443848 -3430.468750
v 772.396851 -9046.932617 -3410.825928
v 2521.864502 -6407.519043 -3768.980713
v 1416.932007 -6833.533691 -3468.562256
v 1052.486206 -8662.844727 -3814.746338
v 1348.465088 -6995.328613 -3735.925781
v 2015.786987 -6574.633789 -3877.097168
v 856.602051 -9152.090820 -3734.295166
v 2934.911865 -8282.731445 -3732.654297
v 1494.053223 -6437.742188 -4285.173828
v 2152.629150 -6270.160156 -4364.529297
v 2367.102051 -9430.484375 -4245.982422
v 1452.765015 -7635.536621 -4344.835938
v 3153.589111 -9370.470703 -4168.444336
v 1498.695679 -9705.606445 -4460.391113
v 3461.314697 -9131.949219 -4600.112305
v 3128.741699 -8226.168945 -4358.075195
v 1434.362427 -7981.677246 -4533.858398
v 2943.698242 -7204.805664 -4420.733398
v 1061.064575 -9232.297852 -4958.389160
v 2694.213867 -5905.633789 -4878.520996
v 1747.743896 -7533.194824 -4765.495605
v 1680.800415 -8458.388672 -4743.662109
v 1913.375366 -7898.773438 -5081.189453
v 3396.640381 -8542.453125 -5196.035645
v 2886.300781 -6013.985352 -5169.228516
v 1913.733032 -6749.204590 -5098.153320
v 2747.484375 -7006.457031 -5322.791016
v 3169.130859 -7706.685547 -4901.329590
v 1496.063843 -7399.219727 -5382.434570
v 3323.763672 -9073.574219 -5516.157715
v 2789.036133 -6183.094727 -5518.527832
v 1088.706055 -8967.663086 -5202.463867
v 1094.611084 -9517.391602 -5373.982422
v 1850.447388 -5967.233398 -5529.409668
v 1536.635986 -8081.608887 -5467.485840
v 1888.463745 -9714.789062 -5470.906738
v 3439.539551 -8931.793945 -5400.325684
v 2393.659424 -9463.382812 -5606.071777
v 3053.681641 -9487.304688 -5062.056152
v 2502.183105 -5979.670410 -5878.869629
v 1484.601440 -5877.064453 -5972.508301
v 2449.198486 -7205.267090 -6191.994629
v 1038.050537 -9032.381836 -5840.295410
v 1584.526489 -5943.582520 -6378.051270
v 2279.394531 -6490.168457 -6249.657715
v 1016.681152 -6346.902832 -6254.836914
v 1313.665771 -6954.655762 -5950.901855
v 2937.159424 -8073.547852 -6498.092773
v 2009.512207 -9350.989258 -6471.300293
v 757.397583 -7528.821289 -6616.724609
v 2854.726562 -8971.161133 -6762.815430
v 1626.755249 -9546.700195 -6550.119629
v 1092.655396 -9716.636719 -6468.184570
v 1872.137085 -5816.145020 -6946.079590
v 1006.166016 -8301.788086 -6840.538086
v 1717.645996 -5764.171875 -6879.591309
v 1752.019287 -6845.336426 -6924.690918
v 3014.126465 -8530.992188 -6911.583496
v 1110.934204 -5681.508789 -7129.957520
v 2051.987549 -6017.595703 -7120.357422
v 933.788025 -6873.088867 -7118.701660
v 1710.030762 -9401.222656 -7360.376465
v 597.496155 -7509.172852 -7203.981934
v 2999.847168 -7986.843750 -7317.243164
v 2660.161621 -9221.157227 -7022.077148
v 895.030396 -9790.522461 -7393.328613
v 1463.879272 -5513.572754 -7595.987793
v 572.334839 -7502.167969 -7568.396484
v 910.738098 -6780.104492 -7430.341309
v 2493.775391 -9378.297852 -7666.193848
v 1145.375488 -9722.135742 -7577.134766
v 1609.158325 -5408.812500 -7507.360840
v 927.325195 -5686.379883 -7473.988770
v 2173.534424 -6203.050293 -7650.802734
v 312.619904 -9301.816406 -7742.748047
v 471.965363 -9674.016602 -7653.962891
v 3267.957031 -7913.796387 -7938.185059
v 820.141602 -8656.368164 -7678.225586
v 2220.585449 -6421.250000 -7822.767578
v 2348.476807 -7039.273926 -7835.090820
v 987.385681 -9661.240234 -7814.569336
v 720.273682 -8039.805664 -7901.323730
v 3278.047119 -9425.348633 -7899.363770
v 2465.909668 -5425.886719 -7841.763184
v 2599.611328 -7466.678711 -7939.743652
v 1230.927856 -5239.652344 -7881.859863
v 1103.116089 -6228.854004 -7965.854004
v 1491.004395 -8499.764648 -8289.407227
v 1864.838501 -5233.104004 -8041.234863
v 1074.331177 -5592.272949 -8066.368652
v 2558.264160 -6255.604004 -8311.822266
v 3784.381348 -8503.787109 -7841.857910
v 1558.930664 -10253.176758 -8027.566406
v 3786.467529 -8891.421875 -8035.145996
v 919.581360 -9071.589844 -8068.603516
v 1974.823120 -10206.015625 -8230.057617
v 3168.922119 -9585.997070 -8371.245117
v 1742.027344 -8057.804199 -8513.147461
v 2471.956055 -5034.841309 -8264.691406
v 987.470276 -9824.295898 -8472.121094
v 2989.410400 -7530.812500 -8479.640625
v 2684.069336 -6227.851562 -8609.708008
v 1564.184448 -10279.864258 -8390.323242
v 1331.743042 -6790.180176 -8472.405273
v 1479.276123 -8780.502930 -8700.261719
v 1709.434326 -5913.209473 -8707.391602
v 2821.356689 -7129.490234 -8500.240234
v 1344.974609 -8473.051758 -8798.870117
v 1345.469360 -8461.301758 -8805.273438
v 1345.916504 -8466.147461 -8800.009766
v 1320.221313 -8478.759766 -8838.229492
v 1329.417969 -8498.669922 -8821.947266
v 1339.575562 -8494.470703 -8845.483398
v 2499.719971 -9810.332031 -8466.635742
v 1318.291992 -8511.343750 -8836.599609
v 1305.748657 -8532.241211 -8853.215820
v 1309.962524 -8526.864258 -8842.332031
v 1321.880127 -8508.564453 -8829.184570
v 1777.913818 -5098.041992 -8806.571289
v 1308.125977 -8521.853516 -8868.738281
v 1323.410889 -8539.774414 -8905.828125
v 1171.723389 -9945.895508 -8639.937500
v 1939.766968 -4884.396484 -8850.030273
v 1785.704956 -6047.645020 -8970.102539
v 3261.386230 -7450.332520 -9295.871094
v 3362.295898 -7924.995117 -9104.214844
v 3713.903809 -9054.924805 -9021.789062
v 1817.300659 -5028.778809 -9115.870117
v 1484.886108 -6478.466797 -9177.538086
v 1099.202759 -6848.127441 -9270.178711
v 3741.067627 -8432.359375 -9111.085938
v 2836.472412 -4726.450195 -9251.440430
v 1254.833252 -7309.994629 -9121.143555
v 2068.165283 -9864.627930 -9131.993164
v 2960.888184 -7005.881836 -9308.012695
v 1612.411865 -9740.369141 -9258.169922
v 1266.117065 -7887.494629 -9477.234375
v 2516.461670 -4528.350586 -9299.122070
v 1028.298828 -8863.020508 -9545.968750
v 1005.336609 -9008.016602 -9621.040039
v 1018.442627 -9035.526367 -9618.472656
v 1011.681091 -9021.872070 -9620.065430
v 1127.724609 -9286.584961 -9665.174805
v 2290.489014 -4649.885742 -9358.915039
v 1366.315186 -5352.293457 -9584.130859
v 1220.124756 -9355.139648 -9545.035156
v 949.349548 -9066.250977 -9716.956055
v 1643.399414 -4633.102539 -9613.342773
v 2710.516602 -5075.325195 -9756.707031
v 996.276550 -8681.967773 -9570.789062
v 1488.139648 -5881.179199 -9593.229492
v 3449.329834 -9276.065430 -9409.997070
v 2302.639160 -9775.258789 -9500.394531
v 2834.830566 -6833.333984 -9667.046875
v 2627.067383 -6089.432617 -9695.950195
v 2190.302246 -4454.675293 -9910.820312
v 567.970398 -5736.094238 -10096.257812
v 2860.463379 -9498.042969 -9625.383789
v 946.882812 -5240.546387 -9857.238281
v 890.900269 -4915.981934 -9862.998047
v 2597.550293 -4594.020020 -9866.364258
v 691.279114 -7300.685059 -10096.154297
v 3448.003906 -8519.598633 -10065.893555
v 760.470642 -7899.015137 -10226.319336
v 95.137772 -9154.187500 -10303.772461
v 1162.886475 -4555.279785 -10252.933594
v 173.019150 -5738.082031 -10325.208984
v 301.105286 -7331.088867 -10358.478516
v -717.172241 -4886.724609 -10254.344727
v 1837.278931 -9678.950195 -10192.488281
v 2613.394287 -6981.533691 -10362.898438
v -535.218567 -9260.063477 -10373.843750
v 2058.255127 -5408.825684 -10566.072266
v 2081.418457 -5960.390137 -10516.904297
v -934.474243 -4646.636719 -10577.012695
v 765.967285 -9525.700195 -10564.199219
v 949.274902 -4591.383789 -10530.955078
v 2119.407227 -6898.178711 -10832.088867
v 707.468567 -9421.895508 -10849.989258
v -538.597046 -6619.974121 -10583.227539
v 2042.301392 -6588.051270 -10658.294922
v 2986.457031 -8996.998047 -10696.389648
v 1710.680664 -9517.958008 -10519.442383
v 1238.508423 -4429.375000 -10812.754883
v 2551.110840 -9296.320312 -10804.410156
v 1275.398926 -6464.713379 -10959.042969
v 2762.334473 -8570.559570 -10999.602539
v -539.048218 -9294.183594 -10913.232422
v -993.162109 -4652.430176 -11019.840820
v 1221.826416 -5323.018555 -11100.124023
v 1336.045044 -4789.196289 -11219.046875
v 126.426796 -6665.875977 -11183.083008
v 1611.007568 -6910.465332 -11127.307617
v 1804.339111 -7198.987793 -11083.087891
v 665.180420 -5954.274902 -11202.887695
v -514.037170 -5451.539062 -11266.936523
v -523.548340 -6838.842773 -11274.750977
v -157.365875 -9407.599609 -11138.409180
v 308.728180 -5431.608887 -11268.094727
v 10.168786 -4662.722656 -11269.737305
v -440.350220 -5114.699219 -11452.842773
v 437.471008 -7227.405762 -11401.360352
v 2161.389648 -8493.062500 -11397.344727
v 13.996644 -4941.757324 -11449.581055
v -533.253845 -7866.755371 -11415.441406
v 1834.274658 -8179.976562 -11313.306641
v 1412.565308 -9129.954102 -11384.902344
v 800.503906 -7865.210449 -11472.489258
v 1356.936768 -8766.420898 -11516.856445
v -78.157562 -9235.229492 -11451.880859
v 37.381210 -8636.447266 -11692.116211
v 738.643799 -8974.482422 -11632.320312
v 1254.885010 -8653.976562 -8970.825195
v 1327.969238 -8211.719727 -9171.557617
v 1147.668579 -8814.564453 -9381.304688
v 1315.060669 -8892.547852 -8854.250977
v 1517.121094 -8360.924805 -8807.603516
v 1458.995239 -8490.435547 -8850.191406
v 2471.222900 -5177.433105 -7989.275391
v 1265.438843 -5827.553223 -6485.036133
v 1706.736328 -5932.972168 -5878.326660
v 1214.760864 -8679.913086 -9239.780273
v 1402.965088 -5805.108398 -6962.749512
v 1856.864380 -5444.812988 -7325.803711
v 1668.836548 -5301.310059 -7934.851562
v 1366.361084 -5633.719238 -7338.348633
v 746.674194 -7264.943359 -7960.506348
v 1302.429199 -7322.520996 -8407.940430
v 875.383301 -7959.479004 -8105.652832
v 1315.993042 -6455.310059 -8184.553711
v 1686.688477 -6433.030762 -8677.198242
v 1037.681274 -6636.720703 -7756.009766
v 931.469727 -7073.977051 -9435.527344
v 1011.016724 -7345.354492 -9360.629883
v 1380.628540 -8291.865234 -8866.579102
v 1540.871826 -8042.966797 -8860.750977
v 1365.210938 -8421.743164 -8786.072266
v 1504.460815 -8373.522461 -8690.897461
v 1324.394531 -7382.231934 -8754.536133
v 1483.109375 -7863.950684 -9011.266602
v 1372.730835 -5510.596191 -7604.310059
v 1105.050293 -7094.093262 -8274.560547
v 1120.590576 -8987.743164 -4376.584961
v 1265.364990 -8815.866211 -1561.425293
v 1034.681519 -9381.983398 -5850.351562
v 1267.213745 -8309.697266 -4162.266602
v 1440.342163 -8476.471680 -8672.442383
v 843.142944 -8741.393555 -3195.927979
v 1608.664917 -8395.495117 -8777.145508
v 1280.991821 -8036.179199 -4062.770020
v 1784.085205 -5879.946289 -6333.051270
v 1275.701660 -8413.122070 -9012.800781
v 746.593689 -9177.249023 -3142.646240
v 2104.543945 -5780.232910 -7331.241699
v 1495.163818 -8402.020508 -5547.143066
v 831.726379 -8763.563477 -2557.123779
v 817.179626 -8379.522461 -3464.424561
v 1840.573730 -5939.971680 -5852.856445
v 1314.084595 -6983.001953 -9100.108398
v 1560.177979 -5564.882324 -7176.836914
v -294.430145 -9074.181641 301.287903
v 1621.617554 -8927.222656 -1147.322632
v 2028.668579 -5946.319336 -6542.025391
v 1075.706665 -7933.643066 -9804.929688
v 1528.705933 -9523.710938 -2386.088379
v 1711.785889 -8139.718262 -8564.428711
v 1466.220093 -8517.735352 -8470.334961
v 1129.138794 -8419.260742 -9399.991211
v 1416.319824 -8664.842773 -8485.003906
v 1117.578247 -9421.081055 -4567.847656
v 2229.062988 -6149.197754 -6411.862305
v 1600.204956 -8006.375488 -8305.367188
v 597.825378 -8804.668945 321.072205
v 1657.386719 -7741.881348 -8468.534180
v 1424.570190 -6715.728516 -9004.930664
v 1327.507690 -7625.281250 -9232.146484
v 806.349609 -6263.650879 -6992.590820
v 1625.752197 -9119.705078 -1343.476318
v 2113.490479 -4717.782715 -8990.416992
v 2419.046143 -5090.427734 -10261.321289
v 767.545654 -8200.935547 -3233.872803
v 874.614563 -9008.154297 -3788.514893
v 1604.786743 -4752.132324 -11058.819336
v 2046.147217 -9427.394531 -2968.973389
v 1205.477783 -9121.486328 -9267.913086
v 1001.203735 -5733.204102 -7090.335938
v 1174.410522 -5431.494629 -7564.254883
v 2234.852539 -5399.264160 -7600.588867
v 1326.423706 -5817.334473 -6968.698242
v 1135.827881 -5375.786133 -7665.833984
v 1686.740601 -5841.727051 -6618.189941
v 1896.867065 -9166.416016 -952.470764
v 771.811218 -8425.528320 -3257.851562
v 1954.691528 -9322.836914 -1515.772095
v 986.390259 -8799.346680 -3787.642334
v 45.015331 -9342.896484 -10430.470703
v -1204.219849 -8648.353516 -217.283752
v 975.948914 -8338.369141 -2058.224854
v 256.933807 -9330.532227 629.157593
v 1119.833618 -9515.721680 -10160.085938
v 865.162781 -8910.652344 -9722.038086
v 552.900513 -9468.147461 -10302.055664
v 999.552979 -9196.888672 -9758.633789
v 1138.134888 -9099.909180 -9461.777344
v 990.048096 -9385.508789 -9983.722656
v 822.009644 -9230.202148 -9917.637695
v 753.725830 -9043.848633 -9854.626953
v 1397.428345 -9534.607422 -3956.362305
v 1279.705811 -8779.735352 -8966.378906
v 1196.049805 -8252.187500 -1747.531616
v 1492.317871 -5179.622559 -8015.721680
v 934.160461 -9221.337891 -2291.127441
v 266.391449 -8976.499023 366.638580
v 2850.492920 -5018.055664 -8679.077148
v 1359.538940 -8868.099609 -30.449234
v 1280.504639 -9361.369141 428.771301
v -276.209381 -8936.151367 261.058960
v 148.036880 -9153.155273 440.877411
v 307.391327 -9416.594727 812.232666
v 720.842224 -9075.038086 363.706726
v -810.823608 -4652.790039 -11264.339844
v 131.638260 -6103.809570 -11264.709961
v -691.434265 -4879.659180 -11464.568359
v 69.788002 -6450.739746 -11182.139648
v 1337.902222 -6142.845215 -11036.488281
v 2399.975342 -6673.839844 -10353.125000
v 1841.962280 -5806.876465 -10726.328125
v 1520.376831 -5615.708984 -10937.404297
v -1174.185303 -9364.418945 559.717285
v -404.738556 -9305.520508 500.722412
v -764.108704 -9361.722656 517.485840
v -1079.388306 -9157.561523 57.490730
v 1815.116455 -6092.875000 -4923.156738
v 1372.197388 -5994.831543 -5570.174805
v 1827.372803 -6977.306641 -6879.729004
v 1712.749756 -6791.576660 -7316.540527
v 2896.648438 -9571.151367 -8661.682617
v 3513.278076 -9369.709961 -8887.462891
v 1687.424316 -6037.460938 -5189.763184
v 1948.009155 -6504.179688 -7055.746094
v 2641.562012 -9727.201172 -9312.465820
v 1560.810913 -9671.364258 -9821.999023
v 1393.614868 -10061.713867 -8709.869141
v 1858.973511 -9838.090820 -9218.784180
v 2155.324463 -10016.293945 -8068.377930
v 2784.023193 -6411.140137 -5484.712402
v 2203.690186 -9566.506836 -10277.488281
v 1168.322754 -9539.174805 -10420.624023
v 1835.997314 -10216.874023 -8468.289062
v 905.201477 -5856.497559 -6942.287109
v 2216.504883 -9710.129883 -9959.605469
v 1574.798462 -5785.915527 -6842.876465
v 1263.098022 -5883.854492 -6134.577148
v 2065.208252 -6127.143066 -6843.241699
v 1113.146729 -5848.479980 -6557.088379
v 1343.208618 -8648.005859 -73.142212
v 1858.110840 -9292.320312 -44.954609
v 1757.168701 -9162.160156 -188.532990
v 1516.843628 -8501.315430 -288.162537
v 1639.390747 -8481.329102 -586.559998
v 1522.813477 -8692.390625 -263.473541
v 2737.521729 -6199.723145 -8944.441406
v 545.851562 -9204.083008 489.907257
v 627.559875 -9354.976562 645.496399
v 2796.704590 -7176.671875 -3977.356934
v 2611.550049 -7649.183105 -3695.498535
v 3135.387207 -7838.121094 -4421.821777
v 3000.074463 -7403.892090 -5299.315430
v 2935.905029 -7045.117676 -4801.363770
v 2216.317383 -5830.549805 -5681.528809
v 3032.489258 -6415.625000 -4614.737305
v -528.447205 -7410.359863 -11272.740234
v -537.177490 -5329.727539 -10372.919922
v 651.746460 -7148.035156 -7355.278809
v 1189.600464 -8416.465820 -8021.993652
v 952.193237 -8382.149414 -9666.642578
v 296.001770 -8352.633789 -10355.325195
v 1135.010986 -5810.112793 -8241.311523
v 1717.128662 -5478.226562 -8788.305664
v 949.785889 -6034.194824 -7886.344238
v 956.921631 -6360.301758 -7623.376953
v 846.906494 -8404.926758 -7660.741211
v 622.266113 -8530.541016 -9912.571289
v 306.669403 -8995.886719 -10174.011719
v 1241.482056 -7019.601074 -8423.118164
v 1189.352661 -7367.311035 -2974.389648
v 1226.120239 -7640.720215 -2979.385986
v 1828.235962 -6202.650391 -4154.198242
v 1926.680298 -6573.253418 -4895.341797
v 1334.010132 -7729.465332 -3790.908936
v 1754.526123 -7152.071777 -5023.859375
v 1684.686768 -7222.204102 -4391.456543
v 1357.500366 -7195.340332 -2325.465088
v 1765.367798 -6178.680176 -4682.374023
v 1385.538574 -7393.403320 -3764.281982
v 1507.877563 -7339.941406 -4050.704346
v 1217.771362 -7701.334473 -3476.915283
v 1275.622925 -7287.188965 -3472.309326
v 1327.557129 -7561.362305 -3646.064697
v 1685.396606 -6834.560547 -4457.406738
v -587.498291 -8959.929688 -11420.286133
v 6.045856 -7804.564453 -11548.242188
v 901.512146 -6962.970703 -11319.860352
v -18.881098 -6939.753418 -11270.495117
v 2932.499023 -8540.476562 1160.448975
v 3033.194580 -9441.006836 -237.571854
v 2484.160156 -9017.105469 -11156.282227
v -1951.756714 -8800.476562 -587.487488
v 1757.229858 -6904.270996 -2965.531982
v 2227.136963 -7216.511719 -7406.052246
v 691.573730 -8173.003906 -7660.144043
v 184.495071 -9348.725586 -7363.284668
v 1293.213989 -9549.588867 -4982.276855
v 3242.670654 -7928.379395 -9873.276367
v -381.511444 -4538.159180 -10354.573242
v -679.978577 -9485.903320 1756.897461
v -1296.906616 -9549.924805 1224.345825
v -2987.459717 -9453.417969 320.887787
v 2200.936523 -9442.437500 858.441345
v 1027.315552 -7892.948242 -2373.000732
v 2959.402344 -9156.239258 -6033.558105
v 438.710693 -9712.525391 -7309.985840
v 3292.683838 -7542.030273 497.386658
v -3116.406494 -9323.490234 1207.648926
v 2351.126221 -7255.455566 -10700.291992
v -2841.115479 -7334.502930 -837.617981
v -2336.885742 -7322.966309 -1122.110107
v -2451.315674 -7394.000000 1295.312744
v 670.058533 -7319.964844 2154.511475
v -30.892294 -9010.603516 2740.384277
v 1206.160522 -8469.396484 2110.755127
v 3069.377197 -8013.145996 -5376.125000
v 707.495972 -6768.645508 -9987.865234
v 3438.654297 -8673.406250 -7312.482422
v 713.832886 -8516.362305 -11663.536133
v 2901.672852 -7779.882812 -5904.033203
v 1441.937622 -8002.583008 2034.778320
v 1508.221680 -9134.986328 2111.808594
v -182.743073 -8258.943359 -11555.294922
v 2107.155518 -9372.154297 -7388.337402
v 884.034424 -9401.267578 -11166.034180
v -3509.848877 -8136.832520 293.769836
v 1280.897339 -10084.001953 -7943.672852
v 1535.269043 -7061.658691 -2436.079834
v 3111.358398 -8278.971680 -5820.795898
v 2520.692627 -7555.528320 -6894.943359
v 2866.416992 -7371.082031 -10138.423828
v 2874.926514 -7662.418457 -10419.623047
v 2630.812256 -8079.792969 -2676.360596
v 1026.670532 -7160.981934 -6619.742676
v 795.489014 -8372.998047 -7356.577148
v 983.059021 -4655.734375 -9964.521484
v -2936.142578 -7372.661133 -424.998322
v 3302.216064 -8519.234375 -4258.255859
v 3855.307617 -8902.024414 -8528.799805
v 2224.877197 -8023.020996 1615.218140
v 2546.036133 -9510.407227 961.568542
v 3137.447266 -8387.211914 -1388.302246
v -3976.003174 -8500.903320 -375.349518
v 3390.908203 -7363.796387 -30.857658
v -3007.784668 -8759.707031 1678.064331
v -685.722168 -4649.793457 -10651.292969
v 3523.455322 -9026.071289 183.791138
v 2588.607666 -9255.437500 -6573.789062
v 2936.937256 -8445.411133 -3334.354004
v 1547.566772 -9727.687500 -5485.195312
v 3413.169922 -7659.472168 -586.727295
v 809.951660 -7934.565430 -6390.752930
v 847.764709 -8022.675293 515.805359
v -3869.379883 -8725.365234 199.340057
v -3790.726807 -8454.278320 330.605438
v 1756.254639 -7909.595215 47.056107
v 391.265045 -5381.811523 -10102.741211
v -2652.616211 -7648.631348 1321.988159
v 2066.736572 -9241.721680 -11153.326172
v -1450.390503 -9531.305664 1904.481812
v -923.243225 -8462.225586 2756.045654
v 2910.573730 -9474.079102 -1114.308594
v -339.631714 -7378.280273 649.535645
v 839.267822 -7292.803223 980.407410
v -344.402802 -7409.189941 1157.014160
v 2093.957275 -9641.388672 -4977.278809
v 1746.562256 -4603.080078 -10144.359375
v 2819.134521 -9327.970703 -3461.717529
v 3024.786865 -9150.365234 -3454.638916
v 983.282104 -6394.700684 -9809.152344
v 3037.260010 -9021.647461 -2576.141357
v -892.532410 -4842.256836 -10649.869141
v -813.222229 -5134.222656 -11148.050781
v 475.303375 -7577.000977 607.715332
v 1942.634033 -8767.975586 -11462.761719
v -1939.749634 -7794.255371 -716.525391
v -1607.725952 -7408.616699 -195.382660
v 1842.098511 -7393.831543 -1214.531860
v -2384.212646 -8307.638672 -998.902527
v -2178.072021 -7702.257812 -1083.457275
v 738.870911 -8924.624023 -6461.916504
v 639.174377 -9305.549805 -6525.068359
v 571.910706 -8790.622070 -7082.363770
v -3708.027832 -7955.471680 -267.357178
v 1609.366211 -8883.623047 2103.255127
v -3143.334473 -8045.804199 795.973938
v 2710.884521 -7217.082031 -1139.351196
v 2886.362305 -8566.214844 -6656.493164
v 2953.057861 -9081.776367 -7088.010254
v 1737.456421 -5517.073242 -9058.367188
v 3265.607178 -8276.767578 7.839236
v -2289.626953 -9174.180664 -941.594421
v -2584.797119 -9189.214844 -1147.464844
v -3800.304443 -7142.874512 -688.001343
v 3884.013428 -8577.809570 -8225.611328
v 582.180664 -9537.777344 -6856.806641
v -410.160980 -9558.476562 2204.030762
v 1820.457397 -9721.368164 -4388.655273
v -3151.885986 -8769.590820 -860.015625
v 1918.333618 -9699.310547 -7656.346191
v 1654.454346 -7857.617676 -1492.231934
v 1482.808472 -5560.425293 -7268.392090
v 2199.801270 -9345.370117 -863.843506
v 1120.411133 -5759.687500 -6911.605957
v 720.224182 -7870.360352 -6809.502441
v 1696.204590 -8709.680664 -844.134766
v 1808.440430 -6960.630859 -7203.229492
v 2723.851562 -7729.944824 -7740.720703
v 814.357117 -9289.639648 -2564.270020
v 1407.589111 -9661.108398 -9149.783203
v 1323.080688 -9534.931641 -9832.799805
v 1209.864258 -9540.989258 -8978.313477
v 1507.847046 -4973.999023 -9574.536133
v 1235.010254 -10195.280273 -8311.834961
v 2310.281982 -4905.696289 -8756.282227
v 1899.317627 -10103.398438 -7927.676270
v 1077.772095 -10031.500000 -8223.296875
v 1503.384033 -7850.731445 -9277.151367
v 1461.845703 -8048.736816 -9086.463867
v 1466.180054 -8003.547363 -9291.614258
v 1896.636719 -4699.415039 -9275.913086
v 1175.146362 -8223.890625 -9482.872070
v 1832.415161 -9754.368164 -9538.900391
v 2563.387451 -4666.337891 -8861.151367
v 2412.999756 -6173.232422 -4536.276855
v 1398.565430 -5336.092773 -8362.176758
v 810.654724 -8235.353516 -2641.147461
v 2668.474121 -5984.620605 -4572.373535
v 909.181824 -8663.584961 -2264.383301
v 1591.307739 -4546.068848 -9907.427734
v 1810.832031 -5040.770020 -8443.496094
v 833.142395 -9385.948242 -2994.906982
v 1021.705505 -8865.511719 -2044.281372
v 2005.121216 -4961.083008 -8558.178711
v 928.715088 -8086.631348 -2357.715820
v 851.711731 -8655.218750 -3266.525146
v 1905.157837 -5883.468262 -6423.666504
v 991.267090 -6643.902344 -6778.194824
v 847.292419 -8616.111328 -2582.755127
v 942.102295 -9261.828125 -8224.092773
v 2845.096924 -9409.479492 1044.105469
v 372.047943 -7521.924805 2361.469482
v 2981.002686 -7246.407227 -179.480179
v -2460.745361 -7245.324219 -654.446655
v 2807.316895 -6821.699707 -5168.346191
v -1360.465698 -7318.949707 1804.439331
v 2988.069580 -6468.070801 -5008.292969
v 2034.422485 -6964.334473 -6376.836426
v 2672.916260 -9398.786133 -215.649155
v 2613.582275 -7351.458984 774.276123
v 1914.031738 -7380.529297 1790.328979
v 2056.694336 -6824.263184 -6323.677734
v 2652.224365 -5632.983398 -8311.657227
v 1457.814453 -8321.883789 -62.590641
v 1352.911865 -9200.338867 220.096848
v 2015.612061 -6537.184570 -6743.770996
v 1587.665283 -9215.273438 58.692612
v -410.292786 -7374.116211 1755.437378
v 1134.833740 -6768.441895 -11191.772461
v 1542.654907 -6566.121582 -10915.933594
v 1059.627808 -6582.937988 -11047.381836
v 1187.392334 -5550.828125 -11065.042969
v 323.233551 -6207.534180 -11229.184570
v 1024.393066 -6206.196289 -11112.042969
v 1729.066528 -6446.801758 -10823.255859
v 1066.019531 -5951.849121 -11121.333984
v 1585.081543 -6188.589844 -10924.023438
v 1751.458008 -6608.534668 -10854.936523
v 1518.196655 -6424.347656 -10908.384766
v 3030.211426 -7800.985840 -8013.563965
v 1132.315308 -8517.144531 -6258.746582
v 1057.714355 -8273.531250 -6440.833984
v 247.992523 -9076.639648 -7481.900391
v 51.213673 -8130.526367 2602.565186
v 3310.779541 -9191.169922 -7504.844727
v -2648.550049 -9428.965820 1456.180786
v 2945.060791 -8212.693359 -6863.515625
v 1945.210449 -5125.053223 -10770.817383
v 991.545044 -9489.362305 -8596.758789
v 3140.049805 -7941.663086 715.484558
v -2754.788330 -7363.511230 -1194.038696
v 1097.843018 -7663.351562 -5802.456543
v 966.449890 -7431.246094 -6138.855469
v 197.646088 -9539.796875 1929.584717
v 874.619995 -9450.561523 1720.071777
v -79.002747 -4749.116211 -10101.758789
v 2227.962891 -7226.498535 -6869.435059
v 2944.974854 -9519.530273 -4403.396484
v 1385.589966 -6785.883789 -5866.505371
v -1151.619629 -7879.951660 132.986328
v 2830.283936 -8414.368164 -2723.508301
v -80.823563 -7972.643555 552.866760
v 2747.762451 -6589.393066 -3704.201904
v 1188.759766 -9448.860352 -4168.563477
v 744.066650 -9210.401367 -11509.891602
v 1198.039307 -7432.302246 -11387.232422
v 2952.395264 -9350.342773 -7435.033691
v 1090.027588 -9778.272461 -6882.519531
v 2162.639160 -6716.707031 -3555.993164
v 985.295410 -9250.364258 -5335.978516
v -518.470032 -6046.022461 -11253.333984
v 3496.291504 -8237.157227 -7634.970703
v 1362.973633 -8707.067383 -4376.164551
v -2065.299316 -9449.111328 259.972229
v -985.840149 -8918.079102 2782.380127
v 290.224457 -8317.655273 651.477051
v 578.810242 -9231.131836 2483.406006
v 2680.432617 -7409.198242 -3348.105957
v 3161.138672 -8751.603516 -1842.086914
v 1139.035889 -6099.734375 -5854.337891
v -3350.606689 -7574.446777 413.309631
v 1203.377563 -7690.865723 -2627.566406
v 1336.660400 -7758.026855 -2032.600342
v 2618.637695 -9268.464844 1464.726196
v 797.071472 -8253.454102 -11558.574219
v -3266.153809 -7387.108398 -857.442749
v 3333.509033 -7363.978027 -900.671875
v -541.400696 -9304.110352 -11137.625977
v 1889.479370 -7512.437500 -283.901062
v -537.251221 -6442.591797 -11192.298828
v 2218.676514 -9465.620117 -10703.935547
v 2022.128418 -7576.609375 1846.920044
v 3251.268311 -9523.687500 -9043.661133
v -1056.639038 -8127.167969 2527.360107
v 2806.132568 -4765.127441 -8900.194336
v 2700.884521 -9513.074219 -8126.987305
v 2982.113525 -6259.580078 -4380.886719
v -2239.666748 -9387.833008 -346.453918
v -3880.930908 -9101.380859 -345.456268
v -3520.610840 -9315.870117 -28.728271
v 1731.226929 -5877.828125 -9310.186523
v 3262.928223 -8595.919922 781.554016
v 3481.999512 -8531.763672 38.664509
v -2215.604736 -9470.884766 1336.554688
v 3070.361328 -8715.475586 -10659.388672
v -919.214539 -9303.158203 2525.107422
v -1277.468018 -7953.065430 2154.694092
v 2695.765625 -7466.954102 -6153.458008
v 2659.744141 -5355.097656 -9721.116211
v 1998.491089 -7637.272461 -11118.934570
v 3262.174316 -8061.128906 -576.849548
v 1210.698608 -9731.084961 -7767.639160
v 1047.853271 -4614.596680 -11047.875977
v -547.022400 -8617.302734 -10861.583984
v -110.556709 -9345.872070 -10693.004883
v 2926.424805 -6967.645996 -8928.049805
v 3215.026367 -7654.600586 -8787.984375
v 2419.118164 -7762.968750 1560.514404
v 2332.294678 -7176.683105 -1666.443970
v 1867.695312 -9492.694336 1491.527588
v -571.385742 -8456.469727 -11474.966797
v 717.661194 -8606.232422 -7337.588379
v 968.943176 -8480.216797 -6881.754883
v 3052.728027 -8877.725586 -6226.714844
v -1487.463501 -7584.549805 2002.250122
v 1723.117920 -4430.410645 -10533.359375
v 380.263214 -9057.436523 -7691.532715
v 1405.578857 -7416.077637 -1938.094116
v 2926.749512 -7072.825195 -9927.506836
v 2406.429199 -9526.168945 -5191.247559
v 2804.053955 -7320.167480 -295.916321
v 2293.332275 -7391.685059 220.098648
v -347.008087 -5137.852051 -10211.371094
v 1573.054199 -6971.092285 -5544.866699
v -152.879944 -5392.802246 -10374.849609
v 1201.265747 -8926.432617 -8459.455078
v -2321.870605 -8111.071777 1659.429688
v 625.377441 -5027.688477 -11416.623047
v 2582.520752 -9406.958984 -877.609375
v 1751.173706 -7470.695801 -5053.485840
v 1807.937012 -8259.917969 -5094.474121
v 1906.102051 -7979.517090 -4915.624512
v 3770.355469 -8314.982422 -8542.588867
v 1739.310913 -7567.804199 62.488983
v 372.198181 -8000.033203 597.220398
v 1620.316772 -9494.665039 -3661.883057
v -330.587433 -9028.434570 -11545.724609
v 3258.409424 -7493.143555 -1321.176636
v 3085.171631 -9107.329102 1145.053833
v 3572.882812 -8898.875977 -7617.791016
v 1266.468872 -8641.807617 -5890.519043
v -2450.067871 -8344.363281 1718.450684
v -2464.235107 -8635.241211 2017.861938
v -3022.928223 -8476.541992 1458.773560
v -639.899475 -8748.123047 -11314.009766
v 129.225952 -9508.946289 2233.557129
v 3455.900635 -8823.466797 -4383.090820
v 3367.596436 -9074.397461 -4125.104492
v -3687.465332 -7264.000488 -379.569611
v -1023.685547 -7369.612305 394.493317
v 1494.739624 -8463.907227 -11465.100586
v -534.855103 -7580.217285 -10733.959961
v 1188.684692 -9573.722656 -5837.228516
v 2805.697510 -5676.358887 -9006.446289
v 2930.842041 -7265.750488 -2290.254639
v 1864.962280 -7044.861328 -2584.448730
v 3249.637207 -9079.101562 -10237.517578
v -1206.249390 -8292.190430 -102.125977
v -354.640869 -8622.370117 -11625.227539
v 417.907562 -8450.999023 -10245.928711
v 2603.224121 -7686.129883 -7359.625977
v 2829.916504 -7951.852539 -6941.557617
v 3117.723633 -8218.899414 -7156.346680
v -1707.217163 -9463.908203 1314.144409
v -3853.977295 -8220.201172 -383.386688
v 635.709961 -6256.384766 -10106.298828
v 2951.683838 -9561.804688 -9162.947266
v 3223.033936 -8967.418945 -1741.990356
v 1192.425293 -9164.335938 -1988.280884
v 1109.706665 -9413.524414 -2355.625244
v 3436.178467 -8268.446289 -9732.912109
v 1140.261108 -6735.225098 -6329.672852
v 2358.595215 -8726.706055 -11315.316406
v 1107.760742 -7218.671387 -11324.392578
v 2140.830566 -9436.913086 -2386.513428
v -870.876709 -4877.142578 -11260.036133
v 1618.151367 -10060.987305 -7807.762695
v 464.710419 -9186.259766 -6900.766113
v -1528.497192 -7641.256348 -198.689636
v 2586.316406 -6877.684082 -8214.532227
v 2808.627686 -5185.185059 -9361.338867
v -2067.571533 -9203.735352 -536.986755
v 2408.312500 -6626.186523 -3244.133301
v 3341.134277 -8882.552734 -10251.280273
v 2524.596191 -7612.313965 -10757.013672
v 3522.002686 -8144.269531 -8957.260742
v 255.894287 -9140.383789 -7242.804688
v 2041.031982 -7303.013672 -859.022461
v 1802.859253 -7241.967773 -1569.389526
v 2390.010254 -9234.041992 -7044.357422
v 1706.836670 -9384.825195 -7104.581543
v 3297.266357 -8723.556641 -5772.851562
v 3496.960938 -8807.801758 -4926.710449
v 1190.220703 -8654.975586 -8011.955566
v 1852.871826 -7572.896484 -910.389526
v 1598.013550 -6100.908203 -9424.861328
v -2210.968750 -8885.858398 -818.413025
v 512.146606 -8033.541016 2292.449463
v 3797.159424 -8759.304688 -9113.138672
v 1629.389771 -5424.456543 -9326.102539
v 789.113037 -7748.232910 -6313.300781
v 1391.597046 -9669.824219 -5897.022461
v 2063.947021 -9004.463867 -11357.719727
v 2372.601807 -5385.729004 -10194.657227
v 3221.136475 -9344.711914 -5155.218750
v 3171.495850 -9459.203125 -4664.332520
v 1449.771118 -9556.897461 -2811.083008
v -2426.991455 -9364.450195 -859.310364
v 3060.244141 -8594.820312 -3548.416992
v 1558.229858 -9428.077148 1809.212769
v 977.002808 -9167.077148 2332.025146
v 3281.563721 -7610.902344 -9481.735352
v -2382.483887 -7655.187500 -1244.570068
v 2719.631836 -7805.197266 -2461.402344
v 1847.405884 -9680.815430 -5053.289062
v 2728.407715 -5228.161133 -8253.324219
v 3248.165527 -8140.860352 -83.790939
v 2614.848389 -9389.338867 -5971.475098
v 1404.805664 -9682.205078 -6479.195801
v 1404.823242 -9657.952148 -7648.129395
v 2001.803467 -9392.253906 -6122.567383
v 1306.805298 -7658.726074 -2058.880859
v 1390.233276 -9593.280273 -7372.825684
v 1329.861084 -9675.080078 -5398.957520
v 958.866150 -7866.103027 -2853.929443
v 1634.350220 -9630.499023 -5966.439453
v 1361.272949 -8482.905273 -70.030449
v 1694.569458 -8975.165039 -255.855606
v 980.139771 -7874.457031 -3177.940674
v 1617.436157 -8660.606445 -457.853119
v 3418.649414 -7841.978027 -289.958160
v 825.522644 -9622.498047 -6579.155762
v 1267.994629 -5735.938477 -7134.185547
v 757.711121 -9696.449219 -6973.919922
v 2210.884033 -5174.928711 -7837.113281
v -3376.971191 -9088.138672 1111.687988
v 819.002686 -6205.945312 -7416.972656
v 785.358032 -6043.008789 -6954.159180
v 3143.701416 -8136.660156 -4862.101562
v 1300.234985 -9508.131836 -3442.410156
v 827.616516 -9371.471680 -8008.436523
v -1541.703491 -7331.352051 301.101685
v 2701.674805 -6149.152832 -9425.974609
v 3035.123291 -6114.035645 -4799.037109
v 1617.173462 -7352.897461 1806.187256
v 1927.439941 -4716.612305 -10756.368164
v 2890.856445 -7874.440918 1074.378296
v -581.880188 -5402.313965 -10979.880859
v -538.735168 -5689.691406 -11241.052734
v 2747.988281 -6952.416504 -2195.885742
v 2280.422852 -5986.077148 -5177.794434
v 1611.714111 -8422.817383 -4610.188477
v 1259.183838 -8785.397461 -4956.228516
v 2793.036377 -6043.407227 -4489.454102
v 960.139526 -7921.972168 -6089.340332
v 685.635376 -7984.991699 -7270.435059
v 1185.809082 -8340.660156 -6163.521973
v 2489.668457 -5896.737305 -5704.569336
v 1040.567261 -9560.842773 1399.538452
v 1178.530762 -9471.774414 1650.328247
v 2713.371094 -6875.009277 -3904.646729
v 3008.649170 -9458.844727 625.423340
v 3805.449219 -8378.585938 -8139.107422
v -1945.181274 -7462.883301 -606.812073
v 3385.187500 -8503.206055 -4805.235840
v 1078.619629 -9266.787109 -4351.853516
v 3117.558594 -9365.865234 -9740.157227
v 1018.962158 -9434.894531 -3607.800537
v 205.035507 -8696.626953 362.445465
v 976.648804 -8494.666016 228.161896
v 291.638641 -7315.476562 895.749207
v 1140.593994 -9096.359375 -8689.121094
v 1216.501587 -9152.780273 -8941.013672
v 2242.281982 -9436.221680 -2000.341553
v 2896.441162 -8329.886719 -2050.239990
v 1078.750977 -9531.578125 -2947.234619
v 878.837830 -9306.442383 -3527.253174
v 1066.488281 -9721.834961 -7938.101562
v 3479.179199 -8662.269531 -675.657776
v -796.363708 -7602.439453 334.321747
v 1198.079712 -7787.643555 -2409.319092
v 1461.934326 -8363.926758 -8672.805664
v 1330.685059 -7846.128418 -1956.851074
v 875.041870 -8198.710938 -3522.241943
v 1150.063354 -7755.810059 -2742.153320
v 1324.785400 -9715.006836 -6874.684570
v -297.717346 -9178.954102 382.461884
v 2584.243164 -8112.744629 -3251.685303
v 1661.315308 -9469.210938 -1833.464111
v 1263.130859 -9371.688477 -9282.528320
v 1787.378662 -9741.359375 -9974.795898
v 2241.368896 -9869.418945 -8960.768555
v 1412.960693 -9555.883789 -9368.972656
v 1619.536255 -8736.089844 -1048.151001
v 1346.067627 -9036.583008 -1578.306519
v 1402.546265 -9444.675781 -2138.560059
v 1277.241333 -9344.094727 -2074.396973
v 2045.602417 -9294.361328 -1358.028442
v 1266.028076 -9582.582031 -2767.634766
v 1809.447998 -9141.768555 -1150.476685
v 972.560486 -9031.199219 266.909149
v 1827.723145 -9451.994141 -1787.512207
v 1764.005371 -9200.708984 -1355.957520
v 1304.137451 -9585.799805 -10187.619141
v 1673.338623 -8655.878906 -664.582581
v 1949.561890 -9250.752930 -1263.461914
v 1528.526001 -8841.787109 -177.088104
v 1307.282959 -7567.331543 -9017.524414
v 1522.767944 -9428.691406 -1879.809448
v 3088.364258 -7988.332031 -1396.262085
v 2297.880859 -8113.559082 -11151.977539
v 2142.801270 -7929.143066 -11194.498047
v 1569.602783 -6257.760254 -8459.714844
v 141.296066 -5643.856934 -11250.426758
v 1455.351318 -6763.653320 -4234.154785
v 2270.954346 -7314.991699 -338.369995
v 2070.901855 -9298.826172 -436.597931
v 441.344299 -6932.416016 -10276.988281
v 329.853363 -6499.751953 -10336.937500
v -284.058502 -8414.340820 2783.615234
v -1713.307617 -8787.936523 2397.807617
v 1823.407227 -7020.890625 -4776.306152
v 1871.469116 -6552.822754 -5187.554199
v 522.967651 -8613.557617 380.883942
v 1664.610962 -8342.091797 -987.017761
v 1717.357178 -6209.162109 -9121.630859
v 3326.822266 -9264.825195 -766.981140
v 694.242432 -7061.333008 -7589.466797
v 3020.528076 -8775.039062 1210.568237
v 2700.181885 -9400.384766 -10467.529297
v 2673.699951 -9485.014648 -5090.438965
v -768.172241 -4661.378418 -10340.461914
v -1255.063354 -9526.511719 1008.104675
v -700.850769 -9455.458008 952.113647
v -672.212708 -9547.241211 1365.408813
v 932.329285 -9522.249023 -8013.736328
v 3637.468994 -8904.497070 -9530.830078
v 657.595337 -8793.158203 2638.466064
v 1585.452148 -8203.443359 -1317.591675
v -2181.313477 -7646.904785 1685.754150
v 2020.425415 -6344.983887 -7362.719727
v 2865.359863 -8081.208984 -10671.551758
v 3203.348389 -8458.739258 -10431.416016
v 3089.891113 -7327.406738 356.892151
v 2676.646484 -6755.129883 -10000.118164
v -694.684814 -9151.333008 2683.427002
v 2363.141357 -6043.196289 -10186.590820
v 1500.434204 -5102.089355 -11090.600586
v 1664.878174 -5362.741699 -10897.098633
v 2184.551025 -6737.049805 -7781.114746
v -2969.787109 -7255.837891 508.108246
v 3556.872559 -8821.345703 -288.707703
v 3056.160400 -7264.669922 -9006.659180
v 3261.370117 -7882.857422 -8378.977539
v -51.808319 -8860.568359 -10377.442383
v 114.886551 -9050.646484 -11601.354492
v -1121.539062 -8044.095215 2294.218018
v 2501.330811 -9518.778320 -2335.028076
v 1126.942383 -7903.962402 -8236.722656
v 3396.160156 -8087.421875 -9393.039062
v 1825.744019 -7382.512207 103.144341
v -2195.740723 -7256.378906 1081.411499
v -2704.553711 -7395.689941 1.102027
v -3652.810059 -8361.519531 509.725769
v -3667.829590 -8657.829102 710.281189
v -1537.364014 -9450.500000 2120.613281
v -3782.762451 -7533.767090 -573.353638
v -3806.104248 -7964.121582 -636.153931
v 2430.521729 -9397.839844 -274.644043
v -574.094971 -6893.242676 -11155.485352
v -572.201233 -8212.953125 -11290.848633
v 3451.594238 -9456.208984 -8531.395508
v 1021.332153 -6839.450684 -6795.022461
v 3896.718750 -8548.128906 -8580.337891
v 3492.004150 -9268.397461 -8013.658203
v 953.656006 -6645.973633 -7447.864746
v 1086.009888 -7470.359375 -5865.667480
v 624.019897 -7351.107910 -7766.958496
v 968.618408 -8434.185547 -7847.575195
v -1755.041382 -8455.054688 2202.889160
v -2862.422363 -8580.074219 1735.807861
v -2676.555908 -8217.194336 1422.738525
v -1656.640381 -8199.370117 2067.605225
v -1930.553955 -8624.038086 2183.479980
v -1928.616943 -8852.442383 2288.877930
v -2054.171875 -8124.176758 1840.844971
v -1910.431152 -7734.232910 1858.442261
v -2105.494141 -8270.140625 1874.684814
v 3647.593262 -8557.807617 -7556.844238
v 848.971069 -8336.628906 -2401.619385
v 794.070312 -8384.236328 -2720.956055
v 738.116150 -9065.083984 -2754.600830
v 585.218689 -7691.528809 -7289.490234
v 1245.839844 -8470.069336 -9152.496094
v 920.868225 -6472.059082 -7184.058594
v 3388.780518 -9290.207031 -90.032463
v 3410.786865 -9197.469727 -4964.239258
v 2595.366943 -9471.451172 -1488.422974
v -2020.894775 -9444.771484 1800.189575
v -3410.678467 -8787.508789 1169.422607
v 294.102692 -9400.655273 -11112.498047
v 1458.243164 -8502.351562 -1345.868408
v 507.805542 -8300.221680 2558.986084
v 2046.245239 -6169.209961 -4624.937500
v 1571.808594 -6345.324219 -4220.153320
v -3992.344482 -8691.899414 -507.506409
v 1289.264160 -9608.825195 -4504.210938
v 1719.758301 -5020.457520 -9340.841797
v 1008.659302 -5917.596191 -9895.868164
v -2475.307373 -9362.246094 1825.452515
v 1257.744873 -7937.959961 -11439.075195
v 1294.465332 -7713.666016 -11367.649414
v 891.901123 -7932.093262 -10125.635742
v 743.976685 -8242.755859 578.991516
v -1480.651001 -7423.065918 556.361755
v 1555.020996 -7373.854492 331.366516
v 1221.190796 -7344.916992 -2487.733398
v -504.117584 -7904.108398 2365.717529
v 96.543419 -7937.280762 2380.935303
v 3031.576660 -7474.589355 848.859558
vt 0.144350 0.780060
vt 0.125640 0.803700
vt 0.119760 0.773970
vt 0.115270 0.795710
vt 0.140630 0.766210
vt 0.127860 0.751370
vt 0.159700 0.787640
vt 0.143050 0.800270
vt 0.149670 0.754620
vt 0.105790 0.777990
vt 0.108090 0.804650
vt 0.088670 0.790240
vt 0.157750 0.804750
vt 0.147510 0.817690
vt 0.132420 0.830160
vt 0.130150 0.815150
vt 0.169790 0.766070
vt 0.157680 0.768710
vt 0.187490 0.756740
vt 0.193810 0.782110
vt 0.178330 0.779730
vt 0.175250 0.758970
vt 0.171950 0.786550
vt 0.165890 0.808720
vt 0.165330 0.751590
vt 0.148060 0.832210
vt 0.119170 0.746800
vt 0.108280 0.753810
vt 0.109670 0.739370
vt 0.186120 0.735970
vt 0.166880 0.720110
vt 0.145800 0.727920
vt 0.089150 0.740240
vt 0.157580 0.826390
vt 0.125090 0.717000
vt 0.137040 0.741290
vt 0.122280 0.834370
vt 0.114280 0.818860
vt 0.099900 0.830800
vt 0.199550 0.746650
vt 0.095050 0.715190
vt 0.091000 0.769540
vt 0.205910 0.792890
vt 0.170830 0.814630
vt 0.108690 0.847790
vt 0.196720 0.703490
vt 0.185730 0.821080
vt 0.140980 0.838710
vt 0.141020 0.857600
vt 0.130480 0.838200
vt 0.199950 0.817450
vt 0.187110 0.700910
vt 0.133810 0.860090
vt 0.118720 0.870410
vt 0.160630 0.829670
vt 0.158040 0.846700
vt 0.179380 0.837330
vt 0.164120 0.844890
vt 0.133770 0.691900
vt 0.147720 0.703650
vt 0.111770 0.864210
vt 0.156030 0.860710
vt 0.148240 0.846540
vt 0.079270 0.766370
vt 0.065030 0.728470
vt 0.078110 0.737930
vt 0.119880 0.700720
vt 0.125040 0.675050
vt 0.191210 0.837320
vt 0.195960 0.860050
vt 0.127200 0.884150
vt 0.165470 0.856300
vt 0.183050 0.847670
vt 0.184270 0.867980
vt 0.156770 0.668550
vt 0.102880 0.692950
vt 0.112340 0.677910
vt 0.205550 0.853030
vt 0.235240 0.745240
vt 0.215060 0.758040
vt 0.211590 0.718570
vt 0.058770 0.807830
vt 0.053770 0.739870
vt 0.067150 0.774830
vt 0.059940 0.836630
vt 0.072910 0.804280
vt 0.145560 0.662760
vt 0.134820 0.662210
vt 0.192610 0.682570
vt 0.208660 0.661040
vt 0.180170 0.684730
vt 0.167560 0.690710
vt 0.178370 0.661920
vt 0.158170 0.882230
vt 0.149710 0.884790
vt 0.077530 0.673770
vt 0.090410 0.699430
vt 0.079220 0.726650
vt 0.218320 0.784280
vt 0.222360 0.852120
vt 0.238460 0.695090
vt 0.192420 0.663360
vt 0.137960 0.880870
vt 0.140090 0.905180
vt 0.104110 0.662680
vt 0.098770 0.925750
vt 0.075030 0.850240
vt 0.091330 0.867680
vt 0.247370 0.732650
vt 0.254590 0.784930
vt 0.117010 0.898700
vt 0.129030 0.907510
vt 0.210550 0.854000
vt 0.245670 0.838260
vt 0.171600 0.871350
vt 0.172700 0.899240
vt 0.255000 0.758600
vt 0.162860 0.925730
vt 0.064570 0.649990
vt 0.068560 0.693060
vt 0.174690 0.646940
vt 0.106960 0.878280
vt 0.218110 0.663850
vt 0.243560 0.786340
vt 0.062980 0.893370
vt 0.035710 0.845250
vt 0.052440 0.840290
vt 0.160500 0.640670
vt 0.254210 0.846190
vt 0.175480 0.923880
vt 0.265320 0.791270
vt 0.197310 0.654950
vt 0.206380 0.640400
vt 0.029160 0.823200
vt 0.033370 0.758380
vt 0.038570 0.763400
vt 0.192110 0.905300
vt 0.096890 0.959900
vt 0.034880 0.723190
vt 0.226750 0.887660
vt 0.126620 0.644630
vt 0.120740 0.659810
vt 0.110260 0.640910
vt 0.262170 0.825120
vt 0.211980 0.908380
vt 0.263920 0.688840
vt 0.255010 0.690690
vt 0.271820 0.748610
vt 0.275050 0.776430
vt 0.261540 0.761800
vt 0.117160 0.952870
vt 0.241220 0.655670
vt 0.291660 0.756200
vt 0.292330 0.730730
vt 0.302720 0.737700
vt 0.306370 0.761810
vt 0.025410 0.760640
vt 0.023870 0.802220
vt 0.015340 0.797270
vt 0.205400 0.887630
vt 0.264680 0.722890
vt 0.020320 0.739820
vt 0.015200 0.725460
vt 0.323130 0.749630
vt 0.327060 0.770300
vt 0.326800 0.798750
vt 0.121710 0.624770
vt 0.133290 0.629780
vt 0.270210 0.688520
vt 0.292540 0.702400
vt 0.142310 0.645740
vt 0.143140 0.619150
vt 0.254950 0.664910
vt 0.304170 0.811370
vt 0.275570 0.818380
vt 0.291460 0.781010
vt 0.308000 0.784000
vt 0.157250 0.619280
vt 0.226220 0.622990
vt 0.199670 0.892750
vt 0.208800 0.923510
vt 0.339740 0.768290
vt 0.016730 0.707320
vt 0.030360 0.685150
vt 0.038560 0.695400
vt 0.031530 0.869900
vt 0.133170 0.932760
vt 0.149310 0.924210
vt 0.155940 0.946750
vt 0.041620 0.668740
vt 0.215770 0.622420
vt 0.197540 0.622660
vt 0.191250 0.639890
vt 0.175740 0.627900
vt 0.288290 0.675110
vt 0.007980 0.848860
vt 0.009540 0.798540
vt 0.016750 0.852080
vt 0.014930 0.671670
vt 0.107060 0.618160
vt 0.042840 0.653710
vt 0.091510 0.668160
vt 0.087060 0.618470
vt 0.100540 0.647430
vt 0.194350 0.926390
vt 0.189950 0.940550
vt 0.318070 0.719720
vt 0.266590 0.862630
vt 0.256960 0.858970
vt 0.263340 0.646700
vt 0.262810 0.668960
vt 0.163090 0.616240
vt 0.304380 0.855170
vt 0.177690 0.609560
vt 0.310560 0.686790
vt 0.336000 0.698080
vt 0.336500 0.718130
vt 0.328040 0.717410
vt 0.326080 0.694470
vt 0.072400 0.625530
vt 0.247730 0.896510
vt 0.242280 0.865140
vt 0.287020 0.840580
vt 0.276130 0.862600
vt 0.271900 0.831930
vt 0.272640 0.672280
vt 0.272190 0.650290
vt 0.128960 0.608240
vt 0.162320 0.935840
vt 0.178010 0.963690
vt 0.016510 0.657130
vt 0.025100 0.647990
vt 0.033980 0.668650
vt 0.031390 0.903050
vt 0.022450 0.849560
vt 0.251940 0.635460
vt 0.266980 0.615570
vt 0.291330 0.880720
vt 0.167540 0.976680
vt 0.144010 0.971140
vt 0.258720 0.883020
vt 0.313750 0.652120
vt 0.313010 0.668550
vt 0.287060 0.655650
vt 0.318920 0.864030
vt 0.307650 0.916600
vt 0.045170 0.627850
vt 0.049590 0.602430
vt 0.062260 0.626720
vt 0.229410 0.926160
vt 0.207150 0.937090
vt 0.276410 0.893560
vt 0.055490 0.956170
vt 0.052000 0.920960
vt 0.074930 0.939720
vt 0.067570 0.595440
vt 0.135250 0.593830
vt 0.156660 0.588790
vt 0.017410 0.640970
vt 0.017510 0.627500
vt 0.035140 0.623190
vt 0.275870 0.930770
vt 0.046600 0.947380
vt 0.036680 0.921630
vt 0.072030 0.970970
vt 0.238650 0.912010
vt 0.229340 0.905090
vt 0.324070 0.659080
vt 0.333080 0.657600
vt 0.330500 0.668680
vt 0.285060 0.621680
vt 0.309470 0.626210
vt 0.297940 0.966000
vt 0.296150 0.953250
vt 0.318090 0.933270
vt 0.115660 0.981370
vt 0.257220 0.907660
vt 0.247350 0.905920
vt 0.243640 0.625390
vt 0.256370 0.572730
vt 0.324460 0.636470
vt 0.338510 0.649510
vt 0.178260 0.973170
vt 0.238980 0.972450
vt 0.207880 0.998040
vt 0.236140 0.590920
vt 0.212940 0.929500
vt 0.209850 0.945210
vt 0.244190 0.944790
vt 0.148580 0.564410
vt 0.033360 0.602950
vt 0.281330 0.953170
vt 0.255010 0.917100
vt 0.264240 0.937760
vt 0.280290 0.966210
vt 0.284480 0.978320
vt 0.255680 0.986220
vt 0.166290 0.597240
vt 0.169950 0.565390
vt 0.180780 0.580750
vt 0.070090 0.566360
vt 0.247280 0.917180
vt 0.125370 0.589020
vt 0.116580 0.602070
vt 0.115750 0.551420
vt 0.104300 0.593340
vt 0.096010 0.519390
vt 0.224240 0.534150
vt 0.201750 0.591100
vt 0.196760 0.573500
vt 0.097380 0.609170
vt 0.079660 0.506530
vt 0.126850 0.546760
vt 0.068480 0.528860
vt 0.241290 0.543690
vt 0.224950 0.583360
vt 0.028070 0.580680
vt 0.015650 0.562070
vt 0.027080 0.552090
vt 0.038340 0.570370
vt 0.325070 0.617940
vt 0.311470 0.603430
vt 0.322890 0.575980
vt 0.151690 0.537690
vt 0.297410 0.601080
vt 0.319560 0.572230
vt 0.305740 0.572130
vt 0.034210 0.554900
vt 0.048110 0.545650
vt 0.201100 0.508090
vt 0.362270 0.615730
vt 0.342610 0.596640
vt 0.355200 0.583470
vt 0.216810 0.571180
vt 0.233260 0.542430
vt 0.337500 0.582140
vt 0.388530 0.605180
vt 0.376840 0.594430
vt 0.210840 0.535910
vt 0.180100 0.522690
vt 0.295930 0.543930
vt 0.280950 0.534850
vt 0.016340 0.536720
vt 0.023090 0.524820
vt 0.051400 0.525780
vt 0.033190 0.544250
vt 0.405250 0.577250
vt 0.396940 0.588530
vt 0.253600 0.496850
vt 0.259520 0.540590
vt 0.419740 0.581780
vt 0.407950 0.592810
vt 0.351470 0.543320
vt 0.353810 0.552760
vt 0.342130 0.563100
vt 0.233290 0.497450
vt 0.316380 0.547780
vt 0.327210 0.528500
vt 0.333920 0.548590
vt 0.068230 0.481840
vt 0.271800 0.489240
vt 0.304750 0.551340
vt 0.311050 0.499280
vt 0.289010 0.518230
vt 0.374530 0.533920
vt 0.378370 0.566090
vt 0.371720 0.556800
vt 0.384240 0.535720
vt 0.383740 0.569300
vt 0.396640 0.542130
vt 0.403660 0.553790
vt 0.117960 0.472590
vt 0.109840 0.516280
vt 0.086820 0.474580
vt 0.027530 0.484680
vt 0.048860 0.497440
vt 0.020490 0.504340
vt 0.123270 0.516660
vt 0.140710 0.483520
vt 0.144760 0.510210
vt 0.394630 0.537950
vt 0.418610 0.562130
vt 0.437640 0.536840
vt 0.428350 0.569670
vt 0.101180 0.475140
vt 0.164490 0.490720
vt 0.048280 0.469580
vt 0.414160 0.538520
vt 0.447370 0.548680
vt 0.325310 0.491810
vt 0.317530 0.523330
vt 0.183600 0.502170
vt 0.185620 0.474530
vt 0.200560 0.489380
vt 0.221310 0.483240
vt 0.149640 0.467190
vt 0.425970 0.526160
vt 0.413220 0.552020
vt 0.057930 0.435140
vt 0.307570 0.462040
vt 0.294850 0.483940
vt 0.380600 0.493350
vt 0.371110 0.523420
vt 0.353200 0.512900
vt 0.081790 0.428410
vt 0.222650 0.466510
vt 0.206610 0.461750
vt 0.200740 0.440970
vt 0.162840 0.480720
vt 0.151310 0.438590
vt 0.131260 0.473070
vt 0.109700 0.442590
vt 0.386190 0.526790
vt 0.395410 0.492460
vt 0.406430 0.512420
vt 0.434930 0.491980
vt 0.421350 0.521170
vt 0.412110 0.516310
vt 0.121140 0.432280
vt 0.295950 0.459900
vt 0.313330 0.461760
vt 0.282440 0.476240
vt 0.135320 0.440100
vt 0.031130 0.424580
vt 0.026830 0.462950
vt 0.344710 0.495320
vt 0.325580 0.468630
vt 0.348730 0.481630
vt 0.274950 0.442150
vt 0.263070 0.436440
vt 0.255490 0.473170
vt 0.240170 0.474030
vt 0.256490 0.439180
vt 0.243530 0.442770
vt 0.360490 0.499410
vt 0.367810 0.475320
vt 0.409060 0.469970
vt 0.419060 0.485120
vt 0.283670 0.451190
vt 0.446710 0.498220
vt 0.016870 0.420890
vt 0.014880 0.448340
vt 0.006590 0.418590
vt 0.234170 0.433860
vt 0.169000 0.436930
vt 0.306870 0.438390
vt 0.069290 0.393530
vt 0.333370 0.457180
vt 0.460440 0.467020
vt 0.093890 0.439930
vt 0.090400 0.417190
vt 0.108330 0.421610
vt 0.329640 0.434030
vt 0.370850 0.452640
vt 0.386200 0.472930
vt 0.349830 0.464380
vt 0.347900 0.445160
vt 0.205490 0.423870
vt 0.173040 0.416520
vt 0.104420 0.405650
vt 0.043330 0.395650
vt 0.306070 0.426000
vt 0.292660 0.439260
vt 0.281620 0.414650
vt 0.231520 0.418000
vt 0.458630 0.489780
vt 0.478170 0.472370
vt 0.006620 0.392910
vt 0.394040 0.450370
vt 0.032300 0.390530
vt 0.058110 0.386510
vt 0.281570 0.393780
vt 0.359290 0.436250
vt 0.121210 0.409020
vt 0.114520 0.388000
vt 0.374260 0.438800
vt 0.393070 0.444030
vt 0.252670 0.414420
vt 0.268420 0.393780
vt 0.262020 0.424590
vt 0.428140 0.428340
vt 0.412400 0.463840
vt 0.408620 0.446920
vt 0.438470 0.460280
vt 0.340470 0.429240
vt 0.361550 0.411570
vt 0.412180 0.426670
vt 0.131990 0.398280
vt 0.142370 0.370430
vt 0.157690 0.392670
vt 0.079960 0.319360
vt 0.094550 0.395910
vt 0.084860 0.398520
vt 0.333480 0.423060
vt 0.310400 0.412680
vt 0.360800 0.394900
vt 0.167310 0.370650
vt 0.186170 0.400330
vt 0.379340 0.421090
vt 0.395360 0.396550
vt 0.402610 0.400890
vt 0.469220 0.419850
vt 0.454340 0.451170
vt 0.469750 0.447420
vt 0.074260 0.349060
vt 0.060740 0.364740
vt 0.248860 0.400850
vt 0.264590 0.387030
vt 0.332900 0.382180
vt 0.094090 0.350660
vt 0.106960 0.380910
vt 0.482680 0.449200
vt 0.486730 0.422510
vt 0.497770 0.427020
vt 0.120540 0.370550
vt 0.215520 0.407440
vt 0.245370 0.367240
vt 0.238360 0.400150
vt 0.015280 0.342120
vt 0.035100 0.368570
vt 0.020230 0.365960
vt 0.184840 0.363760
vt 0.026610 0.339210
vt 0.303320 0.383340
vt 0.313090 0.378330
vt 0.299700 0.398790
vt 0.447710 0.414400
vt 0.323230 0.371360
vt 0.320300 0.393600
vt 0.264570 0.363560
vt 0.047060 0.333020
vt 0.228610 0.359210
vt 0.109440 0.345450
vt 0.321530 0.357770
vt 0.419470 0.390590
vt 0.439920 0.397480
vt 0.449280 0.394480
vt 0.475040 0.384190
vt 0.279350 0.357890
vt 0.287660 0.362000
vt 0.339460 0.339780
vt 0.201900 0.363500
vt 0.222340 0.356050
vt 0.207840 0.399740
vt 0.509090 0.385630
vt 0.124010 0.327650
vt 0.368270 0.372700
vt 0.350690 0.369650
vt 0.183950 0.333820
vt 0.017460 0.307040
vt 0.398650 0.384100
vt 0.370250 0.391990
vt 0.391760 0.363320
vt 0.492710 0.383050
vt 0.507480 0.368210
vt 0.287420 0.339850
vt 0.298540 0.353230
vt 0.224810 0.339370
vt 0.144590 0.324500
vt 0.150480 0.341950
vt 0.456860 0.362020
vt 0.304270 0.344310
vt 0.314100 0.340530
vt 0.304840 0.362990
vt 0.424790 0.376580
vt 0.429440 0.357370
vt 0.441190 0.381990
vt 0.318010 0.340410
vt 0.373120 0.352430
vt 0.359950 0.340320
vt 0.411740 0.363430
vt 0.407960 0.329760
vt 0.029370 0.305050
vt 0.038790 0.274650
vt 0.071040 0.290880
vt 0.049850 0.314340
vt 0.517020 0.395860
vt 0.518830 0.366250
vt 0.529510 0.375400
vt 0.420830 0.337770
vt 0.308080 0.329680
vt 0.015170 0.280360
vt 0.024010 0.250090
vt 0.296560 0.342240
vt 0.297240 0.320950
vt 0.373450 0.334020
vt 0.385530 0.323210
vt 0.231720 0.338520
vt 0.233670 0.327690
vt 0.249240 0.336870
vt 0.226040 0.329710
vt 0.180350 0.314390
vt 0.460150 0.334190
vt 0.449370 0.363160
vt 0.442000 0.337110
vt 0.271490 0.333260
vt 0.252990 0.324540
vt 0.125740 0.291270
vt 0.127060 0.316100
vt 0.098880 0.297020
vt 0.106760 0.274270
vt 0.083970 0.296520
vt 0.057330 0.266200
vt 0.334950 0.334250
vt 0.330280 0.332860
vt 0.334850 0.311590
vt 0.277700 0.322660
vt 0.389110 0.339290
vt 0.390880 0.324730
vt 0.322930 0.315850
vt 0.332020 0.315720
vt 0.144700 0.310460
vt 0.133220 0.281040
vt 0.121430 0.273930
vt 0.280260 0.297900
vt 0.287350 0.307510
vt 0.429670 0.335070
vt 0.425010 0.322480
vt 0.453870 0.319120
vt 0.040000 0.260130
vt 0.027060 0.232390
vt 0.319180 0.315790
vt 0.310700 0.316800
vt 0.312710 0.295190
vt 0.180670 0.299010
vt 0.206670 0.318420
vt 0.165550 0.281500
vt 0.158860 0.309070
vt 0.147000 0.285680
vt 0.534330 0.318460
vt 0.543650 0.336570
vt 0.531960 0.345150
vt 0.450020 0.308200
vt 0.518090 0.330630
vt 0.050800 0.240870
vt 0.041850 0.216610
vt 0.326740 0.296770
vt 0.295710 0.298120
vt 0.254130 0.312410
vt 0.465760 0.316060
vt 0.502620 0.292960
vt 0.495290 0.324180
vt 0.476710 0.314800
vt 0.103670 0.253060
vt 0.091560 0.273570
vt 0.101890 0.228730
vt 0.052940 0.215820
vt 0.063430 0.216670
vt 0.333820 0.302980
vt 0.350260 0.299460
vt 0.344320 0.321030
vt 0.481970 0.287580
vt 0.085360 0.234480
vt 0.074580 0.257550
vt 0.017620 0.198960
vt 0.032640 0.202490
vt 0.020680 0.216720
vt 0.241240 0.283610
vt 0.525110 0.303230
vt 0.515890 0.301810
vt 0.504370 0.325660
vt 0.365700 0.306490
vt 0.229280 0.306870
vt 0.214120 0.302440
vt 0.217340 0.285060
vt 0.390400 0.308160
vt 0.416330 0.281350
vt 0.419560 0.303040
vt 0.146170 0.261980
vt 0.033050 0.184460
vt 0.242300 0.305440
vt 0.376390 0.300070
vt 0.388220 0.286370
vt 0.194120 0.294120
vt 0.323150 0.279910
vt 0.359610 0.292680
vt 0.340750 0.285320
vt 0.138510 0.270530
vt 0.128060 0.257540
vt 0.140640 0.255400
vt 0.293740 0.281940
vt 0.308350 0.268100
vt 0.175550 0.283230
vt 0.189700 0.267300
vt 0.010300 0.186510
vt 0.033890 0.166320
vt 0.448740 0.296580
vt 0.458700 0.264720
vt 0.472050 0.288280
vt 0.449170 0.283960
vt 0.052480 0.187290
vt 0.044870 0.202740
vt 0.041340 0.184320
vt 0.060830 0.203090
vt 0.205980 0.269970
vt 0.113300 0.227690
vt 0.367870 0.266020
vt 0.380980 0.274100
vt 0.477430 0.266420
vt 0.487130 0.257770
vt 0.427810 0.269350
vt 0.134280 0.239440
vt 0.113010 0.251780
vt 0.513480 0.285960
vt 0.525770 0.265130
vt 0.317600 0.274970
vt 0.508590 0.251050
vt 0.280220 0.281200
vt 0.287400 0.261150
vt 0.461310 0.253790
vt 0.464510 0.251600
vt 0.333430 0.266840
vt 0.264240 0.281390
vt 0.239100 0.270670
vt 0.173050 0.265100
vt 0.153920 0.248790
vt 0.167280 0.236760
vt 0.480350 0.257140
vt 0.280510 0.267840
vt 0.297180 0.262510
vt 0.062170 0.189450
vt 0.087010 0.177330
vt 0.430830 0.250170
vt 0.449080 0.257700
vt 0.082810 0.208050
vt 0.349710 0.265790
vt 0.317000 0.259020
vt 0.405050 0.270970
vt 0.388650 0.263340
vt 0.404410 0.245920
vt 0.211360 0.252040
vt 0.452870 0.231330
vt 0.184820 0.251130
vt 0.177280 0.234310
vt 0.483530 0.230750
vt 0.479770 0.234640
vt 0.480890 0.233030
vt 0.538200 0.267860
vt 0.538190 0.267730
vt 0.538200 0.267410
vt 0.538220 0.267730
vt 0.220220 0.003800
vt 0.220220 0.003800
vt 0.220220 0.003800
vt 0.222640 0.002730
vt 0.222640 0.002730
vt 0.222640 0.002730
vt 0.531080 0.267350
vt 0.530860 0.267110
vt 0.531080 0.266430
vt 0.531300 0.267110
vt 0.223850 0.002380
vt 0.223850 0.002370
vt 0.223850 0.002380
vt 0.532510 0.267460
vt 0.533010 0.267120
vt 0.532960 0.267800
vt 0.481560 0.232390
vt 0.482290 0.231720
vt 0.482200 0.231730
vt 0.482120 0.231770
vt 0.483470 0.230460
vt 0.482110 0.231560
vt 0.482260 0.230130
vt 0.483530 0.230050
vt 0.482090 0.231850
vt 0.056010 0.134720
vt 0.046160 0.163560
vt 0.461040 0.236540
vt 0.481530 0.232300
vt 0.483450 0.229800
vt 0.483590 0.229440
vt 0.483740 0.230240
vt 0.483800 0.230080
vt 0.483900 0.229840
vt 0.483740 0.229880
vt 0.483650 0.229960
vt 0.483720 0.229900
vt 0.483650 0.229950
vt 0.483700 0.229910
vt 0.483760 0.229870
vt 0.483740 0.229960
vt 0.031870 0.148370
vt 0.049340 0.117960
vt 0.414710 0.272100
vt 0.415480 0.237660
vt 0.428510 0.231680
vt 0.484040 0.227470
vt 0.483810 0.228510
vt 0.484480 0.229540
vt 0.485160 0.229310
vt 0.484930 0.228500
vt 0.484420 0.228710
vt 0.489400 0.223910
vt 0.526980 0.267500
vt 0.527620 0.266980
vt 0.527640 0.268030
vt 0.484090 0.228260
vt 0.484830 0.229210
vt 0.486140 0.229160
vt 0.529220 0.268030
vt 0.528850 0.267050
vt 0.529640 0.267290
vt 0.484690 0.228930
vt 0.110920 0.190930
vt 0.116080 0.203260
vt 0.055840 0.166510
vt 0.084870 0.152110
vt 0.478320 0.221180
vt 0.099300 0.211010
vt 0.087250 0.163740
vt 0.324050 0.264520
vt 0.333700 0.255250
vt 0.353260 0.255690
vt 0.200580 0.246240
vt 0.193910 0.231380
vt 0.105430 0.175100
vt 0.069930 0.135670
vt 0.079850 0.139750
vt 0.369730 0.245120
vt 0.374300 0.255730
vt 0.460790 0.225030
vt 0.468480 0.216250
vt 0.411850 0.224930
vt 0.269030 0.246420
vt 0.285110 0.251300
vt 0.254520 0.256280
vt 0.336580 0.246610
vt 0.352860 0.245020
vt 0.238610 0.236500
vt 0.381700 0.248860
vt 0.379780 0.238010
vt 0.395160 0.241300
vt 0.237950 0.256570
vt 0.210670 0.235170
vt 0.156570 0.226410
vt 0.170870 0.204790
vt 0.494810 0.226080
vt 0.487670 0.206280
vt 0.506390 0.203860
vt 0.297920 0.249910
vt 0.300060 0.231460
vt 0.306790 0.248930
vt 0.428770 0.213700
vt 0.450430 0.205800
vt 0.441460 0.222740
vt 0.145930 0.221180
vt 0.165910 0.189140
vt 0.491250 0.194810
vt 0.065630 0.104460
vt 0.085260 0.103290
vt 0.339030 0.235770
vt 0.190140 0.221940
vt 0.174190 0.220400
vt 0.287770 0.234390
vt 0.393990 0.206720
vt 0.096260 0.137580
vt 0.103910 0.156940
vt 0.218660 0.220680
vt 0.241350 0.225430
vt 0.474390 0.197160
vt 0.481880 0.180140
vt 0.311590 0.223300
vt 0.321270 0.227470
vt 0.324940 0.236390
vt 0.355920 0.214050
vt 0.354530 0.231460
vt 0.080010 0.123100
vt 0.104840 0.115130
vt 0.271720 0.234190
vt 0.212360 0.207620
vt 0.448930 0.186490
vt 0.457840 0.216460
vt 0.465080 0.197410
vt 0.489100 0.179840
vt 0.491880 0.171750
vt 0.492710 0.172240
vt 0.501690 0.186120
vt 0.493330 0.172500
vt 0.221430 0.004670
vt 0.221430 0.004670
vt 0.221430 0.004670
vt 0.221430 0.004670
vt 0.536980 0.268160
vt 0.536860 0.267580
vt 0.536880 0.266790
vt 0.225060 0.001950
vt 0.534270 0.268600
vt 0.534220 0.267920
vt 0.534270 0.266960
vt 0.534320 0.267920
vt 0.226270 0.004650
vt 0.535530 0.267550
vt 0.535620 0.266180
vt 0.535650 0.266980
vt 0.494080 0.172460
vt 0.494930 0.172250
vt 0.497290 0.159240
vt 0.373210 0.232030
vt 0.491760 0.163170
vt 0.492610 0.171870
vt 0.493200 0.172040
vt 0.493990 0.172160
vt 0.461610 0.117570
vt 0.483610 0.162760
vt 0.123360 0.083520
vt 0.091320 0.093270
vt 0.345380 0.214350
vt 0.467300 0.179190
vt 0.113030 0.121260
vt 0.377300 0.209450
vt 0.390200 0.188880
vt 0.421280 0.174540
vt 0.184220 0.201880
vt 0.206720 0.194270
vt 0.132130 0.197710
vt 0.151290 0.170790
vt 0.146600 0.202940
vt 0.113010 0.078500
vt 0.334300 0.214430
vt 0.157660 0.175390
vt 0.145020 0.144810
vt 0.131430 0.177950
vt 0.121380 0.172740
vt 0.118380 0.139070
vt 0.130710 0.130310
vt 0.245870 0.203370
vt 0.262560 0.231720
vt 0.482950 0.148890
vt 0.458290 0.085930
vt 0.490740 0.144100
vt 0.272990 0.216120
vt 0.264460 0.212590
vt 0.124470 0.093160
vt 0.103960 0.102340
vt 0.224210 0.205540
vt 0.350670 0.167750
vt 0.345060 0.188290
vt 0.288130 0.203840
vt 0.406260 0.165900
vt 0.405610 0.187270
vt 0.221800 0.186990
vt 0.232220 0.187430
vt 0.142320 0.053400
vt 0.123530 0.117430
vt 0.361920 0.192110
vt 0.371960 0.176030
vt 0.373260 0.193160
vt 0.438120 0.161610
vt 0.360200 0.169700
vt 0.354770 0.172150
vt 0.393480 0.168140
vt 0.339460 0.181160
vt 0.321510 0.212710
vt 0.413500 0.150240
vt 0.438740 0.129490
vt 0.348690 0.156350
vt 0.429210 0.074210
vt 0.439180 0.102240
vt 0.191910 0.165180
vt 0.173910 0.173760
vt 0.170000 0.160430
vt 0.455770 0.099250
vt 0.138390 0.083090
vt 0.140910 0.105020
vt 0.316830 0.202980
vt 0.340860 0.160370
vt 0.339970 0.165660
vt 0.301120 0.212240
vt 0.304730 0.199230
vt 0.261100 0.179290
vt 0.253290 0.188320
vt 0.235630 0.161030
vt 0.336180 0.171070
vt 0.376920 0.095270
vt 0.417580 0.049610
vt 0.183390 0.021480
vt 0.151250 0.063480
vt 0.267070 0.195930
vt 0.335140 0.139470
vt 0.168190 0.060050
vt 0.181190 0.066840
vt 0.147630 0.122710
vt 0.331450 0.160400
vt 0.156310 0.134070
vt 0.173640 0.129450
vt 0.162250 0.153230
vt 0.193660 0.044320
vt 0.249580 0.155790
vt 0.242430 0.169920
vt 0.182140 0.146510
vt 0.205220 0.136730
vt 0.324780 0.156810
vt 0.213530 0.134070
vt 0.224000 0.136470
vt 0.210920 0.161600
vt 0.170660 0.113460
vt 0.282610 0.180470
vt 0.289460 0.192130
vt 0.276590 0.195250
vt 0.271440 0.170030
vt 0.260470 0.159200
vt 0.249280 0.138720
vt 0.222220 0.164850
vt 0.238300 0.139600
vt 0.331640 0.127860
vt 0.338070 0.111580
vt 0.364760 0.121170
vt 0.362020 0.057480
vt 0.400420 0.066850
vt 0.198440 0.122260
vt 0.278610 0.148410
vt 0.279890 0.161320
vt 0.268030 0.151790
vt 0.338110 0.079710
vt 0.276700 0.141090
vt 0.264800 0.141650
vt 0.309400 0.111700
vt 0.221880 0.013430
vt 0.213060 0.004700
vt 0.250000 0.020060
vt 0.282610 0.167920
vt 0.303160 0.144140
vt 0.299540 0.163380
vt 0.307300 0.135050
vt 0.290640 0.138280
vt 0.266950 0.127140
vt 0.306220 0.106770
vt 0.271710 0.132260
vt 0.327340 0.151900
vt 0.292250 0.184200
vt 0.333030 0.119850
vt 0.243870 0.108320
vt 0.310450 0.156430
vt 0.301370 0.187720
vt 0.308300 0.122810
vt 0.301510 0.124100
vt 0.253070 0.110680
vt 0.260540 0.113850
vt 0.321510 0.148840
vt 0.327330 0.133580
vt 0.330770 0.145860
vt 0.318990 0.143980
vt 0.272570 0.114500
vt 0.288190 0.094970
vt 0.313610 0.167270
vt 0.312790 0.098200
vt 0.242630 0.030280
vt 0.204470 0.064510
vt 0.190210 0.088290
vt 0.223590 0.035160
vt 0.215610 0.117620
vt 0.245050 0.080400
vt 0.239990 0.101880
vt 0.215870 0.100170
vt 0.335200 0.060440
vt 0.296700 0.068360
vt 0.208290 0.090630
vt 0.194500 0.110670
vt 0.286130 0.051250
vt 0.259250 0.088980
vt 0.217140 0.066760
vt 0.267050 0.037430
vt 0.255980 0.049860
vt 0.237690 0.072410
vt 0.230950 0.045380
vt 0.484660 0.235180
vt 0.492460 0.245060
vt 0.499420 0.264230
vt 0.473580 0.231940
vt 0.498990 0.235980
vt 0.510540 0.232480
vt 0.480410 0.239690
vt 0.481460 0.240370
vt 0.288380 0.291010
vt 0.328930 0.341440
vt 0.329460 0.354890
vt 0.294660 0.365180
vt 0.479560 0.212860
vt 0.312960 0.326910
vt 0.320210 0.326000
vt 0.322470 0.333830
vt 0.317910 0.300700
vt 0.421060 0.313230
vt 0.407240 0.319530
vt 0.469570 0.303400
vt 0.376520 0.315370
vt 0.418890 0.211590
vt 0.478070 0.244270
vt 0.476360 0.243890
vt 0.438650 0.234220
vt 0.452420 0.219670
vt 0.341290 0.621450
vt 0.344410 0.640530
vt 0.355380 0.640460
vt 0.372300 0.620800
vt 0.386430 0.623940
vt 0.481040 0.247200
vt 0.379200 0.521950
vt 0.297730 0.385280
vt 0.391490 0.576190
vt 0.400410 0.565660
vt 0.373410 0.580560
vt 0.363150 0.568950
vt 0.337860 0.802410
vt 0.337550 0.852880
vt 0.011790 0.616820
vt 0.268520 0.345460
vt 0.246940 0.348290
vt 0.442940 0.168600
vt 0.431230 0.582620
vt 0.407040 0.609870
vt 0.428160 0.538010
vt 0.332030 0.745750
vt 0.365310 0.324440
vt 0.349730 0.340300
vt 0.020510 0.582520
vt 0.016470 0.596160
vt 0.321490 0.248820
vt 0.357580 0.530180
vt 0.054410 0.544740
vt 0.037020 0.584590
vt 0.029040 0.592540
vt 0.049550 0.569840
vt 0.351270 0.566800
vt 0.030410 0.737100
vt 0.109320 0.067160
vt 0.163550 0.025960
vt 0.075430 0.095060
vt 0.095540 0.082070
vt 0.459070 0.523970
vt 0.399150 0.606890
vt 0.399330 0.621550
vt 0.001950 0.730910
vt 0.321310 0.677240
vt 0.329980 0.680850
vt 0.002980 0.798090
vt 0.006540 0.757040
vt 0.014560 0.766800
vt 0.258180 0.150810
vt 0.252550 0.159500
vt 0.273970 0.180540
vt 0.135200 0.218520
vt 0.121830 0.216030
vt 0.245550 0.427430
vt 0.034030 0.649820
vt 0.343440 0.098970
vt 0.337100 0.099690
vt 0.461670 0.153270
vt 0.446790 0.135300
vt 0.339070 0.532500
vt 0.333260 0.506650
vt 0.333640 0.559730
vt 0.340230 0.545010
vt 0.346820 0.526970
vt 0.349760 0.503020
vt 0.283570 0.031950
vt 0.389980 0.046610
vt 0.255420 0.148220
vt 0.083580 0.580310
vt 0.182980 0.113410
vt 0.186890 0.126600
vt 0.328580 0.912460
vt 0.296190 0.935520
vt 0.204460 0.337860
vt 0.493830 0.335120
vt 0.470140 0.335510
vt 0.501740 0.341660
vt 0.010030 0.370010
vt 0.344890 0.170380
vt 0.089980 0.830670
vt 0.325520 0.580920
vt 0.101500 0.315750
vt 0.515530 0.346140
vt 0.100380 0.851420
vt 0.267820 0.909120
vt 0.265370 0.885210
vt 0.201340 0.712960
vt 0.154090 0.415880
vt 0.135130 0.415930
vt 0.112690 0.720570
vt 0.186040 0.953540
vt 0.201910 0.950120
vt 0.281840 0.602880
vt 0.201070 0.180010
vt 0.165600 0.512410
vt 0.164100 0.557260
vt 0.381410 0.353480
vt 0.145960 0.243550
vt 0.186650 0.600030
vt 0.144040 0.874380
vt 0.495030 0.452400
vt 0.416220 0.377700
vt 0.148070 0.905070
vt 0.261840 0.917360
vt 0.282110 0.583950
vt 0.476760 0.350950
vt 0.492370 0.363130
vt 0.493970 0.345740
vt 0.162530 0.872880
vt 0.042080 0.578650
vt 0.071310 0.115250
vt 0.364030 0.557700
vt 0.318520 0.692100
vt 0.160510 0.326330
vt 0.452910 0.510450
vt 0.467470 0.497250
vt 0.207750 0.026570
vt 0.011490 0.203910
vt 0.014880 0.228470
vt 0.013480 0.474580
vt 0.263440 0.016170
vt 0.508980 0.428320
vt 0.529400 0.402210
vt 0.012160 0.506200
vt 0.538680 0.380250
vt 0.010360 0.638510
vt 0.010250 0.650730
vt 0.011740 0.700050
vt 0.010170 0.626870
vt 0.020720 0.550020
vt 0.044180 0.813050
vt 0.306940 0.036060
vt 0.225060 0.001950
vt 0.225060 0.001950
vt 0.226270 0.004650
vt 0.226270 0.004650
vn 0.038807 0.150522 0.987845
vn -0.116003 -0.186343 0.975612
vn 0.099088 -0.242859 0.964988
vn -0.036303 -0.533048 0.845306
vn 0.189320 0.128252 0.973504
vn 0.335459 0.007133 0.942028
vn -0.064751 0.625215 0.777762
vn -0.163057 0.261394 0.951360
vn 0.416598 0.489554 0.766018
vn 0.065205 -0.703666 0.707532
vn -0.133742 -0.781864 0.608935
vn -0.029946 -0.970335 0.239902
vn -0.287872 0.682020 0.672293
vn -0.516407 0.450734 0.728123
vn -0.623674 0.172020 0.762522
vn -0.423762 -0.062809 0.903593
vn 0.127750 0.580771 0.803981
vn 0.169238 0.581371 0.795843
vn 0.058143 0.357098 0.932255
vn -0.128211 0.587011 0.799362
vn -0.123690 0.152690 0.980503
vn 0.128491 -0.073346 0.988995
vn -0.101939 0.744495 0.659800
vn -0.346454 0.743422 0.572095
vn 0.370577 0.326494 0.869525
vn -0.646868 0.446235 0.618415
vn 0.380570 -0.274803 0.882978
vn 0.243956 -0.694522 0.676849
vn 0.286997 -0.712954 0.639789
vn 0.270635 0.155393 0.950058
vn 0.353691 -0.070874 0.932673
vn 0.412178 0.247789 0.876761
vn 0.177588 -0.903685 0.389635
vn -0.526602 0.663182 0.531864
vn 0.417432 0.159061 0.894679
vn 0.517348 0.344780 0.783248
vn -0.427695 -0.379993 0.820172
vn -0.315307 -0.583710 0.748241
vn -0.204149 -0.844146 0.495724
vn 0.065056 0.968102 0.241962
vn 0.172676 -0.839339 0.515454
vn 0.146229 -0.899805 0.411056
vn 0.048345 0.998696 -0.016429
vn -0.299734 0.280877 0.911739
vn -0.290375 -0.712069 0.639250
vn 0.264836 0.794993 0.545755
vn -0.314506 0.418288 0.852128
vn -0.373857 0.448789 0.811677
vn -0.369583 0.510151 0.776630
vn -0.382360 0.185618 0.905178
vn -0.224842 0.824513 0.519254
vn 0.454140 0.026038 0.890550
vn -0.479969 -0.139994 0.866044
vn -0.505430 -0.481506 0.716026
vn -0.417298 0.310341 0.854137
vn -0.429193 0.456555 0.779327
vn -0.432418 0.217628 0.875016
vn -0.492757 0.189892 0.849195
vn 0.509604 0.311879 0.801895
vn 0.460949 0.208662 0.862547
vn -0.314606 -0.770448 0.554467
vn -0.428813 0.622645 0.654547
vn -0.309738 0.594486 0.742057
vn 0.066574 -0.989596 0.127548
vn 0.142115 -0.969037 0.201920
vn 0.160050 -0.945235 0.284455
vn 0.429630 -0.282971 0.857523
vn 0.611214 -0.071451 0.788234
vn -0.352266 0.677306 0.645883
vn -0.456483 0.706058 0.541392
vn -0.683931 -0.341159 0.644864
vn -0.577314 0.233465 0.782434
vn -0.527201 0.338196 0.779540
vn -0.680453 0.303752 0.666872
vn 0.662326 0.203705 0.720991
vn 0.305382 -0.771527 0.558111
vn 0.499844 -0.553292 0.666351
vn -0.201710 0.930826 0.304757
vn 0.001934 0.996161 0.087522
vn 0.020980 0.989642 -0.142019
vn -0.052134 0.994197 -0.094101
vn -0.041484 -0.996448 -0.073289
vn -0.020245 -0.989186 -0.145260
vn -0.040153 -0.997102 0.064617
vn -0.069378 -0.993278 0.092660
vn -0.029373 -0.998955 -0.035014
vn 0.591404 0.539561 0.599263
vn 0.703987 0.220715 0.675046
vn 0.543586 0.551500 0.632741
vn 0.156712 0.975032 0.157334
vn 0.628134 -0.150964 0.763320
vn 0.577401 -0.129693 0.806094
vn 0.730124 -0.160309 0.664244
vn -0.516029 0.699735 0.494049
vn -0.506891 0.714642 0.482025
vn -0.006378 -0.998706 -0.050464
vn 0.018026 -0.998717 0.047326
vn 0.089341 -0.980590 0.174530
vn 0.070192 0.981893 -0.175950
vn 0.126422 0.977907 -0.166480
vn 0.009330 0.998359 0.056498
vn 0.746790 0.208071 0.631674
vn -0.704703 0.097225 0.702810
vn -0.835072 -0.051477 0.547727
vn 0.455404 -0.800397 0.389835
vn -0.151204 -0.987283 0.049082
vn -0.073111 -0.995536 0.059690
vn -0.034879 -0.999346 0.009547
vn 0.061929 0.962590 0.263792
vn -0.071618 0.981367 0.178296
vn -0.438521 -0.870082 0.225068
vn -0.784183 -0.402983 0.471870
vn 0.163525 0.965873 -0.200869
vn -0.008065 0.999726 0.021969
vn -0.712653 0.145155 0.686335
vn -0.795643 0.187623 0.575978
vn -0.053015 0.963478 -0.262488
vn -0.630245 0.658941 0.410593
vn -0.025584 -0.987363 -0.156399
vn 0.097192 -0.995157 0.014720
vn 0.849268 -0.218835 0.480474
vn -0.182605 -0.974549 0.130037
vn -0.141815 0.987922 -0.062435
vn -0.011029 0.999104 0.040871
vn 0.110588 -0.976667 -0.184097
vn 0.106292 -0.967263 -0.230443
vn 0.078249 -0.978451 -0.191077
vn 0.902347 0.159034 0.400597
vn -0.142944 0.955132 0.259404
vn -0.673700 0.625406 0.393695
vn 0.182496 0.818265 -0.545103
vn 0.691532 0.590670 0.415803
vn 0.354873 0.920569 0.163154
vn 0.042569 -0.962062 -0.269490
vn -0.002934 -0.925508 -0.378717
vn -0.015047 -0.943290 -0.331629
vn -0.809591 0.233065 0.538742
vn -0.124055 -0.985075 -0.119324
vn -0.119963 -0.893219 -0.433322
vn 0.201969 0.966370 -0.159181
vn 0.885234 -0.143310 0.442519
vn 0.725796 -0.376194 0.575932
vn 0.689253 -0.689208 0.223433
vn 0.214870 0.893589 -0.394119
vn 0.200309 0.972399 -0.119653
vn -0.262977 0.790561 -0.553042
vn 0.083508 0.995792 0.037743
vn -0.169013 0.209433 -0.963106
vn 0.220467 0.264484 -0.938852
vn -0.009252 0.703056 -0.711074
vn -0.485022 -0.862792 0.142634
vn -0.021595 0.999094 0.036668
vn -0.049903 -0.030628 -0.998284
vn -0.258704 -0.066749 -0.963648
vn -0.333557 0.359180 -0.871624
vn -0.004362 0.287014 -0.957916
vn 0.033955 -0.826969 -0.561221
vn 0.144696 -0.808386 -0.570592
vn 0.189945 -0.695836 -0.692628
vn -0.184490 0.965069 0.186024
vn -0.281913 0.288878 -0.914918
vn -0.055317 -0.652816 -0.755494
vn -0.192182 -0.524420 -0.829487
vn -0.242871 0.494115 -0.834784
vn 0.073311 0.383271 -0.920722
vn 0.377478 0.264337 -0.887489
vn 0.939596 -0.316397 0.130585
vn 0.944985 0.206695 0.253536
vn -0.500660 0.109563 -0.858682
vn -0.517532 0.326850 -0.790778
vn 0.774558 0.465543 0.428169
vn 0.867245 0.491140 0.081658
vn 0.070319 0.997335 0.019450
vn 0.439659 0.280921 -0.853102
vn 0.386841 0.173527 -0.905672
vn 0.283663 0.038304 -0.958159
vn 0.335478 0.278550 -0.899925
vn 0.827837 0.551705 0.101530
vn -0.265751 0.961648 0.067889
vn -0.626206 0.595795 0.502886
vn -0.790603 0.433771 0.432191
vn 0.043272 -0.233333 -0.971434
vn -0.306119 -0.517773 -0.798876
vn -0.415171 -0.590573 -0.691995
vn -0.195138 -0.862677 -0.466593
vn 0.188910 -0.943306 -0.272923
vn -0.746847 -0.607050 0.271494
vn -0.895281 0.055232 0.442065
vn -0.958578 -0.075931 0.274521
vn -0.177613 -0.910901 -0.372443
vn -0.079435 0.994019 0.074937
vn 0.617177 0.776962 0.124189
vn 0.896920 0.205201 0.391699
vn 0.951202 -0.236068 0.198713
vn -0.782513 0.352529 -0.513223
vn 0.418146 -0.325059 -0.848228
vn 0.284951 -0.453208 -0.844633
vn 0.344228 -0.612132 -0.711900
vn -0.505874 -0.408416 -0.759795
vn 0.765824 -0.642173 0.033582
vn -0.305834 -0.923945 -0.229763
vn 0.008418 -0.999688 0.023530
vn 0.031798 -0.999253 -0.021954
vn 0.255917 -0.964768 0.061071
vn -0.897671 0.049647 0.437862
vn -0.919723 0.125497 0.371969
vn -0.481462 0.490910 -0.726087
vn 0.566552 0.606387 -0.557955
vn 0.165790 0.979187 -0.117072
vn -0.478943 0.875653 -0.062010
vn -0.534708 0.753538 -0.382450
vn 0.940726 -0.329512 0.080351
vn 0.529613 0.319698 -0.785687
vn 0.976183 -0.216947 -0.001111
vn -0.641242 0.551039 -0.534008
vn -0.435851 -0.238187 -0.867929
vn -0.479325 0.027265 -0.877214
vn -0.647550 -0.063989 -0.759332
vn -0.081815 -0.995607 -0.045538
vn -0.104294 0.970200 0.218711
vn -0.140279 0.968706 0.204770
vn 0.550232 0.203001 -0.809960
vn 0.694176 0.123686 -0.709099
vn 0.542688 0.355070 -0.761194
vn -0.823451 0.149911 -0.547225
vn -0.942022 0.307851 -0.133503
vn 0.997400 0.063138 -0.034747
vn -0.883890 0.352922 0.306894
vn -0.967177 0.231239 0.105348
vn -0.616229 -0.479388 -0.624859
vn -0.757482 -0.474291 -0.448630
vn -0.470500 -0.637340 -0.610269
vn 0.465247 -0.416440 -0.781104
vn 0.272955 -0.786282 -0.554308
vn 0.028855 0.994988 0.095741
vn -0.262693 0.959442 0.102292
vn 0.627460 0.033885 -0.777911
vn -0.974041 -0.225439 0.020507
vn -0.788428 -0.605901 0.106133
vn 0.385850 0.883745 -0.264793
vn -0.923098 0.380033 -0.058857
vn -0.852343 0.457523 -0.253345
vn -0.962960 0.257960 -0.078510
vn 0.474562 0.003818 -0.880214
vn 0.581514 -0.103717 -0.806898
vn -0.366496 -0.925034 -0.099964
vn -0.278364 -0.960240 -0.021290
vn -0.120023 -0.990396 -0.068628
vn -0.204696 0.489909 -0.847401
vn -0.991305 0.020852 0.129920
vn 0.757479 -0.086639 -0.647086
vn -0.160167 -0.958205 -0.237045
vn 0.153680 -0.970026 -0.188232
vn 0.037102 -0.984933 -0.168911
vn -0.196435 -0.979554 0.043442
vn 0.900640 0.400098 -0.169615
vn 0.927970 0.331563 -0.170109
vn -0.813803 -0.459880 -0.355296
vn -0.857689 -0.479490 -0.185633
vn -0.813910 -0.576850 -0.069249
vn 0.622099 -0.096338 -0.776989
vn 0.395110 -0.848312 -0.352497
vn 0.576078 -0.618062 -0.534915
vn -0.310487 -0.588202 -0.746737
vn -0.226894 0.973906 -0.005156
vn -0.153570 0.972030 0.177693
vn -0.983055 0.025828 -0.181484
vn -0.959414 -0.241095 -0.146277
vn -0.902793 -0.227364 -0.365061
vn -0.975199 0.152734 0.160183
vn -0.954965 0.226930 0.191165
vn 0.731194 -0.288545 -0.618139
vn -0.464588 -0.430438 -0.773874
vn 0.513484 0.696901 -0.500663
vn -0.014802 0.989333 -0.144919
vn 0.015960 0.994074 0.107528
vn -0.094776 0.981519 0.166248
vn -0.957038 0.209322 0.200655
vn -0.943302 -0.282592 0.174137
vn -0.487883 -0.006232 -0.872887
vn -0.384389 0.001526 -0.923170
vn -0.235972 0.954048 0.184688
vn -0.115676 0.791563 -0.600040
vn -0.376180 -0.035884 -0.925851
vn -0.398031 -0.055972 -0.915663
vn 0.896101 0.363514 -0.254679
vn -0.724663 -0.670262 0.160036
vn 0.573208 0.025984 -0.818998
vn -0.324242 -0.008584 -0.945935
vn -0.264030 -0.077367 -0.961406
vn -0.246794 -0.163717 -0.955138
vn 0.944572 -0.300049 -0.133249
vn 0.890253 -0.317924 -0.326151
vn 0.915633 -0.296265 -0.271742
vn -0.235689 -0.967299 0.093722
vn -0.382273 0.602669 -0.700469
vn 0.969550 -0.022924 -0.243820
vn 0.912849 -0.386680 -0.131093
vn 0.956734 -0.156192 -0.245487
vn 0.762479 -0.625678 -0.164783
vn 0.766883 -0.628549 -0.129679
vn 0.858503 0.506779 -0.078408
vn 0.908359 0.401245 -0.117838
vn 0.957444 0.005154 -0.288572
vn 0.458198 -0.887767 -0.043870
vn 0.396904 -0.912445 -0.099553
vn 0.907448 0.346699 -0.237357
vn 0.037168 -0.998359 -0.043568
vn -0.325882 0.902728 0.280860
vn -0.036355 0.983347 0.178065
vn -0.305591 -0.834093 0.459241
vn -0.560023 -0.665236 0.493797
vn -0.225461 -0.900197 0.372577
vn -0.035011 -0.929257 0.367771
vn -0.787000 0.374428 0.490342
vn -0.868623 0.157965 0.469619
vn -0.896612 0.133306 0.422275
vn 0.906684 0.325734 -0.267995
vn -0.888852 0.099662 0.447225
vn -0.937488 0.029493 0.346765
vn -0.820203 0.381819 0.426006
vn 0.164118 -0.933434 0.319009
vn 0.142573 -0.980315 0.136586
vn 0.945574 -0.208217 -0.250071
vn -0.841262 -0.094725 0.532265
vn -0.785541 0.203301 0.584460
vn -0.886255 0.090704 0.454229
vn 0.566736 0.823893 -0.003235
vn 0.327431 0.938157 0.112474
vn -0.706869 0.507344 0.492887
vn -0.742123 -0.428445 0.515449
vn -0.860993 -0.158172 0.483397
vn 0.953678 -0.017767 -0.300305
vn 0.906321 -0.257492 -0.335083
vn -0.225304 0.945747 0.234094
vn -0.033938 0.970306 0.239487
vn -0.306235 -0.918296 0.250905
vn 0.042378 -0.995709 0.082263
vn -0.000433 -0.999026 -0.044117
vn 0.091403 -0.994627 0.048615
vn -0.815651 -0.509103 0.274824
vn -0.766232 -0.380214 0.518002
vn -0.239170 0.917449 0.317940
vn -0.288569 0.919146 0.268140
vn -0.418863 -0.882194 0.215147
vn -0.482133 -0.778840 0.401193
vn -0.746334 0.664364 0.040073
vn -0.888769 0.443070 0.117385
vn -0.684206 0.682836 0.256119
vn 0.887040 0.461499 0.013401
vn -0.954362 0.237345 0.181277
vn -0.994992 0.079146 -0.061043
vn -0.996225 -0.011434 0.086057
vn -0.006100 -0.999827 -0.017560
vn -0.348358 0.878449 0.327069
vn -0.636936 0.710509 0.299149
vn -0.657150 0.714339 0.240571
vn -0.067413 0.949000 0.307983
vn -0.958095 0.280010 -0.060400
vn -0.993417 -0.065063 0.094289
vn -0.992461 -0.085281 0.088021
vn -0.980330 -0.192129 -0.045172
vn -0.973215 0.212324 0.088156
vn -0.960418 0.261315 -0.096497
vn -0.967466 0.251440 -0.028043
vn 0.966324 0.020679 0.256497
vn 0.978202 -0.193591 -0.075126
vn 0.404859 -0.904921 0.131172
vn 0.199324 -0.975871 -0.089138
vn 0.122179 -0.989243 -0.080445
vn 0.168297 -0.983795 -0.061838
vn 0.936834 0.334521 -0.102163
vn 0.782520 0.603302 0.153913
vn 0.829558 0.554613 0.065104
vn -0.959835 -0.234832 -0.153526
vn -0.725692 -0.687795 -0.017580
vn -0.455602 -0.882974 -0.113067
vn -0.343454 -0.936792 -0.066781
vn 0.849053 -0.495663 0.182831
vn 0.930554 0.359173 0.071159
vn 0.114989 -0.987000 0.112286
vn -0.968656 0.162478 -0.187900
vn -0.050788 -0.997884 -0.040588
vn -0.967020 0.251643 -0.039350
vn -0.862618 0.499739 0.078430
vn 0.985356 -0.140197 -0.097045
vn 0.938980 0.070527 0.336663
vn 0.988230 -0.152972 0.001381
vn 0.996274 -0.082988 -0.023481
vn 0.814431 0.400957 0.419447
vn -0.928834 -0.265408 -0.258508
vn -0.953726 -0.289408 -0.081543
vn 0.103319 -0.987702 0.117347
vn -0.606424 0.751957 0.258478
vn -0.076766 0.872533 0.482487
vn -0.880227 0.311872 -0.357681
vn -0.763425 0.548294 -0.341404
vn -0.765455 0.580563 -0.277535
vn 0.026756 -0.996856 0.074580
vn 0.954154 -0.008411 0.299197
vn 0.949941 -0.026133 0.311333
vn 0.953757 0.127399 0.272245
vn 0.786356 0.377289 0.489181
vn 0.926215 0.302969 0.224356
vn 0.906515 0.347603 0.239589
vn 0.893940 -0.296195 0.336363
vn -0.900252 -0.102797 -0.423059
vn -0.840481 -0.014579 -0.541645
vn -0.862712 0.053307 -0.502878
vn -0.884678 0.433199 -0.172291
vn -0.908494 0.282390 -0.308049
vn -0.833536 0.441122 -0.332610
vn 0.959710 0.167269 0.225784
vn -0.020258 0.897867 0.439801
vn -0.930858 0.288279 -0.224496
vn 0.144143 0.857081 0.494605
vn 0.850535 0.450877 0.270739
vn 0.227741 -0.958080 0.173828
vn 0.161931 -0.960110 0.227965
vn -0.942142 -0.104246 -0.318592
vn -0.869712 -0.102762 -0.482743
vn -0.927044 0.077098 -0.366942
vn -0.424092 0.847786 0.318440
vn -0.378059 0.865398 0.328873
vn 0.541687 0.696146 0.471122
vn 0.888966 0.305837 0.340886
vn 0.401702 0.816332 0.415016
vn 0.855661 0.301680 0.420516
vn -0.909326 0.334817 -0.247030
vn -0.885752 0.328390 -0.328029
vn -0.774689 0.011978 -0.632229
vn -0.777314 0.577135 -0.250395
vn 0.209988 0.862448 0.460531
vn -0.975181 -0.173515 -0.137533
vn -0.210433 -0.976560 0.045252
vn -0.248862 -0.960355 0.125645
vn -0.570863 -0.820445 0.031401
vn 0.989601 -0.071962 0.124545
vn 0.935103 0.199360 0.292981
vn -0.827168 0.463257 -0.318097
vn 0.008741 -0.999959 0.002297
vn -0.778151 -0.159125 -0.607585
vn -0.985506 -0.150382 0.078508
vn 0.602898 -0.757612 0.250076
vn 0.570173 -0.820044 0.049308
vn 0.911761 -0.400278 0.092037
vn -0.962285 -0.070823 -0.262662
vn -0.899790 0.085162 -0.427932
vn -0.773280 0.020418 -0.633736
vn -0.900015 0.166024 -0.403001
vn -0.972340 0.189008 -0.137225
vn 0.985510 0.127035 -0.112390
vn 0.982191 0.177093 -0.062765
vn 0.840984 -0.530002 -0.108827
vn 0.354701 -0.933284 0.056288
vn -0.662910 0.679758 0.313814
vn -0.021975 0.967901 0.250371
vn -0.312352 0.905039 0.288687
vn 0.953728 -0.096163 -0.284879
vn -0.855273 -0.517507 -0.026351
vn -0.471285 -0.880670 0.048065
vn -0.865089 0.040858 -0.499951
vn -0.047351 -0.998839 0.008870
vn 0.298429 -0.954423 -0.004132
vn -0.070907 0.994486 0.077271
vn -0.906869 0.258334 0.332945
vn 0.997274 0.066910 -0.031119
vn 0.963804 -0.082781 -0.253433
vn -0.845999 -0.185064 0.500038
vn -0.845097 -0.171918 0.506217
vn 0.664827 0.722486 -0.189790
vn 0.359894 0.919435 -0.158478
vn 0.152550 0.981433 0.116267
vn -0.854053 0.430621 0.291819
vn -0.736131 0.676721 0.012613
vn -0.825243 0.504429 0.254018
vn -0.714836 0.692255 0.098957
vn -0.916493 0.227280 0.329217
vn -0.806614 0.291418 0.514246
vn -0.732397 -0.207440 0.648508
vn 0.908855 0.394075 -0.136702
vn 0.912678 0.332040 -0.238262
vn 0.940473 0.289550 -0.177966
vn 0.364520 -0.909839 -0.198289
vn 0.617531 -0.739211 -0.268742
vn 0.293083 -0.942576 -0.160163
vn -0.827241 -0.179527 0.532394
vn -0.733978 0.249747 0.631588
vn -0.798866 -0.194469 0.569206
vn 0.907051 0.352799 -0.229762
vn 0.896638 0.355665 -0.263709
vn -0.788345 0.248636 0.562755
vn -0.800239 0.306243 0.515589
vn -0.766576 -0.137782 0.627199
vn -0.896699 0.363395 0.252735
vn -0.864409 0.500312 0.049847
vn -0.997267 -0.015303 0.072283
vn 0.144478 -0.970740 -0.191810
vn 0.200006 -0.959414 -0.198800
vn 0.878449 0.118200 -0.462987
vn 0.748817 0.481788 -0.455142
vn -0.850440 0.062515 0.522345
vn 0.751582 -0.545770 -0.370486
vn 0.714497 -0.607340 -0.347322
vn -0.767098 -0.630664 0.117578
vn -0.913049 -0.289937 0.286841
vn -0.596425 -0.785717 0.164092
vn 0.919717 0.177560 -0.350132
vn 0.863867 -0.192229 -0.465599
vn 0.816190 -0.291491 -0.498865
vn 0.839650 -0.241668 -0.486400
vn -0.104410 -0.994479 0.010511
vn 0.267017 -0.949038 -0.167418
vn -0.074556 -0.997168 0.009868
vn 0.814197 0.493243 -0.306260
vn 0.326835 -0.920133 -0.215719
vn 0.193288 0.980878 -0.022783
vn 0.003338 0.990929 0.134342
vn -0.027130 0.988351 0.149753
vn -0.843042 0.395350 0.364661
vn -0.386338 0.892860 0.231399
vn -0.474597 0.784537 0.399073
vn 0.864144 0.101275 -0.492949
vn 0.298098 -0.926443 -0.229873
vn 0.828777 -0.278307 -0.485463
vn 0.884349 -0.271911 -0.379463
vn 0.179019 0.981558 0.067056
vn -0.765209 -0.373011 0.524708
vn -0.847514 -0.267103 0.458668
vn -0.828046 0.438111 0.349856
vn -0.816175 0.431898 0.383825
vn 0.634076 0.738242 -0.230100
vn 0.200185 0.976562 -0.079079
vn -0.760808 0.598821 0.250171
vn 0.642378 0.694427 -0.324226
vn 0.726256 0.561164 -0.397048
vn 0.817425 0.412962 -0.401596
vn -0.578584 -0.743483 0.335370
vn 0.989279 0.016590 -0.145094
vn -0.902458 -0.285542 0.322546
vn -0.919146 -0.200863 0.338858
vn 0.786440 0.606424 -0.117313
vn 0.294885 -0.955507 -0.007099
vn -0.841792 0.453922 0.292133
vn -0.844937 0.340072 0.412836
vn -0.844348 0.429281 0.320617
vn -0.881981 -0.134312 0.451740
vn -0.752487 -0.494892 0.434564
vn 0.687613 0.638905 0.344948
vn -0.028931 0.977092 0.210840
vn 0.632002 0.761286 -0.144973
vn 0.954180 0.186404 0.234082
vn 0.930027 0.321230 -0.178495
vn -0.806303 0.513484 0.293614
vn -0.247925 0.883371 0.397730
vn -0.335371 0.853437 0.398963
vn 0.151092 0.988067 0.029915
vn -0.854625 -0.470311 0.220055
vn -0.892548 -0.416877 0.171964
vn -0.775627 -0.611912 0.154813
vn 0.179575 0.965159 0.190318
vn -0.941225 -0.278267 0.191475
vn -0.956537 -0.268265 0.114327
vn -0.846146 0.432354 0.311619
vn -0.876270 0.420718 0.234832
vn 0.533075 -0.834698 -0.138244
vn 0.406945 -0.912206 -0.047719
vn 0.147962 -0.987426 0.055647
vn 0.184987 -0.975832 -0.116329
vn -0.186136 -0.965578 0.181691
vn -0.385633 -0.867328 0.314688
vn 0.009720 -0.998053 0.061617
vn -0.970138 0.134338 0.201954
vn -0.189496 0.835961 0.515035
vn 0.451241 -0.889143 -0.076208
vn 0.544993 -0.837941 -0.028942
vn 0.210862 0.832515 0.512304
vn 0.220072 0.782818 0.582035
vn -0.938787 -0.342371 -0.038224
vn -0.994886 0.044878 -0.090487
vn 0.927599 -0.259212 -0.269013
vn 0.931985 0.039282 0.360362
vn 0.898849 -0.419581 -0.126576
vn 0.655549 0.739209 0.154354
vn 0.750042 0.658420 0.062619
vn -0.963481 -0.114751 0.241943
vn -0.912583 -0.318144 0.256859
vn -0.903957 -0.370523 0.213479
vn 0.985555 0.036042 0.165474
vn 0.911898 -0.375564 0.165507
vn 0.689196 -0.218162 0.690951
vn 0.776898 -0.045090 0.628010
vn 0.625232 -0.487636 0.609341
vn 0.622133 -0.580080 0.525793
vn 0.252361 -0.936868 0.242058
vn 0.240655 -0.852026 0.464905
vn -0.548029 0.786922 0.283581
vn 0.072487 0.885735 0.458497
vn -0.678880 0.708435 0.192980
vn 0.848836 0.062707 0.524925
vn -0.824876 0.456769 0.333079
vn -0.864801 0.498580 0.059481
vn 0.305294 0.756322 0.578595
vn 0.293301 0.777450 0.556369
vn 0.717950 0.422471 0.553232
vn 0.821305 0.138577 0.553402
vn 0.781006 -0.422031 0.460348
vn 0.850476 -0.084422 0.519195
vn 0.558654 0.462752 0.688306
vn -0.984231 -0.156834 0.081804
vn -0.992522 -0.005109 -0.121963
vn -0.943275 -0.312940 -0.110912
vn 0.229779 -0.907959 0.350446
vn 0.011678 -0.669617 0.742615
vn -0.436599 0.876557 0.202557
vn -0.341289 0.910766 0.232439
vn -0.110478 0.938214 0.327946
vn 0.608908 0.743778 0.275727
vn 0.709173 0.664010 0.236991
vn 0.572646 0.795233 0.199200
vn 0.558040 0.778143 0.288245
vn 0.678532 0.631637 0.375004
vn -0.171710 -0.923411 -0.343260
vn 0.241942 -0.966562 -0.084983
vn -0.031468 -0.996247 -0.080633
vn -0.854191 -0.222129 -0.470125
vn -0.487766 -0.736053 -0.469372
vn 0.130295 -0.607901 0.783250
vn -0.035607 -0.552878 0.832501
vn 0.096724 0.870937 0.481781
vn -0.060173 0.936649 0.345062
vn 0.846693 -0.223265 0.482974
vn -0.904528 -0.255534 -0.341368
vn -0.635860 0.411822 -0.652752
vn -0.592480 0.515704 -0.618884
vn -0.650194 0.506370 -0.566425
vn 0.412784 -0.859647 0.301027
vn 0.146787 -0.921152 0.360462
vn 0.161403 -0.978768 0.126345
vn 0.379633 -0.683826 0.623106
vn 0.582287 -0.690107 0.429760
vn -0.668239 0.738441 -0.090343
vn -0.879665 0.347065 -0.325169
vn -0.925904 0.372374 -0.063553
vn -0.682842 0.342960 -0.645062
vn 0.309453 -0.897144 0.315231
vn 0.285875 -0.847837 0.446597
vn -0.767082 -0.503016 0.398196
vn -0.495026 -0.635247 0.592799
vn -0.358450 -0.741358 0.567364
vn 0.868697 -0.034519 0.494140
vn -0.845650 -0.424625 -0.323373
vn -0.545542 -0.202735 -0.813193
vn -0.705804 -0.153363 -0.691607
vn -0.937439 -0.015503 -0.347805
vn 0.725154 0.136322 0.674958
vn 0.747741 0.391792 0.536081
vn 0.792927 0.185008 0.580550
vn -0.858301 0.292451 -0.421653
vn -0.733970 0.229583 -0.639203
vn -0.757881 0.233445 -0.609197
vn 0.754189 0.643382 0.131372
vn -0.841612 -0.513111 0.168541
vn 0.802916 -0.139545 0.579529
vn -0.746062 -0.268440 -0.609370
vn -0.812978 0.203998 -0.545391
vn 0.772707 0.471079 0.425450
vn -0.550410 0.830556 -0.084997
vn -0.729198 -0.145666 -0.668620
vn -0.722524 0.485243 -0.492441
vn 0.908904 0.201237 0.365237
vn 0.860997 -0.444495 0.247201
vn 0.989264 -0.013160 0.145547
vn 0.056957 0.908338 0.414340
vn -0.234166 0.883144 0.406476
vn 0.518710 0.807564 0.280678
vn 0.768177 0.508487 0.389031
vn -0.930628 -0.292377 -0.220106
vn -0.622249 -0.176534 -0.762655
vn -0.485016 -0.183370 -0.855064
vn -0.478481 -0.262769 -0.837859
vn -0.285187 -0.277924 -0.917293
vn -0.072371 -0.961596 -0.264756
vn -0.062583 -0.936858 0.344065
vn -0.497507 -0.861603 -0.100627
vn 0.457249 -0.889205 0.015410
vn 0.867899 0.264187 0.420662
vn 0.663486 -0.745978 0.057473
vn -0.792476 -0.131184 -0.595628
vn -0.778444 -0.053487 -0.625432
vn -0.790513 0.376347 -0.483168
vn -0.807835 0.516394 -0.284148
vn -0.708690 -0.269186 -0.652149
vn 0.906552 -0.421545 0.021554
vn 0.737266 -0.627234 0.251033
vn -0.940485 0.175603 -0.290951
vn -0.945772 0.036800 -0.322740
vn 0.059924 0.887534 0.456829
vn -0.856071 0.440618 -0.270183
vn 0.874525 0.184139 0.448664
vn 0.625817 0.697507 0.349053
vn -0.995656 -0.071261 -0.059919
vn -0.838036 0.434383 0.330164
vn -0.878509 0.429280 -0.209623
vn 0.922293 -0.140413 0.360083
vn 0.958510 0.047083 0.281145
vn 0.693066 0.714114 0.098493
vn 0.728505 0.683875 -0.039948
vn 0.734755 0.672135 -0.091490
vn -0.859486 0.477461 0.182525
vn 0.991831 0.013167 0.126879
vn -0.080249 0.900349 0.427705
vn 0.244528 -0.913553 -0.325004
vn 0.356826 -0.919487 -0.164980
vn -0.884491 -0.427426 0.187037
vn -0.882523 -0.462575 -0.084724
vn 0.566577 -0.822674 0.046886
vn -0.850251 0.035686 -0.525166
vn 0.032968 0.942375 0.332930
vn -0.832676 0.449973 -0.322763
vn -0.876992 0.449700 -0.169276
vn -0.857929 0.510791 0.055236
vn 0.946619 0.253559 0.199050
vn -0.892227 -0.355813 0.278081
vn 0.860457 0.452189 0.234818
vn 0.914546 0.401791 0.046573
vn 0.265323 -0.774331 0.574470
vn -0.818030 0.200164 0.539223
vn -0.112411 -0.461338 0.880075
vn 0.764588 -0.588568 0.262664
vn -0.747987 0.165301 0.642799
vn -0.112856 0.659740 -0.742972
vn 0.740418 0.420301 0.524527
vn 0.129857 -0.290687 0.947966
vn -0.316796 -0.504184 0.803392
vn -0.897946 0.274932 0.343664
vn -0.467456 -0.524205 0.711824
vn -0.855012 -0.210587 -0.473929
vn -0.655795 -0.561364 -0.504780
vn -0.822948 0.332683 0.460520
vn -0.656433 -0.498020 0.566631
vn -0.295503 -0.924116 0.242255
vn 0.679610 -0.634219 0.368642
vn -0.819145 0.022962 0.573127
vn -0.919419 0.346534 0.185964
vn -0.966079 0.148883 -0.211009
vn -0.966968 0.088381 -0.239084
vn -0.914361 0.281076 0.291444
vn -0.923763 -0.082616 0.373949
vn -0.939630 0.098747 0.327635
vn -0.950804 0.223016 0.215025
vn -0.948660 -0.027861 0.315069
vn -0.180256 -0.330656 0.926377
vn 0.358870 -0.929909 -0.080507
vn 0.367602 -0.916884 -0.155540
vn -0.304794 -0.795411 -0.523852
vn -0.098757 -0.897165 -0.430514
vn -0.927208 0.300000 0.224244
vn 0.286420 -0.954899 0.078299
vn 0.116073 -0.939886 -0.321156
vn -0.686729 0.690997 0.225667
vn -0.933488 0.292717 0.207163
vn -0.993197 -0.006967 0.116234
vn 0.858994 0.447308 0.249090
vn 0.907831 0.418654 0.023915
vn 0.404231 -0.902574 -0.148184
vn -0.630221 -0.579155 -0.517108
vn -0.407731 -0.830723 -0.379018
vn -0.908189 -0.030382 0.417456
vn -0.997052 0.065891 -0.039323
vn -0.916122 0.363425 0.169240
vn -0.806634 0.505881 0.305656
vn -0.693564 0.350089 0.629609
vn 0.979091 -0.064034 -0.193080
vn 0.938897 0.331792 -0.091572
vn 0.994345 -0.106200 -0.000367
vn -0.784913 0.260971 0.561966
vn -0.811305 0.003854 0.584611
vn 0.981994 0.107522 -0.155327
vn -0.859281 0.420907 0.290642
vn -0.677103 0.411496 0.610084
vn -0.651246 0.514980 0.557382
vn 0.992128 0.117809 0.042470
vn 0.921950 0.387137 -0.011517
vn 0.878926 0.409083 -0.245237
vn 0.853820 0.459244 -0.245126
vn -0.932823 0.107159 0.344033
vn -0.947551 -0.004506 0.319573
vn -0.988262 -0.034799 0.148750
vn 0.074514 0.981785 0.174771
vn -0.050966 0.993976 0.097031
vn -0.210415 0.938872 0.272479
vn -0.820666 -0.283772 0.495965
vn -0.703369 -0.451061 0.549379
vn -0.741358 -0.475806 0.473283
vn 0.965483 -0.033782 -0.258265
vn 0.892385 0.182698 -0.412639
vn -0.859481 -0.039606 0.509631
vn -0.803747 -0.556074 0.211592
vn -0.524313 0.219429 0.822768
vn 0.917177 0.292122 -0.271019
vn 0.917160 0.366804 -0.155798
vn 0.739818 0.545195 -0.394247
vn -0.669073 0.332300 0.664770
vn -0.117199 -0.987353 -0.106767
vn 0.125000 -0.978629 -0.163278
vn 0.903119 0.366200 -0.224219
vn 0.917389 0.103349 -0.384339
vn -0.839594 0.184282 0.511001
vn -0.713843 0.020180 0.700015
vn -0.175557 0.959909 0.218527
vn 0.014748 0.997211 0.073169
vn -0.427244 0.670239 0.606830
vn -0.388711 -0.078809 0.917983
vn -0.603534 -0.004931 0.797322
vn -0.696298 -0.716647 -0.039833
vn -0.391416 -0.920151 0.010762
vn 0.916850 0.000855 -0.399231
vn 0.855704 0.367917 -0.363878
vn -0.868219 -0.127053 0.479639
vn -0.798469 0.392239 0.456723
vn -0.735314 0.421103 0.531023
vn -0.764636 -0.120943 0.633013
vn -0.814075 -0.152278 0.560441
vn -0.794837 -0.186024 0.577607
vn -0.888753 -0.212279 0.406271
vn -0.781602 -0.325442 0.532152
vn 0.502283 0.342746 0.793875
vn -0.741054 -0.381365 0.552630
vn -0.810982 -0.326646 0.485397
vn -0.637384 -0.525394 0.563652
vn -0.625596 0.022595 0.779820
vn -0.603060 -0.381578 0.700511
vn -0.642089 0.026642 0.766167
vn -0.613117 -0.199516 0.764383
vn -0.256874 -0.933298 0.250941
vn -0.743801 -0.554607 0.373057
vn -0.281452 0.144756 0.948594
vn -0.713579 0.346198 0.609059
vn -0.104290 -0.985141 -0.136457
vn -0.499012 -0.048044 0.865262
vn -0.563650 -0.005751 0.825994
vn -0.847603 -0.220557 0.482623
vn 0.867972 0.373974 -0.326752
vn 0.813169 0.325578 -0.482447
vn 0.690849 -0.663848 -0.286415
vn 0.670051 -0.645536 -0.366490
vn 0.897717 -0.287773 -0.333602
vn -0.314477 -0.790458 0.525623
vn -0.160101 0.810581 0.563318
vn 0.868030 -0.167446 -0.467424
vn 0.414789 -0.862103 -0.291081
vn 0.475616 -0.837056 -0.270420
vn 0.381763 -0.891951 -0.242240
vn 0.301627 -0.904197 -0.302406
vn 0.231060 -0.935301 -0.267999
vn 0.830059 0.100662 -0.548516
vn 0.902600 -0.098266 -0.419115
vn -0.528688 -0.343399 0.776251
vn -0.248403 -0.840403 0.481684
vn -0.419071 -0.559221 0.715298
vn 0.798558 0.054032 -0.599487
vn 0.815236 -0.093089 -0.571598
vn -0.267606 -0.963126 -0.027835
vn -0.540772 -0.822443 0.176505
vn 0.833931 0.335150 -0.438445
vn -0.577462 -0.158434 0.800897
vn -0.202864 0.400134 0.893722
vn 0.640122 0.451410 -0.621669
vn -0.595403 -0.054622 0.801569
vn -0.817938 0.090461 0.568150
vn 0.741483 0.300140 -0.600099
vn 0.728729 0.301858 -0.614684
vn -0.263197 -0.894401 0.361626
vn 0.026005 -0.923489 -0.382742
vn -0.344808 -0.349969 0.870993
vn -0.382697 -0.141329 0.913000
vn -0.449263 -0.116942 0.885713
vn -0.399857 0.002477 0.916574
vn -0.065497 -0.103193 0.992503
vn -0.278594 -0.367175 0.887450
vn -0.303301 -0.045035 0.951830
vn -0.078286 0.996501 0.029261
vn -0.002078 0.998046 0.062451
vn -0.104389 -0.009845 0.994488
vn -0.217851 0.056270 0.974359
vn -0.603476 -0.141100 0.784798
vn -0.692481 -0.194037 0.694853
vn -0.024869 0.018662 0.999516
vn 0.705262 0.317090 -0.634082
vn 0.793923 0.255145 -0.551894
vn 0.781483 -0.005330 -0.623904
vn -0.236298 -0.064895 0.969511
vn -0.041989 -0.978689 -0.201009
vn 0.011426 -0.964013 -0.265609
vn -0.083611 0.976919 0.196565
vn -0.880561 -0.437431 0.182389
vn -0.749874 0.614738 0.244513
vn 0.190566 0.970411 -0.148279
vn -0.003375 0.998157 -0.060594
vn 0.614343 0.032397 -0.788374
vn 0.733100 0.080705 -0.675316
vn 0.585953 0.303784 -0.751249
vn -0.045704 0.997874 -0.046453
vn -0.999988 0.000837 0.004911
vn -0.944294 -0.323787 0.058910
vn -0.140654 -0.987247 0.074570
vn -0.100304 -0.987550 -0.121177
vn 0.710767 -0.110278 -0.694730
vn -0.887489 -0.451131 0.094039
vn -0.067297 -0.985709 -0.154430
vn 0.041062 -0.933877 -0.355230
vn 0.142189 -0.922242 -0.359517
vn -0.422431 0.906395 0.000561
vn 0.444324 -0.725267 -0.525894
vn 0.540478 -0.427564 -0.724619
vn 0.669657 -0.443157 -0.595962
vn -0.039954 -0.984939 -0.168225
vn 0.428080 0.451261 -0.783014
vn 0.622474 0.234190 -0.746781
vn 0.662935 0.146694 -0.734165
vn 0.528508 0.327019 -0.783414
vn -0.145644 0.946831 -0.286877
vn 0.406954 0.295474 -0.864340
vn 0.419880 0.320659 -0.849046
vn 0.606811 0.361314 -0.707978
vn 0.177344 -0.803453 -0.568342
vn 0.430089 -0.235650 -0.871489
vn 0.480242 0.447532 -0.754376
vn 0.678552 -0.087371 -0.729337
vn 0.449676 -0.018970 -0.892990
vn 0.484257 0.003762 -0.874918
vn 0.353551 0.305292 -0.884194
vn 0.647329 0.287273 -0.706003
vn 0.440109 0.217208 -0.871277
vn -0.945640 -0.012285 -0.324982
vn -0.847826 0.025967 -0.529638
vn -0.999489 0.003285 0.031809
vn -0.998584 0.043338 0.030849
vn -0.985809 0.013435 0.167332
vn 0.347042 0.269777 -0.898210
vn 0.244002 0.020292 -0.969562
vn 0.251434 -0.042867 -0.966925
vn 0.343060 -0.067803 -0.936863
vn -0.752956 0.155481 -0.639440
vn 0.183984 -0.290661 -0.938971
vn 0.207258 -0.153607 -0.966152
vn 0.076140 -0.118346 -0.990049
vn -0.612657 -0.720981 -0.323787
vn -0.787798 -0.320313 -0.526094
vn 0.277153 -0.314607 -0.907859
vn 0.116287 -0.349821 -0.929571
vn 0.170958 -0.149557 -0.973862
vn 0.064172 -0.017287 -0.997789
vn 0.159853 0.039581 -0.986347
vn 0.148418 0.522255 -0.839775
vn 0.066049 0.227371 -0.971566
vn 0.095521 0.582308 -0.807337
vn -0.858633 -0.176684 -0.481177
vn 0.266911 0.325304 -0.907158
vn -0.099295 -0.061867 -0.993133
vn 0.259770 0.146788 -0.954449
vn 0.085873 0.363100 -0.927785
vn 0.088510 0.724045 -0.684050
vn 0.021919 -0.065953 -0.997582
vn 0.141368 -0.244895 -0.959188
vn 0.211903 0.191771 -0.958291
vn 0.207793 0.248617 -0.946050
vn -0.257297 0.271340 -0.927455
vn -0.324880 -0.406054 -0.854150
vn -0.845986 -0.511358 -0.151069
vn -0.046936 -0.333501 -0.941581
vn 0.079889 0.340246 -0.936937
vn -0.024603 0.263819 -0.964259
vn 0.058038 0.756095 -0.651883
vn -0.070976 0.197943 -0.977641
vn -0.315065 -0.440984 -0.840397
vn 0.082336 -0.739319 -0.668302
vn 0.151853 -0.601493 -0.784313
vn -0.118294 -0.771095 -0.625635
vn 0.215323 0.244857 -0.945347
vn 0.087560 0.261451 -0.961237
vn 0.209809 0.140869 -0.967541
vn 0.179681 0.185385 -0.966099
vn -0.526631 0.188359 -0.828964
vn -0.069268 0.188861 -0.979558
vn 0.194382 -0.118034 -0.973798
vn 0.154313 -0.117995 -0.980951
vn -0.114709 0.173433 -0.978143
vn 0.080875 0.135574 -0.987461
vn 0.124911 -0.226279 -0.966020
vn -0.341103 0.026306 -0.939658
vn -0.052821 0.062733 -0.996632
vn 0.100678 0.148499 -0.983774
vn -0.057235 -0.381664 -0.922527
vn -0.589401 0.170326 0.789681
vn -0.888286 0.458883 0.019386
vn -0.759352 0.570344 -0.313197
vn -0.809747 0.464754 0.358209
vn -0.827602 0.504315 0.246457
vn 0.159946 -0.826209 0.540182
vn -0.989409 0.112939 -0.091187
vn 0.550835 0.614393 0.564891
vn 0.113248 0.975435 0.188948
vn -0.351172 0.907184 0.231722
vn -0.195745 0.976560 0.089527
vn -0.937652 0.161210 0.307930
vn -0.550287 0.767725 0.328303
vn -0.432995 0.834842 0.339933
vn 0.216302 0.873632 0.435867
vn 0.119284 0.769759 0.627091
vn -0.927081 0.108319 -0.358871
vn -0.845935 0.492325 -0.204963
vn -0.645649 -0.381097 -0.661743
vn -0.915172 -0.239383 -0.324277
vn -0.881559 0.029672 0.471141
vn -0.599914 -0.125048 -0.790232
vn -0.738886 0.439114 0.511102
vn -0.911281 -0.361431 0.197320
vn -0.846677 -0.373878 0.378620
vn -0.817560 0.155755 0.554379
vn -0.872226 -0.047821 0.486759
vn -0.737492 -0.420649 0.528356
vn -0.747360 -0.427883 0.508300
vn -0.908375 0.069899 -0.412273
vn -0.839806 0.257300 -0.478040
vn -0.254445 0.954131 0.157772
vn -0.924438 -0.053272 0.377594
vn -0.995544 -0.026309 0.090550
vn -0.933291 -0.014906 0.358810
vn -0.960139 0.057856 0.273469
vn 0.293338 -0.074946 -0.953067
vn 0.972731 0.086876 -0.215050
vn 0.873132 -0.338112 -0.351169
vn -0.788300 0.106224 0.606053
vn -0.073372 -0.996006 0.050888
vn -0.818544 -0.542965 -0.187550
vn -0.207520 -0.020465 -0.978017
vn -0.981095 -0.044134 -0.188427
vn -0.961299 0.225675 0.158033
vn -0.518450 -0.660013 0.543685
vn -0.785539 0.370387 0.495723
vn -0.759466 0.638598 -0.124114
vn -0.202243 -0.973595 0.105881
vn -0.438525 -0.890381 0.122136
vn -0.614594 -0.728056 0.303658
vn -0.246135 -0.961347 0.123404
vn -0.885143 0.347028 0.309989
vn -0.103776 -0.782214 -0.614306
vn -0.578049 -0.675949 0.457113
vn -0.461887 -0.817981 0.342882
vn -0.870582 0.113519 -0.478748
vn -0.801008 -0.201003 -0.563901
vn 0.106276 -0.581202 -0.806790
vn 0.311272 -0.123650 -0.942242
vn 0.426810 -0.002471 -0.904338
vn 0.531757 -0.184900 -0.826466
vn 0.862487 -0.476128 -0.171519
vn 0.733847 -0.670821 -0.107086
vn 0.897518 0.438652 -0.045246
vn -0.661074 -0.632475 -0.403679
vn -0.999891 0.000757 -0.014764
vn -0.148431 0.107432 -0.983070
vn -0.705199 0.273587 0.654098
vn -0.668569 0.330693 0.666076
vn -0.989299 0.096425 -0.109495
vn -0.967620 -0.090076 -0.235791
vn -0.608918 0.761770 0.221190
vn -0.576300 0.808215 0.121108
vn -0.647394 0.760762 -0.046073
vn -0.938567 0.276859 -0.206014
vn -0.656528 0.127340 -0.743475
vn -0.998849 -0.004953 0.047717
vn 0.284412 0.469817 -0.835693
vn 0.231644 -0.972427 -0.026974
vn 0.239030 -0.475866 -0.846414
vn 0.519526 -0.056914 -0.852557
vn 0.772449 -0.133593 -0.620867
vn 0.626412 0.769383 -0.125134
vn -0.824565 0.543909 -0.155741
vn -0.770195 0.637482 -0.020393
vn -0.939992 -0.314845 0.131482
vn -0.344100 -0.928835 0.137334
vn -0.440323 0.655080 0.613992
vn -0.036405 -0.999141 0.019781
vn -0.593388 0.632973 0.497227
vn 0.880483 -0.473824 -0.015510
vn -0.579292 -0.800508 0.153647
vn -0.166704 -0.963905 0.207596
vn 0.757213 -0.074823 -0.648869
vn 0.749331 0.371511 -0.548163
vn -0.042446 0.997819 -0.050558
vn 0.960775 0.277318 -0.002522
vn 0.883741 0.463221 0.066543
vn 0.383611 -0.457450 0.802236
vn -0.870138 0.415768 0.264571
vn -0.984744 0.126460 -0.119527
vn -0.810814 0.489718 0.320556
vn 0.768148 0.400741 -0.499355
vn 0.951351 0.234436 -0.199930
vn 0.947691 0.069951 -0.311429
vn -0.963788 0.012061 0.266395
vn 0.983411 0.152119 -0.098804
vn 0.994454 0.026482 -0.101787
vn -0.525119 0.536137 0.660914
vn -0.932358 0.056515 0.357093
vn -0.705458 0.477662 0.523611
vn 0.316312 -0.147796 -0.937072
vn -0.231053 0.942297 0.242262
vn -0.747069 0.610785 0.262353
vn -0.877490 0.123318 0.463469
vn -0.851312 0.363519 0.378314
vn -0.632975 0.399749 0.662981
vn -0.220654 -0.973778 0.055393
vn -0.909771 -0.411004 -0.058253
vn -0.959969 0.245967 0.134013
vn -0.657878 0.265750 -0.704680
vn 0.759335 0.641351 0.109905
vn -0.643777 -0.764216 -0.039042
vn -0.101105 -0.980785 -0.166852
vn 0.003992 -0.972607 -0.232424
s 1
g pathpre1_low1:Group65055
f 1021/1/1 766/2/2 575/3/3
f 766/2/2 1047/4/4 575/3/3
f 11/5/5 575/3/3 1039/6/6
f 1021/1/1 12/7/7 622/8/8
f 1039/6/6 1104/9/9 11/5/5
f 10/10/10 797/11/11 658/12/12
f 622/8/8 785/13/13 14/14/14
f 14/14/14 1022/15/15 13/16/16
f 1120/17/17 12/7/7 735/18/18
f 703/19/19 23/20/20 18/21/21
f 703/19/19 18/21/21 17/22/22
f 12/7/7 1120/17/17 1119/23/23
f 785/13/13 1119/23/23 1058/24/24
f 1104/9/9 899/25/25 735/18/18
f 1081/26/26 1022/15/15 14/14/14
f 15/27/27 768/28/28 912/29/29
f 21/30/30 17/22/22 582/31/31
f 785/13/13 1058/24/24 14/14/14
f 576/32/32 899/25/25 1104/9/9
f 768/28/28 28/33/33 912/29/29
f 22/34/34 1081/26/26 14/14/14
f 1039/6/6 646/35/35 19/36/36
f 20/37/37 16/38/38 13/16/16
f 797/11/11 1067/39/39 658/12/12
f 23/20/20 703/19/19 574/40/40
f 582/31/31 899/25/25 576/32/32
f 912/29/29 28/33/33 911/41/41
f 768/28/28 847/42/42 28/33/33
f 23/20/20 574/40/40 33/43/43
f 18/21/21 23/20/20 798/44/44
f 16/38/38 20/37/37 27/45/45
f 21/30/30 712/46/46 574/40/40
f 23/20/20 816/47/47 798/44/44
f 1085/48/48 844/49/49 1086/50/50
f 23/20/20 707/51/51 816/47/47
f 783/52/52 712/46/46 21/30/30
f 783/52/52 21/30/30 582/31/31
f 31/53/53 35/54/54 20/37/37
f 1085/48/48 1084/55/55 1089/56/56
f 1084/55/55 1088/57/57 1087/58/58
f 26/59/59 32/60/60 646/35/35
f 20/37/37 1111/61/61 27/45/45
f 843/62/62 844/49/49 25/63/63
f 745/64/64 960/65/65 746/66/66
f 29/67/67 38/68/68 26/59/59
f 30/69/69 707/51/51 573/70/70
f 31/53/53 36/71/71 35/54/54
f 828/72/72 1041/73/73 619/74/74
f 26/59/59 50/75/75 32/60/60
f 29/67/67 40/76/76 775/77/77
f 707/51/51 48/78/78 573/70/70
f 39/79/79 24/80/80 41/81/81
f 1036/82/82 63/83/83 34/84/84
f 562/85/85 1036/82/82 561/86/86
f 50/75/75 26/59/59 550/87/87
f 1030/88/88 26/59/59 38/68/68
f 63/83/83 960/65/65 34/84/84
f 37/89/89 55/90/90 712/46/46
f 809/91/91 601/92/92 948/93/93
f 601/92/92 50/75/75 948/93/93
f 843/62/62 42/94/94 845/95/95
f 564/96/96 811/97/97 961/98/98
f 719/99/99 46/100/100 33/43/43
f 41/81/81 54/101/101 39/79/79
f 37/89/89 49/102/102 55/90/90
f 36/71/71 606/103/103 1101/104/104
f 775/77/77 40/76/76 702/105/105
f 563/106/106 865/107/107 795/108/108
f 625/109/109 47/110/110 39/79/79
f 569/111/111 36/71/71 937/112/112
f 46/100/100 1063/113/113 33/43/43
f 719/99/99 1116/114/114 46/100/100
f 43/115/115 619/74/74 647/116/116
f 54/101/101 625/109/109 39/79/79
f 972/117/117 47/110/110 625/109/109
f 845/95/95 42/94/94 1065/118/118
f 77/119/119 44/120/120 63/83/83
f 948/93/93 50/75/75 741/121/121
f 737/122/122 563/106/106 795/108/108
f 54/101/101 41/81/81 711/123/123
f 47/110/110 1116/114/114 626/124/124
f 36/71/71 1101/104/104 937/112/112
f 765/125/125 474/126/126 1034/127/127
f 1116/114/114 719/99/99 626/124/124
f 50/75/75 550/87/87 53/128/128
f 943/129/129 1116/114/114 47/110/110
f 42/94/94 587/130/130 1065/118/118
f 972/117/117 624/131/131 47/110/110
f 55/90/90 1121/132/132 1045/133/133
f 476/134/134 464/135/135 45/136/136
f 647/116/116 619/74/74 772/137/137
f 87/138/138 765/125/125 1034/127/127
f 56/139/139 63/83/83 45/136/136
f 46/100/100 1064/140/140 1063/113/113
f 741/121/121 50/75/75 53/128/128
f 57/141/141 840/142/142 64/143/143
f 851/144/144 943/129/129 47/110/110
f 1063/113/113 1064/140/140 69/145/145
f 1117/146/146 972/117/117 59/147/147
f 635/148/148 61/149/149 52/150/150
f 569/111/111 791/151/151 563/106/106
f 823/152/152 59/147/147 54/101/101
f 61/149/149 624/131/131 52/150/150
f 836/153/153 635/148/148 614/154/154
f 836/153/153 1115/155/155 767/156/156
f 444/157/157 475/158/158 988/159/159
f 1063/113/113 69/145/145 1052/160/160
f 823/152/152 54/101/101 711/123/123
f 1117/146/146 60/161/161 972/117/117
f 56/139/139 508/162/162 465/163/163
f 1025/164/164 767/156/156 1115/155/155
f 970/165/165 76/166/166 767/156/156
f 608/167/167 79/168/168 57/141/141
f 60/161/161 68/169/169 62/170/170
f 53/128/128 793/171/171 794/172/172
f 608/167/167 57/141/141 64/143/143
f 1117/146/146 59/147/147 73/173/173
f 71/174/174 981/175/175 61/149/149
f 71/174/174 753/176/176 66/177/177
f 53/128/128 794/172/172 652/178/178
f 822/179/179 823/152/152 711/123/123
f 772/137/137 67/180/180 850/181/181
f 76/166/166 970/165/165 458/182/182
f 1002/183/183 716/184/184 461/185/185
f 84/186/186 474/126/126 765/125/125
f 73/173/173 59/147/147 823/152/152
f 58/187/187 1066/188/188 615/189/189
f 791/151/151 569/111/111 58/187/187
f 461/185/185 72/190/190 63/83/83
f 72/190/190 77/119/119 63/83/83
f 1045/133/133 704/191/191 55/90/90
f 605/192/192 568/193/193 74/194/194
f 62/170/170 68/169/169 617/195/195
f 76/166/166 71/174/174 66/177/177
f 81/196/196 406/197/197 477/198/198
f 1002/183/183 460/199/199 716/184/184
f 608/167/167 64/143/143 1097/200/200
f 502/201/201 77/119/119 72/190/190
f 602/202/202 551/203/203 963/204/204
f 564/96/96 551/203/203 602/202/202
f 647/116/116 82/205/205 645/206/206
f 62/170/170 617/195/195 971/207/207
f 638/208/208 83/209/209 851/144/144
f 92/210/210 1062/211/211 73/173/173
f 74/194/194 53/128/128 918/212/212
f 859/213/213 71/174/174 76/166/166
f 932/214/214 605/192/192 74/194/194
f 715/215/215 971/207/207 617/195/195
f 460/216/199 75/217/216 70/218/217
f 501/219/218 460/216/199 70/218/217
f 564/96/96 710/220/219 551/203/203
f 943/129/129 705/221/220 65/222/221
f 751/223/222 880/224/223 80/225/224
f 835/226/225 780/227/226 617/195/195
f 74/194/194 918/212/212 932/214/214
f 1053/228/227 79/168/168 608/167/167
f 615/189/189 616/229/228 604/230/229
f 1008/231/230 929/232/231 718/233/232
f 86/234/233 78/235/234 84/186/186
f 81/196/196 477/198/198 86/234/233
f 1017/236/235 889/237/236 92/210/210
f 85/238/237 751/223/222 859/213/213
f 89/239/238 790/240/239 58/187/187
f 102/241/240 705/221/220 83/209/209
f 85/238/237 880/224/223 751/223/222
f 94/242/241 88/243/242 93/244/243
f 85/238/237 442/245/244 553/246/245
f 1018/247/246 664/248/247 1070/249/248
f 1064/140/140 777/250/249 69/145/145
f 645/206/206 82/205/205 1068/251/250
f 880/224/223 85/238/237 637/252/251
f 106/253/252 789/254/253 91/255/254
f 830/256/255 551/203/203 710/220/219
f 980/257/256 113/258/257 794/172/172
f 90/259/258 97/260/259 98/261/260
f 553/246/245 640/262/261 85/238/237
f 909/263/262 883/264/263 789/254/253
f 100/265/264 91/255/254 87/138/138
f 705/221/220 571/266/265 598/267/266
f 505/268/267 1006/269/268 931/270/269
f 780/227/226 896/271/270 93/244/243
f 93/244/243 896/271/270 109/272/271
f 93/244/243 109/272/271 94/242/241
f 909/273/262 653/274/272 883/275/263
f 100/265/264 106/253/252 91/255/254
f 99/276/273 100/265/264 87/138/138
f 102/241/240 572/277/274 103/278/275
f 1017/236/235 101/279/276 810/280/277
f 640/262/261 637/252/251 85/238/237
f 505/268/267 1026/281/278 667/282/279
f 1107/283/280 660/284/281 99/285/273
f 648/286/282 101/279/276 822/179/179
f 655/287/283 777/250/249 96/288/284
f 660/284/281 1107/283/280 96/288/284
f 96/288/284 105/289/285 660/284/281
f 113/258/257 980/257/256 603/290/286
f 437/291/287 664/248/247 1018/247/246
f 640/262/261 553/246/245 108/292/288
f 105/289/285 112/293/289 110/294/290
f 660/284/281 105/289/285 110/294/290
f 654/295/291 106/296/252 100/297/264
f 802/298/292 1011/299/293 104/300/294
f 660/284/281 110/294/290 654/295/291
f 830/256/255 1099/301/295 551/203/203
f 572/277/274 742/302/296 103/278/275
f 115/303/297 107/304/298 869/305/299
f 1028/306/300 127/307/301 107/304/298
f 127/307/301 869/305/299 107/304/298
f 123/308/302 778/309/303 839/310/304
f 127/307/301 95/311/305 129/312/306
f 810/280/277 889/237/236 1017/236/235
f 770/313/307 603/290/286 980/257/256
f 1059/314/308 551/203/203 1099/301/295
f 125/315/309 648/286/282 117/316/310
f 1004/317/311 118/318/312 990/319/313
f 1004/317/311 990/319/313 439/320/314
f 1040/321/315 662/322/316 774/323/317
f 770/313/307 976/324/318 603/290/286
f 662/322/316 114/325/319 923/326/320
f 923/326/320 114/325/319 819/327/321
f 439/320/314 1003/328/322 120/329/323
f 104/300/294 1011/299/293 134/330/324
f 389/331/325 455/332/326 443/333/327
f 116/334/328 951/335/329 117/316/310
f 455/332/326 122/336/330 443/333/327
f 870/337/331 389/331/325 694/338/332
f 694/338/332 389/331/325 443/333/327
f 116/334/328 123/308/302 951/335/329
f 134/330/324 856/339/333 839/310/304
f 1011/299/293 915/340/334 134/330/324
f 589/341/335 810/280/277 857/342/336
f 997/343/337 410/344/338 990/319/313
f 410/344/338 876/345/339 121/346/340
f 670/347/341 457/348/342 694/338/332
f 884/349/343 124/350/344 125/315/309
f 670/347/341 130/351/345 871/352/346
f 926/353/347 126/354/348 565/355/349
f 951/335/329 123/308/302 137/356/350
f 137/356/350 884/349/343 951/335/329
f 1118/357/351 531/358/352 773/359/353
f 876/345/339 140/360/354 1059/314/308
f 760/361/355 124/350/344 884/349/343
f 137/356/350 856/339/333 134/330/324
f 857/342/336 124/350/344 760/361/355
f 538/362/356 589/341/335 148/363/357
f 554/364/358 148/363/357 589/341/335
f 926/353/347 426/365/359 126/354/348
f 700/366/360 1092/367/361 438/368/362
f 401/369/363 393/370/364 132/371/365
f 138/372/366 632/373/367 127/307/301
f 129/312/306 629/374/368 127/307/301
f 141/375/369 429/376/370 908/377/371
f 131/378/372 610/379/373 752/380/374
f 700/366/360 438/368/362 697/381/375
f 693/382/376 969/383/377 977/384/378
f 127/307/301 630/385/379 138/372/366
f 629/374/368 129/312/306 140/360/354
f 752/380/374 610/379/373 989/386/380
f 141/375/369 139/387/381 429/376/370
f 393/370/364 146/388/382 132/371/365
f 977/384/378 969/383/377 941/389/383
f 148/363/357 150/390/384 135/391/385
f 133/392/386 511/393/387 769/394/388
f 139/387/381 140/360/354 429/376/370
f 144/395/389 137/356/350 134/330/324
f 150/390/384 531/358/352 135/391/385
f 610/379/373 153/396/390 989/386/380
f 146/388/382 152/397/391 398/398/392
f 139/387/381 156/399/393 140/360/354
f 1106/400/394 148/363/357 142/401/395
f 395/402/396 145/403/397 542/404/398
f 156/399/393 749/405/399 140/360/354
f 629/374/368 140/360/354 749/405/399
f 962/406/400 769/394/388 510/407/401
f 769/394/388 511/393/387 510/407/401
f 153/396/390 163/408/402 143/409/403
f 161/410/404 153/396/390 910/411/405
f 138/372/366 630/385/379 849/412/406
f 402/413/407 391/414/408 149/415/409
f 388/416/410 427/417/411 440/418/412
f 138/372/366 849/412/406 848/419/413
f 533/420/414 1106/400/394 142/401/395
f 150/390/384 148/363/357 154/421/415
f 533/420/414 142/401/395 151/422/416
f 910/411/405 599/423/417 161/410/404
f 156/399/393 139/387/381 659/424/418
f 659/424/418 139/387/381 837/425/419
f 540/426/420 1016/427/421 541/428/422
f 686/429/423 760/361/355 884/349/343
f 884/349/343 689/430/424 686/429/423
f 147/431/425 754/432/426 955/433/427
f 955/433/427 754/432/426 788/434/428
f 788/434/428 754/432/426 962/406/400
f 535/435/429 157/436/430 395/402/396
f 149/415/409 953/437/431 764/438/432
f 151/422/416 686/429/423 155/439/433
f 391/414/408 953/437/431 149/415/409
f 427/417/411 388/416/410 967/440/434
f 159/441/435 453/442/436 1108/443/437
f 962/406/400 510/407/401 516/444/438
f 512/445/439 153/396/390 161/410/404
f 533/420/414 539/446/440 1106/400/394
f 156/399/393 1032/447/441 749/405/399
f 163/408/402 153/396/390 512/445/439
f 539/446/440 1016/427/421 154/421/415
f 539/446/440 545/448/442 1016/427/421
f 388/416/410 164/449/443 967/440/434
f 158/450/444 907/451/445 160/452/446
f 545/448/442 539/446/440 534/453/447
f 157/436/430 166/454/448 162/455/449
f 537/456/450 1023/457/451 166/454/448
f 514/458/452 516/444/438 163/408/402
f 514/458/452 163/408/402 173/459/453
f 907/451/445 1098/460/454 160/452/446
f 659/424/418 627/461/455 156/399/393
f 478/462/456 1105/463/457 952/464/458
f 953/437/431 162/455/449 166/454/448
f 708/465/459 516/444/438 514/458/452
f 415/466/460 164/449/443 558/467/461
f 1108/443/437 558/468/461 159/441/435
f 953/437/431 166/454/448 833/469/462
f 558/468/461 916/470/463 159/441/435
f 156/399/393 627/461/455 821/471/464
f 515/472/465 952/464/458 689/430/424
f 1023/457/451 536/473/466 166/454/448
f 894/474/467 160/452/446 182/475/468
f 1098/460/454 182/475/468 160/452/446
f 166/454/448 831/476/469 168/477/470
f 170/478/471 959/479/472 165/480/473
f 400/481/474 167/482/475 832/483/476
f 954/484/477 167/482/475 400/481/474
f 536/473/466 171/485/478 825/486/479
f 831/476/469 180/487/480 168/477/470
f 169/488/481 590/489/482 577/490/483
f 959/479/472 515/472/465 165/480/473
f 609/491/484 906/492/485 184/493/486
f 1024/494/487 484/495/488 750/496/489
f 581/497/490 513/498/491 173/459/453
f 581/497/490 173/459/453 577/490/483
f 174/499/492 825/486/479 1078/500/493
f 180/487/480 831/476/469 743/501/494
f 400/481/474 188/502/495 177/503/496
f 177/503/496 188/502/495 761/504/497
f 919/505/498 184/493/486 183/506/499
f 176/507/500 185/508/501 170/478/471
f 771/509/502 750/496/489 484/495/488
f 566/510/503 175/511/504 609/491/484
f 178/512/505 390/513/506 854/514/507
f 893/515/508 590/489/482 169/488/481
f 706/516/509 190/517/510 491/518/511
f 903/519/512 181/520/513 611/521/514
f 581/497/490 799/522/515 513/498/491
f 927/523/516 183/506/499 181/520/513
f 903/519/512 927/523/516 181/520/513
f 366/524/517 186/525/518 179/526/519
f 188/502/495 400/481/474 842/527/520
f 498/528/521 479/529/522 186/525/518
f 190/517/510 416/530/523 491/518/511
f 922/531/524 183/506/499 927/523/516
f 713/532/525 190/517/510 706/516/509
f 175/511/504 815/533/526 182/475/468
f 365/534/527 186/525/518 366/524/517
f 416/530/523 185/508/501 176/507/500
f 180/487/480 956/535/528 958/536/529
f 922/531/524 919/505/498 183/506/499
f 188/502/495 732/537/530 642/538/531
f 959/479/472 408/539/532 698/540/533
f 495/541/534 479/529/522 498/528/521
f 187/542/535 709/543/536 172/544/537
f 390/513/506 933/545/538 854/514/507
f 649/546/539 590/489/482 893/515/508
f 873/547/540 750/496/489 191/548/541
f 799/522/515 581/497/490 591/549/542
f 649/546/539 893/515/508 815/533/526
f 920/550/543 927/523/516 903/519/512
f 744/551/544 192/552/545 595/553/546
f 390/513/506 188/502/495 643/554/547
f 657/555/548 390/513/506 643/554/547
f 199/556/549 698/540/533 408/539/532
f 199/556/549 436/557/550 698/540/533
f 187/542/535 480/558/551 709/543/536
f 738/559/552 193/560/553 649/546/539
f 814/561/554 642/538/531 732/537/530
f 497/562/555 368/563/556 189/564/557
f 613/565/558 666/566/559 733/567/560
f 365/534/527 189/564/557 434/568/561
f 699/569/562 191/548/541 422/570/563
f 195/571/564 595/553/546 519/572/565
f 197/573/566 892/574/567 922/531/524
f 892/574/567 891/575/568 194/576/569
f 198/577/570 935/578/571 759/579/572
f 519/572/565 208/580/573 195/571/564
f 405/581/574 368/563/556 497/562/555
f 987/582/575 924/583/576 197/573/566
f 201/584/577 199/556/549 369/585/578
f 924/583/576 892/574/567 197/573/566
f 699/569/562 1096/586/579 1077/587/580
f 202/588/581 481/589/582 485/590/583
f 202/588/581 668/591/584 481/589/582
f 193/560/553 862/592/585 591/549/542
f 596/593/586 200/594/587 957/595/588
f 201/584/577 369/585/578 405/581/574
f 205/596/589 485/590/583 1042/597/590
f 422/570/563 1096/586/579 699/569/562
f 579/598/591 203/599/592 650/600/593
f 481/589/582 1042/597/590 485/590/583
f 736/601/594 650/600/593 210/602/595
f 585/603/596 891/575/568 892/574/567
f 431/604/597 204/605/598 435/606/599
f 399/607/600 205/596/589 1042/597/590
f 206/608/601 214/609/602 519/572/565
f 650/600/593 736/601/594 579/598/591
f 204/605/598 386/610/603 432/611/604
f 864/612/605 203/599/592 1090/613/606
f 579/598/591 736/601/594 841/614/607
f 229/615/608 433/616/609 399/607/600
f 1094/617/610 213/618/611 556/619/612
f 207/620/613 921/621/614 585/603/596
f 212/622/615 217/623/616 234/624/617
f 669/625/618 555/626/619 862/592/585
f 222/627/620 209/628/621 763/629/622
f 226/630/623 216/631/624 211/632/625
f 213/618/611 227/633/626 556/619/612
f 669/625/618 209/628/621 222/627/620
f 226/630/623 211/632/625 221/634/627
f 661/635/628 921/621/614 878/636/629
f 456/637/630 432/611/604 386/610/603
f 217/623/616 936/638/631 234/624/617
f 399/607/600 219/639/632 229/615/608
f 227/633/626 527/640/633 556/619/612
f 240/641/634 818/642/635 223/643/636
f 228/644/637 758/645/638 242/646/639
f 677/647/640 490/648/641 661/635/628
f 231/649/642 235/650/643 218/651/644
f 240/641/634 223/643/636 895/652/645
f 758/645/638 787/653/646 242/646/639
f 787/653/646 758/645/638 215/654/647
f 979/655/648 588/656/649 803/657/650
f 229/615/608 219/639/632 236/658/651
f 1037/659/652 221/634/627 942/660/653
f 221/634/627 220/661/654 942/660/653
f 215/654/647 490/648/641 787/653/646
f 235/650/643 525/662/655 218/651/644
f 1051/663/656 225/664/657 881/665/658
f 377/666/659 387/667/660 372/668/661
f 222/627/620 763/629/622 964/669/662
f 979/655/648 678/670/663 588/656/649
f 219/639/632 224/671/664 236/658/651
f 377/666/659 232/672/665 375/673/666
f 881/665/658 225/664/657 230/674/667
f 692/675/668 231/649/642 456/637/630
f 235/650/643 523/676/669 525/662/655
f 692/675/668 687/677/670 231/649/642
f 237/678/671 239/679/672 656/680/673
f 244/681/674 676/682/675 234/624/617
f 377/666/659 375/673/666 387/667/660
f 1051/663/656 881/665/658 236/658/651
f 669/625/618 731/683/676 246/684/677
f 678/670/663 1037/685/652 245/686/678
f 374/687/679 372/668/661 387/667/660
f 417/688/680 520/689/681 1060/690/682
f 248/691/683 238/692/684 675/693/685
f 238/692/684 248/691/683 241/694/686
f 230/674/667 246/684/677 252/695/687
f 228/644/637 242/646/639 1073/696/688
f 251/697/689 1014/698/690 232/672/665
f 233/699/691 414/700/692 240/641/634
f 417/688/680 1060/690/682 373/701/693
f 600/702/694 656/680/673 239/679/672
f 239/679/672 1076/703/695 1073/696/688
f 1037/659/652 701/704/696 740/705/697
f 695/706/698 234/624/617 676/682/675
f 701/704/696 973/707/699 740/705/697
f 600/702/694 239/679/672 1073/696/688
f 244/681/674 917/708/700 786/709/701
f 233/699/691 243/710/702 411/711/703
f 692/675/668 264/712/704 687/677/670
f 714/713/705 236/658/651 247/714/706
f 236/658/651 252/695/687 247/714/706
f 1055/715/707 834/716/708 887/717/709
f 233/699/691 411/711/703 412/718/710
f 459/719/711 714/713/705 247/714/706
f 244/681/674 786/709/701 685/720/712
f 494/721/713 993/722/714 241/694/686
f 384/723/715 419/724/716 373/701/693
f 241/694/686 993/722/714 259/725/717
f 524/726/718 687/677/670 264/712/704
f 685/720/712 676/682/675 244/681/674
f 424/727/719 695/706/698 676/682/675
f 249/728/720 376/729/721 420/730/722
f 807/731/723 252/695/687 246/684/677
f 385/732/724 419/724/716 384/723/715
f 807/731/723 247/714/706 252/695/687
f 808/733/725 1055/715/707 271/734/726
f 258/735/727 382/736/728 2/737/729
f 1/738/730 253/739/731 255/740/732
s off
f 1/738/730 255/740/732 253/741/731
s 1
f 253/742/731 3/743/733 254/744/734
f 253/745/731 254/746/734 255/747/732
f 255/748/732 254/749/734 2/750/729
s off
f 255/748/732 2/750/729 254/751/734
s 1
f 253/752/731 255/753/732 254/754/734
f 253/755/731 254/756/734 3/757/733
f 258/735/727 2/737/729 254/758/734
f 258/735/727 254/758/734 3/759/733
f 1/760/730 253/761/731 257/762/735
f 253/761/731 3/763/733 256/764/736
f 253/761/731 256/764/736 257/762/735
f 257/762/735 256/764/736 263/765/737
f 1/760/730 257/762/735 258/735/727
f 1/760/730 258/735/727 253/766/731
f 253/766/731 258/735/727 3/759/733
f 673/767/738 267/768/739 245/686/678
f 381/769/740 243/710/702 385/732/724
f 2/737/729 382/736/728 256/764/736
f 3/763/733 254/770/734 256/764/736
f 254/770/734 2/737/729 256/764/736
f 260/771/741 263/765/737 256/764/736
f 260/771/741 256/764/736 4/772/742
f 263/773/737 260/774/741 258/735/727
f 260/774/741 4/775/742 258/735/727
f 5/776/743 262/777/744 261/778/745
f 262/777/744 263/765/737 260/779/741
f 261/778/745 262/777/744 260/779/741
f 261/778/745 260/779/741 4/780/742
f 5/776/743 261/781/745 263/765/737
f 5/776/743 263/765/737 262/777/744
f 261/781/745 4/782/742 257/762/735
f 261/781/745 257/762/735 263/765/737
f 740/783/697 974/784/746 673/767/738
f 530/785/747 404/786/748 278/787/749
f 256/764/736 6/788/750 265/789/751
f 256/764/736 265/789/751 4/772/742
f 4/775/742 265/790/751 258/735/727
f 265/790/751 6/791/750 258/735/727
f 5/792/743 261/793/745 358/794/752
f 261/795/745 4/796/742 265/797/751
f 261/793/745 265/798/751 358/794/752
f 358/794/752 265/798/751 6/788/750
f 6/791/750 265/799/751 266/800/753
f 265/801/751 4/802/742 261/803/745
f 265/799/751 261/804/745 266/800/753
f 266/800/753 261/804/745 5/792/743
f 266/800/753 5/792/743 358/794/752
f 868/805/754 784/806/755 242/646/639
f 488/807/756 489/808/757 248/691/683
f 258/735/727 6/791/750 266/800/753
f 358/794/752 6/788/750 397/809/758
f 868/805/754 242/646/639 482/810/759
f 489/808/757 279/811/760 494/721/713
f 264/712/704 268/812/761 273/813/762
f 264/712/704 273/813/762 651/814/763
f 1054/815/764 808/733/725 270/816/765
f 259/725/717 486/817/766 868/805/754
f 488/807/756 671/818/767 281/819/768
f 486/817/766 259/725/717 993/722/714
f 270/816/765 808/733/725 271/734/726
f 651/814/763 792/820/769 269/821/770
f 680/822/771 359/823/772 381/769/740
f 404/786/748 275/824/773 278/787/749
f 882/825/774 277/826/775 855/827/776
f 651/814/763 1109/828/777 901/829/778
f 792/820/769 651/814/763 901/829/778
f 855/827/776 944/830/779 882/825/774
f 1027/831/780 897/832/781 274/833/782
f 944/830/779 507/834/783 280/835/784
f 276/836/785 872/837/786 887/717/709
f 454/838/787 367/839/788 430/840/789
f 283/841/790 301/842/791 289/843/792
f 379/844/793 282/845/794 421/846/795
f 276/836/785 900/847/796 308/848/797
f 367/839/788 360/849/798 430/840/789
f 430/850/789 291/851/799 974/784/746
f 901/829/778 1109/828/777 674/852/800
f 913/853/801 271/734/726 1061/854/802
f 283/841/790 277/826/775 306/855/803
f 275/824/773 274/833/782 631/856/804
f 274/833/782 897/832/781 631/856/804
f 684/857/805 298/858/806 279/811/760
f 299/859/807 300/860/808 280/835/784
f 360/849/798 413/861/809 295/862/810
f 301/842/791 628/863/811 289/843/792
f 691/864/812 424/727/719 289/843/792
f 293/865/813 424/727/719 691/864/812
f 280/835/784 270/816/765 299/859/807
f 674/852/800 304/866/814 290/867/815
f 994/868/816 487/869/817 281/819/768
f 306/855/803 277/826/775 294/870/818
f 306/855/803 301/842/791 283/841/790
f 820/871/819 299/859/807 270/816/765
f 409/872/820 282/845/794 379/844/793
f 681/873/821 409/872/820 683/874/822
f 284/875/823 7/876/824 285/877/825
f 449/878/826 284/875/823 285/877/825
f 449/878/826 285/877/825 8/879/827
s 226
f 7/880/824 285/881/825 287/882/828
s off
f 7/880/824 287/882/828 285/883/825
s 1
f 285/884/825 8/885/827 286/886/829
s 226
f 285/887/825 286/1224/829 287/1225/828
s 1
f 287/888/828 286/889/829 9/890/830
s off
f 287/888/828 9/890/830 286/891/829
s 226
f 285/892/825 287/1226/828 286/1227/829
s 1
f 285/893/825 286/894/829 8/895/827
f 8/879/827 286/896/829 449/878/826
f 286/896/829 9/897/830 449/878/826
f 449/878/826 9/897/830 448/898/831
f 628/863/811 691/864/812 289/843/792
f 304/866/814 296/899/832 290/867/815
f 284/875/823 292/900/833 7/876/824
f 7/876/824 292/900/833 285/901/825
f 285/901/825 292/900/833 8/902/827
f 8/902/827 292/900/833 286/903/829
f 286/903/829 448/898/831 9/897/830
f 295/862/810 529/904/834 446/905/835
f 445/906/836 291/851/799 288/907/837
f 304/866/814 674/852/800 305/908/838
f 683/874/822 409/872/820 521/909/839
f 992/910/840 298/858/806 684/857/805
f 304/866/814 1110/911/841 296/899/832
f 296/899/832 867/912/842 631/856/804
f 409/872/820 379/844/793 307/913/843
f 559/914/844 592/915/845 913/853/801
f 297/916/846 858/917/847 1038/918/848
f 450/919/849 445/906/836 288/907/837
f 597/920/850 293/865/813 691/864/812
f 885/921/851 308/848/797 1038/918/848
f 1031/922/852 968/923/853 303/924/854
f 496/925/855 492/926/856 303/924/854
f 1048/927/857 800/928/858 300/860/808
f 452/929/859 441/930/860 451/931/861
f 968/923/853 1031/922/852 858/917/847
f 306/855/803 294/870/818 425/932/862
f 1048/927/857 905/933/863 800/928/858
f 445/906/836 1005/934/864 672/935/865
f 1048/927/857 300/860/808 1046/936/866
f 305/908/838 314/937/867 304/866/814
f 305/908/838 747/938/868 314/937/867
f 425/932/862 947/939/869 306/855/803
f 867/912/842 1019/940/870 578/941/871
f 316/942/872 471/943/873 1046/936/866
f 447/944/874 445/906/836 450/919/849
f 315/945/875 492/926/856 496/925/855
f 618/946/876 312/947/877 302/948/878
f 471/943/873 1048/927/857 1046/936/866
f 307/913/843 1019/940/870 309/949/879
f 826/950/880 618/946/876 824/951/881
f 312/947/877 1020/952/882 867/912/842
f 560/953/883 597/920/850 311/954/884
f 309/949/879 313/955/885 522/956/886
f 492/926/856 1031/922/852 303/924/854
f 824/951/881 518/957/887 826/950/880
f 826/950/880 518/957/887 317/958/888
f 826/950/880 317/958/888 1056/959/889
f 313/955/885 826/950/880 1056/959/889
f 1043/960/890 308/848/797 1044/961/891
f 885/921/851 796/962/892 308/848/797
f 1056/959/889 317/958/888 310/963/893
f 315/945/875 493/964/894 328/965/895
f 560/953/883 311/954/884 322/966/896
f 633/967/897 314/937/867 320/968/898
f 518/957/887 314/937/867 633/967/897
f 322/966/896 817/969/899 329/970/900
f 471/943/873 472/971/901 319/972/902
f 323/973/903 471/943/873 316/942/872
f 322/966/896 607/974/904 560/953/883
f 853/975/905 333/976/906 317/958/888
f 806/977/907 321/978/908 447/944/874
f 319/972/902 472/971/901 318/979/909
f 817/969/899 306/855/803 947/939/869
f 333/976/906 441/930/860 317/958/888
f 949/980/910 518/957/887 633/967/897
f 324/981/911 328/965/895 493/964/894
f 586/982/912 782/983/913 328/965/895
f 324/981/911 321/978/908 806/977/907
f 329/970/900 334/984/914 322/966/896
f 330/985/915 552/986/916 327/987/917
f 324/981/911 806/977/907 1102/988/918
f 729/989/919 326/990/920 323/973/903
f 332/991/921 1012/992/922 1043/960/890
f 466/993/923 334/984/914 329/970/900
f 1013/994/924 801/995/925 886/996/926
f 552/986/916 332/991/921 327/987/917
f 620/997/927 782/983/913 586/982/912
f 1049/998/928 428/999/929 739/1000/930
f 473/1001/931 326/990/920 728/1002/932
f 323/973/903 338/1003/933 729/989/919
f 323/973/903 570/1004/934 339/1005/935
f 428/999/929 329/970/900 817/969/899
f 950/1006/936 781/1007/937 325/1008/938
f 339/1005/935 338/1003/933 323/973/903
f 853/975/905 1072/1009/939 805/1010/940
f 620/997/927 552/986/916 330/985/915
f 332/991/921 348/1011/941 1012/992/922
f 727/1012/942 723/1013/943 470/1014/944
f 517/1015/945 1072/1009/939 853/975/905
f 725/1016/946 331/1017/947 469/1018/948
f 779/1019/949 333/1020/906 546/1021/950
f 335/1022/951 344/1023/952 829/1024/953
f 1015/1025/954 723/1013/943 340/1026/955
f 720/1027/956 337/1028/957 722/1029/958
f 334/984/914 466/993/923 877/1030/959
f 829/1024/953 336/1031/960 1049/998/928
f 950/1006/936 762/1032/961 781/1007/937
f 762/1032/961 469/1018/948 781/1007/937
f 1113/1033/962 801/995/925 1013/994/924
f 349/1034/963 804/1035/964 336/1031/960
f 467/1036/965 724/1037/966 469/1018/948
f 339/1005/935 757/1038/967 875/1039/968
f 468/1040/969 341/1041/970 634/1042/971
f 346/1043/972 344/1023/952 341/1041/970
f 548/1044/973 347/1045/974 337/1028/957
f 349/1034/963 345/1046/975 804/1035/964
f 346/1043/972 829/1024/953 344/1023/952
f 549/1047/976 347/1045/974 517/1015/945
f 546/1021/950 838/1048/977 779/1019/949
f 756/1049/978 352/1050/979 586/982/912
f 355/1051/980 756/1049/978 586/982/912
f 355/1051/980 586/982/912 1102/988/918
f 757/1038/967 347/1045/974 875/1039/968
f 351/1052/981 776/1053/982 1112/1054/983
f 348/1011/941 852/1055/984 351/1052/981
f 345/1046/975 349/1034/963 468/1040/969
f 350/1056/985 517/1015/945 547/1057/986
f 352/1050/979 354/1058/987 636/1059/988
f 584/1060/989 547/1057/986 353/1061/990
f 350/1056/985 547/1057/986 584/1060/989
f 353/1061/990 776/1053/982 584/1060/989
f 354/1058/987 352/1050/979 357/1062/991
f 546/1021/950 860/1063/992 838/1048/977
f 356/1064/993 580/1065/994 357/1062/991
f 1057/1066/995 356/1064/993 357/1062/991
f 363/1067/996 454/838/787 250/1068/997
f 973/707/699 701/704/696 827/1069/998
f 380/1070/999 359/823/772 397/809/758
f 360/849/798 367/839/788 413/861/809
f 360/849/798 295/862/810 284/875/823
f 284/875/823 449/878/826 360/849/798
f 250/1068/997 454/838/787 361/1071/1000
f 454/838/787 430/840/789 974/1072/746
f 362/1073/1001 258/735/727 363/1067/996
f 250/1068/997 394/1074/1002 363/1067/996
f 363/1067/996 258/735/727 266/800/753
f 363/1067/996 266/800/753 454/838/787
f 244/681/674 364/1075/1003 917/708/700
f 244/681/674 234/624/617 936/638/631
f 665/1076/1004 365/534/527 434/568/561
f 431/604/597 500/1077/1005 665/1076/1004
f 366/524/517 189/564/557 365/534/527
f 436/557/550 189/564/557 396/1078/1006
f 397/809/758 359/823/772 1095/1079/1007
f 397/809/758 1095/1079/1007 358/794/752
f 368/563/556 663/1080/1008 371/1081/1009
f 386/610/603 204/605/598 934/1082/1010
f 217/623/616 369/585/578 936/638/631
f 433/616/609 369/585/578 399/607/600
f 234/624/617 370/1083/1011 212/622/615
f 695/706/698 456/637/630 234/624/617
f 371/1081/1009 217/623/616 212/622/615
f 934/1082/1010 371/1081/1009 386/610/603
f 227/633/626 1079/1084/1012 372/668/661
f 372/668/661 1029/1085/1013 377/666/659
f 374/687/679 387/667/660 373/701/693
f 530/785/747 384/723/715 373/701/693
f 227/633/626 372/668/661 374/687/679
f 374/687/679 1080/1086/1014 227/633/626
f 420/730/722 376/729/721 1027/831/780
f 251/697/689 269/821/770 376/729/721
f 1014/698/690 251/697/689 376/729/721
f 375/673/666 376/729/721 249/728/720
f 526/1087/1015 377/666/659 1077/587/580
f 214/609/602 377/666/659 1029/1085/1013
f 307/913/843 379/844/793 378/1088/1016
f 307/913/843 578/941/871 1019/940/870
f 379/844/793 275/824/773 378/1088/1016
f 275/824/773 379/844/793 278/787/749
f 383/1089/1017 394/1074/1002 250/1068/997
f 362/1073/1001 983/1090/1018 258/735/727
f 380/1070/999 381/769/740 359/823/772
f 412/718/710 411/711/703 983/1090/1018
f 382/736/728 380/1070/999 256/764/736
f 983/1090/1018 381/769/740 380/1070/999
f 258/735/727 983/1090/1018 382/736/728
f 983/1090/1018 380/1070/999 382/736/728
f 1009/1091/1019 385/732/724 384/723/715
f 530/785/747 278/787/749 384/723/715
f 381/769/740 385/732/724 680/822/771
f 421/846/795 679/1092/1020 385/732/724
f 371/1081/1009 212/622/615 386/610/603
f 370/1083/1011 386/610/603 212/622/615
f 375/673/666 249/728/720 387/667/660
f 249/728/720 420/730/722 530/785/747
f 388/416/410 177/503/496 164/449/443
f 167/482/475 954/484/477 764/438/432
f 1103/1093/1021 389/331/325 995/1094/1022
f 407/1095/1023 996/1096/1024 118/1097/312
f 761/504/497 390/513/506 178/512/505
f 761/504/497 188/502/495 390/513/506
f 391/414/408 162/455/449 953/437/431
f 395/402/396 157/436/430 162/455/449
f 392/1098/1025 383/1089/1017 250/1068/997
f 973/707/699 827/1069/998 250/1068/997
f 440/418/412 427/417/411 393/370/364
f 402/413/407 149/415/409 697/381/375
f 383/1089/1017 362/1073/1001 394/1074/1002
f 362/1073/1001 363/1067/996 394/1074/1002
f 391/414/408 395/402/396 162/455/449
f 985/1099/1026 395/402/396 391/414/408
f 403/1100/1027 189/564/557 366/524/517
f 403/1100/1027 366/524/517 179/526/519
f 6/788/750 256/764/736 397/809/758
f 256/764/736 380/1070/999 397/809/758
f 132/371/365 146/388/382 398/398/392
f 128/1101/1028 1093/1102/1029 670/347/341
f 399/607/600 199/556/549 205/596/589
f 369/585/578 199/556/549 399/607/600
f 168/477/470 180/487/480 400/481/474
f 180/487/480 958/536/529 400/481/474
f 1093/1102/1029 128/1101/1028 401/369/363
f 700/366/360 690/1103/1030 1091/1104/1031
f 402/413/407 985/1099/1026 391/414/408
f 426/365/359 438/368/362 1092/367/361
f 396/1078/1006 189/564/557 403/1100/1027
f 959/479/472 698/540/533 515/472/465
f 274/833/782 275/824/773 404/786/748
f 530/785/747 420/730/722 404/786/748
f 405/581/574 369/585/578 217/623/616
f 663/1080/1008 217/623/616 371/1081/1009
f 462/1105/1032 76/166/166 458/182/182
f 81/1106/196 76/166/166 462/1105/1032
f 1026/281/278 995/1094/1022 667/282/279
f 667/1107/279 437/291/287 98/261/260
f 199/556/549 408/539/532 499/1108/1033
f 717/1109/1034 499/1108/1033 416/530/523
f 1114/1110/1035 409/872/820 307/913/843
f 409/872/820 1114/1110/1035 521/909/839
f 130/351/345 1000/1111/1036 997/1112/337
f 1000/1111/1036 977/384/378 941/389/383
f 983/1090/1018 411/711/703 381/769/740
f 411/711/703 243/710/702 381/769/740
f 412/718/710 983/1090/1018 392/1098/1025
f 414/700/692 233/699/691 412/718/710
f 1095/1079/1007 359/823/772 413/861/809
f 683/874/822 359/823/772 681/873/821
f 414/700/692 392/1098/1025 250/1068/997
f 412/718/710 392/1098/1025 414/700/692
f 967/440/434 164/449/443 415/466/460
f 693/382/376 978/1113/1037 969/383/377
f 499/1108/1033 408/539/532 416/530/523
f 416/530/523 408/539/532 185/508/501
f 233/699/691 417/688/680 243/710/702
f 417/688/680 373/701/693 419/724/716
f 418/1114/1038 70/218/217 75/217/216
f 1025/164/164 1115/155/155 971/207/207
f 243/710/702 419/724/716 385/732/724
f 419/724/716 243/710/702 417/688/680
f 404/786/748 420/730/722 274/833/782
f 420/730/722 1027/831/780 274/833/782
f 278/787/749 379/844/793 421/846/795
f 384/723/715 278/787/749 1009/1091/1019
f 218/651/644 938/1115/1039 939/1116/1040
f 939/1116/1040 771/509/502 495/541/534
f 118/318/312 423/1117/1041 407/1118/1023
f 667/1107/279 407/1118/1023 437/291/287
f 1109/828/777 682/1119/1042 293/865/813
f 273/813/762 268/812/761 682/1119/1042
f 739/1000/930 947/939/869 425/932/862
f 905/933/863 425/932/862 800/928/858
f 402/413/407 426/365/359 985/1099/1026
f 145/403/397 426/365/359 930/1120/1043
f 146/388/382 427/417/411 152/397/391
f 393/370/364 427/417/411 146/388/382
f 336/1031/960 804/1035/964 428/999/929
f 336/1031/960 428/999/929 1049/998/928
f 876/345/339 1059/314/308 975/1121/1044
f 120/329/323 121/346/340 876/345/339
f 291/851/799 430/850/789 288/907/837
f 430/840/789 360/849/798 449/878/826
f 218/651/644 431/604/597 435/606/599
f 218/651/644 939/1116/1040 495/541/534
f 435/606/599 204/605/598 432/611/604
f 456/637/630 231/649/642 432/611/604
f 364/1075/1003 433/616/609 917/708/700
f 369/585/578 433/616/609 936/638/631
f 434/568/561 189/564/557 368/563/556
f 371/1081/1009 434/568/561 368/563/556
f 231/649/642 218/651/644 435/606/599
f 435/606/599 432/611/604 231/649/642
f 436/557/550 199/556/549 201/584/577
f 497/562/555 201/584/577 405/581/574
f 1007/1122/1045 437/291/287 1001/1123/1046
f 407/1118/1023 1001/1123/1046 437/291/287
f 438/368/362 426/365/359 402/413/407
f 402/413/407 697/381/375 438/368/362
f 111/1124/1047 439/320/314 120/329/323
f 664/248/247 437/291/287 1007/1122/1045
f 149/415/409 440/418/412 697/381/375
f 149/415/409 764/438/432 440/418/412
f 317/958/888 441/930/860 310/963/893
f 529/904/834 441/930/860 452/929/859
f 553/246/245 442/245/244 81/1106/196
f 442/245/244 76/166/166 81/1106/196
f 690/1103/1030 443/333/327 1091/1104/1031
f 443/333/327 122/336/330 696/1125/1048
f 508/162/162 56/139/139 509/1126/1049
f 464/135/135 56/139/139 45/136/136
f 321/978/908 445/906/836 447/944/874
f 324/981/911 493/964/894 321/978/908
f 284/875/823 446/905/835 292/900/833
f 295/862/810 446/905/835 284/875/823
f 451/1127/861 441/1128/860 447/944/874
f 441/1128/860 806/977/907 447/944/874
f 286/903/829 292/900/833 448/898/831
f 451/1127/861 447/944/874 450/919/849
f 288/907/837 449/1129/826 448/1130/831
f 288/907/837 430/850/789 449/1129/826
f 448/1130/831 450/919/849 288/907/837
f 448/1130/831 451/1127/861 450/919/849
f 292/900/833 452/929/859 451/931/861
f 451/931/861 448/898/831 292/900/833
f 292/900/833 446/905/835 452/929/859
f 452/929/859 446/905/835 529/904/834
f 941/389/383 969/383/377 453/1131/436
f 837/425/419 139/387/381 141/375/369
f 358/794/752 454/838/787 266/800/753
f 454/838/787 358/794/752 367/839/788
f 1026/281/278 1103/1093/1021 995/1094/1022
f 1026/281/278 109/272/271 1040/321/315
f 456/637/630 370/1083/1011 234/624/617
f 370/1083/1011 456/637/630 386/610/603
f 870/337/331 118/1097/312 996/1096/1024
f 998/1132/1050 1010/1133/1051 118/1097/312
f 1002/183/183 461/185/185 465/163/163
f 465/163/163 418/1134/1038 1002/183/183
f 277/826/775 459/719/711 855/827/776
f 277/826/775 283/841/790 786/709/701
f 460/199/199 1008/231/230 716/184/184
f 460/216/199 504/1135/1052 506/1136/1053
f 56/139/139 465/163/163 461/185/185
f 461/185/185 63/83/83 56/139/139
f 462/1137/1032 458/1138/182 463/1139/1054
f 462/1137/1032 406/197/197 81/196/196
f 406/197/197 462/1137/1032 463/1139/1054
f 988/159/159 463/1139/1054 444/157/157
f 475/158/158 444/157/157 464/135/135
f 509/1126/1049 56/139/139 464/135/135
f 458/1138/182 418/1134/1038 465/163/163
f 458/1138/182 465/163/163 508/162/162
f 466/993/923 345/1046/975 468/1040/969
f 329/970/900 345/1046/975 466/993/923
f 340/1026/955 467/1036/965 1015/1025/954
f 950/1006/936 1015/1025/954 762/1032/961
f 341/1041/970 468/1040/969 346/1043/972
f 468/1040/969 349/1034/963 346/1043/972
f 781/1007/937 469/1018/948 337/1028/957
f 469/1018/948 331/1017/947 337/1028/957
f 725/1016/946 470/1014/944 730/1140/1055
f 728/1002/932 326/990/920 726/1141/1056
f 326/990/920 472/971/901 471/943/873
f 323/973/903 326/990/920 471/943/873
f 473/1001/931 472/971/901 326/990/920
f 472/971/901 1050/1142/1057 318/979/909
f 473/1001/931 1050/1142/1057 472/971/901
f 344/1023/952 335/1022/951 723/1013/943
f 84/186/186 476/134/134 474/126/126
f 476/134/134 45/136/136 474/126/126
f 477/198/198 988/159/159 475/158/158
f 78/235/234 476/134/134 84/186/186
f 476/134/134 475/158/158 464/135/135
f 78/235/234 475/158/158 476/134/134
f 78/235/234 477/198/198 475/158/158
f 86/234/233 477/198/198 78/235/234
f 478/462/456 484/495/488 1024/494/487
f 952/464/458 484/495/488 478/462/456
f 771/509/502 939/1116/1040 191/548/541
f 750/496/489 771/509/502 191/548/541
f 225/664/657 555/626/619 230/674/667
f 481/589/582 555/626/619 225/664/657
f 219/639/632 481/589/582 224/671/664
f 1051/663/656 481/589/582 225/664/657
f 259/725/717 868/805/754 482/810/759
f 787/653/646 490/648/641 259/725/717
f 272/1143/1058 483/1144/1059 297/916/846
f 303/924/854 968/923/853 784/806/755
f 479/529/522 484/495/488 186/525/518
f 186/525/518 484/495/488 179/526/519
f 202/588/581 717/1109/1034 190/517/510
f 416/530/523 190/517/510 717/1109/1034
f 298/858/806 486/817/766 993/722/714
f 496/925/855 303/924/854 486/817/766
f 487/869/817 992/910/840 684/857/805
f 493/964/894 315/945/875 1005/934/864
f 675/693/685 488/807/756 248/691/683
f 671/818/767 488/807/756 267/768/739
f 281/819/768 489/808/757 488/807/756
f 487/869/817 684/857/805 281/819/768
f 241/694/686 490/648/641 677/647/640
f 490/648/641 241/694/686 259/725/717
f 416/530/523 176/507/500 491/518/511
f 176/507/500 945/1145/1060 708/465/459
f 328/965/895 782/983/913 492/926/856
f 328/965/895 492/926/856 315/945/875
f 493/964/894 1005/934/864 445/906/836
f 321/978/908 493/964/894 445/906/836
f 494/721/713 241/694/686 248/691/683
f 248/691/683 489/808/757 494/721/713
f 495/541/534 431/604/597 218/651/644
f 495/541/534 500/1077/1005 431/604/597
f 992/910/840 496/925/855 298/858/806
f 496/925/855 486/817/766 298/858/806
f 436/557/550 497/562/555 189/564/557
f 201/584/577 497/562/555 436/557/550
f 365/534/527 498/528/521 186/525/518
f 665/1076/1004 500/1077/1005 365/534/527
f 499/1108/1033 205/596/589 199/556/549
f 205/596/589 499/1108/1033 485/590/583
f 500/1077/1005 498/528/521 365/534/527
f 495/541/534 498/528/521 500/1077/1005
f 460/216/199 501/219/218 504/1135/1052
f 617/195/195 88/243/242 715/215/215
f 72/190/190 503/1146/1061 502/201/201
f 98/261/260 437/291/287 1018/247/246
f 503/1146/1061 98/261/260 1018/247/246
f 929/232/231 90/259/258 98/261/260
f 504/1135/1052 715/215/215 88/243/242
f 94/242/241 505/268/267 88/243/242
f 505/268/267 931/270/269 504/1135/1052
f 88/243/242 505/268/267 504/1135/1052
f 504/1135/1052 931/270/269 506/1136/1053
f 90/259/258 929/232/231 1008/231/230
f 507/834/783 247/714/706 807/731/723
f 855/827/776 459/719/711 247/714/706
f 458/1138/182 508/162/162 463/1139/1054
f 463/1139/1054 508/162/162 444/157/157
f 508/162/162 509/1126/1049 444/157/157
f 444/157/157 509/1126/1049 464/135/135
f 516/444/438 510/407/401 163/408/402
f 163/408/402 510/407/401 511/393/387
f 511/393/387 133/392/386 989/386/380
f 511/393/387 143/409/403 163/408/402
f 173/459/453 512/445/439 161/410/404
f 173/459/453 163/408/402 512/445/439
f 173/459/453 513/498/491 514/458/452
f 799/522/515 172/544/537 513/498/491
f 706/516/509 708/465/459 514/458/452
f 514/458/452 513/498/491 172/544/537
f 396/1078/1006 403/1100/1027 515/472/465
f 515/472/465 403/1100/1027 952/464/458
f 945/1145/1060 516/444/438 708/465/459
f 955/433/427 788/434/428 945/1145/1060
f 1071/1147/1062 517/1015/945 853/975/905
f 342/1148/1063 549/1047/976 517/1015/945
f 518/957/887 853/975/905 317/958/888
f 518/957/887 950/1006/936 325/1008/938
f 519/572/565 213/618/611 208/580/573
f 372/668/661 1079/1084/1012 1029/1085/1013
f 223/643/636 520/689/681 895/652/645
f 520/689/681 417/688/680 895/652/645
f 521/909/839 295/862/810 413/861/809
f 295/862/810 528/1149/1064 529/904/834
f 528/1149/1064 1114/1110/1035 861/1150/1065
f 528/1149/1064 861/1150/1065 529/904/834
f 523/676/669 251/697/689 232/672/665
f 523/676/669 687/677/670 524/726/718
f 523/676/669 524/726/718 251/697/689
f 251/697/689 524/726/718 269/821/770
f 232/672/665 525/662/655 523/676/669
f 232/672/665 377/666/659 526/1087/1015
f 526/1087/1015 525/662/655 232/672/665
f 422/570/563 938/1115/1039 1096/586/579
f 1080/1086/1014 374/687/679 520/689/681
f 520/689/681 223/643/636 1080/1086/1014
f 295/862/810 521/909/839 528/1149/1064
f 521/909/839 1114/1110/1035 528/1149/1064
f 310/963/893 441/930/860 529/904/834
f 310/963/893 529/904/834 522/956/886
f 530/785/747 387/667/660 249/728/720
f 373/701/693 387/667/660 530/785/747
f 773/359/353 531/358/352 532/1151/1066
f 1016/427/421 540/426/420 543/1152/1067
f 982/1153/1068 532/1151/1066 986/1154/1069
f 930/1120/1043 542/404/398 145/403/397
f 533/420/414 151/422/416 155/439/433
f 539/446/440 533/420/414 1105/463/457
f 1024/494/487 534/453/447 478/462/456
f 536/473/466 1023/457/451 171/485/478
f 136/1155/1070 532/1151/1066 542/404/398
f 543/1152/1067 540/426/420 532/1151/1066
f 536/473/466 825/486/479 174/499/492
f 166/454/448 536/473/466 831/476/469
f 537/456/450 166/454/448 157/436/430
f 541/428/422 157/436/430 535/435/429
f 538/362/356 148/363/357 135/391/385
f 923/326/320 819/327/321 1118/357/351
f 1105/463/457 478/462/456 539/446/440
f 539/446/440 478/462/456 534/453/447
f 544/1156/1071 540/426/420 541/428/422
f 532/1151/1066 540/426/420 544/1156/1071
f 157/436/430 541/428/422 537/456/450
f 541/428/422 534/453/447 537/456/450
f 542/404/398 535/435/429 395/402/396
f 535/435/429 544/1156/1071 541/428/422
f 531/358/352 150/390/384 543/1152/1067
f 543/1152/1067 532/1151/1066 531/358/352
f 544/1156/1071 535/435/429 542/404/398
f 532/1151/1066 544/1156/1071 542/404/398
f 541/428/422 545/448/442 534/453/447
f 1016/427/421 545/448/442 541/428/422
f 546/1021/950 812/1157/1072 860/1063/992
f 1072/1009/939 846/1158/1073 805/1010/940
f 347/1045/974 757/1038/967 547/1057/986
f 547/1057/986 517/1015/945 347/1045/974
f 875/1039/968 338/1003/933 339/1005/935
f 720/1027/956 721/1159/1074 338/1003/933
f 549/1047/976 337/1028/957 347/1045/974
f 337/1028/957 549/1047/976 342/1148/1063
f 1030/88/88 840/142/142 57/141/141
f 793/171/171 57/141/141 79/168/168
f 623/1160/1075 95/311/305 551/203/203
f 963/204/204 551/203/203 95/311/305
f 552/986/916 620/997/927 904/1161/1076
f 332/991/921 552/986/916 874/1162/1077
f 86/1163/233 553/246/245 81/1106/196
f 553/246/245 883/275/263 898/1164/1078
f 142/401/395 148/363/357 554/364/358
f 151/422/416 142/401/395 554/364/358
f 668/591/584 555/626/619 481/589/582
f 187/542/535 748/1165/1079 480/558/551
f 223/643/636 734/1166/1080 813/1167/1081
f 527/640/633 223/643/636 813/1167/1081
f 557/1168/1082 220/661/654 221/634/627
f 818/642/635 734/1166/1080 223/643/636
f 178/512/505 558/467/461 164/449/443
f 916/470/463 558/468/461 925/1169/1083
f 592/915/845 559/914/844 308/848/797
f 308/848/797 872/837/786 276/836/785
f 607/974/904 1033/1170/1084 560/953/883
f 597/920/850 560/953/883 747/938/868
f 621/1171/1085 561/86/86 658/12/12
f 1036/82/82 34/84/84 561/86/86
f 563/106/106 562/85/85 865/107/107
f 87/138/138 1034/127/127 562/85/85
f 563/106/106 791/151/151 87/138/138
f 563/106/106 87/138/138 562/85/85
f 44/120/120 77/119/119 564/96/96
f 960/65/65 564/96/96 961/98/98
f 696/1125/1048 122/336/330 565/355/349
f 1040/321/315 984/1172/1086 122/336/330
f 609/491/484 196/1173/1087 566/510/503
f 649/546/539 815/533/526 196/1173/1087
f 557/1168/1082 221/634/627 567/1174/1088
f 221/634/627 211/632/625 567/1174/1088
f 568/193/193 49/102/102 741/121/121
f 55/90/90 49/102/102 1121/132/132
f 36/71/71 569/111/111 35/54/54
f 1111/61/61 737/122/122 1100/1175/1089
f 570/1004/934 323/973/903 316/942/872
f 592/915/845 820/871/819 913/853/801
f 571/266/265 777/250/249 598/267/266
f 112/293/289 777/250/249 742/302/296
f 641/1176/1090 572/277/274 965/1177/1091
f 112/293/289 742/302/296 572/277/274
f 67/180/180 573/70/70 48/78/78
f 619/74/74 67/180/180 772/137/137
f 24/80/80 574/40/40 946/1178/1092
f 719/99/99 33/43/43 574/40/40
f 575/3/3 1047/4/4 10/10/10
f 15/27/27 575/3/3 768/28/28
f 646/35/35 32/60/60 576/32/32
f 19/36/36 646/35/35 576/32/32
f 940/1179/1093 161/410/404 966/1180/1094
f 173/459/453 161/410/404 940/1179/1093
f 378/1088/1016 275/824/773 578/941/871
f 378/1088/1016 578/941/871 307/913/843
f 1090/613/606 579/598/591 841/614/607
f 1090/613/606 203/599/592 579/598/591
f 580/1065/994 351/1052/981 852/1055/984
f 357/1062/991 580/1065/994 354/1058/987
f 193/560/553 591/549/542 581/497/490
f 590/489/482 581/497/490 577/490/483
f 582/31/31 601/92/92 783/52/52
f 582/31/31 576/32/32 32/60/60
f 40/76/76 29/67/67 583/1181/1095
f 646/35/35 15/27/27 583/1181/1095
f 580/1065/994 356/1064/993 584/1060/989
f 860/1063/992 812/1157/1072 584/1060/989
f 215/654/647 585/603/596 490/648/641
f 585/603/596 215/654/647 891/575/568
f 586/982/912 328/965/895 324/981/911
f 1102/988/918 586/982/912 324/981/911
f 1065/118/118 587/130/130 866/1182/1096
f 645/206/206 1068/251/250 1069/1183/1097
f 588/656/649 675/693/685 238/692/684
f 921/621/614 588/656/649 878/636/629
f 114/325/319 639/1184/1098 819/327/321
f 92/210/210 639/1184/1098 896/271/270
f 649/546/539 193/560/553 590/489/482
f 193/560/553 581/497/490 590/489/482
f 862/592/585 555/626/619 591/549/542
f 748/1165/1079 555/626/619 480/558/551
f 570/1004/934 316/942/872 592/915/845
f 1043/960/890 1012/992/922 886/996/926
f 593/1185/1099 592/915/845 308/848/797
f 593/1185/1099 570/1004/934 592/915/845
f 133/392/386 594/1186/1100 989/386/380
f 594/1186/1100 915/340/334 119/1187/1101
f 192/552/545 1074/1188/1102 595/553/546
f 595/553/546 206/608/601 519/572/565
f 957/595/588 556/619/612 596/593/586
f 596/593/586 556/619/612 527/640/633
f 305/908/838 597/920/850 747/938/868
f 305/908/838 293/865/813 597/920/850
f 705/221/220 598/267/266 65/222/221
f 46/100/100 1116/114/114 1064/140/140
f 966/1180/1094 161/410/404 599/423/417
f 894/474/467 848/419/413 160/452/446
f 600/702/694 483/1144/1059 272/1143/1058
f 900/847/796 1075/1189/1103 600/702/694
f 601/92/92 32/60/60 50/75/75
f 601/92/92 582/31/31 32/60/60
f 702/105/105 40/76/76 602/202/202
f 961/98/98 811/97/97 911/41/41
f 119/1187/1101 113/258/257 603/290/286
f 976/324/318 119/1187/1101 603/290/286
f 604/230/229 1069/1183/1097 1107/283/280
f 645/206/206 1069/1183/1097 866/1182/1096
f 778/309/303 605/192/192 612/1190/1104
f 116/334/328 704/191/191 1045/133/133
f 36/71/71 31/53/53 606/103/103
f 844/49/49 843/62/62 1082/1191/1105
f 334/984/914 320/968/898 607/974/904
f 322/966/896 334/984/914 607/974/904
f 1053/228/227 608/167/167 107/304/298
f 1097/200/200 107/304/298 608/167/167
f 609/491/484 210/602/595 196/1173/1087
f 891/575/568 609/491/484 194/576/569
f 910/411/405 138/372/366 848/419/413
f 632/373/367 138/372/366 910/411/405
f 178/512/505 854/514/507 925/1192/1083
f 178/512/505 925/1192/1083 558/467/461
f 839/310/304 778/309/303 612/1190/1104
f 104/300/294 932/214/214 802/298/292
f 902/1193/1106 666/566/559 613/565/558
f 180/487/480 743/501/494 956/535/528
f 635/148/148 62/170/170 614/154/154
f 971/207/207 1115/155/155 62/170/170
f 58/187/187 615/189/189 89/239/238
f 615/189/189 604/230/229 89/239/238
f 1066/188/188 616/229/228 615/189/189
f 51/1194/1107 845/95/95 1065/118/118
f 617/195/195 780/227/226 93/244/243
f 93/244/243 88/243/242 617/195/195
f 304/866/814 618/946/876 302/948/878
f 304/866/814 824/951/881 618/946/876
f 619/74/74 573/70/70 67/180/180
f 619/74/74 1041/73/73 573/70/70
f 352/1050/979 620/997/927 586/982/912
f 904/1161/1076 620/997/927 352/1050/979
f 658/12/12 1067/39/39 621/1171/1085
f 737/122/122 795/108/108 1100/1175/1089
f 622/8/8 14/14/14 13/16/16
f 1021/1/1 622/8/8 766/2/2
f 623/1160/1075 129/312/306 95/311/305
f 140/360/354 129/312/306 1059/314/308
f 61/149/149 981/175/175 624/131/131
f 851/144/144 80/225/224 638/208/208
f 59/147/147 972/117/117 625/109/109
f 59/147/147 625/109/109 54/101/101
f 626/124/124 719/99/99 39/79/79
f 47/110/110 626/124/124 39/79/79
f 627/461/455 181/520/513 821/471/464
f 916/470/463 611/521/514 181/520/513
f 628/863/811 817/969/899 322/966/896
f 311/954/884 628/863/811 322/966/896
f 158/450/444 629/374/368 749/405/399
f 158/450/444 849/412/406 630/385/379
f 158/450/444 630/385/379 629/374/368
f 630/385/379 127/307/301 629/374/368
f 275/824/773 631/856/804 578/941/871
f 631/856/804 867/912/842 578/941/871
f 131/378/372 632/373/367 910/411/405
f 115/303/297 869/305/299 770/313/307
f 633/967/897 320/968/898 334/984/914
f 334/984/914 877/1030/959 634/1042/971
f 334/984/914 634/1042/971 633/967/897
f 633/967/897 634/1042/971 949/980/910
f 60/161/161 635/148/148 52/150/150
f 60/161/161 62/170/170 635/148/148
f 354/1058/987 348/1011/941 636/1059/988
f 874/1162/1077 552/986/916 904/1161/1076
f 914/1195/1108 572/277/274 641/1176/1090
f 640/262/261 914/1195/1108 641/1176/1090
f 637/252/251 965/1177/1091 638/208/208
f 83/209/209 638/208/208 102/241/240
f 538/362/356 890/1196/1109 589/341/335
f 589/341/335 890/1196/1109 810/280/277
f 110/294/290 640/262/261 108/292/288
f 914/1195/1108 640/262/261 110/294/290
f 641/1176/1090 965/1177/1091 637/252/251
f 641/1176/1090 637/252/251 640/262/261
f 188/502/495 642/538/531 643/554/547
f 734/1166/1080 644/1197/1110 813/1167/1081
f 879/1198/1111 644/1197/1110 888/1199/1112
f 879/1198/1111 557/1168/1082 657/555/548
f 644/1197/1110 642/538/531 814/561/554
f 879/1198/1111 642/538/531 644/1197/1110
f 647/116/116 645/206/206 587/130/130
f 587/130/130 645/206/206 866/1182/1096
f 26/59/59 646/35/35 29/67/67
f 646/35/35 583/1181/1095 29/67/67
f 42/94/94 647/116/116 587/130/130
f 42/94/94 1083/1200/1113 647/116/116
f 124/350/344 648/286/282 125/315/309
f 124/350/344 857/342/336 810/280/277
f 203/599/592 649/546/539 196/1173/1087
f 203/599/592 738/559/552 649/546/539
f 210/602/595 650/600/593 196/1173/1087
f 203/599/592 196/1173/1087 650/600/593
f 264/712/704 651/814/763 524/726/718
f 524/726/718 651/814/763 269/821/770
f 794/172/172 113/258/257 652/178/178
f 918/212/212 802/298/292 932/214/214
f 898/1164/1078 883/275/263 653/274/272
f 110/294/290 108/292/288 654/295/291
f 909/273/262 654/295/291 653/274/272
f 654/295/291 108/292/288 653/274/272
f 777/250/249 655/287/283 69/145/145
f 69/145/145 850/181/181 1052/160/160
f 900/847/796 276/836/785 1075/1189/1103
f 276/836/785 887/717/709 834/716/708
f 657/555/548 557/1168/1082 567/1174/1088
f 567/1174/1088 759/579/572 935/578/571
f 561/86/86 745/64/64 658/12/12
f 745/64/64 28/33/33 847/42/42
f 159/441/435 916/470/463 659/424/418
f 659/424/418 837/425/419 159/441/435
f 660/284/281 100/297/264 99/285/273
f 660/284/281 654/295/291 100/297/264
f 661/635/628 490/648/641 585/603/596
f 585/603/596 921/621/614 661/635/628
f 896/271/270 662/322/316 109/272/271
f 1040/321/315 109/272/271 662/322/316
f 217/623/616 663/1080/1008 405/581/574
f 368/563/556 405/581/574 663/1080/1008
f 999/1201/1114 111/1124/1047 664/248/247
f 664/248/247 830/256/255 1070/249/248
f 665/1076/1004 434/568/561 204/605/598
f 431/604/597 665/1076/1004 204/605/598
f 1094/617/610 666/566/559 902/1193/1106
f 1094/617/610 556/619/612 957/595/588
f 505/268/267 667/282/279 1006/269/268
f 97/260/259 667/1107/279 98/261/260
f 480/558/551 668/591/584 202/588/581
f 555/626/619 668/591/584 480/558/551
f 230/674/667 669/625/618 246/684/677
f 555/626/619 669/625/618 230/674/667
f 1093/1102/1029 398/398/392 670/347/341
f 670/347/341 693/382/376 130/351/345
f 672/935/865 487/869/817 994/868/816
f 974/784/746 991/1202/1115 673/767/738
f 291/851/799 445/906/836 672/935/865
f 991/1202/1115 672/935/865 994/868/816
f 671/818/767 673/767/738 991/1202/1115
f 673/767/738 671/818/767 267/768/739
f 674/852/800 293/865/813 305/908/838
f 1109/828/777 293/865/813 674/852/800
f 267/768/739 488/807/756 675/693/685
f 245/686/678 267/768/739 675/693/685
f 424/727/719 676/682/675 289/843/792
f 283/841/790 289/843/792 676/682/675
f 238/692/684 241/694/686 677/647/640
f 588/656/649 238/692/684 878/636/629
f 678/670/663 675/693/685 588/656/649
f 245/686/678 675/693/685 678/670/663
f 421/846/795 282/845/794 679/1092/1020
f 385/732/724 679/1092/1020 680/822/771
f 681/873/821 282/845/794 409/872/820
f 679/1092/1020 282/845/794 681/873/821
f 680/822/771 679/1092/1020 681/873/821
f 680/822/771 681/873/821 359/823/772
f 682/1119/1042 268/812/761 424/727/719
f 293/865/813 682/1119/1042 424/727/719
f 413/861/809 359/823/772 683/874/822
f 413/861/809 683/874/822 521/909/839
f 281/819/768 684/857/805 489/808/757
f 489/808/757 684/857/805 279/811/760
f 676/682/675 685/720/712 283/841/790
f 786/709/701 283/841/790 685/720/712
f 952/464/458 686/429/423 689/430/424
f 1105/463/457 686/429/423 952/464/458
f 687/677/670 523/676/669 235/650/643
f 231/649/642 687/677/670 235/650/643
f 426/365/359 688/1203/1116 126/354/348
f 1091/1104/1031 443/333/327 696/1125/1048
f 689/430/424 165/480/473 515/472/465
f 955/433/427 945/1145/1060 165/480/473
f 128/1101/1028 690/1103/1030 401/369/363
f 670/347/341 694/338/332 128/1101/1028
f 597/920/850 691/864/812 311/954/884
f 311/954/884 691/864/812 628/863/811
f 268/812/761 264/712/704 692/675/668
f 268/812/761 695/706/698 424/727/719
f 978/1113/1037 693/382/376 398/398/392
f 398/398/392 693/382/376 670/347/341
f 694/338/332 690/1103/1030 128/1101/1028
f 694/338/332 443/333/327 690/1103/1030
f 695/706/698 692/675/668 456/637/630
f 692/675/668 695/706/698 268/812/761
f 126/354/348 696/1125/1048 565/355/349
f 688/1203/1116 696/1125/1048 126/354/348
f 440/418/412 393/370/364 697/381/375
f 700/366/360 697/381/375 393/370/364
f 396/1078/1006 698/540/533 436/557/550
f 515/472/465 698/540/533 396/1078/1006
f 214/609/602 1074/1188/1102 699/569/562
f 873/547/540 1074/1188/1102 192/552/545
f 700/366/360 393/370/364 401/369/363
f 690/1103/1030 700/366/360 401/369/363
f 240/641/634 827/1069/998 701/704/696
f 220/661/654 240/641/634 942/660/653
f 840/142/142 702/105/105 64/143/143
f 963/204/204 95/311/305 64/143/143
f 21/30/30 703/19/19 17/22/22
f 703/19/19 21/30/30 574/40/40
f 116/334/328 117/316/310 704/191/191
f 117/316/310 648/286/282 822/179/179
f 102/241/240 103/278/275 705/221/220
f 103/278/275 571/266/265 705/221/220
f 172/544/537 709/543/536 706/516/509
f 172/544/537 706/516/509 514/458/452
f 48/78/78 707/51/51 33/43/43
f 33/43/43 707/51/51 23/20/20
f 491/518/511 176/507/500 708/465/459
f 706/516/509 491/518/511 708/465/459
f 480/558/551 202/588/581 709/543/536
f 713/532/525 202/588/581 190/517/510
f 564/96/96 77/119/119 710/220/219
f 1070/249/248 77/119/119 1018/247/246
f 711/123/123 55/90/90 822/179/179
f 711/123/123 946/1178/1092 55/90/90
f 712/46/46 55/90/90 946/1178/1092
f 574/40/40 712/46/46 946/1178/1092
f 202/588/581 713/532/525 709/543/536
f 709/543/536 713/532/525 706/516/509
f 229/615/608 236/658/651 714/713/705
f 917/708/700 433/616/609 229/615/608
f 928/1204/1117 715/215/215 504/1135/1052
f 971/207/207 715/215/215 928/1204/1117
f 503/1146/1061 72/190/190 718/233/232
f 461/185/185 718/233/232 72/190/190
f 717/1109/1034 202/588/581 485/590/583
f 717/1109/1034 485/590/583 499/1108/1033
f 461/185/185 716/184/184 718/233/232
f 716/184/184 1008/231/230 718/233/232
f 24/80/80 39/79/79 719/99/99
f 24/80/80 719/99/99 574/40/40
f 338/1003/933 548/1044/973 720/1027/956
f 548/1044/973 337/1028/957 720/1027/956
f 720/1027/956 722/1029/958 721/1159/1074
f 729/989/919 726/1141/1056 326/990/920
f 722/1029/958 331/1017/947 721/1159/1074
f 337/1028/957 331/1017/947 722/1029/958
f 335/1022/951 473/1001/931 723/1013/943
f 470/1014/944 723/1013/943 473/1001/931
f 725/1016/946 469/1018/948 724/1037/966
f 467/1036/965 340/1026/955 724/1037/966
f 340/1026/955 725/1016/946 724/1037/966
f 340/1026/955 723/1013/943 727/1012/942
f 725/1016/946 730/1140/1055 331/1017/947
f 331/1017/947 730/1140/1055 721/1159/1074
f 727/1012/942 725/1016/946 340/1026/955
f 725/1016/946 727/1012/942 470/1014/944
f 728/1002/932 730/1140/1055 470/1014/944
f 470/1014/944 473/1001/931 728/1002/932
f 729/989/919 338/1003/933 721/1159/1074
f 721/1159/1074 726/1141/1056 729/989/919
f 730/1140/1055 728/1002/932 726/1141/1056
f 721/1159/1074 730/1140/1055 726/1141/1056
f 669/625/618 222/627/620 731/683/676
f 222/627/620 834/716/708 1055/715/707
f 732/537/530 200/594/587 814/561/554
f 733/567/560 666/566/559 200/594/587
f 400/481/474 958/536/529 842/527/520
f 732/537/530 958/536/529 200/594/587
f 734/1166/1080 220/661/654 557/1168/1082
f 879/1198/1111 888/1199/1112 557/1168/1082
f 735/18/18 12/7/7 1021/1/1
f 11/5/5 1104/9/9 735/18/18
f 736/601/594 758/645/638 228/644/637
f 841/614/607 736/601/594 1076/703/695
f 737/122/122 569/111/111 563/106/106
f 1111/61/61 569/111/111 737/122/122
f 738/559/552 863/1205/1118 193/560/553
f 209/628/621 864/612/605 763/629/622
f 1050/1142/1057 739/1000/930 318/979/909
f 739/1000/930 425/932/862 318/979/909
f 1037/685/652 740/783/697 245/686/678
f 673/767/738 245/686/678 740/783/697
f 568/193/193 741/121/121 74/194/194
f 741/121/121 53/128/128 74/194/194
f 777/250/249 571/266/265 742/302/296
f 742/302/296 571/266/265 103/278/275
f 956/535/528 743/501/494 902/1193/1106
f 195/571/564 744/551/544 595/553/546
f 1078/500/493 743/501/494 174/499/492
f 743/501/494 1078/500/493 902/1193/1106
f 34/84/84 745/64/64 561/86/86
f 745/64/64 34/84/84 960/65/65
f 746/66/66 28/33/33 745/64/64
f 961/98/98 911/41/41 28/33/33
f 1033/1170/1084 314/937/867 747/938/868
f 560/953/883 1033/1170/1084 747/938/868
f 748/1165/1079 591/549/542 555/626/619
f 591/549/542 748/1165/1079 187/542/535
f 749/405/399 907/451/445 158/450/444
f 749/405/399 1032/447/441 184/493/486
f 192/552/545 750/496/489 873/547/540
f 1078/500/493 825/486/479 192/552/545
f 751/223/222 981/175/175 71/174/174
f 859/213/213 751/223/222 71/174/174
f 752/380/374 594/1186/1100 131/378/372
f 752/380/374 989/386/380 594/1186/1100
f 61/149/149 753/176/176 71/174/174
f 61/149/149 635/148/148 836/153/153
f 147/431/425 137/356/350 754/432/426
f 754/432/426 137/356/350 144/395/389
f 415/466/460 755/1206/1119 967/440/434
f 453/1131/436 755/1206/1119 1108/1207/437
f 1057/1066/995 357/1062/991 756/1049/978
f 756/1049/978 357/1062/991 352/1050/979
f 547/1057/986 757/1038/967 353/1061/990
f 757/1038/967 801/995/925 1113/1033/962
f 215/654/647 758/645/638 210/602/595
f 736/601/594 210/602/595 758/645/638
f 567/1174/1088 211/632/625 759/579/572
f 211/632/625 216/631/624 759/579/572
f 151/422/416 760/361/355 686/429/423
f 760/361/355 151/422/416 554/364/358
f 178/512/505 164/449/443 761/504/497
f 164/449/443 177/503/496 761/504/497
f 467/1036/965 762/1032/961 1015/1025/954
f 762/1032/961 467/1036/965 469/1018/948
f 964/669/662 763/629/622 237/678/671
f 864/612/605 1090/613/606 763/629/622
f 954/484/477 388/416/410 764/438/432
f 388/416/410 440/418/412 764/438/432
f 91/255/254 789/254/253 765/125/125
f 91/255/254 765/125/125 87/138/138
f 13/16/16 16/38/38 766/2/2
f 622/8/8 13/16/16 766/2/2
f 66/177/177 767/156/156 76/166/166
f 66/177/177 753/176/176 767/156/156
f 847/42/42 768/28/28 10/10/10
f 575/3/3 10/10/10 768/28/28
f 133/392/386 769/394/388 134/330/324
f 144/395/389 134/330/324 769/394/388
f 131/378/372 770/313/307 869/305/299
f 594/1186/1100 770/313/307 131/378/372
f 479/529/522 495/541/534 771/509/502
f 484/495/488 479/529/522 771/509/502
f 82/205/205 772/137/137 850/181/181
f 647/116/116 772/137/137 82/205/205
f 986/1154/1069 565/355/349 982/1153/1068
f 565/355/349 122/336/330 984/1172/1086
f 984/1172/1086 982/1153/1068 565/355/349
f 773/359/353 923/326/320 1118/357/351
f 702/105/105 840/142/142 775/77/77
f 29/67/67 775/77/77 38/68/68
f 580/1065/994 584/1060/989 776/1053/982
f 776/1053/982 351/1052/981 580/1065/994
f 105/289/285 96/288/284 777/250/249
f 105/289/285 777/250/249 112/293/289
f 116/334/328 778/309/303 123/308/302
f 116/334/328 605/192/192 778/309/303
f 355/1051/980 343/1208/1120 779/1019/949
f 333/1020/906 779/1019/949 343/1208/1120
f 1062/211/211 92/210/210 780/227/226
f 92/210/210 896/271/270 780/227/226
f 325/1008/938 781/1007/937 1071/1147/1062
f 337/1028/957 342/1148/1063 781/1007/937
f 782/983/913 1031/922/852 492/926/856
f 620/997/927 330/985/915 782/983/913
f 601/92/92 809/91/91 783/52/52
f 37/89/89 712/46/46 783/52/52
f 784/806/755 297/916/846 483/1144/1059
f 242/646/639 784/806/755 1073/696/688
f 1119/23/23 785/13/13 12/7/7
f 12/7/7 785/13/13 622/8/8
f 277/826/775 786/709/701 459/719/711
f 786/709/701 917/708/700 459/719/711
f 787/653/646 482/810/759 242/646/639
f 259/725/717 482/810/759 787/653/646
f 788/434/428 516/444/438 945/1145/1060
f 516/444/438 788/434/428 962/406/400
f 789/254/253 883/264/263 84/186/186
f 789/254/253 84/186/186 765/125/125
f 58/187/187 790/240/239 791/151/151
f 790/240/239 89/239/238 99/276/273
f 791/151/151 790/240/239 99/276/273
f 87/138/138 791/151/151 99/276/273
f 792/820/769 901/829/778 296/899/832
f 897/832/781 296/899/832 631/856/804
f 53/128/128 550/87/87 793/171/171
f 793/171/171 1030/88/88 57/141/141
f 794/172/172 79/168/168 1053/228/227
f 793/171/171 79/168/168 794/172/172
f 795/108/108 865/107/107 621/1171/1085
f 795/108/108 621/1171/1085 1100/1175/1089
f 327/987/917 332/991/921 796/962/892
f 332/991/921 1043/960/890 1044/961/891
f 16/38/38 797/11/11 766/2/2
f 797/11/11 16/38/38 1067/39/39
f 816/47/47 1084/55/55 798/44/44
f 1058/24/24 22/34/34 14/14/14
f 172/544/537 799/522/515 187/542/535
f 591/549/542 187/542/535 799/522/515
f 800/928/858 425/932/862 294/870/818
f 294/870/818 277/826/775 882/825/774
f 801/995/925 757/1038/967 339/1005/935
f 886/996/926 801/995/925 339/1005/935
f 1011/299/293 802/298/292 113/258/257
f 652/178/178 113/258/257 802/298/292
f 226/1209/623 803/657/650 216/1210/624
f 924/583/576 921/621/614 207/620/613
f 804/1035/964 345/1046/975 329/970/900
f 329/970/900 428/999/929 804/1035/964
f 853/975/905 805/1010/940 333/976/906
f 805/1010/940 846/1158/1073 333/976/906
f 343/1208/1120 806/977/907 333/1020/906
f 333/1020/906 806/977/907 441/1128/860
f 807/731/723 280/835/784 507/834/783
f 1054/815/764 270/816/765 280/835/784
f 246/684/677 808/733/725 1054/815/764
f 246/684/677 731/683/676 808/733/725
f 49/102/102 37/89/89 809/91/91
f 37/89/89 783/52/52 809/91/91
f 810/280/277 101/279/276 648/286/282
f 124/350/344 810/280/277 648/286/282
f 811/97/97 564/96/96 602/202/202
f 40/76/76 811/97/97 602/202/202
f 812/1157/1072 350/1056/985 584/1060/989
f 517/1015/945 350/1056/985 1072/1009/939
f 644/1197/1110 814/561/554 813/1167/1081
f 813/1167/1081 596/593/586 527/640/633
f 814/561/554 200/594/587 596/593/586
f 814/561/554 596/593/586 813/1167/1081
f 566/510/503 196/1173/1087 815/533/526
f 566/510/503 815/533/526 175/511/504
f 707/51/51 30/69/69 816/47/47
f 816/47/47 1088/57/57 1084/55/55
f 817/969/899 301/842/791 306/855/803
f 301/842/791 817/969/899 628/863/811
f 220/661/654 818/642/635 240/641/634
f 818/642/635 220/661/654 734/1166/1080
f 819/327/321 538/362/356 1118/357/351
f 639/1184/1098 538/362/356 819/327/321
f 316/942/872 1046/936/866 820/871/819
f 592/915/845 316/942/872 820/871/819
f 181/520/513 183/506/499 821/471/464
f 183/506/499 184/493/486 1032/447/441
f 704/191/191 822/179/179 55/90/90
f 822/179/179 704/191/191 117/316/310
f 101/279/276 823/152/152 822/179/179
f 101/279/276 73/173/173 823/152/152
f 824/951/881 314/937/867 518/957/887
f 314/937/867 824/951/881 304/866/814
f 825/486/479 750/496/489 192/552/545
f 825/486/479 171/485/478 750/496/489
f 826/950/880 312/947/877 618/946/876
f 312/947/877 826/950/880 1020/952/882
f 250/1068/997 827/1069/998 414/700/692
f 827/1069/998 240/641/634 414/700/692
f 828/72/72 619/74/74 43/115/115
f 42/94/94 843/62/62 1083/1200/1113
f 349/1034/963 829/1024/953 346/1043/972
f 829/1024/953 349/1034/963 336/1031/960
f 830/256/255 664/248/247 111/1124/1047
f 111/1124/1047 1099/301/295 830/256/255
f 536/473/466 174/499/492 831/476/469
f 831/476/469 174/499/492 743/501/494
f 167/482/475 833/469/462 832/483/476
f 168/477/470 400/481/474 832/483/476
f 833/469/462 168/477/470 832/483/476
f 166/454/448 168/477/470 833/469/462
f 1075/1189/1103 276/836/785 834/716/708
f 964/669/662 237/678/671 656/680/673
f 617/195/195 68/169/169 835/226/225
f 1062/211/211 1117/146/146 73/173/173
f 753/176/176 61/149/149 836/153/153
f 753/176/176 836/153/153 767/156/156
f 837/425/419 453/442/436 159/441/435
f 453/442/436 837/425/419 941/1211/383
f 779/1019/949 838/1048/977 355/1051/980
f 756/1049/978 355/1051/980 1057/1066/995
f 839/310/304 104/300/294 134/330/324
f 839/310/304 612/1190/1104 104/300/294
f 38/68/68 840/142/142 1030/88/88
f 38/68/68 775/77/77 840/142/142
f 239/679/672 841/614/607 1076/703/695
f 1090/613/606 841/614/607 239/679/672
f 842/527/520 958/536/529 732/537/530
f 188/502/495 842/527/520 732/537/530
f 843/62/62 828/72/72 1083/1200/1113
f 1089/56/56 843/62/62 25/63/63
f 31/53/53 844/49/49 1082/1191/1105
f 1086/50/50 844/49/49 31/53/53
f 606/103/103 1082/1191/1105 51/1194/1107
f 31/53/53 1082/1191/1105 606/103/103
f 333/1020/906 846/1212/1073 546/1021/950
f 846/1212/1073 812/1157/1072 546/1021/950
f 658/12/12 745/64/64 847/42/42
f 847/42/42 10/10/10 658/12/12
f 599/423/417 910/411/405 848/419/413
f 848/419/413 966/1180/1094 599/423/417
f 849/412/406 158/450/444 160/452/446
f 848/419/413 849/412/406 160/452/446
f 850/181/181 1068/251/250 82/205/205
f 69/145/145 655/287/283 850/181/181
f 47/110/110 624/131/131 851/144/144
f 624/131/131 80/225/224 851/144/144
f 852/1055/984 354/1058/987 580/1065/994
f 852/1055/984 348/1011/941 354/1058/987
f 325/1008/938 1071/1147/1062 853/975/905
f 518/957/887 325/1008/938 853/975/905
f 854/514/507 903/1213/512 925/1192/1083
f 933/545/538 198/577/570 854/514/507
f 507/834/783 944/830/779 855/827/776
f 855/827/776 247/714/706 507/834/783
f 856/339/333 123/308/302 839/310/304
f 137/356/350 123/308/302 856/339/333
f 760/361/355 554/364/358 857/342/336
f 589/341/335 857/342/336 554/364/358
f 858/917/847 1031/922/852 327/987/917
f 327/987/917 796/962/892 885/921/851
f 859/213/213 76/166/166 442/245/244
f 85/238/237 859/213/213 442/245/244
f 860/1063/992 356/1064/993 838/1048/977
f 860/1063/992 584/1060/989 356/1064/993
f 861/1150/1065 522/956/886 529/904/834
f 1114/1110/1035 522/956/886 861/1150/1065
f 863/1205/1118 862/592/585 193/560/553
f 863/1205/1118 669/625/618 862/592/585
f 863/1205/1118 864/612/605 209/628/621
f 669/625/618 863/1205/1118 209/628/621
f 864/612/605 863/1205/1118 738/559/552
f 738/559/552 203/599/592 864/612/605
f 621/1171/1085 865/107/107 561/86/86
f 865/107/107 562/85/85 561/86/86
f 616/229/228 866/1182/1096 604/230/229
f 1069/1183/1097 604/230/229 866/1182/1096
f 296/899/832 1110/911/841 867/912/842
f 302/948/878 312/947/877 867/912/842
f 303/924/854 868/805/754 486/817/766
f 868/805/754 303/924/854 784/806/755
f 127/307/301 632/373/367 869/305/299
f 632/373/367 131/378/372 869/305/299
f 694/338/332 457/348/342 870/337/331
f 670/347/341 871/352/346 457/348/342
f 998/1132/1050 118/1097/312 870/337/331
f 870/337/331 457/348/342 998/1132/1050
f 559/914/844 872/837/786 308/848/797
f 559/914/844 913/853/801 1061/854/802
f 1074/1188/1102 873/547/540 699/569/562
f 699/569/562 873/547/540 191/548/541
f 874/1162/1077 636/1059/988 348/1011/941
f 874/1162/1077 348/1011/941 332/991/921
f 548/1044/973 875/1039/968 347/1045/974
f 548/1044/973 338/1003/933 875/1039/968
f 429/376/370 140/360/354 876/345/339
f 908/377/371 429/376/370 876/345/339
f 877/1030/959 468/1040/969 634/1042/971
f 877/1030/959 466/993/923 468/1040/969
f 878/636/629 238/692/684 677/647/640
f 661/635/628 878/636/629 677/647/640
f 643/554/547 879/1198/1111 657/555/548
f 643/554/547 642/538/531 879/1198/1111
f 638/208/208 880/224/223 637/252/251
f 880/224/223 638/208/208 80/225/224
f 230/674/667 252/695/687 881/665/658
f 252/695/687 236/658/651 881/665/658
f 800/928/858 882/825/774 944/830/779
f 294/870/818 882/825/774 800/928/858
f 883/264/263 86/234/233 84/186/186
f 553/246/245 86/1163/233 883/275/263
f 884/349/343 137/356/350 147/431/425
f 689/430/424 884/349/343 147/431/425
f 885/921/851 1038/918/848 858/917/847
f 858/917/847 327/987/917 885/921/851
f 339/1005/935 570/1004/934 886/996/926
f 886/996/926 570/1004/934 593/1185/1099
f 887/717/709 271/734/726 1055/715/707
f 887/717/709 1061/854/802 271/734/726
f 888/1199/1112 734/1166/1080 557/1168/1082
f 734/1166/1080 888/1199/1112 644/1197/1110
f 92/210/210 889/237/236 639/1184/1098
f 639/1184/1098 890/1196/1109 538/362/356
f 639/1184/1098 889/237/236 890/1196/1109
f 890/1196/1109 889/237/236 810/280/277
f 215/654/647 210/602/595 891/575/568
f 609/491/484 891/575/568 210/602/595
f 892/574/567 924/583/576 207/620/613
f 207/620/613 585/603/596 892/574/567
f 182/475/468 815/533/526 893/515/508
f 893/515/508 169/488/481 182/475/468
f 169/488/481 894/474/467 182/475/468
f 894/474/467 966/1180/1094 848/419/413
f 240/641/634 895/652/645 233/699/691
f 895/652/645 417/688/680 233/699/691
f 896/271/270 639/1184/1098 114/325/319
f 114/325/319 662/322/316 896/271/270
f 1027/831/780 792/820/769 897/832/781
f 792/820/769 296/899/832 897/832/781
f 108/292/288 553/246/245 898/1164/1078
f 108/292/288 898/1164/1078 653/274/272
f 17/22/22 899/25/25 582/31/31
f 735/18/18 899/25/25 1120/17/17
f 272/1143/1058 900/847/796 600/702/694
f 297/916/846 1038/918/848 272/1143/1058
f 901/829/778 674/852/800 290/867/815
f 296/899/832 901/829/778 290/867/815
f 902/1193/1106 195/571/564 208/580/573
f 902/1193/1106 744/551/544 195/571/564
f 198/577/570 920/1214/543 903/1213/512
f 903/1213/512 854/514/507 198/577/570
f 904/1161/1076 352/1050/979 636/1059/988
f 874/1162/1077 904/1161/1076 636/1059/988
f 318/979/909 425/932/862 905/933/863
f 1048/927/857 318/979/909 905/933/863
f 609/491/484 175/511/504 906/492/485
f 1098/460/454 175/511/504 182/475/468
f 184/493/486 907/451/445 749/405/399
f 184/493/486 906/492/485 907/451/445
f 908/377/371 876/345/339 410/344/338
f 410/344/338 997/343/337 1000/1215/1036
f 106/253/252 909/263/262 789/254/253
f 106/296/252 654/295/291 909/273/262
f 910/411/405 153/396/390 610/379/373
f 610/379/373 131/378/372 910/411/405
f 583/1181/1095 911/41/41 40/76/76
f 40/76/76 911/41/41 811/97/97
f 911/41/41 583/1181/1095 912/29/29
f 912/29/29 583/1181/1095 15/27/27
f 270/816/765 913/853/801 820/871/819
f 913/853/801 270/816/765 271/734/726
f 110/294/290 112/293/289 914/1195/1108
f 914/1195/1108 112/293/289 572/277/274
f 133/392/386 134/330/324 915/340/334
f 594/1186/1100 133/392/386 915/340/334
f 916/470/463 627/461/455 659/424/418
f 181/520/513 627/461/455 916/470/463
f 917/708/700 229/615/608 714/713/705
f 459/719/711 917/708/700 714/713/705
f 918/212/212 652/178/178 802/298/292
f 53/128/128 652/178/178 918/212/212
f 194/576/569 609/491/484 919/505/498
f 609/491/484 184/493/486 919/505/498
f 759/579/572 920/1214/543 198/577/570
f 216/631/624 987/1216/575 759/579/572
f 921/621/614 803/657/650 588/656/649
f 924/583/576 803/657/650 921/621/614
f 194/576/569 919/505/498 922/531/524
f 922/531/524 892/574/567 194/576/569
f 662/322/316 923/326/320 774/323/317
f 923/326/320 773/359/353 774/323/317
f 216/1210/624 803/657/650 924/583/576
f 216/1210/624 924/583/576 987/582/575
f 925/1169/1083 903/519/512 611/521/514
f 916/470/463 925/1169/1083 611/521/514
f 565/355/349 986/1154/1069 926/353/347
f 136/1155/1070 542/404/398 930/1120/1043
f 920/550/543 197/573/566 927/523/516
f 927/523/516 197/573/566 922/531/524
f 501/219/218 928/1204/1117 504/1135/1052
f 501/219/218 971/207/207 928/1204/1117
f 929/232/231 98/261/260 503/1146/1061
f 718/233/232 929/232/231 503/1146/1061
f 426/365/359 926/353/347 930/1120/1043
f 930/1120/1043 926/353/347 136/1155/1070
f 931/1217/269 90/259/258 506/1218/1053
f 931/1217/269 97/260/259 90/259/258
f 612/1190/1104 932/214/214 104/300/294
f 612/1190/1104 605/192/192 932/214/214
f 390/513/506 657/555/548 933/545/538
f 935/578/571 657/555/548 567/1174/1088
f 934/1082/1010 434/568/561 371/1081/1009
f 934/1082/1010 204/605/598 434/568/561
f 198/577/570 933/545/538 935/578/571
f 933/545/538 657/555/548 935/578/571
f 936/638/631 364/1075/1003 244/681/674
f 433/616/609 364/1075/1003 936/638/631
f 937/112/112 1101/104/104 58/187/187
f 569/111/111 937/112/112 58/187/187
f 218/651/644 525/662/655 938/1115/1039
f 525/662/655 526/1087/1015 938/1115/1039
f 939/1116/1040 938/1115/1039 422/570/563
f 191/548/541 939/1116/1040 422/570/563
f 169/488/481 577/490/483 940/1179/1093
f 577/490/483 173/459/453 940/1179/1093
f 941/1211/383 837/425/419 141/375/369
f 941/1211/383 141/375/369 908/377/371
f 942/660/653 240/641/634 701/704/696
f 1037/659/652 942/660/653 701/704/696
f 943/129/129 851/144/144 83/209/209
f 83/209/209 705/221/220 943/129/129
f 800/928/858 944/830/779 300/860/808
f 300/860/808 944/830/779 280/835/784
f 176/507/500 170/478/471 945/1145/1060
f 165/480/473 945/1145/1060 170/478/471
f 711/123/123 41/81/81 946/1178/1092
f 41/81/81 24/80/80 946/1178/1092
f 428/999/929 817/969/899 947/939/869
f 428/999/929 947/939/869 739/1000/930
f 49/102/102 948/93/93 741/121/121
f 809/91/91 948/93/93 49/102/102
f 634/1042/971 341/1041/970 949/980/910
f 518/957/887 949/980/910 950/1006/936
f 949/980/910 341/1041/970 950/1006/936
f 341/1041/970 1015/1025/954 950/1006/936
f 951/335/329 884/349/343 125/315/309
f 951/335/329 125/315/309 117/316/310
f 403/1100/1027 179/526/519 952/464/458
f 179/526/519 484/495/488 952/464/458
f 953/437/431 833/469/462 167/482/475
f 953/437/431 167/482/475 764/438/432
f 388/416/410 954/484/477 177/503/496
f 400/481/474 177/503/496 954/484/477
f 955/433/427 165/480/473 689/430/424
f 147/431/425 955/433/427 689/430/424
f 958/536/529 956/535/528 613/565/558
f 956/535/528 902/1193/1106 613/565/558
f 1094/617/610 957/595/588 666/566/559
f 666/566/559 957/595/588 200/594/587
f 958/536/529 613/565/558 733/567/560
f 733/567/560 200/594/587 958/536/529
f 185/508/501 408/539/532 959/479/472
f 170/478/471 185/508/501 959/479/472
f 63/83/83 44/120/120 960/65/65
f 960/65/65 44/120/120 564/96/96
f 746/66/66 961/98/98 28/33/33
f 746/66/66 960/65/65 961/98/98
f 754/432/426 144/395/389 962/406/400
f 962/406/400 144/395/389 769/394/388
f 963/204/204 702/105/105 602/202/202
f 64/143/143 702/105/105 963/204/204
f 834/716/708 964/669/662 1075/1189/1103
f 222/627/620 964/669/662 834/716/708
f 572/277/274 102/241/240 965/1177/1091
f 638/208/208 965/1177/1091 102/241/240
f 169/488/481 966/1180/1094 894/474/467
f 966/1180/1094 169/488/481 940/1179/1093
f 152/397/391 427/417/411 967/440/434
f 755/1206/1119 978/1113/1037 967/440/434
f 968/923/853 297/916/846 784/806/755
f 968/923/853 858/917/847 297/916/846
f 453/1131/436 969/383/377 755/1206/1119
f 969/383/377 978/1113/1037 755/1206/1119
f 970/165/165 418/1114/1038 458/182/182
f 1025/164/164 971/207/207 418/1114/1038
f 971/207/207 501/219/218 70/218/217
f 971/207/207 70/218/217 418/1114/1038
f 60/161/161 52/150/150 972/117/117
f 52/150/150 624/131/131 972/117/117
f 361/1071/1000 973/707/699 250/1068/997
f 973/707/699 974/1072/746 740/705/697
f 361/1071/1000 454/838/787 974/1072/746
f 361/1071/1000 974/1072/746 973/707/699
f 120/329/323 876/345/339 975/1121/1044
f 111/1124/1047 120/329/323 975/1121/1044
f 594/1186/1100 119/1187/1101 976/324/318
f 770/313/307 594/1186/1100 976/324/318
f 130/351/345 977/384/378 1000/1111/1036
f 693/382/376 977/384/378 130/351/345
f 978/1113/1037 152/397/391 967/440/434
f 398/398/392 152/397/391 978/1113/1037
f 226/1209/623 979/655/648 803/657/650
f 221/634/627 1037/659/652 226/630/623
f 1053/228/227 980/257/256 794/172/172
f 770/313/307 980/257/256 115/303/297
f 80/225/224 981/175/175 751/223/222
f 981/175/175 80/225/224 624/131/131
f 774/323/317 773/359/353 982/1153/1068
f 773/359/353 532/1151/1066 982/1153/1068
f 362/1073/1001 383/1089/1017 983/1090/1018
f 383/1089/1017 392/1098/1025 983/1090/1018
f 982/1153/1068 984/1172/1086 774/323/317
f 984/1172/1086 1040/321/315 774/323/317
f 145/403/397 395/402/396 985/1099/1026
f 145/403/397 985/1099/1026 426/365/359
f 532/1151/1066 136/1155/1070 986/1154/1069
f 926/353/347 986/1154/1069 136/1155/1070
f 759/579/572 987/1216/575 920/1214/543
f 987/582/575 197/573/566 920/550/543
f 477/198/198 406/197/197 988/159/159
f 406/197/197 463/1139/1054 988/159/159
f 153/396/390 143/409/403 989/386/380
f 989/386/380 143/409/403 511/393/387
f 121/346/340 990/319/313 410/344/338
f 439/320/314 990/319/313 1003/328/322
f 991/1202/1115 291/851/799 672/935/865
f 991/1202/1115 974/784/746 291/851/799
f 315/945/875 496/925/855 992/910/840
f 315/945/875 992/910/840 1005/934/864
f 279/811/760 993/722/714 494/721/713
f 298/858/806 993/722/714 279/811/760
f 994/868/816 281/819/768 671/818/767
f 991/1202/1115 994/868/816 671/818/767
f 389/331/325 407/1095/1023 995/1094/1022
f 407/1095/1023 667/282/279 995/1094/1022
f 407/1095/1023 389/331/325 996/1096/1024
f 389/331/325 870/337/331 996/1096/1024
f 130/351/345 997/1112/337 871/352/346
f 871/352/346 998/1132/1050 457/348/342
f 998/1132/1050 871/352/346 997/1112/337
f 998/1132/1050 997/1112/337 1010/1133/1051
f 999/1201/1114 1004/317/311 439/320/314
f 439/320/314 111/1124/1047 999/1201/1114
f 1000/1215/1036 908/377/371 410/344/338
f 1000/1215/1036 941/1211/383 908/377/371
f 407/1118/1023 423/1117/1041 1001/1123/1046
f 1001/1123/1046 1004/317/311 1007/1122/1045
f 1002/183/183 75/1219/216 460/199/199
f 1002/183/183 418/1134/1038 75/1219/216
f 121/346/340 120/329/323 1003/328/322
f 990/319/313 121/346/340 1003/328/322
f 1001/1123/1046 423/1117/1041 1004/317/311
f 1004/317/311 423/1117/1041 118/318/312
f 1005/934/864 992/910/840 487/869/817
f 672/935/865 1005/934/864 487/869/817
f 1006/1220/268 667/1107/279 97/260/259
f 931/1217/269 1006/1220/268 97/260/259
f 1007/1122/1045 1004/317/311 999/1201/1114
f 999/1201/1114 664/248/247 1007/1122/1045
f 460/199/199 506/1218/1053 1008/231/230
f 506/1218/1053 90/259/258 1008/231/230
f 1009/1091/1019 278/787/749 421/846/795
f 1009/1091/1019 421/846/795 385/732/724
f 1010/1221/1051 997/343/337 990/319/313
f 990/319/313 118/318/312 1010/1221/1051
f 915/340/334 1011/299/293 119/1187/1101
f 119/1187/1101 1011/299/293 113/258/257
f 348/1011/941 351/1052/981 1012/992/922
f 1112/1054/983 1013/994/924 351/1052/981
f 1012/992/922 1013/994/924 886/996/926
f 1012/992/922 351/1052/981 1013/994/924
f 1014/698/690 376/729/721 375/673/666
f 375/673/666 232/672/665 1014/698/690
f 723/1013/943 1015/1025/954 344/1023/952
f 341/1041/970 344/1023/952 1015/1025/954
f 150/390/384 154/421/415 1016/427/421
f 543/1152/1067 150/390/384 1016/427/421
f 101/279/276 1017/236/235 73/173/173
f 1017/236/235 92/210/210 73/173/173
f 502/201/201 503/1146/1061 1018/247/246
f 502/201/201 1018/247/246 77/119/119
f 309/949/879 1019/940/870 313/955/885
f 1020/952/882 826/950/880 313/955/885
f 1020/952/882 313/955/885 1019/940/870
f 867/912/842 1020/952/882 1019/940/870
f 11/5/5 1021/1/1 575/3/3
f 735/18/18 1021/1/1 11/5/5
f 13/16/16 1022/15/15 20/37/37
f 20/37/37 1086/50/50 31/53/53
f 171/485/478 1023/457/451 534/453/447
f 537/456/450 534/453/447 1023/457/451
f 534/453/447 1024/494/487 171/485/478
f 1024/494/487 750/496/489 171/485/478
f 418/1114/1038 970/165/165 1025/164/164
f 1025/164/164 970/165/165 767/156/156
f 94/242/241 1026/281/278 505/268/267
f 1026/281/278 94/242/241 109/272/271
f 1027/831/780 269/821/770 792/820/769
f 269/821/770 1027/831/780 376/729/721
f 95/311/305 127/307/301 1028/306/300
f 64/143/143 95/311/305 1097/200/200
f 1029/1085/1013 1079/1084/1012 519/572/565
f 1029/1085/1013 519/572/565 214/609/602
f 550/87/87 1030/88/88 793/171/171
f 26/59/59 1030/88/88 550/87/87
f 330/985/915 327/987/917 1031/922/852
f 330/985/915 1031/922/852 782/983/913
f 183/506/499 1032/447/441 821/471/464
f 1032/447/441 156/399/393 821/471/464
f 314/937/867 1033/1170/1084 320/968/898
f 1033/1170/1084 607/974/904 320/968/898
f 1034/127/127 474/126/126 1035/1222/1121
f 1035/1222/1121 63/83/83 1036/82/82
f 474/126/126 45/136/136 1035/1222/1121
f 1035/1222/1121 45/136/136 63/83/83
f 1036/82/82 1034/127/127 1035/1222/1121
f 1034/127/127 1036/82/82 562/85/85
f 226/1209/623 1037/685/652 979/655/648
f 979/655/648 1037/685/652 678/670/663
f 308/848/797 900/847/796 1038/918/848
f 900/847/796 272/1143/1058 1038/918/848
f 1039/6/6 575/3/3 15/27/27
f 646/35/35 1039/6/6 15/27/27
f 1040/321/315 122/336/330 455/332/326
f 1026/281/278 1040/321/315 1103/1093/1021
f 30/69/69 573/70/70 1041/73/73
f 816/47/47 30/69/69 1041/73/73
f 219/639/632 399/607/600 1042/597/590
f 1042/597/590 481/589/582 219/639/632
f 1043/960/890 886/996/926 593/1185/1099
f 1043/960/890 593/1185/1099 308/848/797
f 796/962/892 1044/961/891 308/848/797
f 796/962/892 332/991/921 1044/961/891
f 1045/133/133 1121/132/132 605/192/192
f 1045/133/133 605/192/192 116/334/328
f 1046/936/866 300/860/808 299/859/807
f 820/871/819 1046/936/866 299/859/807
f 1047/4/4 797/11/11 10/10/10
f 766/2/2 797/11/11 1047/4/4
f 319/972/902 318/979/909 1048/927/857
f 471/943/873 319/972/902 1048/927/857
f 829/1024/953 1049/998/928 335/1022/951
f 335/1022/951 1050/1142/1057 473/1001/931
f 1049/998/928 1050/1142/1057 335/1022/951
f 1050/1142/1057 1049/998/928 739/1000/930
f 224/671/664 1051/663/656 236/658/651
f 224/671/664 481/589/582 1051/663/656
f 1052/160/160 850/181/181 67/180/180
f 1052/160/160 67/180/180 48/78/78
f 115/303/297 1053/228/227 107/304/298
f 115/303/297 980/257/256 1053/228/227
f 280/835/784 807/731/723 1054/815/764
f 807/731/723 246/684/677 1054/815/764
f 731/683/676 222/627/620 1055/715/707
f 731/683/676 1055/715/707 808/733/725
f 310/963/893 522/956/886 1056/959/889
f 313/955/885 1056/959/889 522/956/886
f 355/1051/980 838/1048/977 1057/1066/995
f 1057/1066/995 838/1048/977 356/1064/993
f 798/44/44 1058/24/24 18/21/21
f 798/44/44 22/34/34 1058/24/24
f 1059/314/308 623/1160/1075 551/203/203
f 1059/314/308 129/312/306 623/1160/1075
f 374/687/679 373/701/693 1060/690/682
f 374/687/679 1060/690/682 520/689/681
f 872/837/786 1061/854/802 887/717/709
f 872/837/786 559/914/844 1061/854/802
f 1062/211/211 780/227/226 835/226/225
f 68/169/169 1062/211/211 835/226/225
f 1063/113/113 1052/160/160 48/78/78
f 1063/113/113 48/78/78 33/43/43
f 598/267/266 1064/140/140 65/222/221
f 598/267/266 777/250/249 1064/140/140
f 51/1194/1107 1065/118/118 616/229/228
f 1065/118/118 866/1182/1096 616/229/228
f 51/1194/1107 616/229/228 1066/188/188
f 606/103/103 51/1194/1107 1101/104/104
f 16/38/38 27/45/45 1067/39/39
f 27/45/45 1111/61/61 1100/1175/1089
f 850/181/181 655/287/283 1068/251/250
f 96/288/284 1068/251/250 655/287/283
f 1068/251/250 96/288/284 1069/1183/1097
f 1069/1183/1097 96/288/284 1107/283/280
f 710/220/219 1070/249/248 830/256/255
f 77/119/119 1070/249/248 710/220/219
f 1071/1147/1062 342/1148/1063 517/1015/945
f 781/1007/937 342/1148/1063 1071/1147/1062
f 1072/1223/939 812/1157/1072 846/1212/1073
f 1072/1223/939 350/1056/985 812/1157/1072
f 1073/696/688 784/806/755 483/1144/1059
f 1073/696/688 483/1144/1059 600/702/694
f 1074/1188/1102 214/609/602 206/608/601
f 595/553/546 1074/1188/1102 206/608/601
f 1075/1189/1103 656/680/673 600/702/694
f 964/669/662 656/680/673 1075/1189/1103
f 1076/703/695 228/644/637 1073/696/688
f 736/601/594 228/644/637 1076/703/695
f 1077/587/580 377/666/659 214/609/602
f 699/569/562 1077/587/580 214/609/602
f 902/1193/1106 1078/500/493 744/551/544
f 1078/500/493 192/552/545 744/551/544
f 213/618/611 1079/1084/1012 227/633/626
f 519/572/565 1079/1084/1012 213/618/611
f 227/633/626 1080/1086/1014 527/640/633
f 527/640/633 1080/1086/1014 223/643/636
f 1022/15/15 1081/26/26 1085/48/48
f 1081/26/26 1084/55/55 1085/48/48
f 1082/1191/1105 843/62/62 845/95/95
f 1082/1191/1105 845/95/95 51/1194/1107
f 1083/1200/1113 43/115/115 647/116/116
f 828/72/72 43/115/115 1083/1200/1113
f 22/34/34 1084/55/55 1081/26/26
f 798/44/44 1084/55/55 22/34/34
f 25/63/63 1085/48/48 1089/56/56
f 25/63/63 844/49/49 1085/48/48
f 1022/15/15 1085/48/48 1086/50/50
f 20/37/37 1022/15/15 1086/50/50
f 1087/58/58 1041/73/73 828/72/72
f 1089/56/56 828/72/72 843/62/62
f 1087/58/58 1088/57/57 1041/73/73
f 816/47/47 1041/73/73 1088/57/57
f 1089/56/56 1087/58/58 828/72/72
f 1084/55/55 1087/58/58 1089/56/56
f 237/678/671 1090/613/606 239/679/672
f 237/678/671 763/629/622 1090/613/606
f 1091/1104/1031 1092/367/361 700/366/360
f 696/1125/1048 688/1203/1116 1091/1104/1031
f 1092/367/361 688/1203/1116 426/365/359
f 1091/1104/1031 688/1203/1116 1092/367/361
f 398/398/392 1093/1102/1029 132/371/365
f 401/369/363 132/371/365 1093/1102/1029
f 208/580/573 1094/617/610 902/1193/1106
f 208/580/573 213/618/611 1094/617/610
f 358/794/752 1095/1079/1007 367/839/788
f 367/839/788 1095/1079/1007 413/861/809
f 1096/586/579 526/1087/1015 1077/587/580
f 938/1115/1039 526/1087/1015 1096/586/579
f 1097/200/200 95/311/305 1028/306/300
f 1097/200/200 1028/306/300 107/304/298
f 906/492/485 175/511/504 1098/460/454
f 907/451/445 906/492/485 1098/460/454
f 975/1121/1044 1059/314/308 1099/301/295
f 975/1121/1044 1099/301/295 111/1124/1047
f 27/45/45 1100/1175/1089 1067/39/39
f 1067/39/39 1100/1175/1089 621/1171/1085
f 1101/104/104 51/1194/1107 1066/188/188
f 58/187/187 1101/104/104 1066/188/188
f 355/1051/980 1102/988/918 343/1208/1120
f 343/1208/1120 1102/988/918 806/977/907
f 1103/1093/1021 455/332/326 389/331/325
f 1040/321/315 455/332/326 1103/1093/1021
f 19/36/36 576/32/32 1104/9/9
f 19/36/36 1104/9/9 1039/6/6
f 533/420/414 155/439/433 1105/463/457
f 686/429/423 1105/463/457 155/439/433
f 154/421/415 148/363/357 1106/400/394
f 1106/400/394 539/446/440 154/421/415
f 89/239/238 1107/283/280 99/285/273
f 604/230/229 1107/283/280 89/239/238
f 415/466/460 558/467/461 1108/1207/437
f 755/1206/1119 415/466/460 1108/1207/437
f 273/813/762 1109/828/777 651/814/763
f 273/813/762 682/1119/1042 1109/828/777
f 302/948/878 1110/911/841 304/866/814
f 867/912/842 1110/911/841 302/948/878
f 1111/61/61 35/54/54 569/111/111
f 35/54/54 1111/61/61 20/37/37
f 1112/1054/983 776/1053/982 353/1061/990
f 757/1038/967 1113/1033/962 353/1061/990
f 353/1061/990 1113/1033/962 1112/1054/983
f 1113/1033/962 1013/994/924 1112/1054/983
f 309/949/879 522/956/886 1114/1110/1035
f 1114/1110/1035 307/913/843 309/949/879
f 1115/155/155 614/154/154 62/170/170
f 836/153/153 614/154/154 1115/155/155
f 65/222/221 1064/140/140 1116/114/114
f 943/129/129 65/222/221 1116/114/114
f 68/169/169 1117/146/146 1062/211/211
f 68/169/169 60/161/161 1117/146/146
f 1118/357/351 538/362/356 135/391/385
f 1118/357/351 135/391/385 531/358/352
f 1058/24/24 1119/23/23 18/21/21
f 18/21/21 1119/23/23 1120/17/17
f 17/22/22 1120/17/17 899/25/25
f 17/22/22 18/21/21 1120/17/17
f 1121/132/132 49/102/102 568/193/193
f 1121/132/132 568/193/193 605/192/192
