# This file uses centimeters as units for non-parametric coordinates.

mtllib pathpre8_low.mtl
g default
v -3363.968994 -8435.966797 -3751.329834
v -4684.742188 -6716.368164 -3776.480469
v -4404.544922 -7931.522461 -3762.765381
v -3444.643555 -8195.383789 -3783.136230
v -3135.059082 -6974.056641 -3893.592041
v -4667.551758 -5896.653809 -3972.907471
v -3928.314209 -8465.843750 -3925.846924
v -4174.967773 -6093.674316 -3806.876953
v -5068.439453 -7348.821777 -3976.509033
v -2668.644043 -7499.853516 -3932.450439
v -3886.720459 -8087.396973 -4003.230469
v -3594.660645 -6843.435547 -4064.319092
v -3205.518799 -9155.417969 -4071.869629
v -2990.690186 -6061.216309 -4045.867188
v -5480.184082 -6579.075684 -4047.682861
v -4931.697266 -5782.695312 -4186.105957
v -3235.161621 -5677.562012 -4195.544922
v -5270.644043 -8961.584961 -4181.077637
v -2228.767090 -7759.962891 -4191.011230
v -5875.729980 -6991.206543 -4282.511230
v -5768.847168 -7880.245605 -4264.208008
v -5515.526367 -9151.079102 -4238.458496
v -4083.634766 -9460.801758 -4215.843750
v -2396.401855 -7185.267090 -4233.445801
v -2234.157715 -8855.568359 -4298.044434
v -1928.568359 -8359.714844 -4353.126465
v -2964.915283 -9358.769531 -4377.565918
v -6113.834961 -6918.947754 -4385.789551
v -6433.373047 -8664.036133 -4456.458496
v -6387.581055 -7659.038086 -4471.250000
v -6545.538574 -8753.819336 -4599.670898
v -4778.177734 -9622.354492 -4627.050293
v -1849.151733 -7563.980957 -4680.816406
v -2394.777100 -5614.115234 -4720.840332
v -1797.338013 -6486.541992 -4759.597168
v -6500.521973 -9192.872070 -4756.507812
v -2742.485596 -9586.485352 -4718.289551
v -6243.145508 -5474.011230 -4918.071289
v -1770.320557 -9115.052734 -4770.579102
v -3446.190430 -5532.017090 -4903.624023
v -5857.038574 -9522.748047 -4841.743652
v -3538.953857 -9578.471680 -5011.640625
v -4533.988281 -5512.625977 -4941.426758
v -3042.412598 -9674.914062 -5071.883301
v -6813.125977 -6955.547852 -5127.313965
v -2974.396973 -5505.081543 -5191.374023
v -1587.645630 -6817.162598 -5180.098633
v -1437.020874 -8687.444336 -5086.538574
v -6970.981445 -7323.546387 -5195.834473
v -3239.898926 -5494.302734 -5200.872559
v -4497.973145 -7263.427734 -5235.976562
v -6796.316406 -6243.223633 -5112.499023
v -6646.730957 -5552.084961 -5267.474121
v -1952.261475 -9529.113281 -5369.524902
v -1376.902832 -6901.970703 -5318.401367
v -3877.872314 -8348.044922 -5294.853516
v -5070.268555 -6076.615234 -5469.915527
v -4678.215332 -8012.393555 -5353.535156
v -3980.400391 -9183.302734 -5343.830078
v -7020.613770 -9132.934570 -5353.584473
v -1890.224976 -5402.918457 -5375.591309
v -1177.885010 -7886.961426 -5556.204102
v -3455.237793 -6541.437500 -5538.333984
v -1203.066284 -9127.771484 -5399.905273
v -923.977966 -7574.170410 -5536.113281
v -4788.300293 -9137.077148 -5491.471191
v -4954.227051 -7933.057129 -5602.975586
v -3373.220703 -9177.904297 -5676.325195
v -5541.539551 -9556.400391 -5586.874512
v -3433.751465 -7085.763184 -5670.866699
v -7289.001953 -7994.458008 -5641.668457
v -3380.598633 -8100.519043 -5701.748535
v -3091.272705 -5875.637695 -5733.085938
v -3271.114990 -8040.615234 -5838.760742
v -2993.915039 -9313.853516 -5777.036621
v -2867.142334 -6402.463379 -5838.107422
v -1209.263306 -9374.214844 -5824.154297
v -5985.143066 -5246.348633 -5783.828613
v -7052.863281 -6099.501953 -5888.228027
v -1319.659912 -5478.435547 -6035.620117
v -1001.598267 -6584.125000 -5986.862793
v -5155.546387 -8746.264648 -6010.637695
v -6963.945312 -9232.849609 -5967.682129
v -7260.902832 -7331.361328 -6006.608398
v -5306.928223 -8230.204102 -6046.072266
v -6264.075195 -9617.081055 -5641.162109
v -1238.572998 -6307.531250 -5967.449219
v -5381.615234 -6842.952637 -5978.450684
v -622.075867 -7541.228516 -6005.258789
v -7486.895508 -8104.790527 -6072.107422
v -7111.353516 -6652.521973 -6059.979980
v -5495.444336 -7259.012695 -6173.524902
v -2536.048828 -6249.611816 -6184.612793
v -575.642273 -8785.229492 -6219.876465
v -5281.666504 -9165.880859 -6020.354004
v -7498.209961 -7505.181152 -6359.237793
v -2833.583984 -8836.090820 -6260.814453
v -2421.322021 -8098.362793 -6298.040527
v -2570.099121 -8693.529297 -6366.380371
v -2325.754639 -5842.903809 -6438.769531
v -5830.598145 -5092.469727 -6406.418457
v -7003.069824 -6684.910156 -6539.871582
v -2319.688721 -9267.844727 -6460.207031
v -7126.759766 -5146.465820 -6580.485352
v -1873.330933 -5361.579102 -6547.197266
v -6539.926270 -4864.195312 -6415.985840
v -660.138306 -6857.599121 -6595.025879
v -7530.933594 -8621.538086 -6614.522461
v -559.758667 -8404.012695 -6758.500000
v -1016.557495 -5581.760254 -6747.631348
v -5928.446777 -5953.537598 -6815.938477
v -2027.087769 -6411.885742 -6893.402344
v -1067.017700 -9488.171875 -6778.467773
v -7451.878418 -7482.148438 -6945.389160
v -2035.840942 -7878.790527 -6864.748535
v -653.735535 -8091.748535 -6932.945312
v -7205.566895 -9228.131836 -6915.069824
v -7485.617188 -8507.495117 -6997.422852
v -666.517456 -9170.493164 -6967.869141
v -2168.352051 -9157.467773 -7008.117676
v -592.606323 -7757.377441 -7118.845215
v -7082.982910 -5414.246094 -7074.014160
v -914.423157 -5905.358398 -7088.291504
v -6342.034180 -9548.363281 -6884.959961
v -5782.309082 -8386.190430 -7118.456055
v -5941.964355 -7862.746094 -7232.688477
v -935.056519 -9444.767578 -7184.386719
v -1361.766357 -5188.603516 -7135.690918
v -7129.206543 -5624.504395 -7230.134766
v -5919.751465 -6156.906738 -7265.529297
v -782.706421 -7948.790527 -7316.987305
v -5883.503906 -4863.805176 -7250.916504
v -5849.357910 -6782.108887 -7360.778320
v -1911.991821 -9439.038086 -7291.449219
v -654.724182 -8547.094727 -7348.416992
v -7101.128906 -5791.463379 -7395.862793
v -7263.162109 -6004.328613 -7375.415039
v -7031.030273 -5021.346191 -7416.463379
v -999.237671 -5309.417969 -7424.665527
v -717.360046 -6307.852539 -7518.563965
v -1999.230713 -5733.696777 -7590.457031
v -7041.070801 -9393.069336 -7569.571289
v -5870.800293 -8000.475098 -7661.846680
v -2211.847168 -8916.150391 -7629.851562
v -7339.805176 -9094.162109 -7653.189941
v -1789.814819 -9569.403320 -7697.192871
v -6717.201660 -9588.206055 -7459.864258
v -2080.958740 -8587.271484 -7738.909180
v -6151.642578 -4291.031738 -7630.834961
v -7229.886230 -6029.911621 -7758.114746
v -756.731873 -6422.509766 -7781.723145
v -1993.359863 -5860.374512 -7762.240234
v -2192.569824 -5077.439941 -7887.435547
v -1611.114990 -9646.127930 -7766.150391
v -2014.807129 -4846.133301 -7776.818848
v -5932.653320 -7624.438477 -7810.554199
v -7461.247559 -7950.603516 -7859.252930
v -5909.865723 -4613.378906 -7843.922852
v -735.693481 -7993.142578 -7866.210449
v -743.415344 -8966.762695 -7944.011230
v -7123.033691 -4666.626953 -7804.460938
v -6091.865723 -9421.927734 -8015.712891
v -6968.464355 -4288.769043 -7694.666992
v -2466.096436 -5271.395020 -8152.987305
v -2295.082275 -6320.315430 -8126.854004
v -2364.149170 -8104.996094 -8110.204590
v -6980.197754 -5045.110840 -8239.240234
v -2950.539551 -8702.466797 -8202.387695
v -852.260071 -6165.423828 -8231.031250
v -2633.308838 -6681.126465 -8200.808594
v -5963.115234 -8947.393555 -8266.575195
v -1175.589233 -9342.558594 -8203.773438
v -6895.412598 -9471.597656 -8254.901367
v -2626.670166 -9326.178711 -8368.424805
v -3167.220703 -7995.623535 -8347.153320
v -2914.236572 -9008.661133 -8357.298828
v -6913.780273 -4473.306152 -8472.779297
v -6093.366211 -4188.006836 -8460.584961
v -2022.076416 -4652.725098 -8404.848633
v -6961.070801 -7650.309570 -8389.039062
v -1070.788696 -8737.312500 -8527.625000
v -2126.965576 -9526.261719 -8386.811523
v -2194.202637 -4562.275879 -8505.478516
v -2838.660400 -6907.593750 -8470.465820
v -6149.570312 -5507.994141 -8518.598633
v -3033.121338 -7344.756836 -8520.538086
v -3027.161865 -8509.340820 -8566.314453
v -6367.730957 -4213.893555 -8610.018555
v -6060.000977 -6181.431152 -8525.746094
v -6556.541504 -9496.597656 -8525.370117
v -6711.704590 -4657.351562 -8588.796875
v -1709.030396 -9397.193359 -8612.242188
v -6372.628418 -4393.478027 -8699.993164
v -6426.243652 -5092.818848 -8643.805664
v -973.556824 -7385.667969 -8630.930664
v -6170.605469 -8339.204102 -8557.664062
v -6693.756836 -9109.147461 -8665.474609
v -2539.562988 -4999.463379 -8710.715820
v -2609.802490 -8108.281738 -8729.486328
v -2683.882324 -8725.319336 -8651.316406
v -2365.929443 -9476.385742 -8637.234375
v -6265.806641 -5965.090332 -8694.293945
v -6530.197266 -8649.215820 -8733.861328
v -6216.692383 -9335.748047 -8531.396484
v -6423.472656 -8511.954102 -8684.498047
v -1397.882935 -4881.131836 -8652.554688
v -2233.774170 -7023.880859 -8856.456055
v -1505.681641 -8100.141113 -8840.839844
v -6218.218262 -8703.066406 -8661.786133
v -2056.905518 -8514.764648 -8959.580078
v -2337.355713 -9172.265625 -8882.728516
v -1862.270142 -4662.925781 -9004.238281
v -2081.291992 -5164.851074 -8931.580078
v -1539.772949 -5334.886230 -8885.811523
v -2083.424316 -4524.686523 -8999.787109
v -2046.986572 -9065.390625 -8994.045898
v -1396.742920 -7355.752930 -9017.471680
v -1952.609131 -6578.302246 -7303.624512
v -1494.608276 -5334.315918 -6666.474609
v -6958.992188 -5329.481445 -5936.487793
v -5963.475098 -4591.022461 -7039.133301
v -7037.459961 -8068.980957 -5130.145508
v -2915.639160 -5892.013184 -5777.492188
v -6878.080078 -6865.563965 -5258.555176
v -6640.634277 -9532.621094 -6205.025879
v -6396.924316 -9571.163086 -7563.604492
v -6783.186523 -6520.521973 -8487.634766
v -6673.442871 -9437.549805 -5340.437988
v -1951.930908 -7343.328613 -7677.365234
v -5905.663086 -4427.978027 -8456.378906
v -2526.121338 -4534.132812 -8215.761719
v -1918.332275 -6975.127441 -7457.113770
v -2869.604980 -5535.110352 -4564.032227
v -2134.006104 -5424.469727 -5849.652832
v -7364.827148 -7825.638184 -8071.704102
v -5868.619141 -4404.973145 -8050.248047
v -6712.628418 -7029.239746 -8552.811523
v -6709.813965 -4347.260254 -7487.229980
v -6648.299805 -6308.969238 -8580.786133
v -4022.840088 -5663.831055 -5134.649414
v -5974.759277 -5139.791504 -8231.500000
v -1471.265991 -8788.318359 -8777.018555
v -525.963806 -8606.877930 -6940.459473
v -1030.243286 -9069.583008 -8335.041992
v -6043.864258 -5577.833008 -8389.201172
v -7361.852051 -8901.166992 -6029.876465
v -2420.118652 -8711.508789 -6503.894043
v -7246.156250 -9202.526367 -6551.337402
v -2051.615234 -5334.818848 -6453.336914
v -2869.207031 -8437.451172 -8180.671875
v -7518.202637 -7628.791504 -6297.544922
v -2647.451172 -5672.458008 -6105.374023
v -1296.136841 -9599.644531 -7283.684082
v -7225.563477 -7594.557617 -5594.551758
v -6461.934082 -4254.262695 -8018.218750
v -2438.780518 -7866.354004 -8139.476074
v -7463.403809 -8695.651367 -6756.869629
v -7352.499512 -7769.294922 -5971.964844
v -6321.843750 -4427.549805 -7344.702148
v -6691.637695 -9446.708984 -5679.559082
v -7216.371582 -8612.650391 -5449.408691
v -2354.595947 -8702.780273 -8044.297363
v -2063.242676 -5656.058594 -7745.963867
v -7588.637695 -8150.276367 -6353.653809
v -6509.931152 -5358.092285 -5215.765137
v -7366.397949 -7231.005371 -7482.762207
v -2901.559814 -7876.958984 -8132.665527
v -7122.561523 -4458.310547 -7606.069336
v -6751.161621 -5693.016602 -5351.102539
v -7175.780762 -8916.896484 -5731.498047
v -6152.663086 -5052.234863 -8541.566406
v -639.805420 -8667.901367 -7785.557617
v -6132.508301 -4628.556152 -8676.510742
v -633.375427 -8668.545898 -7315.075684
v -7299.170410 -6640.423340 -6827.325684
v -4186.499023 -5525.950684 -4426.327637
v -1800.378540 -8966.774414 -8846.233398
v -6901.729980 -4575.274414 -6843.256348
v -6953.153320 -7959.869629 -4987.460449
v -7097.085938 -9199.801758 -8253.539062
v -1545.723022 -6428.367188 -5271.393555
v -1750.833130 -5639.538086 -5168.531250
v -1221.475586 -5735.140625 -5949.416504
v -2244.279541 -5589.131348 -6568.527832
v -1659.619995 -9600.878906 -6829.623535
v -3158.210693 -6380.625000 -5757.446289
v -2128.849609 -9439.850586 -8825.794922
v -7180.545410 -6251.292480 -6205.847168
v -7531.048340 -7757.604004 -6589.425781
v -6824.238770 -6405.347656 -5149.703613
v -7039.993652 -5545.024902 -7673.449707
v -6894.525391 -5788.995117 -5566.452148
v -7390.922852 -7649.535156 -6808.997070
v -7280.833984 -8637.624023 -8060.591309
v -1946.760132 -7661.367676 -7315.781250
v -7390.081055 -8736.278320 -7892.830566
v -4663.010742 -8780.654297 -3828.476318
v -5767.097168 -5272.936035 -5815.311035
v -2911.504883 -7480.593262 -6112.176270
v -5747.279297 -5567.491699 -6149.692383
v -5795.281738 -6463.665039 -4189.387695
v -1711.181396 -4910.063965 -7793.951172
v -2489.049316 -7513.543457 -6245.906738
v -2071.063477 -4738.532227 -8202.765625
v -2529.768066 -5432.815918 -6002.741211
v -1916.836670 -7941.195801 -7634.080078
v -2236.365723 -9161.448242 -7710.603027
v -3060.426270 -7864.317871 -8189.632812
v -2724.098389 -7948.918945 -6273.182129
v -7041.190918 -7071.630371 -5484.960938
v -6704.069336 -8836.058594 -8693.675781
v -2077.901367 -5129.774414 -7664.123047
v -7035.166016 -5129.468262 -7995.957520
v -1977.021484 -7926.139160 -7807.655762
v -7087.806641 -6447.821289 -6808.149414
v -2007.251465 -9544.872070 -8313.515625
v -700.179443 -9140.695312 -7405.447754
v -7178.933105 -8727.587891 -8260.073242
v -2621.024902 -6046.772949 -6160.720215
v -6795.891602 -4922.300781 -6186.089844
v -2025.903442 -5390.642090 -7315.305664
v -7017.982422 -4531.215332 -7131.652344
v -2207.870850 -7255.463379 -6348.992188
v -2689.985352 -7494.382324 -6218.432129
v -3524.155273 -5582.205078 -4328.961914
v -6891.071289 -5981.922852 -5617.565430
v -4987.542480 -7525.395020 -3996.041016
v -3934.934814 -5637.848145 -4180.065918
v -4681.057129 -6973.004883 -3752.704590
v -6118.962891 -5365.338379 -5025.185059
v -6131.685547 -6220.229980 -4499.090332
v -5009.415039 -5526.725098 -5216.333008
v -3060.557373 -5522.998535 -4535.399902
v -5726.140625 -5482.763184 -4571.168945
v -5472.537598 -5454.364258 -5541.438965
v -5278.995605 -5739.434570 -4297.318848
v -6001.595215 -6452.564941 -7099.756348
v -5945.301270 -7478.029297 -8008.511230
v -5902.337402 -6915.905273 -7843.060059
v -6031.234375 -7637.842773 -8328.343750
v -5892.345215 -5219.504395 -7100.174805
v -5930.079102 -6933.136719 -8157.984863
v -969.849487 -6294.181641 -6418.173828
v -677.000427 -6710.730469 -6926.403320
v -1065.539429 -8737.564453 -5388.455566
v -650.246826 -8076.107422 -6478.057129
v -533.376160 -7349.022461 -6678.187500
v -777.416260 -8180.273438 -7428.233398
v -949.603271 -9093.551758 -5732.821777
v -680.892395 -8754.814453 -5931.385742
v -835.357422 -7447.913574 -7421.283203
v -795.110718 -7442.668945 -5711.958496
v -569.515930 -8462.017578 -6219.397949
v -1047.610962 -9476.174805 -7606.190918
v -7193.071289 -8411.518555 -8175.513184
v -6047.939941 -4605.791504 -8619.795898
v -2432.237549 -9472.362305 -8488.985352
v -2540.291016 -6622.664551 -8653.781250
v -2596.163574 -6164.290039 -8235.274414
v -2703.954590 -4945.332520 -8294.307617
v -2579.646973 -4789.505859 -8126.404785
v -2343.434082 -5545.809082 -8164.345703
v -3486.760498 -5864.433594 -5403.330566
v -4022.558594 -6804.676758 -5251.132324
v -2977.352783 -5606.079590 -5706.205078
v -3631.163818 -6280.815918 -5324.757812
v -3270.805420 -5937.878418 -5621.081543
v -3470.234619 -5681.120117 -5389.540039
v -2111.601318 -6682.463867 -8950.418945
v -2716.193848 -9365.618164 -4362.105469
v -705.891541 -8562.299805 -7952.674805
v -2091.042236 -8568.648438 -7499.466797
v -1220.495483 -7766.993652 -8905.725586
v -2766.770020 -4759.983398 -8290.597656
v -5841.550781 -9258.163086 -6886.829590
v -3759.509033 -6901.690430 -4006.839600
v -991.237366 -5559.361328 -7942.776367
v -4341.309082 -9072.539062 -5350.839355
v -2318.577148 -9568.342773 -5863.636719
v -4126.201172 -9584.577148 -4386.366211
v -2763.613770 -6937.732910 -4002.552979
v -6571.641113 -9630.090820 -8357.798828
v -6204.750000 -9567.074219 -8044.171387
v -5626.869141 -6867.761230 -6453.835449
v -3115.970459 -7327.230469 -3792.039307
v -2046.227905 -9166.809570 -4527.985840
v -2473.318604 -8855.344727 -4228.506836
v -586.302246 -7409.912598 -8027.173340
v -2596.654053 -6350.678711 -4211.593750
v -1994.084106 -7221.641113 -4547.487793
v -5382.580078 -8388.083008 -6308.212891
v -3687.283691 -8656.696289 -5496.184570
v -4917.234375 -9338.024414 -5369.267578
v -1622.269287 -8542.792969 -4808.638672
v -1424.151367 -7297.296387 -5227.880371
v -1261.342896 -6732.718262 -5579.186035
v -1355.176392 -6438.244629 -5468.345703
v -5637.779297 -5940.074219 -6111.079102
v -1889.388306 -6223.816895 -4751.839844
v -7392.796875 -8939.839844 -7223.413086
v -1100.527832 -5833.639160 -6332.855957
v -2227.000000 -8683.680664 -7010.925781
v -1927.442505 -9624.431641 -5696.026855
v -5095.835449 -7242.055176 -5562.187988
v -5144.176758 -6793.568848 -5651.266113
v -1054.388062 -6306.323730 -6169.661133
v -5687.119629 -8475.547852 -6997.814453
v -1152.408569 -6320.439941 -6046.640137
v -1425.799561 -5978.490723 -5520.133301
v -1025.174194 -5691.382812 -6677.332520
v -2494.862793 -9656.605469 -5536.477539
v -1680.637451 -7994.612305 -5028.138672
v -6894.285645 -6318.333984 -5490.641113
v -5418.617676 -6370.218750 -5911.521484
v -4361.272461 -8404.817383 -5234.878906
v -2657.086182 -9335.334961 -6099.026855
v -6038.189453 -5251.176270 -7338.308105
v -7027.757324 -9157.795898 -5683.261719
v -5875.794922 -5085.087891 -7661.696289
v -3816.146973 -6882.389648 -3933.580811
v -7553.087891 -8629.369141 -6525.083984
v -3529.650391 -6487.072754 -3981.276611
v -3464.185547 -9463.735352 -4332.917969
v -951.997375 -8036.916992 -8340.387695
v -865.214966 -7843.761230 -8392.212891
v -1015.695190 -7661.996582 -8658.458008
v -2063.359863 -6295.552246 -4646.056641
v -4439.088867 -9239.063477 -4028.904541
v -5199.345215 -9618.052734 -4737.924316
v -2678.734863 -4697.316406 -8695.135742
v -1281.812866 -4876.328613 -8465.379883
v -2435.741943 -8387.593750 -8747.712891
v -2223.731934 -6397.221191 -8866.901367
v -6068.851074 -9417.154297 -6979.104004
v -2690.214844 -5303.006348 -8564.411133
v -5889.520508 -8686.788086 -4268.220703
v -1375.909790 -5335.149902 -8732.447266
v -1318.402710 -7045.086914 -9025.855469
v -2757.436035 -4496.333496 -8426.437500
v -6244.325195 -8274.866211 -4333.996582
v -5832.221680 -8535.159180 -7869.450684
v -5789.662598 -8516.236328 -7283.197266
v -6292.638184 -9479.210938 -4947.563965
v -6868.468262 -8978.957031 -4993.480957
v -7066.608398 -8323.344727 -5248.512207
v -5779.938477 -8610.145508 -7516.347656
v -1800.855713 -5665.545898 -8993.305664
v -1746.897827 -6959.401855 -9006.402344
v -7327.258789 -6950.105469 -6750.102539
v -2137.528809 -4860.429688 -8994.550781
v -1847.655884 -8411.325195 -8901.429688
v -2805.048584 -5634.515137 -5787.471191
v -7059.948242 -6708.570801 -6236.341309
v -5865.970215 -8993.104492 -7390.950684
v -2485.873779 -9102.782227 -8064.278809
v -6487.789062 -8971.521484 -4593.988770
v -1238.419189 -6469.556152 -5893.170898
v -5782.249512 -5275.267090 -6158.389648
v -6530.122559 -8416.833008 -8643.442383
v -3966.237793 -7551.382324 -3885.032715
v -2761.717041 -8054.729004 -3809.088379
v -4523.531738 -6713.991699 -5224.367188
v -7474.812988 -8574.281250 -7717.908203
v -7469.162109 -7593.479980 -7656.358887
v -2223.296143 -6630.917969 -6294.305664
v -904.744202 -6746.934570 -8523.188477
v -2208.241211 -9454.107422 -4752.864258
v -806.141785 -6184.161621 -7814.079590
v -7410.782227 -7571.069824 -7401.251953
v -1200.140991 -4960.427246 -7742.313477
v -602.646912 -6984.211426 -8077.135254
v -6969.919922 -5252.535645 -8182.352051
v -5054.134766 -6913.508789 -5477.144531
v -1486.378784 -9149.912109 -5220.683594
v -5918.722168 -6731.867188 -6875.829590
v -510.034790 -8717.811523 -6883.335449
v -7397.596191 -7536.553223 -7215.983887
v -2634.983643 -5418.750977 -8243.893555
v -1043.247192 -5245.505859 -7912.803711
v -7059.227051 -5333.554688 -6237.434570
v -699.788330 -9086.062500 -7225.140137
v -6591.088379 -9270.056641 -4897.215820
v -3682.298828 -7011.000488 -5323.897949
v -5938.881348 -4640.431641 -8065.812500
v -2735.776611 -5584.280273 -5807.278809
v -2701.977783 -6250.367188 -6013.129883
v -2047.996094 -5357.341797 -6789.077637
v -5957.311523 -6038.935547 -8164.479004
v -3125.197021 -5545.056641 -5578.995117
v -2375.479248 -6338.720703 -6268.469238
v -5279.109863 -7048.586426 -5756.142090
v -2196.960693 -9424.650391 -6432.748047
v -5103.241211 -6376.274902 -5499.861816
v -5134.710449 -9219.535156 -4220.935547
v -5405.443848 -5821.021973 -4312.868164
v -2564.102295 -7644.143066 -4148.587402
v -4574.366211 -8643.014648 -5362.668457
v -6778.431641 -5172.152344 -8507.058594
v -6971.329102 -6013.176758 -8301.765625
v -5927.823730 -9114.627930 -7370.252441
v -5484.973633 -7806.670410 -4153.959961
v -4861.326660 -8666.934570 -3914.285889
v -4989.316406 -9132.241211 -4091.034424
v -6809.543457 -9481.373047 -6797.107910
v -7105.988281 -9277.350586 -6751.101074
v -5607.355469 -8775.213867 -6838.311035
v -6183.933105 -5186.416504 -5914.119629
v -3132.201660 -9509.464844 -5464.908691
v -6795.193848 -9372.818359 -8469.031250
v -832.348938 -8208.697266 -5774.184082
v -673.980408 -7797.128418 -5948.997559
v -2898.299805 -9052.333008 -4188.847656
v -5920.509277 -5071.084473 -6146.814453
v -4261.587402 -8550.767578 -3794.081787
v -1324.107178 -7994.773438 -5347.656250
v -742.719910 -8582.216797 -5802.404297
v -5418.042480 -8067.011719 -6174.259277
v -4466.967773 -7440.840820 -3681.473877
v -3042.559082 -8807.696289 -6037.662598
v -3399.813477 -7325.066406 -3851.579346
v -2122.345459 -7857.363770 -8928.436523
v -7315.534668 -9156.776367 -7541.023438
v -1852.654663 -6632.147461 -9004.340820
v -1943.295288 -6633.023438 -7724.987305
v -2036.556396 -5765.719238 -4893.035645
v -605.975037 -7537.651367 -7886.979004
v -820.938416 -8033.384766 -8113.379395
v -1079.257690 -5022.768555 -7789.771484
v -595.011841 -8790.620117 -7446.075684
v -1030.034302 -6573.566406 -8593.250000
v -7122.978516 -5155.611328 -6741.059570
v -1570.975098 -5844.610352 -5322.275391
v -6435.892578 -5733.181641 -8695.430664
v -2376.969727 -7887.409668 -4095.477783
v -1835.843994 -5477.704102 -5225.558105
v -2765.744141 -6485.468750 -8377.128906
v -2814.152100 -7075.281738 -8207.806641
v -2590.510498 -6845.934570 -4293.698730
v -7290.255371 -6495.386230 -7676.162598
v -482.025299 -7083.057129 -7141.047852
v -3429.496338 -9583.065430 -4532.907715
v -5786.261230 -9541.466797 -6013.395020
v -6738.012695 -6853.219727 -5024.238281
v -6453.902344 -6344.821777 -4604.376465
v -6493.448242 -6718.921875 -4573.455078
v -6614.828125 -6746.455566 -4668.384277
v -6171.674805 -7429.894043 -4373.661621
v -1950.198364 -8904.053711 -4486.490234
v -2448.666504 -6140.709961 -4507.039062
v -1986.810425 -9539.734375 -6471.567871
v -6436.886719 -9564.551758 -6632.421387
v -3076.844238 -8456.108398 -6049.868164
v -3231.500244 -8475.900391 -5942.035645
v -3577.159180 -9096.694336 -5556.846191
v -2733.729004 -6145.782227 -4130.208008
v -5701.811035 -8744.427734 -4202.974121
v -5889.103027 -8525.104492 -4259.319336
v -6624.523438 -7948.223633 -4734.902344
v -7334.033691 -9057.519531 -6739.279785
v -5929.445312 -7434.357422 -4320.665039
v -4413.770508 -9537.847656 -4895.589355
v -2854.307861 -8579.088867 -3922.161133
v -7392.929688 -7250.682617 -7898.120117
v -1656.786621 -9459.124023 -5537.874023
v -1985.666992 -4512.447266 -8948.746094
v -1017.436646 -9253.027344 -5832.817871
v -5979.467285 -5388.988281 -8014.841797
v -6862.185059 -9203.898438 -8482.131836
v -5900.435547 -5019.339355 -6325.262695
v -2281.614990 -8713.232422 -7986.915039
v -2104.241211 -7109.104980 -7854.119141
v -1759.816284 -4707.900879 -8962.470703
v -5974.156738 -8756.261719 -8363.308594
v -6278.602539 -6490.692871 -8732.842773
v -6315.505859 -9036.741211 -8690.733398
v -4328.893066 -7895.800781 -5221.445801
v -1481.586304 -5348.273438 -6130.638184
v -2128.960693 -7443.832031 -4423.682129
v -4295.702637 -7257.481934 -5250.937500
v -1677.726074 -6070.503418 -5039.246094
v -4773.947754 -8637.883789 -5585.454102
v -1778.287842 -9532.008789 -7149.720703
v -4592.021973 -6866.349121 -5244.558105
v -2419.571777 -4606.949219 -8908.286133
v -5900.166504 -7792.757324 -6928.093750
v -7463.322754 -8803.210938 -6995.670898
v -2693.951660 -5628.958008 -4489.888184
v -6502.868652 -7072.151855 -4676.176270
v -6452.984375 -4677.369141 -8689.541992
v -5892.099609 -4675.797363 -8349.772461
v -1630.285767 -7746.233887 -8957.343750
v -5987.737793 -4894.741699 -8470.684570
v -1778.434692 -7545.045898 -8994.317383
v -6350.514648 -5788.809082 -4918.427246
v -6593.598145 -5113.510742 -5801.132812
v -6089.522949 -6088.847168 -4511.833984
v -6406.933594 -8131.230469 -8618.337891
v -2112.177734 -6547.170898 -4611.226562
v -6442.704590 -9183.743164 -8716.653320
v -2593.535645 -5554.315430 -4645.432129
v -1538.627563 -4853.454102 -8092.076172
v -2837.796875 -9509.040039 -5592.518066
v -2466.706055 -5068.264648 -8745.904297
v -7209.487305 -9202.780273 -7729.912109
v -7254.425293 -6798.919922 -8019.767090
v -1539.960571 -9549.597656 -8196.064453
v -7393.283203 -9038.849609 -7353.271973
v -5795.201172 -7484.328125 -6666.421875
v -889.930481 -9393.644531 -6834.365234
v -7136.718750 -8781.975586 -5305.583496
v -3118.560059 -7560.141602 -8410.280273
v -2066.572754 -5418.759766 -7608.813477
v -6179.253418 -7521.564941 -8553.482422
v -4644.132324 -5521.718750 -4634.431152
v -6939.958984 -8703.863281 -8448.629883
v -2855.112549 -6447.598145 -3995.426758
v -2645.112061 -6720.310547 -4159.942871
v -2679.385254 -8504.692383 -4114.898926
v -2586.581787 -7101.377441 -4207.560547
v -3261.270752 -6322.934570 -5678.728516
v -6439.378906 -9040.877930 -8764.626953
v -6593.898438 -9675.852539 -8028.420410
v -2091.733398 -4753.898438 -7986.064453
v -575.567139 -6602.018066 -7230.645508
v -7361.434570 -7171.127930 -6510.384766
v -716.082581 -8032.103516 -6325.918945
v -4984.123047 -8994.157227 -5729.756348
v -2978.333252 -5485.017090 -5487.295410
v -2766.662598 -8794.015625 -8111.191895
v -905.235168 -5857.365723 -7835.616699
v -1095.603394 -5169.412109 -7260.083008
v -1044.028076 -5216.256836 -7340.666016
v -5686.072754 -7194.497070 -6545.357422
v -997.941772 -7276.748047 -8732.783203
v -6031.936523 -5124.629395 -8397.715820
v -1215.679321 -6802.582031 -9001.448242
v -2471.358154 -7511.019531 -8115.751953
v -2430.027344 -6585.724121 -6224.349609
v -4711.439453 -7636.041016 -5338.495605
v -2745.778076 -6640.228027 -6018.990723
v -5213.792480 -5538.506348 -5416.370605
v -3074.563477 -9607.897461 -4724.827148
v -2521.983887 -9095.901367 -4238.968750
v -1900.006470 -4998.133789 -7425.499512
v -2043.874756 -5444.241211 -7040.233887
v -4550.267090 -5533.602539 -4809.937500
v -1995.376343 -5280.007812 -7049.289062
v -4275.265137 -5831.559570 -5196.007812
v -1938.518311 -4822.938477 -7787.192871
v -1249.779907 -5989.662598 -5886.495605
v -2078.704346 -9517.856445 -5017.795410
v -1037.746582 -5598.945801 -6572.544434
v -2302.105713 -9672.090820 -5327.456055
v -5051.150391 -5557.333984 -4378.536133
v -6383.602539 -4701.189941 -6780.424805
v -6985.989746 -5120.021484 -6215.479492
v -7183.761719 -8153.816895 -5380.443359
v -6511.828613 -5240.773926 -5440.383789
v -5110.833984 -8080.387695 -5828.014648
v -3815.806152 -9418.600586 -5150.040039
v -4579.005859 -7647.539062 -5238.687012
v -2381.215576 -9422.642578 -8717.435547
v -5479.468262 -5707.439941 -5619.756348
v -7048.927246 -5120.517090 -7644.796387
v -7039.237793 -4876.247559 -7840.635254
v -1117.736206 -7580.485840 -5489.031250
v -981.501770 -6941.514160 -5739.919434
v -2744.721191 -5438.180664 -8355.837891
v -4995.350098 -9606.877930 -4779.052246
v -5532.706055 -9601.023438 -5012.736328
v -4785.191406 -8341.422852 -3846.534180
v -5909.318848 -9231.322266 -4486.186523
v -7063.620605 -6474.815918 -8205.525391
v -6867.289062 -4232.685547 -8418.506836
v -2322.286133 -5296.017578 -8744.583008
v -5898.141602 -4721.523926 -7126.496582
v -1430.470703 -8971.207031 -8697.431641
v -4077.253662 -6442.003906 -3740.525879
v -467.389465 -7554.157227 -6810.245605
v -7476.821777 -7119.541504 -7043.113281
v -2452.002686 -9006.213867 -6424.021484
v -6032.215332 -6179.500000 -7167.395508
v -6026.378906 -5624.560059 -7249.405273
v -3552.985107 -5535.366699 -4516.458008
v -1184.451782 -6724.031738 -5738.868164
v -5163.136719 -8497.833008 -4012.635742
v -2918.206543 -9075.560547 -6104.001465
v -4963.318848 -9446.707031 -5216.843262
v -769.792480 -6210.981445 -8091.467773
v -756.562073 -6915.876465 -7684.726074
v -677.722168 -7123.167969 -7714.113770
v -971.353882 -8697.963867 -8412.509766
v -667.760071 -6528.910645 -7432.983887
v -6013.314941 -6235.594238 -6949.711426
v -6546.020996 -5838.199707 -8678.452148
v -1061.557983 -5200.861816 -8332.880859
v -884.355591 -5832.136719 -8152.022461
v -7076.715820 -5705.584473 -6258.862793
v -3513.355957 -5900.448242 -4137.473145
v -4638.643066 -9513.103516 -5046.108398
v -3702.795654 -9063.462891 -5485.915527
v -3978.512451 -5708.383301 -4079.595947
v -1386.606445 -9247.754883 -8525.901367
v -3122.386719 -8767.457031 -3837.181396
v -3458.959717 -9171.273438 -4017.592285
v -2720.727783 -4929.482422 -8353.187500
v -1494.755615 -8196.280273 -5139.085449
v -7379.420410 -8685.963867 -5912.840332
v -719.959229 -6648.625488 -6659.234863
v -3795.630371 -6693.459473 -3932.496826
v -3960.548096 -9083.461914 -3981.249756
v -2109.623779 -8373.275391 -7310.833984
v -2176.393066 -8684.396484 -7319.374023
v -6197.897949 -8736.583008 -4346.394531
v -4770.141602 -9584.570312 -4456.430176
v -901.403931 -7855.753906 -5626.895020
v -5908.706055 -4838.776855 -7571.629395
v -1926.338379 -6026.268066 -7481.521484
v -7180.806641 -6145.157715 -6955.728027
v -7043.360352 -6441.713379 -6640.377930
v -2271.984131 -8896.644531 -6819.497070
v -6996.918457 -4485.049805 -8321.000000
v -1900.973511 -6553.322754 -7496.411621
v -6483.540039 -4198.476562 -8408.454102
v -2566.149902 -5452.651855 -5618.949707
v -2353.146729 -8307.798828 -6421.186035
v -5833.499512 -6911.087402 -6740.379883
v -6742.865234 -4214.774902 -8498.402344
v -5789.004395 -5581.753418 -6724.189453
v -6881.448730 -4274.297852 -7696.208008
v -5119.772949 -7019.690430 -5594.749512
v -2151.098877 -8131.313477 -6700.253418
v -2349.130127 -8355.110352 -4124.771973
v -6806.785156 -8755.979492 -4827.347168
v -2232.342773 -8015.988281 -8026.220215
v -7160.673828 -9007.722656 -8272.008789
v -6750.996094 -8031.481934 -8508.229492
v -4834.110840 -7051.889160 -3904.662354
v -4929.891602 -8138.065430 -3987.244141
v -5535.058594 -9469.719727 -4482.021973
v -7428.687988 -8026.976074 -6840.739258
v -1859.075195 -9202.189453 -8868.261719
v -3262.683105 -6953.978027 -5810.273438
v -501.910828 -8644.794922 -6792.967285
v -4229.841797 -9221.979492 -4010.147461
v -7040.707031 -5269.169434 -7127.174316
v -2269.832031 -5764.681152 -8135.440430
v -2663.900391 -4438.334473 -8425.247070
v -749.396179 -9049.299805 -6015.098633
v -5793.255859 -5194.322266 -6591.258301
v -7205.112305 -6153.723633 -7846.929688
v -5890.132324 -7738.082031 -7320.161133
v -5895.162598 -7600.989746 -7389.229492
v -558.221680 -7594.120605 -6308.539551
v -5321.216797 -9346.440430 -5818.004395
v -4633.623047 -8276.866211 -5306.863281
v -7545.093750 -8615.041992 -6268.407227
v -2252.208984 -9337.694336 -8883.714844
v -6856.166504 -4753.250488 -8471.714844
v -3771.133057 -9629.674805 -4796.605469
v -7381.513184 -6350.796387 -7121.126465
v -7048.708984 -5304.983887 -7758.926758
v -5895.734863 -9061.217773 -7665.069336
v -3638.508789 -7843.276367 -3921.090088
v -3657.816162 -6064.332031 -5254.555176
v -3621.698242 -5862.347168 -5301.341797
v -650.372986 -6925.489258 -6423.953125
v -1862.503540 -7987.757812 -4510.470703
v -6025.263184 -8145.953613 -8381.311523
v -6006.901367 -7637.705566 -6985.965332
v -3774.140137 -8344.871094 -3948.574219
v -5921.646484 -9626.790039 -5235.730469
v -3072.873291 -7423.889160 -8289.274414
v -1298.876343 -8425.088867 -5185.849121
v -4857.278809 -5931.094727 -4104.745117
v -5494.704590 -7272.855957 -4076.941162
v -5380.337891 -6312.634766 -4081.154541
v -7108.585938 -5004.126953 -7159.891602
v -711.306335 -8319.634766 -7701.978027
v -914.172852 -8336.267578 -8173.013672
v -7303.290039 -8465.921875 -5814.521973
v -2407.014160 -9422.008789 -6137.211914
v -3956.457520 -7843.409180 -3947.389160
v -7094.159180 -6265.245117 -8136.787109
v -739.313538 -8204.000977 -7255.516602
v -2149.690186 -9332.686523 -6691.376953
v -732.809753 -7870.763184 -7559.664062
v -659.100342 -7061.035156 -8242.002930
v -7111.597168 -6904.474121 -6282.830078
v -7163.223633 -6982.513672 -6167.070312
v -4541.772949 -5759.182617 -4016.449707
v -5940.198242 -4248.408203 -8170.615234
v -2068.860596 -7303.233398 -4535.280762
v -5954.722168 -7434.791504 -6818.023438
v -1184.530273 -7159.658691 -9007.546875
v -3272.720947 -7503.774414 -5843.945801
v -4665.113770 -7835.389160 -3742.845703
v -4756.246582 -5645.007812 -5214.794922
v -1386.771606 -4794.817383 -8429.633789
v -4583.088867 -5944.264648 -5164.065918
v -6887.823730 -9544.294922 -7869.632324
v -1153.226318 -4951.054199 -7988.231934
v -6691.711426 -9634.875000 -8226.734375
v -5901.267578 -6641.281250 -7741.334473
v -2226.061035 -8920.884766 -6980.443359
v -1684.318848 -9626.610352 -6458.270996
v -1214.320312 -5395.222168 -6409.348633
v -6338.175293 -6231.574707 -4594.440430
v -2440.196777 -6821.166016 -4332.780273
v -1583.730835 -8811.332031 -8777.418945
v -5049.606445 -8567.014648 -5880.229492
v -4265.509277 -9333.078125 -5204.611328
v -969.932251 -9378.763672 -6347.886230
v -4564.266113 -8392.251953 -3714.241455
v -7083.096680 -4470.944824 -7362.338867
v -2086.910156 -9435.899414 -7901.073730
v -5914.381348 -7160.672363 -7586.903809
v -2143.657959 -9433.552734 -7999.005371
v -5864.084473 -6090.585938 -7693.628418
v -1485.607178 -9621.685547 -7896.783203
v -5922.699707 -7970.783691 -7991.816406
v -7092.466309 -5721.057617 -6497.660645
v -1299.792847 -6918.998535 -5413.844727
v -3310.120361 -6743.010254 -3953.388672
v -987.333069 -6155.234375 -6593.218750
v -1276.526123 -6520.640137 -5778.466309
v -5558.257812 -8934.222656 -6648.330078
v -3974.339355 -6845.145020 -3810.946777
v -5907.472168 -5358.395996 -7782.502441
v -4500.733887 -5800.415039 -5181.618652
v -795.314941 -7462.013672 -8488.432617
v -6911.073730 -8306.230469 -8413.429688
v -7288.076660 -9004.029297 -7876.064941
v -2999.905518 -8265.692383 -6125.357910
v -6989.778809 -9160.833008 -8407.473633
v -6541.649414 -9612.429688 -7615.270996
v -6158.963379 -4317.397461 -8643.145508
v -7117.107910 -9304.874023 -7054.227051
v -6146.654297 -9393.618164 -4695.049805
v -6935.398438 -9469.367188 -7157.185547
v -6008.889160 -5731.789551 -4606.728027
v -6810.722168 -9550.644531 -7473.983887
v -5988.020996 -6696.319824 -7024.981934
v -6082.380859 -8474.007812 -4260.805664
v -5927.186523 -5263.917480 -7486.328613
v -1204.680054 -5246.633301 -6918.284180
v -4026.660400 -8234.209961 -5234.280273
v -1650.149780 -5197.094238 -7146.641113
v -2766.741455 -9665.619141 -5238.512207
v -1187.602905 -5778.452637 -6019.626465
v -581.708801 -7649.229980 -6447.340820
v -6281.232422 -4603.986816 -6941.609863
v -5781.057617 -5351.973633 -6414.479492
v -2600.387451 -5477.158203 -5855.914551
v -2945.213379 -6628.522461 -5863.596680
v -5956.307129 -4426.417480 -7528.562012
v -5515.090820 -8336.503906 -6600.128418
v -6596.278320 -5708.629883 -5150.006836
v -5265.616699 -7756.200195 -5853.120605
v -1714.199951 -9525.883789 -8400.581055
v -970.162109 -6297.885742 -8452.200195
v -1596.709473 -9613.547852 -7284.332520
v -3891.614258 -7998.617188 -5274.785645
v -3040.366455 -8410.229492 -3747.553223
v -4860.869141 -6741.531738 -3937.056152
v -6829.833008 -5543.755371 -8427.891602
v -3379.157471 -9276.958008 -5589.757324
v -7383.681152 -6250.313477 -7351.473145
v -7457.720703 -6799.140137 -7027.340820
v -697.033020 -9167.179688 -6600.203125
v -618.786865 -9021.956055 -6357.432617
v -3671.975342 -9380.031250 -5253.032227
v -2411.784180 -5035.590820 -8109.259277
v -3551.081055 -9030.086914 -3942.888672
v -5027.201172 -5979.609863 -5323.009277
v -4808.228027 -9004.806641 -3987.923828
v -4913.882324 -9321.656250 -4187.981934
v -2752.062256 -6159.229492 -8450.389648
v -2570.293701 -8855.235352 -6360.897461
v -7260.762695 -9143.958008 -6214.868652
v -7008.446289 -9376.361328 -6460.696777
v -1560.415894 -7996.565918 -5157.616211
v -7358.124023 -9019.798828 -7133.737793
v -5242.037598 -8151.834473 -4097.103516
v -4440.481445 -8726.037109 -3777.635010
v -780.534546 -6881.872559 -6151.747559
v -6937.192383 -6732.890137 -5552.548828
v -7147.972168 -6220.552734 -6813.730957
v -2046.549805 -5527.205078 -7046.070312
v -5315.005859 -8526.504883 -4126.804688
v -3150.399170 -8531.912109 -8382.637695
v -3069.542236 -8365.802734 -8553.462891
v -1763.784180 -7347.825195 -4731.690430
v -5511.785156 -5421.237305 -5494.492188
v -6045.203613 -5343.730957 -5486.432617
v -6762.682129 -5517.586914 -8535.284180
v -1710.377563 -8999.231445 -4786.502441
v -6372.686035 -9655.775391 -8207.558594
v -6903.365234 -9414.839844 -6280.575195
v -7321.651855 -6773.179688 -7483.956055
v -6752.081543 -9552.117188 -7088.241211
v -7134.060547 -5033.969727 -6999.612305
v -2218.220215 -7838.706543 -6399.470215
v -1930.955688 -5974.000000 -7291.314941
v -5862.674805 -5830.771973 -7580.817871
v -904.103455 -5826.815918 -7648.820801
v -2761.887939 -4493.259277 -8560.723633
v -2735.470215 -6355.644531 -8320.682617
v -4957.557617 -6659.870117 -3984.238525
v -2353.991943 -6990.039551 -6217.022949
v -2779.980713 -8596.416992 -4050.133545
v -2768.342773 -7806.371094 -8745.743164
v -2797.125488 -7430.220703 -8724.639648
v -7209.710938 -6123.622559 -6701.353027
v -956.378479 -8378.065430 -5540.180176
v -6730.870605 -4651.035645 -6725.200195
v -6822.489746 -5097.800293 -5881.180664
v -1141.924805 -6103.808105 -8625.921875
v -2064.572266 -7343.781738 -8952.146484
v -3757.809814 -6757.425293 -4040.551270
v -1912.871582 -6022.479980 -8972.203125
v -7133.892090 -5734.082031 -7275.468750
v -1094.604370 -7071.323242 -5594.999512
v -6708.716797 -9252.612305 -8600.993164
v -827.994812 -6923.075684 -5978.999023
v -5816.377930 -8843.126953 -7504.975586
v -2048.939453 -9378.248047 -4754.409668
v -3086.501221 -9659.267578 -5172.413574
v -4215.279785 -6774.716797 -3715.737549
v -682.219116 -9213.665039 -6841.203613
v -2000.752686 -7271.161621 -7101.416992
v -7457.807129 -8088.856934 -6941.995605
v -5327.345703 -8038.748047 -4159.536621
v -1768.184082 -9295.382812 -4991.245605
v -5343.723633 -5848.445801 -5599.510742
v -801.020752 -6444.707520 -6867.714844
v -952.570190 -5661.387695 -7581.166992
v -2844.547363 -7447.837402 -3802.378418
v -2999.599365 -6960.428711 -3896.367432
v -7438.637207 -8345.549805 -5968.818359
v -6108.370117 -6531.917480 -8583.004883
v -5593.392090 -6111.553223 -4223.469727
v -2059.071777 -6032.399414 -6824.381836
v -2084.232178 -5885.911133 -6806.789062
v -2118.360107 -7842.326660 -6583.172363
v -1788.136597 -9615.207031 -7938.431152
v -6731.546387 -5375.537598 -5467.600586
v -3262.280762 -8844.320312 -5896.810059
v -1302.117676 -6254.015137 -5816.613281
v -6809.318848 -9368.518555 -5780.789062
v -5833.430176 -9411.466797 -4612.218750
v -2780.084961 -6154.056152 -5890.379395
v -5494.102539 -9583.311523 -4811.698730
v -3005.580566 -5900.015625 -4115.696777
v -6532.628906 -9555.574219 -6410.906738
v -712.431702 -7311.070801 -7656.181152
v -3408.399658 -6217.095215 -5496.521484
v -5711.680664 -9340.465820 -6491.727051
v -5624.465820 -9343.272461 -4399.331055
v -2462.073242 -9226.683594 -6314.444824
v -1671.433716 -8024.204590 -8884.213867
v -2878.839111 -8240.028320 -8187.566895
v -7289.930664 -7089.632812 -6641.638184
v -835.094116 -8917.339844 -5733.718750
v -1763.739746 -8014.295410 -4707.324219
v -2429.156982 -7669.256348 -4135.104980
v -2669.106689 -8239.461914 -4021.739502
v -2583.935059 -8215.009766 -4048.247070
v -2540.385742 -9362.162109 -8582.841797
v -1527.451416 -9083.735352 -8682.372070
v -1571.236084 -7935.849609 -8918.931641
v -900.022827 -5790.430176 -7404.148438
v -6925.068848 -8528.587891 -4949.149902
v -6742.788086 -8584.808594 -4733.632812
v -1321.217529 -5986.543457 -8884.543945
v -1250.129883 -5731.375488 -8730.710938
v -1302.955444 -5265.946777 -8588.521484
v -7030.311523 -5587.194824 -7937.425293
v -2322.772705 -6371.261230 -8760.081055
v -2716.069092 -4866.004883 -8532.487305
v -3519.869873 -8504.572266 -5624.831543
v -1469.149170 -5100.343262 -8716.604492
v -1207.121094 -5162.764160 -8521.872070
v -2737.257324 -8694.416992 -6314.235352
v -2918.166504 -7301.571289 -6075.473633
v -6587.775879 -4441.683594 -8651.661133
v -1510.565674 -9406.926758 -8437.150391
v -5774.279297 -7683.348633 -4268.355469
v -5633.691406 -8265.814453 -4179.598633
v -5696.805176 -7249.017578 -4126.201660
v -1939.752563 -5028.341797 -8972.416992
v -1738.769287 -4982.505371 -8925.270508
v -1431.261963 -6016.058594 -8964.753906
v -3484.436523 -7298.186035 -5482.168945
v -3424.179932 -7605.090820 -5582.809570
v -3122.488770 -7335.584473 -5954.174805
v -7117.976074 -9111.672852 -5902.688965
v -7030.882324 -9163.627930 -5818.623047
v -7062.546387 -9071.997070 -5580.430176
v -7124.338379 -4872.711426 -7091.338867
v -3147.772461 -7796.562012 -5936.859375
v -5315.236328 -6978.465820 -4013.399658
v -584.812500 -7446.149414 -6535.996094
v -5396.702637 -7755.257324 -6003.576172
v -1908.884155 -6154.564453 -7627.828613
v -7186.868652 -5955.905762 -7258.037109
v -1796.981812 -5348.957031 -8968.098633
v -1985.846924 -5589.817383 -7345.770508
v -7242.047852 -8569.659180 -5605.709473
v -7055.386230 -5206.720703 -7053.147461
v -7099.493164 -4747.811523 -7796.899902
v -1892.538086 -9378.666992 -8803.690430
v -516.846191 -7560.682617 -6596.720215
v -6286.742188 -4234.772461 -8191.208008
v -1060.975464 -6678.901367 -5833.647949
v -2795.628906 -4572.844727 -8420.215820
v -645.018921 -7888.434082 -6113.002441
v -7060.806152 -5804.437988 -6287.501953
v -7025.183105 -5990.710938 -6022.965332
v -5698.488281 -5850.084961 -6313.864258
v -7101.402832 -5501.451660 -6436.249023
v -2575.942871 -6334.509766 -8646.462891
v -4007.828613 -6567.017578 -3769.552002
v -2736.971436 -6626.800781 -8515.929688
v -5853.381348 -8773.151367 -8089.817383
v -4991.061523 -6798.775391 -5425.146973
v -809.215820 -9296.513672 -7295.558594
v -4631.486816 -8800.483398 -5431.270508
v -5947.004395 -5049.117676 -7476.421387
v -1411.095093 -4816.281250 -8623.364258
v -6253.514648 -7646.129395 -4360.155273
v -5991.558105 -5792.477051 -7003.957031
v -1455.484497 -9529.934570 -6069.193359
v -5900.965820 -4511.838379 -7926.823242
v -4622.472656 -7309.782227 -5283.097168
v -1349.482056 -9605.086914 -7672.242676
v -1856.949341 -9491.109375 -7010.958496
v -5097.765625 -7629.667969 -5641.032227
v -1605.493530 -9628.462891 -8009.518066
v -2173.792480 -6578.046387 -6408.612305
v -2030.521973 -8143.902832 -7275.041016
v -1885.197876 -7540.185059 -7528.505371
v -2043.700928 -6933.247559 -6801.976074
v -1992.769897 -5669.596680 -7128.798828
v -1914.163086 -6319.842773 -7650.931152
v -2091.244141 -7114.465332 -6603.306152
v -3716.443604 -7689.651367 -3976.507812
v -2004.056030 -6434.286133 -7058.123535
v -933.158997 -6139.355469 -6760.777344
v -3795.599365 -7921.737305 -4015.982422
v -6881.611328 -9254.998047 -5262.294922
v -6966.129395 -4705.753906 -8280.702148
v -1019.206848 -5789.008789 -6799.311523
v -6687.950195 -5103.520020 -8590.228516
v -7041.963867 -4994.822266 -7342.119141
v -7039.173340 -4965.047852 -7760.896484
v -2487.720703 -5754.485840 -6319.631836
v -2863.304443 -5977.260254 -5816.470215
v -2635.496094 -4497.275391 -8771.665039
v -6160.642578 -7857.641602 -4327.759277
v -6518.554199 -6209.150391 -4723.287109
v -6684.046875 -6428.669434 -4786.713379
v -6425.429199 -6892.103027 -4581.494629
v -1307.162476 -6359.513184 -5693.048340
v -1828.847656 -4998.233398 -7405.514648
v -2735.832764 -5672.287598 -8467.827148
v -4994.840332 -7644.721680 -5508.169434
v -5901.455566 -8023.593750 -7766.513672
v -1668.119995 -7028.466309 -5044.430176
v -7386.129883 -7273.234863 -6238.073730
v -5528.545410 -6094.560059 -5944.185547
v -2147.254395 -5385.622070 -6528.064453
v -774.012756 -7340.059082 -7392.262207
v -617.228760 -7558.160645 -7224.032715
v -642.549744 -7315.417969 -7233.320801
v -737.140991 -6910.344727 -7504.940430
v -584.978455 -7050.713867 -7298.445801
v -2236.611328 -5290.625977 -7974.554688
v -2810.730713 -9294.331055 -4286.795898
v -1928.904053 -8012.497070 -8952.034180
v -7041.197266 -6771.324219 -6637.794434
v -766.141602 -6648.946289 -8222.126953
v -5713.619141 -5490.777832 -6032.638184
v -3433.948242 -6118.726074 -4010.302734
v -4292.919922 -9219.445312 -5299.883301
v -4040.042969 -6382.213379 -5280.223145
v -6309.159668 -4996.541504 -6298.118652
v -723.163696 -7412.249023 -8368.662109
v -764.830444 -8834.444336 -8071.880371
v -2012.793091 -5543.208008 -5018.227539
v -1000.415039 -7087.525391 -8735.666016
v -6723.619629 -8029.472168 -4764.293945
v -6885.993164 -7548.093750 -5007.370605
v -2166.870605 -7798.840820 -7978.905762
v -6755.597168 -5976.151367 -8511.538086
v -3855.859131 -5663.270508 -5161.582031
v -7409.466309 -7777.920410 -6986.837891
v -3751.548096 -6021.010254 -3994.657471
v -3104.515381 -6464.183594 -3927.555176
v -1985.695190 -7879.072266 -8965.349609
v -849.193726 -6144.320312 -7734.980469
v -792.792664 -6621.824219 -7640.817383
v -1829.550537 -6042.907227 -4878.063477
v -2265.846436 -8456.876953 -6757.728027
v -7123.111328 -5760.579102 -7635.007324
v -2697.022949 -9531.184570 -4604.691895
v -7430.108398 -6847.346191 -7196.445801
v -5261.524902 -6210.962402 -5701.789062
v -3765.724609 -9651.047852 -4673.376465
v -4503.182617 -9513.624023 -4338.136719
v -4764.322266 -9152.790039 -4056.813232
v -5413.470215 -8599.149414 -4127.476562
v -580.375122 -7373.122559 -7201.766113
v -7439.309082 -8939.945312 -7450.408691
v -7144.660645 -7168.019531 -5650.711914
v -2244.152100 -6665.095215 -4510.300781
v -5641.287109 -7798.219727 -4187.390625
v -697.297302 -9133.722656 -7588.391602
v -5694.534668 -5353.934570 -5897.134277
v -3809.357178 -8609.674805 -5398.323730
v -3688.882568 -7965.117676 -5379.488770
v -6033.436035 -7187.228516 -6944.892090
v -3497.481445 -5509.439941 -5049.334473
v -2369.956787 -6976.575195 -8087.870117
v -2205.157227 -9356.413086 -7952.950195
v -2362.891113 -9098.138672 -7991.792480
v -677.183960 -7836.669922 -7732.924316
v -2313.010986 -5437.877930 -5311.203125
v -7326.946777 -6229.356445 -7583.100586
v -2895.962158 -5568.173828 -4454.455078
v -2177.098389 -9658.191406 -5595.223633
v -2435.788574 -5459.100586 -4979.680176
v -2714.180176 -9667.830078 -5160.893066
v -532.135620 -8591.623047 -6413.892578
v -2173.750488 -9113.300781 -4417.992188
v -1020.801819 -8247.443359 -8330.714844
v -7325.459961 -6842.847656 -7844.008301
v -7312.032715 -6871.076172 -7617.388672
v -7421.664062 -7904.500977 -7313.549805
v -7437.334473 -8967.689453 -6439.719238
v -7224.122559 -7968.104980 -8172.225586
v -7375.921875 -8990.327148 -7740.931641
v -7503.058594 -8829.130859 -6430.707031
v -7226.745117 -8580.727539 -5683.657715
v -6789.990234 -7622.419922 -8524.597656
v -7093.387695 -9083.167969 -5765.263184
v -7460.863281 -8757.782227 -7685.471680
v -6808.331055 -8481.981445 -8510.637695
v -571.809937 -7331.553223 -6361.875000
v -4425.539062 -6585.490234 -5248.218262
v -4003.180420 -9117.959961 -5364.743164
v -4079.841064 -7271.319824 -5248.420410
v -2266.319336 -4586.056641 -8395.332031
v -4568.233887 -9349.100586 -5280.289551
v -2636.472412 -8926.669922 -8667.262695
v -7000.486816 -4375.475586 -8326.610352
v -6889.620117 -4301.724609 -8482.967773
v -6648.223145 -4284.436523 -7766.384766
v -2534.676514 -9293.034180 -8180.400879
v -3928.078857 -9264.446289 -4073.293701
v -2220.029785 -5863.682617 -4748.918457
v -5812.757812 -8404.782227 -7335.424316
v -667.725891 -7964.872070 -7110.406250
v -6174.721191 -5327.058594 -5350.821289
v -6225.046387 -9563.356445 -8220.670898
v -5773.675293 -9495.333984 -6169.380859
v -6753.321289 -9625.869141 -7897.241699
v -6460.848145 -9675.564453 -8111.132812
v -6151.129395 -7921.519531 -8522.981445
v -624.171936 -8345.330078 -7133.717773
v -4769.196777 -7771.974609 -5395.715820
v -6046.967773 -7086.946289 -8422.660156
v -1606.101929 -6351.383789 -5185.975098
v -1099.157349 -7440.115234 -5498.815430
v -1654.746338 -6766.149902 -5102.649414
v -1848.831299 -7387.836914 -9006.413086
v -1711.441284 -7769.925781 -5017.376953
v -5269.593750 -6022.270508 -4141.657227
v -5908.846680 -5534.663574 -6989.936523
v -5376.181641 -6255.665039 -5805.758789
v -2430.312256 -4451.727051 -8512.116211
v -1152.524170 -9000.826172 -5361.495117
v -1583.559448 -5368.767578 -5838.534668
v -5418.946289 -9483.844727 -5624.461914
v -4560.481445 -6225.114258 -3783.536621
v -7235.879883 -7381.860352 -5830.698730
v -2138.738037 -8957.343750 -8977.699219
v -5620.103027 -8108.544922 -6740.181641
v -3268.053711 -7839.102051 -5827.777832
v -897.772217 -9332.398438 -6206.701660
v -884.161072 -9326.777344 -6413.367188
v -2305.041992 -8066.656250 -8791.925781
v -2403.193848 -7198.546875 -8761.550781
v -1748.835083 -8259.159180 -4583.114746
v -1696.976929 -8215.393555 -4736.209473
v -4758.891602 -5510.238281 -5031.670410
v -3984.529541 -8143.865234 -3938.211182
v -3020.948975 -7399.818848 -8568.958984
v -2610.897949 -6989.038574 -8686.363281
v -3456.276611 -9460.340820 -5268.481934
v -2635.012939 -4896.989258 -8200.631836
v -7112.706543 -7360.840820 -5479.602539
v -2743.008057 -9035.797852 -4166.633789
v -2844.975830 -8990.379883 -8202.307617
v -882.581360 -8252.783203 -8011.622070
v -898.212158 -8136.750000 -8110.158203
v -4788.717773 -7037.127441 -3848.584961
v -6839.980957 -6640.350586 -5268.520020
v -941.351746 -8923.798828 -5621.859375
v -5188.666992 -5774.323242 -5479.266113
v -2387.098877 -5921.102051 -4604.744141
v -2505.466797 -6511.314453 -4374.123535
v -1376.577515 -8546.094727 -8756.091797
v -1369.655518 -8210.510742 -8730.706055
v -2339.101074 -8865.530273 -8875.407227
v -2813.611572 -8688.302734 -8631.914062
v -3950.501221 -5860.023438 -5207.457031
v -6486.114258 -5964.951660 -4882.594727
v -3666.647461 -6969.750977 -4041.557129
v -7143.217773 -6360.571289 -6037.840332
v -6968.955566 -5572.840332 -8189.553711
v -6284.367188 -4842.546387 -6569.612305
v -2179.021729 -9110.559570 -7121.903809
v -5622.672852 -5553.744141 -4488.539062
v -5157.897461 -7786.887207 -4052.378174
v -5102.496582 -8825.437500 -4023.932617
v -5418.522461 -9022.808594 -4194.725586
v -5391.360352 -9045.481445 -6315.565430
v -5125.822754 -9239.858398 -5709.917480
v -2253.781738 -7559.812500 -6283.510742
v -7086.457520 -7855.277344 -5362.699707
v -3126.041992 -8154.244629 -8293.730469
v -3148.242920 -8423.543945 -8326.116211
v -6504.356934 -8431.339844 -4608.470215
v -5963.920898 -6803.640625 -7099.972168
v -5841.206055 -6540.931641 -7322.976074
v -1701.745972 -5009.711914 -7506.042969
v -800.684753 -9292.310547 -7022.229004
v -3270.520996 -9333.905273 -4267.796875
v -7041.875488 -7637.505859 -5213.056152
v -5028.636230 -9579.649414 -4915.868164
v -3533.230957 -6390.301758 -3974.995605
v -3408.455322 -6476.546875 -3941.278320
v -2028.305786 -5356.474121 -6658.829102
v -2366.008057 -5391.478516 -6052.278320
v -1635.990723 -8905.642578 -4893.601562
v -5032.863281 -9542.382812 -4453.391113
v -5854.566895 -5404.082031 -5126.527344
v -2029.793823 -5262.877441 -7351.361816
v -4628.304688 -9074.326172 -3953.407959
v -4313.546875 -5745.959961 -4010.843262
v -2238.903320 -6328.972168 -6329.312500
v -2672.777832 -7813.954590 -3973.725830
v -3617.197021 -5634.837891 -5245.215332
v -4096.951172 -8914.881836 -3913.366455
v -1380.811646 -4966.082031 -7720.238770
v -2261.749268 -9144.632812 -6697.910156
v -5349.867188 -7364.443848 -5807.788574
v -6633.274902 -7022.974609 -4810.529297
v -1597.318604 -8335.029297 -5025.846680
v -5355.557129 -6641.041016 -5873.403809
v -6675.602051 -7212.074219 -4899.750000
v -4133.542480 -7850.513184 -5212.439453
v -6405.952637 -5421.808105 -8660.678711
v -2686.032227 -8442.879883 -8132.653809
v -1375.977539 -5569.387207 -8828.570312
v -4871.375977 -7519.388184 -5415.690918
v -6457.101074 -7249.720215 -8659.133789
v -1791.277588 -7218.136230 -4699.690430
v -6749.746582 -4494.557617 -8597.478516
v -871.802368 -5951.816895 -7235.994141
v -7144.784180 -9262.485352 -7938.936523
v -6792.671387 -9125.281250 -8591.208008
v -5989.188965 -4321.111328 -7803.404785
v -1804.686279 -8746.069336 -4564.626465
v -7100.314453 -5419.631348 -6622.077637
v -1873.465820 -7727.270508 -4627.519043
v -2054.620605 -8250.058594 -7897.990723
v -1121.482178 -7050.216797 -8972.235352
v -1664.883545 -4673.838867 -8861.369141
v -5728.698730 -5387.052246 -5487.107422
v -5435.622070 -8675.967773 -6506.622559
v -2134.990723 -8347.365234 -4240.908691
v -1681.865112 -6797.755859 -4988.294922
v -6222.647461 -5809.131836 -4770.994141
v -2404.905029 -9288.252930 -4433.241699
v -2245.927979 -5872.713867 -8840.302734
v -5416.202637 -9453.800781 -4403.777832
v -2648.436035 -5464.696289 -5385.851562
v -7560.668945 -7787.306152 -6389.071777
v -7521.428223 -7968.285156 -6668.787598
v -3342.174561 -5582.458496 -4281.967773
v -4642.371094 -8976.090820 -5444.216797
v -4740.185547 -5757.141113 -5216.829590
v -3056.367920 -7580.631836 -8201.271484
v -879.342285 -7987.773438 -5754.180664
v -5562.245605 -8243.929688 -6707.333008
v -2703.315186 -6987.758789 -6141.770508
v -2459.007080 -6455.056152 -6221.326172
v -2433.736328 -5885.306641 -8691.446289
v -3888.022705 -8891.065430 -3940.843994
v -3561.520752 -8822.890625 -3861.844238
v -3788.397949 -7682.322266 -3987.914307
v -929.516907 -8038.281250 -5728.200684
v -1157.865479 -7695.841309 -5507.155273
v -5052.125977 -9359.214844 -5435.066406
v -5616.831543 -9620.060547 -5380.705078
v -1040.202515 -8276.429688 -5496.502930
v -1354.913940 -7898.372559 -5318.521973
v -1436.532959 -7747.212891 -5232.567383
v -576.325989 -8889.185547 -6434.553223
v -564.525269 -7967.212402 -6817.152344
v -2294.246094 -8568.076172 -6758.384277
v -697.700989 -6735.140137 -7865.416504
v -2139.816650 -5333.132812 -7790.156250
v -6192.608887 -9527.007812 -6721.319824
v -6595.374512 -9593.759766 -7094.152832
v -2206.250000 -6205.875000 -8056.048828
v -5588.545410 -6116.736816 -6131.864258
v -839.371765 -7876.940918 -5696.219238
v -3230.957764 -9550.674805 -4560.410156
v -1502.329712 -5525.520996 -5672.830078
v -2728.902832 -6735.338867 -8291.250000
v -2312.456543 -6196.879395 -8780.917969
v -2577.230957 -7934.620117 -4049.377930
v -5910.731445 -7645.558594 -7608.427246
v -6171.466797 -4947.831543 -8610.755859
v -5769.718750 -6032.473145 -6638.508789
v -5822.580566 -5831.940918 -6773.178711
v -2074.528320 -9290.761719 -7122.006348
v -7380.819336 -7256.782715 -6693.277344
v -4546.959961 -9420.782227 -4236.315918
v -1519.090332 -8960.671875 -5098.431152
v -1631.649658 -9193.697266 -5126.173340
v -7355.706543 -7346.604980 -6117.296875
v -7461.893066 -7835.911621 -6080.977051
v -2811.237061 -9136.738281 -6165.081543
v -3011.035400 -9105.850586 -5945.577148
v -1168.180908 -6422.664551 -8822.083008
v -1731.497803 -6346.606934 -8998.875977
v -1507.128418 -6010.715332 -8981.651367
v -2123.604004 -5930.610352 -7959.270020
v -1978.912476 -6286.311523 -7756.661133
v -1121.348145 -5306.875977 -6869.889648
v -1277.965942 -5324.886719 -6549.185059
v -2146.227783 -9344.253906 -7788.334961
v -3016.937500 -8948.033203 -4000.212646
v -642.085510 -8503.287109 -7642.109863
v -7292.034180 -8125.212891 -5717.224121
v -7283.816406 -7709.685059 -5859.929199
v -2098.062012 -9209.991211 -8979.913086
v -2645.807617 -5142.126953 -8214.668945
v -7062.534668 -8442.146484 -8273.191406
v -857.367432 -8672.823242 -5624.060059
v -710.462952 -7912.159668 -7224.704102
v -4755.082520 -6540.775391 -3840.384521
v -5799.747070 -8760.412109 -7384.693848
v -7082.573242 -6854.082031 -6186.865723
v -7165.222168 -7088.472656 -6002.390625
v -2502.402344 -6040.625977 -4478.999023
v -5618.225586 -7043.571777 -4082.666260
v -7564.154785 -7929.533691 -6294.767090
v -7464.260742 -7271.975586 -6825.938477
v -2761.652344 -5447.836914 -8434.697266
v -672.565308 -7697.935059 -8062.235352
v -3046.534912 -7818.297852 -8597.845703
v -4985.667969 -5766.303223 -5321.150879
v -7156.995117 -7323.907227 -8203.185547
v -4397.292969 -8923.722656 -3858.425293
v -5960.469727 -7769.425781 -7117.387695
v -5886.354980 -8086.330566 -7168.532227
v -5272.114258 -7843.117676 -4099.892578
v -7406.328125 -7434.267090 -6706.750000
v -6735.805176 -5846.434082 -5192.924316
v -5896.972656 -6292.431152 -7797.424805
v -2369.014160 -5451.803711 -5661.560547
v -2570.475342 -5241.095215 -8663.517578
v -1865.470703 -9648.382812 -6012.432617
v -2792.093018 -6785.248047 -8447.222656
v -5994.973145 -6900.767578 -7018.346191
v -2976.138916 -8921.324219 -8312.750000
v -5988.511230 -5994.541992 -7226.725586
v -2873.662842 -8141.508789 -3728.192383
v -2903.520508 -7697.925293 -8130.448730
v -2134.305908 -5471.444336 -6741.797363
v -5838.255371 -8111.799316 -7083.226074
v -5892.203125 -6115.338379 -4353.796387
v -5962.506348 -8517.187500 -8367.315430
v -2230.493164 -9051.348633 -7473.706055
v -5651.219238 -5647.905273 -5907.297852
v -4105.300781 -9341.801758 -5184.957520
v -994.464722 -6893.575684 -8619.975586
v -7295.439453 -6819.191895 -7949.512207
v -7320.490723 -7156.522461 -8031.995117
v -1455.326660 -5412.271973 -5979.666504
v -5638.116211 -9191.598633 -6607.906250
v -2599.148438 -7004.496094 -6184.049805
v -2493.550537 -7063.311523 -6211.854004
v -2347.988037 -7468.374023 -6220.861816
v -6023.589844 -9263.532227 -7647.824219
v -1798.908813 -9420.340820 -5270.219727
v -6667.323730 -9316.972656 -5036.377441
v -3545.479248 -6615.247559 -5428.348145
v -6897.738281 -9034.443359 -8492.422852
v -1670.381592 -9176.082031 -8708.236328
v -5880.410645 -4549.958496 -8180.192383
v -5933.595215 -4501.098633 -7495.372070
v -4736.412598 -8083.341309 -3782.659912
v -1925.115845 -6302.970215 -7354.295410
v -4797.698242 -7814.325195 -3864.543701
v -1931.633301 -6123.665039 -7392.432129
v -2322.281982 -8429.053711 -8032.878906
v -5350.796875 -5535.450195 -4428.351562
v -594.329529 -7137.562012 -7924.584473
v -6147.792480 -6316.421875 -4479.252930
v -7247.954102 -7475.624023 -5879.207520
v -5081.300781 -9458.839844 -4356.955566
v -6985.356445 -4279.412109 -8106.827148
v -2027.772339 -9343.666016 -7029.877930
v -1917.788940 -7313.156738 -7562.040039
v -2214.143555 -9567.156250 -4998.221191
v -6355.597168 -7762.958008 -8612.716797
v -2742.450195 -8330.258789 -8692.464844
v -1258.368286 -7568.023438 -5364.738770
v -1823.944336 -5339.780273 -6860.669434
v -1721.261963 -7419.013184 -4924.095215
v -4791.113281 -8950.849609 -5555.895996
v -2533.415771 -8261.709961 -8142.496582
v -4159.685547 -9438.278320 -5056.578613
v -3745.068604 -6883.846680 -5302.038086
v -6929.661621 -4860.979492 -6486.872559
v -4111.674805 -6199.623047 -5259.446777
v -6033.138184 -7198.105957 -7044.106445
v -2621.640625 -8804.092773 -8066.507324
v -603.537964 -6525.396484 -7295.373047
v -838.681274 -9058.490234 -5822.073242
v -3245.043701 -9655.518555 -4949.044434
v -7419.959473 -8980.470703 -6329.647461
v -556.047791 -7882.605469 -6672.809570
v -4600.086426 -8162.053223 -3710.210693
v -5206.258301 -5628.752441 -5456.911621
v -5703.615234 -5424.740723 -4678.337891
v -2612.109619 -8454.647461 -8666.733398
v -5614.890137 -5386.476074 -5639.922852
v -2605.794434 -6910.625000 -8136.564941
v -2891.458740 -5953.176270 -4132.067383
v -3637.731934 -8971.867188 -5547.942871
v -868.498535 -6364.113770 -6583.143066
v -5869.253418 -8952.827148 -4325.084961
v -6475.426758 -9514.475586 -5291.336914
v -667.226562 -6903.077637 -6741.817383
v -5220.191895 -9254.234375 -4260.802246
v -2820.230713 -7815.767090 -3755.776123
v -612.182373 -9004.029297 -7055.422363
v -6564.981934 -7833.584473 -4684.473145
v -5094.462891 -6480.251953 -3996.151367
v -2996.065918 -8594.652344 -3812.179688
v -5411.016113 -6594.445801 -4051.947510
v -6356.729980 -9168.218750 -4584.570312
v -4917.755859 -6208.187500 -3981.215088
v -3701.450439 -5754.206055 -4148.058594
v -5676.350586 -5418.429688 -4923.493164
v -3896.862793 -9474.010742 -4272.337891
v -919.863831 -6202.330566 -8340.795898
v -1952.149658 -4819.610840 -9026.453125
v -5473.038086 -7685.363281 -6173.154297
v -2314.006836 -4523.008789 -8961.463867
v -5091.566895 -9444.013672 -5306.108398
v -3837.567383 -6052.381836 -5232.973145
v -2270.882812 -8915.859375 -7875.979004
v -3088.266113 -8205.291992 -6030.064941
v -5977.770508 -9639.263672 -5572.981934
v -3098.685303 -6841.870605 -5892.954590
v -6643.854004 -5832.322266 -5080.033691
v -4090.723145 -8946.554688 -5345.988281
v -5532.513672 -8110.954590 -6431.219727
v -7293.269531 -7633.823730 -8131.842773
v -2727.760986 -5961.036133 -8308.588867
v -1862.797363 -8674.055664 -8908.535156
v -7316.130371 -8839.079102 -7938.997559
v -6897.568848 -6503.641113 -5447.269531
v -7034.428711 -6732.992188 -5790.211914
v -6358.001465 -7819.127441 -4436.819824
v -5917.198242 -9082.060547 -8010.078613
v -6660.412598 -9543.626953 -8422.773438
v -5839.021973 -5146.939941 -6097.171387
v -4905.613770 -6102.734863 -4024.307373
v -6840.967285 -8830.583984 -8589.526367
v -5888.176270 -6396.712891 -6788.688477
v -7143.474121 -5724.075684 -6736.658203
v -6883.019531 -6546.448242 -8408.362305
v -6876.876465 -9385.292969 -6083.452637
v -840.353882 -9143.734375 -7959.671387
v -2792.870605 -8107.368164 -8162.830566
v -2419.575928 -4800.019043 -8077.136719
v -5768.702637 -9101.847656 -6974.570312
v -2840.991943 -5486.624023 -5040.812012
v -2772.325439 -8851.616211 -4160.662598
v -7354.205078 -6609.350586 -6901.994629
v -2186.690430 -4863.096191 -7933.848145
v -2028.347900 -8077.951660 -4287.820312
v -2582.156982 -7651.922363 -8769.840820
v -941.343201 -6483.432617 -6307.035645
v -4469.052246 -9617.967773 -4565.066406
v -3082.938721 -7520.908691 -8519.832031
v -737.472717 -8218.348633 -7574.957031
v -1023.937927 -9308.559570 -8030.993164
v -1515.171143 -9627.511719 -7257.969727
v -2209.563232 -5894.395996 -6562.702637
v -1373.857178 -9610.129883 -7033.231445
v -2174.090820 -5590.180176 -6701.069336
v -5870.402832 -5384.312012 -5437.455078
v -5044.435059 -5610.992676 -4319.096680
v -3537.189941 -5571.291992 -5194.226074
v -2658.453125 -5811.189941 -6130.066895
v -6226.700195 -6713.749023 -4459.343262
v -4671.910645 -8318.504883 -5423.589844
v -611.358765 -6672.428223 -7060.653320
v -2092.167969 -7412.213867 -6581.289062
v -7129.197266 -4783.095215 -7532.879883
v -6481.905762 -8023.144043 -4572.457031
v -6882.897461 -4971.326172 -8448.075195
v -6066.293457 -6260.827148 -7078.276367
v -4557.063965 -5645.584961 -5165.081055
v -1602.637085 -9613.986328 -6408.376953
v -5057.747070 -5812.553223 -5366.493164
v -2528.505371 -5704.534180 -8217.072266
v -5780.084473 -6563.186523 -6699.338867
v -5267.280762 -5455.937988 -5253.807617
v -2516.795410 -8481.250000 -4105.215332
v -4725.022461 -5928.237305 -5193.798340
v -2371.711182 -9099.659180 -4329.789551
v -1052.667480 -5952.125000 -6450.924316
v -2147.179688 -8675.035156 -7865.131836
v -5532.668945 -5778.929688 -5762.844727
v -1685.407227 -4699.337891 -8577.976562
v -5764.319336 -6722.273438 -4116.878418
v -6265.803711 -4659.016113 -8716.744141
v -653.722229 -8837.060547 -7806.321289
v -6362.335449 -5131.317871 -8633.719727
v -2941.923096 -5543.106934 -5623.419922
v -6730.183105 -6667.188965 -4898.201172
v -6467.624023 -8539.804688 -4522.550293
v -2237.522217 -9032.140625 -7627.115723
v -948.985657 -9436.423828 -7483.152832
v -750.392944 -7637.439453 -7509.229004
v -3833.804199 -7272.378906 -5279.315918
v -1204.164307 -6600.469727 -8953.156250
v -3960.583740 -7611.153320 -5232.060547
v -2508.254639 -5542.070312 -6298.287109
v -7168.109863 -5761.056641 -6882.545410
v -7410.946289 -8348.427734 -7307.573730
v -3101.359863 -9294.798828 -4317.443848
v -3086.711914 -9161.678711 -4193.200684
v -5580.480469 -6624.417480 -6310.477539
v -2852.663818 -8797.774414 -4074.734863
v -5865.034180 -6868.378418 -7263.847168
v -3687.179443 -6481.514648 -3956.002930
v -2986.446289 -8889.495117 -8399.205078
v -1020.933655 -5568.867188 -8348.800781
v -2691.236572 -7422.135742 -3895.931641
v -6350.992676 -7069.690430 -4514.092285
v -2654.295410 -5471.759277 -5724.416016
v -789.409424 -7132.185547 -8480.009766
v -712.867371 -6926.561035 -8303.666992
v -1976.852661 -8210.194336 -7448.947754
v -5940.944336 -7488.961914 -7204.572754
v -2585.079590 -5451.969238 -5187.393555
v -1259.767700 -5589.817871 -8643.349609
v -5304.524902 -5719.398926 -5533.224121
v -4976.294922 -5498.512207 -5124.462402
v -5645.135742 -5421.605957 -5832.869141
v -5402.405762 -7295.797363 -4073.814453
v -5459.499512 -5498.955078 -5600.408691
v -1368.963257 -6656.535156 -5391.017090
v -7089.004883 -4654.805176 -7089.044922
v -3259.678711 -7047.979492 -3883.698242
v -6746.547852 -9416.320312 -5484.657227
v -4865.055176 -9227.117188 -5475.204102
v -1572.208496 -7591.394531 -5147.150879
v -1661.210449 -9092.293945 -4937.231445
v -6988.603516 -4934.494141 -8160.754395
v -1055.849731 -9508.242188 -7072.601562
v -6009.770020 -5499.234375 -4716.292969
v -3794.093506 -8114.430664 -5330.119629
v -5890.398438 -5803.354492 -4484.879395
v -3851.834717 -7841.520020 -5277.452148
v -1167.764526 -5709.006836 -8492.529297
v -2844.248779 -7021.058594 -6056.457520
v -5326.709961 -7177.764648 -4027.100830
v -970.054382 -5706.120605 -7819.688477
v -4214.726562 -7697.922852 -3813.152344
v -6539.926758 -9542.454102 -5831.124512
v -2192.947266 -9492.592773 -8726.726562
v -6870.442383 -6126.353516 -5502.868652
v -5435.485352 -7431.419434 -5985.274902
v -2539.548340 -7124.867676 -4229.967773
v -2444.378174 -9329.379883 -6236.958984
v -7391.697266 -8522.807617 -7959.866211
v -2611.425049 -5905.361328 -4387.120605
v -6060.685059 -6760.746582 -4387.799805
v -5158.202148 -5480.593750 -4547.934082
v -2285.926514 -9224.633789 -7924.562988
v -1774.079224 -7787.705078 -4802.272949
v -6045.915039 -6035.244141 -7023.593750
v -6931.230957 -5414.185547 -8224.442383
v -1561.417480 -8878.598633 -5038.275879
v -971.255615 -9166.235352 -8157.106934
v -1528.311157 -8594.541016 -5045.954590
v -1763.636963 -9601.797852 -6568.243652
v -6003.490723 -9220.500000 -7526.300293
v -1808.685059 -9562.014648 -6742.960938
v -4412.640625 -6960.567383 -3656.970703
v -4382.858887 -6684.219727 -3667.072021
v -2056.886475 -5433.733398 -5152.878906
v -7397.705566 -8945.992188 -6734.977051
v -7388.934570 -9007.240234 -6990.739746
v -2436.952393 -5337.552734 -8716.985352
v -2214.891357 -7489.160645 -4302.104492
v -2456.923828 -9177.099609 -8801.203125
v -2064.048584 -7308.288574 -7819.762695
v -1969.816040 -7092.103027 -7691.381836
v -2812.221436 -9025.466797 -6221.825195
v -2450.298828 -9688.027344 -5393.788086
v -6031.343262 -5913.187012 -7140.536133
v -2198.922119 -6232.474609 -6417.032715
v -2013.839844 -7491.863770 -4558.822266
v -1210.304199 -5851.770996 -8624.999023
v -2229.716064 -5475.306152 -6538.552734
v -2719.211426 -9634.152344 -5411.386230
v -7188.148926 -6038.580078 -7021.693848
v -2970.065674 -9462.100586 -5589.769043
v -7201.897461 -6088.333008 -6539.251953
v -7183.568848 -6308.961914 -6423.488770
v -7083.957031 -5903.693848 -6259.897949
v -1917.883789 -9517.182617 -8541.406250
v -7172.676270 -6077.311035 -6313.090332
v -2512.416260 -5429.989258 -5865.612305
v -1086.305908 -9419.483398 -7879.185547
v -2212.956787 -8566.867188 -8912.816406
v -2879.818115 -7790.478027 -8711.053711
v -2207.599854 -8777.728516 -7141.266602
v -1901.949463 -6374.617188 -7497.343750
v -6261.011719 -6468.722168 -4490.738281
v -1719.372314 -5366.262695 -5966.190918
v -7147.786621 -9312.896484 -7405.933594
v -852.166992 -8132.022949 -5813.857910
v -4642.110840 -6159.376465 -5208.116699
v -4300.655273 -5966.289551 -5220.425293
v -4150.909180 -5938.590332 -5189.408691
v -3909.246338 -6198.801758 -5279.638672
v -614.165527 -8076.887207 -6737.583008
v -5911.833008 -6015.388184 -7931.206055
v -3053.459473 -7652.833496 -3746.300049
v -7083.062988 -6799.170410 -6673.931152
v -6680.416016 -8164.735840 -8542.670898
v -7106.110840 -8685.268555 -8331.530273
v -650.228149 -8939.282227 -7235.875977
v -7475.108398 -8259.081055 -7569.002930
v -775.747009 -6796.489258 -7544.181152
v -7291.842285 -9126.589844 -7126.909180
v -3883.921387 -8567.805664 -3926.226074
v -2651.046387 -4756.685547 -8157.466309
v -861.326355 -9323.977539 -6571.251953
v -2851.055908 -9502.292969 -4529.655273
v -3059.423584 -9475.809570 -4495.766113
v -2314.177734 -6671.842773 -6231.130371
v -1142.453979 -6226.178711 -8690.700195
v -2263.706299 -5423.684082 -6414.329102
v -2559.736084 -9201.918945 -4272.938477
v -851.783752 -6271.541504 -6941.963867
v -2120.658936 -8132.914062 -8947.417969
v -3726.778809 -7330.734375 -3977.079834
v -2352.600586 -6281.949219 -4498.100098
v -6872.831543 -5313.192871 -5727.652344
v -6853.763184 -5009.152344 -6088.172363
v -4247.424805 -5527.165039 -4824.657227
v -7015.815918 -8724.902344 -5138.600098
v -4147.789551 -5589.700684 -5063.580078
v -3716.891602 -5588.630859 -5127.407715
v -723.272949 -7207.538086 -5983.749512
v -5456.592773 -8013.441895 -4154.860840
v -6316.194336 -6870.766113 -8710.161133
v -2217.646973 -6242.347656 -4625.144043
v -1672.281616 -4825.959961 -8118.964844
v -2342.373047 -6089.343750 -4584.860840
v -5013.843262 -8025.149414 -4007.372559
v -1433.334717 -7998.366211 -8881.577148
v -1251.637329 -7983.877441 -8795.066406
v -3228.588379 -9651.578125 -4837.806641
v -2361.439941 -9467.286133 -8283.310547
v -5929.351562 -4961.805664 -7958.749023
v -2072.215332 -8038.846680 -6870.555176
v -2040.126099 -5893.371582 -8942.378906
v -2233.337158 -6871.944336 -4470.153320
v -1924.164673 -6606.604004 -4650.138672
v -2063.769287 -6849.422852 -4562.168945
v -2205.763184 -6869.062012 -4532.365234
v -6803.902832 -4401.779785 -7274.132812
v -1264.850952 -5257.023438 -8549.639648
v -6324.236816 -9525.739258 -7395.363770
v -6173.440918 -9403.853516 -7517.387207
v -7479.830078 -8678.856445 -7473.443359
v -7029.854004 -9001.282227 -8421.700195
v -1041.488525 -5122.481934 -7757.092285
v -6015.425293 -9246.100586 -7293.370605
v -4297.735352 -8725.384766 -5302.382324
v -4180.024414 -6241.365234 -3742.655273
v -4443.295410 -5918.153320 -3867.875732
v -6223.892090 -5685.768555 -8600.371094
v -6990.826660 -7100.942871 -5346.885254
v -744.566589 -6685.724609 -7553.295410
v -2966.043945 -6680.000488 -3998.583740
v -1022.650085 -8913.543945 -8416.475586
v -868.723206 -8994.628906 -8174.557617
v -2227.132324 -9362.928711 -4597.535645
v -7487.077148 -8469.072266 -6904.087891
v -2784.698242 -4627.160645 -8555.805664
v -6832.080566 -7960.392578 -4852.366699
v -3122.022217 -7727.940918 -8225.796875
v -3795.153809 -9632.976562 -4545.212402
v -4953.773926 -7112.713867 -5404.822754
v -2353.473633 -9232.955078 -8023.809082
v -2365.969238 -7534.624023 -8101.322754
v -4787.455566 -8814.354492 -3912.191162
v -6141.293945 -4393.917969 -8689.227539
v -7432.089844 -6505.140625 -7147.900391
v -6374.549316 -5209.091309 -5679.414062
v -2121.659668 -6125.481445 -7942.925781
v -2296.502441 -6653.889160 -8082.912109
v -3327.823486 -6829.638672 -3949.961914
v -761.278503 -6260.628906 -7929.936035
v -989.074280 -5430.229492 -8121.223633
v -1937.464355 -7625.741699 -7689.341797
v -4991.088867 -8347.533203 -5777.376953
v -2837.176514 -7901.420898 -6200.667969
v -2733.385742 -6413.483398 -5983.710938
v -2866.042969 -8372.823242 -3822.718262
v -1103.036499 -8017.425293 -8553.338867
v -2008.259277 -8562.272461 -4339.082031
v -7099.896484 -9011.250977 -5514.016113
v -6308.777832 -9303.000977 -4687.824219
v -7569.510254 -7947.625977 -6522.975098
v -5952.577148 -4926.744629 -8097.235352
v -6591.525391 -4939.078613 -8631.847656
v -2505.519775 -9080.304688 -6346.975586
v -2211.564697 -9644.132812 -5290.305664
v -612.534973 -8933.310547 -7449.531738
v -2377.682129 -6849.460449 -8749.271484
v -2285.459229 -7276.389160 -8802.280273
v -5661.820801 -5994.310059 -6264.170410
v -7312.022461 -6858.677246 -7510.499512
v -2741.587158 -6744.118652 -8536.095703
v -7217.282227 -6146.748047 -7040.583008
v -7124.437988 -5761.131348 -7751.324219
v -5608.809570 -9220.730469 -4303.593262
v -5110.107910 -9060.594727 -4106.569336
v -1556.811157 -9256.079102 -8597.174805
v -4709.736328 -7405.709473 -3742.367432
v -6292.359375 -9601.916992 -7876.528320
v -687.269531 -6833.689941 -7437.741211
v -5711.555176 -8616.022461 -7092.609375
v -6630.319336 -4955.925781 -6163.297363
v -6646.053223 -7506.435059 -8597.908203
v -2452.040283 -8780.201172 -8787.400391
v -2929.327637 -8933.348633 -6157.170410
v -2961.851074 -8632.677734 -6174.475586
v -5466.826660 -9548.358398 -4568.904785
v -7286.468262 -6563.504883 -7848.661621
v -6301.110352 -8569.720703 -4363.315430
v -4993.314941 -8503.671875 -3942.216309
v -819.267151 -7361.634766 -7385.107910
v -5939.527344 -6464.906250 -8200.616211
v -5855.059570 -8603.211914 -8097.971191
v -4500.311035 -5628.553223 -4215.590332
v -4584.308594 -5550.952637 -4372.795898
v -7550.077637 -8244.733398 -6641.994629
v -7383.313477 -7610.242676 -8032.744629
v -7016.096191 -5904.659180 -8216.500000
v -2282.989990 -7690.138184 -8809.886719
v -1525.442139 -6156.538574 -5343.459473
v -1503.425171 -5871.028320 -5464.823242
v -4680.266113 -6389.828125 -5233.973633
v -4887.092285 -6347.541016 -5326.777344
v -6485.566895 -5053.784668 -6058.929199
v -621.119995 -8313.275391 -6131.492676
v -621.653503 -8249.005859 -6408.340820
v -671.392456 -8243.214844 -6065.242676
v -737.540405 -8025.928223 -6025.169434
v -3438.478271 -6358.531738 -3947.851074
v -2107.420654 -9325.635742 -8929.201172
v -5842.085449 -5224.770020 -6912.338867
v -3501.431396 -6675.863281 -5480.857422
v -6741.239258 -8838.965820 -4773.611328
v -807.210999 -7332.738770 -7551.184082
v -971.470154 -9363.752930 -6109.999023
v -7025.117188 -6483.497070 -6686.116699
v -2258.500488 -9524.277344 -8497.150391
v -1070.103394 -8146.542480 -8419.193359
v -5595.379883 -7597.894531 -6426.971191
v -5657.052734 -7816.762207 -6645.130371
v -2108.573242 -5732.613281 -6845.090820
v -5848.435547 -6061.430176 -7464.150391
v -5884.386230 -5325.171387 -7595.435059
v -5830.089844 -8114.418945 -7456.970215
v -2307.441650 -5277.276855 -8061.139648
v -5997.443359 -4214.771484 -8196.524414
v -6492.501465 -4204.965820 -8546.154297
v -692.424988 -9158.200195 -6435.960449
v -740.284668 -7603.719238 -5730.964355
v -6361.491699 -6649.580078 -8722.825195
v -5783.590332 -8350.730469 -7452.738281
v -658.099121 -6682.642578 -8068.788574
v -4447.459961 -8165.278320 -5233.960449
v -5956.846680 -8322.746094 -4264.700684
v -2408.208984 -7508.288086 -6226.372070
v -1503.555420 -4737.906738 -8635.071289
v -1952.361938 -4908.196777 -7643.549805
v -5934.014160 -9166.272461 -7901.055176
v -2049.673096 -5221.463867 -7520.962891
v -2121.917236 -7725.937012 -4288.264160
v -1020.945129 -7692.297852 -5512.303711
v -7567.883789 -8300.160156 -6258.076660
v -2183.003418 -4770.935059 -7981.094727
v -6406.577637 -8269.564453 -8629.653320
v -3328.153320 -8791.672852 -3820.201172
v -6827.759277 -6338.522461 -5311.138184
v -531.816223 -8785.853516 -6592.958984
v -6488.106934 -4290.996582 -7805.997070
v -6547.764160 -4418.771484 -7341.297852
v -2645.817139 -9292.738281 -8305.691406
v -7306.159668 -8810.783203 -5852.421387
v -4841.625488 -7967.494629 -3935.210938
v -6545.323242 -7995.374512 -8590.398438
v -7446.027344 -8026.256348 -6775.852051
v -1455.036011 -5588.736328 -8909.061523
v -5143.500977 -6100.422363 -5553.193848
v -5043.840820 -6252.622559 -5434.137207
v -2880.732666 -6610.116211 -4009.670654
v -2762.894043 -8073.486328 -8712.541016
v -2646.362061 -6884.725098 -4138.551758
v -1971.252808 -8197.270508 -7745.218750
v -2601.396484 -6195.499512 -4252.447754
v -2019.610352 -8263.722656 -7848.280273
v -1910.747925 -4558.924316 -8976.973633
v -2640.095459 -4570.671387 -8212.000000
v -2775.466553 -4584.955566 -8325.441406
v -667.619263 -7893.248535 -6398.019531
v -2424.981934 -6125.841797 -8185.228027
v -7232.685059 -6993.060059 -6383.151855
v -3822.356201 -8931.868164 -5442.394043
v -5726.671875 -6207.910156 -6581.758301
v -3152.392822 -7730.897461 -8388.339844
v -5921.878418 -7860.859375 -7773.804688
v -2118.314941 -5050.486816 -8935.157227
v -5024.634277 -9583.092773 -4539.873535
v -5866.901855 -6518.484863 -7626.283691
v -5994.070312 -5076.285156 -6092.293945
v -1767.769775 -6919.924316 -4712.774414
v -2710.401123 -5632.923828 -8550.205078
v -2712.975586 -6117.833496 -8545.657227
v -2477.137939 -6152.044434 -8695.723633
v -1016.212463 -5306.423340 -8276.392578
v -7179.503418 -6945.286621 -8141.852051
v -6087.525879 -8561.313477 -8505.195312
v -1843.838013 -9234.535156 -4791.210938
v -4803.774902 -7461.216797 -3843.869629
v -2008.961182 -7545.846191 -4541.108398
v -5631.541992 -9511.718750 -4636.569336
v -4344.116699 -9173.156250 -5332.961426
v -6486.331543 -6456.630859 -4592.799805
v -5253.590820 -6313.377441 -4056.266113
v -2296.356934 -4686.739258 -8087.601074
v -1836.038330 -5007.975586 -8956.222656
v -5658.184082 -6401.001953 -4116.528809
v -5926.827637 -4957.596191 -7424.647949
v -5993.226074 -7475.698730 -8224.651367
v -742.175232 -8117.509766 -7597.440918
v -5217.394531 -6803.489746 -5737.185547
v -6908.121094 -7194.736816 -8420.249023
v -3963.435547 -8757.965820 -3917.684326
v -6924.673340 -4672.842285 -6680.039551
v -7395.355957 -7226.578613 -6410.815918
v -4487.237305 -9566.879883 -4417.074219
v -1185.934814 -8035.899414 -5507.617676
v -6104.417969 -7562.717773 -4338.535645
v -7418.390625 -6569.865234 -7326.897461
v -7461.721191 -7297.988281 -7089.386719
v -5344.472168 -7651.429199 -5878.971680
v -6415.793457 -9383.384766 -8637.914062
v -5970.030273 -5376.708496 -4966.200684
v -4161.266113 -8334.579102 -3836.930908
v -3642.015137 -6366.120605 -3969.769287
v -3640.683350 -5928.867188 -4106.419434
v -5316.487793 -6802.755859 -5803.750488
v -5454.762207 -7094.613281 -6108.041992
v -6081.361816 -4825.626465 -8589.516602
v -2925.660400 -8780.521484 -8541.078125
v -3895.571777 -9573.115234 -4876.381836
v -2281.633789 -9449.437500 -8774.032227
v -1249.785522 -8909.590820 -8625.202148
v -3075.288574 -6565.485840 -5832.056152
v -4552.164551 -8636.494141 -3760.108887
v -606.377136 -8225.277344 -6668.271973
v -549.696960 -8928.311523 -6841.236328
v -7090.477051 -5162.170410 -6467.047852
v -1127.690430 -8252.542969 -8480.333984
v -1665.645386 -8246.444336 -8850.621094
v -1756.363281 -8123.920898 -8867.554688
v -6833.449219 -5664.559570 -5508.618652
v -1514.955078 -8306.264648 -8813.107422
v -6860.772949 -5934.416992 -5470.220703
v -2654.129150 -8704.641602 -4178.874512
v -2021.298096 -6452.010742 -8970.505859
v -6622.051758 -6150.041992 -4850.386230
v -6910.458984 -8824.014648 -5005.964355
v -7321.384766 -6194.182129 -7154.960938
v -7056.439941 -5615.728027 -7748.121582
v -6519.789062 -9049.327148 -4667.478516
v -3557.071533 -8580.094727 -3821.809326
v -2530.442627 -6423.910156 -8166.405762
v -678.483459 -8845.530273 -5985.104980
v -2695.276123 -9407.375977 -5956.444824
v -4219.577148 -8094.758301 -3828.551025
v -996.976440 -7862.896484 -8508.730469
v -972.225647 -7634.613281 -8577.353516
v -6409.234375 -9564.341797 -6790.689941
v -622.380798 -9038.735352 -6525.387207
v -1112.696045 -6686.835449 -8834.179688
v -462.889160 -7361.217285 -6964.658203
v -474.449188 -7031.967285 -7092.385254
v -2579.933594 -8323.146484 -6328.702148
v -6773.908691 -8691.295898 -8618.467773
v -5952.095215 -4189.560547 -8373.014648
v -2139.068359 -8156.511230 -4220.300293
v -2666.694824 -7207.056641 -3980.761230
v -573.337891 -8816.788086 -7068.689453
v -619.058533 -7118.108887 -6696.503906
v -2041.154541 -7684.259766 -7858.008301
v -7015.524414 -6631.085938 -6468.688477
v -3645.764648 -6479.507812 -5351.751465
v -6222.098633 -9065.912109 -4475.693359
v -615.767334 -9127.597656 -6728.296875
v -3280.663330 -8986.764648 -5842.209473
v -2104.519775 -5821.055664 -7919.612793
v -5627.123047 -8576.839844 -6895.934082
v -577.943054 -7219.230957 -8056.035645
v -7480.709473 -8791.128906 -6217.882812
v -4275.506836 -9612.458008 -4463.278809
v -4863.866699 -6926.800293 -5371.222168
v -4474.823730 -7238.984863 -3665.907959
v -5872.175293 -4847.913574 -6811.372070
v -1038.208496 -7186.053223 -5584.241699
v -952.630432 -7414.427246 -5534.846680
v -5287.538086 -9274.464844 -5895.622070
v -5900.171387 -8106.801270 -7915.127930
v -5932.108398 -8252.981445 -8183.743164
v -4867.051758 -9449.564453 -4283.122070
v -719.494141 -6234.512695 -7457.601074
v -5080.275391 -6713.051758 -5530.836426
v -7405.066406 -9028.634766 -7529.406250
v -7027.738281 -6424.056152 -5752.290527
v -7092.457520 -5637.298828 -6650.181152
v -1573.950806 -6932.232910 -9029.074219
v -6934.783691 -5953.064941 -5839.536133
v -2373.926758 -9212.236328 -6431.124023
v -5880.639648 -9488.817383 -4762.629395
v -1850.562378 -5777.151367 -4998.456055
v -2616.390869 -5686.102051 -4502.889648
v -5261.327637 -9536.375000 -4458.735840
v -1631.090454 -9368.939453 -5365.742676
v -6023.246582 -6502.038086 -8445.784180
v -7013.638184 -8971.138672 -5181.144531
v -870.737488 -5828.217285 -7932.316406
v -5886.655762 -5235.126953 -5802.047363
v -4725.238770 -5736.815430 -4126.806152
v -6284.645508 -9419.067383 -4818.554688
v -5343.659668 -5602.515625 -4380.772949
v -5537.325195 -5424.010254 -5401.092773
v -2802.599365 -9171.729492 -4207.740723
v -2943.366943 -6476.019531 -3963.791260
v -2547.383057 -9291.160156 -4349.667969
v -2563.389893 -6405.121582 -4315.860840
v -1201.869873 -6087.557617 -8769.451172
v -1519.772461 -6595.267090 -5249.428711
v -2743.658203 -5642.248047 -5880.996094
v -3428.647705 -6854.738770 -5655.508301
v -2324.767334 -5721.764160 -6468.020996
v -7584.690918 -8257.154297 -6526.113281
v -7253.586426 -8729.078125 -5766.611328
v -1967.179321 -5148.686523 -8969.723633
v -788.987732 -8159.481934 -7866.708008
v -5055.689453 -7129.956543 -3968.309570
v -7574.028809 -8556.601562 -6399.940918
v -762.960815 -8289.681641 -7830.196289
v -2513.189941 -8296.200195 -4062.952637
v -1301.043335 -9439.235352 -8131.525391
v -3527.208008 -6232.317871 -5384.477051
v -7109.633789 -6059.951172 -6064.687988
v -1572.088623 -6163.775879 -5259.869141
v -2614.498291 -5567.214355 -6058.857422
v -1858.787720 -9561.025391 -7793.905273
v -1468.574829 -9643.853516 -7641.891113
v -5862.300293 -9098.051758 -4390.020996
v -5478.833496 -6026.375977 -4224.435059
v -5945.723145 -7833.156250 -7081.760254
v -6985.820801 -4358.571289 -7424.328125
v -3485.782959 -5721.573730 -4188.933594
v -5919.124023 -4901.443848 -7516.243164
v -733.119263 -6739.778809 -6397.036133
v -6978.312500 -9337.014648 -6180.530273
v -1654.892944 -9279.108398 -5202.100586
v -6685.422852 -4445.768066 -7257.514648
v -1162.944946 -5540.829590 -8478.547852
v -7191.101074 -7080.041504 -6083.043945
v -6090.048340 -6350.652832 -8564.999023
v -3426.180420 -7959.525391 -5585.346191
v -3378.646484 -7704.226074 -5682.268555
v -3153.734131 -5890.962402 -4081.087402
v -1118.800903 -7483.116699 -8879.068359
v -1208.073975 -7362.432129 -8993.489258
v -918.419495 -6695.084473 -6021.195801
v -2357.154541 -7456.781250 -4196.822266
v -1944.036499 -7691.163574 -4508.826660
v -2188.957764 -6737.762207 -4579.156738
v -2119.451904 -7032.908691 -4538.573730
v -2048.924561 -9502.254883 -8030.113770
v -4336.229004 -9585.854492 -4768.115234
v -2474.206787 -9000.225586 -8048.366699
v -2344.048828 -8962.246094 -7977.802246
v -2485.427002 -9392.820312 -8251.937500
v -6099.851562 -9630.540039 -5417.858398
v -1202.392700 -5035.061035 -7500.442871
v -5924.916016 -7415.914062 -7609.857422
v -4622.572754 -8048.903809 -5251.165527
v -4515.920410 -7770.894043 -5211.523438
v -4410.651367 -9354.106445 -4122.355469
v -596.688293 -8470.104492 -7144.323730
v -695.766602 -8387.811523 -7306.863281
v -2384.643799 -5534.110840 -8718.567383
v -859.676025 -6006.084961 -7675.153809
v -7144.198242 -7811.479492 -8232.801758
v -5930.871094 -4578.660645 -7193.565918
v -5957.389160 -4693.445312 -6819.627930
v -3384.210205 -9302.260742 -4156.611816
v -2592.884766 -5669.226074 -8639.175781
v -5968.073242 -5569.528809 -8129.268555
v -7440.729980 -7399.000000 -7683.113770
v -7388.062500 -7191.178711 -7738.084961
v -5390.554688 -7034.831543 -4046.110840
v -4239.468262 -5531.353516 -4972.257324
v -942.611206 -8726.953125 -5541.303223
v -2296.646484 -4907.385254 -8900.129883
v -6075.312012 -7814.122559 -8429.430664
v -7415.790527 -6603.318359 -7007.375977
v -1373.839600 -6698.866211 -9024.007812
v -6813.041016 -4216.450195 -8275.732422
v -2160.339355 -7443.114258 -6425.530273
v -2688.192871 -8276.244141 -8147.362793
v -2496.857422 -9418.787109 -8555.788086
v -5222.690918 -9612.703125 -4628.501953
v -4320.553223 -6518.064453 -3666.119873
v -2420.535889 -4544.014160 -8241.550781
v -6529.702637 -8290.349609 -8614.874023
v -3348.608154 -5856.330078 -4113.483398
v -2835.169678 -6932.326660 -8393.295898
v -6160.895020 -5797.758301 -8558.867188
v -6114.842285 -7229.978516 -8536.485352
v -5024.379395 -9121.190430 -5697.132812
v -5202.283691 -6334.813965 -5679.163574
v -6798.943848 -4741.887695 -6504.681641
v -5223.730957 -9006.229492 -4171.567871
v -1115.192017 -5807.872559 -6267.421875
v -1133.263062 -6049.558594 -6186.967285
v -2937.622803 -9351.501953 -5777.026855
v -2206.191162 -8541.183594 -7066.633789
v -7226.782715 -8906.717773 -8184.645020
v -7190.084473 -9059.849609 -8176.244141
v -2431.609619 -7004.264648 -8110.311523
v -2645.265869 -7662.722656 -8127.751465
v -727.309570 -7714.879883 -8221.696289
v -4449.832520 -6050.342773 -3806.732178
v -6022.128906 -5246.772461 -7394.947266
v -5694.125977 -5776.076660 -6069.770508
v -6882.573242 -9165.098633 -5129.984863
v -4843.957520 -8880.909180 -5628.884277
v -4967.417480 -8829.568359 -5746.794922
v -5598.092285 -9285.619141 -6399.886719
v -7418.241699 -8812.171875 -7253.215820
v -5970.615234 -7164.278809 -6835.212891
v -7285.268555 -6341.221680 -7665.745117
v -2029.911377 -5987.138184 -7846.650391
v -1516.296631 -8774.411133 -5060.970215
v -6384.563477 -5690.651855 -4962.493164
v -2611.137695 -7631.466797 -4113.412109
v -4646.798828 -9437.978516 -5186.060059
v -3044.485596 -9623.618164 -5302.459961
v -6221.559570 -9478.959961 -7558.372070
v -5256.229980 -8763.722656 -4119.253906
v -7048.788086 -8197.906250 -5217.771973
v -6278.180176 -4265.437500 -7900.542969
v -7253.582520 -9117.325195 -7804.104004
v -2759.360840 -8440.404297 -6295.671387
v -1083.226929 -5074.881348 -7967.767090
v -1741.020630 -7960.288574 -4873.064941
v -2030.807617 -9614.316406 -6100.194824
v -2233.656738 -9536.307617 -6076.346680
v -2458.551270 -9439.063477 -6050.104980
v -6289.480469 -4490.382324 -8741.201172
v -6679.260742 -5610.693848 -8607.752930
v -2678.345703 -9023.185547 -8103.965820
v -6063.474121 -4254.133301 -7777.949707
v -7017.650391 -4317.325684 -7619.585449
v -1014.145142 -5507.123535 -7756.973633
v -2382.928223 -7248.570801 -8083.943848
v -1965.280884 -4768.759277 -8180.465332
v -797.617065 -8044.559570 -7439.072266
v -1976.566772 -9489.000000 -7795.354492
v -3720.771729 -6196.389648 -3950.252197
v -1509.380371 -8614.432617 -8821.652344
v -4068.191895 -7277.659668 -3796.349365
v -7242.827148 -6437.116699 -7922.592773
v -7106.934082 -4827.211426 -6958.484375
v -6192.510742 -7075.528320 -4417.876953
v -5968.034668 -9581.394531 -6005.647949
v -1710.322144 -7523.367188 -8984.958008
v -7432.073242 -7832.464844 -7410.889648
v -1868.227783 -5368.884766 -6735.434570
v -2055.364746 -5364.891602 -6860.610352
v -2712.959717 -5687.823730 -8308.058594
v -2008.480347 -6188.827148 -7037.271484
v -1530.205078 -5243.097656 -7048.158691
v -598.224365 -7769.155273 -6425.734863
v -2721.470703 -4522.989258 -8315.483398
v -497.290863 -6908.894531 -7179.062012
v -7093.343750 -6610.777832 -6271.450195
v -6937.361816 -9400.693359 -6665.979004
v -6775.504395 -9490.358398 -6599.291504
v -5923.011230 -4841.368652 -8246.330078
v -5688.207031 -6439.006348 -6524.495605
v -933.664795 -5891.850586 -8267.041992
v -2080.806641 -8764.660156 -8982.184570
v -4873.271484 -8393.381836 -3917.117432
v -4693.880371 -8505.479492 -5486.393066
v -676.711670 -6958.758789 -6267.814941
v -4928.385254 -7023.012207 -3973.194092
v -991.400635 -5957.405762 -6763.137695
v -963.683350 -5651.769043 -7164.014160
v -5260.249512 -8487.220703 -4090.702148
v -6894.659180 -7876.269531 -8437.870117
v -4111.694336 -9130.005859 -3969.346924
v -6153.520020 -9599.585938 -5991.845215
v -6283.618652 -9552.927734 -6618.351562
v -920.193298 -7344.435547 -8577.244141
v -5907.869629 -4453.998535 -7743.831055
v -2226.379639 -8907.216797 -7771.434570
v -7244.038086 -8157.121094 -5482.111328
v -2342.141846 -5913.681152 -8738.500977
v -5777.886230 -5438.936523 -6439.735840
v -6432.637207 -7161.738281 -4594.793945
v -6304.279785 -7225.245117 -4464.863281
v -559.323730 -8361.972656 -6554.236328
v -7251.985840 -7040.886719 -6278.123047
v -3599.730957 -9193.328125 -5480.812988
v -6556.973633 -8093.727051 -4661.326172
v -6595.637207 -8342.769531 -4667.199707
v -5820.125977 -7364.160645 -4255.875977
v -6261.400879 -6281.491211 -8724.715820
v -2020.869629 -5357.701172 -7140.196777
v -6829.551270 -9558.425781 -8177.992188
v -7035.573730 -9400.434570 -7894.010742
v -618.876831 -7386.184082 -6075.213379
v -6286.435547 -4296.484375 -7716.924316
v -1178.903564 -7584.549316 -5466.855469
v -2655.504883 -5125.297852 -8621.010742
v -1371.174316 -7475.131348 -5255.868652
v -3621.914062 -7278.433594 -3960.721680
v -7363.837891 -9070.128906 -6548.348145
v -7026.624023 -4492.630859 -8201.351562
v -2722.485596 -6313.101562 -8513.998047
v -6315.003418 -8878.679688 -8714.467773
v -2067.673828 -4554.034668 -8659.211914
v -2945.233154 -7150.220703 -8428.451172
v -487.392395 -7483.824707 -7020.054199
v -6242.616699 -9474.127930 -7390.227539
v -2003.532715 -9469.186523 -8742.640625
v -2546.575928 -5487.610352 -4822.096680
v -6988.758789 -8544.363281 -8371.280273
v -6936.586914 -9231.255859 -5408.771973
v -1163.085693 -8865.473633 -5279.743652
v -1986.754395 -7732.162109 -7101.853027
v -2126.767334 -9638.411133 -5517.978027
v -7020.304688 -7872.937988 -5115.255371
v -2151.602295 -6062.182129 -4708.340332
v -1662.021484 -6478.246094 -5018.996094
v -7333.348145 -7114.811035 -6697.934570
v -7054.441406 -5453.362305 -6859.111816
v -7408.803711 -7277.908691 -6556.376465
v -1029.879639 -5497.770020 -7862.978516
v -6978.606934 -5430.143066 -8095.790039
v -5931.729004 -7156.893555 -7191.796387
v -5898.548828 -7210.429688 -7303.732910
v -3176.835449 -8248.861328 -3709.443848
v -794.479919 -6900.163574 -7556.659668
v -931.362244 -9298.176758 -5993.148438
v -2796.657715 -7293.885254 -6149.632812
v -2441.950684 -8546.542969 -8085.362793
v -2593.204102 -7251.242188 -8740.333984
v -2429.304688 -7020.234863 -8746.163086
v -5996.708984 -5012.465332 -8398.958984
v -3762.464111 -9138.643555 -5432.082031
v -4235.335938 -8493.695312 -5245.713379
v -4243.491211 -9121.426758 -5330.449707
v -4193.154297 -8974.122070 -5334.242676
v -2012.346191 -9192.083984 -8970.462891
v -1963.137817 -6908.685547 -8991.887695
v -3728.420166 -6818.019043 -4062.625488
v -5899.201660 -6549.229004 -7995.668457
v -7320.877930 -7415.366211 -8091.440918
v -3872.203369 -7897.795898 -4007.104492
v -3555.935791 -9274.168945 -5438.073242
v -873.897156 -7722.767578 -5595.869629
v -1823.995605 -5415.626465 -5345.287598
v -1658.749146 -5400.207031 -5553.084473
v -6002.234863 -5543.765625 -7154.515137
v -5867.442383 -5066.811035 -7074.687500
v -5751.018066 -5565.905273 -6587.475098
v -6013.442871 -6123.755371 -6906.180664
v -2109.148926 -7110.979004 -8947.594727
v -6048.612305 -5853.041504 -8433.877930
v -7335.407715 -6161.122070 -7514.648438
v -3088.269775 -8723.637695 -8346.948242
v -2807.121338 -6967.047363 -8273.350586
v -784.946655 -6252.862305 -7138.714844
v -3541.089111 -5643.272949 -4242.598633
v -3822.209229 -5828.471191 -4051.451416
v -4826.793457 -5514.159668 -4944.654785
v -2189.173096 -9468.449219 -8166.104980
v -2650.094727 -7935.356445 -4003.133301
v -2745.559326 -8222.177734 -3920.016113
v -857.242371 -8146.302734 -7978.888672
v -4307.845703 -6223.783203 -5252.108887
v -1289.698242 -9080.164062 -8578.095703
v -4303.561035 -6847.370605 -5260.190918
v -7449.794922 -7476.680664 -7779.375000
v -762.497925 -7546.551758 -7316.474121
v -6683.774414 -7059.161621 -4901.637695
v -7038.739258 -7312.784180 -5402.988770
v -2953.593506 -7606.562500 -8662.304688
v -745.883423 -8647.801758 -8063.832031
v -5654.142578 -9583.872070 -4950.485840
v -6162.725586 -9503.171875 -8157.038086
v -6133.828125 -9580.068359 -5219.104004
v -594.563843 -7357.417480 -7883.448730
v -6123.854980 -9475.044922 -4812.714355
v -739.016418 -8132.288574 -7714.623535
v -5854.338867 -8875.865234 -7981.083984
v -5873.484863 -7820.421387 -7397.741211
v -1905.279541 -6743.609375 -7622.941895
v -2430.575195 -8466.137695 -6407.197754
v -2498.636475 -8807.464844 -6408.219238
v -4989.669434 -5583.839355 -5294.154297
v -6174.398926 -5121.686523 -6068.058594
v -7302.727051 -8211.211914 -5814.061523
v -6943.367676 -6249.997070 -5589.098145
v -6304.555176 -4282.082520 -8672.542969
v -1960.151489 -9500.139648 -5157.776855
v -2549.361084 -9617.896484 -4933.773926
v -3096.190430 -7903.233398 -3725.455322
v -578.171570 -7735.621582 -6261.309570
v -2625.468994 -6507.265625 -8221.773438
v -7002.421875 -4768.982910 -6689.265625
v -2503.983887 -6811.693359 -8703.000977
v -7115.505859 -8961.312500 -5620.005371
v -2957.472900 -9232.605469 -5909.966309
v -4863.561035 -8175.393555 -5580.073242
v -4523.994141 -5525.992188 -4413.735840
v -5680.557129 -7410.676758 -6544.707031
v -3189.742188 -5530.899902 -4825.215820
v -5308.217773 -7555.026855 -4072.945068
v -3534.903809 -7429.387207 -5447.586426
v -5995.498535 -9422.085938 -6801.201172
v -2553.645996 -7305.479492 -6228.811523
v -1720.020508 -8741.154297 -4670.899414
v -1963.657959 -7289.872559 -7312.209473
v -1353.248779 -5572.026367 -5841.263672
v -5468.833496 -5477.685547 -4513.798828
v -7473.323730 -8785.992188 -6877.224121
v -6215.790039 -5402.515137 -4973.270508
v -1217.947021 -6795.936035 -5634.097168
v -5983.920898 -6730.560059 -4340.299316
v -4948.509277 -6447.990723 -3961.454590
v -7112.934082 -5838.878906 -7429.469727
v -1823.248047 -9575.178711 -8327.671875
v -2432.454102 -9251.122070 -8093.390137
v -878.750977 -8772.667969 -8281.623047
v -2718.658447 -4923.473145 -8438.218750
v -5205.066406 -7460.757812 -5695.804199
v -6089.955078 -9475.790039 -6801.163574
v -1602.401855 -4892.263672 -8854.255859
v -1378.039429 -4977.835449 -8646.928711
v -7410.625488 -7645.241699 -7004.439941
v -1352.095459 -8135.314941 -8740.343750
v -1966.111450 -4686.527344 -9028.429688
v -5607.234375 -6259.210449 -6251.163086
v -624.334351 -8776.402344 -7215.917480
v -5395.237793 -6675.464844 -5981.233887
v -2850.260254 -5511.126953 -4799.297363
v -2739.340820 -5561.120605 -8367.700195
v -1851.613525 -5397.571289 -5610.275879
v -4747.220703 -5667.743652 -4204.439941
v -2259.398926 -9045.830078 -6781.082520
v -1683.437744 -7337.363281 -5011.971680
v -2203.726562 -9025.481445 -7033.081055
v -4841.976074 -6221.540039 -3938.844971
v -4489.380371 -7750.625977 -3725.712158
v -5472.943848 -6948.472168 -4046.239990
v -1824.655518 -6762.911621 -4685.484375
v -3183.663574 -5603.592773 -4273.188477
v -2948.279053 -9172.897461 -4249.875000
v -5823.733398 -8769.103516 -7732.921387
v -6860.841309 -8292.113281 -4845.696289
v -5859.122559 -8383.648438 -7921.938965
v -782.542480 -7326.132324 -5792.066895
v -970.744385 -8446.758789 -8326.623047
v -5751.888672 -8267.167969 -6962.035156
v -2870.045898 -6777.206543 -5952.179199
v -1818.355103 -9519.364258 -7439.155762
v -4760.163574 -9282.913086 -5373.977539
v -1743.019531 -9589.359375 -7528.198730
v -7166.470215 -6300.711914 -6901.847656
v -3528.692139 -7646.600586 -3866.643311
v -2415.970703 -7752.997559 -8737.999023
v -755.296997 -7841.135742 -7282.332031
v -619.706726 -8126.521484 -6642.659668
v -7194.626953 -8777.250000 -5568.884277
v -1829.554321 -7971.871094 -8942.000000
v -7299.095703 -7931.933105 -5745.889160
v -2717.328857 -9473.476562 -5774.214844
v -2608.956055 -6785.752441 -8644.009766
v -2869.238525 -9198.504883 -6070.690918
v -3887.694336 -9578.411133 -4424.161621
v -2321.543945 -9006.920898 -6652.907227
v -7456.350586 -7612.621582 -7545.118652
v -2133.107666 -5474.213379 -4985.964844
v -2114.779297 -9257.200195 -6978.567383
v -2548.088623 -6173.896484 -4376.298828
v -4257.924316 -5595.595215 -4276.356445
v -650.013611 -8512.116211 -7268.394043
v -707.732117 -8100.013672 -7167.352539
v -7063.979492 -7888.710938 -5306.785645
v -5718.757324 -6242.385742 -4204.130859
v -3595.730225 -8475.953125 -5548.859375
v -1638.528564 -8257.599609 -4915.981934
v -6051.579102 -6360.521973 -4408.643066
v -7071.184570 -6885.942383 -6576.438477
v -2381.989746 -4524.458984 -8389.797852
v -1376.018921 -8073.527344 -5266.641602
v -7016.216797 -6792.714355 -6542.077148
v -7367.058105 -7243.955078 -7345.385254
v -5677.953125 -6748.774414 -6572.062988
v -1445.335938 -5631.139648 -5670.677246
v -1011.059937 -5526.509766 -6880.421875
v -2038.184937 -6083.579590 -4738.191895
v -1639.874390 -5361.969727 -6138.560547
v -789.941589 -7853.858398 -7442.536133
v -6150.562500 -9522.159180 -4938.574707
v -3528.220459 -8084.082520 -5524.172363
v -5096.804688 -6160.882324 -4046.372314
v -6541.943359 -7138.171387 -8638.032227
v -1038.933960 -6099.229492 -6334.964844
v -1238.021240 -7828.187012 -5493.349121
v -1073.664062 -6183.500488 -6211.525879
v -2411.263184 -9207.348633 -4362.325195
v -5769.891602 -8507.024414 -4192.829590
v -2577.379150 -9467.758789 -4563.808105
v -7452.959961 -7433.807617 -6242.851562
v -1299.163818 -5700.503906 -5834.166992
v -1356.228027 -6248.826660 -5526.677734
v -1106.362793 -5652.278809 -6296.999023
v -4671.618164 -9134.702148 -5433.484863
v -5864.661133 -8204.439453 -7307.245605
v -6029.997559 -5586.975098 -4677.141113
v -2555.185547 -6851.062012 -4325.525879
v -4798.609863 -6335.400391 -3894.597900
v -2704.202393 -6452.821289 -8550.281250
v -1049.533691 -8966.124023 -5503.664551
v -1077.478149 -9102.184570 -5577.950684
v -7037.056641 -5546.036133 -6065.545898
v -5887.020020 -4853.712402 -7673.594727
v -6546.453125 -8887.453125 -4630.676270
v -6970.713867 -5840.599609 -5854.929688
v -6229.081543 -8865.327148 -4392.408203
v -5241.312012 -5486.310059 -5336.655273
v -3565.444824 -6734.413086 -4055.305420
v -6350.770508 -9572.223633 -6360.037109
v -5190.616211 -9530.260742 -5181.012695
v -5648.208496 -9628.238281 -5270.353516
v -1720.740601 -9064.057617 -8783.346680
v -1678.647705 -8906.573242 -8798.560547
v -6406.188477 -5935.104980 -4872.931152
v -1923.360474 -7277.267090 -7466.892578
v -2182.451416 -7255.466309 -7925.020020
v -6466.970215 -8863.245117 -8782.948242
v -1301.952515 -9270.711914 -8449.418945
v -2632.460205 -8953.892578 -4171.792480
v -2574.459473 -8792.323242 -4196.149902
v -2552.442383 -8128.757324 -8703.663086
v -5941.290039 -7573.820801 -6849.734375
v -6951.327637 -4283.876953 -8392.127930
v -2077.037354 -4967.555664 -7766.572266
v -3260.859863 -7250.813965 -5849.562988
v -3067.774414 -5679.817383 -4236.757324
v -3909.856689 -9353.514648 -5206.114746
v -2363.777832 -7729.827637 -6245.757324
v -2771.516846 -6495.232910 -8444.492188
v -4282.680176 -5652.059570 -4129.324219
v -6925.440918 -6852.314941 -5359.395508
v -5936.820801 -5223.770508 -7218.623047
v -1190.657715 -7291.447754 -5450.490234
v -6554.143066 -9593.459961 -7404.355957
v -6660.191895 -9008.350586 -4764.291016
v -5166.908691 -9080.887695 -5912.458008
v -1720.577759 -5544.536621 -8983.295898
v -2038.058105 -8808.128906 -4386.801758
v -1168.088013 -7065.460938 -5547.935059
v -1423.782104 -5043.173828 -7491.177246
v -4780.020508 -8325.212891 -5551.804688
v -4768.025879 -8127.271973 -5483.536133
v -6937.130371 -4317.938477 -7492.276855
v -2194.121094 -8725.613281 -7242.395996
v -3728.327637 -9218.324219 -5391.540527
v -1866.170166 -5388.673340 -6305.362793
v -1704.999023 -5359.036621 -6645.651855
v -7187.694824 -5938.003418 -7043.022461
v -2786.898438 -4765.562012 -8370.704102
v -604.998047 -8608.784180 -7531.870117
v -913.814331 -9361.249023 -7673.706055
v -6404.025879 -9551.093750 -8386.492188
v -7455.541504 -8089.113281 -7121.854492
v -7421.295410 -7862.880859 -7186.233887
v -7414.403809 -7549.557617 -7114.437012
v -7501.697266 -7708.947754 -6642.779297
v -4150.300293 -6885.379883 -5259.696777
v -5879.121582 -5323.336914 -7655.336914
v -4801.551758 -9365.326172 -5295.301270
v -3291.501953 -7645.979004 -5809.750977
v -3120.941895 -7575.356934 -5961.184082
v -2337.950928 -8522.088867 -6625.276855
v -5987.238770 -4475.760254 -7307.881348
v -2623.832764 -6828.609863 -4203.720703
v -5352.750488 -7863.948242 -4163.151367
v -7063.772461 -6782.753418 -6187.143555
v -5396.892578 -6061.855957 -5750.457520
v -2456.710205 -6486.802734 -4392.227539
v -7239.940430 -9159.987305 -6715.466797
v -5995.019043 -4391.164062 -8586.708984
v -2781.497803 -5855.076660 -5928.754883
v -6573.463867 -6056.736328 -8658.493164
v -6525.846191 -4283.780762 -8617.464844
v -683.803284 -6749.272949 -8142.836914
v -7433.581055 -7180.098145 -6775.262695
v -6162.680176 -9390.537109 -7276.564453
v -6679.999512 -5110.967773 -5777.818848
v -1070.441406 -6543.763184 -8622.059570
v -6794.592773 -6588.468750 -5051.570312
v -2522.721924 -6597.503418 -6185.682617
v -1511.346436 -7392.378418 -5164.194824
v -3156.354736 -8024.941406 -8411.188477
v -3387.028320 -7582.692383 -3808.827393
v -5342.905762 -6417.701172 -5810.676270
v -7411.684570 -7618.525879 -6741.560547
v -7412.556641 -7394.681641 -6664.124023
v -6386.049316 -7438.745117 -8654.535156
v -3397.358398 -5935.109863 -5494.982422
v -2138.966797 -5600.155273 -7891.477539
v -2221.448242 -5578.378418 -8072.738770
v -2178.631104 -5771.044434 -8053.969727
v -2296.784424 -6843.274414 -6232.298340
v -1694.009033 -7052.710449 -9002.682617
v -757.001770 -9207.871094 -7104.844727
v -637.326538 -8942.744141 -7150.424316
v -2794.841797 -5577.914551 -5742.890137
v -2783.663330 -8980.873047 -8542.800781
v -2444.604248 -4806.013672 -8863.878906
v -2388.867676 -8143.341309 -4076.106689
v -6326.545898 -6342.301758 -8741.193359
v -7204.010254 -9126.543945 -6058.666016
v -5852.840332 -6340.739258 -7315.278809
v -3268.654785 -9483.604492 -5422.304199
v -3189.255127 -9604.800781 -5258.730957
v -1611.987183 -9045.906250 -5039.669922
v -3356.786133 -8974.500000 -3897.645752
v -2317.580566 -9029.959961 -7922.353516
v -2671.173340 -9137.537109 -8159.026367
v -6926.528809 -8245.295898 -4933.792969
v -1148.847046 -7294.526367 -8984.061523
v -7226.010254 -8541.961914 -8146.358398
v -7275.492188 -8348.329102 -8093.345215
v -3724.294922 -5994.277832 -5217.341309
v -3173.726318 -5510.592773 -5050.322266
v -682.676331 -8162.911621 -6282.184570
v -1730.382446 -6205.306152 -4923.138672
v -6049.995117 -7457.139160 -6975.535645
v -2341.277100 -5742.454590 -8179.367676
v -4194.919922 -7407.000000 -3754.326416
v -4313.532227 -7733.478027 -3772.562500
v -7128.737305 -4742.092773 -7244.438965
v -1881.642944 -5699.522461 -8984.573242
v -2109.003418 -6159.449219 -6657.999023
v -5913.032715 -4761.586426 -6751.340820
v -7327.739746 -9147.686523 -7376.636719
v -749.790466 -6542.109375 -8170.228027
v -2771.282227 -5455.512695 -5531.978516
v -1556.388794 -9620.881836 -6693.737793
v -5656.151855 -6188.997559 -6343.697754
v -618.379761 -8797.923828 -7673.375488
v -2521.784668 -5464.523438 -6168.257324
v -5969.284180 -6638.262207 -7107.434570
v -1100.156372 -9526.469727 -7367.301758
v -5710.320312 -8975.406250 -6951.754395
v -6035.798340 -4489.502930 -7221.784668
v -1708.411011 -9195.935547 -4952.337402
v -720.103210 -6416.014160 -7919.126465
v -2008.147461 -5492.372070 -7276.747559
v -7049.190918 -8799.918945 -8402.325195
v -5771.333008 -9621.778320 -5574.856445
v -7470.768066 -8610.451172 -7062.817383
v -666.534973 -8173.912598 -6915.178223
v -5708.078125 -8851.794922 -7050.542480
v -3791.256592 -7118.995117 -3952.354004
v -794.959595 -7646.622559 -8436.567383
v -4887.288086 -6040.498535 -5287.367188
v -7100.217285 -7654.592773 -8260.225586
v -5034.872559 -6124.495605 -5371.560547
v -1693.306885 -9553.250000 -5777.456543
v -2582.469482 -5245.255859 -8183.530762
v -5737.691895 -8139.750000 -4226.052246
v -2583.131836 -5446.052246 -5692.026855
v -2759.331299 -7795.105957 -3793.820557
v -2166.440918 -8601.533203 -7916.793945
v -3152.640869 -5513.093750 -5478.098145
v -921.708496 -8203.779297 -8118.555664
v -5980.622070 -9119.602539 -8175.116211
v -6200.011230 -9415.879883 -8403.949219
v -6278.142578 -9384.619141 -8550.010742
v -3056.005127 -5542.153320 -4422.069824
v -3336.009033 -5533.504883 -4426.771484
v -6619.888184 -4660.461914 -6831.742676
v -6758.452148 -7397.248535 -4954.994629
v -1269.727539 -6400.901855 -8950.215820
v -6956.902832 -6848.319824 -5478.466309
v -4773.124023 -8517.956055 -3838.381592
v -4680.870605 -8964.872070 -3915.019043
v -7476.132324 -8426.966797 -6731.904785
v -3874.688965 -8722.216797 -3925.157715
v -2803.354492 -5879.217285 -4235.586914
v -3124.593018 -8099.923828 -8500.679688
v -4465.085938 -6220.296387 -5225.790039
v -4544.773926 -6263.577148 -5206.036621
v -6835.155273 -5842.485840 -5412.526855
v -4720.795898 -6970.137695 -5309.928223
v -2343.650635 -6283.780273 -8144.409668
v -3024.125732 -8078.136230 -8597.732422
v -2300.365723 -8456.097656 -8860.869141
v -4608.994141 -5740.479980 -5189.274414
v -2551.189209 -5467.396484 -8213.096680
v -2571.466309 -8494.599609 -8671.476562
v -6030.256836 -6740.944336 -8450.467773
v -2231.738281 -9254.595703 -6642.181641
v -6743.909668 -9575.583008 -8301.551758
v -4642.606445 -7637.957031 -3713.992432
v -5899.629395 -9114.190430 -7245.947754
v -2815.533936 -9630.872070 -4863.173828
v -5729.421387 -5946.516113 -6553.806152
v -6052.618652 -4929.785645 -6417.606445
v -6963.346191 -5680.243164 -5806.219727
v -2283.401855 -7837.237305 -6314.185059
v -5737.642090 -5706.646484 -4471.536621
v -7101.695801 -6093.875000 -8079.709961
v -5587.237305 -5926.489258 -4340.633789
v -6606.442871 -9559.063477 -6718.990234
v -4349.867188 -5643.778809 -5155.479980
v -7312.212402 -6075.785645 -7406.106934
v -2970.559570 -6202.729492 -5785.661621
v -4932.746094 -7559.239746 -3981.135498
v -1806.981201 -7695.523438 -4725.996094
v -1256.179077 -9234.163086 -5464.372070
v -7029.248047 -9414.109375 -7331.795898
v -7429.078613 -8021.188965 -5986.450195
v -7046.744141 -4923.569336 -7613.804199
v -2161.557373 -5635.182129 -8003.264648
v -4231.420410 -9503.353516 -4261.819824
v -1995.218262 -7905.696289 -7129.223145
v -4434.225098 -7409.188965 -5237.981934
v -1694.595093 -5308.604980 -6891.932617
v -3454.422363 -8584.156250 -5721.110352
v -5348.744629 -8859.395508 -6318.784180
v -7477.029785 -8219.715820 -7723.207520
v -3947.406494 -5547.287109 -4382.566895
v -3104.978027 -9420.065430 -4428.290039
v -5935.689453 -7393.677734 -7778.574707
v -2294.297119 -9147.083984 -7879.609863
v -5911.334961 -6908.583008 -8044.614258
v -6562.620117 -9500.055664 -5430.515625
v -5645.972168 -5369.618164 -5787.951172
v -991.297913 -7110.817871 -8654.054688
v -6833.350586 -7300.228027 -5035.522949
v -1488.923828 -9299.703125 -5347.538574
v -6797.036133 -4291.758789 -7600.752930
v -5228.193848 -8496.703125 -6080.391602
v -7107.286133 -4439.419434 -7495.897461
v -5334.727051 -8587.083984 -6305.506836
v -676.449219 -7025.745605 -7384.258301
v -675.050049 -8183.593750 -7052.467773
v -608.987366 -6863.718262 -7359.530762
v -2514.993408 -8496.423828 -6369.369629
v -500.929779 -7660.673828 -6955.139648
v -6920.651855 -9489.431641 -7534.014648
v -6322.803223 -6028.288086 -4738.544434
v -1660.928223 -5219.514160 -8918.986328
v -2042.045410 -7699.163574 -6774.473633
v -3570.479492 -8018.962402 -3847.740234
v -4110.500488 -7842.187500 -3873.353516
v -1910.083252 -7942.363281 -7435.720215
v -2197.643066 -9264.868164 -7751.598145
v -2645.864502 -6149.985840 -6094.719238
v -7081.726562 -6838.878906 -5951.057617
v -5767.480957 -7202.748535 -4164.360352
v -3017.381348 -7919.422852 -6065.656250
v -5897.662109 -6710.297852 -4248.042480
v -7423.562012 -8672.121094 -7189.650391
v -5570.207031 -7923.524902 -6477.773926
v -2906.027588 -7413.371094 -8668.594727
v -5155.344727 -9359.543945 -4296.255371
v -716.317627 -8015.178223 -6154.813477
v -5108.818359 -7413.143066 -5589.848633
v -964.878235 -7959.349609 -5682.171875
v -834.634827 -8073.557129 -5840.892090
v -5255.213867 -8793.476562 -6147.214844
v -3709.664307 -6308.419434 -5303.633301
v -5487.186035 -9334.512695 -4333.436523
v -3711.513916 -5839.104004 -5255.246582
v -878.829468 -9385.953125 -7076.161621
v -6164.704590 -9509.335938 -7869.080078
v -7346.907227 -9083.633789 -6910.541992
v -5024.525879 -9522.120117 -5082.142578
v -6094.649414 -9640.597656 -5551.817383
v -5177.787109 -9572.637695 -5027.081543
v -912.330444 -7727.067871 -8488.559570
v -5274.141602 -9593.545898 -4937.736816
v -7141.701172 -9259.557617 -6247.853516
v -3366.661377 -7888.935059 -5684.032227
v -6722.894531 -9495.839844 -6121.091309
v -2309.229980 -8705.987305 -6750.454590
v -3770.767578 -8066.501953 -4000.844482
v -6864.506348 -5218.116211 -5788.339355
v -3776.199219 -7317.541016 -3958.270264
v -6676.374023 -5246.221191 -5536.611328
v -5813.025391 -6831.041504 -4164.885254
v -6257.401855 -4192.888184 -8364.337891
v -6471.820801 -6600.975098 -8678.087891
v -2708.496094 -7205.057617 -3942.008057
v -2203.809814 -4681.050293 -8123.569824
v -2593.124756 -7300.187500 -4163.699219
v -5925.909180 -7194.884277 -7942.249023
v -2763.015625 -7445.576660 -8116.055176
v -1837.419678 -9483.442383 -8563.760742
v -1008.185669 -8536.077148 -5455.772461
v -1187.589844 -4930.519531 -8266.042969
v -1316.436157 -4823.416992 -8442.421875
v -1128.556763 -5032.911133 -7549.151367
v -609.790710 -7140.081543 -6327.275391
v -6668.308594 -8298.687500 -4700.677734
v -3519.995850 -6053.552734 -4066.261475
v -7458.551758 -8541.175781 -6017.807617
v -2820.040527 -9104.647461 -8277.389648
v -2326.766357 -9318.283203 -8062.418945
v -3156.045654 -6080.256348 -4005.985840
v -6382.621582 -8152.278320 -4457.326660
v -5862.951660 -7175.292480 -6714.071777
v -2019.259277 -5520.969238 -8946.864258
v -7449.786133 -6721.796387 -7135.873047
v -7427.235352 -6441.918457 -7273.505859
v -2877.829102 -7116.557617 -3875.042480
v -5016.974121 -8700.917969 -5844.007324
v -5774.688477 -8912.027344 -4265.228027
v -3109.608154 -6720.097656 -3942.010254
v -3079.294922 -6611.527832 -3945.317139
v -7468.403320 -7391.230957 -7008.329102
v -2248.216064 -5017.914551 -7956.816406
v -5834.027344 -6152.895020 -6696.597168
v -6363.414551 -5312.687500 -5231.630371
v -6497.971191 -5287.080566 -5304.831543
v -4650.950195 -7829.478516 -5305.109863
v -5463.968262 -8552.796875 -6550.134766
v -6920.426270 -8177.399902 -8405.323242
v -4725.011719 -7173.076172 -3757.192627
v -6949.077637 -6520.273438 -5589.412598
v -7349.587891 -7123.468262 -7597.717285
v -7354.517578 -6955.347656 -7309.317871
v -5951.115723 -4822.414551 -8043.584961
v -5953.072754 -5031.319336 -8016.169922
v -2373.465576 -9450.377930 -4657.335449
v -5840.361816 -8985.352539 -7294.892578
v -5940.285156 -7990.124023 -4289.866211
v -3889.180420 -8811.429688 -5397.060547
v -585.966675 -8917.376953 -6307.793945
v -2163.447998 -8018.151855 -6571.141602
v -2751.794189 -5832.554199 -8357.653320
v -1895.907104 -7543.710938 -7455.425293
v -1889.509521 -6495.312500 -7579.563965
v -6590.442871 -5316.625000 -8633.074219
v -7005.416016 -8444.194336 -5120.187012
v -612.181458 -8297.983398 -7011.493164
v -2142.961426 -4966.846680 -7853.189941
v -6085.846191 -4316.691406 -7567.912109
v -5482.515625 -7459.985352 -6145.188965
v -1961.268188 -5043.958008 -7423.259277
v -698.506592 -6514.167480 -8052.477539
v -779.922119 -8042.590332 -7945.049805
v -1001.685059 -5569.944336 -6958.335449
v -2558.787354 -5972.821289 -8667.533203
v -6744.120605 -6223.300781 -4968.361328
v -1145.967407 -5106.532715 -7334.348145
v -5276.330078 -6372.347656 -5758.406250
v -5948.140625 -7289.329590 -8103.528809
v -7333.091797 -9117.671875 -6415.034180
v -6588.591797 -9268.092773 -8650.019531
v -7170.130859 -5929.060059 -7181.657715
v -7054.236328 -6819.881836 -8245.523438
v -2295.623291 -5143.249512 -8823.262695
v -2765.145996 -6677.423828 -8401.436523
v -3580.300537 -5683.772461 -5302.614746
v -6992.812500 -4757.729980 -8162.453125
v -2628.052246 -9116.756836 -8641.793945
v -3151.922363 -8196.819336 -8401.469727
v -5217.728516 -9398.390625 -5553.732422
v -2151.047607 -9280.029297 -7518.371582
v -7447.529785 -8927.840820 -6562.653809
v -1232.289429 -8560.221680 -5205.823730
v -6107.957520 -6774.245117 -8568.519531
v -7260.753906 -8994.892578 -5938.093262
v -3686.709961 -7388.906250 -5338.652344
v -2200.833252 -8824.605469 -7397.802246
v -7396.465332 -7122.975098 -7228.687988
v -6951.150391 -4580.729004 -6876.130859
v -2758.464600 -6283.589844 -8382.937500
v -7158.895508 -6288.643066 -6639.297363
v -6026.103027 -5960.577637 -6971.198730
v -1153.149048 -9287.458984 -5696.603516
v -1081.600952 -9333.870117 -5902.974121
v -3345.583008 -6424.741699 -5626.704102
v -1399.374268 -9484.067383 -5936.895996
v -627.747437 -7079.799316 -6637.541016
v -1745.907349 -9617.668945 -5996.060547
v -4608.856445 -6584.826660 -3729.012695
v -1611.802612 -5801.550781 -5266.129395
v -2615.494629 -8753.526367 -8674.371094
v -4518.339355 -5975.078613 -5176.182617
v -2342.778320 -8891.266602 -6653.704102
v -6595.903320 -7191.703125 -4798.089355
v -1078.094604 -5303.859375 -6988.268555
v -3874.469971 -6604.180176 -3848.082520
v -6815.284668 -5301.606934 -8448.819336
v -843.914368 -7088.314453 -5815.896484
v -7131.736816 -5030.017578 -6740.042480
v -3319.023926 -8535.098633 -3745.158203
v -5472.793457 -5446.137695 -4688.948730
v -2172.955078 -5425.695312 -6572.362793
v -3045.116699 -9237.157227 -5814.872559
v -2012.240723 -7088.220703 -4541.422363
v -6563.893066 -9680.077148 -8197.791016
v -6497.613770 -9670.040039 -8293.266602
v -5431.725098 -8398.103516 -4128.404785
v -5915.657715 -5441.895020 -4723.526367
v -1574.482788 -7277.812500 -5111.754883
v -3248.617188 -9368.779297 -5584.143555
v -1695.186157 -8024.368164 -4953.173340
v -2171.750488 -4553.136230 -9006.195312
v -1579.017212 -5105.010742 -8868.486328
v -4993.726562 -7721.302246 -5544.580566
v -2321.364502 -4460.589844 -8573.435547
v -1445.327026 -5023.274414 -8686.490234
v -2591.226318 -4614.839844 -8797.326172
v -2847.949707 -6199.494629 -5827.804199
v -6156.782227 -5674.981934 -4767.762695
v -2351.605469 -4776.189941 -8935.953125
v -1059.832520 -5109.317871 -7524.928223
v -6225.928223 -4702.943359 -6748.749023
v -729.294067 -8085.048828 -6091.888184
v -7584.599121 -8406.459961 -6334.017578
v -7009.023926 -4945.034180 -6489.890137
v -2185.994873 -9220.475586 -4473.839844
v -3717.363525 -6447.334961 -5321.154297
v -7467.372070 -7865.341797 -7533.354492
v -3061.590820 -8611.548828 -8268.462891
v -6618.898438 -4585.972656 -8636.910156
v -6676.532715 -6944.981934 -4845.096191
v -2419.673096 -8610.948242 -4161.259277
v -2047.696045 -9265.303711 -4603.629395
v -6831.128418 -7568.593750 -4952.640625
v -3112.482666 -8847.662109 -5972.166016
v -6925.024902 -5071.795898 -8363.432617
v -942.719849 -5564.681152 -8172.889160
v -6211.155762 -5449.476074 -8564.439453
v -3197.806641 -5825.448242 -5663.340820
v -1291.580200 -6157.833496 -5783.171875
v -6069.875488 -7211.290039 -4361.710938
v -792.406067 -6352.055176 -7635.821289
v -6803.494141 -6971.571289 -8490.550781
v -4877.338867 -8598.871094 -5714.117676
v -6287.767090 -9192.032227 -4560.968750
v -6043.551758 -7415.445312 -7048.580078
v -5936.621582 -9366.949219 -4607.492188
v -1716.507080 -6615.711914 -4834.146973
v -1935.585083 -5845.047363 -7288.636719
v -1635.025879 -6133.515137 -5103.589355
v -5939.895996 -6137.384766 -6830.877930
v -6027.946289 -5817.720703 -7087.602051
v -5737.258789 -8508.893555 -7125.280762
v -3081.026367 -9032.793945 -5923.415039
v -2096.765625 -5475.174316 -7726.299805
v -6050.373535 -4171.272461 -8374.417969
v -5953.886230 -6401.795898 -7176.392090
v -1686.422852 -9578.895508 -7050.963867
v -7419.026855 -7592.770508 -6092.907227
v -4513.152344 -7948.142090 -3735.434570
v -3312.197754 -5764.347168 -5572.428223
v -3510.826904 -8925.191406 -5663.350098
v -7081.225098 -6960.860840 -5676.279297
v -6952.698242 -4248.848633 -8287.619141
v -7070.560547 -6754.287598 -5912.043457
v -6777.906250 -8980.136719 -8637.711914
v -7139.151855 -5944.796387 -6309.861816
v -1524.522461 -5312.847656 -6800.198730
v -3171.137451 -7528.998047 -3761.261719
v -1306.516479 -5267.182129 -6910.295898
v -2485.208252 -6051.481445 -6267.251953
v -2893.834229 -5536.453613 -4679.696289
v -4595.871094 -8347.100586 -5281.508301
v -7411.229980 -7873.985352 -7991.990723
v -4086.778809 -5888.875977 -3943.535645
v -6374.832031 -6776.640137 -4526.324219
v -2166.466309 -8974.780273 -4376.817871
v -2411.386230 -6650.668457 -8704.005859
v -2162.793457 -8494.946289 -7254.791992
v -2519.644043 -9369.362305 -6129.288086
v -2853.085205 -8919.197266 -4143.610840
v -2053.130127 -7939.202637 -7895.682129
v -641.255188 -8914.197266 -7698.634766
v -7193.583984 -6973.083984 -6647.920410
v -896.207764 -8672.934570 -8312.223633
v -6163.887207 -8090.212891 -4313.425781
v -2815.567627 -9284.518555 -6037.864746
v -1427.978394 -8828.097656 -5110.065430
v -4609.424316 -6046.791504 -3860.085693
v -7230.206543 -7417.114258 -5712.005859
v -7054.232422 -5815.893555 -8085.119141
v -2717.025879 -5473.975586 -5641.821777
v -3033.282471 -7735.621582 -8172.069336
v -1842.938843 -9389.588867 -5064.163574
v -6558.861816 -5444.790039 -5202.656250
v -1809.301514 -4945.596191 -7554.025391
v -6641.469727 -5391.708008 -5352.972168
v -4249.279297 -9532.330078 -4885.698242
v -5349.359863 -6823.306641 -5862.163574
v -4281.201172 -9401.978516 -5120.690430
v -7475.885742 -7493.177246 -6582.643555
v -5639.656250 -7162.274902 -6484.275391
v -1864.047363 -5127.073730 -7184.223145
v -1610.692261 -8745.795898 -4918.901855
v -1631.816040 -7420.566895 -5076.597656
v -4176.525879 -7601.634277 -5235.541016
v -7136.353516 -5823.609863 -7836.473145
v -5902.641113 -6025.830078 -7794.415527
v -3445.577637 -5996.910645 -5428.418945
v -3561.468506 -6028.121094 -5308.583008
v -6703.152832 -7411.544922 -4902.565430
v -7048.846191 -9315.088867 -8194.339844
v -3626.644531 -6174.177246 -4014.346436
v -7332.789551 -6308.767090 -7059.514648
v -701.551819 -6913.200195 -7768.229492
v -810.870178 -7423.961426 -7472.337402
v -1300.052856 -6718.174805 -5506.609375
v -5970.614258 -5235.307129 -8106.430664
v -5872.408691 -8301.862305 -4262.855469
v -5988.266602 -6545.781250 -6981.737305
v -813.872620 -7292.646484 -7492.494629
v -2283.996826 -8079.124512 -6397.397461
v -5588.666504 -7982.339355 -6584.847656
v -1241.813599 -9491.063477 -6297.834473
v -5451.700684 -8204.966797 -6325.771484
v -1536.490234 -9450.325195 -5655.621582
v -2066.619385 -5506.813965 -6970.375977
v -7017.918457 -6715.771484 -6613.157715
v -2073.552490 -5416.692383 -5319.051758
v -6984.329102 -9324.487305 -8301.280273
v -2208.637695 -5423.210938 -5129.121582
v -1382.182617 -6415.340820 -9003.087891
v -2146.243652 -8041.307617 -7977.459961
v -1930.150269 -4825.074707 -7987.902344
v -2789.157227 -6499.280273 -5933.940430
v -6474.252441 -5015.831055 -8646.940430
v -7178.738281 -8791.745117 -5629.500977
v -7258.470703 -6345.809570 -7764.645020
v -2377.026855 -9657.326172 -5139.128906
v -2253.369141 -6459.207031 -8073.872559
v -2273.338135 -7600.392090 -4203.608398
v -6921.008789 -5143.784668 -5988.587891
v -6133.605957 -4247.175293 -7834.899414
v -2803.955078 -6741.623535 -4033.642822
v -1688.220947 -6148.221191 -8998.138672
v -2909.591064 -8752.508789 -3956.175049
v -1414.015625 -7221.714355 -9034.987305
v -3558.800049 -9463.226562 -5192.776855
v -4834.502930 -7892.729492 -5474.951660
v -606.320923 -6957.438965 -7987.711914
v -5852.483398 -8910.281250 -7744.442871
v -3355.884277 -6729.305176 -5697.427734
v -7018.327148 -8300.473633 -5097.646973
v -2883.337891 -9562.061523 -5467.292480
v -1639.914185 -7091.200684 -5084.712402
v -967.137634 -9459.220703 -6952.648438
v -1524.203369 -5577.136719 -8950.341797
v -4161.579590 -9201.641602 -5302.406738
v -887.045898 -9406.027344 -7317.819824
v -6170.362793 -8194.107422 -8542.716797
v -6790.897949 -6608.448242 -5143.909668
v -2575.341553 -4441.626953 -8440.602539
v -1037.262085 -5258.016602 -8022.286621
v -3957.675293 -8615.584961 -3907.358887
v -2252.340332 -9412.660156 -8098.100586
v -2387.600586 -5505.528809 -4856.699707
v -947.352417 -5737.194824 -7187.821289
v -3156.806396 -7688.033203 -8315.940430
v -1017.226807 -5666.816895 -6938.402832
v -2178.530029 -9279.026367 -8945.623047
v -3679.554199 -5658.895996 -4218.305664
v -3844.942383 -7640.714355 -3966.535889
v -1323.033447 -8290.787109 -8687.759766
v -6962.501953 -9165.757812 -5252.605469
v -2256.821045 -5377.729980 -6239.418945
v -1304.513306 -9348.173828 -5639.686035
v -4279.345703 -8228.852539 -5222.949707
v -693.227661 -8382.602539 -7508.629883
v -1126.065430 -4980.007324 -7750.495605
v -7361.529297 -7217.736816 -6652.540039
v -1837.847412 -8339.771484 -4451.731934
v -6154.470215 -9083.501953 -8582.845703
v -1791.972534 -6531.108887 -8994.992188
v -6637.715332 -9611.382812 -7560.096680
v -4657.304688 -8142.159180 -3726.978271
v -2264.694580 -7197.573730 -6267.501465
v -979.822876 -9429.569336 -6637.228516
v -4151.974121 -9643.584961 -4616.442383
v -4457.641113 -9619.921875 -4638.521973
v -6253.136719 -7351.669922 -8611.901367
v -4562.794922 -7259.686035 -5248.393066
v -811.885376 -7745.008789 -7364.140137
v -2638.033203 -5896.988281 -8615.907227
v -2025.382324 -5346.983887 -6364.418457
v -5299.008301 -8469.457031 -6153.828125
v -6229.069336 -9476.773438 -7251.121094
v -6158.299316 -9471.519531 -7027.950195
v -5272.565918 -8630.971680 -6172.172363
v -3237.114502 -7781.484375 -3734.632568
v -1580.860840 -9258.390625 -5258.458984
v -5797.326660 -9227.958008 -4437.597168
v -2257.842773 -9040.877930 -7757.652344
v -6134.750000 -8922.545898 -8601.886719
v -2209.470703 -8316.208984 -8905.486328
v -1686.666870 -7846.895508 -5055.043457
v -4519.658691 -8681.765625 -5342.866211
v -1158.527100 -5123.684570 -8457.670898
v -1386.075684 -8362.370117 -5152.409668
v -6097.792480 -8170.320312 -8477.220703
v -6904.451172 -6047.197754 -5633.859375
v -1229.015015 -4878.048828 -8189.935059
v -3366.055420 -5545.218262 -5304.211914
v -2036.402344 -8332.826172 -8958.038086
v -6365.945801 -5010.053711 -8647.813477
v -850.138306 -7982.693848 -8265.614258
v -6293.879395 -5043.972656 -8625.613281
v -3128.062500 -7912.470215 -8243.297852
v -1418.772583 -7959.397461 -5258.012695
v -4704.989746 -9004.449219 -5479.612793
v -5933.532227 -6897.920898 -6866.198730
v -3528.866943 -8740.644531 -5648.553711
v -3348.850830 -8864.644531 -5831.154785
v -3833.055664 -5826.053223 -5214.481934
v -2572.447266 -7309.635254 -8113.831055
v -1714.126709 -9623.250977 -8038.546387
v -2031.272095 -8058.431641 -7145.238281
v -3260.946533 -5558.298828 -5487.410645
v -7116.463379 -9306.783203 -6387.419434
v -6187.037598 -5345.580566 -5151.346191
v -3143.705566 -7026.979980 -5906.055176
v -813.773010 -7642.108887 -7329.996582
v -2189.964111 -9209.725586 -7494.946289
v -6303.617676 -7559.140137 -4406.405273
v -1901.833374 -6205.293945 -7539.872070
v -5891.621582 -7862.951172 -4301.655273
v -7206.544434 -5907.154297 -7513.312988
v -2144.490967 -6206.955566 -6516.420898
v -5986.471680 -7830.620605 -8207.353516
v -2156.860107 -6075.824707 -6573.464844
v -2805.684814 -4717.196777 -8472.983398
v -7470.288574 -8735.353516 -6694.348633
v -2297.304932 -6287.801758 -6301.899414
v -2735.011963 -4458.021484 -8536.845703
v -4313.291992 -8961.842773 -5345.526855
v -6835.403320 -4512.923340 -8543.425781
v -2518.951904 -9280.753906 -6225.291504
v -2835.323486 -7408.513184 -8134.870117
v -6920.391602 -6118.968750 -8369.773438
v -1914.099609 -6955.600586 -7531.315430
v -5040.854492 -7540.491699 -3995.480713
v -6628.140137 -4244.935547 -8005.214844
v -2624.829834 -6195.876953 -8624.215820
v -6176.834961 -6009.651855 -4630.305176
v -6661.001465 -8327.034180 -8568.081055
v -2470.937744 -5690.240234 -4618.269043
v -7306.173340 -7950.321289 -5841.267578
v -5736.570801 -5344.965332 -6018.701172
v -5738.225586 -5607.648438 -6045.128906
v -7117.745605 -6971.452148 -5863.679199
v -5746.980957 -5439.071289 -6160.590820
v -1409.311768 -8350.594727 -8760.301758
v -2607.200684 -8090.156250 -4030.832275
v -1742.410034 -7683.993652 -4911.816406
v -1567.667725 -5594.663086 -5486.205078
v -3020.907959 -8611.550781 -6100.648926
v -2711.250244 -5345.515137 -8298.290039
v -1853.625122 -9065.645508 -4644.104004
v -7011.283691 -7907.815918 -8352.347656
v -5200.120605 -5970.152832 -5554.095215
v -2319.259766 -5606.887207 -6474.694824
v -6271.892090 -6312.091309 -4529.342773
v -5911.015625 -4630.258789 -7718.487793
v -3703.607910 -9260.616211 -4074.064941
v -570.451477 -8395.558594 -6313.108398
v -3916.265625 -9345.104492 -4134.899414
v -2928.165039 -7154.383789 -8322.999023
v -519.469482 -8516.933594 -6671.243164
v -1855.585571 -7429.132812 -4645.758789
v -7451.613770 -8683.432617 -6058.831543
v -5278.423340 -7297.067871 -5749.693359
v -2228.792480 -6384.061523 -4573.561523
v -5209.982910 -7217.699219 -5668.020996
v -5910.666992 -7450.130859 -7471.521484
v -5728.685547 -6777.624512 -6645.904297
v -2802.982178 -8207.773438 -3799.375488
v -2192.500732 -9163.678711 -6866.708984
v -7332.019531 -6860.331543 -7757.659180
v -903.847778 -6250.164062 -6702.678223
v -2083.451660 -9532.666016 -8509.089844
v -971.448120 -5532.172852 -7546.089844
v -5833.025879 -7332.571777 -6677.295410
v -554.324585 -8925.023438 -6668.805664
v -5970.846680 -5719.161621 -8141.723633
v -2065.842773 -9385.304688 -7565.146973
v -4852.729980 -6506.780273 -3924.054932
v -6247.536621 -4895.459961 -8658.355469
v -1693.073486 -8435.185547 -4638.753418
v -3309.971924 -6632.395020 -3945.184082
v -3746.507568 -8696.813477 -3878.242920
v -1625.535889 -5030.698730 -7495.493652
v -5147.630371 -8971.982422 -5948.249023
v -524.350342 -7299.713867 -7141.657227
v -5450.354980 -5620.651367 -5577.821777
v -569.377380 -7251.553711 -7208.359375
v -5403.862793 -5701.971191 -5557.653320
v -6004.041016 -4612.654297 -6960.419434
v -1451.795654 -8201.307617 -8787.073242
v -2708.779053 -7763.996582 -3856.589111
v -1932.130981 -8640.609375 -4408.539551
v -3885.297607 -6747.888672 -5282.035156
v -4251.485352 -5530.279297 -4715.565918
v -2926.364014 -7244.605469 -8594.511719
v -6668.442383 -8976.383789 -8703.999023
v -1743.486084 -7145.246094 -4765.489258
v -2792.641113 -6877.284180 -8533.277344
v -3766.220215 -8847.519531 -5462.988770
v -1914.113281 -9644.914062 -6082.001953
v -746.693298 -8085.849121 -7257.484375
v -3991.411621 -7948.896973 -5238.131348
v -2792.294189 -5732.119629 -5859.354492
v -2561.096680 -4916.605469 -8158.512695
v -1950.927612 -9477.056641 -7599.380371
v -2908.745605 -6307.372070 -5798.145508
v -2746.875488 -6272.563477 -5900.991211
v -1751.923950 -4734.808594 -8371.876953
v -1938.627319 -5139.490234 -7202.753418
v -6811.558594 -5830.594727 -8458.313477
v -7079.903320 -6876.402344 -6426.160156
v -7163.911133 -8523.264648 -8212.804688
v -3366.766357 -5502.880371 -5154.123535
v -5855.225586 -8264.149414 -7224.626465
v -3052.407715 -7601.785156 -8584.650391
v -2058.984375 -6381.910645 -6747.744629
v -4952.542969 -5657.178223 -5299.853516
v -904.231201 -7596.452148 -8528.193359
v -1979.007690 -7987.844727 -7275.587891
v -3608.069092 -6476.180664 -3981.549561
v -3394.942383 -9557.782227 -5146.079590
v -7333.843750 -9031.563477 -6159.835938
v -6475.217285 -8723.964844 -8762.254883
v -7275.803711 -7601.670410 -5817.083984
v -6330.292969 -4188.863281 -8531.213867
v -5708.639160 -5765.035156 -6247.993652
v -926.771729 -8511.229492 -5544.744629
v -2442.730225 -9679.648438 -5242.985352
v -6751.928711 -7003.910645 -5032.160156
v -7485.410156 -8551.268555 -7632.680176
v -3112.348145 -9068.045898 -4039.016602
v -6058.119141 -6270.137207 -7030.263672
v -5888.697266 -7865.751465 -7333.475586
v -2321.795654 -5571.040527 -8759.869141
v -6414.902344 -8006.564941 -8619.777344
v -3020.792236 -8420.151367 -8590.991211
v -867.724182 -8358.446289 -8062.599609
v -2844.851074 -8793.484375 -8602.579102
v -6429.520020 -4474.249023 -7251.288086
v -7087.750977 -8480.937500 -5239.580078
v -2665.892822 -8943.690430 -8078.461914
v -7060.930664 -4360.165039 -7665.510742
v -3457.723145 -5618.321289 -5367.858398
v -4378.069336 -8264.912109 -3743.850098
v -7234.150391 -6663.670410 -6779.929199
v -2756.685059 -5464.970703 -8492.961914
v -2776.263672 -5979.982910 -5946.217773
v -5016.659668 -9203.710938 -5625.071777
v -813.047485 -8445.981445 -8053.404297
v -2724.037598 -6612.370117 -8315.448242
v -1237.659668 -7940.624023 -5492.099121
v -5166.569336 -5481.046875 -4966.318359
v -1706.207764 -5122.847168 -7275.964355
v -2627.201660 -7382.448242 -4079.167236
v -2974.528076 -8505.550781 -8216.265625
v -7438.943848 -7534.757812 -7877.948730
v -5905.138184 -4763.443359 -7357.947754
v -2182.349609 -5439.154297 -5040.753418
v -2154.990723 -7356.765625 -8903.524414
v -5913.949707 -4851.449707 -7453.734863
v -4405.185059 -5922.237793 -5207.062500
v -628.567932 -8810.011719 -7298.187988
v -1268.293457 -6097.635254 -5907.934082
v -6746.602051 -9440.588867 -5884.833496
v -1303.364990 -6406.531738 -5789.448242
v -5884.697754 -8829.002930 -4291.068848
v -1479.004517 -9336.201172 -8487.753906
v -7104.364746 -9314.473633 -6538.765625
v -1716.766113 -5270.229980 -6981.338867
v -7038.204590 -5091.699707 -7484.165039
v -964.835266 -5522.968750 -7250.065430
v -6625.023926 -8434.363281 -8611.551758
v -1130.463379 -7826.772949 -5560.520020
v -7592.799316 -8332.580078 -6410.832520
v -1946.668579 -9452.677734 -6877.562012
v -7006.597168 -4306.835938 -7882.641602
v -7470.277832 -7734.437012 -7800.199219
v -1882.251709 -9515.485352 -6795.128418
v -7434.534180 -8525.533203 -7869.457031
v -1859.803223 -9300.694336 -8831.829102
v -6602.686035 -9495.513672 -5668.479492
v -5847.869629 -6414.254395 -7409.544922
v -5384.609863 -7135.273438 -5891.951172
v -5395.590332 -6999.573242 -5995.569824
v -6035.982910 -4338.516113 -7567.578613
v -2193.856201 -8321.071289 -6851.908203
v -2164.549561 -8670.722656 -4289.948242
v -811.402771 -6325.615723 -7016.286133
v -6141.720215 -5140.228516 -8516.505859
v -564.084045 -8661.039062 -6228.676758
v -723.845154 -7578.751465 -8320.768555
v -537.516174 -8491.359375 -6381.589355
v -5496.361328 -6516.773926 -6116.537109
v -2329.138184 -5488.742676 -6418.417969
v -593.072754 -7342.929199 -6514.371582
v -5035.195312 -7180.544434 -5481.278320
v -7159.362793 -7112.721680 -5933.753418
v -799.346130 -8443.164062 -5741.895996
v -5562.076660 -6960.278809 -6319.694824
v -1692.076294 -5708.660645 -5204.537598
v -7007.427734 -7077.740234 -5433.611816
v -5862.185059 -6777.981445 -7515.639160
v -2057.588623 -8407.701172 -7436.553711
v -3183.259277 -8029.083496 -5926.054688
v -704.936157 -7968.306152 -7654.829590
v -2194.130127 -7706.975586 -8891.137695
v -3409.484863 -7457.048340 -5693.326172
v -2241.665283 -8171.926270 -8874.418945
v -796.828979 -8051.471191 -7363.702148
v -2708.952881 -9044.124023 -6274.696777
v -4031.910889 -9629.210938 -4714.513672
v -2116.028076 -7348.628906 -4512.056152
v -6197.857910 -5023.677246 -6261.604980
v -3078.322754 -9562.691406 -4627.207520
v -1086.409790 -5571.880859 -6452.740723
v -6446.935547 -9312.092773 -4826.125000
v -5923.465820 -6577.951172 -6876.864746
v -1584.795532 -8740.393555 -4990.805176
v -923.885071 -8103.103027 -5719.854004
v -1635.920532 -8250.053711 -4977.092285
v -5699.790039 -5373.897461 -5558.049316
v -4650.321289 -7421.174805 -3705.798584
v -7407.916504 -8865.319336 -7173.260254
v -7110.331055 -8834.513672 -8355.928711
v -7505.076660 -8786.407227 -6569.406250
v -3398.737793 -7285.733887 -5734.888184
v -7025.029297 -7355.601074 -5286.795898
v -1741.013916 -4619.819824 -8883.929688
v -5568.358398 -5942.120605 -5893.948730
v -2025.624023 -9389.617188 -8854.152344
v -6865.759766 -7525.016113 -8473.781250
v -2852.883301 -5794.663574 -5798.581543
v -6205.262695 -6194.713379 -4551.595703
v -1624.382324 -6700.595215 -5171.500488
v -2763.013916 -5985.645996 -4181.551758
v -6421.625977 -4228.344727 -8247.931641
v -7104.726074 -5786.156738 -6488.407715
v -2913.854004 -8940.544922 -4114.609375
v -2313.210449 -9627.139648 -5709.769043
v -2723.016846 -6332.294922 -4094.356201
v -2642.329102 -6460.324219 -4156.171875
v -5087.889160 -6883.364746 -3975.501953
v -4993.945312 -6516.783691 -5410.741699
v -4937.780273 -6741.718262 -5394.647949
v -6854.601562 -4805.277832 -6429.237793
v -2857.320068 -8015.879395 -3727.428467
v -2113.529297 -5227.338867 -7725.777832
v -874.286682 -5794.933594 -8100.457520
v -5087.993164 -5878.991699 -5419.166504
v -5346.090820 -9586.023438 -5114.961914
v -6005.620117 -6503.037109 -7032.211426
v -6038.246582 -7941.922363 -8370.029297
v -2199.006104 -9029.752930 -7193.919922
v -772.977295 -6552.331543 -7716.786133
v -769.583313 -6727.492676 -7759.399414
v -774.952637 -6873.676758 -7627.206543
v -7483.260742 -7450.483398 -6461.846191
v -2111.541260 -6274.614258 -6577.705566
v -3119.829590 -6339.905762 -3935.394043
v -5981.095703 -4460.226562 -8584.485352
v -7012.546875 -6748.280273 -6410.876465
v -2337.646729 -9525.341797 -4803.349121
v -5896.812988 -7178.926758 -7467.392090
v -5510.109375 -6238.805176 -6034.188965
v -6955.019043 -4354.602051 -8420.206055
v -5445.423828 -6161.645996 -5847.354980
v -1369.667236 -9362.069336 -8366.652344
v -5346.333008 -6466.516602 -4057.392578
v -2635.625488 -4669.611816 -8166.668945
v -3895.919922 -9256.294922 -5310.634766
v -1244.312500 -5483.724609 -8574.518555
v -4094.949951 -9254.358398 -5274.573730
v -2975.428955 -9669.000977 -5000.151855
v -806.007996 -6108.691406 -7589.251953
v -2921.575439 -8613.585938 -3861.962646
v -5121.674316 -5871.024902 -4188.958496
v -4094.484131 -9563.484375 -4845.861816
v -6005.076660 -5675.762207 -7288.397949
v -1026.956055 -6853.062988 -8731.372070
v -2247.634766 -6034.626465 -4668.588379
v -5976.784668 -9575.347656 -5086.520996
v -6661.892090 -4861.625488 -6343.539062
v -4716.866699 -8286.375000 -3789.880615
v -5986.421875 -6884.760254 -6971.618652
v -669.198547 -7699.869141 -5898.735840
v -3098.261719 -7897.585938 -8524.126953
v -3033.285645 -8790.991211 -8286.344727
v -1863.448608 -9582.449219 -7843.999023
v -872.912537 -7304.077148 -5704.385742
v -7480.435547 -7237.408691 -6955.344727
v -7065.240723 -5383.717773 -6824.657227
v -2184.463867 -9630.436523 -5814.731934
v -5421.216797 -5445.151367 -5184.472168
v -3121.927490 -8578.477539 -8419.616211
v -5478.765137 -5650.472656 -4402.091797
v -5853.413574 -8036.416016 -7362.948730
v -6902.995117 -5485.267090 -8294.106445
v -2979.938232 -6970.462402 -5954.451172
v -5887.472168 -6579.791016 -7843.412109
v -5974.645508 -5379.519043 -5323.109863
v -6925.136230 -8883.897461 -8481.872070
v -3104.322266 -7560.513184 -8249.196289
v -850.261108 -6076.188965 -7794.776367
v -6839.372070 -4257.457031 -8495.260742
v -750.430054 -7101.437012 -7625.443359
v -4473.080566 -5702.564453 -4069.376709
v -1262.507935 -5871.647461 -5829.844727
v -7340.510742 -6161.882324 -7256.737305
v -3117.016357 -5683.278809 -5653.994629
v -3003.013672 -7315.250977 -8259.985352
v -5773.589844 -8489.859375 -7487.191895
v -5827.400879 -5136.846191 -6800.096191
v -7201.462891 -6052.156738 -7825.450684
v -3028.581299 -7539.346680 -6022.959473
v -5786.012207 -5308.113770 -6627.637695
v -6545.340332 -7330.718750 -4716.211426
v -3001.456543 -7321.149414 -6019.117676
v -1962.632690 -6280.032227 -4689.108398
v -6505.387695 -7692.354980 -4612.600098
v -4124.383301 -9347.891602 -4099.716309
v -4139.065430 -5829.311035 -5184.730469
v -900.161621 -5901.050293 -7776.332520
v -2585.068848 -4849.214355 -8725.672852
v -545.154785 -7066.570801 -6869.069336
v -5259.009766 -6807.323242 -4002.884521
v -1959.738159 -6889.424805 -7303.959473
v -2073.183838 -9516.125000 -8177.171875
v -2335.695312 -4986.993652 -8037.689941
v -5696.609863 -8761.550781 -7056.388672
v -1903.057495 -6715.060547 -7446.817383
v -7049.483398 -5125.234863 -6360.917480
v -5822.560059 -8645.234375 -7815.723633
v -3712.784180 -8463.408203 -3884.089111
v -5755.623535 -5267.219727 -5881.219727
v -5938.143555 -4837.968262 -8141.137695
v -6387.527832 -8492.039062 -4444.681641
v -5179.315430 -8029.135254 -4066.377930
v -2453.895752 -5409.944336 -6144.025391
v -5667.662109 -5544.754883 -5910.828125
v -5943.203613 -6977.791016 -4334.632812
v -2177.433350 -9525.220703 -8631.836914
v -3644.321533 -8176.903320 -3874.939941
v -3591.951416 -5736.463867 -4187.703613
v -5348.997559 -8710.685547 -4145.013672
v -6680.949707 -4335.694824 -8597.520508
v -1665.399780 -4727.330078 -8896.003906
v -677.677368 -7976.491211 -6432.616699
v -2676.634766 -6208.130371 -8275.184570
v -3704.486572 -5701.628418 -5229.429688
v -5854.445312 -6249.146484 -7621.093750
v -2773.969727 -6678.118164 -4055.547363
v -6081.344727 -7447.425781 -8453.005859
v -7140.895996 -6509.908691 -6298.897461
v -6309.114746 -6125.705078 -8725.948242
v -3491.302246 -9626.171875 -4927.718750
v -2435.291504 -7255.030762 -4204.218262
v -2934.395020 -8254.648438 -8645.438477
v -6708.223633 -9457.260742 -8478.557617
v -5855.977051 -5394.958984 -6928.779785
v -2629.350830 -9033.104492 -8672.174805
v -5789.431641 -8590.778320 -7415.400391
v -7427.907715 -8942.622070 -6871.995605
v -5843.375488 -5589.958496 -6855.970215
v -5034.727539 -7796.352051 -4014.043701
v -4077.288818 -8588.392578 -5269.724609
v -6908.644043 -4774.208984 -8398.250977
v -6713.982422 -9528.520508 -6748.595215
v -2198.291504 -7613.839844 -6371.287109
v -2718.631348 -8874.194336 -8628.041016
v -6801.417480 -9460.163086 -8405.055664
v -3350.810059 -9611.146484 -5055.053711
v -3152.749023 -9022.990234 -3977.456787
v -6669.716797 -9659.114258 -8109.378418
v -1937.206421 -7496.745605 -4609.438965
v -2804.159180 -7613.084961 -8736.360352
v -3676.172119 -5526.328125 -5019.617188
v -2554.541748 -9184.831055 -6271.450195
v -3868.866211 -5582.755859 -5079.081055
v -2587.829590 -9041.696289 -6316.653320
v -1928.914185 -6948.346191 -7622.373047
v -3027.532471 -8163.841309 -8245.519531
v -701.414185 -6613.776367 -7465.782227
v -743.797668 -6475.028320 -7578.768555
v -834.586914 -9343.281250 -6919.560059
v -5909.483398 -7457.122559 -7287.979004
v -2447.855225 -4915.102051 -8104.190918
v -1985.902100 -5309.953125 -6953.655762
v -1037.440674 -5813.874512 -6613.406738
v -1685.606689 -9581.639648 -7248.907227
v -5630.555664 -7395.326172 -6477.648438
v -2452.531494 -9447.519531 -8370.703125
v -3004.087891 -5527.947266 -4698.706543
v -5275.352051 -9050.658203 -6103.924805
v -964.840210 -5455.758301 -7361.179199
v -607.115723 -7083.199219 -6490.267090
v -5264.543945 -8918.456055 -6140.284668
v -993.032104 -5421.842773 -7186.366211
v -5331.240234 -9374.292969 -4321.364746
v -824.073608 -7178.955566 -8528.610352
v -7024.622559 -6795.488281 -5737.073242
v -2124.188477 -6291.209473 -7924.450684
v -4206.656250 -6452.499023 -5276.804688
v -6025.180664 -9238.105469 -7398.708496
v -2102.663818 -7672.316406 -6574.388672
v -1542.650635 -4944.061523 -7753.751465
v -1096.436890 -5381.590820 -8425.344727
v -5254.538086 -7395.725586 -4028.196777
v -2304.038818 -9434.340820 -6247.674316
v -7068.284180 -7376.731445 -5435.821289
v -1164.877686 -7452.289062 -5468.151855
v -6781.230469 -5056.930664 -5907.758301
v -2392.872559 -6382.209961 -8711.066406
v -3829.442139 -8575.695312 -3918.229004
v -2032.794678 -5981.910156 -6924.023438
v -2884.091064 -5691.992188 -4314.451172
v -5698.498535 -6481.227051 -6585.456543
v -7054.107910 -6416.264160 -6778.239746
v -1640.498657 -8618.047852 -4768.553711
v -2298.847900 -9503.488281 -8353.737305
v -1333.457275 -6067.689453 -5617.645020
v -1173.690552 -8757.571289 -5245.471680
v -1010.960510 -7032.884766 -5647.874023
v -4263.969727 -7113.900879 -3714.662109
v -1382.835693 -4868.380371 -8091.051270
v -7110.659668 -8015.649902 -8256.873047
v -4582.583008 -5856.442871 -3948.516357
v -6408.636230 -9645.525391 -7934.459473
v -3776.318848 -7410.603027 -5294.961914
v -7424.067871 -8926.804688 -6227.130859
v -952.720398 -8225.564453 -5602.536133
v -711.954956 -6254.851562 -7354.237305
v -4733.929199 -5571.878418 -4328.973633
v -5433.938965 -7284.981934 -5983.722168
v -5074.587891 -5518.451172 -4453.098633
v -2092.472656 -9489.056641 -6446.705566
v -2272.268799 -8811.110352 -7943.658691
v -7099.079102 -5108.933594 -7023.876953
v -2478.936279 -5873.035156 -4541.553223
v -6921.559082 -5589.700684 -5736.542480
v -4574.975098 -8071.343750 -5235.741699
v -1191.900146 -8701.575195 -8621.964844
v -5407.470215 -8853.702148 -4158.391113
v -7086.849121 -5435.480469 -6303.866699
v -2092.479980 -7970.968262 -6719.807617
v -2543.478271 -6607.580566 -8150.271484
v -5983.644531 -4645.863770 -8525.787109
v -6681.340332 -4198.599121 -8468.985352
v -7331.265137 -6965.116211 -7391.921875
v -1421.211914 -9125.383789 -8620.641602
v -957.335632 -7096.318359 -8609.123047
v -2552.504395 -4482.065430 -8362.118164
v -5319.303223 -9559.295898 -5225.926758
v -1729.858643 -7119.197754 -4845.511230
v -6931.877930 -5825.098633 -5674.481445
v -1303.878418 -7949.889160 -8864.066406
v -2640.875244 -6862.031250 -8155.704102
v -4132.063965 -8315.070312 -5223.337402
v -5068.042969 -5692.772949 -5366.314941
v -2174.787598 -7354.589844 -4397.630371
v -2483.187744 -8083.583984 -8144.900879
v -5849.703613 -7452.364746 -4287.768555
v -3264.554199 -8713.365234 -5916.539062
v -5970.239746 -5427.473633 -7939.770996
v -7311.430664 -7488.143555 -5993.333008
v -7209.567871 -6037.210938 -7155.618164
v -577.987122 -7969.163574 -6894.741699
v -6029.573242 -7568.815430 -7031.409180
v -6670.269043 -7923.686523 -4770.604980
v -2228.693604 -8460.282227 -6897.623047
v -7239.772949 -8596.348633 -5732.054199
v -2659.982666 -8100.938477 -3997.327881
v -1871.065918 -4837.906250 -9002.101562
v -1492.807251 -6822.721191 -5204.799805
v -2630.389160 -5486.519043 -4822.987305
v -2119.412109 -5263.676270 -8903.416992
v -4790.782715 -9539.027344 -4377.330566
v -1372.742065 -7137.596680 -5302.363281
v -2024.080566 -8396.623047 -7564.655273
v -2913.437012 -7589.790039 -3761.683594
v -1216.606201 -7070.033691 -5473.507324
v -6274.516113 -9616.460938 -8065.453125
v -803.789124 -7683.876465 -7422.413086
v -1142.130493 -5352.723145 -6719.349121
v -3583.375244 -5543.621094 -4446.726074
v -5251.011719 -9461.250977 -5443.297363
v -4861.016113 -7470.487793 -3926.959717
v -2031.380737 -5652.742676 -4942.669434
v -5836.929199 -9406.832031 -6550.749512
v -7023.082520 -9365.874023 -6957.433105
v -681.583313 -6607.567383 -8001.757324
v -5874.312988 -9320.872070 -6827.268555
v -1294.207520 -4992.582031 -8556.747070
v -5202.591309 -8588.569336 -6071.622559
v -5955.021973 -7547.778809 -8079.623047
v -971.237610 -7235.258789 -5608.095215
v -6820.224121 -4629.766113 -6726.840820
v -5976.504883 -6015.073242 -6887.104004
v -2960.189697 -9087.178711 -4195.251465
v -1851.782471 -8186.605957 -8917.944336
v -2176.416748 -6401.958984 -4612.578613
v -3866.875000 -5528.202148 -4508.634277
v -6470.504883 -8818.574219 -4523.536621
v -3337.105469 -7920.330078 -3747.677490
v -6443.631348 -4624.647461 -6928.393066
v -4648.295898 -7539.333008 -5298.296387
v -628.296204 -7568.195801 -7779.902832
v -1947.251099 -5902.671875 -7176.262207
v -783.887817 -6543.469727 -7613.767578
v -5967.224121 -5591.064453 -7962.939453
v -5913.931641 -5631.395996 -4569.998535
v -6564.218750 -7011.386230 -4730.719238
v -512.179016 -7630.037109 -6617.937988
v -2103.494629 -9588.241211 -5210.430176
v -1971.047607 -9569.454102 -5477.204590
v -2652.073486 -5697.712891 -8270.725586
v -1227.396362 -7880.278809 -8850.492188
v -6266.615234 -7896.342773 -4381.278809
v -632.021973 -7132.595703 -7803.625000
v -7017.499023 -5426.313477 -7802.222656
v -6032.407227 -4990.551758 -6307.526855
v -6994.893555 -5365.177734 -8025.435547
v -5824.602539 -5123.450684 -6260.563477
v -7461.809082 -8257.668945 -7482.648438
v -5858.842285 -5010.231445 -6437.466309
v -2825.580566 -7786.153809 -8121.594238
v -7211.467773 -5904.816406 -7630.370117
v -2705.959229 -4660.636230 -8201.059570
v -2193.385742 -6492.891113 -7995.387207
v -5356.597656 -9596.798828 -4632.672363
v -1991.327148 -6835.835449 -7764.090332
v -6015.838379 -5636.511230 -8315.365234
v -2685.612793 -6016.216797 -8272.428711
v -5960.374512 -5005.913574 -8235.776367
v -3190.050049 -6819.813965 -3931.946777
v -2016.619385 -5189.388672 -7306.849609
v -7097.163574 -5625.940918 -6753.987793
v -2035.274414 -5138.238770 -7539.479980
v -6540.520508 -8185.306641 -8598.466797
v -5104.458496 -5748.556152 -4237.222168
v -1881.834106 -4575.425781 -8811.063477
v -4963.090820 -6871.658203 -3992.590576
v -878.247192 -9364.083008 -7524.279297
v -1584.088379 -9609.690430 -7033.201660
v -4883.594727 -6635.469727 -5372.460449
v -5372.348145 -8090.857910 -4163.877441
v -3813.741943 -8085.782227 -4011.200439
v -5694.912109 -7676.496094 -4201.446777
v -4522.168457 -9578.399414 -4801.770996
v -1260.356934 -8075.940918 -5385.931641
v -6894.830078 -4221.181152 -8310.313477
v -7395.708496 -7057.248535 -6764.361816
v -3984.146729 -7024.025391 -3816.154785
v -6318.413086 -9521.206055 -7252.353516
v -636.631592 -7414.238770 -8180.956543
v -6481.804199 -4333.435059 -7641.040527
v -7028.758301 -5223.603027 -8013.978516
v -7395.800781 -8530.742188 -5911.000488
v -1469.406982 -5737.796387 -5595.364258
v -5277.603516 -9587.680664 -4552.900391
v -5487.959961 -7597.720215 -4130.003906
v -3380.620605 -5613.126465 -5445.112305
v -6862.747070 -5705.342285 -8390.925781
v -5928.498047 -6704.808594 -8180.616211
v -1577.230225 -4770.308105 -8801.824219
v -650.148071 -7291.187500 -8233.987305
v -2671.361084 -6366.663086 -6044.900879
v -2648.071533 -4910.233398 -8617.817383
v -2292.757324 -9512.774414 -8617.208008
v -5033.469238 -6593.492188 -3978.247559
v -2677.458008 -9229.375000 -4254.168457
v -5497.239258 -6440.988281 -4070.331299
v -2501.374756 -9499.097656 -5867.194824
v -2471.178955 -5598.402344 -6348.066895
v -5705.571289 -6477.789551 -4113.528320
v -2408.845703 -9127.739258 -6438.744629
v -5867.438965 -6608.705566 -7252.877441
v -6281.365723 -9614.901367 -8204.802734
v -7332.805664 -8273.302734 -5870.297363
v -2136.451904 -8340.738281 -7201.449219
v -7521.079590 -7849.635742 -6200.964844
v -1862.216675 -9565.725586 -5582.747070
v -1756.343994 -7819.946777 -8952.960938
v -4901.114746 -9503.700195 -5084.112793
v -6537.621094 -7557.581055 -8624.233398
v -2616.964600 -5510.235352 -5925.229492
v -7057.089355 -4793.726074 -7889.848633
v -3634.811768 -9603.647461 -4504.750977
v -1593.593506 -4994.946289 -8842.618164
v -7202.797363 -6215.089844 -6965.984375
v -3216.313721 -5542.146484 -4419.927246
v -5937.425781 -7352.838867 -7713.740723
v -5822.431152 -8878.198242 -7368.984863
v -5892.864258 -4957.662598 -6463.793945
v -1007.615540 -8159.062988 -8316.796875
v -7035.369629 -5675.644531 -8036.498047
v -5886.011719 -4966.150391 -7268.745605
v -7301.739746 -7154.342285 -6190.819824
v -2468.197266 -7867.509277 -4071.356201
v -1578.399658 -9039.166016 -5084.449219
v -5479.986816 -8044.266602 -6312.793945
v -6644.261719 -9533.387695 -6495.724609
v -7160.754395 -8299.325195 -5325.615723
v -1263.375366 -6254.812500 -5930.041504
v -7232.396484 -9241.499023 -7314.067383
v -2359.439697 -7495.090332 -8760.819336
v -6725.966309 -5156.062012 -5707.196289
v -7180.719727 -8817.139648 -5685.836914
v -4966.900879 -7313.381836 -5423.545898
v -6508.797363 -5732.459961 -5058.503418
v -2670.187256 -5917.763184 -6122.756836
v -5139.821777 -6635.046875 -5629.824707
v -748.118530 -7144.416016 -7433.560547
v -6274.645996 -9519.892578 -7548.618164
v -7575.245117 -8460.427734 -6541.750488
v -3075.468994 -7805.423828 -5991.238770
v -5703.418457 -5983.847168 -4328.032227
v -2642.988525 -9134.542969 -4212.834473
v -1473.324707 -5123.280762 -7297.356445
v -5763.871582 -8089.370605 -6904.971191
v -989.105774 -5391.329102 -7575.702637
v -5828.047363 -7897.459961 -6867.866699
v -4875.937988 -9575.805664 -4898.180176
v -7112.444824 -5283.914062 -6494.049805
v -4777.534668 -9613.831055 -4543.518066
v -6892.235352 -9318.223633 -5552.751465
v -5017.364258 -9612.187500 -4695.870117
v -5733.908691 -7485.599121 -4186.680176
v -7079.469727 -4575.354492 -7969.140137
v -2397.733643 -6765.457031 -4370.675293
v -7065.387207 -4390.285156 -7812.892090
v -5271.710938 -6150.572754 -4093.642090
v -7442.062500 -8886.668945 -7645.343750
v -3670.349121 -7499.439941 -3957.825928
v -7454.242676 -8860.093750 -7389.748047
v -4782.157227 -5802.746582 -4115.466309
v -6044.389648 -5314.496582 -5620.675293
v -1896.655884 -6501.145020 -7640.104492
v -1078.964844 -6210.237793 -8578.966797
v -4266.628418 -6019.834961 -3829.813232
v -895.648438 -6470.499023 -8414.041992
v -1534.475586 -8925.213867 -8740.812500
v -723.111694 -7429.167480 -7617.133301
v -1093.091187 -9461.142578 -6469.322754
v -1172.099365 -5840.026367 -6082.558105
v -1958.771973 -7380.727539 -8996.253906
v -2719.430664 -5186.477539 -8540.097656
v -1032.946411 -5233.918945 -7774.027832
v -7394.928223 -8885.183594 -7803.812988
v -6770.969727 -5282.668945 -5624.319336
v -811.168396 -9311.017578 -6759.636230
v -7321.864258 -8695.630859 -7991.105957
v -1492.701538 -6654.733398 -9024.185547
v -4883.654297 -7743.587891 -5467.898926
v -3687.271484 -6574.991211 -3984.167480
v -2402.171631 -8824.610352 -4235.673340
v -2807.771484 -4671.082520 -8376.791992
v -4620.520020 -5578.540039 -5086.270020
v -6330.017090 -5594.805664 -8649.662109
v -6084.065918 -8903.909180 -8511.458008
v -3985.555176 -9444.711914 -5064.447266
v -6817.965332 -6540.608398 -5252.723145
v -2163.739014 -9502.309570 -8262.415039
v -2465.230469 -8004.577148 -4047.675293
v -5875.159668 -4889.186035 -7071.136230
v -2342.182129 -7186.279297 -8775.688477
v -836.681030 -8807.035156 -5681.138672
v -3459.493896 -9631.983398 -4626.829102
v -6556.066406 -6528.683594 -8635.226562
v -5952.380371 -5748.455566 -8048.070312
v -7114.346191 -4940.661621 -6814.603027
v -3634.211914 -8836.984375 -5557.345215
v -2140.325195 -9200.393555 -7121.923340
v -5787.967773 -7762.759766 -6773.827637
v -2873.908203 -5639.094238 -5750.349121
v -1759.251099 -4648.448242 -8939.335938
v -2233.299072 -6988.999512 -6301.263672
v -4393.746094 -8654.657227 -3768.756348
v -1202.583862 -5759.721191 -8559.522461
v -677.141418 -9196.809570 -6736.023438
v -4533.416992 -5969.856445 -3852.288574
v -2816.772949 -9639.529297 -5330.020996
v -6314.117188 -4889.164551 -6494.685059
v -6811.286133 -8159.828613 -4808.558594
v -2200.579102 -9659.214844 -5656.879395
v -5624.400879 -7815.717773 -6586.467285
v -1195.720581 -5159.572754 -7181.345215
v -3465.805176 -6972.252441 -5543.031250
v -5861.804199 -7768.415039 -6856.155762
v -1088.245850 -7257.001953 -8902.931641
v -2315.832031 -6908.029297 -8784.003906
v -3267.400146 -5535.763184 -4553.465332
v -1953.514893 -5266.000977 -7042.227051
v -5524.191895 -5442.889648 -5639.553711
v -1171.735962 -5264.286133 -6892.457520
v -2961.396973 -8361.445312 -6174.084473
v -1098.064087 -7297.182617 -5526.205078
v -6499.881348 -8676.011719 -4549.111816
v -2229.639648 -6697.619629 -8859.372070
v -5577.843262 -9547.444336 -4699.923828
v -7461.128906 -8657.762695 -7386.228516
v -1129.702759 -5092.297363 -8389.555664
v -3439.799561 -6247.875488 -3970.035400
v -7064.457520 -6364.539551 -6763.442871
v -3599.607422 -7097.161621 -5381.412598
v -6656.779297 -9577.441406 -7001.801758
v -6517.504395 -9666.422852 -7955.854492
v -778.021484 -9131.433594 -7833.500488
v -2257.415283 -6620.972656 -6261.073242
v -1994.015869 -5399.848145 -6098.787598
v -7139.565918 -9188.539062 -8160.896973
v -717.557739 -6615.915527 -7843.083008
v -3092.177002 -8618.951172 -6027.472168
v -6371.606934 -5151.551270 -5879.989258
v -2760.741211 -6663.735840 -8455.626953
v -4470.047852 -5695.496094 -5176.166016
v -527.957764 -7709.606445 -7033.607422
v -1669.580444 -8597.886719 -8823.009766
v -833.660339 -9197.275391 -5954.210449
v -4131.306641 -5655.896973 -5131.928711
v -3821.911865 -9032.433594 -5440.460938
v -3345.947510 -5689.555664 -4184.219727
v -710.242065 -9090.217773 -6187.903809
v -938.830383 -5675.268066 -7466.467285
v -3956.484131 -8898.644531 -3938.826172
v -4180.254395 -8823.632812 -5310.309570
v -7122.325195 -9021.826172 -5733.583496
v -1026.399048 -5399.112793 -7746.650391
v -3623.708740 -7098.677734 -3997.596191
v -2142.651123 -7536.639160 -7930.463379
v -6938.474609 -7081.224121 -5267.526855
v -2468.658447 -8092.327637 -6289.841309
v -3883.005859 -9072.312500 -3980.335205
v -6780.484375 -7853.409180 -4834.954102
v -3454.651367 -7875.779297 -3801.401855
v -5655.246094 -7601.314941 -6561.924805
v -859.732239 -9281.579102 -6081.857422
v -2447.000000 -8817.419922 -6466.419922
v -2398.813232 -5246.160156 -8120.385254
v -2491.032227 -4582.958984 -8177.097168
v -587.909851 -8593.137695 -7146.649414
v -1959.673828 -5340.332520 -8975.480469
v -7136.367676 -7060.411621 -8192.138672
v -5566.869629 -5479.139160 -5723.991211
v -1978.290039 -5339.104492 -6842.787109
v -7166.498047 -9263.013672 -7653.986328
v -6565.410645 -6784.963379 -4635.073242
v -5913.764160 -5342.694824 -7089.846191
v -5659.849609 -5420.917969 -5322.855957
v -5929.553711 -5114.413086 -7506.340820
v -7299.417480 -6412.372559 -6945.183105
v -6960.050781 -6609.552246 -8333.906250
v -1495.914551 -5444.662598 -5825.875000
v -3660.609375 -6717.701660 -4064.192627
v -2138.369873 -6944.188477 -7896.088379
v -1691.854492 -9345.100586 -5261.059082
v -4862.208008 -9448.611328 -5184.718262
v -6540.094727 -5789.716797 -5044.875977
v -2249.273193 -5605.314941 -8826.724609
v -5176.712891 -8627.943359 -4018.728027
v -2585.107178 -6062.367676 -4343.316895
v -768.015747 -8205.604492 -7351.209473
v -7349.975586 -7993.962402 -5896.940430
v -3610.993652 -9461.228516 -4290.653320
v -1958.882812 -6429.383301 -4664.656738
v -4985.445312 -6197.578125 -5350.378418
v -4776.814453 -9372.224609 -4202.049805
v -3158.984863 -8135.732422 -8339.093750
v -2085.958008 -5303.129883 -7635.933105
v -2050.098633 -5356.282715 -7491.916504
v -7104.784668 -4941.269043 -7282.580566
v -2059.055420 -9322.579102 -7269.071777
v -2003.500732 -8382.737305 -7693.017090
v -6060.145020 -4205.935547 -8160.274902
v -7044.787109 -5775.829590 -6118.414551
v -971.661560 -7823.205566 -5576.854980
v -7367.191895 -8334.049805 -8018.904297
v -5606.876953 -9135.083008 -6610.204102
v -7319.353027 -7906.857910 -8110.679688
v -4624.558105 -8622.715820 -5409.790527
v -3251.668701 -6628.256836 -5754.489258
v -4458.438965 -5597.313965 -5089.742188
v -2982.594482 -5605.410645 -4347.573242
v -7095.818359 -8869.874023 -5263.893555
v -5948.454590 -7836.626953 -8076.701660
v -1560.975952 -8230.505859 -5081.031738
v -977.612305 -8819.001953 -8400.122070
v -6309.042969 -8926.391602 -4448.199707
v -3362.593994 -9650.895508 -4861.678223
v -2702.329346 -8079.493164 -3938.529785
v -5904.708496 -7362.456055 -7342.134766
v -4868.187988 -5715.969727 -4200.692871
v -5973.582520 -6695.594238 -6970.967285
v -6748.973145 -7553.120605 -4919.295410
v -2542.807617 -8057.501465 -6303.007812
v -4684.314941 -8724.974609 -5479.405273
v -2732.574707 -8123.396484 -6285.831055
v -7255.047363 -7455.843750 -5923.685059
v -5872.788574 -4476.973145 -8400.364258
v -3674.886475 -6804.780273 -4079.254883
v -7198.834961 -7401.329102 -5623.098145
v -2442.375977 -6745.358398 -6215.468750
v -5971.645996 -5642.958008 -7052.665039
v -6882.275879 -7759.409180 -4950.721680
v -6281.158203 -4374.104980 -8723.119141
v -2291.646729 -8586.089844 -4207.598145
v -956.187073 -6492.301758 -6219.950684
v -1598.555908 -5379.467285 -5743.643555
v -2741.087646 -7562.860352 -3832.080566
v -5887.218262 -4307.734863 -8264.462891
v -4024.125244 -5514.013672 -4944.856445
v -5875.985352 -4434.424805 -8222.494141
v -1289.912354 -5722.025391 -8784.359375
v -7287.395020 -8839.510742 -8004.380859
v -4080.402832 -8818.938477 -5325.280762
v -5738.839355 -5986.126953 -6602.530762
v -807.970703 -8014.333984 -5855.691406
v -1321.444702 -5543.798828 -8746.537109
v -3097.530762 -6213.216309 -3957.928955
v -7480.410156 -7783.954102 -7644.985840
v -6514.284180 -5553.367188 -5093.804688
v -5987.824707 -9486.841797 -6561.198730
v -4212.000000 -6473.186523 -3678.696533
v -6077.590332 -9527.012695 -6512.627930
v -2390.344727 -6211.236328 -6287.956055
v -7078.907227 -6732.626465 -6093.718262
v -2037.359131 -8433.851562 -7776.748535
v -2805.431152 -7123.611328 -8631.955078
v -496.914825 -7235.712402 -6887.976562
v -1929.639526 -6634.393066 -8999.878906
v -2210.888672 -8438.708008 -4234.416504
v -7035.112305 -9200.114258 -6011.282715
v -2649.445557 -9654.361328 -5066.609375
v -7189.716797 -6364.075195 -8013.439941
v -4527.770020 -9258.939453 -5342.573730
v -1507.821411 -4735.054199 -8579.541992
v -4093.752686 -9049.651367 -5353.805176
v -1325.471191 -7772.547852 -5333.222656
v -4615.380371 -6590.325195 -5232.223633
v -2068.474365 -9332.059570 -6903.525879
v -1658.508057 -4655.273926 -8739.789062
v -2741.601318 -8950.654297 -8599.859375
v -3022.258545 -8972.878906 -6003.547363
v -2519.803955 -9204.513672 -8728.876953
v -2162.300049 -6200.613281 -4655.804199
v -1689.738647 -9340.250977 -8636.354492
v -631.053528 -8047.314941 -6601.918457
v -6169.051270 -9557.316406 -6416.104980
v -3253.632324 -8340.482422 -5912.485352
v -7098.240723 -6657.663086 -6734.269043
v -2769.398682 -8712.557617 -4116.187012
v -700.319092 -8186.671387 -7155.163086
v -1672.234741 -7713.109863 -5073.141602
v -2414.241699 -5501.674316 -8188.480957
v -884.241333 -6511.285645 -6379.147461
v -5910.589844 -9080.870117 -7496.759277
v -1614.119263 -8443.123047 -4916.169434
v -1107.297485 -6281.223633 -6114.700684
v -2334.994873 -5102.695801 -8060.886230
v -2513.173096 -9058.606445 -8766.517578
v -5575.836426 -9597.832031 -5473.302734
v -5947.904785 -9647.513672 -5380.203613
v -7183.165039 -6865.085938 -6706.436035
v -5784.328125 -8678.497070 -7358.076660
v -2828.047363 -9069.221680 -8423.674805
v -5650.680176 -6599.987793 -6458.190918
v -3285.311035 -9081.254883 -3982.726318
v -5212.799316 -9215.814453 -5854.300293
v -2217.106689 -8248.372070 -4188.370117
v -1748.399536 -4928.707031 -7702.697266
v -2284.177979 -7012.248535 -6256.599121
v -2125.216553 -9243.813477 -7264.693359
v -6792.701660 -4706.681152 -8533.608398
v -1031.834473 -6429.743652 -6091.262207
v -2134.256104 -5432.520996 -5532.424805
v -5871.946289 -6345.074219 -7276.629883
v -842.587891 -6690.335449 -6250.670898
v -1088.488770 -5943.230957 -6318.455566
v -1768.693237 -8496.569336 -8857.827148
v -5681.093262 -8339.562500 -6904.750000
v -1968.667236 -8700.820312 -8954.081055
v -1156.393433 -6911.933105 -5644.223145
v -2340.295654 -9347.291016 -6339.002930
v -576.431702 -7328.214844 -6444.633789
v -2481.045166 -7407.937012 -8764.283203
v -6977.828613 -6127.392578 -5707.637695
v -6813.959473 -9361.760742 -5425.706543
v -1729.234131 -9412.281250 -5357.309570
v -663.404114 -7831.988281 -7175.841309
v -5181.131348 -8794.408203 -4052.605713
v -6772.604980 -5946.157227 -5205.207031
v -4727.244629 -9219.969727 -5413.610352
v -1970.991455 -4832.121582 -7758.799316
v -2299.082764 -5688.956543 -4744.469727
v -5283.437012 -5485.067871 -4497.850098
v -6255.225586 -9613.896484 -5815.102539
v -4625.839844 -6838.342285 -3718.689209
v -2337.434814 -6625.443359 -8747.905273
v -7415.562988 -8372.008789 -7234.306641
v -2315.282959 -8321.410156 -6508.654297
v -1803.684814 -8261.975586 -8878.380859
v -4508.658203 -7582.806641 -3694.780518
v -3393.938965 -9054.496094 -5729.522461
v -6256.625488 -5095.081543 -6112.181152
v -6315.149414 -5297.321777 -5368.874512
v -7423.998047 -8011.044434 -7248.760742
v -1489.765259 -7289.852539 -9031.095703
v -5965.759277 -6315.862305 -6879.370605
v -5882.032715 -4677.952148 -8300.212891
v -4094.272217 -9632.052734 -4502.707031
v -2311.229004 -4824.791504 -8028.967285
v -5334.157227 -8252.493164 -6091.200195
v -6651.645020 -7937.659180 -8557.978516
v -6059.189941 -6037.160156 -8508.315430
v -6878.896484 -8411.889648 -8447.435547
v -2131.057617 -4756.510742 -7973.837402
v -590.899292 -8698.269531 -7491.160645
v -5926.348633 -5954.613281 -7299.375488
v -3571.726807 -6515.009277 -5401.455566
v -5851.497559 -6071.686523 -7406.644531
v -4009.804199 -6082.041992 -5237.173828
v -1608.045044 -8434.696289 -4983.123047
v -3582.740723 -7860.639648 -5450.209961
v -1050.573242 -5879.353027 -8389.778320
v -909.129639 -6168.211426 -8299.708984
v -4919.840820 -7952.116699 -4003.648193
v -2320.575439 -7016.964355 -8052.834961
v -3763.707275 -6594.042969 -3927.255615
v -7555.125977 -8000.106934 -6606.989746
v -7332.645508 -7133.391602 -6323.260742
v -712.726562 -6718.044922 -6774.726562
v -709.290283 -6710.001953 -6841.806152
v -1252.700684 -8549.102539 -8668.099609
v -715.902222 -6332.954102 -7187.114258
v -3264.883789 -9130.695312 -5780.779785
v -2399.787109 -5444.911133 -5736.597168
v -5782.701660 -9115.646484 -4359.510742
v -2019.007202 -5391.323242 -6164.603516
v -2602.763672 -6613.378418 -8621.173828
v -2442.491211 -7457.250488 -4173.362793
v -4356.808105 -5510.348145 -4910.024414
v -6193.437988 -8263.142578 -4304.936035
v -7113.067871 -5522.462402 -7199.798340
v -6212.509277 -9315.840820 -4637.496094
v -7009.826172 -5237.810547 -6156.034668
v -6725.248535 -5756.068359 -5270.623535
v -4560.538574 -8995.817383 -5414.716309
v -2476.256348 -8715.183594 -6424.511719
v -5958.990723 -7705.087891 -7152.968750
v -7142.976074 -5917.652344 -7902.028809
v -6883.681641 -8555.323242 -8474.516602
v -4259.688477 -6421.441406 -3673.676025
v -2208.929199 -8874.614258 -7263.073242
v -6511.916016 -9515.615234 -8496.977539
v -1057.982910 -8869.333984 -5433.127441
v -1750.451294 -9218.377930 -8754.238281
v -5700.959961 -9455.506836 -4581.280762
v -5754.270996 -9354.884766 -4512.436035
v -2170.518799 -5140.620117 -8891.766602
v -2961.031006 -7101.907227 -3854.151611
v -4126.187500 -6893.244141 -3755.695801
v -643.686829 -7097.575684 -6226.421875
v -595.409973 -7436.738281 -6121.151855
v -3767.090576 -8873.599609 -3906.230469
v -3658.273682 -6640.527832 -5352.100098
v -6844.503418 -6134.111328 -5330.912109
v -1224.488647 -9171.083008 -8461.328125
v -7226.873535 -9205.631836 -7106.673828
v -5058.796387 -9341.482422 -4257.183594
v -2189.234131 -4908.509766 -8958.095703
v -2170.468994 -7199.403320 -4486.877441
v -1207.019287 -9252.340820 -8366.437500
v -6894.092773 -6642.345703 -5386.216309
v -2511.321289 -7309.732422 -8764.568359
v -7272.013672 -8259.856445 -5753.607910
v -2341.540039 -9592.453125 -4961.458008
v -708.143250 -8679.913086 -5865.765625
v -2940.892090 -8802.828125 -6180.314453
v -5756.274414 -5432.378906 -4660.135742
v -4609.150879 -8857.053711 -3841.444580
v -1892.598999 -7823.986816 -7456.423828
v -3756.813721 -5643.145508 -5177.955566
v -3622.114990 -9648.571289 -4627.341797
v -3371.605469 -9373.132812 -5484.895508
v -4818.443359 -5521.406250 -4827.017578
v -2161.825195 -9256.705078 -6809.205078
v -3473.320557 -7904.666016 -5533.221680
v -7268.786133 -8368.579102 -5661.762207
v -747.457092 -7758.540527 -7505.671387
v -3467.745605 -7214.619629 -5508.020508
v -6015.186523 -9310.000000 -7891.539062
v -7150.547852 -6232.926758 -6888.250488
v -7461.340332 -8051.165527 -7033.350586
v -2226.618408 -6042.703125 -6464.594727
v -1493.524048 -6350.000977 -5327.393555
v -1803.129028 -4878.557129 -7838.270996
v -3728.217285 -7173.383789 -3983.851807
v -1579.004028 -6393.091309 -5236.083984
v -5813.044922 -8073.910645 -6983.895508
v -990.733826 -6211.393066 -6467.246094
v -5694.174805 -9125.897461 -6787.068848
v -691.427551 -8399.568359 -5967.366699
v -6679.166504 -9165.658203 -4882.354004
v -3271.629883 -9552.923828 -5295.396484
v -6944.270508 -4436.810547 -7189.650391
v -2970.396729 -6199.776367 -4007.001465
v -7210.601074 -8814.194336 -8227.036133
v -5920.999512 -4209.275879 -8355.466797
v -2333.068848 -8078.766113 -6346.203125
v -1902.012207 -7959.896484 -7507.947754
v -2683.156494 -4957.804688 -8544.420898
v -3090.949463 -9134.551758 -5862.935059
v -6442.740723 -9564.870117 -7266.823730
v -7545.701660 -8452.200195 -6630.737305
v -6002.899902 -7498.246094 -4322.577637
v -2071.302734 -8576.917969 -7666.690918
v -5366.633301 -6931.278320 -4037.616699
v -735.609375 -7680.708008 -7283.934082
v -2109.892822 -8262.422852 -7938.364258
v -1908.280029 -7175.625000 -9001.272461
v -2758.877686 -7342.866699 -3869.696533
v -6013.988770 -5180.197754 -8356.775391
v -2610.211914 -8486.438477 -4116.775879
v -1014.079468 -6233.277344 -6337.313965
v -2126.983643 -5090.226074 -7782.946777
v -1000.504761 -7478.735840 -8690.902344
v -1096.848877 -6475.690430 -8660.474609
v -740.121826 -8217.566406 -7700.567383
v -2274.451416 -9004.516602 -4339.550293
v -5713.461914 -6843.423340 -4093.456787
v -5895.027832 -7899.462891 -7033.221680
v -5790.306152 -9639.482422 -5247.239746
v -1934.574585 -8190.583008 -4358.562500
v -1928.951294 -7896.306152 -7714.229004
v -6065.308594 -6133.023438 -7070.268555
v -1952.189697 -8048.866211 -7772.268555
v -4654.293945 -5635.462402 -4223.034180
v -7369.274414 -7160.450684 -7297.456055
v -2487.146729 -5607.795898 -8693.745117
v -1908.735474 -9427.247070 -8753.866211
v -2554.459961 -6143.460449 -8669.935547
v -1193.831787 -8673.159180 -5224.081055
v -6461.188477 -9574.620117 -7443.092285
v -6802.332031 -9304.117188 -5212.195801
v -5822.730469 -5252.045898 -5793.541992
v -5120.560059 -5752.232422 -5421.949219
v -2940.419678 -7619.706055 -6110.596191
v -3050.356201 -7363.324707 -8389.596680
v -6707.820801 -5774.132324 -8577.503906
v -5155.273926 -8225.424805 -4041.839111
v -5576.668945 -5820.014648 -4385.897461
v -1433.511475 -8109.941895 -8813.831055
v -1461.374756 -9570.423828 -8042.877441
v -1574.188599 -7894.649902 -5162.322266
v -6998.420410 -5491.321777 -7992.229980
v -6065.851562 -8712.711914 -8498.763672
v -6162.735840 -8806.363281 -8643.506836
v -5175.630859 -9316.306641 -5660.116211
v -6034.046875 -9307.390625 -7179.674316
v -2711.507812 -7998.018066 -8146.049316
v -2982.338867 -9278.247070 -4319.596680
v -3192.143311 -9433.599609 -4419.154785
v -2419.294678 -8094.395508 -8729.530273
v -2278.873291 -7416.602051 -6248.256836
v -2333.068604 -7245.363281 -6213.926270
v -2442.524414 -7809.436035 -6251.840820
v -2550.922119 -4922.031738 -8717.096680
v -7165.695312 -5886.151855 -6554.173340
v -1574.956177 -9184.560547 -5194.428711
v -2039.653809 -6233.122070 -6872.799805
v -1863.019043 -9158.905273 -4694.583008
v -2876.515625 -9432.037109 -5704.461914
v -989.179504 -5792.170410 -6955.277344
v -5343.938477 -8731.346680 -6332.888184
v -5472.632812 -8770.494141 -6560.898926
v -1884.758423 -4825.660645 -8054.612793
v -1595.137451 -6055.195312 -8992.671875
v -2495.652588 -9676.618164 -5465.555176
v -1763.959473 -9561.714844 -8357.554688
v -3089.516113 -7641.667480 -8538.135742
v -834.813171 -9283.398438 -6208.955566
v -3023.790527 -5956.115234 -5776.129395
v -1799.975464 -8006.963379 -4618.628418
v -3049.651123 -6101.637207 -5784.439941
v -5191.090820 -6669.918945 -5708.792480
v -5030.116699 -9276.402344 -5548.516113
v -2708.902344 -4480.149414 -8665.426758
v -2680.088867 -4530.567383 -8729.762695
v -2389.258301 -8976.815430 -8017.478516
v -2807.663086 -4618.762695 -8474.143555
v -3265.332275 -9257.110352 -5685.830078
v -1098.367920 -6707.855469 -5786.597656
v -6850.934570 -5211.392578 -8415.761719
v -4244.977051 -6285.106934 -3710.619141
v -5950.445312 -4503.994629 -7370.339844
v -1498.943970 -8392.934570 -5097.461914
v -6805.826660 -5365.647949 -5597.127441
v -2813.677490 -8953.976562 -4163.170410
v -4857.987305 -8471.668945 -5675.594727
v -6870.645508 -5484.018555 -5663.496094
v -6044.179688 -6573.194824 -4384.774414
v -2542.206055 -6468.234863 -4352.253418
v -5703.597168 -6621.355957 -4098.233887
v -2141.010010 -5542.861816 -4919.817383
v -4849.279297 -8726.486328 -5669.423828
v -1901.312256 -9437.191406 -7159.895020
v -2014.193604 -7576.733887 -7804.917969
v -2045.583984 -7452.697266 -7828.302246
v -3270.350830 -8317.824219 -3726.256348
v -7211.061523 -9239.369141 -6460.357910
v -6621.946777 -9363.636719 -8587.464844
v -5787.054688 -5229.229980 -6019.688477
v -6950.208496 -8825.772461 -5061.368652
v -1961.540527 -5758.532715 -7435.256348
v -958.590820 -5600.431641 -7486.305664
v -6447.524414 -4733.891113 -6707.996094
v -7387.871094 -8789.753906 -5980.256836
v -2243.574219 -9332.806641 -6506.659180
v -5354.525391 -8465.240234 -4134.768555
v -6240.158203 -6922.208008 -8653.440430
v -5894.649414 -4507.164062 -8033.793945
v -3580.665039 -5880.655273 -4145.081543
v -2714.487793 -8477.657227 -8675.647461
v -1687.315063 -6998.207031 -4963.599609
v -1304.795532 -6483.769531 -5646.089844
v -2994.488037 -7954.568359 -8175.787109
v -7209.239746 -6998.461426 -6600.536621
v -1314.477905 -6543.337402 -5554.548828
v -2068.998535 -5433.129395 -6910.020508
v -2037.500122 -7355.563965 -6825.767090
v -6601.437500 -5895.760254 -4991.857422
v -3548.678711 -6292.896973 -3993.698486
v -2406.032471 -8567.803711 -6465.443848
v -7408.323730 -7619.380859 -6903.856934
v -3655.320312 -5608.823242 -4289.962402
v -580.389526 -7649.887207 -6388.632812
v -1107.208618 -6448.173340 -8711.346680
v -3636.483887 -8498.143555 -3845.345947
v -2166.922119 -9101.743164 -8965.833984
v -2868.336670 -8000.034180 -8696.987305
v -1718.708008 -5338.218262 -6793.155273
v -3117.610107 -8373.777344 -8468.483398
v -6871.835938 -4320.107422 -7476.324219
v -6634.736328 -8568.151367 -4659.479004
v -5885.412109 -5658.201172 -7704.456055
v -6548.058594 -8642.958984 -4602.668457
v -1858.736206 -7638.830566 -4668.277832
v -1794.177246 -5182.643555 -8949.162109
v -1802.118408 -7560.471191 -4745.825195
v -6215.412598 -9560.333984 -7869.571289
v -2787.541016 -6416.248535 -4032.508789
v -4590.245117 -9334.684570 -4159.077637
v -5927.583496 -4572.519043 -7349.237793
v -600.956970 -7642.446777 -7187.117188
v -3633.415283 -5980.445801 -5259.386230
v -2882.782471 -9425.442383 -4432.168945
v -7547.897949 -8683.653320 -6430.270020
v -976.137573 -7553.723633 -5499.424805
v -7396.402344 -6317.045898 -7241.910645
v -2355.740234 -9501.921875 -8450.362305
v -648.147095 -7516.192871 -7729.136719
v -1508.773193 -9358.911133 -5418.354004
v -7026.372559 -4954.851562 -7910.548828
v -1448.691528 -9378.669922 -5517.749023
v -629.072144 -8637.432617 -7240.560059
v -7554.587402 -8475.785156 -6243.049805
v -5958.597168 -5067.619141 -7417.860840
v -3152.539551 -6205.607910 -5732.187012
v -4620.394531 -9070.112305 -5430.674316
v -3621.156982 -6582.305664 -4004.949951
v -2368.824219 -5551.862305 -4791.656738
v -899.716064 -5816.292480 -7326.860352
v -6936.829590 -4972.438965 -8362.302734
v -6949.434082 -4826.512695 -8299.468750
v -528.553345 -6725.060547 -7187.541992
v -1136.323975 -7974.931152 -5581.077637
v -620.285645 -7845.562500 -6207.603027
v -3579.949951 -6021.678223 -4084.439941
v -6710.828125 -6265.315430 -4889.473633
v -2475.726562 -9367.698242 -8678.936523
v -7261.660645 -9218.819336 -7467.408691
v -2022.076172 -9307.995117 -8921.539062
v -810.731628 -6033.418457 -7946.554199
v -5690.398438 -6105.916016 -6437.244141
v -1971.471802 -6161.543457 -7751.188477
v -4024.268799 -5948.310547 -5208.348633
v -6973.082031 -8378.505859 -8364.119141
v -1923.622925 -6771.075684 -7682.393555
v -5940.101074 -9151.980469 -7700.326660
v -1401.972290 -5339.508301 -6299.001953
v -2165.091553 -5359.794922 -6214.007324
v -7093.296387 -4561.612305 -7271.689941
v -5345.677734 -7235.955078 -5793.836914
v -4282.139648 -6171.556152 -3751.663574
v -5967.762207 -7329.261230 -6816.285156
v -643.038208 -9023.242188 -7421.068359
v -5595.006348 -5597.075195 -5785.389648
v -7484.377930 -8643.548828 -6854.575684
v -5845.737793 -6751.572754 -6776.983398
v -7130.421387 -4658.800293 -7374.770508
v -976.996704 -9341.804688 -7878.480957
v -1953.065308 -9555.426758 -8069.418457
v -2204.614014 -9294.500000 -4526.747559
v -7490.749023 -8395.369141 -6069.201660
v -5643.375488 -7631.173340 -4171.584473
v -7541.055664 -8139.287598 -6194.116211
v -5623.586914 -8074.262695 -4187.480957
v -5823.349121 -7882.008789 -4293.120117
v -2724.521484 -9236.471680 -6157.136230
v -1718.986328 -6364.476074 -4888.702148
v -4733.662598 -5515.936035 -4488.173828
v -840.388062 -7458.379395 -7380.989258
v -4898.492188 -5509.916016 -4741.919922
v -6616.386719 -6279.830078 -4776.038086
v -1845.223755 -4673.141602 -8500.619141
v -2778.448975 -9352.225586 -5980.976074
v -2545.802979 -7264.624023 -4197.192383
v -5384.427246 -9594.624023 -4914.973633
v -1206.488037 -4917.491211 -7987.050781
v -607.446350 -8019.124023 -6673.334473
v -705.126404 -9105.482422 -7146.029297
v -4627.136230 -7978.224609 -3725.600098
v -2494.777832 -8152.509766 -4044.317871
v -5663.922363 -5780.219238 -5998.334961
v -4660.474609 -7119.983398 -3725.628418
v -1214.121216 -8386.995117 -5277.106445
v -3942.770020 -8324.307617 -5258.590820
v -6106.895508 -4246.211914 -8548.223633
v -7426.508301 -8729.401367 -7829.971191
v -4792.895508 -7214.491211 -3834.789307
v -532.838196 -7826.494141 -6909.990234
v -5714.164062 -5639.670898 -5997.382324
v -989.687134 -7408.167969 -5514.638184
v -6870.219238 -8127.965332 -4864.070801
v -2442.328369 -7090.095215 -4241.341309
v -7533.289062 -7684.478027 -6510.113281
v -1147.844849 -5951.973633 -6188.399902
v -4194.095703 -9416.149414 -4162.759766
v -6998.470703 -4321.141602 -8283.240234
v -6424.579590 -7367.292969 -4561.906738
v -4996.761230 -8202.656250 -3982.985840
v -2802.534668 -8021.542480 -3763.877686
v -2376.979004 -6194.766602 -8737.335938
v -797.351685 -6462.394531 -6710.176270
v -6065.964355 -5364.229492 -5179.489258
v -6509.345215 -9037.089844 -8741.062500
v -1585.917480 -9588.942383 -8138.000977
v -4301.238770 -7884.119629 -3797.014160
v -6144.525879 -6418.266113 -4458.279297
v -1258.944458 -5339.591797 -6485.081055
v -5115.159180 -8878.055664 -5935.710938
v -7028.779785 -5131.535645 -7271.604004
v -794.813171 -8217.740234 -7862.564453
v -7432.140137 -7315.626465 -6347.248047
v -7459.100586 -7412.218750 -6854.130371
v -7068.409180 -5280.862305 -7456.137695
v -1283.516724 -7848.250000 -5439.883789
v -7065.304199 -5377.737793 -7634.777344
v -1450.437256 -8028.605469 -5220.845703
v -7014.816406 -4865.631348 -8013.660645
v -5310.496582 -6655.753418 -4037.385986
v -7061.243652 -4912.387695 -7512.559570
v -5783.143066 -5397.329590 -6709.276855
v -2128.377441 -6960.419922 -6522.886719
v -7012.938965 -9145.201172 -5498.733398
v -5385.709473 -6221.688477 -4107.071289
v -4914.421875 -6278.881836 -3963.443115
v -6794.535156 -7368.199219 -8526.594727
v -856.547607 -8885.393555 -8211.773438
v -850.835327 -6994.964355 -5861.037598
v -6892.300781 -4431.196289 -7180.813477
v -2658.513428 -6916.732910 -8648.222656
v -1695.615356 -7850.808594 -8934.278320
v -7017.283203 -9215.024414 -8350.791992
v -6187.003418 -8496.061523 -8597.162109
v -5368.418945 -5950.739258 -4215.580078
v -5974.583496 -5493.604004 -8200.387695
v -6450.254395 -8941.882812 -8782.237305
v -3079.738525 -5510.718750 -4986.708008
v -6385.815918 -6161.858398 -4662.912109
v -6616.527344 -5042.026855 -5976.564453
v -2677.245605 -4935.447754 -8248.471680
v -5568.812500 -8327.750000 -6757.045410
v -2335.857666 -7237.082031 -8055.610352
v -2709.013428 -4745.604980 -8207.740234
v -5690.898438 -7970.066406 -6764.234863
v -2450.407959 -7293.371582 -8102.790527
v -4917.784180 -5910.781250 -4138.278809
v -5418.587402 -7592.271973 -5984.702148
v -4562.073242 -6342.287109 -3753.648193
v -3825.952881 -8311.568359 -3971.745605
v -5954.625488 -9436.503906 -4696.862305
v -6663.452637 -9654.944336 -7920.937988
v -2943.556396 -8926.630859 -8261.799805
v -2019.302979 -5498.294922 -7193.088867
v -2739.206055 -6123.062012 -5987.082031
v -7465.424805 -8549.825195 -6771.659668
v -3531.755127 -9350.978516 -5364.036621
v -7165.406250 -6539.649902 -8100.066895
v -1919.707764 -7177.507812 -7523.159180
v -2105.722656 -5723.201172 -7888.026367
v -4959.976562 -8588.855469 -3932.359619
v -5932.203613 -4658.376465 -7029.805176
v -5864.313965 -4859.737793 -6939.506348
v -1044.593506 -5669.895996 -6536.669434
v -6755.563965 -9614.173828 -8151.903809
v -6381.756348 -5327.357422 -5184.675781
v -6124.035645 -5385.182617 -4954.574219
v -1758.758301 -9609.363281 -7709.156250
v -2228.880615 -9625.081055 -5152.166504
v -7287.149414 -9151.969727 -6889.352539
v -2036.102051 -7887.196289 -8961.650391
v -5273.247070 -6035.075195 -5636.955078
v -7294.296387 -7952.425781 -5797.090332
v -5952.937988 -9206.814453 -7209.539062
v -2423.674805 -7456.306641 -8750.288086
v -2485.921143 -8086.631836 -8707.125000
v -2417.983154 -9114.421875 -8036.594727
v -2130.681396 -7401.258301 -4471.020020
v -1015.257996 -6073.316895 -6569.138672
v -4131.870605 -8454.587891 -5237.077148
v -4371.763184 -8425.223633 -3746.505615
v -3343.025146 -5552.323730 -4345.790039
v -5929.992676 -4820.526367 -8377.459961
v -559.400208 -8777.083984 -6382.816406
v -515.274597 -7124.063965 -7188.211426
v -6265.017578 -4463.588379 -7260.148438
v -7197.834961 -6158.572266 -6730.989258
v -7177.054688 -6133.780273 -6892.952148
v -6468.564941 -5881.615234 -8703.454102
v -6499.833496 -6091.693359 -8697.534180
v -7176.164062 -5815.160156 -6987.898438
v -948.251587 -8109.217773 -8255.688477
v -5936.798828 -7608.178223 -7712.172363
v -6007.050781 -9073.303711 -8281.988281
v -1911.203735 -7696.857910 -7619.038574
v -1886.564697 -7802.039062 -7520.687500
v -1790.926270 -8773.503906 -8860.087891
v -932.646179 -7700.722168 -5540.934082
v -2526.365479 -7820.071777 -6274.497070
v -5474.611328 -8403.178711 -6520.108887
v -599.085327 -8226.372070 -6584.804688
v -601.558777 -8303.074219 -6770.675293
v -5893.251465 -6881.752441 -7206.391113
v -5978.536133 -6949.969238 -7085.830566
v -2995.288818 -9055.002930 -4147.087402
v -5255.438477 -8006.289551 -5934.896973
v -4174.623535 -9107.916992 -5332.785645
v -1951.531372 -7818.440430 -7297.313477
v -2151.515381 -5436.630371 -6669.482422
v -3915.663818 -8645.320312 -5348.578613
v -7060.581543 -5479.250488 -6897.714355
v -2308.256104 -7070.361816 -4349.010254
v -2023.656372 -5170.399902 -7452.257812
v -5854.689453 -6566.479980 -6780.680176
v -1330.205200 -7900.776855 -8897.209961
v -1441.913330 -5347.512207 -8804.827148
v -2074.568359 -9499.596680 -8706.024414
v -2236.205811 -7656.968262 -8013.340820
v -5993.987305 -8622.841797 -4273.851562
v -7141.260254 -9256.612305 -6677.304688
v -7419.594727 -7341.814453 -7591.430176
v -5892.625000 -6278.078613 -7751.559570
v -5904.812500 -6710.893066 -7684.112305
v -7399.152832 -7229.732910 -7816.385742
v -4824.623535 -6100.638672 -3987.516846
v -7060.172363 -7415.644531 -8276.427734
v -7382.553711 -7345.950684 -7417.867676
v -2711.285156 -5947.579102 -8551.029297
v -2513.148682 -8965.520508 -6375.223633
v -4083.853271 -9543.646484 -4317.647949
v -6307.925781 -5152.565918 -8610.095703
v -3562.728516 -8713.237305 -3838.620850
v -5322.604492 -6585.781738 -5810.954590
v -5458.997070 -6746.592773 -6106.187500
v -2683.017090 -6852.072754 -4098.494629
v -3950.861084 -5530.849121 -4826.559082
v -2829.703857 -5468.952148 -5409.440918
v -7267.124023 -7971.847168 -5577.542969
v -3150.858398 -5491.784180 -5384.051758
v -7383.154785 -6335.472168 -7457.597168
v -4539.840332 -9476.267578 -5095.584961
v -4315.731445 -9461.333008 -5032.943359
v -7439.160156 -8832.243164 -6738.348145
v -7437.856445 -8865.780273 -6681.242188
v -7342.960449 -9083.860352 -6312.739258
v -807.584595 -6356.925293 -7736.752930
v -782.833496 -9249.376953 -6426.566406
v -6842.348145 -6056.978516 -5332.708984
v -6143.583984 -8522.820312 -4284.663086
v -2438.003174 -8915.145508 -8042.696289
v -2399.035400 -5679.350586 -8197.873047
v -1848.911743 -9485.754883 -7148.497559
v -2245.207275 -4803.083984 -8972.517578
v -6696.241699 -8655.483398 -8660.252930
v -3476.025635 -9351.121094 -4179.743652
v -5294.628418 -9468.552734 -4388.529297
v -1771.542480 -5158.088867 -7163.423340
v -1774.132690 -5230.414062 -7051.629883
v -1908.894043 -4895.004395 -7632.666992
v -4175.607422 -9643.598633 -4558.787598
v -2400.667480 -5441.036621 -5063.861816
v -3540.546875 -7419.228027 -3898.569824
v -3131.113037 -9640.702148 -4808.125977
v -2069.396240 -9415.747070 -7771.538086
v -669.522827 -7252.649414 -7262.197754
v -6327.014648 -8067.620605 -4403.921387
v -7075.752930 -5675.562012 -7528.996582
v -7085.108398 -5703.990234 -7606.900391
v -747.878784 -7873.312012 -8098.215332
v -2253.090820 -8784.957031 -6909.885742
v -2250.098633 -8605.325195 -6907.829590
v -1948.831177 -7795.629395 -7750.968750
v -5933.333008 -4662.389648 -7966.492188
v -2890.054199 -8143.081543 -8184.447754
v -2249.406494 -6863.680176 -6264.506348
v -1466.864136 -8567.854492 -8810.423828
v -2274.968750 -9278.048828 -7958.802246
v -3673.963379 -7238.800293 -3982.314697
v -2754.623535 -5521.036133 -4678.016602
v -1099.341919 -5493.467285 -8427.986328
v -2785.544189 -4719.369629 -8527.782227
v -2603.298584 -4980.598633 -8652.991211
v -2106.703369 -9617.592773 -5432.398438
v -3899.821533 -5770.273926 -4053.885742
v -2468.626465 -6277.549805 -6229.388184
v -6265.499023 -9521.168945 -6962.390625
v -7375.882324 -7338.713867 -7991.186035
v -6298.170410 -7395.172363 -4437.012207
v -1760.210327 -9556.300781 -6921.687012
v -3331.245850 -5631.346680 -4226.256836
v -1973.208496 -9550.804688 -8416.183594
v -6117.167480 -7454.570801 -8513.714844
v -2472.196777 -6322.812012 -4432.821289
v -2494.992676 -6198.857910 -4446.755371
v -6363.671875 -9651.472656 -8080.607422
v -3623.596436 -6306.438965 -3981.012207
v -7446.324219 -6974.066406 -7138.310547
v -7068.536133 -8345.064453 -8262.166992
v -7139.028320 -7573.489746 -5453.763184
v -7448.075195 -7705.911621 -7900.911621
v -3540.351807 -6563.575684 -3998.541992
v -2746.476074 -6086.058105 -8341.877930
v -5984.847656 -4370.740234 -7651.851562
v -5894.937012 -4431.390137 -7844.931641
v -3086.874512 -6816.783203 -3937.293213
v -2288.299072 -7417.438965 -4262.816406
v -5354.596191 -9403.665039 -5743.435547
v -5976.608887 -8405.366211 -8372.681641
v -805.140564 -6440.464355 -6799.280273
v -7400.532227 -7554.419434 -6799.609863
v -2026.270630 -4587.308594 -9018.157227
v -6851.829590 -6158.000000 -8434.059570
v -5681.154785 -9129.225586 -4289.316406
v -5627.757812 -9115.089844 -4258.712402
v -6790.729004 -9479.841797 -6325.304199
v -1600.244995 -8902.204102 -4987.683594
v -1382.273438 -9585.651367 -7862.268555
v -3057.192383 -6338.936523 -5788.264160
v -5899.589355 -5343.722168 -7529.388184
v -1990.975708 -6936.136230 -7149.889648
v -7067.274902 -5852.571289 -6278.542969
v -7010.975098 -5866.407715 -6078.116699
v -2183.535400 -5184.165527 -7871.499512
v -2754.591797 -6328.689453 -8446.917969
v -2433.642822 -7070.867188 -6216.371094
v -636.026184 -8124.881348 -6807.420898
v -772.331177 -7093.810547 -7581.202637
v -7408.996094 -8357.420898 -7956.746094
v -4722.100586 -5620.540527 -5187.504883
v -3031.703857 -8838.594727 -8364.257812
v -6031.689941 -6311.133789 -8455.058594
v -1596.383789 -5391.518066 -8927.284180
v -2610.786377 -7122.411621 -4162.752441
v -7433.756348 -8903.930664 -6998.803223
v -788.732910 -6228.253418 -8148.232910
v -5324.434082 -9524.444336 -5358.999023
v -6039.045898 -4401.567383 -8639.564453
v -6281.689453 -5261.489258 -5563.821289
v -4471.057617 -9599.480469 -4487.797363
v -7005.324219 -4339.599121 -8105.027344
v -6593.285645 -7536.828125 -4748.488281
v -1895.654785 -5955.898438 -4873.406738
v -2641.603271 -6321.540039 -8594.954102
v -5258.951172 -6587.410645 -5766.157715
v -3033.945557 -8269.525391 -3710.416260
v -1955.774902 -6176.283203 -7264.879395
v -6620.670410 -9125.568359 -8694.894531
v -4156.620605 -7271.344238 -3756.321289
v -1232.018188 -5293.661133 -6717.555176
v -2209.959717 -8907.775391 -7108.996582
v -678.684265 -6883.386719 -8200.671875
v -7155.972656 -6074.770996 -7948.223633
v -5848.679688 -9567.395508 -5963.344727
v -1162.832397 -6847.647949 -8962.942383
v -5976.037598 -5907.057617 -4499.192383
v -4008.685059 -7231.022949 -5250.244629
v -1107.619995 -5230.718262 -7028.137207
v -2861.353027 -9550.974609 -4613.720215
v -7297.703125 -8518.442383 -8050.928711
v -7191.036133 -8242.499023 -8181.066406
v -6952.572266 -5991.346191 -5863.571289
v -477.073822 -7620.305664 -6739.361816
v -6916.705078 -4960.871582 -6326.867188
v -4496.387207 -8330.690430 -5256.695312
v -5309.425781 -8796.898438 -4154.141113
v -610.220276 -7786.022461 -6380.953125
v -2078.176514 -9544.399414 -6299.582031
v -3732.672852 -6558.370605 -5318.892578
v -5812.899414 -9467.532227 -4677.288086
v -6293.930664 -8774.778320 -4397.818359
v -1862.060059 -4736.522461 -8282.188477
v -2673.759521 -8398.361328 -6317.013184
v -1982.150269 -9653.589844 -5795.554688
v -764.373413 -6776.137207 -8334.450195
v -2773.460449 -4681.932129 -8280.201172
v -831.566223 -6005.119141 -7871.453125
v -2741.520752 -4602.564453 -8261.160156
v -2135.127441 -8611.836914 -7392.472656
v -2718.067139 -7204.066406 -8696.888672
v -1519.665649 -6015.577637 -5385.945312
v -5155.963379 -8957.481445 -4088.702637
v -3926.822998 -8438.504883 -5283.245117
v -2243.821045 -5537.529297 -6552.385742
v -6367.818848 -4354.020020 -7574.481445
v -1983.141113 -5957.595215 -7776.440430
v -6912.486328 -9482.947266 -8174.065430
v -1917.716064 -6041.073242 -7624.061035
v -6953.629883 -9485.369141 -7895.589844
v -7238.764648 -9199.864258 -6319.048340
v -4224.358398 -5688.312012 -4068.412354
v -2496.652832 -7013.490723 -8121.681641
v -2653.964600 -6497.071777 -6070.574707
v -6488.441406 -5490.224121 -5099.389160
v -3072.377197 -9365.502930 -5667.552734
v -1774.442627 -5360.220215 -6649.075195
v -6527.309570 -4512.629883 -8670.276367
v -4770.603516 -9077.484375 -5506.020020
v -7111.033691 -4498.442383 -7391.125488
v -5886.651855 -8083.588867 -7281.505859
v -5808.246582 -5342.800293 -5586.619629
v -770.115417 -7275.036133 -8462.618164
v -5852.087891 -8167.884277 -7719.275391
v -2009.200073 -5755.140137 -7038.560059
v -1713.045288 -6835.483398 -4887.817871
v -2039.695801 -5829.072266 -6945.320312
v -1731.355225 -6775.257324 -4787.625488
v -6956.909668 -5346.143066 -8172.734375
v -6665.807617 -6525.803711 -4741.259766
v -2650.566406 -8066.801270 -8736.266602
v -3094.437988 -8659.892578 -8311.668945
v -5689.677734 -9257.277344 -4375.143555
v -2925.115723 -7969.978516 -6145.712402
v -6636.093262 -9596.553711 -7358.999512
v -7406.891113 -7459.827148 -7170.645996
v -2413.697266 -8356.382812 -4094.791260
v -715.779175 -7796.323730 -7249.640137
v -5023.914062 -5496.243652 -4543.970215
v -682.072021 -8103.365234 -7065.248047
v -2996.820557 -5729.279297 -5729.407227
v -644.188354 -7995.671875 -7030.084961
v -1056.210693 -7888.163574 -5606.735352
v -4021.612549 -6485.326660 -5282.458496
v -6866.772949 -4356.860840 -8522.208008
v -3243.916748 -5539.654785 -4674.621582
v -609.975159 -7357.370117 -7818.851562
v -6713.340820 -9229.226562 -4971.365723
v -1988.141602 -8020.516113 -4341.979492
v -3556.011963 -5524.687500 -5070.400879
v -6832.708496 -9234.701172 -5126.063477
v -832.628052 -6925.187988 -8495.583984
v -1063.317383 -5145.799805 -7977.587402
v -7535.312500 -8708.243164 -6332.090332
v -2681.016357 -9555.678711 -5615.827148
v -1680.100098 -7688.359863 -8963.568359
v -6599.824219 -5108.847168 -8623.926758
v -1763.083252 -7348.458984 -9003.295898
v -2711.807617 -4449.435547 -8441.466797
v -513.759644 -8792.711914 -6848.895996
v -6517.137695 -5250.191895 -8643.239258
v -6958.851074 -9242.153320 -5572.199219
v -2012.829346 -6291.562500 -7042.717773
v -1664.448608 -4962.978516 -8893.144531
v -6681.555176 -7683.222656 -4829.803711
v -613.243896 -7552.180664 -8000.211914
v -1197.897095 -7483.194336 -8960.454102
v -4969.083984 -7086.302246 -3980.427734
v -6409.277344 -9476.468750 -5093.731934
v -4115.182617 -8007.569824 -3877.449463
v -1926.168335 -6129.285156 -4767.232422
v -6598.648438 -9446.061523 -5242.102539
v -2434.072021 -5443.807129 -6254.669434
v -7443.432617 -7467.004395 -7569.395020
v -6718.626953 -7424.826172 -8569.674805
v -6690.907715 -9356.021484 -5158.286621
v -7099.801758 -6908.140137 -6017.401855
v -2264.585938 -8034.267578 -4147.992676
v -7480.463379 -8744.894531 -7580.329102
v -6027.187500 -5587.383301 -7219.055664
v -5047.279785 -6666.189453 -5477.511230
v -6242.809082 -6117.606934 -8694.409180
v -7301.555664 -6444.895508 -7623.506836
v -1781.508667 -9097.862305 -8814.978516
v -2570.974609 -5410.526367 -8653.673828
v -3474.150879 -6721.532715 -5526.275879
v -2704.345703 -8243.081055 -3985.991455
v -2546.768066 -5548.483887 -6244.383789
v -2039.991821 -7075.558594 -7789.838379
v -6508.522461 -4791.835938 -8671.967773
v -7488.574219 -8845.712891 -6336.334961
v -3107.816406 -8253.110352 -8518.560547
v -1717.157959 -8413.539062 -8850.998047
v -2345.991211 -8040.668457 -8762.156250
v -6060.867676 -6607.680176 -8528.822266
v -5107.277832 -5589.126465 -5378.395996
v -1324.315674 -9607.270508 -7511.772949
v -1159.682495 -9407.039062 -6007.315918
v -2214.893066 -9139.617188 -7470.661621
v -7083.084473 -6850.372070 -6129.915039
v -5624.742676 -8422.548828 -6863.732422
v -4752.638184 -9466.599609 -4283.525391
v -2029.058105 -5421.161621 -7168.307617
v -6372.763672 -8019.118164 -8610.789062
v -4307.947266 -9289.841797 -5257.068848
v -6352.002930 -8285.254883 -8617.450195
v -2529.791504 -6396.338379 -6167.555176
v -4214.787598 -8708.218750 -3837.242920
v -6399.490234 -5578.098145 -8676.248047
v -7224.786133 -5971.125977 -7724.549316
v -4302.980469 -8832.593750 -3850.502930
v -1528.144531 -8498.910156 -5050.333984
v -5033.998047 -8170.878906 -5778.624512
v -4302.382812 -9029.097656 -3911.394043
v -6293.959961 -7039.261230 -4474.136230
v -6717.431641 -7660.226074 -8558.974609
v -6818.794922 -9584.101562 -7803.366699
v -6448.898926 -4227.332031 -8603.760742
v -7502.709473 -7657.394531 -6226.619629
v -867.763367 -6940.105957 -8539.616211
v -5908.191895 -5006.917480 -7830.269043
v -2084.971924 -6753.135742 -6629.997070
v -5927.168457 -5423.170898 -7848.267090
v -1378.393921 -9625.643555 -7376.248047
v -6649.657715 -8862.730469 -4699.802734
v -964.514771 -5643.733398 -7922.964355
v -5409.052246 -7644.359863 -4135.435059
v -7487.964355 -8670.375000 -6955.000977
v -665.253296 -7460.515137 -7264.263672
v -4261.763184 -9551.051758 -4335.442383
v -2664.021973 -8160.919434 -8148.004395
v -5345.082031 -5566.879395 -5524.118652
v -5348.768555 -5522.203125 -5515.721191
v -813.230347 -6388.050293 -7689.878906
v -7112.236816 -8938.436523 -8349.875000
v -6174.045410 -9387.707031 -7416.098145
v -5031.265625 -7960.702637 -5703.427246
v -7092.688965 -9072.124023 -8336.197266
v -6065.760254 -9364.044922 -7811.914551
v -1519.914429 -9031.419922 -5129.356934
v -4102.886230 -9248.215820 -4032.179932
v -5046.287598 -7478.320801 -5536.137695
v -5459.277344 -6243.903809 -5919.469238
v -2403.837402 -5189.497070 -8753.246094
v -4986.513184 -7527.303711 -5468.792969
v -813.191833 -6017.194824 -7536.322754
v -6989.202637 -8214.346680 -8351.601562
v -3038.839844 -7427.420410 -8234.798828
v -2907.804199 -7172.375977 -8251.971680
v -5877.161621 -4369.291992 -8032.548828
v -7420.255859 -8676.922852 -7255.550781
v -6887.157227 -4673.392578 -6645.147461
v -523.517761 -6867.732422 -7238.296875
v -2715.344727 -9163.525391 -6215.442871
v -554.510803 -6957.007812 -7285.728027
v -1958.842773 -5004.453613 -7515.925781
v -787.595154 -6111.583984 -7271.366211
v -3291.844238 -9462.132812 -4413.460938
v -744.563232 -7453.735840 -7331.396973
v -4219.416992 -6159.130371 -5257.130859
v -2901.954102 -7057.130859 -8490.073242
v -5983.670410 -5868.220703 -8223.291992
v -2299.973389 -6017.514160 -6400.386719
v -768.167786 -8244.324219 -5883.682617
v -7430.730957 -7831.295898 -6770.281738
v -6056.259277 -7294.421875 -6965.176270
v -3703.313232 -5524.189453 -4965.206543
v -2219.842041 -9053.674805 -6902.249023
v -730.432983 -8129.995605 -6074.875000
v -4945.621582 -6526.068359 -5381.529297
v -707.597656 -8129.129395 -6162.263672
v -5913.170898 -7218.454590 -7245.209473
v -6788.917969 -4346.477539 -8563.046875
v -3373.870850 -7466.690430 -5765.105957
v -6255.546387 -5865.929688 -4793.578613
v -1076.284668 -6924.922363 -8854.115234
v -7301.604492 -7074.062988 -6485.768555
v -3658.922852 -9281.534180 -5366.089844
v -6347.396973 -5860.191895 -4889.533691
v -4536.099121 -9197.107422 -4013.783691
v -2757.345703 -5710.481934 -4379.739746
v -2128.448486 -5897.215332 -4799.342285
v -5145.792480 -6213.032227 -5578.770508
v -7218.954590 -6976.989746 -6456.053223
v -6945.183594 -6083.549805 -5691.294434
v -2104.370605 -6406.843262 -6566.699707
v -1649.553711 -7546.878906 -8980.632812
v -3393.185547 -8811.392578 -5798.328613
v -2651.803955 -7285.199219 -3991.273193
v -5131.075195 -6432.479980 -5544.651367
v -6838.144043 -8982.417969 -8579.874023
v -3222.329346 -7734.996582 -5872.093750
v -6337.076660 -9550.027344 -5282.754883
v -2902.899170 -6973.976074 -5998.007812
v -2726.258301 -5889.432617 -4284.462891
v -6389.221191 -4306.627441 -7727.511230
v -7132.136719 -4488.193848 -7529.765137
v -5017.235840 -9604.236328 -4613.257812
v -5813.250000 -5106.125000 -6563.406250
v -2043.490234 -8172.283691 -8963.019531
v -1559.445679 -5690.772461 -5416.500000
v -7046.137207 -8990.355469 -5256.435059
v -6033.363770 -9265.404297 -8121.987305
v -5935.639160 -7652.916992 -7970.165527
v -1996.476318 -9366.698242 -7215.604004
v -4884.913574 -5925.208008 -5271.072754
v -3388.945312 -8874.380859 -3849.418457
v -1936.610596 -7114.323242 -7614.484375
v -3333.153564 -7167.834473 -3864.150391
v -3717.058105 -6734.248535 -4060.070557
v -7347.791992 -6478.434082 -7500.493652
v -3725.210449 -8960.625000 -5491.337891
v -2429.189209 -7680.395996 -8129.843262
v -1310.738892 -7436.690430 -5324.338867
v -4384.603516 -8013.027832 -5223.068848
v -604.523010 -8856.888672 -7555.040527
v -5480.905273 -5851.661621 -5722.667969
v -1986.792969 -9530.429688 -8521.842773
v -1981.768555 -6371.582520 -8981.979492
v -1162.636841 -7249.490234 -5491.713379
v -5056.702148 -6006.347168 -5368.555176
v -7035.976562 -6822.406250 -6431.963379
v -4109.197266 -5564.007324 -4330.467285
v -4691.954102 -9222.009766 -4086.313232
v -7482.347656 -8602.332031 -6710.036621
v -2064.073975 -7858.863281 -6738.925781
v -5917.731934 -4750.643555 -7505.477539
v -6549.853516 -6092.240234 -4829.470703
v -1286.451538 -6499.005371 -8988.057617
v -6908.921875 -8710.275391 -4979.339844
v -7028.293457 -4362.412598 -7487.974121
v -5914.188965 -5986.868652 -7844.859863
v -1012.509399 -6924.119629 -8655.982422
v -5717.437988 -5845.903809 -6431.022949
v -2812.044434 -6008.748535 -5870.199219
v -2620.323730 -6831.288086 -6154.867188
v -1843.533936 -5368.953125 -6480.469727
v -2874.396484 -5575.445801 -5693.579102
v -1450.626587 -8672.284180 -8791.997070
v -2259.185547 -6261.022461 -8105.788086
v -3613.374023 -8952.170898 -3913.337402
v -5936.494629 -4951.254883 -6430.383789
v -6597.002930 -9657.162109 -8271.244141
v -3978.479736 -7980.156250 -3943.731689
v -3076.049805 -6264.481934 -5776.742676
v -5894.401367 -6912.702148 -7580.522949
v -6178.341797 -4790.535156 -8661.935547
v -5724.139160 -5738.621582 -6360.572754
v -7059.092773 -5240.272949 -7363.616211
v -6553.957520 -6691.256836 -8634.691406
v -5284.492676 -7505.763672 -5792.961914
v -2078.763916 -8449.904297 -7870.767578
v -4714.302246 -6675.957031 -5293.594727
v -2040.963867 -5018.451660 -7673.052734
v -7348.136719 -9052.631836 -7200.066406
v -815.132568 -9290.070312 -7136.207520
v -1401.583252 -9322.178711 -5444.575195
v -1934.492065 -8078.644043 -7665.849121
v -1837.133545 -7839.671387 -4616.322754
v -2243.359131 -5737.691895 -6565.308105
v -5896.916504 -6192.658203 -7873.581543
v -7290.601562 -6076.281738 -7270.953125
v -1717.433838 -7665.365234 -5008.178223
v -2200.124268 -7985.912598 -8896.163086
v -7356.554199 -6458.635742 -6989.766113
v -5643.726074 -8857.903320 -6882.617676
v -6778.837402 -7032.737793 -5063.232422
v -4648.520508 -7756.274414 -3728.031738
v -5222.777832 -8438.552734 -4056.338135
v -1823.851196 -7799.003418 -4672.341797
v -4760.485352 -7362.932129 -5341.775391
v -2543.442627 -8420.629883 -6341.920410
v -2083.685303 -5359.834473 -6591.465820
v -7130.789551 -4712.336426 -7737.345215
v -4877.003418 -7203.787598 -5384.471191
v -6066.256348 -6184.667969 -7127.485840
v -7045.683594 -9395.441406 -7210.577148
v -7300.499512 -8883.519531 -5886.922363
v -6512.304199 -4990.808105 -6187.377441
v -2622.616211 -8230.301758 -4044.912109
v -3293.547607 -7764.368164 -3742.933838
v -2866.192383 -7601.001953 -8715.311523
v -4891.956543 -8101.017578 -3975.112549
v -3099.152344 -5826.699219 -4128.471680
v -2592.832520 -8602.623047 -6356.576660
v -6173.736816 -8950.628906 -8633.820312
v -2208.705078 -8957.665039 -7223.444824
v -6982.188477 -7455.885254 -5155.684570
v -3370.140869 -9624.189453 -4996.835449
v -2075.654297 -9439.293945 -6632.220215
v -2274.791504 -5757.680664 -6514.892578
v -6118.001953 -4365.948730 -7449.036621
v -6987.034180 -5539.511230 -8106.345703
v -7585.975586 -8051.208008 -6456.084961
v -806.400696 -7539.347168 -7329.052246
v -7461.893555 -8859.440430 -7566.334473
v -2176.553711 -6960.299805 -4534.751465
v -6848.527832 -7162.189941 -5101.870605
v -2042.420288 -5438.494629 -7524.885254
v -7406.446289 -7383.243652 -6727.478027
v -5799.274902 -9193.148438 -6912.939941
v -6014.107422 -5959.450684 -7191.236816
v -7015.813477 -4663.206543 -6874.660645
v -2807.497314 -5885.000977 -5874.602539
v -1969.254883 -5804.270508 -7530.481934
v -7219.268066 -8531.196289 -5423.076172
v -7362.120117 -9019.336914 -6684.619629
v -2420.443604 -8905.506836 -8831.948242
v -7237.784668 -8500.897461 -5490.728027
v -3475.778320 -8297.529297 -5626.583984
v -5940.279785 -8014.261230 -8100.472656
v -680.973145 -8450.059570 -7385.765625
v -5894.454590 -7811.944336 -7633.440430
v -2954.723633 -7843.859375 -8666.597656
v -2722.237305 -6239.321289 -8307.900391
v -6821.266602 -9388.207031 -5935.638672
v -4877.881348 -8552.051758 -3915.190430
v -7215.656738 -6839.578125 -8083.588379
v -986.151855 -9479.028320 -7287.813477
v -5400.699219 -9537.636719 -4506.907227
v -6438.354004 -8427.639648 -8665.612305
v -5211.781738 -5818.809082 -4239.014648
v -3482.930664 -6418.161133 -5472.484375
v -2907.554199 -8839.622070 -8187.039551
v -719.824524 -6376.607910 -8023.262695
v -1134.529053 -5046.777832 -8332.916016
v -5749.924805 -6915.255859 -6653.786133
v -5770.124512 -8621.520508 -4199.760254
v -1120.431396 -8177.163574 -5468.729004
v -2544.563232 -8735.791016 -4191.100098
v -5819.302246 -9643.240234 -5400.215332
v -5866.491211 -8868.737305 -8069.218750
v -5541.229492 -7838.926758 -6382.678711
v -2982.388672 -5463.067871 -5418.669434
v -7332.990723 -7059.903320 -7525.786133
v -3286.977783 -9179.183594 -4061.518066
v -4076.115234 -7484.343262 -3821.662598
v -2636.018799 -9298.905273 -8469.848633
v -2705.044678 -9206.386719 -8460.051758
v -2177.968750 -9137.519531 -7239.271484
v -5303.041016 -9613.170898 -4714.719238
v -842.133545 -6460.548340 -6522.197754
v -7080.337891 -6749.924316 -5995.144531
v -2388.139404 -9401.065430 -8180.314941
v -7118.995117 -4841.486816 -7508.605469
v -6232.992676 -5069.979492 -8589.750000
v -2095.057861 -9340.065430 -4650.604492
v -3630.777588 -8335.915039 -3848.142822
v -2676.326660 -4492.511719 -8320.835938
v -1987.944458 -9320.829102 -4730.813965
v -3122.044189 -7534.154297 -8332.292969
v -4522.604980 -8475.629883 -5290.802246
v -980.384460 -9413.666016 -7683.374023
v -2238.810303 -6222.606445 -8850.919922
v -5958.413574 -5393.728027 -7150.027344
v -5918.530273 -7799.233398 -7887.980469
v -6284.475098 -9580.102539 -5398.962891
v -4918.134766 -8392.094727 -3939.541260
v -5908.631836 -7673.545410 -7255.010254
v -6358.442383 -9590.596680 -5652.850098
v -4644.292480 -5892.752441 -5175.244629
v -5365.678223 -8965.859375 -6313.366699
v -1088.534912 -9463.471680 -7747.791504
v -7182.524414 -9083.504883 -5950.925293
v -1483.799438 -9621.078125 -7021.064453
v -2259.895264 -4671.262695 -8089.372070
v -1718.657104 -9625.299805 -7750.967773
v -1192.593750 -8990.688477 -5313.142578
v -5112.744141 -9124.657227 -5800.395020
v -7065.778320 -6849.130371 -6626.905762
v -3549.633789 -6921.996582 -5419.548828
v -3280.099121 -8556.831055 -3750.712402
v -6516.568848 -9525.710938 -5561.282227
v -1289.775391 -5432.551270 -6183.262207
v -2345.176270 -9085.160156 -6568.485840
v -2780.564453 -6317.311523 -5876.270020
v -1210.217407 -5451.252441 -6324.768066
v -2292.179443 -9187.804688 -6589.519043
v -5530.038574 -8843.970703 -6643.252441
v -5950.802734 -5091.803223 -7356.897949
v -5956.397949 -7752.778320 -4305.608887
v -6802.167480 -4944.192871 -8519.318359
v -1638.942139 -6500.544922 -5129.735352
v -800.707703 -7027.724121 -7543.274902
v -2116.919678 -8461.627930 -8940.731445
v -7081.457520 -5219.004883 -6924.168457
v -1010.837036 -6350.147461 -6239.704590
v -1945.361450 -7422.487793 -7352.818848
v -6724.873535 -5115.489258 -8563.617188
v -1371.159180 -9591.690430 -6845.414551
v -1778.776489 -7917.052246 -4737.714844
v -3784.617920 -7833.638672 -5308.674316
v -5413.650879 -5788.475586 -5601.849609
v -2712.524658 -7199.610352 -6170.653809
v -7312.498535 -7749.228027 -5895.416992
v -6874.083496 -5380.676270 -8325.006836
v -5832.566406 -7564.502930 -6732.666016
v -2638.439209 -9263.704102 -8248.974609
v -2806.608154 -5505.579590 -5626.715820
v -1756.004639 -8389.541992 -4547.132324
v -2691.512695 -7914.490723 -3931.774414
v -6628.460449 -7053.116699 -8599.486328
v -4374.006836 -9613.778320 -4684.315430
v -4881.192383 -6201.087402 -5311.542969
v -1308.905273 -5351.196289 -8628.084961
v -4805.025391 -6344.409180 -5283.020020
v -4933.360352 -6347.347168 -5342.481445
v -1356.937866 -5304.404297 -6776.174316
v -5881.992676 -4999.196289 -7625.262207
v -6145.772949 -7683.220215 -8525.152344
v -6340.936523 -7256.687012 -8668.194336
v -6046.004883 -7370.038086 -8381.297852
v -2227.075195 -8335.497070 -6740.018066
v -7352.104980 -6751.119629 -7406.551758
v -6422.886719 -5206.979004 -8644.410156
v -2215.803711 -7410.305664 -6321.217285
v -3807.165771 -9498.021484 -5037.089844
v -3513.626953 -9532.190430 -5107.308105
v -1848.486206 -9586.113281 -6518.127930
v -3333.768555 -6250.496582 -5598.625977
v -6155.542969 -4949.104492 -6396.175293
v -539.548889 -8525.982422 -6962.424805
v -2312.704590 -5535.013672 -6466.628418
v -1844.908936 -6483.265625 -4715.980469
v -1448.099976 -5556.882324 -5720.460938
v -7167.110352 -5892.786133 -7146.967285
v -2243.370361 -9404.764648 -8849.421875
v -5963.222168 -5040.571289 -8147.990234
v -2749.270508 -6466.379883 -8503.438477
v -2186.877930 -9351.831055 -8908.972656
v -1393.126465 -5998.563965 -8948.037109
v -5322.506836 -8940.205078 -4182.291016
v -3162.186035 -7972.769043 -8300.351562
v -617.311951 -7494.410645 -8080.223145
v -6456.024902 -8337.640625 -4522.982422
v -1297.751099 -4848.384766 -8236.656250
v -3163.214355 -8261.595703 -8357.065430
v -1040.948730 -9409.285156 -6284.280762
v -6791.291504 -4274.904297 -8538.860352
v -933.568542 -7896.666016 -8414.059570
v -5431.882324 -9598.953125 -5038.227539
v -6516.540039 -9564.517578 -6635.243164
v -2300.849365 -8214.872070 -8047.936523
v -5829.772461 -8174.840332 -7396.048340
v -4268.994141 -5533.260254 -4369.485840
v -1892.093262 -6713.724609 -7514.236328
v -723.938232 -7647.257324 -5750.701172
v -3721.957764 -7520.242188 -3977.807373
v -1037.239868 -5147.193359 -7556.007812
v -1132.821533 -7825.394043 -8738.031250
v -2211.507812 -8901.056641 -7704.147949
v -1520.325562 -8177.347656 -8823.385742
v -2157.281250 -8767.727539 -7613.395508
v -2412.982666 -8966.709961 -6497.286621
v -2620.895020 -7937.502930 -4030.866455
v -6695.895996 -5461.698730 -5371.468750
v -6566.293945 -9564.731445 -8451.114258
v -3028.946533 -5579.691406 -5667.344727
v -1226.666382 -7613.328125 -5421.101562
v -2853.580078 -8450.634766 -3861.923828
v -5690.707520 -7833.661133 -4208.460449
v -5783.174316 -5794.024414 -4449.373047
v -2387.220703 -8395.108398 -8078.834473
v -1931.176758 -9279.055664 -8895.798828
v -6436.599121 -9568.161133 -6372.111328
v -3351.777832 -6942.723633 -3931.009277
v -6036.971191 -5316.409180 -7342.862793
v -3130.758057 -9567.906250 -5379.455078
v -4112.315430 -6638.191406 -5272.888184
v -3849.483643 -6736.371582 -3889.466553
v -5590.783691 -5405.206055 -5504.104004
v -3915.125732 -6080.189453 -3910.939941
v -774.006042 -7476.684570 -7519.758301
v -2032.916748 -5601.812012 -7073.698242
v -1593.975586 -7088.696777 -5128.389160
v -2025.966187 -4885.356445 -9009.435547
v -3059.070557 -5491.296387 -5278.685059
v -1053.522095 -9498.885742 -7468.126953
v -6847.923828 -8707.514648 -8557.517578
v -915.428711 -5678.059570 -8078.251953
v -3201.430908 -5564.318359 -4335.011230
v -1113.681152 -9361.123047 -8081.260254
v -6543.093750 -8734.212891 -8749.666992
v -4503.823730 -9421.701172 -5173.836426
v -1009.069519 -5463.931641 -6992.696777
v -7114.531738 -6402.248047 -5954.778809
v -7105.509277 -5545.591309 -6935.344727
v -2003.383545 -5023.157227 -8971.145508
v -1631.140381 -7265.794922 -5079.155273
v -645.530823 -6633.390137 -7399.381836
v -2633.161865 -9340.219727 -4352.007812
v -3737.195312 -6973.560059 -4012.836914
v -3810.161133 -6810.868164 -3939.403076
v -2655.229736 -5524.289062 -4669.538086
v -5578.088867 -7201.687988 -6351.389648
v -2568.518066 -5760.238770 -4503.649414
vt 0.307690 0.535720
vt 0.313820 0.548630
vt 0.288520 0.536190
vt 0.271050 0.452930
vt 0.254450 0.453190
vt 0.248950 0.440190
vt 0.231320 0.446970
vt 0.353970 0.533010
vt 0.368390 0.546460
vt 0.355700 0.551290
vt 0.232250 0.468850
vt 0.209790 0.476410
vt 0.217120 0.462300
vt 0.211220 0.458920
vt 0.205150 0.471230
vt 0.196080 0.470040
vt 0.187430 0.458710
vt 0.188600 0.468670
vt 0.315010 0.520390
vt 0.289260 0.518600
vt 0.289660 0.513420
vt 0.222050 0.445680
vt 0.210200 0.441140
vt 0.225580 0.435890
vt 0.372660 0.536310
vt 0.385420 0.526810
vt 0.378010 0.547520
vt 0.367900 0.556120
vt 0.354790 0.569560
vt 0.347640 0.550280
vt 0.176670 0.526620
vt 0.159950 0.525630
vt 0.173630 0.514190
vt 0.303630 0.436030
vt 0.321920 0.439680
vt 0.308070 0.446530
vt 0.271930 0.504740
vt 0.289500 0.495390
vt 0.176770 0.537530
vt 0.181470 0.530370
vt 0.186160 0.543500
vt 0.317700 0.473330
vt 0.305670 0.488040
vt 0.302100 0.470860
vt 0.245530 0.550210
vt 0.267800 0.559080
vt 0.234220 0.552680
vt 0.238430 0.489310
vt 0.231640 0.479950
vt 0.254550 0.483360
vt 0.204900 0.548230
vt 0.209770 0.543050
vt 0.224500 0.554430
vt 0.351660 0.463780
vt 0.350000 0.480900
vt 0.339630 0.473700
vt 0.317890 0.566510
vt 0.260810 0.562840
vt 0.164740 0.487400
vt 0.178180 0.489500
vt 0.189930 0.506390
vt 0.368430 0.530440
vt 0.380130 0.505450
vt 0.393780 0.511180
vt 0.364120 0.570230
vt 0.379480 0.562060
vt 0.387890 0.571790
vt 0.351760 0.454510
vt 0.341910 0.460860
vt 0.343350 0.448910
vt 0.323490 0.487870
vt 0.294100 0.424860
vt 0.284630 0.431160
vt 0.264230 0.425750
vt 0.236150 0.494900
vt 0.231080 0.499880
vt 0.209250 0.493210
vt 0.234500 0.423660
vt 0.211360 0.431650
vt 0.209380 0.424090
vt 0.326580 0.577480
vt 0.309190 0.587510
vt 0.305780 0.577710
vt 0.199010 0.432650
vt 0.184410 0.435830
vt 0.183700 0.427310
vt 0.391250 0.469370
vt 0.375040 0.485050
vt 0.377720 0.468940
vt 0.195760 0.553010
vt 0.216170 0.558280
vt 0.212660 0.566730
vt 0.257040 0.583230
vt 0.261060 0.568810
vt 0.268740 0.581720
vt 0.394470 0.481130
vt 0.405570 0.489920
vt 0.392430 0.491120
vt 0.378830 0.579370
vt 0.388390 0.581730
vt 0.378370 0.591870
vt 0.360830 0.610690
vt 0.352740 0.615940
vt 0.348190 0.601420
vt 0.281270 0.401810
vt 0.290720 0.407040
vt 0.275830 0.410250
vt 0.223720 0.587070
vt 0.187340 0.597380
vt 0.197640 0.580480
vt 0.197840 0.409180
vt 0.191220 0.419650
vt 0.186530 0.411040
vt 0.166340 0.573880
vt 0.171660 0.591360
vt 0.146600 0.584480
vt 0.135660 0.496570
vt 0.138770 0.510270
vt 0.126120 0.497480
vt 0.252040 0.400110
vt 0.250900 0.385510
vt 0.270600 0.399050
vt 0.135390 0.459310
vt 0.143930 0.480820
vt 0.131370 0.476850
vt 0.412430 0.430770
vt 0.408580 0.441830
vt 0.394990 0.440800
vt 0.377950 0.425080
vt 0.363870 0.431820
vt 0.361570 0.425130
vt 0.300120 0.393770
vt 0.318150 0.404380
vt 0.308950 0.410550
vt 0.179960 0.393140
vt 0.195000 0.402840
vt 0.178820 0.402740
vt 0.341170 0.620620
vt 0.368330 0.641380
vt 0.346820 0.634550
vt 0.257060 0.616700
vt 0.287520 0.623410
vt 0.287240 0.628120
vt 0.257120 0.621600
vt 0.235700 0.618700
vt 0.229250 0.613730
vt 0.409750 0.519560
vt 0.417130 0.500850
vt 0.429250 0.495750
vt 0.299940 0.637680
vt 0.289930 0.397230
vt 0.273980 0.391740
vt 0.294530 0.389880
vt 0.190730 0.383220
vt 0.203020 0.378310
vt 0.197920 0.389540
vt 0.119070 0.473230
vt 0.255210 0.382430
vt 0.278760 0.377050
vt 0.149590 0.420540
vt 0.136450 0.421700
vt 0.146190 0.413830
vt 0.138870 0.431630
vt 0.148740 0.440500
vt 0.135660 0.437390
vt 0.121550 0.551240
vt 0.113810 0.562910
vt 0.112280 0.548520
vt 0.198310 0.627290
vt 0.204350 0.638770
vt 0.182650 0.634370
vt 0.422820 0.460470
vt 0.420810 0.449490
vt 0.427460 0.445810
vt 0.288560 0.638550
vt 0.293570 0.656190
vt 0.276860 0.641480
vt 0.146120 0.620550
vt 0.136920 0.624910
vt 0.144380 0.599550
vt 0.235900 0.645510
vt 0.231570 0.655210
vt 0.210860 0.648660
vt 0.416220 0.436120
vt 0.421030 0.412460
vt 0.426570 0.409240
vt 0.155440 0.625600
vt 0.150250 0.637690
vt 0.138240 0.629110
vt 0.345190 0.649140
vt 0.359670 0.645120
vt 0.371890 0.665520
vt 0.364490 0.383890
vt 0.335910 0.387840
vt 0.320160 0.383600
vt 0.126890 0.621990
vt 0.121780 0.606060
vt 0.133720 0.602940
vt 0.274520 0.651960
vt 0.284650 0.659240
vt 0.271110 0.664660
vt 0.100750 0.562280
vt 0.094090 0.549560
vt 0.100010 0.548730
vt 0.457360 0.521540
vt 0.447500 0.545100
vt 0.434040 0.515640
vt 0.188680 0.652880
vt 0.213680 0.664860
vt 0.206050 0.665760
vt 0.110780 0.621030
vt 0.114600 0.608700
vt 0.119900 0.619520
vt 0.333620 0.667160
vt 0.335730 0.654790
vt 0.344520 0.668510
vt 0.135110 0.365930
vt 0.144080 0.372370
vt 0.139540 0.397880
vt 0.411120 0.386100
vt 0.401960 0.393220
vt 0.388200 0.388720
vt 0.384970 0.381580
vt 0.397510 0.377930
vt 0.264050 0.351920
vt 0.258890 0.359860
vt 0.243690 0.344870
vt 0.192380 0.348920
vt 0.198760 0.342030
vt 0.218300 0.349430
vt 0.144110 0.640560
vt 0.133300 0.653550
vt 0.133370 0.640950
vt 0.320660 0.359640
vt 0.318460 0.363850
vt 0.300890 0.353230
vt 0.162220 0.362030
vt 0.146400 0.351680
vt 0.159810 0.340410
vt 0.095630 0.457880
vt 0.093610 0.434630
vt 0.101460 0.428060
vt 0.441520 0.619260
vt 0.415530 0.649650
vt 0.412430 0.628930
vt 0.442110 0.439790
vt 0.459090 0.451630
vt 0.451140 0.463060
vt 0.292790 0.686680
vt 0.275780 0.679950
vt 0.291590 0.671750
vt 0.170860 0.674320
vt 0.171320 0.658260
vt 0.187240 0.670830
vt 0.185440 0.340260
vt 0.145090 0.650490
vt 0.142730 0.667940
vt 0.116240 0.630090
vt 0.120280 0.656880
vt 0.108470 0.634160
vt 0.078900 0.541590
vt 0.066970 0.524250
vt 0.084520 0.514310
vt 0.467110 0.501000
vt 0.465040 0.527750
vt 0.260180 0.346500
vt 0.244800 0.341820
vt 0.076020 0.454880
vt 0.086100 0.435430
vt 0.086410 0.465270
vt 0.465040 0.457230
vt 0.470310 0.482670
vt 0.460000 0.481670
vt 0.106480 0.398260
vt 0.116130 0.376850
vt 0.120190 0.394510
vt 0.062940 0.516250
vt 0.067390 0.496910
vt 0.077720 0.505630
vt 0.346050 0.348240
vt 0.343050 0.354360
vt 0.328020 0.348950
vt 0.089860 0.620730
vt 0.088710 0.596670
vt 0.101550 0.606310
vt 0.092680 0.423920
vt 0.092870 0.397910
vt 0.099790 0.417140
vt 0.320830 0.693370
vt 0.344190 0.706060
vt 0.336760 0.707300
vt 0.304490 0.335430
vt 0.290700 0.337190
vt 0.280780 0.327530
vt 0.237920 0.324670
vt 0.261400 0.326680
vt 0.263330 0.333560
vt 0.249420 0.330500
vt 0.358570 0.338140
vt 0.343270 0.342030
vt 0.342990 0.336590
vt 0.269790 0.698020
vt 0.288280 0.709100
vt 0.273200 0.707460
vt 0.205240 0.325420
vt 0.194810 0.328640
vt 0.205750 0.308390
vt 0.071490 0.430700
vt 0.066530 0.452550
vt 0.062390 0.437510
vt 0.417450 0.668180
vt 0.442810 0.645140
vt 0.437950 0.666400
vt 0.456920 0.389240
vt 0.459080 0.411470
vt 0.446020 0.403340
vt 0.617340 0.591220
vt 0.597380 0.582350
vt 0.625480 0.585310
vt 0.518220 0.606140
vt 0.506130 0.606200
vt 0.515830 0.584490
vt 0.535980 0.507090
vt 0.515190 0.515610
vt 0.512300 0.505690
vt 0.557530 0.576570
vt 0.548780 0.567950
vt 0.608800 0.573430
vt 0.256310 0.695520
vt 0.258290 0.707360
vt 0.243130 0.701910
vt 0.598630 0.562170
vt 0.624080 0.555930
vt 0.644210 0.568560
vt 0.634550 0.581020
vt 0.652180 0.573210
vt 0.667900 0.567430
vt 0.662650 0.578440
vt 0.485350 0.446040
vt 0.475430 0.469930
vt 0.483890 0.431740
vt 0.222270 0.700940
vt 0.240410 0.714690
vt 0.204930 0.703660
vt 0.674800 0.590170
vt 0.679770 0.574320
vt 0.684280 0.586350
vt 0.710600 0.557460
vt 0.684890 0.544430
vt 0.699850 0.544210
vt 0.420120 0.683770
vt 0.409100 0.695050
vt 0.408410 0.681450
vt 0.512330 0.619990
vt 0.517750 0.615320
vt 0.541710 0.617360
vt 0.084410 0.370840
vt 0.095420 0.374060
vt 0.087370 0.389470
vt 0.654500 0.522130
vt 0.613650 0.517600
vt 0.648630 0.512170
vt 0.660020 0.608750
vt 0.642770 0.611030
vt 0.651440 0.597810
vt 0.673610 0.601400
vt 0.136900 0.685050
vt 0.129260 0.698620
vt 0.126140 0.686260
vt 0.531790 0.629610
vt 0.522290 0.623490
vt 0.553040 0.623250
vt 0.028520 0.529910
vt 0.037560 0.497140
vt 0.033810 0.535400
vt 0.467860 0.640620
vt 0.460600 0.666580
vt 0.460710 0.639490
vt 0.501840 0.642470
vt 0.482320 0.650470
vt 0.486520 0.639280
vt 0.663730 0.531570
vt 0.665370 0.508530
vt 0.692330 0.515810
vt 0.548850 0.485270
vt 0.536120 0.475800
vt 0.540880 0.466310
vt 0.214930 0.301250
vt 0.216890 0.290870
vt 0.228710 0.297650
vt 0.369760 0.312700
vt 0.371020 0.323870
vt 0.364840 0.317180
vt 0.185640 0.707330
vt 0.221740 0.717110
vt 0.217490 0.726060
vt 0.293650 0.306550
vt 0.285430 0.306850
vt 0.287080 0.300060
vt 0.187620 0.303130
vt 0.179060 0.301300
vt 0.175440 0.286640
vt 0.058810 0.388710
vt 0.061770 0.371400
vt 0.073290 0.387130
vt 0.320490 0.301460
vt 0.313080 0.305870
vt 0.305210 0.300470
vt 0.190170 0.291160
vt 0.558730 0.482100
vt 0.553130 0.468740
vt 0.582240 0.479170
vt 0.588510 0.489640
vt 0.598410 0.481750
vt 0.633480 0.494540
vt 0.732210 0.631860
vt 0.722650 0.631470
vt 0.731930 0.610140
vt 0.155200 0.713920
vt 0.166940 0.720370
vt 0.152710 0.717840
vt 0.489370 0.676990
vt 0.476570 0.685330
vt 0.481680 0.666780
vt 0.407390 0.721780
vt 0.426970 0.703350
vt 0.413270 0.733560
vt 0.501080 0.414690
vt 0.507040 0.413370
vt 0.501710 0.428150
vt 0.290980 0.729550
vt 0.294400 0.740560
vt 0.273330 0.741200
vt 0.565370 0.655420
vt 0.582620 0.649130
vt 0.596600 0.653280
vt 0.669870 0.492690
vt 0.668520 0.479710
vt 0.681730 0.503740
vt 0.005640 0.685600
vt 0.028460 0.605300
vt 0.038740 0.603990
vt 0.626460 0.479480
vt 0.640400 0.476290
vt 0.641990 0.488060
vt 0.040080 0.376710
vt 0.043570 0.359070
vt 0.051780 0.359880
vt 0.077060 0.343090
vt 0.085040 0.325630
vt 0.103100 0.326100
vt 0.074370 0.665160
vt 0.076030 0.684150
vt 0.065800 0.709500
vt 0.290910 0.280190
vt 0.275670 0.284710
vt 0.287740 0.271640
vt 0.690340 0.479430
vt 0.702760 0.501860
vt 0.149800 0.280070
vt 0.166240 0.281160
vt 0.137410 0.298100
vt 0.689030 0.661650
vt 0.652810 0.654970
vt 0.657910 0.642590
vt 0.094350 0.695680
vt 0.099190 0.713090
vt 0.088660 0.703920
vt 0.497040 0.357400
vt 0.504890 0.357940
vt 0.494260 0.377280
vt 0.568280 0.444100
vt 0.574210 0.434540
vt 0.598590 0.440310
vt 0.227750 0.741380
vt 0.255400 0.745320
vt 0.244760 0.748870
vt 0.169250 0.734110
vt 0.186500 0.739920
vt 0.182590 0.746130
vt 0.510930 0.396790
vt 0.503590 0.382660
vt 0.511900 0.376240
vt 0.448020 0.311630
vt 0.441020 0.302780
vt 0.445560 0.293560
vt 0.347050 0.762390
vt 0.343990 0.745460
vt 0.364020 0.754400
vt 0.373030 0.298110
vt 0.353980 0.302390
vt 0.382740 0.287920
vt 0.327110 0.284650
vt 0.311510 0.282320
vt 0.308340 0.264200
vt 0.639160 0.459270
vt 0.631110 0.471320
vt 0.622370 0.455630
vt 0.332830 0.747830
vt 0.319850 0.272570
vt 0.507800 0.701120
vt 0.495180 0.703750
vt 0.515420 0.682560
vt 0.052370 0.347940
vt 0.042670 0.347480
vt 0.041280 0.330660
vt 0.199550 0.746880
vt 0.207620 0.757290
vt 0.430370 0.738660
vt 0.435690 0.711430
vt 0.443060 0.736250
vt 0.605150 0.429110
vt 0.586440 0.429340
vt 0.596530 0.407300
vt 0.601440 0.682150
vt 0.589010 0.677950
vt 0.601560 0.667880
vt 0.227990 0.752480
vt 0.243900 0.758260
vt 0.223190 0.760400
vt 0.246800 0.255590
vt 0.240880 0.265210
vt 0.222650 0.269600
vt 0.051540 0.716030
vt 0.047940 0.709070
vt 0.062540 0.668420
vt 0.356650 0.265710
vt 0.354910 0.279420
vt 0.342560 0.267920
vt 0.744830 0.653220
vt 0.756570 0.702920
vt 0.750280 0.693740
vt 0.096160 0.316790
vt 0.079240 0.311100
vt 0.093280 0.299080
vt 0.175590 0.750690
vt 0.192240 0.754380
vt 0.189010 0.761740
vt 0.444660 0.282470
vt 0.429350 0.279290
vt 0.418500 0.279470
vt 0.415410 0.291380
vt 0.550040 0.392390
vt 0.544740 0.384210
vt 0.559650 0.384350
vt 0.631650 0.678750
vt 0.635000 0.665450
vt 0.658690 0.675470
vt 0.115440 0.737960
vt 0.106190 0.737290
vt 0.109610 0.727550
vt 0.088070 0.723610
vt 0.095670 0.733870
vt 0.312380 0.761590
vt 0.307220 0.776960
vt 0.298050 0.769710
vt 0.291230 0.782500
vt 0.280670 0.773390
vt 0.274800 0.758180
vt 0.141600 0.273580
vt 0.126090 0.286790
vt 0.125240 0.254940
vt 0.558560 0.700130
vt 0.548250 0.685940
vt 0.564350 0.681110
vt 0.594380 0.391730
vt 0.592210 0.380850
vt 0.612370 0.391110
vt 0.636820 0.439930
vt 0.641640 0.423540
vt 0.673450 0.430900
vt 0.669940 0.685460
vt 0.671200 0.667000
vt 0.687440 0.668930
vt 0.666750 0.416320
vt 0.645670 0.410260
vt 0.666790 0.410490
vt 0.668020 0.439200
vt 0.685780 0.432830
vt 0.698350 0.452660
vt 0.031540 0.698030
vt 0.041580 0.661990
vt 0.050050 0.672300
vt 0.548880 0.370680
vt 0.540730 0.345070
vt 0.561300 0.369510
vt 0.500060 0.726240
vt 0.483250 0.741970
vt 0.483270 0.716590
vt 0.733230 0.447840
vt 0.725670 0.438220
vt 0.740060 0.428520
vt 0.182060 0.252470
vt 0.192000 0.238010
vt 0.196650 0.251770
vt 0.476560 0.273730
vt 0.489160 0.284220
vt 0.466030 0.311760
vt 0.288600 0.796040
vt 0.295130 0.802720
vt 0.739090 0.706960
vt 0.729640 0.681880
vt 0.736690 0.660400
vt 0.209900 0.781400
vt 0.194450 0.781960
vt 0.189650 0.773710
vt 0.688970 0.400180
vt 0.689080 0.385510
vt 0.704980 0.406050
vt 0.633630 0.382610
vt 0.630060 0.360530
vt 0.649160 0.369350
vt 0.268140 0.225760
vt 0.284210 0.241780
vt 0.275220 0.243130
vt 0.724430 0.708110
vt 0.220440 0.788370
vt 0.205800 0.788460
vt 0.260930 0.226770
vt 0.263690 0.237080
vt 0.254240 0.229600
vt 0.740800 0.416230
vt 0.750910 0.402220
vt 0.752140 0.415300
vt 0.402680 0.773340
vt 0.412070 0.803280
vt 0.403600 0.800000
vt 0.421310 0.791920
vt 0.411750 0.774270
vt 0.343320 0.233290
vt 0.329750 0.245080
vt 0.330980 0.237090
vt 0.277600 0.226570
vt 0.295160 0.224830
vt 0.294090 0.231570
vt 0.104910 0.769000
vt 0.105180 0.759770
vt 0.115050 0.764740
vt 0.699770 0.380250
vt 0.715090 0.383970
vt 0.708220 0.400070
vt 0.134000 0.774370
vt 0.124650 0.777100
vt 0.124380 0.768510
vt 0.176160 0.232210
vt 0.178350 0.220670
vt 0.190620 0.228910
vt 0.427590 0.773090
vt 0.430220 0.778300
vt 0.425920 0.796140
vt 0.543980 0.303430
vt 0.553820 0.311250
vt 0.547850 0.333070
vt 0.560860 0.733330
vt 0.552110 0.746050
vt 0.535380 0.730530
vt 0.078960 0.248090
vt 0.094290 0.227710
vt 0.088200 0.251160
vt 0.169160 0.795430
vt 0.143950 0.785470
vt 0.157530 0.782310
vt 0.388720 0.244860
vt 0.373200 0.240950
vt 0.375160 0.235940
vt 0.320180 0.220210
vt 0.312630 0.230990
vt 0.299600 0.221560
vt 0.208680 0.214130
vt 0.208860 0.223770
vt 0.195360 0.221000
vt 0.382800 0.801830
vt 0.371990 0.818180
vt 0.368160 0.809530
vt 0.460890 0.789320
vt 0.461630 0.753060
vt 0.467630 0.762940
vt 0.063610 0.250960
vt 0.067640 0.233220
vt 0.074110 0.238010
vt 0.258430 0.209660
vt 0.261400 0.216770
vt 0.254520 0.224640
vt 0.603130 0.740460
vt 0.585930 0.744980
vt 0.584640 0.733210
vt 0.666140 0.732410
vt 0.652220 0.732780
vt 0.657230 0.721290
vt 0.168180 0.799330
vt 0.138350 0.794890
vt 0.135340 0.785540
vt 0.511440 0.784110
vt 0.502970 0.768390
vt 0.515640 0.755400
vt 0.427310 0.253790
vt 0.428530 0.236990
vt 0.435150 0.236640
vt 0.231790 0.804850
vt 0.256360 0.824600
vt 0.223620 0.804750
vt 0.158050 0.222050
vt 0.136760 0.221760
vt 0.157310 0.203440
vt 0.596290 0.310790
vt 0.622540 0.342430
vt 0.590810 0.321430
vt 0.289660 0.207560
vt 0.272370 0.212940
vt 0.270130 0.203880
vt 0.651350 0.331960
vt 0.716830 0.376110
vt 0.697200 0.366550
vt 0.704700 0.350070
vt 0.331500 0.223300
vt 0.352750 0.207350
vt 0.357440 0.215920
vt 0.215370 0.200710
vt 0.217590 0.213490
vt 0.202880 0.201980
vt 0.186400 0.199560
vt 0.191530 0.207630
vt 0.179880 0.204840
vt 0.271080 0.819620
vt 0.285520 0.818970
vt 0.275620 0.827370
vt 0.443630 0.222770
vt 0.454100 0.238070
vt 0.442130 0.235430
vt 0.346760 0.824840
vt 0.347500 0.838330
vt 0.341640 0.829630
vt 0.280850 0.196070
vt 0.293690 0.198570
vt 0.286190 0.201370
vt 0.720980 0.738690
vt 0.729470 0.732040
vt 0.732550 0.758030
vt 0.505410 0.254940
vt 0.513990 0.243540
vt 0.518130 0.262760
vt 0.436220 0.217360
vt 0.428220 0.221840
vt 0.592430 0.761430
vt 0.607850 0.755380
vt 0.607070 0.767730
vt 0.589940 0.772670
vt 0.211740 0.823250
vt 0.231440 0.829680
vt 0.220750 0.834630
vt 0.333690 0.826520
vt 0.340120 0.844720
vt 0.325250 0.834840
vt 0.495120 0.815730
vt 0.498910 0.797390
vt 0.508030 0.794700
vt 0.680200 0.754980
vt 0.688250 0.745920
vt 0.698560 0.756850
vt 0.246400 0.196480
vt 0.244220 0.185080
vt 0.256700 0.188030
vt 0.238670 0.834520
vt 0.254970 0.844170
vt 0.242390 0.849200
vt 0.471720 0.820080
vt 0.468480 0.830980
vt 0.461960 0.815040
vt 0.179820 0.188660
vt 0.192540 0.181760
vt 0.195720 0.192120
vt 0.521470 0.263910
vt 0.524290 0.223990
vt 0.528240 0.240480
vt 0.318740 0.837000
vt 0.329420 0.863410
vt 0.311700 0.840200
vt 0.653080 0.759930
vt 0.668470 0.760690
vt 0.654940 0.767490
vt 0.498280 0.828850
vt 0.535540 0.798280
vt 0.558450 0.788080
vt 0.140290 0.821560
vt 0.143700 0.834310
vt 0.118980 0.820670
vt 0.362250 0.850830
vt 0.354370 0.842150
vt 0.359560 0.837680
vt 0.478500 0.236440
vt 0.473270 0.206220
vt 0.487720 0.211340
vt 0.544070 0.258450
vt 0.550890 0.237490
vt 0.552670 0.257850
vt 0.360380 0.189250
vt 0.359150 0.194300
vt 0.346210 0.188890
vt 0.631890 0.307640
vt 0.624760 0.292690
vt 0.641300 0.299870
vt 0.172400 0.836750
vt 0.140720 0.174520
vt 0.154910 0.184790
vt 0.140950 0.190600
vt 0.574200 0.809000
vt 0.586120 0.785600
vt 0.588210 0.796380
vt 0.258010 0.177080
vt 0.239810 0.180450
vt 0.243900 0.172560
vt 0.098730 0.165080
vt 0.106300 0.179460
vt 0.096690 0.192060
vt 0.228220 0.172430
vt 0.279200 0.856820
vt 0.285740 0.849690
vt 0.295490 0.864770
vt 0.413270 0.187160
vt 0.416870 0.203910
vt 0.400250 0.192460
vt 0.704670 0.324890
vt 0.736850 0.322510
vt 0.720590 0.333970
vt 0.069960 0.823550
vt 0.069230 0.805640
vt 0.078250 0.812740
vt 0.174190 0.175020
vt 0.193390 0.171080
vt 0.170960 0.187600
vt 0.141040 0.163400
vt 0.161610 0.169530
vt 0.159270 0.178380
vt 0.374210 0.842330
vt 0.381250 0.850670
vt 0.365240 0.851930
vt 0.306260 0.167890
vt 0.292530 0.172910
vt 0.300610 0.159930
vt 0.735920 0.330520
vt 0.750640 0.326350
vt 0.764490 0.331890
vt 0.805520 0.326590
vt 0.800340 0.344700
vt 0.794280 0.344860
vt 0.532750 0.822600
vt 0.544780 0.808530
vt 0.549860 0.823450
vt 0.270830 0.162410
vt 0.277290 0.168620
vt 0.261120 0.166070
vt 0.561210 0.224670
vt 0.570180 0.247280
vt 0.553250 0.230360
vt 0.451460 0.184860
vt 0.442700 0.196900
vt 0.441200 0.185180
vt 0.325920 0.875420
vt 0.319130 0.867230
vt 0.583870 0.241980
vt 0.571900 0.232660
vt 0.256690 0.868130
vt 0.231900 0.871320
vt 0.232680 0.862220
vt 0.078900 0.171740
vt 0.085360 0.147990
vt 0.088560 0.167660
vt 0.771100 0.804990
vt 0.759970 0.798590
vt 0.774720 0.784120
vt 0.040420 0.801300
vt 0.031990 0.833130
vt 0.033730 0.797920
vt 0.382220 0.854660
vt 0.374050 0.874750
vt 0.369210 0.866880
vt 0.314430 0.872610
vt 0.304650 0.873060
vt 0.305700 0.865060
vt 0.048310 0.835810
vt 0.058520 0.814220
vt 0.020230 0.806830
vt 0.008230 0.831980
vt 0.010910 0.799200
vt 0.456720 0.866840
vt 0.456930 0.846970
vt 0.465650 0.862450
vt 0.025640 0.833910
vt 0.512010 0.852740
vt 0.524160 0.835940
vt 0.483820 0.166870
vt 0.485820 0.193330
vt 0.474290 0.189530
vt 0.778320 0.321760
vt 0.761550 0.314410
vt 0.781320 0.313750
vt 0.449820 0.175520
vt 0.546090 0.164290
vt 0.540180 0.175960
vt 0.536980 0.168000
vt 0.560440 0.178420
vt 0.550180 0.181950
vt 0.554410 0.172760
vt 0.743950 0.801740
vt 0.724500 0.805280
vt 0.727060 0.789220
vt 0.824690 0.320340
vt 0.813340 0.325760
vt 0.817610 0.312890
vt 0.223520 0.139950
vt 0.212650 0.157310
vt 0.211290 0.140500
vt 0.459640 0.881480
vt 0.465010 0.873530
vt 0.467360 0.883490
vt 0.364590 0.867600
vt 0.363960 0.889690
vt 0.465020 0.185400
vt 0.460420 0.173340
vt 0.469100 0.172770
vt 0.647920 0.813940
vt 0.656260 0.806640
vt 0.675670 0.805020
vt 0.283630 0.887460
vt 0.282550 0.897010
vt 0.264070 0.891590
vt 0.097040 0.856810
vt 0.079580 0.862750
vt 0.087710 0.844410
vt 0.186430 0.134560
vt 0.190220 0.148050
vt 0.175480 0.142320
vt 0.412630 0.156360
vt 0.397560 0.163800
vt 0.374920 0.154710
vt 0.653850 0.265720
vt 0.644580 0.240380
vt 0.665220 0.252800
vt 0.119660 0.860060
vt 0.131070 0.868070
vt 0.117640 0.868230
vt 0.750680 0.294730
vt 0.769470 0.298310
vt 0.768390 0.304250
vt 0.378770 0.892790
vt 0.750850 0.818380
vt 0.738020 0.808510
vt 0.762270 0.812930
vt 0.437050 0.891330
vt 0.425710 0.888450
vt 0.439430 0.870450
vt 0.673330 0.272980
vt 0.696440 0.267100
vt 0.700120 0.279610
vt 0.760740 0.289680
vt 0.758820 0.272780
vt 0.780320 0.283680
vt 0.556610 0.136430
vt 0.547510 0.136990
vt 0.553820 0.129230
vt 0.671370 0.240490
vt 0.669900 0.229660
vt 0.702010 0.242180
vt 0.660890 0.828330
vt 0.642540 0.822560
vt 0.660230 0.819110
vt 0.816140 0.301010
vt 0.824230 0.290460
vt 0.825290 0.301770
vt 0.060210 0.859680
vt 0.045860 0.855950
vt 0.067650 0.843030
vt 0.118710 0.139220
vt 0.109300 0.113680
vt 0.119170 0.105570
vt 0.125310 0.099110
vt 0.126620 0.133280
vt 0.586200 0.189290
vt 0.575380 0.177090
vt 0.589490 0.179390
vt 0.626410 0.222850
vt 0.686380 0.822640
vt 0.671220 0.818920
vt 0.412400 0.897600
vt 0.398960 0.887630
vt 0.411380 0.874600
vt 0.418150 0.889640
vt 0.419870 0.876500
vt 0.668780 0.225320
vt 0.685860 0.223030
vt 0.718540 0.230750
vt 0.162060 0.898080
vt 0.175960 0.888130
vt 0.196670 0.900080
vt 0.269000 0.122560
vt 0.287630 0.129030
vt 0.276720 0.135110
vt 0.130780 0.109590
vt 0.785450 0.264560
vt 0.774620 0.251740
vt 0.784560 0.254340
vt 0.802870 0.265320
vt 0.794610 0.267550
vt 0.791660 0.260100
vt 0.163830 0.115210
vt 0.172990 0.111020
vt 0.170000 0.129430
vt 0.156920 0.107910
vt 0.158250 0.132360
vt 0.143390 0.124830
vt 0.622860 0.186440
vt 0.617750 0.178980
vt 0.630850 0.188180
vt 0.524880 0.152950
vt 0.517780 0.137630
vt 0.524750 0.124790
vt 0.429750 0.934120
vt 0.449890 0.926320
vt 0.416900 0.953170
vt 0.171560 0.915680
vt 0.232650 0.909460
vt 0.247720 0.918810
vt 0.765960 0.242570
vt 0.772680 0.241900
vt 0.777950 0.249290
vt 0.756450 0.848350
vt 0.739770 0.850760
vt 0.737880 0.828020
vt 0.424460 0.923440
vt 0.424660 0.912660
vt 0.436390 0.905580
vt 0.430400 0.129500
vt 0.432730 0.135790
vt 0.406950 0.142930
vt 0.613170 0.167130
vt 0.638030 0.183950
vt 0.710970 0.215040
vt 0.712920 0.207090
vt 0.719900 0.221670
vt 0.820730 0.268720
vt 0.798760 0.256300
vt 0.822690 0.261120
vt 0.022390 0.870030
vt 0.031510 0.876240
vt 0.025880 0.880220
vt 0.369550 0.909400
vt 0.382740 0.907140
vt 0.374230 0.913090
vt 0.579700 0.134250
vt 0.571900 0.117730
vt 0.582130 0.126010
vt 0.395330 0.111650
vt 0.411810 0.113820
vt 0.387360 0.133450
vt 0.263950 0.098070
vt 0.275640 0.104460
vt 0.263770 0.115090
vt 0.807300 0.243590
vt 0.816510 0.257910
vt 0.805940 0.254640
vt 0.731890 0.222740
vt 0.730280 0.212130
vt 0.744000 0.218350
vt 0.793190 0.250120
vt 0.778340 0.230050
vt 0.793390 0.238180
vt 0.083220 0.902990
vt 0.082610 0.893230
vt 0.095700 0.896870
vt 0.163140 0.104400
vt 0.167040 0.093710
vt 0.172510 0.103700
vt 0.038870 0.881380
vt 0.041680 0.894150
vt 0.030510 0.888400
vt 0.112660 0.083590
vt 0.123210 0.089010
vt 0.115250 0.096200
vt 0.729100 0.208160
vt 0.731530 0.201240
vt 0.741910 0.211410
vt 0.213460 0.106470
vt 0.242110 0.082960
vt 0.246930 0.101690
vt 0.529780 0.113460
vt 0.502990 0.104770
vt 0.514520 0.091970
vt 0.394680 0.950670
vt 0.389010 0.958320
vt 0.382130 0.954540
vt 0.303030 0.970100
vt 0.320170 0.978510
vt 0.300610 0.989080
vt 0.254840 0.934370
vt 0.243040 0.952030
vt 0.216770 0.938940
vt 0.225070 0.974340
vt 0.237110 0.985910
vt 0.198900 0.982810
vt 0.708150 0.198950
vt 0.701840 0.190760
vt 0.720160 0.196240
vt 0.774260 0.226060
vt 0.768750 0.215430
vt 0.795100 0.226810
vt 0.092060 0.917960
vt 0.108540 0.912390
vt 0.108000 0.927290
vt 0.408650 0.908570
vt 0.405700 0.919390
vt 0.403610 0.909590
vt 0.514570 0.118780
vt 0.505940 0.135380
vt 0.500800 0.114610
vt 0.395720 0.907770
vt 0.395050 0.915180
vt 0.382350 0.930990
vt 0.402800 0.934300
vt 0.372010 0.940820
vt 0.723100 0.189110
vt 0.708980 0.183800
vt 0.714340 0.175090
vt 0.157290 0.958470
vt 0.198360 0.964290
vt 0.189920 0.970350
vt 0.179860 0.941410
vt 0.175100 0.948020
vt 0.140680 0.941910
vt 0.722440 0.855930
vt 0.702410 0.855790
vt 0.706420 0.846390
vt 0.212320 0.077430
vt 0.222640 0.080550
vt 0.214320 0.096800
vt 0.517990 0.062300
vt 0.531390 0.070420
vt 0.510660 0.071580
vt 0.437910 0.009050
vt 0.462800 0.026730
vt 0.440350 0.019640
vt 0.831270 0.241000
vt 0.838230 0.251180
vt 0.821080 0.242720
vt 0.332480 0.956900
vt 0.332970 0.962070
vt 0.346140 0.940250
vt 0.307230 0.956380
vt 0.309130 0.950550
vt 0.672140 0.173230
vt 0.660960 0.159060
vt 0.675860 0.163750
vt 0.771460 0.191610
vt 0.727310 0.168620
vt 0.774660 0.188720
vt 0.079900 0.949560
vt 0.097940 0.939450
vt 0.096190 0.956650
vt 0.047710 0.916700
vt 0.057080 0.908080
vt 0.060420 0.918520
vt 0.480920 0.117480
vt 0.476680 0.130680
vt 0.472520 0.127870
vt 0.396910 0.101400
vt 0.387540 0.105900
vt 0.806540 0.220810
vt 0.794350 0.206330
vt 0.816650 0.212730
vt 0.751910 0.869760
vt 0.739460 0.864510
vt 0.055140 0.932440
vt 0.058520 0.923220
vt 0.283180 0.076800
vt 0.303310 0.082950
vt 0.290240 0.096710
vt 0.081960 0.930840
vt 0.474570 0.109990
vt 0.241090 0.056190
vt 0.238660 0.067440
vt 0.215600 0.072280
vt 0.497640 0.071090
vt 0.479430 0.066000
vt 0.485210 0.058660
vt 0.281170 0.004270
vt 0.310890 0.012840
vt 0.280660 0.012650
vt 0.268120 0.019020
vt 0.309060 0.026870
vt 0.266410 0.025410
vt 0.218340 0.028200
vt 0.193030 0.037650
vt 0.208820 0.023160
vt 0.852730 0.234490
vt 0.841680 0.227800
vt 0.854850 0.226330
vt 0.140200 0.055420
vt 0.146620 0.056850
vt 0.136590 0.065280
vt 0.272510 0.071240
vt 0.267200 0.056350
vt 0.311820 0.062630
vt 0.483910 0.094960
vt 0.472790 0.097620
vt 0.474090 0.090700
vt 0.406070 0.077610
vt 0.404390 0.082430
vt 0.377350 0.076310
vt 0.296090 0.047590
vt 0.334980 0.045140
vt 0.316560 0.056820
vt 0.487330 0.091460
vt 0.486850 0.085390
vt 0.492430 0.081170
vt 0.533150 0.283280
vt 0.530420 0.311000
vt 0.549650 0.277330
vt 0.566240 0.273100
vt 0.496130 0.266070
vt 0.494920 0.274500
vt 0.482290 0.266050
vt 0.467900 0.228270
vt 0.470460 0.250530
vt 0.351300 0.726010
vt 0.372790 0.722700
vt 0.370280 0.731730
vt 0.396840 0.737630
vt 0.435340 0.792770
vt 0.443980 0.762860
vt 0.451620 0.795610
vt 0.453310 0.850280
vt 0.206090 0.707380
vt 0.177520 0.702160
vt 0.139590 0.680970
vt 0.128850 0.671250
vt 0.544480 0.430940
vt 0.524460 0.420230
vt 0.552310 0.427970
vt 0.545090 0.402840
vt 0.534550 0.403650
vt 0.535170 0.385310
vt 0.277570 0.726080
vt 0.258910 0.733980
vt 0.270610 0.721420
vt 0.270000 0.737680
vt 0.044310 0.771220
vt 0.050480 0.746120
vt 0.055620 0.782140
vt 0.033870 0.766410
vt 0.044650 0.739450
vt 0.040030 0.761740
vt 0.023710 0.789190
vt 0.019940 0.774170
vt 0.023770 0.740050
vt 0.014790 0.696450
vt 0.033260 0.651190
vt 0.022180 0.698930
vt 0.294930 0.933910
vt 0.310310 0.937140
vt 0.292140 0.950330
vt 0.323220 0.921870
vt 0.327080 0.929930
vt 0.304050 0.927220
vt 0.094130 0.666080
vt 0.086130 0.669540
vt 0.103610 0.626040
vt 0.641600 0.274580
vt 0.626480 0.288280
vt 0.631300 0.282220
vt 0.642030 0.294460
vt 0.438190 0.918470
vt 0.428120 0.921660
vt 0.438280 0.905890
vt 0.448820 0.870980
vt 0.451690 0.889160
vt 0.442930 0.894890
vt 0.540980 0.188030
vt 0.528500 0.188810
vt 0.501980 0.164850
vt 0.515930 0.167940
vt 0.507310 0.189500
vt 0.644050 0.288260
vt 0.665070 0.303430
vt 0.669870 0.296830
vt 0.687710 0.304680
vt 0.456990 0.433130
vt 0.420750 0.362150
vt 0.432830 0.364990
vt 0.427130 0.381940
vt 0.484990 0.313320
vt 0.482580 0.332360
vt 0.510230 0.307080
vt 0.510970 0.315450
vt 0.501340 0.339710
vt 0.158590 0.863200
vt 0.161860 0.873490
vt 0.130610 0.862820
vt 0.191310 0.887220
vt 0.231220 0.894440
vt 0.223710 0.898480
vt 0.444320 0.903100
vt 0.458270 0.890910
vt 0.465110 0.892710
vt 0.456880 0.905540
vt 0.154020 0.918050
vt 0.172010 0.929790
vt 0.140590 0.926210
vt 0.204640 0.922240
vt 0.394570 0.858540
vt 0.399520 0.858340
vt 0.393420 0.844590
vt 0.394380 0.831070
vt 0.396670 0.847910
vt 0.214860 0.945350
vt 0.208170 0.951390
vt 0.290240 0.956050
vt 0.271800 0.969160
vt 0.471130 0.498080
vt 0.474490 0.538540
vt 0.465820 0.546020
vt 0.471390 0.617590
vt 0.464140 0.616570
vt 0.474620 0.591480
vt 0.486850 0.863530
vt 0.490150 0.847600
vt 0.507320 0.849500
vt 0.349970 0.968070
vt 0.370990 0.953780
vt 0.381880 0.963040
vt 0.204430 0.050240
vt 0.198110 0.058290
vt 0.168930 0.048080
vt 0.156970 0.071290
vt 0.165340 0.077150
vt 0.157650 0.089000
vt 0.249570 0.203850
vt 0.257750 0.201240
vt 0.249610 0.218250
vt 0.226980 0.216580
vt 0.217800 0.227850
vt 0.203150 0.149080
vt 0.199590 0.134060
vt 0.198940 0.097610
vt 0.346970 0.974490
vt 0.390720 0.971350
vt 0.344480 0.987080
vt 0.318220 0.990810
vt 0.141670 0.720310
vt 0.151770 0.734340
vt 0.141990 0.731720
vt 0.157530 0.746540
vt 0.160260 0.759340
vt 0.149730 0.755720
vt 0.728890 0.425870
vt 0.732580 0.418280
vt 0.687440 0.411640
vt 0.715120 0.413080
vt 0.715710 0.419900
vt 0.092220 0.765660
vt 0.083630 0.748610
vt 0.084220 0.759170
vt 0.068730 0.749920
vt 0.491040 0.301300
vt 0.496400 0.318190
vt 0.486860 0.330020
vt 0.496040 0.335580
vt 0.482990 0.376630
vt 0.778000 0.260680
vt 0.767300 0.255800
vt 0.750670 0.239690
vt 0.702420 0.236760
vt 0.201000 0.769940
vt 0.207800 0.774750
vt 0.234750 0.765620
vt 0.533340 0.339300
vt 0.511510 0.330460
vt 0.127510 0.193280
vt 0.121950 0.191430
vt 0.125240 0.154490
vt 0.106530 0.313930
vt 0.105560 0.289400
vt 0.113310 0.286620
vt 0.220960 0.743600
vt 0.193510 0.721420
vt 0.213440 0.738920
vt 0.193270 0.731470
vt 0.430910 0.871880
vt 0.443150 0.844790
vt 0.435240 0.830170
vt 0.448450 0.827600
vt 0.718420 0.272250
vt 0.741210 0.267960
vt 0.732470 0.275850
vt 0.731150 0.283310
vt 0.722210 0.289420
vt 0.100790 0.770960
vt 0.091300 0.777420
vt 0.126710 0.801570
vt 0.107830 0.802690
vt 0.115200 0.793300
vt 0.217470 0.750850
vt 0.205840 0.740310
vt 0.432070 0.836050
vt 0.440580 0.857250
vt 0.428540 0.850740
vt 0.421990 0.854620
vt 0.409720 0.845550
vt 0.419020 0.835910
vt 0.120790 0.692950
vt 0.112360 0.692760
vt 0.117600 0.684520
vt 0.117600 0.669580
vt 0.107800 0.678520
vt 0.103700 0.667850
vt 0.168290 0.693290
vt 0.161170 0.704770
vt 0.161780 0.708990
vt 0.183390 0.713750
vt 0.785680 0.296760
vt 0.814780 0.284060
vt 0.810870 0.294500
vt 0.803500 0.278250
vt 0.581300 0.226000
vt 0.567880 0.188990
vt 0.570950 0.180590
vt 0.585710 0.195700
vt 0.155780 0.767590
vt 0.145660 0.772800
vt 0.142160 0.763300
vt 0.158610 0.775260
vt 0.177790 0.779540
vt 0.173320 0.783820
vt 0.382880 0.702590
vt 0.382300 0.725600
vt 0.375490 0.713760
vt 0.383530 0.677270
vt 0.374930 0.695380
vt 0.163080 0.823900
vt 0.139720 0.816710
vt 0.182220 0.811480
vt 0.162440 0.804220
vt 0.729460 0.248130
vt 0.736210 0.244640
vt 0.744860 0.254410
vt 0.732530 0.261110
vt 0.710920 0.255530
vt 0.722520 0.249730
vt 0.390440 0.879150
vt 0.385340 0.865080
vt 0.390530 0.868110
vt 0.385400 0.841550
vt 0.387790 0.827950
vt 0.352890 0.715280
vt 0.369190 0.716020
vt 0.370160 0.695620
vt 0.365370 0.683240
vt 0.122620 0.710110
vt 0.129880 0.713360
vt 0.129820 0.725260
vt 0.117560 0.709750
vt 0.114600 0.702220
vt 0.123180 0.699890
vt 0.505270 0.896870
vt 0.499390 0.889850
vt 0.533790 0.878870
vt 0.494430 0.905460
vt 0.478000 0.913310
vt 0.475730 0.904390
vt 0.206380 0.191050
vt 0.207290 0.178590
vt 0.216700 0.178330
vt 0.378300 0.945330
vt 0.392170 0.945000
vt 0.417890 0.922800
vt 0.419310 0.918040
vt 0.233260 0.183160
vt 0.225000 0.185630
vt 0.222550 0.175300
vt 0.227100 0.189890
vt 0.230020 0.195760
vt 0.217650 0.191660
vt 0.225340 0.779470
vt 0.228170 0.785800
vt 0.277110 0.802930
vt 0.281510 0.813740
vt 0.274680 0.805000
vt 0.399410 0.613390
vt 0.400650 0.592420
vt 0.406180 0.594550
vt 0.404740 0.566590
vt 0.400180 0.571790
vt 0.397060 0.552700
vt 0.199210 0.073170
vt 0.214030 0.062170
vt 0.180470 0.086340
vt 0.203560 0.078980
vt 0.191070 0.087890
vt 0.376710 0.789220
vt 0.367320 0.781510
vt 0.371740 0.771990
vt 0.385400 0.736840
vt 0.205460 0.684100
vt 0.208850 0.692910
vt 0.196180 0.691810
vt 0.232090 0.687710
vt 0.248410 0.690250
vt 0.235050 0.698690
vt 0.064430 0.872550
vt 0.042480 0.874120
vt 0.057080 0.867270
vt 0.091270 0.886940
vt 0.375630 0.336250
vt 0.355740 0.325710
vt 0.441660 0.342490
vt 0.427360 0.339710
vt 0.426990 0.325220
vt 0.408920 0.345210
vt 0.419130 0.328710
vt 0.364500 0.355780
vt 0.370690 0.365290
vt 0.353840 0.365040
vt 0.432360 0.313580
vt 0.421490 0.301680
vt 0.423180 0.310700
vt 0.522220 0.351350
vt 0.525750 0.334970
vt 0.536980 0.328960
vt 0.118220 0.154660
vt 0.096380 0.203010
vt 0.536730 0.435380
vt 0.517390 0.469300
vt 0.521380 0.454670
vt 0.547790 0.459040
vt 0.150470 0.073690
vt 0.152950 0.091180
vt 0.140800 0.106750
vt 0.302690 0.791000
vt 0.193760 0.808380
vt 0.202170 0.812430
vt 0.190560 0.814290
vt 0.220700 0.797580
vt 0.211720 0.798980
vt 0.317480 0.701900
vt 0.321630 0.715010
vt 0.306020 0.703560
vt 0.278630 0.691740
vt 0.295410 0.696760
vt 0.292550 0.701710
vt 0.312700 0.857590
vt 0.304020 0.850820
vt 0.310100 0.862980
vt 0.336900 0.736820
vt 0.327450 0.732420
vt 0.308020 0.713080
vt 0.223960 0.795100
vt 0.211770 0.794830
vt 0.174440 0.788310
vt 0.114110 0.875110
vt 0.094940 0.872090
vt 0.109510 0.866010
vt 0.157850 0.882660
vt 0.152360 0.888820
vt 0.128220 0.875280
vt 0.657350 0.318950
vt 0.678560 0.312360
vt 0.098210 0.852470
vt 0.098430 0.841840
vt 0.106680 0.851030
vt 0.094210 0.810250
vt 0.092940 0.821540
vt 0.085630 0.808950
vt 0.216210 0.507640
vt 0.224460 0.533180
vt 0.239850 0.531010
vt 0.236690 0.536700
vt 0.447230 0.706070
vt 0.451870 0.704650
vt 0.448980 0.738000
vt 0.684290 0.463770
vt 0.669700 0.470970
vt 0.656050 0.459260
vt 0.648100 0.471210
vt 0.464760 0.727960
vt 0.477250 0.743180
vt 0.458760 0.741700
vt 0.454780 0.708750
vt 0.454000 0.729870
vt 0.306540 0.626390
vt 0.324860 0.622150
vt 0.327390 0.641600
vt 0.322020 0.601900
vt 0.325420 0.615540
vt 0.315910 0.613740
vt 0.523210 0.187830
vt 0.512990 0.185340
vt 0.519780 0.172280
vt 0.506340 0.212900
vt 0.514830 0.221720
vt 0.503980 0.233340
vt 0.616310 0.398510
vt 0.579900 0.415600
vt 0.582740 0.393960
vt 0.537110 0.124800
vt 0.534440 0.153350
vt 0.530810 0.168620
vt 0.509690 0.361540
vt 0.517790 0.355020
vt 0.510210 0.350920
vt 0.702370 0.340100
vt 0.702150 0.328730
vt 0.677140 0.316880
vt 0.666860 0.320030
vt 0.660490 0.308350
vt 0.782450 0.344200
vt 0.784810 0.332860
vt 0.796370 0.327880
vt 0.788480 0.323140
vt 0.791170 0.310020
vt 0.799130 0.314230
vt 0.749090 0.246200
vt 0.747550 0.228680
vt 0.254750 0.721620
vt 0.255290 0.712640
vt 0.068600 0.910690
vt 0.079090 0.913000
vt 0.071660 0.927380
vt 0.088720 0.929200
vt 0.536010 0.195080
vt 0.563600 0.196780
vt 0.556810 0.212460
vt 0.553300 0.198300
vt 0.357170 0.852160
vt 0.347480 0.851580
vt 0.715650 0.318170
vt 0.757640 0.309870
vt 0.734620 0.303850
vt 0.258480 0.807100
vt 0.262820 0.799720
vt 0.241600 0.790830
vt 0.254040 0.779370
vt 0.252440 0.788220
vt 0.123490 0.077410
vt 0.129340 0.091250
vt 0.192100 0.156110
vt 0.173730 0.165700
vt 0.208040 0.164040
vt 0.089780 0.866720
vt 0.083960 0.877860
vt 0.077610 0.882400
vt 0.075260 0.873830
vt 0.530930 0.358540
vt 0.525920 0.401770
vt 0.519740 0.378090
vt 0.528810 0.381150
vt 0.390880 0.767690
vt 0.396350 0.787900
vt 0.384390 0.788140
vt 0.509820 0.299040
vt 0.502040 0.314120
vt 0.495640 0.298540
vt 0.391120 0.813160
vt 0.390590 0.801100
vt 0.603780 0.383640
vt 0.615350 0.385820
vt 0.687620 0.404740
vt 0.608910 0.409030
vt 0.614790 0.402550
vt 0.420130 0.492090
vt 0.421300 0.479900
vt 0.412580 0.493440
vt 0.411520 0.479910
vt 0.416570 0.480300
vt 0.318810 0.737200
vt 0.319370 0.757970
vt 0.309000 0.730840
vt 0.315020 0.738620
vt 0.289160 0.573520
vt 0.262570 0.566160
vt 0.293010 0.569320
vt 0.242760 0.572680
vt 0.394020 0.542090
vt 0.390810 0.555860
vt 0.393410 0.568850
vt 0.382320 0.556830
vt 0.294530 0.547560
vt 0.321500 0.554070
vt 0.332930 0.560700
vt 0.298530 0.557710
vt 0.393600 0.654230
vt 0.389680 0.679140
vt 0.386750 0.658070
vt 0.359660 0.625650
vt 0.366730 0.620280
vt 0.371350 0.634890
vt 0.321780 0.646740
vt 0.326240 0.655970
vt 0.316140 0.652690
vt 0.313040 0.638540
vt 0.469300 0.580290
vt 0.460190 0.590650
vt 0.460080 0.570380
vt 0.436580 0.593860
vt 0.442460 0.469200
vt 0.433920 0.493310
vt 0.434560 0.472590
vt 0.439240 0.452420
vt 0.394310 0.674320
vt 0.402910 0.667450
vt 0.402440 0.641850
vt 0.455310 0.667030
vt 0.460210 0.694310
vt 0.455820 0.682790
vt 0.462310 0.676160
vt 0.385530 0.604230
vt 0.394520 0.611090
vt 0.388110 0.618670
vt 0.378470 0.633970
vt 0.374430 0.621880
vt 0.559620 0.777800
vt 0.546800 0.790970
vt 0.548790 0.755820
vt 0.534520 0.742950
vt 0.606780 0.837160
vt 0.619750 0.853610
vt 0.600400 0.861090
vt 0.576480 0.870610
vt 0.549420 0.880620
vt 0.580250 0.849310
vt 0.601470 0.816560
vt 0.629750 0.804230
vt 0.619660 0.818490
vt 0.639800 0.833580
vt 0.627230 0.827980
vt 0.629810 0.859810
vt 0.682600 0.846230
vt 0.680880 0.838090
vt 0.696570 0.834970
vt 0.487550 0.797940
vt 0.474760 0.836180
vt 0.477280 0.818380
vt 0.483590 0.783650
vt 0.499310 0.758180
vt 0.603770 0.829990
vt 0.549150 0.842110
vt 0.554650 0.857390
vt 0.397210 0.300980
vt 0.383830 0.295010
vt 0.385360 0.283120
vt 0.392420 0.277820
vt 0.360880 0.205630
vt 0.380160 0.211580
vt 0.411060 0.223710
vt 0.396540 0.242760
vt 0.386970 0.229350
vt 0.206350 0.298390
vt 0.212610 0.310740
vt 0.278880 0.294720
vt 0.276620 0.302810
vt 0.273210 0.297180
vt 0.246070 0.298650
vt 0.258490 0.321830
vt 0.237120 0.313120
vt 0.312860 0.249180
vt 0.305200 0.261040
vt 0.295650 0.249510
vt 0.282940 0.244250
vt 0.279190 0.254110
vt 0.266870 0.257100
vt 0.256600 0.181880
vt 0.290430 0.189180
vt 0.305240 0.188080
vt 0.299050 0.196830
vt 0.188620 0.266010
vt 0.182290 0.259710
vt 0.237700 0.249390
vt 0.225250 0.248180
vt 0.212580 0.262400
vt 0.198880 0.261610
vt 0.209130 0.243810
vt 0.306590 0.177030
vt 0.304960 0.179840
vt 0.289720 0.178580
vt 0.292550 0.184090
vt 0.273070 0.184520
vt 0.266460 0.181210
vt 0.304880 0.298170
vt 0.313040 0.289350
vt 0.317080 0.297440
vt 0.285800 0.290810
vt 0.236270 0.240000
vt 0.259550 0.256080
vt 0.257830 0.248520
vt 0.143160 0.136810
vt 0.165340 0.151520
vt 0.173890 0.152500
vt 0.133500 0.885310
vt 0.179980 0.924860
vt 0.413310 0.934660
vt 0.421810 0.933150
vt 0.409490 0.946230
vt 0.835640 0.261060
vt 0.838260 0.268190
vt 0.833100 0.284870
vt 0.683910 0.194390
vt 0.689620 0.181840
vt 0.614110 0.160820
vt 0.630270 0.170830
vt 0.620680 0.211820
vt 0.640880 0.216340
vt 0.645390 0.197890
vt 0.654970 0.197420
vt 0.649420 0.211900
vt 0.579220 0.168390
vt 0.540820 0.153790
vt 0.558170 0.146920
vt 0.550810 0.156070
vt 0.557490 0.160980
vt 0.563410 0.153820
vt 0.571040 0.145900
vt 0.562760 0.135980
vt 0.567040 0.130930
vt 0.626580 0.227390
vt 0.596450 0.203090
vt 0.594390 0.240640
vt 0.595970 0.229270
vt 0.606810 0.236940
vt 0.482130 0.483360
vt 0.476480 0.514400
vt 0.599000 0.540800
vt 0.568190 0.537870
vt 0.603620 0.528020
vt 0.525550 0.522760
vt 0.527480 0.430580
vt 0.512340 0.425710
vt 0.495930 0.463370
vt 0.494690 0.451880
vt 0.509060 0.456140
vt 0.535270 0.500010
vt 0.534000 0.489330
vt 0.553510 0.496290
vt 0.586720 0.513620
vt 0.561200 0.495010
vt 0.582680 0.500100
vt 0.541890 0.446840
vt 0.515720 0.445290
vt 0.504330 0.423040
vt 0.521030 0.435650
vt 0.509610 0.478410
vt 0.497490 0.473770
vt 0.483080 0.528040
vt 0.485410 0.512880
vt 0.498490 0.512170
vt 0.368420 0.013040
vt 0.392910 0.021010
vt 0.367430 0.022830
vt 0.413240 0.051900
vt 0.386810 0.055240
vt 0.374160 0.047640
vt 0.139500 0.408670
vt 0.159850 0.403330
vt 0.147640 0.393350
vt 0.165790 0.390130
vt 0.229640 0.146420
vt 0.247180 0.160020
vt 0.234910 0.165220
vt 0.268650 0.148990
vt 0.265590 0.132240
vt 0.764630 0.347510
vt 0.765100 0.357600
vt 0.740720 0.392140
vt 0.263940 0.066610
vt 0.254580 0.064570
vt 0.253140 0.077840
vt 0.254820 0.106760
vt 0.559260 0.131950
vt 0.559020 0.125100
vt 0.563530 0.127170
vt 0.534550 0.087050
vt 0.743190 0.764970
vt 0.739910 0.773320
vt 0.733460 0.765100
vt 0.769340 0.763730
vt 0.754120 0.768910
vt 0.754850 0.761710
vt 0.266670 0.496650
vt 0.264350 0.489380
vt 0.377980 0.181060
vt 0.394100 0.187730
vt 0.380420 0.190390
vt 0.388510 0.170980
vt 0.372690 0.169750
vt 0.372570 0.160820
vt 0.726240 0.597960
vt 0.726710 0.577700
vt 0.733640 0.578030
vt 0.038390 0.463650
vt 0.040620 0.440290
vt 0.043280 0.462160
vt 0.102330 0.375510
vt 0.108510 0.376170
vt 0.100060 0.399390
vt 0.149820 0.310180
vt 0.132800 0.324560
vt 0.134680 0.314780
vt 0.117080 0.489230
vt 0.109070 0.485430
vt 0.111890 0.464930
vt 0.103360 0.532030
vt 0.332110 0.427820
vt 0.299240 0.430900
vt 0.312350 0.424400
vt 0.778210 0.855970
vt 0.760930 0.851170
vt 0.777200 0.845000
vt 0.761620 0.839940
vt 0.740650 0.820520
vt 0.767740 0.823640
vt 0.781650 0.807860
vt 0.788570 0.786790
vt 0.789690 0.813550
vt 0.772450 0.829150
vt 0.581910 0.696180
vt 0.599240 0.696380
vt 0.602130 0.729250
vt 0.583390 0.724530
vt 0.600860 0.711990
vt 0.316740 0.461280
vt 0.310840 0.467580
vt 0.292260 0.458280
vt 0.318210 0.454000
vt 0.335140 0.443060
vt 0.327950 0.459530
vt 0.179270 0.371560
vt 0.187370 0.359810
vt 0.197440 0.370590
vt 0.175110 0.352820
vt 0.167760 0.360740
vt 0.169260 0.341080
vt 0.187460 0.389110
vt 0.198020 0.399410
vt 0.290430 0.411770
vt 0.303380 0.418510
vt 0.277700 0.417140
vt 0.316930 0.117600
vt 0.330690 0.133760
vt 0.315730 0.132290
vt 0.325340 0.151970
vt 0.325720 0.159140
vt 0.311110 0.155840
vt 0.356860 0.445590
vt 0.338680 0.431750
vt 0.355870 0.434590
vt 0.388010 0.453010
vt 0.391220 0.460180
vt 0.379690 0.459200
vt 0.332950 0.369020
vt 0.311430 0.381390
vt 0.313130 0.367690
vt 0.704820 0.695500
vt 0.697090 0.679570
vt 0.707340 0.681440
vt 0.711140 0.631620
vt 0.714040 0.619440
vt 0.734990 0.521770
vt 0.724760 0.511670
vt 0.723650 0.495040
vt 0.727690 0.539680
vt 0.735610 0.537070
vt 0.731960 0.553990
vt 0.022400 0.567900
vt 0.025770 0.541700
vt 0.030990 0.549570
vt 0.050730 0.566110
vt 0.039600 0.566140
vt 0.055110 0.553230
vt 0.244250 0.378720
vt 0.241300 0.363100
vt 0.258960 0.371620
vt 0.208860 0.362870
vt 0.235120 0.370820
vt 0.214880 0.374170
vt 0.311830 0.340710
vt 0.311390 0.330090
vt 0.338570 0.327100
vt 0.322640 0.326130
vt 0.328340 0.313680
vt 0.328670 0.303980
vt 0.384260 0.323150
vt 0.404300 0.303090
vt 0.411560 0.307910
vt 0.396950 0.319450
vt 0.517640 0.734390
vt 0.525790 0.721630
vt 0.549390 0.720750
vt 0.521150 0.737050
vt 0.378550 0.379410
vt 0.361570 0.372540
vt 0.381350 0.365920
vt 0.342960 0.373750
vt 0.352780 0.380900
vt 0.102060 0.804010
vt 0.094170 0.799720
vt 0.097380 0.796390
vt 0.108360 0.791170
vt 0.409230 0.265580
vt 0.401350 0.256450
vt 0.420640 0.244800
vt 0.380960 0.273070
vt 0.374370 0.280910
vt 0.370780 0.271610
vt 0.737230 0.366690
vt 0.754140 0.357230
vt 0.755460 0.364940
vt 0.726240 0.353870
vt 0.111410 0.324170
vt 0.118200 0.289490
vt 0.115240 0.326590
vt 0.118920 0.307100
vt 0.121310 0.328690
vt 0.611970 0.640560
vt 0.607910 0.630570
vt 0.624040 0.632350
vt 0.600780 0.587700
vt 0.604200 0.598960
vt 0.564520 0.646430
vt 0.510210 0.664300
vt 0.492510 0.655350
vt 0.507290 0.650870
vt 0.401790 0.282150
vt 0.398560 0.270730
vt 0.409360 0.274390
vt 0.697270 0.744910
vt 0.678860 0.735310
vt 0.683970 0.729260
vt 0.667010 0.717180
vt 0.383650 0.278410
vt 0.387380 0.344340
vt 0.387770 0.354720
vt 0.428540 0.263190
vt 0.086890 0.350770
vt 0.101270 0.345410
vt 0.109720 0.350720
vt 0.119930 0.346860
vt 0.290210 0.363220
vt 0.282900 0.352720
vt 0.301810 0.343410
vt 0.319390 0.725210
vt 0.333110 0.723740
vt 0.534980 0.671250
vt 0.557850 0.671350
vt 0.537300 0.660840
vt 0.525290 0.664040
vt 0.533500 0.654510
vt 0.702810 0.572430
vt 0.694230 0.556050
vt 0.069970 0.330200
vt 0.749650 0.443100
vt 0.486040 0.821780
vt 0.490240 0.806890
vt 0.495570 0.820070
vt 0.518250 0.802120
vt 0.109770 0.708970
vt 0.107580 0.688050
vt 0.101230 0.677690
vt 0.086020 0.679220
vt 0.477340 0.854080
vt 0.484860 0.875390
vt 0.490020 0.833840
vt 0.485880 0.832480
vt 0.323760 0.501870
vt 0.318200 0.496860
vt 0.327780 0.496730
vt 0.330970 0.487150
vt 0.116360 0.750000
vt 0.115100 0.756720
vt 0.104780 0.750590
vt 0.140770 0.754810
vt 0.139860 0.740880
vt 0.149340 0.741070
vt 0.332050 0.502040
vt 0.360960 0.495140
vt 0.345690 0.522130
vt 0.338190 0.516930
vt 0.164080 0.457680
vt 0.153910 0.469980
vt 0.147910 0.454250
vt 0.167110 0.442840
vt 0.164480 0.433160
vt 0.235200 0.117580
vt 0.220060 0.122720
vt 0.248690 0.151180
vt 0.273810 0.111770
vt 0.278420 0.115540
vt 0.352080 0.116060
vt 0.364350 0.110350
vt 0.370010 0.126020
vt 0.303120 0.096480
vt 0.304600 0.114220
vt 0.294920 0.107400
vt 0.312200 0.105810
vt 0.419100 0.384920
vt 0.415720 0.405830
vt 0.403910 0.399960
vt 0.386720 0.409150
vt 0.398310 0.412640
vt 0.137880 0.560150
vt 0.144970 0.577780
vt 0.130100 0.555880
vt 0.120660 0.564460
vt 0.103180 0.586150
vt 0.093750 0.583140
vt 0.102560 0.570890
vt 0.128530 0.584610
vt 0.124230 0.594060
vt 0.115380 0.591590
vt 0.541350 0.062640
vt 0.520350 0.052950
vt 0.543150 0.088860
vt 0.545310 0.072030
vt 0.549910 0.088760
vt 0.477230 0.156740
vt 0.490440 0.122140
vt 0.495260 0.132560
vt 0.731910 0.165860
vt 0.773990 0.183590
vt 0.318260 0.001950
vt 0.383920 0.034230
vt 0.477550 0.048790
vt 0.759940 0.754720
vt 0.769550 0.742920
vt 0.007270 0.741790
vt 0.016490 0.742250
vt 0.011820 0.768230
vt 0.462520 0.017440
vt 0.495190 0.027230
vt 0.480930 0.030270
vt 0.586540 0.130380
vt 0.595170 0.142070
vt 0.159300 0.594410
vt 0.134650 0.595930
vt 0.134590 0.588550
vt 0.404710 0.092130
vt 0.431790 0.093970
vt 0.431520 0.101680
vt 0.468740 0.107450
vt 0.460600 0.115770
vt 0.443450 0.119760
vt 0.400000 0.062520
vt 0.404720 0.070720
vt 0.362040 0.064520
vt 0.312020 0.074300
vt 0.546120 0.119050
vt 0.542460 0.133760
vt 0.536750 0.112590
vt 0.551860 0.097010
vt 0.178860 0.627050
vt 0.177700 0.609020
vt 0.183410 0.618170
vt 0.168950 0.619660
vt 0.709640 0.793950
vt 0.717570 0.788070
vt 0.718080 0.812580
vt 0.727960 0.845000
vt 0.717980 0.833130
vt 0.729630 0.826210
vt 0.676230 0.768040
vt 0.691210 0.761360
vt 0.688730 0.770240
vt 0.706330 0.773120
vt 0.105150 0.645310
vt 0.114480 0.662120
vt 0.091740 0.648040
vt 0.087600 0.634460
vt 0.159210 0.661980
vt 0.178280 0.695260
vt 0.173120 0.685730
vt 0.159280 0.672520
vt 0.702710 0.798150
vt 0.678350 0.790640
vt 0.667060 0.788400
vt 0.672930 0.772980
vt 0.481910 0.073180
vt 0.478820 0.080620
vt 0.434520 0.063080
vt 0.347780 0.030400
vt 0.256810 0.014520
vt 0.312140 0.019520
vt 0.248990 0.798160
vt 0.239790 0.803750
vt 0.258070 0.817540
vt 0.506890 0.094460
vt 0.493800 0.096210
vt 0.517270 0.084680
vt 0.214490 0.033530
vt 0.200270 0.043490
vt 0.296020 0.039330
vt 0.285030 0.046820
vt 0.257080 0.033900
vt 0.516080 0.403470
vt 0.277670 0.794750
vt 0.274200 0.771030
vt 0.263040 0.778890
vt 0.258090 0.779830
vt 0.259040 0.765020
vt 0.698120 0.771560
vt 0.704720 0.766060
vt 0.710390 0.761530
vt 0.704600 0.741930
vt 0.714590 0.738930
vt 0.792280 0.294560
vt 0.789870 0.281600
vt 0.799910 0.293310
vt 0.808600 0.302480
vt 0.806060 0.311690
vt 0.797820 0.304120
vt 0.171320 0.634550
vt 0.169330 0.640540
vt 0.160810 0.636520
vt 0.190230 0.657770
vt 0.196360 0.669220
vt 0.392390 0.308120
vt 0.378500 0.311710
vt 0.475320 0.721650
vt 0.466760 0.682860
vt 0.107360 0.934310
vt 0.104770 0.940320
vt 0.138340 0.951100
vt 0.251960 0.501240
vt 0.264940 0.534580
vt 0.259810 0.540990
vt 0.253570 0.531850
vt 0.266620 0.432390
vt 0.247170 0.433410
vt 0.245920 0.425930
vt 0.279260 0.436760
vt 0.285870 0.443330
vt 0.262040 0.439640
vt 0.472950 0.566200
vt 0.523180 0.539700
vt 0.504130 0.554350
vt 0.502950 0.541150
vt 0.120080 0.843080
vt 0.121030 0.853850
vt 0.100950 0.831830
vt 0.108380 0.846850
vt 0.172170 0.852300
vt 0.173340 0.862820
vt 0.142980 0.849890
vt 0.193690 0.852040
vt 0.203970 0.843990
vt 0.201640 0.855050
vt 0.615130 0.380480
vt 0.591890 0.371740
vt 0.618140 0.362820
vt 0.568540 0.331440
vt 0.564110 0.314530
vt 0.585420 0.330890
vt 0.307870 0.122660
vt 0.292390 0.115860
vt 0.151440 0.380100
vt 0.172130 0.368340
vt 0.396090 0.174160
vt 0.407940 0.177700
vt 0.391830 0.177270
vt 0.424050 0.170660
vt 0.411050 0.167260
vt 0.420370 0.159410
vt 0.189550 0.839870
vt 0.200000 0.827000
vt 0.461710 0.220520
vt 0.462100 0.202390
vt 0.468740 0.201680
vt 0.469360 0.188300
vt 0.349480 0.129810
vt 0.340010 0.117390
vt 0.410350 0.152270
vt 0.384730 0.148000
vt 0.349640 0.899750
vt 0.337290 0.899660
vt 0.337690 0.887500
vt 0.350450 0.908850
vt 0.344240 0.916790
vt 0.563190 0.637970
vt 0.556710 0.627900
vt 0.579350 0.632390
vt 0.572050 0.605950
vt 0.550610 0.607670
vt 0.553930 0.592820
vt 0.181370 0.321080
vt 0.170030 0.314400
vt 0.152300 0.299960
vt 0.606030 0.748690
vt 0.586790 0.753710
vt 0.565240 0.750070
vt 0.564940 0.759680
vt 0.222310 0.211520
vt 0.229320 0.208090
vt 0.194440 0.828900
vt 0.173670 0.822410
vt 0.163510 0.810220
vt 0.590520 0.172010
vt 0.590770 0.163290
vt 0.607830 0.177500
vt 0.595150 0.197100
vt 0.601200 0.190220
vt 0.471550 0.141460
vt 0.456970 0.145320
vt 0.455330 0.140000
vt 0.427460 0.141570
vt 0.356750 0.773650
vt 0.365010 0.768420
vt 0.348780 0.777680
vt 0.333060 0.773980
vt 0.201110 0.180520
vt 0.194250 0.196720
vt 0.206300 0.195950
vt 0.560940 0.506120
vt 0.565540 0.526430
vt 0.476210 0.895680
vt 0.503620 0.877990
vt 0.489310 0.878450
vt 0.512180 0.866480
vt 0.479480 0.420640
vt 0.476800 0.442160
vt 0.469540 0.438400
vt 0.484180 0.393690
vt 0.473050 0.408500
vt 0.478310 0.378600
vt 0.545100 0.411820
vt 0.546310 0.420210
vt 0.531240 0.416690
vt 0.520020 0.285170
vt 0.526350 0.284790
vt 0.523730 0.301770
vt 0.530340 0.261750
vt 0.521940 0.875810
vt 0.497260 0.438250
vt 0.507280 0.437030
vt 0.488230 0.429260
vt 0.584030 0.386320
vt 0.569700 0.373680
vt 0.590860 0.361540
vt 0.568240 0.352820
vt 0.594230 0.640020
vt 0.571180 0.622650
vt 0.590620 0.621390
vt 0.075940 0.266870
vt 0.065140 0.301480
vt 0.071500 0.308740
vt 0.064840 0.318550
vt 0.551610 0.637560
vt 0.536180 0.633290
vt 0.549580 0.658170
vt 0.549210 0.652120
vt 0.125170 0.537590
vt 0.115970 0.532660
vt 0.167580 0.529690
vt 0.162410 0.536800
vt 0.234830 0.421090
vt 0.200990 0.421290
vt 0.216000 0.418060
vt 0.237240 0.416650
vt 0.218170 0.414760
vt 0.219990 0.410120
vt 0.699000 0.588430
vt 0.721130 0.593550
vt 0.696810 0.613860
vt 0.702500 0.603880
vt 0.718750 0.613140
vt 0.394390 0.920010
vt 0.406690 0.926210
vt 0.390960 0.928980
vt 0.357760 0.912870
vt 0.362130 0.918540
vt 0.331580 0.900570
vt 0.339550 0.920940
vt 0.332220 0.912640
vt 0.300220 0.878990
vt 0.310240 0.892840
vt 0.294010 0.883800
vt 0.739120 0.734900
vt 0.742820 0.756020
vt 0.757400 0.728360
vt 0.751830 0.731170
vt 0.274460 0.596090
vt 0.248140 0.601350
vt 0.252020 0.593050
vt 0.204960 0.593290
vt 0.193980 0.562750
vt 0.190380 0.549920
vt 0.172100 0.555310
vt 0.150920 0.546250
vt 0.132450 0.549950
vt 0.136210 0.540900
vt 0.156500 0.562000
vt 0.141270 0.555210
vt 0.154860 0.553890
vt 0.078920 0.740100
vt 0.058830 0.738720
vt 0.069800 0.723110
vt 0.054150 0.726380
vt 0.070300 0.659420
vt 0.079990 0.762420
vt 0.068020 0.772050
vt 0.056140 0.753210
vt 0.083620 0.776010
vt 0.700700 0.726650
vt 0.714180 0.722030
vt 0.696570 0.699350
vt 0.409390 0.748960
vt 0.070180 0.419850
vt 0.058870 0.421700
vt 0.069460 0.398720
vt 0.089680 0.420430
vt 0.083790 0.400970
vt 0.045690 0.862000
vt 0.028110 0.858490
vt 0.033710 0.864960
vt 0.251180 0.260380
vt 0.250720 0.272130
vt 0.281490 0.268760
vt 0.266180 0.275770
vt 0.266000 0.264900
vt 0.298210 0.266510
vt 0.286520 0.251330
vt 0.169390 0.416910
vt 0.175060 0.424090
vt 0.164850 0.424370
vt 0.152250 0.430180
vt 0.453120 0.751360
vt 0.454280 0.788670
vt 0.454920 0.762760
vt 0.457770 0.758630
vt 0.200590 0.510950
vt 0.188230 0.491630
vt 0.209290 0.529070
vt 0.197910 0.539870
vt 0.192820 0.525830
vt 0.262650 0.305430
vt 0.259370 0.285790
vt 0.267000 0.301020
vt 0.279640 0.319430
vt 0.274610 0.313100
vt 0.290870 0.313290
vt 0.252620 0.303420
vt 0.683020 0.681670
vt 0.685840 0.698000
vt 0.656690 0.706790
vt 0.664050 0.694770
vt 0.681870 0.704510
vt 0.279770 0.519430
vt 0.274990 0.533810
vt 0.298860 0.525980
vt 0.724100 0.487330
vt 0.727450 0.476000
vt 0.732990 0.492640
vt 0.737400 0.458840
vt 0.746710 0.463150
vt 0.737640 0.471700
vt 0.278450 0.459890
vt 0.273760 0.471060
vt 0.262030 0.464310
vt 0.243020 0.477300
vt 0.220880 0.477560
vt 0.827150 0.210640
vt 0.816520 0.189050
vt 0.842450 0.205090
vt 0.779810 0.171090
vt 0.805210 0.188160
vt 0.089010 0.792860
vt 0.082480 0.789010
vt 0.077770 0.801950
vt 0.073530 0.781680
vt 0.474230 0.070260
vt 0.459300 0.070970
vt 0.450150 0.060480
vt 0.452880 0.042710
vt 0.469920 0.063910
vt 0.627830 0.271710
vt 0.608700 0.257470
vt 0.616060 0.243340
vt 0.596200 0.262640
vt 0.606790 0.266660
vt 0.596380 0.270120
vt 0.424760 0.426670
vt 0.428580 0.430040
vt 0.432140 0.408660
vt 0.441740 0.408000
vt 0.435120 0.419410
vt 0.320240 0.143740
vt 0.311170 0.152160
vt 0.307980 0.143670
vt 0.298640 0.143940
vt 0.279500 0.158000
vt 0.217470 0.115360
vt 0.248600 0.113840
vt 0.458650 0.186910
vt 0.449350 0.207680
vt 0.456820 0.214240
vt 0.459140 0.236150
vt 0.212190 0.172270
vt 0.223610 0.157690
vt 0.343040 0.105800
vt 0.339150 0.113910
vt 0.374870 0.094840
vt 0.372890 0.102630
vt 0.357050 0.092690
vt 0.341790 0.785730
vt 0.342830 0.797450
vt 0.328930 0.798930
vt 0.358960 0.820640
vt 0.420010 0.341790
vt 0.391580 0.373810
vt 0.360830 0.948760
vt 0.319280 0.956710
vt 0.353770 0.943940
vt 0.344570 0.953650
vt 0.369860 0.950150
vt 0.245870 0.418920
vt 0.242420 0.412640
vt 0.252540 0.412030
vt 0.219360 0.380110
vt 0.232400 0.389910
vt 0.210790 0.387760
vt 0.439510 0.359750
vt 0.438730 0.379710
vt 0.432540 0.389990
vt 0.447270 0.330590
vt 0.453200 0.349800
vt 0.443920 0.362110
vt 0.681320 0.215890
vt 0.695600 0.215360
vt 0.694430 0.220710
vt 0.659450 0.217390
vt 0.667010 0.210140
vt 0.683150 0.206340
vt 0.332160 0.422410
vt 0.304050 0.412500
vt 0.259160 0.856270
vt 0.290540 0.871160
vt 0.333130 0.210460
vt 0.369660 0.183800
vt 0.365910 0.193110
vt 0.106690 0.420110
vt 0.109680 0.451850
vt 0.103610 0.460450
vt 0.118970 0.414630
vt 0.111640 0.415050
vt 0.024350 0.659370
vt 0.046140 0.611600
vt 0.066240 0.555400
vt 0.078420 0.552940
vt 0.072850 0.566000
vt 0.295260 0.708690
vt 0.268620 0.690930
vt 0.253880 0.653800
vt 0.312500 0.666250
vt 0.295540 0.663550
vt 0.319240 0.688330
vt 0.328780 0.684320
vt 0.304350 0.678400
vt 0.289950 0.668190
vt 0.273820 0.669980
vt 0.243690 0.640910
vt 0.254310 0.643510
vt 0.246250 0.629430
vt 0.238830 0.636250
vt 0.233200 0.377670
vt 0.338540 0.411150
vt 0.347170 0.401040
vt 0.357300 0.416420
vt 0.332290 0.419790
vt 0.334330 0.413610
vt 0.091190 0.266330
vt 0.100710 0.233200
vt 0.098730 0.261300
vt 0.112380 0.248040
vt 0.116860 0.226440
vt 0.119260 0.253840
vt 0.043810 0.704060
vt 0.030710 0.735920
vt 0.712670 0.469370
vt 0.713870 0.462200
vt 0.726370 0.468850
vt 0.665610 0.454630
vt 0.690700 0.455700
vt 0.735340 0.504220
vt 0.059100 0.403160
vt 0.375690 0.443040
vt 0.374500 0.432220
vt 0.395830 0.431430
vt 0.363220 0.441610
vt 0.185040 0.604410
vt 0.187070 0.615230
vt 0.198100 0.610550
vt 0.211120 0.625130
vt 0.173930 0.602810
vt 0.212490 0.600920
vt 0.200320 0.606340
vt 0.266060 0.692910
vt 0.232150 0.683120
vt 0.244310 0.682620
vt 0.239500 0.665980
vt 0.253590 0.665270
vt 0.257850 0.679510
vt 0.116130 0.773150
vt 0.126080 0.781740
vt 0.127890 0.788550
vt 0.118300 0.786740
vt 0.254020 0.635230
vt 0.269890 0.632350
vt 0.095950 0.509390
vt 0.094880 0.477950
vt 0.240900 0.439940
vt 0.237070 0.434590
vt 0.220390 0.433880
vt 0.235960 0.427680
vt 0.190450 0.864970
vt 0.184300 0.855740
vt 0.173990 0.869610
vt 0.197400 0.880640
vt 0.178870 0.879880
vt 0.171030 0.322150
vt 0.160250 0.318320
vt 0.177630 0.340950
vt 0.491660 0.112450
vt 0.500050 0.098210
vt 0.504590 0.098870
vt 0.498110 0.104540
vt 0.183940 0.239650
vt 0.525500 0.868580
vt 0.545990 0.837110
vt 0.535050 0.857740
vt 0.523910 0.856770
vt 0.059870 0.885080
vt 0.062360 0.895720
vt 0.047260 0.880910
vt 0.073000 0.897930
vt 0.432330 0.753400
vt 0.444060 0.753490
vt 0.752600 0.321910
vt 0.742130 0.318010
vt 0.745290 0.312030
vt 0.655000 0.287670
vt 0.657280 0.279390
vt 0.672400 0.284390
vt 0.681050 0.289210
vt 0.487330 0.105810
vt 0.491930 0.101950
vt 0.490250 0.108560
vt 0.703340 0.833780
vt 0.707660 0.813460
vt 0.260130 0.971980
vt 0.277030 0.973100
vt 0.257230 0.986890
vt 0.289260 0.968610
vt 0.067890 0.937630
vt 0.729580 0.851990
vt 0.715860 0.844500
vt 0.669830 0.550090
vt 0.650170 0.545350
vt 0.676740 0.544910
vt 0.643850 0.534320
vt 0.626530 0.540540
vt 0.614110 0.525000
vt 0.443180 0.321170
vt 0.434710 0.328530
vt 0.323450 0.389840
vt 0.305560 0.384660
vt 0.293370 0.374580
vt 0.298520 0.370440
vt 0.572770 0.548450
vt 0.601280 0.546360
vt 0.519240 0.548490
vt 0.416550 0.357250
vt 0.391170 0.360110
vt 0.411070 0.350030
vt 0.676960 0.634460
vt 0.693000 0.642650
vt 0.695530 0.660080
vt 0.706280 0.654650
vt 0.702270 0.639150
vt 0.107280 0.202920
vt 0.113960 0.172090
vt 0.115210 0.194450
vt 0.107110 0.235780
vt 0.568350 0.582750
vt 0.597900 0.577470
vt 0.575530 0.594070
vt 0.512260 0.057970
vt 0.506230 0.076840
vt 0.499800 0.079620
vt 0.665480 0.738960
vt 0.653670 0.745240
vt 0.645390 0.739060
vt 0.117240 0.777280
vt 0.107890 0.782670
vt 0.096790 0.781050
vt 0.394870 0.446420
vt 0.408700 0.450970
vt 0.413980 0.470340
vt 0.261120 0.672290
vt 0.267520 0.681720
vt 0.271530 0.676020
vt 0.322650 0.938130
vt 0.358320 0.930790
vt 0.349920 0.923850
vt 0.355970 0.928090
vt 0.443370 0.917970
vt 0.428400 0.925650
vt 0.453270 0.891100
vt 0.450350 0.904640
vt 0.261180 0.040180
vt 0.273860 0.043190
vt 0.249450 0.048170
vt 0.258350 0.052030
vt 0.406590 0.964960
vt 0.433390 0.944800
vt 0.311700 0.040370
vt 0.342290 0.042860
vt 0.297860 0.043500
vt 0.325650 0.031700
vt 0.348910 0.658200
vt 0.355480 0.677080
vt 0.348930 0.678210
vt 0.358860 0.692160
vt 0.390780 0.739450
vt 0.401540 0.760930
vt 0.382950 0.749480
vt 0.391230 0.784140
vt 0.384170 0.762790
vt 0.335530 0.649380
vt 0.117390 0.937060
vt 0.128200 0.948890
vt 0.117080 0.945900
vt 0.136730 0.953620
vt 0.119850 0.964390
vt 0.115110 0.949410
vt 0.373170 0.390840
vt 0.356240 0.392240
vt 0.376820 0.400130
vt 0.372440 0.410280
vt 0.366610 0.400910
vt 0.032630 0.905590
vt 0.764290 0.861520
vt 0.410330 0.372530
vt 0.426730 0.392240
vt 0.511020 0.150340
vt 0.518860 0.156830
vt 0.484930 0.133400
vt 0.502870 0.145990
vt 0.062560 0.355840
vt 0.063450 0.333240
vt 0.070850 0.356740
vt 0.072470 0.369460
vt 0.498770 0.053570
vt 0.492910 0.038450
vt 0.505170 0.039830
vt 0.507150 0.053770
vt 0.085990 0.827780
vt 0.074440 0.830140
vt 0.082790 0.819170
vt 0.185550 0.870430
vt 0.204190 0.875550
vt 0.250990 0.879070
vt 0.232310 0.877060
vt 0.135530 0.108870
vt 0.138010 0.128360
vt 0.132140 0.137380
vt 0.143170 0.150130
vt 0.099970 0.818650
vt 0.103880 0.827560
vt 0.142440 0.839660
vt 0.122720 0.838130
vt 0.116560 0.825740
vt 0.627990 0.698780
vt 0.644540 0.693200
vt 0.165620 0.229740
vt 0.164100 0.210280
vt 0.170850 0.216880
vt 0.179700 0.198050
vt 0.148370 0.693240
vt 0.142770 0.707670
vt 0.727680 0.231750
vt 0.728010 0.225670
vt 0.742140 0.233420
vt 0.710840 0.225200
vt 0.545060 0.235540
vt 0.539740 0.250440
vt 0.534180 0.241060
vt 0.548390 0.211530
vt 0.543990 0.199920
vt 0.161300 0.974790
vt 0.141820 0.971010
vt 0.668340 0.852020
vt 0.642180 0.854980
vt 0.661500 0.844810
vt 0.427970 0.537980
vt 0.423560 0.577090
vt 0.420780 0.532000
vt 0.415460 0.541370
vt 0.113890 0.881410
vt 0.108400 0.896070
vt 0.100610 0.884780
vt 0.147400 0.897160
vt 0.131520 0.903320
vt 0.124300 0.892640
vt 0.370180 0.457570
vt 0.354260 0.449570
vt 0.339750 0.441600
vt 0.329010 0.434000
vt 0.202450 0.414330
vt 0.202020 0.408200
vt 0.315310 0.413480
vt 0.313090 0.418840
vt 0.587820 0.448220
vt 0.082620 0.926310
vt 0.025610 0.848890
vt 0.018850 0.855870
vt 0.020200 0.841910
vt 0.788780 0.841280
vt 0.783540 0.832020
vt 0.791390 0.827700
vt 0.365850 0.202340
vt 0.384280 0.201530
vt 0.385270 0.195150
vt 0.269020 0.753720
vt 0.268720 0.759730
vt 0.263870 0.765310
vt 0.268010 0.768530
vt 0.266200 0.247000
vt 0.715140 0.648670
vt 0.732750 0.641190
vt 0.729680 0.649650
vt 0.496950 0.422230
vt 0.501570 0.370820
vt 0.498450 0.384580
vt 0.781360 0.274200
vt 0.795230 0.280260
vt 0.410460 0.174180
vt 0.420970 0.177180
vt 0.424910 0.193680
vt 0.449610 0.278030
vt 0.435380 0.270330
vt 0.452780 0.256810
vt 0.458950 0.200050
vt 0.616010 0.710030
vt 0.612190 0.724340
vt 0.597830 0.706930
vt 0.615400 0.678570
vt 0.614230 0.704370
vt 0.309410 0.101070
vt 0.291980 0.102370
vt 0.371170 0.105690
vt 0.345630 0.098830
vt 0.357890 0.070970
vt 0.325600 0.076040
vt 0.321450 0.061870
vt 0.333900 0.069220
vt 0.706850 0.267690
vt 0.677890 0.260050
vt 0.563310 0.379120
vt 0.574960 0.384390
vt 0.563150 0.402640
vt 0.569170 0.389320
vt 0.631740 0.612700
vt 0.615330 0.609260
vt 0.624170 0.597060
vt 0.633990 0.603360
vt 0.638280 0.593120
vt 0.559610 0.425540
vt 0.555570 0.416680
vt 0.568550 0.418690
vt 0.554530 0.402760
vt 0.509600 0.629040
vt 0.511820 0.637860
vt 0.484690 0.631820
vt 0.485410 0.616880
vt 0.485120 0.593270
vt 0.497390 0.605990
vt 0.114150 0.441380
vt 0.125980 0.429390
vt 0.135830 0.449570
vt 0.121630 0.442180
vt 0.171220 0.402840
vt 0.164610 0.399510
vt 0.172050 0.393160
vt 0.160020 0.414480
vt 0.519170 0.244380
vt 0.514390 0.208650
vt 0.509860 0.196780
vt 0.531670 0.274280
vt 0.541100 0.264990
vt 0.537070 0.277970
vt 0.459600 0.555300
vt 0.449890 0.569170
vt 0.454920 0.545590
vt 0.452220 0.593880
vt 0.499930 0.259590
vt 0.504080 0.274130
vt 0.494290 0.551580
vt 0.479870 0.557340
vt 0.481630 0.537750
vt 0.494990 0.539420
vt 0.499400 0.522940
vt 0.533480 0.168880
vt 0.525450 0.190020
vt 0.524620 0.201570
vt 0.519740 0.221080
vt 0.521390 0.201630
vt 0.386360 0.305310
vt 0.376470 0.305670
vt 0.387040 0.298120
vt 0.153380 0.368730
vt 0.139810 0.358460
vt 0.153810 0.328900
vt 0.147180 0.340380
vt 0.138930 0.329430
vt 0.434780 0.250380
vt 0.433420 0.261630
vt 0.135850 0.343720
vt 0.411200 0.597960
vt 0.414920 0.605670
vt 0.407140 0.611640
vt 0.417710 0.564860
vt 0.421840 0.561380
vt 0.423560 0.807380
vt 0.410770 0.831310
vt 0.433370 0.807520
vt 0.449760 0.807400
vt 0.381630 0.778100
vt 0.387670 0.707190
vt 0.390210 0.696280
vt 0.648640 0.632330
vt 0.646100 0.623450
vt 0.663660 0.618230
vt 0.059110 0.459180
vt 0.047380 0.519450
vt 0.047720 0.494770
vt 0.052840 0.491210
vt 0.669950 0.593240
vt 0.834700 0.234800
vt 0.846330 0.258150
vt 0.465990 0.668400
vt 0.474860 0.664290
vt 0.475290 0.640900
vt 0.352050 0.868160
vt 0.333000 0.871200
vt 0.329490 0.890350
vt 0.354730 0.892890
vt 0.342890 0.885030
vt 0.293880 0.316930
vt 0.313140 0.312480
vt 0.362700 0.284220
vt 0.355630 0.293090
vt 0.353880 0.296590
vt 0.577600 0.159140
vt 0.573820 0.143340
vt 0.575980 0.139060
vt 0.068860 0.606460
vt 0.070340 0.580460
vt 0.077440 0.584380
vt 0.074310 0.614860
vt 0.080530 0.571060
vt 0.087950 0.549040
vt 0.093100 0.562360
vt 0.192760 0.517150
vt 0.208420 0.518550
vt 0.219260 0.520620
vt 0.155300 0.600020
vt 0.143950 0.594640
vt 0.144940 0.587700
vt 0.256770 0.907380
vt 0.282710 0.920380
vt 0.252070 0.897580
vt 0.386960 0.879530
vt 0.394260 0.901730
vt 0.398540 0.899380
vt 0.458790 0.038390
vt 0.377690 0.004580
vt 0.451350 0.833870
vt 0.452480 0.812990
vt 0.455680 0.823620
vt 0.202520 0.115990
vt 0.192060 0.122120
vt 0.186500 0.101310
vt 0.176210 0.118070
vt 0.367520 0.502200
vt 0.357890 0.529680
vt 0.344660 0.532700
vt 0.312040 0.214710
vt 0.292820 0.212540
vt 0.281920 0.213580
vt 0.272450 0.217640
vt 0.243630 0.824290
vt 0.217380 0.815610
vt 0.217040 0.807250
vt 0.207050 0.817250
vt 0.065350 0.261330
vt 0.071430 0.254890
vt 0.069470 0.273460
vt 0.044110 0.308200
vt 0.047380 0.297920
vt 0.057790 0.299770
vt 0.545340 0.780700
vt 0.530570 0.763260
vt 0.519610 0.777320
vt 0.525430 0.758750
vt 0.498720 0.814390
vt 0.514500 0.800130
vt 0.529350 0.785170
vt 0.544730 0.777200
vt 0.532960 0.788010
vt 0.424810 0.521070
vt 0.352340 0.312640
vt 0.348500 0.308120
vt 0.368770 0.304530
vt 0.329230 0.308780
vt 0.316250 0.310000
vt 0.216610 0.573050
vt 0.193350 0.569510
vt 0.197240 0.567410
vt 0.161870 0.557380
vt 0.173320 0.560280
vt 0.050460 0.331590
vt 0.057430 0.331380
vt 0.056170 0.318140
vt 0.041770 0.552370
vt 0.040350 0.515720
vt 0.350840 0.142860
vt 0.364650 0.142890
vt 0.354890 0.148460
vt 0.352000 0.160660
vt 0.340320 0.164590
vt 0.336990 0.150300
vt 0.364440 0.172740
vt 0.352920 0.168360
vt 0.359870 0.163490
vt 0.332810 0.177750
vt 0.315330 0.177590
vt 0.326430 0.164860
vt 0.314160 0.166740
vt 0.340470 0.170490
vt 0.206800 0.131220
vt 0.343760 0.203240
vt 0.327430 0.203940
vt 0.304250 0.210540
vt 0.316040 0.204820
vt 0.548390 0.768820
vt 0.534490 0.773700
vt 0.540910 0.774650
vt 0.247240 0.966500
vt 0.250450 0.958510
vt 0.271760 0.944290
vt 0.460080 0.149480
vt 0.436340 0.159650
vt 0.448210 0.168100
vt 0.429510 0.170320
vt 0.443350 0.150910
vt 0.320450 0.773290
vt 0.315860 0.776960
vt 0.356540 0.495720
vt 0.337320 0.508380
vt 0.347950 0.497300
vt 0.365680 0.484570
vt 0.064920 0.545780
vt 0.056650 0.544110
vt 0.046790 0.540680
vt 0.056010 0.525910
vt 0.731090 0.531180
vt 0.725800 0.524120
vt 0.698550 0.535540
vt 0.679080 0.540180
vt 0.703580 0.525260
vt 0.401250 0.521870
vt 0.410830 0.502530
vt 0.389600 0.498620
vt 0.402180 0.503590
vt 0.180250 0.094900
vt 0.181600 0.111140
vt 0.197460 0.445720
vt 0.210170 0.456660
vt 0.193790 0.456470
vt 0.164790 0.447310
vt 0.180570 0.455470
vt 0.178450 0.442910
vt 0.601250 0.160140
vt 0.597580 0.164020
vt 0.227780 0.333430
vt 0.214950 0.327460
vt 0.225080 0.315570
vt 0.231000 0.342840
vt 0.223560 0.347610
vt 0.209810 0.340680
vt 0.126420 0.733880
vt 0.134410 0.733720
vt 0.130590 0.748190
vt 0.121360 0.724940
vt 0.359750 0.241180
vt 0.345310 0.242000
vt 0.355960 0.233740
vt 0.325180 0.253230
vt 0.348910 0.492540
vt 0.331240 0.492070
vt 0.341210 0.491900
vt 0.341220 0.495910
vt 0.175900 0.497190
vt 0.160420 0.495620
vt 0.166360 0.483160
vt 0.713330 0.344100
vt 0.734860 0.338640
vt 0.730520 0.347100
vt 0.738190 0.353210
vt 0.748840 0.345230
vt 0.747490 0.337190
vt 0.119340 0.514140
vt 0.112560 0.512530
vt 0.109730 0.497970
vt 0.119760 0.498520
vt 0.294960 0.295880
vt 0.293590 0.281790
vt 0.296040 0.299370
vt 0.475380 0.846050
vt 0.583590 0.267370
vt 0.572080 0.254730
vt 0.589400 0.258820
vt 0.288670 0.824120
vt 0.293890 0.832070
vt 0.281690 0.833300
vt 0.296080 0.822810
vt 0.292760 0.813740
vt 0.269100 0.783010
vt 0.265060 0.786760
vt 0.274510 0.796870
vt 0.262230 0.790810
vt 0.755660 0.389660
vt 0.765110 0.394230
vt 0.759040 0.403460
vt 0.788560 0.345510
vt 0.382060 0.901240
vt 0.366470 0.904830
vt 0.387010 0.888190
vt 0.378350 0.886280
vt 0.585910 0.287620
vt 0.596510 0.285750
vt 0.408440 0.904780
vt 0.412270 0.909760
vt 0.416060 0.906200
vt 0.427900 0.907200
vt 0.485720 0.411860
vt 0.488710 0.391250
vt 0.490840 0.403450
vt 0.734550 0.411260
vt 0.724970 0.397680
vt 0.731570 0.388890
vt 0.570910 0.718920
vt 0.577280 0.708010
vt 0.553230 0.724390
vt 0.393990 0.894550
vt 0.393600 0.898700
vt 0.394430 0.889090
vt 0.506240 0.719280
vt 0.498990 0.717120
vt 0.403580 0.834290
vt 0.420730 0.864280
vt 0.412060 0.861660
vt 0.595410 0.628670
vt 0.673240 0.392720
vt 0.677640 0.379760
vt 0.686190 0.362560
vt 0.693780 0.346980
vt 0.238240 0.395650
vt 0.230180 0.402590
vt 0.215320 0.396290
vt 0.212400 0.403250
vt 0.154770 0.642540
vt 0.163610 0.643170
vt 0.155060 0.649590
vt 0.725220 0.315980
vt 0.731850 0.311050
vt 0.687850 0.295050
vt 0.068180 0.865420
vt 0.070570 0.859260
vt 0.123480 0.907860
vt 0.129580 0.928740
vt 0.125810 0.938510
vt 0.304150 0.550730
vt 0.251650 0.540260
vt 0.269490 0.553930
vt 0.221520 0.555970
vt 0.204390 0.550860
vt 0.234120 0.558230
vt 0.109250 0.576880
vt 0.106680 0.564850
vt 0.193140 0.802320
vt 0.196080 0.798250
vt 0.191180 0.789900
vt 0.163870 0.066570
vt 0.151390 0.060520
vt 0.156440 0.064690
vt 0.569800 0.460000
vt 0.553870 0.449520
vt 0.574920 0.470790
vt 0.234520 0.206830
vt 0.242690 0.218830
vt 0.235070 0.223630
vt 0.245100 0.230820
vt 0.242250 0.244430
vt 0.152360 0.501270
vt 0.148800 0.513180
vt 0.142740 0.493460
vt 0.150890 0.482860
vt 0.326880 0.789030
vt 0.325800 0.745950
vt 0.594690 0.209020
vt 0.581740 0.206390
vt 0.552970 0.118290
vt 0.547930 0.131300
vt 0.550260 0.109390
vt 0.561800 0.113020
vt 0.556300 0.109130
vt 0.557160 0.098590
vt 0.192630 0.280330
vt 0.180180 0.276460
vt 0.197120 0.273270
vt 0.206090 0.278040
vt 0.464980 0.797600
vt 0.473450 0.761500
vt 0.476060 0.778280
vt 0.488290 0.762800
vt 0.480960 0.759960
vt 0.266060 0.874290
vt 0.278520 0.880260
vt 0.285130 0.878570
vt 0.266830 0.867740
vt 0.274480 0.861460
vt 0.628730 0.764170
vt 0.641820 0.756920
vt 0.641390 0.765060
vt 0.654620 0.788870
vt 0.638430 0.775170
vt 0.652870 0.772630
vt 0.643780 0.789260
vt 0.612040 0.774960
vt 0.612370 0.786540
vt 0.313480 0.244800
vt 0.292060 0.244620
vt 0.312920 0.240860
vt 0.298540 0.233340
vt 0.001950 0.672960
vt 0.014290 0.608030
vt 0.021830 0.606580
vt 0.029710 0.567470
vt 0.653900 0.589940
vt 0.135350 0.769040
vt 0.125170 0.753900
vt 0.125250 0.062930
vt 0.127450 0.070240
vt 0.845840 0.250400
vt 0.853400 0.246890
vt 0.362030 0.899670
vt 0.093470 0.503060
vt 0.069030 0.468670
vt 0.084230 0.480800
vt 0.079120 0.492470
vt 0.287910 0.840700
vt 0.247250 0.831540
vt 0.223520 0.822180
vt 0.344260 0.862070
vt 0.336610 0.850950
vt 0.737720 0.784730
vt 0.754600 0.802960
vt 0.291040 0.473580
vt 0.293330 0.487010
vt 0.284000 0.481090
vt 0.518610 0.500690
vt 0.518290 0.491290
vt 0.505470 0.492620
vt 0.513160 0.497410
vt 0.339860 0.250670
vt 0.373010 0.252430
vt 0.352660 0.255110
vt 0.277850 0.369250
vt 0.284260 0.367910
vt 0.293210 0.379650
vt 0.273380 0.365070
vt 0.275160 0.357790
vt 0.280860 0.363180
vt 0.641010 0.850360
vt 0.650500 0.839080
vt 0.668670 0.839120
vt 0.634940 0.746310
vt 0.621560 0.753150
vt 0.219260 0.486430
vt 0.221190 0.489570
vt 0.202490 0.486590
vt 0.194950 0.480310
vt 0.075490 0.640170
vt 0.083570 0.649980
vt 0.712410 0.221860
vt 0.719390 0.226760
vt 0.217930 0.312740
vt 0.364260 0.597750
vt 0.354850 0.595770
vt 0.356530 0.585480
vt 0.333870 0.581850
vt 0.343660 0.592590
vt 0.273850 0.607410
vt 0.301000 0.611860
vt 0.296920 0.597820
vt 0.341900 0.599750
vt 0.331140 0.604490
vt 0.321970 0.598090
vt 0.291960 0.592610
vt 0.357810 0.830370
vt 0.364140 0.805040
vt 0.356500 0.805090
vt 0.259690 0.158410
vt 0.257210 0.148040
vt 0.257340 0.130430
vt 0.258740 0.120240
vt 0.265050 0.143310
vt 0.135060 0.724830
vt 0.140140 0.710490
vt 0.074420 0.284210
vt 0.083440 0.271270
vt 0.081880 0.289810
vt 0.096700 0.276780
vt 0.256330 0.522480
vt 0.232330 0.513440
vt 0.241920 0.525340
vt 0.271080 0.901560
vt 0.289370 0.913950
vt 0.301160 0.896710
vt 0.264280 0.188300
vt 0.085090 0.215890
vt 0.088370 0.198960
vt 0.068680 0.219970
vt 0.072620 0.209280
vt 0.076430 0.221800
vt 0.266630 0.176580
vt 0.278740 0.176620
vt 0.285920 0.181780
vt 0.335220 0.144840
vt 0.243430 0.781730
vt 0.241350 0.770950
vt 0.249230 0.763720
vt 0.243080 0.777330
vt 0.253690 0.770680
vt 0.263650 0.750790
vt 0.260100 0.761590
vt 0.257820 0.754640
vt 0.404500 0.541620
vt 0.407420 0.556710
vt 0.439260 0.894920
vt 0.443940 0.868220
vt 0.289370 0.379580
vt 0.311690 0.391970
vt 0.334000 0.396010
vt 0.623300 0.747900
vt 0.620410 0.736060
vt 0.629850 0.736490
vt 0.622350 0.721070
vt 0.349760 0.079020
vt 0.318810 0.084360
vt 0.332700 0.081570
vt 0.317060 0.095750
vt 0.613410 0.479500
vt 0.613720 0.466400
vt 0.624660 0.484870
vt 0.274730 0.547350
vt 0.274390 0.543570
vt 0.499960 0.563240
vt 0.523170 0.556330
vt 0.521580 0.569600
vt 0.498100 0.591000
vt 0.473040 0.173110
vt 0.487300 0.114390
vt 0.483370 0.129820
vt 0.502810 0.573450
vt 0.056140 0.837450
vt 0.038370 0.855390
vt 0.468380 0.154570
vt 0.480110 0.143910
vt 0.473330 0.159750
vt 0.475550 0.143190
vt 0.042540 0.832740
vt 0.037670 0.826800
vt 0.048370 0.808570
vt 0.583440 0.814540
vt 0.626440 0.800440
vt 0.581260 0.822720
vt 0.581780 0.833560
vt 0.558740 0.833810
vt 0.761500 0.378220
vt 0.768810 0.385470
vt 0.750270 0.381530
vt 0.121930 0.210550
vt 0.129180 0.210600
vt 0.125100 0.234760
vt 0.455740 0.275150
vt 0.457980 0.291890
vt 0.330070 0.661930
vt 0.320750 0.679970
vt 0.309940 0.681710
vt 0.220120 0.053250
vt 0.190120 0.069760
vt 0.170210 0.081470
vt 0.685460 0.622800
vt 0.694520 0.625640
vt 0.703270 0.621880
vt 0.056460 0.476860
vt 0.066860 0.483360
vt 0.163540 0.270180
vt 0.172350 0.274050
vt 0.179530 0.265860
vt 0.214510 0.539120
vt 0.225240 0.536410
vt 0.246000 0.540500
vt 0.228260 0.541950
vt 0.388120 0.857410
vt 0.384630 0.848850
vt 0.382910 0.843190
vt 0.095600 0.136460
vt 0.095950 0.126210
vt 0.111150 0.145300
vt 0.825580 0.312400
vt 0.586830 0.809360
vt 0.612890 0.795000
vt 0.669240 0.795640
vt 0.642450 0.796960
vt 0.104530 0.125900
vt 0.833430 0.300680
vt 0.513600 0.859860
vt 0.547540 0.832550
vt 0.597570 0.798660
vt 0.136910 0.146730
vt 0.132030 0.164630
vt 0.693180 0.803010
vt 0.335970 0.812570
vt 0.327510 0.805630
vt 0.333670 0.815000
vt 0.328290 0.817600
vt 0.352660 0.317440
vt 0.327190 0.465310
vt 0.325830 0.472860
vt 0.391460 0.260810
vt 0.369810 0.261030
vt 0.720400 0.725840
vt 0.319790 0.512360
vt 0.302950 0.497830
vt 0.318800 0.501750
vt 0.328540 0.505450
vt 0.484700 0.581130
vt 0.490040 0.571470
vt 0.500030 0.578840
vt 0.482610 0.568400
vt 0.326290 0.117370
vt 0.339550 0.130870
vt 0.329180 0.105210
vt 0.323280 0.113380
vt 0.115230 0.908160
vt 0.117050 0.926820
vt 0.117550 0.891020
vt 0.119760 0.900890
vt 0.080390 0.837110
vt 0.701970 0.465490
vt 0.716850 0.455900
vt 0.066650 0.878120
vt 0.015580 0.835100
vt 0.027210 0.804220
vt 0.030390 0.787900
vt 0.412410 0.915400
vt 0.126140 0.648960
vt 0.124060 0.639310
vt 0.063440 0.789330
vt 0.370980 0.651940
vt 0.379660 0.646800
vt 0.394470 0.638830
vt 0.060020 0.797110
vt 0.548490 0.772290
vt 0.562980 0.764300
vt 0.560980 0.770250
vt 0.588430 0.756930
vt 0.199630 0.624270
vt 0.503510 0.830560
vt 0.544560 0.804260
vt 0.467110 0.216460
vt 0.461000 0.247010
vt 0.455990 0.246840
vt 0.438430 0.242320
vt 0.642190 0.554710
vt 0.674740 0.557960
vt 0.686650 0.566290
vt 0.710270 0.564760
vt 0.488470 0.227070
vt 0.501070 0.213320
vt 0.498360 0.243650
vt 0.488470 0.248480
vt 0.095830 0.364270
vt 0.419090 0.296210
vt 0.425820 0.829380
vt 0.495050 0.748240
vt 0.493520 0.395020
vt 0.504530 0.399050
vt 0.447480 0.853800
vt 0.444540 0.853740
vt 0.432480 0.860800
vt 0.676350 0.713030
vt 0.682530 0.716230
vt 0.357470 0.699970
vt 0.365550 0.708580
vt 0.347910 0.697710
vt 0.669310 0.663370
vt 0.132890 0.075860
vt 0.145940 0.077110
vt 0.140980 0.092120
vt 0.408710 0.132100
vt 0.389190 0.142470
vt 0.389480 0.136690
vt 0.114400 0.209970
vt 0.231280 0.454400
vt 0.297770 0.567750
vt 0.330890 0.550390
vt 0.346940 0.565650
vt 0.311550 0.920270
vt 0.295890 0.906570
vt 0.050260 0.397700
vt 0.044360 0.422420
vt 0.042300 0.391350
vt 0.049520 0.383500
vt 0.274870 0.846210
vt 0.281960 0.840020
vt 0.266570 0.823250
vt 0.271410 0.831740
vt 0.260810 0.833470
vt 0.189630 0.220960
vt 0.210760 0.236830
vt 0.200590 0.232220
vt 0.217420 0.248610
vt 0.047080 0.437930
vt 0.051340 0.420480
vt 0.561610 0.169370
vt 0.173700 0.465200
vt 0.172900 0.449420
vt 0.494280 0.628610
vt 0.503490 0.622150
vt 0.151180 0.533000
vt 0.129030 0.517820
vt 0.675620 0.199130
vt 0.675590 0.190930
vt 0.684160 0.200410
vt 0.694090 0.202470
vt 0.057900 0.278500
vt 0.062990 0.291460
vt 0.052110 0.291160
vt 0.748810 0.426390
vt 0.738490 0.421640
vt 0.753110 0.421560
vt 0.109240 0.745660
vt 0.099980 0.741520
vt 0.078430 0.725480
vt 0.088580 0.740240
vt 0.094260 0.754960
vt 0.093460 0.748130
vt 0.262820 0.342870
vt 0.246810 0.335030
vt 0.281890 0.342870
vt 0.101160 0.788080
vt 0.223310 0.579950
vt 0.273710 0.591000
vt 0.234810 0.583460
vt 0.187590 0.518900
vt 0.327570 0.259400
vt 0.272190 0.714110
vt 0.286020 0.716590
vt 0.280290 0.802840
vt 0.288840 0.807840
vt 0.286290 0.812670
vt 0.290620 0.817900
vt 0.566140 0.283240
vt 0.579990 0.304080
vt 0.563420 0.305170
vt 0.578570 0.317270
vt 0.184970 0.561680
vt 0.173870 0.566160
vt 0.179570 0.596220
vt 0.184000 0.576950
vt 0.756080 0.233270
vt 0.767210 0.233170
vt 0.776190 0.241020
vt 0.769670 0.227730
vt 0.756330 0.216450
vt 0.304750 0.364390
vt 0.289470 0.367660
vt 0.447030 0.682540
vt 0.451020 0.672670
vt 0.441140 0.690330
vt 0.426370 0.728270
vt 0.448880 0.663690
vt 0.442120 0.679730
vt 0.431280 0.684230
vt 0.184260 0.351340
vt 0.785270 0.823300
vt 0.773910 0.817520
vt 0.073980 0.708550
vt 0.240220 0.854270
vt 0.260360 0.864830
vt 0.234470 0.855550
vt 0.217430 0.838800
vt 0.211520 0.840810
vt 0.353620 0.822450
vt 0.371600 0.834910
vt 0.657880 0.388770
vt 0.662120 0.404450
vt 0.652350 0.394200
vt 0.671100 0.399450
vt 0.574170 0.278010
vt 0.565970 0.259270
vt 0.503860 0.840600
vt 0.484990 0.846780
vt 0.401080 0.183130
vt 0.552500 0.107010
vt 0.629030 0.202370
vt 0.634530 0.198090
vt 0.624040 0.191560
vt 0.350140 0.573460
vt 0.337690 0.573920
vt 0.334410 0.567870
vt 0.644420 0.400000
vt 0.642080 0.394220
vt 0.629640 0.394920
vt 0.646380 0.404600
vt 0.179580 0.416090
vt 0.183700 0.420900
vt 0.174100 0.430060
vt 0.779230 0.208100
vt 0.764500 0.199640
vt 0.767690 0.192720
vt 0.719860 0.169530
vt 0.741430 0.179740
vt 0.734930 0.191970
vt 0.747890 0.193430
vt 0.745850 0.205510
vt 0.315840 0.814220
vt 0.301960 0.824480
vt 0.297780 0.801110
vt 0.314650 0.792700
vt 0.239700 0.293240
vt 0.237000 0.278900
vt 0.252520 0.279490
vt 0.231120 0.291310
vt 0.221320 0.284870
vt 0.228460 0.273910
vt 0.392810 0.798500
vt 0.397530 0.830100
vt 0.398050 0.802160
vt 0.386790 0.750310
vt 0.366610 0.107760
vt 0.388010 0.114830
vt 0.381640 0.124140
vt 0.332070 0.018670
vt 0.325470 0.491970
vt 0.314460 0.491060
vt 0.343120 0.487620
vt 0.367690 0.041500
vt 0.406960 0.024450
vt 0.425540 0.047520
vt 0.296690 0.856850
vt 0.297790 0.839110
vt 0.051660 0.895270
vt 0.046730 0.902530
vt 0.338840 0.277420
vt 0.336960 0.293440
vt 0.333350 0.283270
vt 0.724860 0.762710
vt 0.722250 0.772120
vt 0.716320 0.763430
vt 0.162120 0.375860
vt 0.341870 0.529660
vt 0.322020 0.526570
vt 0.326270 0.536820
vt 0.337760 0.535120
vt 0.188550 0.215020
vt 0.650790 0.351700
vt 0.681510 0.344210
vt 0.681550 0.329030
vt 0.159790 0.814770
vt 0.134410 0.799580
vt 0.219300 0.581620
vt 0.193800 0.575440
vt 0.249450 0.588400
vt 0.168660 0.327220
vt 0.162040 0.325490
vt 0.487590 0.660820
vt 0.480700 0.659070
vt 0.470520 0.655000
vt 0.386690 0.216240
vt 0.382850 0.223840
vt 0.356330 0.224720
vt 0.429480 0.200720
vt 0.406970 0.213380
vt 0.261320 0.461290
vt 0.308450 0.451200
vt 0.293710 0.438800
vt 0.162380 0.740970
vt 0.171250 0.757710
vt 0.272720 0.988720
vt 0.587020 0.865580
vt 0.593770 0.842910
vt 0.331290 0.614000
vt 0.553960 0.298120
vt 0.552190 0.287750
vt 0.572730 0.362530
vt 0.552160 0.351830
vt 0.682120 0.369960
vt 0.689230 0.374220
vt 0.607000 0.349490
vt 0.672250 0.363750
vt 0.111760 0.158480
vt 0.100770 0.147680
vt 0.109510 0.149630
vt 0.114980 0.157610
vt 0.375550 0.703140
vt 0.715470 0.484780
vt 0.700160 0.478720
vt 0.090750 0.684440
vt 0.085700 0.697470
vt 0.117900 0.600120
vt 0.111810 0.600070
vt 0.534750 0.411280
vt 0.564440 0.410660
vt 0.553470 0.412480
vt 0.084440 0.578110
vt 0.096240 0.568830
vt 0.081620 0.590490
vt 0.407920 0.463320
vt 0.407370 0.474090
vt 0.396220 0.465910
vt 0.328050 0.171500
vt 0.328520 0.174350
vt 0.519700 0.477270
vt 0.128680 0.566420
vt 0.064350 0.277990
vt 0.070480 0.296830
vt 0.227420 0.055400
vt 0.243750 0.041910
vt 0.238120 0.047030
vt 0.225670 0.045800
vt 0.750280 0.257000
vt 0.233700 0.794090
vt 0.243160 0.793650
vt 0.255830 0.794480
vt 0.230660 0.798140
vt 0.258620 0.364930
vt 0.260940 0.407430
vt 0.256930 0.418190
vt 0.261790 0.412430
vt 0.278030 0.420180
vt 0.300600 0.421230
vt 0.235760 0.418470
vt 0.256240 0.422770
vt 0.191990 0.080020
vt 0.177470 0.072720
vt 0.272000 0.047570
vt 0.281000 0.050540
vt 0.424500 0.201170
vt 0.422310 0.219280
vt 0.188550 0.677370
vt 0.182370 0.686850
vt 0.404940 0.085550
vt 0.377070 0.084650
vt 0.370730 0.080630
vt 0.363220 0.084390
vt 0.420790 0.103980
vt 0.419690 0.108150
vt 0.445460 0.112030
vt 0.428460 0.115830
vt 0.432040 0.108750
vt 0.420180 0.125350
vt 0.319280 0.897360
vt 0.322070 0.889050
vt 0.325760 0.895920
vt 0.464150 0.035520
vt 0.433480 0.034410
vt 0.434850 0.024750
vt 0.520810 0.045940
vt 0.512630 0.050950
vt 0.695630 0.508740
vt 0.464690 0.120180
vt 0.466650 0.126230
vt 0.453550 0.134060
vt 0.448420 0.127770
vt 0.464700 0.133420
vt 0.707680 0.437270
vt 0.702110 0.423620
vt 0.706090 0.430790
vt 0.623840 0.438400
vt 0.625770 0.428390
vt 0.638430 0.451030
vt 0.623440 0.445760
vt 0.386450 0.911200
vt 0.387320 0.919500
vt 0.379910 0.916650
vt 0.228810 0.609800
vt 0.242640 0.609540
vt 0.229580 0.606550
vt 0.233730 0.602030
vt 0.244400 0.604010
vt 0.257080 0.607790
vt 0.288700 0.604800
vt 0.275870 0.612230
vt 0.300180 0.618550
vt 0.263530 0.615500
vt 0.434610 0.069130
vt 0.454000 0.080480
vt 0.446490 0.091410
vt 0.440240 0.077830
vt 0.463410 0.086770
vt 0.472040 0.103100
vt 0.457910 0.093800
vt 0.448640 0.097560
vt 0.462310 0.103640
vt 0.445950 0.105400
vt 0.433880 0.089210
vt 0.605010 0.495400
vt 0.618820 0.504710
vt 0.658150 0.498940
vt 0.610430 0.498800
vt 0.654330 0.477200
vt 0.655000 0.490000
vt 0.592730 0.463780
vt 0.600200 0.453760
vt 0.101730 0.718210
vt 0.112340 0.716860
vt 0.114230 0.721840
vt 0.129320 0.705480
vt 0.366750 0.826040
vt 0.671160 0.447090
vt 0.646160 0.443930
vt 0.296760 0.588870
vt 0.282920 0.587650
vt 0.319100 0.592080
vt 0.299380 0.592290
vt 0.306240 0.238650
vt 0.328750 0.233510
vt 0.615790 0.649320
vt 0.605730 0.653650
vt 0.600520 0.647270
vt 0.626610 0.656430
vt 0.634240 0.651240
vt 0.601040 0.253860
vt 0.300710 0.833920
vt 0.470720 0.077640
vt 0.476320 0.083920
vt 0.155680 0.704730
vt 0.348780 0.816560
vt 0.340800 0.810400
vt 0.361550 0.874040
vt 0.357700 0.882590
vt 0.356910 0.872030
vt 0.145060 0.066240
vt 0.139050 0.075450
vt 0.292290 0.241440
vt 0.423380 0.898680
vt 0.330460 0.298190
vt 0.560300 0.119840
vt 0.566210 0.120540
vt 0.570170 0.126590
vt 0.276150 0.259330
vt 0.326400 0.775140
vt 0.322930 0.788330
vt 0.321220 0.804660
vt 0.326620 0.761590
vt 0.508550 0.728180
vt 0.360370 0.795340
vt 0.362290 0.788150
vt 0.353910 0.789740
vt 0.654710 0.170930
vt 0.658190 0.183760
vt 0.670390 0.178000
vt 0.648860 0.183430
vt 0.652160 0.176100
vt 0.657530 0.193170
vt 0.647700 0.188670
vt 0.657430 0.188360
vt 0.562630 0.616710
vt 0.585580 0.613170
vt 0.162690 0.189680
vt 0.167330 0.177530
vt 0.171880 0.202080
vt 0.166610 0.195870
vt 0.719840 0.599780
vt 0.707570 0.598680
vt 0.696190 0.592470
vt 0.694980 0.597460
vt 0.478270 0.839920
vt 0.479920 0.830900
vt 0.222390 0.634240
vt 0.511830 0.798720
vt 0.522880 0.783440
vt 0.152210 0.254870
vt 0.159910 0.241670
vt 0.166020 0.251690
vt 0.455880 0.875050
vt 0.100800 0.215030
vt 0.109010 0.220920
vt 0.612400 0.624720
vt 0.630090 0.622270
vt 0.574610 0.340560
vt 0.691320 0.334430
vt 0.690470 0.311110
vt 0.706180 0.316890
vt 0.694980 0.324370
vt 0.542900 0.279020
vt 0.617130 0.273620
vt 0.634680 0.279130
vt 0.583130 0.344780
vt 0.289000 0.492470
vt 0.264240 0.493230
vt 0.275940 0.490900
vt 0.324190 0.494600
vt 0.313570 0.495060
vt 0.612080 0.298410
vt 0.630920 0.319150
vt 0.409210 0.245090
vt 0.395780 0.253770
vt 0.385490 0.262550
vt 0.247950 0.491860
vt 0.120040 0.675480
vt 0.126470 0.679280
vt 0.367800 0.895770
vt 0.355610 0.906570
vt 0.419750 0.234310
vt 0.370760 0.931590
vt 0.352140 0.846880
vt 0.355680 0.858590
vt 0.352550 0.877450
vt 0.516730 0.360540
vt 0.507650 0.406210
vt 0.518580 0.412560
vt 0.537350 0.084440
vt 0.527760 0.079650
vt 0.226260 0.628290
vt 0.327410 0.674620
vt 0.320230 0.666290
vt 0.344390 0.681770
vt 0.334310 0.681120
vt 0.300320 0.647920
vt 0.507280 0.244190
vt 0.603990 0.168670
vt 0.601530 0.145230
vt 0.621130 0.153810
vt 0.615610 0.618300
vt 0.600070 0.614880
vt 0.659000 0.798140
vt 0.324130 0.345710
vt 0.350990 0.344750
vt 0.306950 0.348550
vt 0.214340 0.768190
vt 0.225110 0.768570
vt 0.220230 0.775210
vt 0.233240 0.774060
vt 0.235410 0.784080
vt 0.527470 0.685210
vt 0.525900 0.675340
vt 0.494060 0.670550
vt 0.519340 0.306770
vt 0.515620 0.314770
vt 0.516470 0.335770
vt 0.299130 0.184860
vt 0.299030 0.187350
vt 0.310570 0.182940
vt 0.348040 0.180470
vt 0.325660 0.185050
vt 0.332210 0.197210
vt 0.318320 0.194460
vt 0.319070 0.200660
vt 0.314480 0.196370
vt 0.305110 0.193790
vt 0.333570 0.190310
vt 0.312680 0.185190
vt 0.344260 0.194930
vt 0.581260 0.214540
vt 0.574740 0.219630
vt 0.167590 0.408920
vt 0.229860 0.031520
vt 0.267470 0.028650
vt 0.258480 0.792080
vt 0.254070 0.791080
vt 0.357980 0.137930
vt 0.457110 0.720270
vt 0.462050 0.704300
vt 0.380530 0.490740
vt 0.362530 0.490920
vt 0.043190 0.479720
vt 0.036410 0.479610
vt 0.048180 0.474190
vt 0.545060 0.534510
vt 0.555170 0.543290
vt 0.425820 0.744210
vt 0.296880 0.124220
vt 0.307750 0.134490
vt 0.302460 0.139790
vt 0.209400 0.117110
vt 0.213760 0.125760
vt 0.437680 0.390960
vt 0.329880 0.097090
vt 0.215680 0.672920
vt 0.219330 0.682550
vt 0.208120 0.674240
vt 0.709200 0.305850
vt 0.712560 0.299710
vt 0.732250 0.307380
vt 0.252560 0.925880
vt 0.280650 0.926770
vt 0.491620 0.498670
vt 0.480050 0.500420
vt 0.195120 0.822320
vt 0.368390 0.465100
vt 0.359860 0.465620
vt 0.242960 0.028600
vt 0.229540 0.019100
vt 0.245490 0.022830
vt 0.359930 0.176800
vt 0.377610 0.174330
vt 0.343150 0.174500
vt 0.375660 0.176950
vt 0.355670 0.182480
vt 0.341150 0.183570
vt 0.723950 0.386230
vt 0.727740 0.376600
vt 0.291380 0.847550
vt 0.131070 0.395900
vt 0.133380 0.406350
vt 0.530110 0.646260
vt 0.520320 0.638370
vt 0.100190 0.487580
vt 0.101230 0.510520
vt 0.107000 0.511020
vt 0.124190 0.530380
vt 0.109640 0.531330
vt 0.176670 0.572160
vt 0.105920 0.816630
vt 0.244970 0.731800
vt 0.229650 0.729090
vt 0.227090 0.734290
vt 0.343210 0.395350
vt 0.365840 0.396990
vt 0.332890 0.399550
vt 0.236670 0.599600
vt 0.218040 0.595320
vt 0.475570 0.698210
vt 0.474980 0.709960
vt 0.464960 0.714520
vt 0.715690 0.533540
vt 0.711850 0.542970
vt 0.720860 0.538670
vt 0.719450 0.558950
vt 0.654570 0.538340
vt 0.613140 0.748990
vt 0.613590 0.737320
vt 0.631010 0.750170
vt 0.475910 0.458590
vt 0.472640 0.487120
vt 0.664890 0.247470
vt 0.668600 0.244320
vt 0.680090 0.257140
vt 0.684590 0.254510
vt 0.799970 0.298790
vt 0.789260 0.301120
vt 0.774720 0.308190
vt 0.787130 0.305170
vt 0.297280 0.156490
vt 0.299520 0.150540
vt 0.462940 0.325010
vt 0.477070 0.354140
vt 0.286650 0.873560
vt 0.268600 0.852990
vt 0.415690 0.456920
vt 0.443310 0.389400
vt 0.116870 0.357850
vt 0.124660 0.359540
vt 0.127480 0.377420
vt 0.229960 0.237970
vt 0.181630 0.381210
vt 0.254620 0.114860
vt 0.252770 0.129420
vt 0.247480 0.077900
vt 0.233150 0.884360
vt 0.209970 0.866200
vt 0.216330 0.858100
vt 0.210650 0.849550
vt 0.230290 0.841870
vt 0.228810 0.847100
vt 0.169110 0.829610
vt 0.124500 0.759680
vt 0.172720 0.902990
vt 0.153400 0.908130
vt 0.092220 0.835580
vt 0.133730 0.762680
vt 0.150860 0.720290
vt 0.137290 0.712970
vt 0.174220 0.731530
vt 0.168460 0.934520
vt 0.221180 0.931680
vt 0.108770 0.837120
vt 0.111070 0.830890
vt 0.092280 0.905230
vt 0.104840 0.905020
vt 0.568730 0.560030
vt 0.730500 0.571020
vt 0.530840 0.130140
vt 0.056570 0.513300
vt 0.060290 0.493350
vt 0.813480 0.231230
vt 0.389490 0.893140
vt 0.386360 0.895530
vt 0.388680 0.901450
vt 0.404670 0.852850
vt 0.813460 0.275260
vt 0.832150 0.275460
vt 0.823910 0.281800
vt 0.151310 0.493560
vt 0.132150 0.489080
vt 0.389750 0.395840
vt 0.391390 0.402260
vt 0.676890 0.761160
vt 0.275510 0.191810
vt 0.272110 0.198980
vt 0.263270 0.194270
vt 0.263680 0.209100
vt 0.262960 0.200720
vt 0.401180 0.702460
vt 0.393400 0.697790
vt 0.400550 0.686080
vt 0.391070 0.714880
vt 0.777440 0.829470
vt 0.010870 0.720390
vt 0.004540 0.714770
vt 0.032170 0.852790
vt 0.011290 0.847950
vt 0.108420 0.961310
vt 0.692750 0.853360
vt 0.238090 0.195910
vt 0.635600 0.846290
vt 0.388700 0.338760
vt 0.374300 0.346920
vt 0.371950 0.343170
vt 0.369920 0.339990
vt 0.303230 0.306310
vt 0.302590 0.321180
vt 0.302200 0.310110
vt 0.308690 0.034230
vt 0.272870 0.343090
vt 0.265850 0.359720
vt 0.363560 0.575290
vt 0.377410 0.610750
vt 0.368080 0.605280
vt 0.380800 0.598410
vt 0.503270 0.781090
vt 0.478740 0.800610
vt 0.493540 0.779760
vt 0.518820 0.671300
vt 0.545540 0.111830
vt 0.196860 0.303890
vt 0.197070 0.307370
vt 0.450520 0.325020
vt 0.456650 0.304830
vt 0.062320 0.570730
vt 0.847760 0.214860
vt 0.628390 0.725800
vt 0.642540 0.725840
vt 0.643300 0.733460
vt 0.645030 0.708510
vt 0.651430 0.699620
vt 0.653980 0.465350
vt 0.173410 0.260250
vt 0.170210 0.246790
vt 0.175990 0.241720
vt 0.177090 0.253570
vt 0.793650 0.193590
vt 0.752690 0.171610
vt 0.735560 0.162420
vt 0.751330 0.159980
vt 0.695440 0.177690
vt 0.689030 0.160740
vt 0.700200 0.164320
vt 0.245280 0.355100
vt 0.229910 0.357900
vt 0.209650 0.355560
vt 0.242410 0.501280
vt 0.246080 0.520150
vt 0.717110 0.205000
vt 0.685140 0.170050
vt 0.681640 0.178470
vt 0.081850 0.420100
vt 0.079780 0.430290
vt 0.566560 0.147720
vt 0.235260 0.720070
vt 0.235540 0.716360
vt 0.174690 0.409010
vt 0.257240 0.139460
vt 0.237080 0.137340
vt 0.243690 0.127010
vt 0.250390 0.137080
vt 0.296910 0.561360
vt 0.306350 0.724120
vt 0.204040 0.286210
vt 0.199910 0.294490
vt 0.472120 0.630310
vt 0.476630 0.595060
vt 0.477190 0.614230
vt 0.414150 0.419080
vt 0.407530 0.427240
vt 0.357860 0.422030
vt 0.355350 0.419170
vt 0.382230 0.416280
vt 0.219680 0.074310
vt 0.236730 0.075960
vt 0.247360 0.070840
vt 0.254670 0.070010
vt 0.269180 0.074090
vt 0.825260 0.217100
vt 0.826530 0.231170
vt 0.802160 0.222760
vt 0.807130 0.232600
vt 0.501650 0.501000
vt 0.345190 0.691730
vt 0.277730 0.488150
vt 0.295790 0.490240
vt 0.293700 0.758860
vt 0.328320 0.905280
vt 0.317810 0.903510
vt 0.324800 0.911100
vt 0.451620 0.761410
vt 0.770180 0.375790
vt 0.778440 0.370590
vt 0.779040 0.379320
vt 0.785230 0.371860
vt 0.391520 0.630030
vt 0.243540 0.565890
vt 0.154450 0.573180
vt 0.716240 0.680670
vt 0.711880 0.700040
vt 0.721870 0.650810
vt 0.019800 0.582600
vt 0.627970 0.388080
vt 0.647830 0.380910
vt 0.186730 0.694980
vt 0.737410 0.235420
vt 0.758240 0.237310
vt 0.751190 0.235850
vt 0.184460 0.645950
vt 0.204950 0.654150
vt 0.178440 0.639830
vt 0.572890 0.767630
vt 0.575260 0.760350
vt 0.583220 0.764640
vt 0.573970 0.780910
vt 0.571010 0.787480
vt 0.496210 0.191910
vt 0.175770 0.211300
vt 0.152920 0.449870
vt 0.239300 0.707600
vt 0.370810 0.496260
vt 0.355510 0.489060
vt 0.348640 0.487880
vt 0.502710 0.285450
vt 0.516440 0.290190
vt 0.198740 0.336480
vt 0.210410 0.336630
vt 0.232020 0.339420
vt 0.105470 0.548590
vt 0.538980 0.226290
vt 0.540300 0.210930
vt 0.535080 0.220550
vt 0.534030 0.204680
vt 0.146140 0.528220
vt 0.151110 0.519200
vt 0.400170 0.537320
vt 0.568570 0.365870
vt 0.244750 0.422030
vt 0.257030 0.427290
vt 0.493900 0.485650
vt 0.488430 0.489580
vt 0.492970 0.472200
vt 0.485380 0.466120
vt 0.180550 0.509810
vt 0.057280 0.264630
vt 0.590120 0.661410
vt 0.611910 0.667130
vt 0.239290 0.337840
vt 0.221020 0.333160
vt 0.554200 0.663010
vt 0.244760 0.678110
vt 0.761520 0.261340
vt 0.199240 0.956690
vt 0.183790 0.959790
vt 0.415660 0.208790
vt 0.395070 0.208760
vt 0.060370 0.903840
vt 0.071290 0.902990
vt 0.450880 0.859790
vt 0.269970 0.367600
vt 0.721680 0.295510
vt 0.736500 0.290560
vt 0.346470 0.082460
vt 0.723780 0.680890
vt 0.717780 0.707010
vt 0.243880 0.406970
vt 0.361540 0.667380
vt 0.357040 0.669280
vt 0.359860 0.679110
vt 0.174090 0.379190
vt 0.168330 0.377730
vt 0.121380 0.571910
vt 0.117860 0.579930
vt 0.130960 0.575860
vt 0.138860 0.583200
vt 0.182390 0.766510
vt 0.172400 0.774210
vt 0.188780 0.785880
vt 0.418820 0.470840
vt 0.426700 0.478750
vt 0.722060 0.604920
vt 0.730790 0.601360
vt 0.477940 0.576080
vt 0.725370 0.237280
vt 0.732880 0.238940
vt 0.262100 0.277020
vt 0.258170 0.278590
vt 0.259290 0.261500
vt 0.263630 0.286100
vt 0.605880 0.416670
vt 0.421320 0.008850
vt 0.414420 0.014150
vt 0.411880 0.018930
vt 0.178600 0.469800
vt 0.182290 0.479300
vt 0.248910 0.495830
vt 0.268750 0.289880
vt 0.267420 0.283230
vt 0.277090 0.289840
vt 0.292990 0.309940
vt 0.276090 0.309510
vt 0.272440 0.304470
vt 0.026410 0.585490
vt 0.045280 0.583750
vt 0.036160 0.585020
vt 0.054080 0.608950
vt 0.055560 0.627150
vt 0.250080 0.291160
vt 0.270860 0.320210
vt 0.264390 0.317310
vt 0.259120 0.312800
vt 0.266390 0.324480
vt 0.218040 0.239590
vt 0.737910 0.378850
vt 0.359940 0.153430
vt 0.548360 0.222170
vt 0.020210 0.719990
vt 0.042000 0.729720
vt 0.029480 0.717530
vt 0.037360 0.725930
vt 0.590680 0.216810
vt 0.621780 0.227930
vt 0.616130 0.230610
vt 0.520600 0.697070
vt 0.514800 0.711280
vt 0.125810 0.418250
vt 0.667450 0.200180
vt 0.660330 0.205530
vt 0.398600 0.012480
vt 0.400130 0.006840
vt 0.629200 0.792580
vt 0.622360 0.775410
vt 0.629640 0.782790
vt 0.402650 0.942150
vt 0.536750 0.755510
vt 0.525100 0.739480
vt 0.080410 0.208160
vt 0.083510 0.194390
vt 0.137040 0.521220
vt 0.132870 0.532340
vt 0.200490 0.333130
vt 0.188050 0.333980
vt 0.188530 0.330910
vt 0.189680 0.326930
vt 0.177100 0.325270
vt 0.176310 0.330230
vt 0.200510 0.765370
vt 0.746120 0.451070
vt 0.740300 0.479250
vt 0.343080 0.054440
vt 0.589890 0.245040
vt 0.470380 0.261210
vt 0.458880 0.271980
vt 0.460330 0.259930
vt 0.810980 0.309860
vt 0.174700 0.439150
vt 0.202420 0.742280
vt 0.190520 0.736640
vt 0.181430 0.727160
vt 0.191130 0.734080
vt 0.172140 0.727120
vt 0.190960 0.724850
vt 0.161680 0.042310
vt 0.155990 0.051150
vt 0.160310 0.055120
vt 0.213040 0.281040
vt 0.280010 0.187670
vt 0.245220 0.753130
vt 0.400630 0.419940
vt 0.388480 0.421070
vt 0.308320 0.616160
vt 0.167880 0.767010
vt 0.207990 0.807480
vt 0.604320 0.157750
vt 0.288770 0.139070
vt 0.479960 0.625800
vt 0.489040 0.623950
vt 0.189410 0.907310
vt 0.166440 0.507670
vt 0.667440 0.752780
vt 0.645430 0.753380
vt 0.649240 0.750080
vt 0.237550 0.578420
vt 0.225810 0.571000
vt 0.208640 0.797320
vt 0.199470 0.802340
vt 0.350060 0.710050
vt 0.340480 0.720240
vt 0.563460 0.826160
vt 0.561900 0.823320
vt 0.461870 0.369430
vt 0.125780 0.310690
vt 0.643230 0.191670
vt 0.574410 0.756220
vt 0.575130 0.747530
vt 0.792300 0.256180
vt 0.788860 0.250760
vt 0.781970 0.248720
vt 0.535800 0.790300
vt 0.263920 0.436170
vt 0.719650 0.242990
vt 0.689120 0.247880
vt 0.518480 0.321650
vt 0.526940 0.323890
vt 0.537040 0.334700
vt 0.668830 0.745910
vt 0.774330 0.364370
vt 0.745820 0.372760
vt 0.763780 0.368900
vt 0.494000 0.697770
vt 0.483240 0.707740
vt 0.049750 0.455300
vt 0.328300 0.101750
vt 0.234280 0.889740
vt 0.209560 0.885870
vt 0.743620 0.707770
vt 0.746170 0.731660
vt 0.620610 0.420640
vt 0.630520 0.410990
vt 0.744390 0.788040
vt 0.754010 0.786040
vt 0.751480 0.777200
vt 0.154290 0.322070
vt 0.127720 0.657490
vt 0.124540 0.668230
vt 0.566580 0.490650
vt 0.071770 0.889870
vt 0.173560 0.069550
vt 0.183120 0.063720
vt 0.457230 0.920480
vt 0.458260 0.834780
vt 0.456130 0.810280
vt 0.616140 0.284570
vt 0.605220 0.278670
vt 0.614990 0.277350
vt 0.586610 0.276960
vt 0.749930 0.289380
vt 0.398950 0.643880
vt 0.328620 0.648600
vt 0.221510 0.746370
vt 0.391280 0.887980
vt 0.082360 0.227690
vt 0.655660 0.301700
vt 0.654140 0.293760
vt 0.126300 0.344500
vt 0.788080 0.212670
vt 0.790700 0.206550
vt 0.299590 0.325860
vt 0.517950 0.272620
vt 0.513810 0.282110
vt 0.329510 0.353770
vt 0.312320 0.344380
vt 0.727520 0.609790
vt 0.744690 0.277340
vt 0.549550 0.503020
vt 0.546080 0.508980
vt 0.537360 0.535100
vt 0.121680 0.745350
vt 0.264490 0.221490
vt 0.467080 0.655510
vt 0.401510 0.622940
vt 0.651520 0.222120
vt 0.386770 0.444720
vt 0.716790 0.522000
vt 0.711950 0.511120
vt 0.719360 0.498100
vt 0.380010 0.250320
vt 0.164070 0.601430
vt 0.105090 0.660260
vt 0.096720 0.655630
vt 0.356720 0.230010
vt 0.160490 0.568330
vt 0.276020 0.446120
vt 0.249020 0.436780
vt 0.212960 0.661380
vt 0.322590 0.572910
vt 0.209220 0.436360
vt 0.377750 0.575290
vt 0.397040 0.516480
vt 0.406740 0.481020
vt 0.123150 0.487500
vt 0.062340 0.581790
vt 0.053630 0.586730
vt 0.505090 0.530270
vt 0.063230 0.639810
vt 0.066660 0.622520
vt 0.072090 0.629630
vt 0.354220 0.692380
vt 0.726510 0.559820
vt 0.719250 0.575100
vt 0.720700 0.566560
vt 0.729920 0.566090
vt 0.658370 0.686080
vt 0.638090 0.195560
vt 0.107090 0.859390
vt 0.294450 0.720880
vt 0.269980 0.748640
vt 0.226100 0.641070
vt 0.724060 0.811370
vt 0.091340 0.911520
vt 0.574630 0.738170
vt 0.562720 0.741480
vt 0.085630 0.714040
vt 0.740740 0.259270
vt 0.748710 0.268960
vt 0.739780 0.720810
vt 0.194730 0.426080
vt 0.257930 0.811900
vt 0.548960 0.191050
vt 0.244900 0.391840
vt 0.372060 0.266580
vt 0.097640 0.532460
vt 0.722990 0.217890
vt 0.723110 0.210870
vt 0.169850 0.138170
vt 0.135760 0.184070
vt 0.555990 0.345220
vt 0.135540 0.208780
vt 0.523050 0.323360
vt 0.422210 0.695760
vt 0.485560 0.503490
vt 0.687110 0.605140
vt 0.674540 0.612890
vt 0.666200 0.376050
vt 0.367290 0.863430
vt 0.501300 0.618140
vt 0.605730 0.182010
vt 0.573960 0.724970
vt 0.454260 0.637810
vt 0.458900 0.610860
vt 0.232630 0.412130
vt 0.229530 0.406300
vt 0.495850 0.584080
vt 0.418820 0.256580
vt 0.416910 0.274900
vt 0.503420 0.683720
vt 0.215650 0.165060
vt 0.379940 0.950150
vt 0.493330 0.411280
vt 0.502330 0.406410
vt 0.191450 0.641790
vt 0.776160 0.331880
vt 0.168350 0.164870
vt 0.284650 0.172450
vt 0.644000 0.529070
vt 0.576870 0.517140
vt 0.520730 0.333040
vt 0.310590 0.821010
vt 0.119390 0.811960
vt 0.155660 0.423780
vt 0.171390 0.426920
vt 0.141110 0.426570
vt 0.559260 0.712600
vt 0.185570 0.423620
vt 0.589970 0.777380
vt 0.339300 0.501100
vt 0.449890 0.148280
vt 0.439410 0.138500
vt 0.289130 0.434280
vt 0.277560 0.648350
vt 0.342180 0.137960
vt 0.627800 0.770480
vt 0.611750 0.770780
vt 0.465080 0.695650
vt 0.338180 0.320170
vt 0.379750 0.825920
vt 0.381770 0.836350
vt 0.384690 0.813270
vt 0.038870 0.538080
vt 0.270200 0.334600
vt 0.380250 0.656800
vt 0.434710 0.122360
vt 0.434300 0.176510
vt 0.259590 0.517160
vt 0.250680 0.509950
vt 0.275530 0.511800
vt 0.239280 0.508570
vt 0.116530 0.073740
vt 0.322680 0.733360
vt 0.623260 0.665710
vt 0.314360 0.421980
vt 0.384740 0.429790
vt 0.419270 0.597010
vt 0.277780 0.346100
vt 0.284650 0.347460
vt 0.545020 0.763320
vt 0.529300 0.771630
vt 0.208260 0.331240
vt 0.235570 0.331220
vt 0.107490 0.253820
vt 0.768700 0.773070
vt 0.109310 0.774070
vt 0.479930 0.041140
vt 0.487990 0.050350
vt 0.294150 0.402380
vt 0.661800 0.274680
vt 0.040330 0.316940
vt 0.047590 0.321670
vt 0.051660 0.313300
vt 0.104390 0.349330
vt 0.568780 0.343750
vt 0.560850 0.336280
vt 0.417440 0.119490
vt 0.303410 0.831570
vt 0.307210 0.848610
vt 0.079430 0.361130
vt 0.323580 0.774410
vt 0.161760 0.160030
vt 0.217470 0.014400
vt 0.248720 0.005510
vt 0.241010 0.014020
vt 0.744370 0.199650
vt 0.732990 0.195400
vt 0.524110 0.576610
vt 0.547890 0.583530
vt 0.515380 0.530240
vt 0.099730 0.877310
vt 0.081320 0.870330
vt 0.215310 0.187030
vt 0.168450 0.844030
vt 0.365100 0.179650
vt 0.341210 0.178450
vt 0.304180 0.181910
vt 0.191610 0.487250
vt 0.202540 0.489610
vt 0.560200 0.140810
vt 0.156100 0.407110
vt 0.590330 0.374870
vt 0.606200 0.380140
vt 0.375060 0.231750
vt 0.299860 0.493580
vt 0.307570 0.511100
vt 0.368860 0.417760
vt 0.370090 0.740890
vt 0.351490 0.741010
vt 0.375490 0.757490
vt 0.375380 0.744610
vt 0.151860 0.672130
vt 0.144020 0.688750
vt 0.337000 0.259040
vt 0.237590 0.591040
vt 0.379900 0.396740
vt 0.493840 0.167140
vt 0.228050 0.562020
vt 0.278520 0.087890
vt 0.266710 0.079800
vt 0.274760 0.078510
vt 0.104020 0.092190
vt 0.476570 0.886380
vt 0.482640 0.888690
vt 0.388960 0.039020
vt 0.374400 0.384520
vt 0.361380 0.376250
vt 0.400320 0.846500
vt 0.448420 0.124120
vt 0.017030 0.789950
vt 0.008770 0.781400
vt 0.779420 0.784380
vt 0.783210 0.774640
vt 0.110430 0.808810
vt 0.750610 0.754790
vt 0.373340 0.514830
vt 0.361420 0.535990
vt 0.255560 0.717990
vt 0.338090 0.453140
vt 0.165690 0.368210
vt 0.566060 0.111850
vt 0.569030 0.107040
vt 0.558400 0.612090
vt 0.410600 0.920650
vt 0.271850 0.839340
vt 0.263490 0.841230
vt 0.409700 0.711250
vt 0.632240 0.236280
vt 0.631030 0.243670
vt 0.331960 0.472640
vt 0.385660 0.152130
vt 0.365980 0.151290
vt 0.427210 0.154450
vt 0.699690 0.305910
vt 0.705060 0.311030
vt 0.664270 0.636460
vt 0.572420 0.404090
vt 0.127180 0.628440
vt 0.752170 0.434120
vt 0.131460 0.352000
vt 0.712990 0.158020
vt 0.351780 0.002720
vt 0.340560 0.009020
vt 0.529430 0.712260
vt 0.532590 0.703100
vt 0.221310 0.854360
vt 0.667710 0.190370
vt 0.668210 0.195860
vt 0.315940 0.885640
vt 0.290230 0.550720
vt 0.775870 0.806150
vt 0.779220 0.820420
vt 0.398880 0.749040
vt 0.410030 0.758040
vt 0.186550 0.937000
vt 0.191240 0.931670
vt 0.728640 0.456660
vt 0.109080 0.588200
vt 0.112370 0.571960
vt 0.165600 0.625170
vt 0.411400 0.573820
vt 0.144500 0.778090
vt 0.133060 0.780810
vt 0.163930 0.880180
vt 0.776180 0.173330
vt 0.398510 0.338070
vt 0.408900 0.335170
vt 0.402090 0.328490
vt 0.532750 0.588370
vt 0.529130 0.606870
vt 0.529020 0.599300
vt 0.425430 0.758730
vt 0.252430 0.240090
vt 0.262250 0.260680
vt 0.357950 0.483630
vt 0.146870 0.050530
vt 0.570670 0.487230
vt 0.155160 0.656300
vt 0.312840 0.174060
vt 0.303130 0.173620
vt 0.841820 0.273290
vt 0.849720 0.271900
vt 0.840620 0.282590
vt 0.851010 0.261480
vt 0.629670 0.708950
vt 0.645590 0.713170
vt 0.564710 0.796160
vt 0.558170 0.814740
vt 0.558900 0.791190
vt 0.503260 0.836090
vt 0.646480 0.768580
vt 0.432060 0.903400
vt 0.402030 0.898540
vt 0.202110 0.241460
vt 0.303830 0.285370
vt 0.229560 0.968470
vt 0.674020 0.583100
vt 0.683340 0.419600
vt 0.686450 0.414780
vt 0.533190 0.228680
vt 0.287110 0.295160
vt 0.152500 0.762130
vt 0.816540 0.271680
vt 0.146390 0.935130
vt 0.181840 0.797490
vt 0.757140 0.203890
vt 0.327460 0.430550
vt 0.304100 0.433000
vt 0.715960 0.311400
vt 0.555810 0.118800
vt 0.269910 0.240750
vt 0.265970 0.229890
vt 0.723900 0.531300
vt 0.744460 0.231470
vt 0.343030 0.365910
vt 0.638780 0.176320
vt 0.645990 0.171060
vt 0.630480 0.163530
vt 0.647500 0.159530
vt 0.636790 0.160060
vt 0.215430 0.902230
vt 0.180850 0.357800
vt 0.286480 0.555620
vt 0.302240 0.387030
vt 0.328060 0.393560
vt 0.042210 0.492580
vt 0.036260 0.485890
vt 0.331720 0.596030
vt 0.538450 0.153860
vt 0.486010 0.827280
vt 0.254630 0.167640
vt 0.554680 0.644560
vt 0.198390 0.493120
vt 0.394100 0.810620
vt 0.268830 0.308720
vt 0.251840 0.624740
vt 0.398050 0.677280
vt 0.393930 0.495210
vt 0.382960 0.494450
vt 0.569730 0.669190
vt 0.567350 0.660300
vt 0.581070 0.669560
vt 0.798040 0.233770
vt 0.131990 0.058630
vt 0.855220 0.239530
vt 0.547220 0.440690
vt 0.248360 0.065130
vt 0.360280 0.736310
vt 0.326870 0.715320
vt 0.341260 0.730140
vt 0.368700 0.036350
vt 0.150680 0.675820
vt 0.218220 0.265460
vt 0.285770 0.108840
vt 0.340980 0.090150
vt 0.341080 0.103010
vt 0.330010 0.207350
vt 0.341030 0.206490
vt 0.709620 0.421680
vt 0.722000 0.426550
vt 0.695950 0.294640
vt 0.689660 0.283340
vt 0.553930 0.511570
vt 0.160130 0.620910
vt 0.742980 0.496450
vt 0.743980 0.507180
vt 0.588000 0.228130
vt 0.694180 0.735210
vt 0.689740 0.724700
vt 0.133940 0.756650
vt 0.103750 0.489980
vt 0.592290 0.607450
vt 0.739970 0.648230
vt 0.741740 0.637340
vt 0.667810 0.811690
vt 0.292280 0.753490
vt 0.322820 0.747470
vt 0.107630 0.605880
vt 0.164440 0.311420
vt 0.259710 0.998040
vt 0.250880 0.991510
vt 0.276760 0.997080
vt 0.155270 0.682870
vt 0.382860 0.162240
vt 0.399880 0.169270
vt 0.443060 0.709410
vt 0.394710 0.578780
vt 0.387740 0.592910
vt 0.377370 0.419760
vt 0.157800 0.727890
vt 0.253350 0.148290
vt 0.243150 0.134910
vt 0.274010 0.572110
vt 0.254120 0.159490
vt 0.313120 0.750330
vt 0.112910 0.125010
vt 0.391920 0.854920
vt 0.404740 0.496590
vt 0.470050 0.842650
vt 0.290750 0.973250
vt 0.287670 0.990180
vt 0.303470 0.075980
vt 0.316690 0.077930
vt 0.101430 0.110200
vt 0.087550 0.499930
vt 0.068450 0.645620
vt 0.655560 0.586610
vt 0.235630 0.187860
vt 0.454740 0.837750
vt 0.196680 0.860020
vt 0.206450 0.870640
vt 0.492300 0.076370
vt 0.643390 0.387780
vt 0.832500 0.256930
vt 0.698330 0.208390
vt 0.328230 0.971350
vt 0.179710 0.980210
vt 0.738660 0.628220
vt 0.521130 0.652040
vt 0.159200 0.565240
vt 0.408460 0.283390
vt 0.058640 0.359300
vt 0.697880 0.260080
vt 0.373420 0.552110
vt 0.484250 0.702950
vt 0.482730 0.694450
vt 0.120550 0.808090
vt 0.256450 0.420660
vt 0.078990 0.391450
vt 0.077770 0.404980
vt 0.768890 0.780030
vt 0.776540 0.772970
vt 0.189970 0.572480
vt 0.170820 0.569060
vt 0.455740 0.172080
vt 0.078670 0.302360
vt 0.390880 0.848140
vt 0.434260 0.183500
vt 0.259260 0.884670
vt 0.038510 0.652330
vt 0.184610 0.848520
vt 0.493570 0.287080
vt 0.586740 0.307220
vt 0.338230 0.199410
vt 0.489390 0.895720
vt 0.491010 0.888130
vt 0.175540 0.038880
vt 0.193930 0.546100
vt 0.307830 0.571270
vt 0.132850 0.909900
vt 0.776460 0.326540
vt 0.266870 0.657580
vt 0.265250 0.646530
vt 0.741510 0.526990
vt 0.221330 0.658590
vt 0.170580 0.644850
vt 0.535350 0.263030
vt 0.426870 0.860420
vt 0.504970 0.030940
vt 0.384300 0.891040
vt 0.065710 0.926000
vt 0.715800 0.859960
vt 0.777130 0.763630
vt 0.776030 0.748080
vt 0.783900 0.765480
vt 0.437590 0.424730
vt 0.126300 0.332410
vt 0.363880 0.349160
vt 0.251460 0.465330
vt 0.225850 0.458550
vt 0.713140 0.162220
vt 0.684440 0.558930
vt 0.329520 0.494610
vt 0.052660 0.432510
vt 0.469440 0.806080
vt 0.537630 0.763100
vt 0.531970 0.885680
vt 0.444660 0.590010
vt 0.435440 0.573020
vt 0.107570 0.104030
vt 0.540840 0.549320
vt 0.079090 0.622490
vt 0.666670 0.767470
vt 0.723680 0.410530
vt 0.436910 0.762650
vt 0.675330 0.157670
vt 0.693430 0.155940
vt 0.653380 0.503140
vt 0.768550 0.730150
vt 0.232460 0.363970
vt 0.124570 0.793840
vt 0.340380 0.304820
vt 0.134500 0.091770
vt 0.431760 0.436190
vt 0.435490 0.445330
vt 0.429980 0.458910
vt 0.448430 0.374610
vt 0.775760 0.389330
vt 0.770230 0.401220
vt 0.355270 0.574480
vt 0.197130 0.673990
vt 0.101360 0.203490
vt 0.268660 0.478470
vt 0.776760 0.179900
vt 0.283000 0.190900
vt 0.118000 0.455590
vt 0.422890 0.543190
vt 0.257620 0.194710
vt 0.258940 0.786260
vt 0.432690 0.323640
vt 0.389470 0.268740
vt 0.331590 0.764820
vt 0.061140 0.608400
vt 0.494390 0.793810
vt 0.728480 0.665040
vt 0.752870 0.351340
vt 0.526540 0.407590
vt 0.255560 0.952090
vt 0.390390 0.898220
vt 0.391510 0.904510
vt 0.808860 0.238460
vt 0.818380 0.236850
vt 0.122140 0.881220
vt 0.090540 0.881310
vt 0.491280 0.443330
vt 0.424770 0.470900
vt 0.234940 0.678600
vt 0.228350 0.670750
vt 0.753800 0.225080
vt 0.762420 0.227380
vt 0.239440 0.995900
vt 0.552610 0.440290
vt 0.169720 0.306640
vt 0.644510 0.803430
vt 0.637510 0.818650
vt 0.699100 0.668910
vt 0.253550 0.472190
vt 0.694910 0.319970
vt 0.303310 0.633030
vt 0.710420 0.666740
vt 0.236860 0.491320
vt 0.376340 0.732800
vt 0.174000 0.651410
vt 0.210610 0.635600
vt 0.334430 0.461580
vt 0.220260 0.614480
vt 0.360770 0.936300
vt 0.525290 0.215350
vt 0.645290 0.164410
vt 0.233880 0.319570
vt 0.594130 0.507210
vt 0.022100 0.862220
vt 0.015140 0.864120
vt 0.324650 0.342220
vt 0.624250 0.620500
vt 0.339750 0.359750
vt 0.463830 0.246260
vt 0.707060 0.287900
vt 0.167670 0.293840
vt 0.369170 0.945630
vt 0.224290 0.090040
vt 0.175010 0.974270
vt 0.731770 0.855210
vt 0.728490 0.866830
vt 0.684020 0.852810
vt 0.783040 0.362520
vt 0.791740 0.362600
vt 0.433640 0.197450
vt 0.535010 0.864890
vt 0.545660 0.866170
vt 0.092540 0.149130
vt 0.179410 0.485840
vt 0.719210 0.666720
vt 0.311100 0.199970
vt 0.439890 0.210580
vt 0.528990 0.610850
vt 0.542380 0.612760
vt 0.769990 0.361370
vt 0.600300 0.433940
vt 0.704550 0.221790
vt 0.211430 0.481190
vt 0.484460 0.111370
vt 0.298250 0.388520
vt 0.764680 0.710530
vt 0.502890 0.901620
vt 0.529210 0.052210
vt 0.762390 0.410610
vt 0.762230 0.420920
vt 0.756620 0.428860
vt 0.720210 0.154140
vt 0.076370 0.195170
vt 0.225640 0.392930
vt 0.746550 0.475930
vt 0.026670 0.888590
vt 0.746990 0.483820
vt 0.163290 0.304400
vt 0.574510 0.115160
vt 0.857060 0.231950
vt 0.784010 0.854790
vn 0.006740 -0.001387 0.999976
vn -0.342824 0.050112 0.938062
vn -0.035601 -0.019226 0.999181
vn 0.036473 0.105412 0.993760
vn 0.014651 0.060741 0.998046
vn 0.126583 0.045502 0.990912
vn 0.141703 -0.114037 0.983319
vn -0.051888 0.268732 0.961816
vn -0.119301 0.320087 0.939847
vn -0.230765 0.244526 0.941782
vn -0.343315 0.027423 0.938820
vn -0.340878 0.018057 0.939934
vn -0.301442 -0.007795 0.953453
vn -0.151228 -0.157469 0.975876
vn -0.286711 -0.066536 0.955704
vn -0.222574 -0.157840 0.962054
vn -0.103622 -0.322448 0.940898
vn -0.152975 -0.262659 0.952685
vn 0.350405 -0.058091 0.934795
vn 0.353535 -0.051632 0.933995
vn 0.447963 -0.086783 0.889830
vn 0.266243 -0.256855 0.929053
vn 0.293115 -0.290128 0.910994
vn 0.445479 -0.281456 0.849901
vn 0.116505 0.496374 0.860256
vn 0.143893 0.534866 0.832594
vn 0.019992 0.568563 0.822397
vn -0.479809 0.303847 0.823080
vn -0.480013 0.259782 0.837915
vn -0.371567 0.199692 0.906676
vn -0.122750 -0.400024 0.908247
vn -0.160738 -0.488609 0.857569
vn 0.014884 -0.413709 0.910287
vn 0.543925 0.265642 0.795977
vn 0.553718 0.266014 0.789071
vn 0.375001 0.281529 0.883242
vn 0.454999 -0.139516 0.879495
vn 0.462519 -0.080649 0.882934
vn -0.372774 -0.264630 0.889388
vn -0.391323 -0.228085 0.891540
vn -0.430950 -0.149571 0.889894
vn -0.346525 0.245408 0.905370
vn -0.357101 0.236871 0.903533
vn -0.273244 0.225568 0.935124
vn -0.745771 -0.019783 0.665909
vn -0.699151 -0.005037 0.714957
vn -0.768747 -0.007560 0.639508
vn -0.580728 0.111512 0.806424
vn -0.602353 0.124146 0.788517
vn -0.570028 0.071329 0.818523
vn -0.593877 0.080882 0.800480
vn -0.676988 0.030530 0.735361
vn -0.646319 0.074724 0.759400
vn 0.058665 -0.010972 0.998217
vn -0.156240 -0.081085 0.984385
vn -0.172984 -0.112645 0.978462
vn -0.613802 0.000389 0.789460
vn -0.468036 -0.040304 0.882790
vn 0.127938 -0.338637 0.932178
vn 0.190774 -0.196734 0.961718
vn 0.255663 -0.207818 0.944165
vn 0.265887 0.407152 0.873803
vn 0.389588 0.354576 0.849998
vn 0.346124 0.398419 0.849388
vn -0.516025 0.400992 0.756917
vn -0.526851 0.418654 0.739700
vn -0.478809 0.420110 0.770876
vn 0.292490 -0.009474 0.956222
vn 0.147869 -0.094145 0.984516
vn 0.277288 -0.146195 0.949599
vn -0.324955 0.195691 0.925262
vn 0.951247 -0.004227 0.308401
vn 0.947715 -0.023825 0.318228
vn 0.927382 -0.005796 0.374072
vn 0.368195 0.080641 0.926245
vn 0.455265 0.082024 0.886570
vn 0.354981 0.089811 0.930550
vn 0.770493 -0.238276 0.591241
vn 0.787895 -0.297439 0.539214
vn 0.778722 -0.292895 0.554801
vn -0.111100 0.017166 0.993661
vn -0.225030 0.048734 0.973132
vn -0.061807 0.018519 0.997916
vn 0.605290 -0.431928 0.668627
vn 0.519570 -0.504707 0.689433
vn 0.613163 -0.518768 0.595743
vn 0.031898 0.406035 0.913301
vn -0.160208 0.348885 0.923370
vn -0.043471 0.345956 0.937243
vn -0.324884 0.069486 0.943198
vn -0.285550 0.123317 0.950397
vn -0.402579 0.098921 0.910025
vn -0.388947 -0.150486 0.908886
vn -0.203169 -0.108409 0.973124
vn -0.288977 -0.128567 0.948664
vn -0.125060 0.382876 0.915296
vn -0.122871 0.388260 0.913322
vn -0.165330 0.362573 0.917173
vn -0.197064 0.426362 0.882826
vn -0.241078 0.361445 0.900688
vn -0.182925 0.439917 0.879211
vn -0.347908 0.427727 0.834272
vn -0.292915 0.419699 0.859101
vn -0.287763 0.346518 0.892815
vn 0.488894 0.235990 0.839816
vn 0.432919 0.197685 0.879489
vn 0.146595 0.243960 0.958642
vn -0.116873 0.028233 0.992745
vn -0.283807 0.024783 0.958561
vn -0.136424 0.041846 0.989766
vn 0.205701 -0.015321 0.978495
vn 0.263195 -0.102052 0.959330
vn 0.247695 -0.064869 0.966664
vn -0.149706 -0.161330 0.975480
vn -0.241478 -0.177646 0.954008
vn -0.261784 -0.224236 0.938716
vn -0.034730 -0.706551 0.706809
vn -0.124708 -0.701369 0.701804
vn -0.089588 -0.775062 0.625503
vn 0.504525 0.036324 0.862633
vn 0.578300 0.072658 0.812583
vn 0.535466 0.146951 0.831674
vn 0.089757 -0.786422 0.611133
vn 0.091220 -0.686231 0.721641
vn 0.106002 -0.767790 0.631872
vn 0.547043 0.468023 0.694044
vn 0.491331 0.508133 0.707386
vn 0.578589 0.449220 0.680762
vn 0.863931 0.106992 0.492114
vn 0.864823 0.054418 0.499119
vn 0.934447 -0.015996 0.355743
vn 0.748816 0.218040 0.625886
vn 0.654867 0.210613 0.725804
vn 0.610942 0.219131 0.760745
vn 0.408626 -0.286950 0.866421
vn 0.354788 -0.160787 0.921017
vn 0.430103 -0.227958 0.873525
vn -0.401048 0.348023 0.847373
vn -0.364918 0.379823 0.850041
vn -0.535861 0.276556 0.797728
vn -0.443398 -0.034650 0.895655
vn -0.752089 -0.081589 0.653992
vn -0.496061 -0.021692 0.868016
vn -0.240709 0.039327 0.969800
vn -0.094330 0.057493 0.993879
vn -0.057755 0.058746 0.996601
vn 0.077134 0.871844 0.483672
vn 0.053109 0.886347 0.459966
vn 0.002450 0.962339 0.271842
vn -0.400939 0.063473 0.913903
vn 0.683935 0.296500 0.666574
vn 0.696147 0.244571 0.674955
vn 0.745594 0.333638 0.576867
vn 0.463733 -0.298832 0.834057
vn 0.501035 -0.270122 0.822191
vn 0.375204 -0.274662 0.885315
vn 0.097103 -0.846138 0.524044
vn 0.741315 0.198416 0.641158
vn 0.766247 0.292676 0.572020
vn -0.084801 -0.659874 0.746576
vn 0.039591 -0.790942 0.610608
vn -0.028389 -0.748747 0.662248
vn 0.245330 -0.738864 0.627609
vn 0.366680 -0.718451 0.591079
vn 0.275863 -0.763185 0.584336
vn -0.139752 -0.706935 0.693334
vn -0.087510 -0.811487 0.577781
vn -0.102616 -0.841321 0.530706
vn -0.597739 0.039729 0.800706
vn -0.704659 0.025649 0.709082
vn -0.672066 0.063200 0.737789
vn 0.129748 0.930779 0.341783
vn 0.240799 0.867577 0.435117
vn 0.073914 0.982842 0.168991
vn -0.353969 0.061378 0.933241
vn -0.470002 -0.028726 0.882198
vn -0.430611 0.055049 0.900857
vn -0.279281 -0.411834 0.867407
vn -0.284730 -0.539252 0.792550
vn -0.274898 -0.445026 0.852281
vn -0.735696 0.066105 0.674079
vn -0.783652 0.056017 0.618669
vn -0.762014 0.015783 0.647369
vn 0.399004 0.674177 0.621515
vn 0.493905 0.501136 0.710577
vn 0.332425 0.724725 0.603546
vn -0.476823 -0.316189 0.820161
vn -0.608528 -0.313020 0.729186
vn -0.537955 -0.462683 0.704648
vn -0.612051 0.302441 0.730701
vn -0.588440 0.325405 0.740169
vn -0.650306 0.279319 0.706458
vn 0.336458 0.140259 0.931195
vn 0.180831 0.152842 0.971565
vn 0.407504 0.055320 0.911527
vn -0.267570 -0.651833 0.709591
vn -0.218127 -0.663577 0.715602
vn -0.237240 -0.560519 0.793433
vn -0.678436 -0.000753 0.734659
vn -0.640555 -0.149882 0.753143
vn -0.740218 -0.029025 0.671741
vn -0.019547 -0.982011 0.187807
vn -0.003726 -0.999919 0.012179
vn -0.037454 -0.983703 0.175857
vn 0.012567 0.999537 0.027700
vn 0.008941 0.999887 -0.012131
vn 0.017584 0.999705 0.016778
vn -0.452183 0.091032 0.887267
vn -0.434005 0.205051 0.877265
vn -0.420948 0.154868 0.893767
vn -0.201581 -0.874740 0.440675
vn -0.186480 -0.810628 0.555074
vn -0.250089 -0.760868 0.598779
vn -0.425682 0.526638 0.735831
vn -0.434926 0.426872 0.792855
vn -0.467448 0.528170 0.708893
vn 0.213673 -0.917051 0.336691
vn 0.260765 -0.875013 0.407865
vn 0.194148 -0.864304 0.463989
vn 0.363998 0.380502 0.850132
vn 0.412407 0.351883 0.840297
vn 0.340536 0.387777 0.856542
vn 0.441600 0.374534 0.815300
vn 0.489667 0.397083 0.776242
vn 0.939941 0.198611 0.277606
vn 0.927832 0.258351 0.269041
vn 0.955710 0.199660 0.216228
vn 0.807361 -0.247078 0.535836
vn 0.898644 -0.173891 0.402742
vn 0.891478 -0.123442 0.435924
vn -0.615579 -0.406702 0.675023
vn -0.656856 -0.429171 0.619961
vn -0.570064 -0.532965 0.625281
vn 0.970634 -0.032149 0.238403
vn 0.943335 -0.029770 0.330503
vn 0.948804 -0.085950 0.303947
vn 0.467178 -0.788741 0.399540
vn 0.445487 -0.826269 0.344704
vn 0.547431 -0.770283 0.327083
vn -0.135433 -0.924533 -0.356226
vn -0.133863 -0.946005 -0.295220
vn -0.047276 -0.996595 -0.067552
vn 0.115167 0.993259 0.013191
vn 0.121688 0.992563 -0.003389
vn 0.112371 0.993536 0.016090
vn -0.082363 0.990539 0.109767
vn -0.064785 0.996122 0.059535
vn -0.041106 0.996774 0.068931
vn -0.920052 -0.073966 0.384751
vn -0.906824 -0.139099 0.397896
vn -0.800283 -0.051696 0.597389
vn -0.840757 -0.095367 0.532947
vn -0.683076 -0.036960 0.729412
vn -0.736230 -0.014418 0.676577
vn 0.858221 -0.324524 0.397669
vn -0.664578 -0.352200 0.659007
vn -0.759148 -0.288486 0.583498
vn -0.414318 -0.779044 0.470565
vn -0.490066 -0.767130 0.413941
vn -0.371114 -0.865083 0.337498
vn 0.056261 -0.952738 -0.298539
vn 0.071562 -0.931548 -0.356506
vn 0.067109 -0.954723 -0.289830
vn 0.013467 0.997911 0.063182
vn 0.000992 0.998312 -0.058066
vn 0.929255 0.212183 0.302429
vn 0.950304 0.212831 0.227212
vn -0.198950 -0.832410 -0.517216
vn -0.201304 -0.871982 -0.446235
vn -0.150982 -0.866470 -0.475852
vn -0.005042 0.995911 0.090202
vn -0.017577 0.993981 0.108134
vn 0.000384 0.997973 0.063633
vn 0.049083 -0.989045 0.139213
vn 0.058663 -0.983081 0.173523
vn 0.080173 -0.971920 0.221233
vn 0.155143 -0.885766 -0.437435
vn 0.123896 -0.881422 -0.455790
vn 0.097012 -0.925992 -0.364866
vn 0.954871 -0.004546 0.296985
vn 0.966414 -0.018988 0.256287
vn 0.932621 0.008031 0.360769
vn -0.131465 -0.959344 0.249753
vn -0.118195 -0.970485 0.210214
vn -0.150937 -0.950185 0.272702
vn -0.195767 -0.950418 -0.241619
vn -0.155211 -0.967113 -0.201502
vn -0.129387 -0.989774 -0.060056
vn -0.907327 0.147662 0.393641
vn -0.792549 0.370147 0.484621
vn -0.900391 0.217913 0.376576
vn 0.561318 -0.045622 0.826342
vn 0.559958 -0.071052 0.825469
vn 0.561535 -0.071488 0.824359
vn 0.482693 0.240593 0.842094
vn 0.559122 0.250178 0.790439
vn 0.639308 0.202102 0.741916
vn 0.507465 0.219504 0.833245
vn 0.619392 0.180742 0.763993
vn 0.404780 0.170503 0.898377
vn 0.608659 0.144013 0.780253
vn -0.796888 0.199341 0.570293
vn -0.871113 0.140872 0.470444
vn -0.848366 0.187123 0.495237
vn 0.476704 -0.198921 0.856262
vn 0.510072 -0.292056 0.809030
vn 0.621516 -0.254423 0.740936
vn -0.272067 -0.793594 -0.544232
vn -0.204018 -0.794793 -0.571560
vn -0.251321 -0.743645 -0.619540
vn 0.131621 0.991280 -0.006311
vn 0.105305 0.994142 0.024345
vn 0.101166 0.993622 0.049806
vn -0.072322 0.996981 -0.028257
vn -0.096708 0.995311 0.002102
vn -0.072675 0.995312 0.063817
vn 0.542294 0.004117 -0.840179
vn 0.337667 0.010478 -0.941207
vn 0.509270 -0.023876 -0.860275
vn 0.375813 0.100555 -0.921224
vn 0.360237 0.162718 -0.918560
vn 0.278529 0.122353 -0.952603
vn -0.134699 0.194474 -0.971615
vn 0.008605 0.234032 -0.972191
vn -0.138355 0.099116 -0.985411
vn -0.114436 0.011344 -0.993366
vn -0.180739 0.008459 -0.983495
vn -0.071374 -0.040231 -0.996638
vn -0.777851 0.229764 0.584941
vn -0.819911 0.238236 0.520567
vn -0.808822 0.239147 0.537230
vn -0.023307 -0.033566 -0.999165
vn 0.024060 -0.052567 -0.998327
vn -0.001246 -0.019210 -0.999815
vn 0.070096 -0.026500 -0.997188
vn 0.020940 0.037536 -0.999076
vn 0.034834 0.035540 -0.998761
vn 0.085096 0.065680 -0.994206
vn -0.238539 0.954646 -0.178184
vn -0.264318 0.938769 -0.221017
vn -0.070559 0.997494 -0.005308
vn -0.970337 0.080446 0.227978
vn -0.958125 0.134230 0.252943
vn -0.974109 0.044326 0.221692
vn 0.497119 0.191101 -0.846377
vn 0.128423 0.157732 -0.979096
vn 0.241528 0.233048 -0.941994
vn -0.283376 0.209982 -0.935738
vn -0.399203 0.199788 -0.894831
vn -0.416403 0.232855 -0.878855
vn 0.180207 0.981515 0.064457
vn 0.227768 0.965717 0.124545
vn 0.187057 0.982149 0.019847
vn 0.834073 0.156753 -0.528915
vn 0.455532 0.142610 -0.878722
vn 0.658094 0.082814 -0.748367
vn -0.190176 -0.858026 -0.477101
vn -0.127200 -0.937594 -0.323633
vn -0.142931 -0.913819 -0.380139
vn -0.575279 0.097339 -0.812145
vn -0.528336 0.052134 -0.847433
vn -0.590621 0.074138 -0.803536
vn 0.701102 0.190921 -0.687026
vn 0.657456 0.214857 -0.722211
vn 0.777863 0.118391 -0.617181
vn 0.851568 0.136179 -0.506248
vn -0.885886 -0.352667 0.301383
vn -0.915734 -0.381825 0.125066
vn -0.857190 -0.480361 0.185686
vn 0.748888 0.031965 -0.661925
vn 0.845261 0.053558 -0.531663
vn 0.757058 0.055855 -0.650956
vn 0.299405 -0.312158 -0.901618
vn 0.234593 -0.287170 -0.928709
vn 0.272374 -0.496361 -0.824281
vn 0.445799 0.774922 -0.448061
vn 0.470304 0.819829 -0.326642
vn 0.371921 0.872601 -0.316610
vn 0.590062 0.285033 -0.755370
vn 0.436789 0.248032 -0.864694
vn 0.545008 0.242893 -0.802477
vn -0.568451 0.110130 -0.815313
vn -0.618505 0.156496 -0.770039
vn -0.641834 0.124235 -0.756713
vn -0.731490 0.157358 -0.663446
vn -0.744887 0.131412 -0.654121
vn -0.728247 0.125206 -0.673780
vn 0.789296 -0.062549 0.610819
vn 0.757684 -0.136626 0.638160
vn 0.748161 0.061247 0.660684
vn 0.972329 0.157071 0.172928
vn 0.843962 0.153729 0.513903
vn 0.946888 0.188497 0.260524
vn -0.811911 0.123236 0.570626
vn -0.774784 0.144705 0.615444
vn -0.920091 0.132085 0.368764
vn 0.156721 -0.076236 0.984696
vn 0.279128 -0.264677 0.923057
vn 0.137047 -0.273159 0.952157
vn 0.598593 -0.539150 0.592456
vn 0.555873 -0.672329 0.488854
vn 0.588647 -0.689420 0.422132
vn -0.345815 -0.706719 -0.617220
vn -0.290096 -0.728389 -0.620720
vn -0.264476 -0.772653 -0.577114
vn 0.417064 0.292346 0.860576
vn 0.385521 0.255749 0.886548
vn 0.262955 0.229476 0.937121
vn 0.705826 -0.520498 0.480512
vn -0.772438 0.153839 -0.616176
vn -0.697074 0.177380 -0.694712
vn -0.780167 0.091885 -0.618787
vn -0.963386 -0.035912 -0.265700
vn -0.883978 0.013986 -0.467319
vn -0.905380 -0.033250 -0.423299
vn 0.621265 -0.430052 -0.655046
vn 0.698058 -0.256303 -0.668598
vn 0.515288 -0.442182 -0.734134
vn -0.983954 -0.178386 0.003616
vn -0.994439 -0.078052 0.070705
vn -0.983557 -0.175075 0.044310
vn 0.844470 0.242267 -0.477680
vn 0.854917 0.162833 -0.492547
vn 0.786974 0.216043 -0.577925
vn 0.246105 0.933382 0.261208
vn 0.141942 0.939324 0.312285
vn 0.247754 0.919681 0.304638
vn -0.227214 0.742612 -0.630002
vn -0.361418 0.304578 -0.881255
vn -0.308728 0.684523 -0.660391
vn -0.918401 0.009208 0.395543
vn -0.913042 0.023689 0.407176
vn -0.934047 -0.013285 0.356903
vn 0.710014 -0.039689 -0.703068
vn 0.672680 -0.078489 -0.735758
vn 0.822390 -0.029214 -0.568173
vn -0.815263 0.155870 -0.557719
vn -0.761011 0.104587 -0.640253
vn -0.756239 0.167883 -0.632390
vn 0.509510 -0.808989 -0.293148
vn 0.505519 -0.806539 -0.306505
vn 0.454377 -0.844571 -0.283271
vn -0.744004 -0.062052 -0.665288
vn -0.754575 -0.105518 -0.647674
vn -0.867552 -0.093360 -0.488506
vn -0.439249 -0.469144 -0.766136
vn -0.429769 -0.488218 -0.759567
vn -0.439361 -0.592825 -0.674923
vn -0.307920 -0.872861 -0.378549
vn -0.283231 -0.884886 -0.369808
vn -0.235964 -0.909554 -0.342099
vn -0.293514 -0.953065 0.074271
vn -0.352442 -0.932290 0.081367
vn -0.264659 -0.964164 0.018522
vn 0.854622 -0.173787 0.489305
vn 0.771133 -0.339804 0.538412
vn 0.920726 -0.173455 0.349539
vn -0.713437 0.097304 -0.693931
vn -0.747127 0.080911 -0.659739
vn 0.346919 -0.909538 0.228883
vn 0.388964 -0.870955 0.300242
vn 0.358380 -0.899590 0.249603
vn 0.718078 0.205668 -0.664879
vn 0.634201 0.262650 -0.727189
vn 0.672358 0.246428 -0.698002
vn -0.651237 -0.758771 0.012529
vn -0.669190 -0.720201 0.183017
vn -0.714595 -0.672030 0.194241
vn -0.124366 0.990047 0.065877
vn -0.323250 0.937919 -0.125767
vn -0.275268 0.961185 0.018723
vn -0.207294 0.228470 -0.951226
vn -0.263183 0.256290 -0.930081
vn -0.338636 0.213552 -0.916363
vn -0.968828 0.245736 0.031408
vn -0.945910 0.306798 0.105493
vn -0.957709 0.279806 0.067092
vn -0.765009 0.047436 0.642271
vn -0.790298 0.091968 0.605781
vn -0.794220 0.095536 0.600074
vn -0.790793 0.460637 -0.403063
vn -0.738275 0.633152 -0.232527
vn -0.823975 0.483360 -0.295683
vn 0.521113 0.805610 0.281841
vn 0.747295 0.555522 0.364616
vn 0.493525 0.815570 0.302125
vn -0.956841 0.070639 0.281895
vn -0.950990 0.067813 0.301695
vn -0.920930 0.193370 0.338373
vn 0.616617 0.442227 0.651321
vn 0.489285 0.492462 0.719779
vn 0.542817 0.486507 0.684588
vn 0.797638 0.278461 0.535007
vn 0.832141 0.257632 0.491087
vn 0.886457 0.233596 0.399535
vn -0.592717 -0.007542 -0.805375
vn -0.618692 -0.017000 -0.785449
vn -0.545191 0.060581 -0.836120
vn -0.966137 -0.124397 0.226063
vn 0.859549 0.309523 0.406659
vn 0.921652 0.315241 -0.226234
vn 0.944338 0.291569 -0.152363
vn 0.886240 0.328978 -0.326117
vn -0.658949 -0.550263 -0.512832
vn -0.699029 -0.410238 -0.585716
vn -0.721793 -0.354606 -0.594365
vn -0.765973 0.174940 0.618613
vn -0.813307 0.203265 0.545175
vn -0.087545 0.887246 0.452913
vn -0.045703 0.883162 0.466837
vn -0.014696 0.898389 0.438954
vn -0.564975 0.231830 -0.791870
vn -0.556426 0.244743 -0.794034
vn -0.511584 0.161852 -0.843852
vn 0.923224 -0.033649 -0.382785
vn 0.906609 -0.050321 -0.418962
vn 0.933698 -0.053354 -0.354065
vn -0.769803 0.331812 0.545255
vn -0.804891 0.444482 0.393174
vn -0.790543 0.327346 0.517578
vn 0.926206 0.229487 0.299129
vn 0.882667 0.145595 0.446879
vn 0.897819 -0.009612 0.440260
vn -0.170483 -0.985352 -0.004234
vn -0.082990 -0.995834 -0.037787
vn -0.078907 -0.995273 -0.056620
vn 0.816797 0.456855 0.352315
vn 0.806325 0.428705 0.407494
vn 0.832160 0.401830 0.382155
vn 0.659633 -0.637804 -0.397606
vn 0.582234 -0.739383 -0.338108
vn 0.663513 -0.638098 -0.390617
vn -0.349446 -0.887497 -0.300394
vn -0.343085 -0.860524 -0.376551
vn -0.409177 -0.867643 -0.282437
vn -0.891992 0.055166 0.448672
vn -0.852684 0.141301 0.502956
vn -0.915867 0.110589 0.385949
vn 0.799120 0.495403 0.340562
vn 0.897754 0.292287 0.329555
vn 0.960416 -0.038408 0.275910
vn 0.954187 -0.117730 0.275078
vn -0.738626 -0.184345 -0.648420
vn -0.696151 -0.140562 -0.704000
vn -0.650919 -0.141159 -0.745908
vn 0.918912 0.118094 -0.376370
vn 0.879743 0.171894 -0.443288
vn 0.892896 0.176321 -0.414303
vn -0.766832 -0.562935 0.308338
vn -0.682537 -0.674570 0.281245
vn -0.594771 -0.711542 0.374105
vn -0.546082 -0.772220 0.324763
vn -0.549203 -0.786729 0.281839
vn -0.888202 0.323416 0.326342
vn -0.969182 0.179488 0.168732
vn -0.990373 -0.020705 0.136864
vn -0.987410 -0.158178 0.000735
vn -0.929676 -0.343445 -0.133225
vn -0.979099 -0.184070 0.086509
vn 0.313006 -0.940436 0.132691
vn 0.295960 -0.946580 0.128042
vn 0.265902 -0.959895 0.088867
vn 0.891938 0.102163 -0.440464
vn 0.878811 0.150160 -0.452928
vn 0.873306 0.078722 -0.480770
vn -0.212410 0.001066 -0.977180
vn -0.221829 -0.079203 -0.971863
vn -0.179536 0.003984 -0.983743
vn -0.478005 0.122010 -0.869842
vn -0.291651 0.121552 -0.948770
vn -0.283750 0.111725 -0.952367
vn 0.879163 0.259163 -0.399884
vn 0.859377 0.236570 -0.453328
vn 0.849072 0.245176 -0.467938
vn 0.020215 0.100192 -0.994763
vn 0.000435 0.082623 -0.996581
vn 0.112285 0.100622 -0.988568
vn -0.529475 0.084580 -0.844099
vn -0.385558 0.088131 -0.918465
vn -0.566201 0.048640 -0.822831
vn 0.112211 -0.987747 -0.108462
vn 0.119855 -0.984047 -0.131474
vn 0.047128 -0.993938 -0.099331
vn -0.588345 -0.191710 -0.785556
vn -0.617666 -0.214861 -0.756521
vn -0.470038 -0.241304 -0.849021
vn 0.985570 0.163716 -0.043009
vn 0.990944 0.134142 -0.006046
vn 0.987751 0.135568 -0.077266
vn -0.475799 -0.103989 -0.873385
vn -0.425391 -0.009796 -0.904957
vn -0.388752 -0.117882 -0.913770
vn 0.759627 -0.634140 0.144337
vn 0.803393 -0.585900 0.106214
vn 0.833954 -0.499734 0.234068
vn -0.096154 0.993161 0.066228
vn -0.105410 0.993178 0.049855
vn -0.098772 0.994999 0.014869
vn -0.809677 -0.513695 -0.283797
vn -0.932715 -0.327235 -0.151524
vn 0.810418 -0.353338 -0.467306
vn 0.807808 -0.351651 -0.473062
vn 0.752419 -0.488467 -0.441889
vn -0.954143 0.291167 -0.069518
vn -0.974289 0.195676 -0.111680
vn -0.987910 0.151056 0.034883
vn -0.802766 0.266266 -0.533544
vn -0.862327 0.268633 -0.429219
vn -0.792897 0.290987 -0.535388
vn -0.889309 -0.023714 -0.456692
vn -0.897203 -0.016522 -0.441309
vn -0.954316 -0.007217 -0.298713
vn 0.906581 -0.318183 0.277257
vn 0.915568 -0.278245 0.290372
vn 0.900354 -0.397879 0.176224
vn 0.843105 -0.278869 -0.459789
vn -0.919582 0.364165 -0.147485
vn -0.928411 0.251255 -0.273721
vn 0.989349 0.143801 0.022597
vn 0.950699 0.219540 0.219028
vn 0.963814 0.260212 0.057909
vn -0.860525 -0.050257 -0.506923
vn -0.894441 -0.100299 -0.435793
vn -0.866031 -0.134301 -0.481615
vn 0.226337 0.871843 0.434352
vn 0.236052 0.881409 0.409143
vn 0.336559 0.859513 0.384664
vn 0.121538 0.882661 0.454025
vn 0.242807 0.871396 0.426280
vn 0.970842 0.232856 0.056959
vn 0.985151 0.169341 -0.028287
vn 0.987637 0.138153 -0.074076
vn 0.936901 -0.278716 0.211029
vn 0.980639 -0.164965 0.105517
vn 0.943772 -0.167949 0.284759
vn -0.818328 -0.541158 -0.193620
vn -0.792630 -0.594617 -0.134790
vn -0.880712 -0.440396 -0.174349
vn -0.882404 0.355113 -0.308638
vn -0.882065 0.361731 -0.301848
vn -0.868676 0.322575 -0.375961
vn -0.918334 -0.166572 -0.359050
vn -0.921475 -0.213702 -0.324368
vn -0.929236 -0.304004 -0.210003
vn 0.659630 -0.745996 0.091530
vn 0.659899 -0.742038 0.117950
vn 0.731111 -0.668026 0.138629
vn 0.185614 0.857830 0.479245
vn -0.057600 0.814201 0.577719
vn -0.022374 0.858281 0.512693
vn -0.903970 -0.126912 -0.408327
vn -0.891466 -0.191834 -0.410472
vn -0.860819 -0.219638 -0.459076
vn 0.758814 0.069294 -0.647611
vn 0.762531 0.102401 -0.638797
vn 0.818428 0.065581 -0.570855
vn -0.700305 -0.638226 -0.319750
vn -0.615879 -0.752700 -0.232672
vn -0.606342 -0.737726 -0.296831
vn -0.882849 0.038602 -0.468069
vn -0.864390 -0.006775 -0.502776
vn -0.863690 -0.003556 -0.504010
vn 0.875221 0.423197 0.234292
vn 0.896298 0.423198 0.132489
vn 0.927114 0.374083 0.022834
vn 0.945133 0.181489 0.271635
vn 0.899612 0.239976 0.364842
vn 0.997422 -0.002262 0.071723
vn 0.944499 -0.315695 -0.090879
vn 0.956487 -0.276025 0.094572
vn 0.900047 -0.434066 0.038751
vn -0.829904 0.437128 0.346669
vn -0.946258 0.257992 0.195029
vn -0.930994 0.310238 0.192360
vn 0.943937 0.321932 0.073097
vn 0.967675 0.244907 0.060216
vn 0.965977 0.252770 0.054741
vn -0.867127 -0.341435 -0.362648
vn -0.887755 -0.385666 -0.251302
vn -0.805348 -0.519971 -0.284684
vn 0.975514 0.168775 -0.141023
vn 0.960104 -0.208625 -0.186215
vn 0.962981 0.236661 -0.129075
vn 0.805355 -0.128921 -0.578604
vn 0.822565 -0.150479 -0.548401
vn 0.738093 -0.136897 -0.660664
vn 0.762511 0.280621 -0.582949
vn 0.756152 0.322741 -0.569274
vn 0.722870 0.300549 -0.622197
vn -0.994380 0.104609 0.016325
vn -0.990235 0.071290 0.119799
vn -0.993601 0.051487 0.100527
vn 0.821450 -0.214484 -0.528410
vn 0.891800 -0.076357 -0.445939
vn 0.784783 -0.217249 -0.580447
vn 0.992438 -0.029100 0.119249
vn 0.990007 0.011357 0.140562
vn 0.992149 -0.000829 0.125058
vn -0.781877 0.231718 0.578770
vn -0.898559 0.219549 0.379987
vn -0.895940 0.143352 0.420407
vn 0.329589 -0.939247 0.095847
vn 0.292722 -0.951373 0.095931
vn 0.353635 -0.934020 0.050486
vn -0.983098 0.005635 -0.182992
vn -0.984155 -0.002472 -0.177291
vn -0.985280 -0.011623 -0.170550
vn 0.891140 -0.223023 -0.395134
vn 0.882421 -0.375801 -0.283031
vn 0.874988 -0.333465 -0.350995
vn -0.988278 -0.012583 -0.152144
vn -0.917339 0.352007 -0.185958
vn -0.927697 0.324153 -0.185214
vn -0.923821 0.335577 -0.184238
vn 0.859600 0.315454 0.401967
vn 0.938651 0.302761 0.165138
vn 0.812244 0.383007 0.439961
vn 0.944910 -0.140350 -0.295716
vn 0.980586 -0.184371 -0.066779
vn 0.907760 -0.336681 -0.250234
vn 0.788186 -0.567608 -0.237874
vn 0.843755 -0.501154 -0.192149
vn 0.739774 -0.656892 -0.145697
vn -0.656922 0.373164 0.655135
vn -0.693014 0.360496 0.624319
vn -0.762737 0.409741 0.500344
vn 0.934252 0.319220 0.158972
vn 0.877869 0.423425 0.223734
vn 0.946456 0.276296 0.166980
vn -0.958930 -0.211860 -0.188598
vn -0.998475 -0.014448 -0.053277
vn -0.988433 0.149837 0.023415
vn 0.787498 -0.284722 -0.546609
vn 0.820384 -0.163237 -0.548018
vn 0.810938 -0.314482 -0.493437
vn 0.912502 -0.236789 -0.333573
vn 0.878766 -0.313640 -0.359723
vn 0.868938 -0.395108 -0.298055
vn -0.095784 0.794344 0.599870
vn -0.057262 0.824854 0.562438
vn -0.158241 0.833578 0.529252
vn 0.993770 0.087185 0.069422
vn 0.986002 0.105958 0.128735
vn 0.874447 -0.091601 0.476394
vn 0.913264 -0.092592 0.396706
vn 0.855495 -0.076101 0.512189
vn 0.859140 -0.043852 0.509858
vn -0.929943 -0.061666 -0.362497
vn -0.895410 -0.039708 -0.443468
vn -0.901159 -0.018272 -0.433103
vn -0.955234 0.272534 0.115123
vn -0.975186 0.212601 0.061742
vn -0.978792 0.204386 0.013902
vn 0.865830 -0.323242 -0.381906
vn 0.833776 -0.244119 -0.495200
vn 0.899586 -0.175908 -0.399751
vn 0.954266 0.254330 -0.157139
vn 0.890512 0.298713 -0.343160
vn 0.949393 0.198282 -0.243591
vn 0.902233 0.296135 -0.313496
vn 0.906744 0.299757 -0.296581
vn 0.899121 0.240209 -0.365899
vn -0.931203 -0.086412 -0.354109
vn -0.944268 -0.077611 -0.319897
vn -0.911021 -0.140604 -0.387649
vn 0.993963 0.075194 -0.079891
vn 0.991479 0.104585 -0.077658
vn 0.978391 0.206317 0.013589
vn 0.843860 -0.534546 0.046478
vn 0.853521 -0.518979 0.046507
vn 0.901868 -0.424176 0.081903
vn -0.900110 0.419598 0.117214
vn -0.760475 0.595269 0.259485
vn -0.908200 0.376829 0.182137
vn -0.988861 0.122336 -0.084776
vn -0.988486 0.037242 -0.146656
vn -0.983348 0.039135 -0.177471
vn 0.971783 0.135144 0.193326
vn 0.965593 0.163303 0.202391
vn 0.911973 0.077383 0.402885
vn 0.801632 0.132661 0.582913
vn 0.791540 0.154473 0.591272
vn 0.820234 0.121982 0.558871
vn -0.978068 0.035482 0.205240
vn -0.968441 0.031155 0.247288
vn -0.963713 0.038302 0.264179
vn -0.855955 -0.485890 -0.176780
vn -0.878051 -0.424244 -0.221456
vn -0.956222 -0.275058 -0.099913
vn -0.068241 0.925730 0.371978
vn 0.020793 0.938409 0.344901
vn 0.012766 0.932429 0.361127
vn -0.978873 -0.202358 -0.029311
vn -0.966679 -0.191926 0.169401
vn -0.973985 -0.216534 0.066827
vn 0.859880 -0.052976 -0.507740
vn 0.838110 0.060841 -0.542099
vn 0.787544 -0.069182 -0.612362
vn -0.969962 0.026346 -0.241827
vn -0.959715 0.014011 -0.280625
vn -0.974879 0.035369 -0.219908
vn -0.973722 0.037799 0.224580
vn 0.333222 -0.941909 -0.042074
vn 0.368937 -0.929121 -0.024896
vn 0.317959 -0.947790 0.024416
vn 0.979007 -0.053249 -0.196748
vn 0.997624 -0.063898 -0.025757
vn 0.985913 -0.074359 -0.149819
vn 0.961291 0.254238 0.106219
vn 0.941516 0.330385 0.066285
vn 0.937879 0.339093 0.073479
vn -0.515656 -0.845697 0.137461
vn -0.555157 -0.825962 0.097916
vn -0.555162 -0.821323 0.131239
vn 0.975344 0.219848 -0.019268
vn -0.937813 0.298378 -0.177416
vn -0.900900 0.433528 -0.020822
vn -0.886330 0.458335 -0.065943
vn 0.937467 0.329484 -0.112231
vn 0.929059 0.369231 0.022756
vn 0.926399 0.354115 -0.128011
vn -0.979280 0.200579 -0.027925
vn -0.961109 0.275542 0.018617
vn -0.934367 0.287789 -0.210084
vn -0.705177 -0.705367 -0.071999
vn -0.642339 -0.764862 -0.048850
vn -0.654858 -0.752326 -0.071884
vn 0.741976 -0.656710 -0.134921
vn 0.847121 -0.502283 -0.173490
vn 0.739338 -0.672284 -0.037593
vn 0.374332 -0.918672 -0.126166
vn 0.455683 -0.875327 -0.161724
vn 0.426674 -0.899204 -0.096860
vn -0.996819 0.054435 0.058208
vn -0.997034 0.074973 0.017389
vn -0.998181 -0.060254 -0.002012
vn 0.836115 0.151826 0.527125
vn 0.870475 0.081619 0.485399
vn 0.889760 0.050248 0.453653
vn -0.939568 0.319885 -0.122011
vn -0.928723 0.360405 -0.087071
vn -0.926030 0.369227 -0.078356
vn -0.839682 -0.509143 0.188967
vn -0.778446 -0.609506 0.150080
vn -0.883095 -0.447370 0.141432
vn 0.994512 0.029392 -0.100406
vn 0.999538 0.027995 -0.011811
vn 0.978405 0.010795 -0.206413
vn 0.972652 -0.132945 0.190456
vn 0.922863 -0.084201 0.375811
vn 0.971719 -0.033404 0.233766
vn -0.928578 -0.160535 0.334620
vn -0.942894 -0.245836 0.224756
vn -0.949415 -0.155872 0.272609
vn 0.989829 0.067211 -0.125385
vn 0.986741 0.130323 -0.096735
vn 0.989070 0.066844 -0.131423
vn -0.984262 -0.064983 -0.164333
vn -0.980148 0.048257 -0.192304
vn -0.916608 -0.259925 0.303759
vn -0.910172 -0.258662 0.323545
vn -0.992231 0.078989 -0.096119
vn -0.987956 0.139413 0.067132
vn -0.990001 0.107143 0.091749
vn -0.726706 -0.657619 0.198581
vn -0.657207 -0.738727 0.149536
vn 0.763918 -0.631430 0.133139
vn 0.782560 -0.599148 0.169179
vn 0.727650 -0.661043 0.183163
vn -0.445969 -0.892344 0.069528
vn -0.402428 -0.914545 0.040732
vn -0.311639 -0.946571 0.082970
vn -0.958708 0.264703 -0.103982
vn -0.968281 0.180340 -0.172945
vn -0.976394 -0.034180 -0.213275
vn -0.930194 0.364263 -0.045293
vn -0.905511 0.415701 -0.085104
vn -0.847851 0.519400 0.106641
vn -0.692968 -0.719708 -0.042610
vn -0.674097 -0.738565 -0.010724
vn 0.153035 -0.975485 0.158141
vn 0.218530 -0.963088 0.157183
vn 0.285099 -0.944078 0.165636
vn 0.978200 0.166680 0.123868
vn 0.989819 0.121474 0.074182
vn 0.996649 0.051670 0.063419
vn -0.202247 -0.974496 0.097234
vn 0.931075 -0.029654 -0.363620
vn 0.981015 0.027673 -0.191949
vn 0.089890 0.971181 0.220743
vn 0.028947 0.958411 0.283919
vn 0.079224 0.964793 0.250795
vn -0.895370 0.360489 0.261459
vn -0.859445 0.353967 0.368865
vn -0.855493 0.314301 0.411518
vn 0.995416 0.092996 -0.022326
vn -0.487532 0.215714 0.846038
vn -0.584383 0.242337 0.774448
vn -0.496724 0.457555 0.737502
vn -0.676073 -0.095296 0.730646
vn -0.719009 0.015602 0.694825
vn -0.621001 -0.045690 0.782477
vn 0.915892 -0.394438 -0.074565
vn 0.975754 -0.205305 -0.075852
vn 0.964925 -0.257482 -0.051212
vn -0.597317 -0.750928 0.281639
vn -0.646276 -0.674639 0.356636
vn 0.881216 0.099347 -0.462157
vn 0.933007 -0.136953 -0.332779
vn 0.889057 -0.148359 -0.433089
vn 0.983763 -0.178796 0.015584
vn 0.995582 -0.018921 -0.091971
vn 0.986602 -0.061468 -0.151124
vn -0.888912 -0.405611 -0.212873
vn -0.947072 -0.157102 -0.279953
vn 0.851059 0.524875 -0.014324
vn 0.905140 0.413539 -0.098523
vn 0.802635 0.593795 -0.056432
vn 0.997057 0.059779 -0.048002
vn 0.997777 0.065236 -0.013648
vn 0.989355 0.122458 -0.078623
vn -0.912288 0.177101 -0.369278
vn -0.898539 0.142740 -0.415033
vn -0.875993 0.163263 -0.453852
vn -0.939483 -0.157195 -0.304405
vn -0.906812 -0.307026 -0.288837
vn -0.880240 -0.354271 -0.315704
vn 0.692052 -0.557691 -0.458307
vn 0.762362 -0.528483 -0.373509
vn 0.663686 -0.638349 -0.389913
vn 0.960567 0.262152 -0.092667
vn 0.966271 0.254103 0.041856
vn 0.975424 0.218139 -0.031025
vn -0.684364 0.077938 0.724963
vn -0.657225 0.089750 0.748332
vn -0.645350 0.071227 0.760559
vn -0.792185 -0.132628 -0.595695
vn -0.723381 -0.083717 -0.685355
vn -0.724003 -0.094276 -0.683324
vn -0.517686 0.098408 0.849892
vn -0.440964 0.100058 0.891930
vn -0.614867 0.123645 0.778878
vn -0.918782 -0.143461 -0.367774
vn 0.872078 -0.435617 -0.222974
vn 0.916763 -0.347962 -0.196134
vn 0.843390 -0.531118 -0.081280
vn -0.039111 0.990823 0.129387
vn -0.092528 0.985227 0.144103
vn -0.113190 0.984524 0.133792
vn -0.649200 -0.054669 0.758651
vn -0.532104 -0.065261 0.844160
vn -0.590597 -0.065518 0.804303
vn -0.169671 0.130193 0.976863
vn -0.177851 0.129167 0.975543
vn -0.158915 0.097757 0.982441
vn -0.205056 0.298234 0.932206
vn -0.188631 0.392916 0.900020
vn -0.288885 0.579693 0.761907
vn -0.105978 0.055715 0.992806
vn -0.138702 0.073352 0.987614
vn -0.086505 0.029637 0.995811
vn 0.948858 0.051146 -0.311532
vn 0.975640 -0.005605 -0.219305
vn 0.967193 0.041099 -0.250698
vn -0.534113 -0.579142 0.615888
vn -0.417422 -0.712462 0.564054
vn -0.445823 -0.760322 0.472391
vn -0.772220 -0.593406 -0.227036
vn -0.719543 -0.676791 -0.155601
vn -0.808315 -0.572099 -0.139032
vn -0.245975 -0.969257 -0.006083
vn -0.342447 -0.936182 0.079334
vn -0.268482 -0.963168 0.014995
vn -0.135770 -0.986792 -0.088361
vn -0.111231 -0.989907 -0.087823
vn -0.294027 -0.150329 0.943901
vn -0.317222 -0.134553 0.938758
vn -0.298603 -0.116351 0.947259
vn -0.218790 0.105317 0.970072
vn 0.937976 0.129456 -0.321625
vn 0.966905 0.121147 -0.224541
vn -0.010973 0.996129 0.087222
vn -0.035269 0.994712 0.096458
vn 0.023136 0.992718 0.118216
vn 0.044332 0.988045 0.147652
vn 0.021763 0.990603 0.135028
vn -0.458985 0.193963 0.867013
vn -0.621396 0.311364 0.718971
vn -0.448857 0.157934 0.879536
vn -0.594225 0.013789 -0.804180
vn -0.586929 0.034160 -0.808918
vn -0.546852 0.069484 -0.834341
vn 0.806470 -0.428056 -0.407890
vn 0.888831 -0.312621 -0.335032
vn 0.896503 -0.356808 -0.262623
vn -0.006021 -0.982232 -0.187575
vn -0.552333 -0.184584 0.812931
vn -0.582705 -0.063309 0.810214
vn -0.735162 -0.278354 0.618107
vn -0.705349 -0.632930 0.319192
vn -0.586642 -0.405465 0.701034
vn -0.695141 -0.422898 0.581323
vn 0.442607 -0.781373 -0.439950
vn 0.487512 -0.658773 -0.573019
vn 0.546446 -0.718450 -0.430380
vn 0.437882 -0.768275 -0.466919
vn 0.458184 -0.811987 -0.361585
vn 0.424912 -0.816385 -0.391109
vn -0.756295 0.018642 0.653965
vn -0.996973 0.033202 0.070300
vn -0.975834 -0.007885 0.218373
vn 0.341152 0.901079 0.267717
vn 0.229354 0.898922 0.373277
vn 0.337885 0.862954 0.375691
vn 0.838570 -0.149876 -0.523773
vn 0.892173 -0.159351 -0.422651
vn 0.770385 -0.286482 -0.569591
vn -0.674539 0.021171 -0.737936
vn -0.710521 0.046528 -0.702136
vn -0.732107 0.034371 -0.680322
vn -0.770729 -0.062024 0.634138
vn -0.983054 -0.156717 -0.095109
vn -0.822307 -0.202962 0.531618
vn 0.742074 -0.344471 -0.575035
vn 0.752031 -0.276739 -0.598218
vn 0.871239 -0.298052 -0.390009
vn 0.538060 0.279524 -0.795209
vn 0.388171 0.680078 -0.621946
vn 0.470129 0.822355 -0.320487
vn 0.695836 0.020983 -0.717894
vn 0.645880 -0.015808 -0.763276
vn 0.808843 0.136719 -0.571909
vn -0.982341 0.002803 -0.187076
vn -0.984262 0.017694 -0.175825
vn -0.910478 0.413341 -0.013356
vn -0.888586 0.388786 -0.243433
vn -0.955080 0.293933 0.037757
vn -0.680432 -0.732677 0.014052
vn -0.767017 -0.634058 -0.098264
vn -0.737484 -0.651329 -0.178571
vn -0.242633 -0.837938 -0.488865
vn -0.413422 -0.713455 -0.565741
vn -0.070322 -0.774944 -0.628105
vn -0.744137 -0.079013 -0.663338
vn -0.614858 -0.106440 -0.781422
vn -0.576737 -0.073600 -0.813608
vn -0.988238 -0.074278 -0.133671
vn -0.954202 -0.270456 -0.127875
vn -0.857051 -0.368572 -0.360026
vn 0.818351 0.215164 -0.532923
vn 0.893062 0.213355 -0.396132
vn 0.840030 0.229393 -0.491658
vn 0.713725 -0.428157 -0.554327
vn 0.759006 -0.345679 -0.551739
vn 0.715705 -0.429026 -0.551093
vn -0.664946 -0.440444 -0.603205
vn -0.733794 -0.433151 -0.523380
vn -0.674410 -0.485891 -0.555951
vn -0.959265 0.054593 -0.277184
vn -0.895866 0.049131 -0.441600
vn -0.890152 0.036292 -0.454217
vn -0.710414 -0.433380 -0.554522
vn -0.658214 -0.259776 -0.706591
vn -0.679088 -0.362718 -0.638181
vn -0.700761 0.044543 -0.712004
vn -0.650324 0.016402 -0.759480
vn -0.644416 0.159216 -0.747916
vn 0.439343 -0.640039 -0.630339
vn 0.431631 -0.482009 -0.762471
vn 0.406233 -0.561067 -0.721234
vn -0.448877 -0.542341 -0.710195
vn -0.346387 -0.482115 -0.804724
vn -0.231347 -0.608352 -0.759202
vn -0.122945 -0.992103 0.024808
vn -0.050743 -0.998190 -0.032277
vn -0.130316 -0.988485 0.076909
vn -0.681624 0.091150 -0.726003
vn -0.572955 0.064774 -0.817023
vn -0.690768 -0.008054 -0.723032
vn 0.698189 -0.002159 -0.715911
vn 0.690083 0.113247 -0.714815
vn 0.739336 0.122595 -0.662082
vn 0.117984 0.992952 0.011275
vn 0.162224 0.985133 -0.056540
vn -0.127402 0.903957 -0.408204
vn 0.537637 -0.337070 -0.772871
vn 0.654490 -0.270145 -0.706162
vn 0.464164 -0.274039 -0.842291
vn 0.502725 0.134602 -0.853903
vn 0.726326 0.121534 -0.676521
vn 0.826559 0.102093 -0.553514
vn -0.577739 0.014036 -0.816101
vn -0.502197 0.017242 -0.864582
vn -0.514835 0.040955 -0.856311
vn 0.584738 -0.080266 -0.807241
vn 0.653927 -0.071053 -0.753214
vn 0.693839 -0.078290 -0.715862
vn -0.648101 0.338046 -0.682414
vn -0.469206 0.272548 -0.839978
vn -0.526739 0.203326 -0.825351
vn -0.428150 -0.116080 -0.896222
vn -0.369216 -0.081724 -0.925744
vn -0.293131 -0.128637 -0.947379
vn -0.468675 0.278391 -0.838357
vn -0.549145 0.258076 -0.794881
vn -0.447395 0.287733 -0.846787
vn -0.201698 0.587082 -0.783998
vn -0.270813 0.253256 -0.928720
vn -0.220464 0.424308 -0.878271
vn 0.349104 0.899556 0.262537
vn 0.279025 0.922898 0.265337
vn 0.281198 0.928862 0.241130
vn -0.288486 0.274333 -0.917343
vn -0.290006 0.143506 -0.946204
vn -0.221348 -0.087795 -0.971235
vn 0.069736 -0.151166 -0.986046
vn -0.097779 -0.123530 -0.987512
vn -0.252109 0.116595 -0.960649
vn -0.342981 0.221623 -0.912824
vn -0.233733 0.158450 -0.959303
vn 0.409430 -0.062312 -0.910211
vn 0.378802 -0.120438 -0.917608
vn 0.490569 -0.099494 -0.865704
vn -0.312781 -0.044325 -0.948790
vn -0.221546 -0.061384 -0.973216
vn -0.269560 -0.041741 -0.962079
vn 0.653575 0.035580 -0.756025
vn 0.497777 0.187385 -0.846821
vn 0.725350 0.107330 -0.679962
vn 0.493998 -0.131104 -0.859522
vn 0.548567 0.002556 -0.836103
vn 0.565762 -0.098269 -0.818692
vn -0.661779 -0.304434 -0.685105
vn -0.741996 -0.231283 -0.629245
vn -0.558317 -0.322195 -0.764508
vn -0.401344 0.010886 -0.915863
vn -0.331079 -0.020120 -0.943389
vn -0.309122 -0.000830 -0.951022
vn -0.703310 -0.323396 -0.633064
vn -0.662792 -0.463158 -0.588381
vn -0.741528 -0.373783 -0.557156
vn 0.265763 0.130845 -0.955118
vn 0.457882 0.150860 -0.876120
vn -0.251262 0.063897 -0.965808
vn -0.162260 0.051524 -0.985402
vn -0.392207 0.019097 -0.919679
vn -0.383423 0.048751 -0.922285
vn -0.416481 -0.031858 -0.908586
vn -0.409975 0.070528 -0.909366
vn 0.247918 -0.132807 -0.959635
vn 0.135154 -0.051350 -0.989493
vn 0.212501 -0.119755 -0.969795
vn 0.399161 0.188590 -0.897276
vn 0.326659 0.228677 -0.917061
vn 0.249496 -0.315361 -0.915587
vn -0.294937 -0.257162 -0.920261
vn -0.259666 -0.211372 -0.942282
vn 0.724468 0.216499 -0.654427
vn 0.707004 0.571316 -0.416825
vn 0.739449 0.234961 -0.630879
vn 0.842272 0.191847 -0.503758
vn 0.929374 0.176573 -0.324169
vn -0.501186 0.060222 -0.863242
vn -0.460261 0.070804 -0.884956
vn -0.594253 0.107876 -0.797011
vn 0.485451 -0.236565 -0.841650
vn 0.276449 -0.234369 -0.932013
vn 0.579250 -0.261762 -0.771978
vn 0.792848 -0.202090 -0.574936
vn 0.823675 -0.240082 -0.513732
vn 0.244190 0.214311 -0.945750
vn 0.652305 0.044164 -0.756669
vn 0.176250 -0.054941 -0.982811
vn 0.316743 0.015419 -0.948386
vn 0.100620 -0.123757 -0.987198
vn -0.487486 -0.320127 -0.812328
vn -0.484443 -0.232671 -0.843314
vn -0.462704 -0.293874 -0.836387
vn -0.586737 0.012141 -0.809687
vn -0.556856 0.000697 -0.830608
vn -0.648709 0.027355 -0.760544
vn -0.373519 0.012759 -0.927535
vn -0.257893 -0.020268 -0.965961
vn -0.256705 0.001578 -0.966489
vn -0.302796 0.055511 -0.951438
vn -0.093672 0.076295 -0.992676
vn -0.407488 0.069729 -0.910545
vn -0.547460 -0.362443 -0.754270
vn -0.494208 -0.086723 -0.865007
vn -0.358035 -0.207921 -0.910263
vn -0.134413 -0.591558 -0.794979
vn 0.082994 -0.552054 -0.829668
vn 0.045908 -0.794353 -0.605720
vn 0.145226 -0.224923 -0.963493
vn 0.075408 -0.242079 -0.967322
vn 0.090881 -0.178962 -0.979650
vn 0.351860 -0.105598 -0.930077
vn 0.384765 -0.063170 -0.920851
vn 0.248855 -0.097603 -0.963610
vn 0.152099 0.079496 -0.985163
vn 0.260929 0.112383 -0.958794
vn 0.150245 0.092582 -0.984304
vn -0.101152 -0.093676 -0.990451
vn -0.140858 -0.031853 -0.989517
vn -0.126197 -0.080399 -0.988742
vn 0.039201 -0.097168 -0.994496
vn -0.107416 -0.227484 -0.967839
vn -0.204005 -0.134268 -0.969719
vn -0.950009 0.057999 -0.306787
vn -0.908821 0.050821 -0.414080
vn -0.959465 -0.191439 -0.206828
vn -0.988927 -0.143505 -0.037819
vn -0.092924 0.946681 0.308482
vn -0.125007 0.974928 0.184088
vn -0.097984 0.973383 0.207182
vn -0.037414 0.935446 0.351485
vn -0.120675 0.950925 0.284920
vn -0.858652 0.232659 0.456713
vn -0.772971 0.354085 0.526441
vn -0.819659 0.281011 0.499191
vn 0.213706 0.928393 0.303999
vn 0.029948 0.852021 0.522650
vn 0.095500 0.841430 0.531860
vn 0.190394 0.850465 0.490366
vn 0.787132 0.584397 0.197238
vn -0.694268 0.145427 0.704871
vn -0.759411 0.072936 0.646510
vn -0.784202 -0.284930 0.551218
vn -0.734063 -0.395395 0.552099
vn -0.080200 0.034280 -0.996189
vn -0.265627 0.134964 -0.954582
vn -0.268814 0.126944 -0.954790
vn -0.840673 -0.121088 -0.527832
vn -0.867327 -0.030545 -0.496800
vn -0.783288 -0.033846 -0.620737
vn -0.942860 0.138371 0.303098
vn -0.899045 0.345761 0.268640
vn -0.894601 0.324900 0.306805
vn -0.907354 0.325630 0.265846
vn -0.396745 -0.914016 0.084659
vn -0.379994 -0.920201 0.093997
vn -0.502164 -0.859242 0.097640
vn 0.022275 -0.999286 0.030516
vn -0.208574 -0.974570 0.081920
vn -0.253031 -0.963640 0.085872
vn 0.145558 -0.988496 0.041090
vn 0.303827 -0.952403 -0.024867
vn 0.235139 -0.971434 -0.032026
vn 0.394900 -0.890018 -0.227865
vn 0.307642 -0.927882 -0.210693
vn 0.252353 -0.953464 -0.164998
vn -0.649518 -0.032824 -0.759637
vn -0.661296 -0.054954 -0.748110
vn -0.583614 -0.052009 -0.810364
vn -0.858958 0.024299 -0.511469
vn -0.745239 0.000489 -0.666797
vn -0.737473 0.011708 -0.675276
vn -0.370453 -0.924245 0.092391
vn -0.360056 -0.930279 0.070292
vn -0.180880 -0.945688 0.270105
vn -0.733890 0.069092 0.675746
vn -0.998938 0.046085 -0.000298
vn -0.983645 0.070974 0.165545
vn -0.995146 0.071712 0.067387
vn 0.864053 0.214335 -0.455492
vn 0.755970 0.340232 -0.559242
vn 0.858904 0.451751 -0.241256
vn 0.731223 0.646218 0.218438
vn 0.807791 0.553536 0.202661
vn 0.632683 0.747382 0.202813
vn -0.722890 0.261696 0.639489
vn -0.646449 0.454178 0.613046
vn 0.141627 0.952834 0.268422
vn 0.139393 0.953575 0.266952
vn 0.124613 0.952770 0.276948
vn -0.964397 0.105545 0.242483
vn -0.978755 -0.070611 0.192492
vn -0.888600 -0.051049 0.455833
vn -0.900817 -0.078022 0.427131
vn -0.105132 0.993087 0.052213
vn 0.654709 0.467041 0.594331
vn 0.564100 0.631173 0.532364
vn 0.538544 0.508183 0.672102
vn -0.082851 0.996052 0.031888
vn -0.086425 0.995505 0.038734
vn -0.329131 0.938902 -0.100674
vn -0.577937 0.781578 -0.234786
vn -0.295109 0.940405 -0.168965
vn -0.964563 -0.019267 -0.263149
vn -0.898149 -0.021585 -0.439162
vn -0.906342 -0.045854 -0.420049
vn -0.696681 0.092437 -0.711401
vn -0.771582 0.126128 -0.623501
vn -0.691957 0.105210 -0.714232
vn 0.974022 0.222818 -0.040418
vn 0.952457 -0.283841 0.110724
vn 0.966827 -0.178242 0.182962
vn 0.981126 -0.138570 0.134873
vn -0.545165 -0.050201 -0.836824
vn -0.524794 -0.049722 -0.849776
vn -0.471463 -0.047582 -0.880601
vn -0.689029 0.041781 -0.723528
vn -0.256914 0.962485 0.087284
vn -0.046672 0.992101 0.116433
vn -0.474054 0.811317 0.342109
vn -0.333911 0.868201 0.367056
vn -0.177873 0.946317 0.269899
vn -0.437713 0.016116 -0.898970
vn -0.341937 -0.022453 -0.939455
vn -0.351690 -0.022873 -0.935837
vn -0.175053 -0.011234 -0.984495
vn -0.108108 0.928862 -0.354300
vn -0.016972 0.798100 -0.602286
vn -0.006743 0.850069 -0.526629
vn 0.403855 0.675450 -0.616984
vn 0.317159 0.837890 -0.444242
vn 0.277797 0.779912 -0.560861
vn 0.984127 -0.009034 -0.177234
vn 0.993064 -0.002461 -0.117549
vn 0.971861 -0.011564 -0.235272
vn 0.513423 0.043737 -0.857020
vn 0.451952 -0.026874 -0.891637
vn 0.642729 -0.024683 -0.765696
vn 0.463756 -0.020449 -0.885727
vn 0.489470 -0.049513 -0.870613
vn 0.368982 -0.046085 -0.928293
vn 0.627601 -0.378586 -0.680287
vn 0.657580 -0.283302 -0.698089
vn 0.564654 -0.428801 -0.705191
vn 0.925569 0.361250 -0.113228
vn 0.940929 0.312519 -0.130321
vn 0.928517 0.352218 -0.117467
vn 0.999479 0.030424 0.010800
vn 0.985359 -0.137730 0.100491
vn 0.870180 -0.333431 -0.362781
vn 0.784958 -0.386917 -0.483876
vn 0.562630 -0.259012 -0.785087
vn 0.735933 0.010690 -0.676970
vn 0.753199 -0.084880 -0.652294
vn 0.858151 0.008060 -0.513335
vn 0.915791 0.071771 -0.395191
vn -0.770849 -0.113222 0.626875
vn -0.781635 -0.026783 0.623161
vn -0.821993 -0.146753 0.550265
vn -0.912784 -0.024047 0.407734
vn -0.948831 -0.002971 0.315771
vn -0.939471 -0.086833 0.331444
vn -0.398297 0.024729 -0.916923
vn -0.637165 0.096925 -0.764609
vn -0.392177 0.222685 -0.892529
vn -0.545441 0.238193 -0.803590
vn -0.431192 0.193301 -0.881310
vn -0.705384 -0.708389 -0.024878
vn -0.558630 -0.822407 -0.107603
vn -0.605530 -0.780593 -0.154948
vn -0.524629 -0.849674 -0.053093
vn 0.122370 0.985888 0.114241
vn 0.175617 0.969805 0.169227
vn 0.112799 0.974999 0.191452
vn 0.047040 0.984121 0.171155
vn 0.067785 0.981397 0.179624
vn -0.483886 -0.022187 0.874850
vn -0.394690 0.034589 0.918163
vn -0.591865 -0.077303 0.802322
vn -0.350194 0.149381 0.924689
vn -0.960193 0.198191 0.196849
vn -0.963496 0.257620 0.072856
vn -0.785267 0.467922 0.405469
vn -0.666845 -0.092063 -0.739488
vn -0.491769 0.809807 -0.319963
vn -0.114411 -0.992485 0.043393
vn -0.242433 -0.967543 0.071316
vn -0.063256 -0.997987 0.004617
vn -0.279597 -0.933664 -0.223824
vn -0.301013 -0.931269 -0.205253
vn -0.125685 -0.985598 -0.113140
vn -0.979102 0.198171 0.045681
vn -0.936829 0.110733 0.331797
vn -0.982679 0.123492 0.138174
vn -0.988412 0.076087 0.131347
vn -0.105311 0.985326 0.134319
vn 0.014402 0.906238 0.422524
vn 0.015051 0.904320 0.426589
vn 0.110349 0.899607 0.422528
vn -0.204403 -0.029054 0.978456
vn -0.039986 -0.012741 0.999119
vn -0.155500 0.037125 0.987138
vn -0.426111 0.053608 0.903081
vn -0.523877 0.005568 0.851776
vn -0.797866 -0.588250 0.131799
vn -0.719001 -0.691395 0.070791
vn -0.959474 -0.049068 -0.277491
vn -0.965077 -0.210485 -0.155959
vn -0.966775 -0.184631 -0.176798
vn -0.785982 0.232653 0.572805
vn -0.966484 0.126410 0.223450
vn -0.096953 0.923443 0.371287
vn -0.106281 0.948536 0.298301
vn -0.177005 0.931336 0.318249
vn 0.086691 0.952128 0.293151
vn 0.160533 0.938341 0.306177
vn 0.126850 0.922831 0.363721
vn -0.826879 -0.558859 0.062833
vn -0.786823 -0.612156 0.078585
vn -0.744705 -0.652963 0.138035
vn -0.575992 -0.759736 0.301718
vn -0.616319 -0.766147 0.182123
vn -0.488667 -0.848584 0.202757
vn -0.765040 0.028415 0.643356
vn -0.866310 -0.022073 0.499019
vn -0.983246 -0.057890 0.172847
vn -0.927077 0.039399 0.372794
vn -0.167728 0.084265 0.982225
vn -0.487346 -0.567164 0.663942
vn -0.465107 -0.395741 0.791874
vn -0.511485 -0.485167 0.709222
vn -0.886625 -0.229999 0.401245
vn -0.678909 -0.191511 0.708806
vn -0.482318 -0.145281 0.863865
vn -0.554530 -0.163221 0.816000
vn -0.999472 -0.029415 -0.013766
vn -0.981815 -0.082378 -0.171035
vn -0.989945 -0.138025 0.030965
vn -0.984190 0.002020 -0.177106
vn -0.983480 0.102267 -0.149361
vn -0.946653 0.065600 -0.315508
vn -0.525990 0.612349 0.590223
vn -0.612611 0.599759 0.514778
vn -0.693798 0.462040 0.552415
vn -0.565477 0.417735 0.711149
vn -0.568847 0.444222 0.692156
vn -0.987351 0.009629 -0.158259
vn -0.963907 -0.024195 -0.265136
vn -0.994598 0.098376 0.033114
vn -0.981532 0.116402 0.151806
vn -0.171054 -0.112339 0.978836
vn -0.373580 -0.195031 0.906863
vn -0.280570 -0.169689 0.944715
vn -0.035061 -0.076601 0.996445
vn 0.029837 -0.050242 0.998291
vn 0.012672 -0.054840 0.998415
vn -0.753472 0.657407 -0.009809
vn -0.940930 0.303086 -0.150965
vn -0.727656 0.685919 0.005699
vn -0.669658 0.659206 0.342061
vn -0.670356 0.665471 0.328284
vn -0.807499 0.255155 0.531828
vn -0.793281 0.267747 0.546824
vn -0.667999 0.215785 0.712189
vn -0.620388 0.206019 0.756753
vn -0.806285 -0.482649 0.341986
vn -0.811990 -0.324964 0.484841
vn -0.787572 -0.405280 0.464197
vn -0.773859 -0.591159 0.227316
vn -0.819844 -0.564750 0.094415
vn -0.870879 -0.481702 0.097638
vn 0.942485 -0.060965 -0.328642
vn 0.980423 -0.054610 -0.189178
vn 0.949628 -0.016820 -0.312928
vn 0.848803 -0.284784 -0.445457
vn 0.940358 -0.257573 -0.222222
vn 0.971824 -0.234825 -0.020369
vn 0.972285 -0.226894 0.056392
vn 0.971016 -0.238783 0.010496
vn 0.990608 -0.042694 0.129900
vn 0.062251 -0.191970 -0.979424
vn 0.217360 -0.248176 -0.944015
vn 0.376977 0.146864 -0.914505
vn 0.348312 0.607722 -0.713690
vn 0.965940 0.249785 0.067588
vn 0.986769 0.123597 0.104932
vn 0.996004 0.087817 0.016239
vn 0.959618 0.037618 -0.278780
vn 0.944963 0.007954 -0.327082
vn 0.963369 -0.090767 -0.252354
vn -0.895625 0.444461 0.017615
vn -0.865024 0.493648 -0.089698
vn -0.854528 0.041663 0.517732
vn -0.544171 0.289974 0.787269
vn -0.586236 0.254954 0.768977
vn -0.123248 0.684983 0.718058
vn -0.127657 0.665660 0.735255
vn -0.049841 0.815460 0.576663
vn -0.102739 0.822164 0.559903
vn -0.175905 0.716701 0.674831
vn -0.104805 0.817387 0.566475
vn 0.201513 -0.147569 -0.968306
vn 0.064711 -0.157389 -0.985414
vn 0.370216 -0.386239 -0.844843
vn 0.327973 -0.243674 -0.912720
vn 0.374185 -0.326862 -0.867841
vn -0.807459 0.471202 0.354935
vn -0.886365 0.342196 0.311864
vn -0.812438 0.479160 0.332190
vn -0.402105 0.774376 0.488522
vn -0.817499 0.090739 0.568737
vn -0.864735 0.105560 0.491010
vn -0.944829 0.003107 0.327549
vn -0.758567 0.168401 0.629458
vn -0.723006 0.220692 0.654643
vn -0.814841 0.178415 0.551545
vn -0.688146 -0.398615 -0.606268
vn -0.603513 -0.574628 -0.552788
vn -0.703828 -0.512951 -0.491434
vn -0.551734 0.117750 -0.825666
vn 0.722004 0.167210 0.671380
vn 0.788075 0.164009 0.593329
vn 0.548622 0.746309 0.376878
vn 0.740529 0.474490 0.475895
vn 0.844215 0.247335 0.475528
vn 0.888899 0.147251 0.433792
vn 0.822731 0.255968 0.507537
vn 0.950164 0.002798 0.311737
vn 0.876598 0.095702 0.471611
vn 0.913380 0.035114 0.405591
vn 0.760859 0.478887 0.437906
vn 0.852950 0.324465 0.408901
vn 0.803273 0.282321 0.524449
vn -0.704622 0.036150 -0.708662
vn -0.673816 0.039872 -0.737823
vn -0.876841 -0.135055 -0.461422
vn -0.220420 -0.973447 0.061769
vn -0.639625 -0.768482 -0.017748
vn -0.319958 0.063272 -0.945317
vn -0.733107 0.038739 -0.679009
vn -0.639523 0.077532 -0.764853
vn -0.601601 0.143581 -0.785787
vn 0.487800 -0.593803 -0.639882
vn 0.446409 -0.722037 -0.528566
vn 0.355804 -0.824687 -0.439654
vn -0.993973 0.085147 0.069043
vn -0.956318 -0.257475 0.138431
vn -0.972957 -0.228380 0.034590
vn -0.994865 -0.099752 0.017113
vn -0.871078 0.147479 0.468479
vn -0.916022 -0.070837 0.394824
vn -0.942969 0.133585 0.304902
vn -0.994489 -0.020888 0.102738
vn -0.979967 -0.018577 0.198291
vn -0.946310 -0.062580 0.317147
vn -0.961706 -0.051315 0.269238
vn -0.985888 -0.152214 0.069690
vn -0.981985 0.012633 -0.188536
vn -0.813893 0.563887 0.140035
vn -0.915775 0.389267 0.099131
vn -0.964237 -0.063510 0.257319
vn -0.974081 -0.049163 0.220793
vn -0.992757 -0.039267 0.113542
vn -0.911138 0.401435 -0.093150
vn -0.896608 0.229379 -0.378786
vn -0.838712 0.074670 -0.539431
vn -0.814855 0.084400 -0.573487
vn -0.870138 0.009811 -0.492711
vn -0.887152 -0.005374 -0.461447
vn -0.630768 -0.052860 -0.774169
vn -0.591860 -0.056240 -0.804077
vn -0.663572 -0.078342 -0.743999
vn -0.979198 -0.012451 -0.202527
vn -0.985122 -0.067178 0.158185
vn -0.808879 -0.291835 -0.510438
vn -0.855837 -0.313064 -0.411747
vn -0.801751 -0.228674 -0.552180
vn -0.893143 -0.426790 0.141935
vn -0.883748 -0.460688 -0.082203
vn -0.798392 -0.596649 0.081117
vn 0.412942 0.078843 0.907338
vn 0.067949 0.023932 0.997402
vn 0.152807 0.024806 0.987945
vn -0.042286 0.051255 0.997790
vn 0.317086 0.885178 0.340464
vn 0.494867 0.841693 0.216009
vn 0.347121 0.877597 0.330653
vn -0.662410 0.080836 -0.744767
vn -0.666620 0.095534 -0.739251
vn -0.678825 0.054625 -0.732266
vn -0.658387 -0.024760 -0.752272
vn 0.968381 0.236493 -0.079436
vn 0.990208 0.138017 -0.020970
vn 0.928607 0.369205 0.037110
vn 0.707596 0.702989 0.071508
vn 0.675397 0.713287 0.187243
vn -0.687934 0.011242 0.725687
vn -0.637423 0.098079 0.764246
vn -0.599268 0.118650 0.791707
vn -0.123829 0.051362 0.990973
vn -0.473053 0.182264 0.861975
vn -0.264646 0.059245 0.962524
vn 0.320389 0.934963 0.152298
vn 0.342339 0.932212 0.117413
vn 0.354702 0.931590 0.079537
vn 0.299579 0.882850 0.361702
vn 0.193301 0.874987 0.443884
vn 0.269960 0.857231 0.438493
vn -0.006326 0.019813 -0.999784
vn -0.627417 0.177377 -0.758212
vn -0.534296 0.071110 -0.842301
vn 0.392269 0.881551 0.262666
vn 0.441553 0.876478 0.191876
vn 0.350018 0.926909 0.135376
vn -0.718154 0.637063 -0.280011
vn -0.720976 0.334664 -0.606790
vn -0.517054 0.737350 -0.434706
vn -0.931814 0.215063 -0.292353
vn -0.938608 0.183738 -0.291984
vn -0.958520 -0.054241 -0.279816
vn -0.945679 -0.071183 -0.317212
vn -0.980481 -0.028870 -0.194484
vn -0.995642 -0.046183 0.081017
vn -0.994919 0.085493 0.053177
vn -0.946214 -0.268626 0.180333
vn -0.960497 0.077593 0.267254
vn -0.896596 0.080759 0.435424
vn -0.908871 -0.197899 0.367136
vn -0.407712 -0.084436 0.909198
vn -0.950728 0.015928 -0.309616
vn -0.858704 0.279898 0.429283
vn -0.907496 0.224974 0.354736
vn -0.374971 -0.103136 -0.921282
vn -0.468531 0.056653 -0.881629
vn 0.042694 0.045955 -0.998031
vn -0.267956 0.305731 -0.913634
vn -0.761703 0.366325 0.534430
vn -0.841444 -0.151126 0.518781
vn -0.909015 -0.110657 0.401803
vn -0.885125 0.010199 0.465242
vn -0.832623 -0.524340 -0.178344
vn -0.986054 0.156278 0.057225
vn -0.978978 0.182811 0.090452
vn -0.591960 0.145977 0.792638
vn -0.522382 0.109728 0.845622
vn -0.387483 0.306791 0.869331
vn -0.430237 0.311665 0.847208
vn -0.668148 0.740782 -0.069427
vn -0.656846 0.752316 -0.050730
vn -0.714152 0.698077 0.051718
vn -0.023172 -0.985698 -0.166924
vn 0.064230 -0.974687 -0.214147
vn 0.798392 -0.527499 -0.290370
vn 0.715925 -0.655924 -0.239196
vn 0.919272 -0.315017 -0.236016
vn -0.930690 -0.140335 -0.337819
vn -0.757428 -0.083041 -0.647617
vn -0.584478 -0.100873 -0.805115
vn -0.744404 -0.263292 -0.613628
vn -0.687134 -0.075932 -0.722552
vn -0.874721 0.120138 -0.469500
vn -0.860608 0.260570 -0.437558
vn -0.818195 0.082728 -0.568958
vn 0.092466 0.898750 0.428600
vn 0.110322 0.874693 0.471956
vn -0.689557 0.558230 0.461401
vn 0.043893 0.998862 -0.018639
vn -0.099908 0.993968 -0.045237
vn 0.080877 0.996437 -0.023931
vn -0.610459 0.704252 0.362449
vn -0.656831 0.612046 0.440424
vn -0.402981 0.007713 -0.915176
vn -0.564754 0.028713 -0.824760
vn -0.580506 0.245884 -0.776244
vn -0.289479 0.090143 -0.952930
vn -0.163952 0.063071 -0.984450
vn -0.103070 0.893470 0.437137
vn -0.039713 0.945467 0.323287
vn -0.053924 0.697375 0.714675
vn -0.021604 0.684730 0.728476
vn -0.042339 0.827707 0.559561
vn -0.801150 0.478730 0.359133
vn -0.729253 0.579308 0.364132
vn -0.894418 0.097964 0.436370
vn -0.899486 0.167346 0.403634
vn -0.063045 -0.022647 0.997754
vn -0.155193 -0.041354 0.987018
vn 0.039407 -0.002710 0.999220
vn -0.307552 -0.075630 0.948521
vn 0.055852 0.622867 0.780331
vn -0.178824 0.692544 0.698860
vn -0.361520 0.598963 0.714525
vn -0.323924 0.571970 0.753607
vn -0.339265 0.035568 0.940018
vn -0.627112 0.045249 0.777614
vn -0.627206 0.047322 0.777415
vn -0.737387 0.067728 0.672066
vn -0.304970 0.792585 0.528018
vn -0.370082 0.728444 0.576549
vn -0.451687 0.587345 0.671568
vn -0.259687 0.452768 0.852974
vn -0.274391 0.472950 0.837274
vn -0.270216 0.404229 0.873832
vn -0.412080 0.113440 0.904059
vn -0.382500 0.266097 0.884808
vn -0.371898 0.108070 0.921962
vn -0.608338 0.044771 0.792415
vn 0.167947 0.837774 -0.519547
vn 0.170804 0.941056 -0.291957
vn 0.027137 0.984708 -0.172084
vn 0.098262 0.995060 -0.014126
vn -0.010022 0.999919 0.007827
vn 0.010347 0.999916 0.007779
vn -0.020595 0.999713 -0.012274
vn -0.027397 0.998912 0.037735
vn -0.154748 0.923595 0.350749
vn 0.123110 0.992264 0.016024
vn 0.059448 0.988919 0.136030
vn 0.283212 0.954376 -0.094650
vn 0.723943 0.664237 -0.186266
vn 0.440689 0.893513 0.086187
vn 0.653342 0.696211 -0.297379
vn -0.307642 0.367811 0.877537
vn -0.220081 0.491405 0.842666
vn -0.310423 0.320464 0.894953
vn -0.283139 0.315424 0.905726
vn -0.301748 0.329145 0.894769
vn 0.724636 0.177449 0.665893
vn 0.670684 0.142503 0.727926
vn 0.825449 0.103190 -0.554964
vn 0.753747 0.019264 -0.656882
vn 0.949486 -0.061269 -0.307770
vn 0.918201 -0.067116 -0.390387
vn 0.916171 -0.054814 -0.397021
vn 0.940467 0.036466 -0.337923
vn 0.968022 0.041010 -0.247492
vn 0.998013 -0.051505 0.036303
vn 0.999370 -0.034995 -0.005887
vn 0.996066 -0.070781 -0.053314
vn 0.948207 -0.035791 -0.315631
vn 0.982147 -0.067409 -0.175624
vn 0.730534 0.056207 -0.680559
vn 0.870206 0.098888 -0.482663
vn 0.865306 0.113227 -0.488289
vn 0.940140 -0.162258 -0.299682
vn 0.989746 -0.058675 -0.130229
vn 0.973838 -0.114116 -0.196510
vn 0.977033 0.000592 -0.213087
vn 0.943485 -0.003597 -0.331396
vn 0.994378 -0.049195 -0.093770
vn 0.986403 0.069919 -0.148729
vn 0.967847 0.059667 -0.244362
vn 0.948081 -0.074030 0.309294
vn 0.808777 0.201006 0.552699
vn 0.656371 0.444117 0.609867
vn 0.818578 0.243204 0.520368
vn 0.868345 0.402267 0.290099
vn 0.853195 0.412785 0.318854
vn 0.929713 0.287231 0.230506
vn 0.920716 0.296155 0.254116
vn 0.927840 0.299233 0.222648
vn 0.795244 -0.227661 0.561924
vn 0.621882 -0.120838 0.773732
vn 0.226043 -0.461023 0.858116
vn 0.273467 -0.345590 0.897654
vn 0.089463 -0.591557 0.801284
vn 0.666856 0.301208 0.681599
vn 0.645112 0.288982 0.707333
vn 0.667827 0.274606 0.691808
vn 0.988607 0.119001 0.092164
vn 0.976717 0.086231 0.196440
vn 0.998264 -0.028644 0.051462
vn 0.916600 -0.394372 -0.065690
vn 0.882697 -0.465406 -0.065138
vn 0.927894 -0.372258 0.020918
vn 0.952298 0.266055 -0.149475
vn 0.522103 -0.118463 -0.844616
vn 0.665306 -0.111632 -0.738178
vn 0.676071 -0.119464 -0.727087
vn 0.735829 -0.535474 0.414515
vn 0.736546 -0.642361 0.211829
vn 0.941878 0.071138 0.328337
vn 0.956843 -0.030798 0.288969
vn 0.879019 -0.297002 0.372981
vn 0.868546 -0.361924 0.338584
vn 0.920772 -0.314122 0.231314
vn 0.884768 0.153071 0.440175
vn 0.966821 0.035941 0.252913
vn 0.901563 0.093884 0.422339
vn 0.853617 0.034142 -0.519781
vn 0.856023 0.030020 -0.516066
vn 0.979396 0.085077 -0.183155
vn 0.707931 0.238427 0.664821
vn 0.735644 0.289009 0.612618
vn 0.695621 0.284720 0.659579
vn 0.717339 -0.159097 0.678316
vn 0.986090 0.126735 0.107536
vn 0.922550 0.366128 0.121868
vn 0.919523 0.363097 0.150458
vn 0.437660 -0.844757 -0.307960
vn 0.492151 -0.819637 -0.293227
vn 0.666598 -0.680853 -0.303456
vn -0.632031 -0.051344 -0.773241
vn -0.644675 0.008024 -0.764415
vn 0.441591 -0.124042 -0.888601
vn 0.670612 -0.162810 -0.723721
vn 0.637610 -0.248058 -0.729329
vn -0.610140 -0.771279 -0.181269
vn -0.504259 -0.862788 -0.036328
vn -0.325917 -0.889598 0.319989
vn -0.632658 0.317753 -0.706242
vn -0.521958 0.277548 -0.806553
vn -0.759448 -0.006817 -0.650533
vn -0.813980 -0.007199 -0.580848
vn -0.296555 0.062597 0.952962
vn -0.334363 0.118976 0.934905
vn -0.782179 -0.022614 0.622644
vn -0.891811 -0.014956 0.452160
vn -0.674714 0.039543 0.737020
vn -0.383051 -0.095591 0.918768
vn -0.276438 0.394217 0.876456
vn -0.301357 0.113511 0.946731
vn -0.315937 0.160625 0.935085
vn -0.436477 -0.134275 0.889639
vn -0.435065 -0.140046 0.889441
vn -0.784992 -0.096977 0.611869
vn -0.730985 -0.188833 0.655746
vn -0.866845 -0.249696 0.431545
vn -0.390086 0.076847 0.917566
vn -0.406733 0.017812 0.913373
vn -0.791601 0.012772 0.610905
vn -0.814955 0.022719 0.579078
vn -0.790037 0.065043 0.609599
vn -0.311883 0.872263 -0.376678
vn -0.091945 0.764336 -0.638229
vn -0.116327 -0.030247 -0.992750
vn -0.094391 -0.044054 -0.994560
vn -0.210438 -0.025714 -0.977269
vn -0.056901 0.178223 -0.982344
vn -0.226032 0.144311 -0.963371
vn -0.273494 0.188940 -0.943134
vn -0.571868 0.443311 -0.690248
vn -0.476972 0.664144 -0.575682
vn -0.616417 0.228122 -0.753652
vn -0.462763 0.183970 -0.867182
vn -0.636641 0.164549 -0.753400
vn -0.605007 0.093890 -0.790665
vn -0.450818 0.001707 -0.892614
vn -0.644712 0.014443 -0.764289
vn -0.642462 -0.010118 -0.766251
vn -0.523240 0.108542 -0.845245
vn -0.516291 0.182451 -0.836753
vn -0.366982 0.330913 -0.869380
vn -0.437019 0.194476 -0.878176
vn -0.679450 0.031404 -0.733050
vn -0.665790 0.187951 -0.722079
vn -0.067400 0.472856 -0.878558
vn -0.205987 0.453470 -0.867141
vn -0.197588 0.125731 -0.972188
vn -0.653187 0.002830 -0.757191
vn -0.582420 0.032720 -0.812229
vn -0.450888 0.012590 -0.892492
vn -0.175629 0.012373 -0.984379
vn -0.109158 0.015978 -0.993896
vn -0.016351 0.026300 -0.999520
vn 0.056599 -0.823390 0.564646
vn 0.275267 -0.730528 0.624946
vn 0.297081 -0.789915 0.536449
vn 0.331424 -0.708746 0.622766
vn 0.899104 0.240911 -0.365479
vn 0.939466 0.295718 -0.173073
vn 0.951227 0.274787 -0.140211
vn 0.941111 -0.289622 -0.174439
vn 0.839859 -0.469427 -0.272533
vn -0.965637 0.249641 -0.072275
vn -0.996651 0.080874 0.012126
vn -0.921716 0.014799 -0.387582
vn 0.171131 -0.399546 -0.900598
vn 0.137796 -0.358567 -0.923278
vn 0.643542 -0.453708 -0.616444
vn 0.743029 -0.293040 -0.601694
vn -0.597546 0.219477 0.771212
vn -0.651180 0.412106 0.637286
vn -0.874558 0.015150 0.484684
vn -0.138112 0.935373 -0.325581
vn 0.830934 -0.548409 -0.093788
vn 0.850128 -0.525876 0.027140
vn 0.918139 -0.390905 -0.064926
vn 0.710515 -0.674850 -0.199364
vn 0.738084 -0.674054 -0.029708
vn 0.722535 -0.665987 -0.185484
vn 0.417475 -0.140646 0.897738
vn -0.424680 0.006314 0.905322
vn 0.871871 0.091382 -0.481135
vn 0.896087 0.196156 -0.398185
vn 0.892410 0.159313 -0.422165
vn 0.908825 0.230902 0.347449
vn 0.914481 0.177159 0.363785
vn 0.965344 0.178347 0.190537
vn 0.299022 -0.136749 -0.944397
vn 0.246557 -0.089497 -0.964987
vn -0.258291 -0.278422 -0.925077
vn -0.316392 -0.396673 -0.861711
vn -0.208082 -0.479745 -0.852377
vn -0.071890 -0.991050 -0.112476
vn 0.004506 -0.998326 0.057669
vn -0.047297 -0.998477 -0.028422
vn 0.358705 -0.873440 0.329294
vn 0.371047 -0.878460 0.301051
vn 0.361230 -0.883313 0.298784
vn 0.022365 -0.900203 0.434896
vn 0.020765 -0.957017 0.289287
vn 0.053519 -0.929471 0.364992
vn -0.049202 -0.973783 0.222093
vn 0.933660 0.019126 0.357649
vn 0.943671 0.049690 0.327134
vn 0.935938 0.084718 0.341822
vn 0.270664 -0.770634 -0.576945
vn 0.429345 -0.710543 -0.557487
vn 0.375436 -0.761680 -0.528101
vn 0.813239 -0.467096 -0.347077
vn 0.882342 -0.358586 -0.304775
vn 0.844807 -0.483113 -0.230007
vn 0.349482 -0.921526 0.169270
vn 0.610194 -0.697956 -0.374861
vn 0.893151 0.020868 -0.449273
vn 0.902366 -0.006127 -0.430927
vn 0.706769 -0.099903 -0.700355
vn 0.718447 -0.108526 -0.687063
vn 0.727904 -0.053432 -0.683595
vn -0.047721 0.259047 0.964685
vn -0.121978 0.256362 0.958854
vn -0.015081 0.206082 0.978418
vn 0.224753 0.344480 0.911493
vn 0.378750 0.225336 0.897648
vn 0.145344 0.280806 0.948695
vn 0.560289 -0.398173 0.726315
vn 0.675437 -0.315800 0.666374
vn 0.609818 -0.295830 0.735260
vn 0.633463 -0.607782 0.478879
vn 0.563941 -0.682262 0.465284
vn 0.631416 -0.677405 0.377406
vn 0.341983 -0.288703 0.894258
vn 0.234950 -0.311066 0.920889
vn 0.084804 0.145933 0.985653
vn 0.210116 0.159034 0.964655
vn 0.189356 0.218787 0.957223
vn 0.852284 0.007504 -0.523026
vn 0.899355 0.083948 -0.429084
vn 0.906809 -0.009805 -0.421427
vn 0.979344 0.088749 0.181684
vn 0.919249 0.147384 0.365048
vn 0.910296 0.035939 0.412395
vn 0.548150 0.066246 0.833752
vn 0.749681 0.008913 0.661740
vn 0.693851 0.001615 0.720116
vn 0.381022 0.422605 0.822330
vn 0.323788 0.474929 0.818293
vn 0.295994 0.353123 0.887520
vn 0.690393 0.030230 0.722802
vn 0.460726 -0.009106 0.887496
vn 0.647561 -0.002987 0.762008
vn 0.892259 -0.003250 -0.451512
vn 0.902093 0.132165 -0.410805
vn 0.889715 -0.027505 -0.455686
vn 0.729324 -0.173066 -0.661917
vn 0.697757 -0.157159 -0.698882
vn -0.586704 -0.337985 -0.735897
vn -0.682653 -0.113735 -0.721838
vn -0.625250 -0.186570 -0.757796
vn -0.335563 -0.126482 -0.933488
vn 0.553883 -0.571594 -0.605387
vn 0.437356 -0.645523 -0.626115
vn 0.341855 -0.856662 -0.386349
vn 0.412907 -0.798363 -0.438320
vn 0.225445 -0.861696 -0.454592
vn 0.746253 0.130494 0.652746
vn 0.851838 0.180233 0.491821
vn 0.797322 0.198413 0.570009
vn 0.725225 -0.205772 0.657044
vn 0.753656 -0.025845 0.656761
vn 0.662540 -0.180545 0.726942
vn 0.588778 0.041361 0.807236
vn 0.651428 0.059769 0.756352
vn 0.740562 0.104744 0.663774
vn 0.716565 0.086280 0.692163
vn 0.758979 0.165355 0.629769
vn 0.432087 0.364916 0.824704
vn 0.871291 0.134825 0.471884
vn 0.962138 -0.087367 0.258179
vn 0.953819 -0.031824 0.298692
vn 0.834670 0.186431 0.518237
vn 0.979749 0.068430 -0.188172
vn 0.968632 0.091708 -0.230959
vn 0.955460 0.095099 -0.279379
vn 0.927470 -0.018271 -0.373452
vn 0.645937 0.243843 0.723399
vn 0.728613 0.167063 0.664238
vn 0.730263 0.226544 0.644511
vn 0.573337 0.103359 0.812774
vn 0.432338 0.133335 0.891799
vn -0.946717 -0.258121 0.192613
vn -0.894410 -0.407698 0.183883
vn -0.896965 -0.431108 -0.097979
vn -0.932886 -0.330488 -0.143179
vn 0.967672 0.174302 0.182289
vn 0.967673 0.194565 0.160480
vn 0.985222 0.110311 0.131031
vn 0.889496 0.333806 0.312043
vn 0.823524 0.434659 0.364527
vn 0.861742 0.430021 0.269225
vn -0.974792 0.110416 -0.193876
vn -0.986565 0.109313 -0.121410
vn -0.993411 0.032672 -0.109848
vn -0.922446 0.325564 -0.207608
vn -0.069502 -0.989048 -0.130203
vn 0.117476 -0.992812 0.022887
vn 0.138613 -0.989102 0.049641
vn 0.143840 -0.986822 0.074113
vn 0.273980 -0.949957 0.150057
vn 0.707560 0.168098 -0.686369
vn 0.709666 0.123858 -0.693565
vn 0.704671 0.234552 -0.669645
vn 0.416567 0.031906 -0.908545
vn 0.418886 0.056066 -0.906306
vn 0.665724 -0.067840 -0.743108
vn 0.623262 0.336308 -0.706004
vn 0.429931 0.383663 -0.817289
vn 0.581075 0.329913 -0.743982
vn 0.810707 0.198963 0.550607
vn 0.935038 0.220490 0.277648
vn 0.914401 0.205016 0.349054
vn 0.899193 0.230359 -0.372004
vn 0.839446 0.283331 -0.463738
vn 0.776261 0.281300 -0.564171
vn 0.794058 0.253414 -0.552497
vn 0.840302 0.348679 0.415109
vn 0.915963 0.048279 0.398348
vn 0.913397 0.068305 0.401298
vn 0.976916 -0.083024 0.196832
vn -0.291846 -0.870623 -0.396031
vn -0.242954 -0.894444 -0.375423
vn 0.000754 -0.999591 -0.028578
vn 0.160876 -0.985161 0.059802
vn 0.912317 -0.086997 0.400138
vn 0.952045 -0.007980 0.305854
vn 0.667828 -0.080252 0.739976
vn -0.882440 0.175387 0.436509
vn -0.972932 0.004693 0.231045
vn 0.858136 0.178690 -0.481324
vn 0.889011 0.124235 -0.440710
vn 0.739785 0.121064 -0.661862
vn 0.679043 0.246613 -0.691435
vn 0.651356 0.124844 -0.748431
vn 0.185283 0.206922 -0.960653
vn -0.211931 0.207310 -0.955043
vn -0.326153 -0.857156 -0.398634
vn -0.380407 -0.248475 -0.890814
vn 0.809304 -0.421459 -0.409145
vn 0.841575 -0.322784 -0.433085
vn 0.781129 0.103445 0.615741
vn 0.771538 0.168958 0.613337
vn -0.678497 -0.733788 0.034594
vn -0.653231 -0.757109 0.008629
vn -0.502567 -0.863312 0.046029
vn -0.442727 -0.892859 0.082437
vn 0.997763 0.041951 -0.052050
vn 0.974219 -0.021115 -0.224614
vn 0.779815 0.025372 0.625496
vn 0.922070 -0.140215 0.360730
vn 0.840222 -0.018376 0.541931
vn 0.797375 0.142907 0.586320
vn 0.784888 -0.164118 0.597508
vn -0.290437 -0.124709 0.948733
vn -0.842163 -0.516855 0.153696
vn -0.865743 -0.500480 -0.002869
vn -0.763328 -0.645188 0.032601
vn -0.943587 -0.177419 0.279582
vn -0.904616 -0.207796 0.372143
vn -0.899700 -0.102637 0.424270
vn 0.816047 -0.232190 0.529297
vn 0.387470 0.129215 0.912782
vn 0.410277 0.138553 0.901375
vn 0.427948 -0.035903 0.903090
vn 0.049356 -0.583055 0.810932
vn 0.023010 -0.580111 0.814213
vn 0.115394 -0.721413 0.682823
vn 0.406001 -0.709418 0.576098
vn 0.454787 -0.688152 0.565345
vn 0.823157 0.228971 -0.519601
vn 0.818141 0.161845 -0.551771
vn 0.875219 0.316594 -0.365731
vn 0.638696 -0.405367 -0.654022
vn 0.677572 -0.403327 -0.614999
vn 0.720298 0.213419 -0.660018
vn 0.698064 0.177413 -0.693708
vn 0.785205 0.210422 -0.582388
vn 0.878318 -0.131255 -0.459706
vn 0.689361 -0.120745 -0.714285
vn 0.579184 -0.191256 -0.792444
vn 0.592238 -0.064078 -0.803211
vn 0.522776 0.362975 0.771333
vn 0.545410 0.295994 0.784165
vn 0.560707 0.250923 0.789079
vn 0.542425 0.268703 0.795973
vn 0.589395 0.236808 0.772357
vn -0.106603 -0.335900 0.935845
vn -0.153207 -0.312804 0.937380
vn -0.129106 -0.491345 0.861343
vn -0.112992 -0.670074 0.733644
vn -0.227117 -0.950313 0.212891
vn -0.146650 -0.985178 0.088982
vn -0.211108 -0.959980 0.184045
vn -0.403481 -0.619675 0.673205
vn -0.462516 -0.605637 0.647521
vn -0.381361 -0.745538 0.546569
vn -0.831454 -0.276199 -0.482077
vn -0.770443 -0.293485 -0.565937
vn -0.307041 0.901906 -0.303796
vn -0.884826 -0.031657 -0.464844
vn -0.901656 0.333645 -0.275131
vn 0.150577 0.969293 0.194414
vn 0.327625 0.930295 0.164963
vn 0.232313 0.937670 0.258467
vn 0.042037 -0.073732 -0.996392
vn -0.151821 -0.048816 -0.987202
vn -0.577316 -0.013205 -0.816414
vn -0.404151 0.045337 -0.913568
vn -0.512521 -0.063139 -0.856350
vn 0.657808 -0.693125 -0.294732
vn 0.613034 -0.738829 -0.279858
vn 0.453529 -0.881968 -0.128231
vn 0.328937 -0.941148 -0.077719
vn 0.376692 -0.924803 -0.053324
vn -0.540285 0.018189 -0.841285
vn -0.622929 -0.028785 -0.781749
vn -0.521901 -0.010034 -0.852947
vn -0.891265 0.035407 -0.452099
vn -0.925010 0.071803 -0.373097
vn -0.367602 -0.239666 0.898570
vn -0.427589 -0.529506 0.732660
vn -0.499905 -0.510984 0.699279
vn 0.706720 0.177233 -0.684934
vn 0.611480 0.204205 -0.764456
vn 0.703627 0.228775 -0.672734
vn 0.718292 0.132719 -0.682966
vn 0.754936 0.206582 -0.622411
vn 0.817724 0.259499 -0.513798
vn -0.018058 0.028741 -0.999424
vn 0.056643 0.045652 -0.997350
vn -0.015664 0.035794 -0.999236
vn 0.151391 -0.171743 -0.973440
vn 0.227663 0.924643 0.305295
vn 0.315527 0.895747 0.313179
vn 0.125698 0.989354 0.073340
vn -0.153187 0.976247 -0.153217
vn -0.518875 -0.045299 0.853649
vn -0.175080 -0.172799 0.969272
vn -0.354785 -0.105131 0.929018
vn -0.290914 -0.218779 0.931399
vn 0.993039 -0.028650 -0.114249
vn 0.986875 -0.134586 -0.089245
vn 0.959207 -0.071793 -0.273438
vn 0.868858 -0.133187 -0.476809
vn 0.882056 -0.095962 -0.461269
vn 0.891026 -0.209276 -0.402835
vn 0.948539 0.147637 0.280137
vn 0.974183 0.139150 0.177778
vn 0.990628 0.125939 -0.052868
vn 0.993907 -0.078701 -0.077165
vn -0.423506 -0.843552 0.330248
vn -0.478606 -0.807231 0.345420
vn -0.232842 -0.954332 0.187177
vn -0.192056 -0.960983 0.199062
vn -0.798806 -0.140737 0.584894
vn -0.754731 0.090247 0.649797
vn -0.932970 -0.129470 0.335864
vn -0.894163 -0.115515 0.432584
vn 0.984964 0.089685 -0.147659
vn 0.969081 0.157930 -0.189579
vn 0.971590 0.161944 -0.172589
vn 0.985309 0.167035 -0.035585
vn -0.273717 -0.248566 -0.929136
vn -0.182196 -0.215375 -0.959384
vn -0.196242 -0.011295 -0.980490
vn -0.177872 0.001801 -0.984052
vn -0.602408 0.039966 -0.797187
vn -0.424015 -0.013315 -0.905557
vn -0.421397 0.266423 0.866859
vn -0.483380 0.258848 0.836266
vn -0.784544 0.264611 0.560778
vn -0.210877 0.052165 -0.976120
vn -0.038766 0.001703 -0.999247
vn -0.502170 -0.003253 -0.864763
vn 0.117268 0.061765 -0.991178
vn 0.301473 0.043536 -0.952480
vn 0.051318 -0.092600 -0.994380
vn 0.099632 -0.130176 -0.986472
vn 0.146784 -0.082736 -0.985703
vn -0.840793 0.238419 -0.486029
vn -0.806384 -0.508306 -0.302275
vn -0.842851 -0.454697 -0.287842
vn -0.983725 0.070872 -0.165116
vn -0.884518 0.457688 -0.090274
vn -0.900531 0.430388 -0.061724
vn 0.997297 0.047400 -0.056147
vn 0.990730 0.035992 0.130993
vn 0.967224 0.017572 -0.253316
vn 0.939349 0.056900 -0.338210
vn 0.939704 -0.054244 -0.337661
vn -0.182329 -0.056179 0.981631
vn -0.316967 -0.113957 0.941566
vn -0.306708 -0.240708 0.920864
vn -0.679967 -0.327342 0.656119
vn -0.825536 -0.368070 0.427803
vn -0.765128 -0.092421 0.637210
vn -0.629894 -0.078700 0.772684
vn -0.777845 0.035327 0.627463
vn -0.617787 -0.213921 0.756688
vn -0.508745 0.079269 0.857260
vn -0.593219 0.069877 0.802003
vn 0.979513 -0.088869 0.180714
vn 0.982924 0.046820 0.177954
vn 0.984399 0.102799 -0.142795
vn 0.825839 0.103470 -0.554332
vn -0.277683 0.297752 -0.913365
vn -0.060914 0.286036 -0.956281
vn -0.122273 -0.041162 -0.991643
vn 0.457473 -0.144404 0.877420
vn -0.042961 -0.111256 0.992863
vn -0.228828 -0.097704 0.968551
vn 0.174161 -0.122953 0.977011
vn 0.878398 -0.028474 0.477080
vn 0.848186 -0.120977 0.515699
vn 0.862295 -0.133261 0.488557
vn 0.513158 0.128254 0.848658
vn 0.252728 0.194703 0.947744
vn 0.324290 0.095263 0.941149
vn 0.030503 0.855303 -0.517230
vn -0.022991 0.176900 -0.983960
vn 0.056591 0.195981 -0.978973
vn 0.049554 0.197022 -0.979146
vn -0.973944 -0.052733 -0.220572
vn -0.949162 -0.058744 -0.309259
vn -0.927979 -0.308170 -0.209493
vn -0.926424 -0.163879 -0.338943
vn -0.999693 0.020466 0.013991
vn -0.993570 0.031782 -0.108663
vn -0.998455 -0.001942 -0.055531
vn -0.968803 0.157054 0.191717
vn -0.980805 0.153301 0.120498
vn -0.953869 0.266787 0.137694
vn -0.882710 0.019837 -0.469499
vn -0.880518 -0.016806 -0.473714
vn -0.912193 0.005953 -0.409717
vn -0.937900 -0.117373 -0.326447
vn -0.940912 -0.083226 -0.328267
vn -0.971335 -0.029178 -0.235918
vn 0.886490 -0.078634 -0.456019
vn 0.785798 -0.284851 -0.548982
vn 0.285755 -0.790020 0.542414
vn 0.537267 -0.574712 0.617293
vn 0.896324 0.254711 0.362939
vn 0.960111 0.273584 -0.057785
vn 0.981410 0.171723 -0.085705
vn 0.900984 0.371330 0.224372
vn 0.918241 0.345145 0.194187
vn 0.915620 0.373611 0.148507
vn -0.985071 0.097577 0.141825
vn -0.945152 -0.045071 -0.323506
vn 0.722212 0.654272 0.224362
vn 0.768660 0.609103 0.195335
vn 0.501226 0.827047 0.254489
vn 0.510118 0.845269 0.159059
vn 0.860973 0.230437 -0.453458
vn 0.811838 0.170950 -0.558296
vn 0.890679 0.172256 -0.420736
vn 0.872849 0.169525 -0.457599
vn -0.956644 -0.035053 -0.289142
vn -0.908627 -0.167788 -0.382418
vn -0.972260 -0.129827 -0.194564
vn -0.851761 -0.193659 -0.486825
vn -0.816288 -0.194706 -0.543841
vn 0.837724 -0.024092 -0.545562
vn 0.869265 0.037129 -0.492951
vn 0.784720 -0.035404 -0.618838
vn 0.378009 0.025168 -0.925460
vn 0.404628 0.085054 -0.910518
vn 0.440825 0.080357 -0.893989
vn 0.466639 -0.515075 0.718990
vn 0.423236 -0.637981 0.643313
vn 0.358769 -0.893735 0.269301
vn 0.903370 -0.153867 -0.400310
vn 0.921144 -0.138552 -0.363725
vn 0.836898 0.085687 -0.540610
vn 0.892493 0.115640 -0.435985
vn 0.974151 -0.048365 -0.220661
vn 0.967140 0.022648 -0.253235
vn -0.997758 0.066888 -0.002107
vn -0.995579 0.093693 -0.006666
vn -0.992869 0.118914 -0.008435
vn -0.528959 -0.079374 0.844927
vn -0.764701 -0.030645 0.643656
vn -0.697134 0.019507 0.716675
vn -0.206100 -0.002506 0.978528
vn -0.264886 0.005696 0.964263
vn 0.789700 0.467238 -0.397571
vn 0.827864 0.388521 -0.404590
vn 0.781822 0.229500 -0.579728
vn 0.843663 0.091338 -0.529046
vn -0.947724 0.157914 0.277277
vn -0.913270 0.264252 0.310015
vn -0.982120 0.034401 0.185087
vn -0.987483 -0.060531 0.145652
vn 0.932513 -0.355316 0.064580
vn 0.852483 -0.454016 -0.259118
vn 0.915539 -0.257917 -0.308654
vn -0.505422 -0.020472 -0.862630
vn -0.178600 -0.052163 -0.982538
vn 0.972625 -0.122010 0.197772
vn 0.999412 -0.027460 -0.020541
vn 0.982017 -0.067585 -0.176281
vn 0.999636 -0.018338 -0.019790
vn -0.017625 0.990798 0.134199
vn 0.041158 0.982548 0.181400
vn -0.067741 0.996752 0.043543
vn 0.011587 0.996674 0.080662
vn -0.074898 0.997171 0.006313
vn -0.058392 0.998157 0.016534
vn -0.794301 -0.106727 -0.598076
vn -0.549529 0.014757 -0.835344
vn -0.658733 0.019890 -0.752114
vn -0.856378 0.490317 -0.161881
vn -0.924078 0.278535 -0.261723
vn -0.909721 0.233569 -0.343299
vn -0.985095 0.159225 0.065081
vn 0.970083 -0.026047 -0.241372
vn -0.380205 0.672297 -0.635186
vn -0.493214 0.359849 -0.791991
vn -0.178745 0.908677 -0.377302
vn -0.233581 -0.093020 -0.967878
vn -0.331587 -0.140134 -0.932959
vn -0.912543 -0.017362 -0.408613
vn -0.815084 -0.176810 -0.551703
vn 0.719207 0.001448 -0.694795
vn 0.770322 0.017592 -0.637412
vn 0.745315 0.045297 -0.665172
vn -0.685997 -0.617986 -0.384060
vn -0.414680 -0.601968 -0.682404
vn -0.342146 -0.770340 -0.538064
vn -0.362080 -0.725484 -0.585296
vn 0.867323 0.098087 -0.487985
vn 0.874748 0.090373 -0.476076
vn 0.703931 0.049830 -0.708519
vn 0.635257 0.053553 -0.770442
vn -0.179193 -0.703758 0.687470
vn -0.088153 -0.825418 0.557597
vn -0.353478 -0.381544 0.854095
vn -0.300260 -0.360297 0.883193
vn 0.607323 -0.260214 0.750632
vn 0.633427 -0.292579 0.716357
vn 0.462969 -0.281996 0.840320
vn 0.054550 -0.174300 0.983180
vn -0.058937 -0.271696 0.960577
vn 0.045620 -0.269931 0.961798
vn 0.270628 0.209340 -0.939647
vn 0.279600 0.108518 -0.953964
vn 0.757578 -0.025693 -0.652239
vn 0.713817 -0.046477 -0.698788
vn 0.690144 -0.097813 -0.717031
vn -0.286698 0.009366 -0.957975
vn 0.023975 -0.008025 -0.999680
vn -0.232089 -0.052067 -0.971300
vn -0.748743 -0.068616 -0.659299
vn -0.604710 -0.040065 -0.795437
vn -0.913249 -0.131007 -0.385764
vn -0.862756 -0.038173 -0.504177
vn -0.890650 0.004177 -0.454670
vn -0.918264 0.323885 -0.227796
vn -0.934863 0.257852 -0.244017
vn -0.917273 0.221523 -0.330964
vn 0.829416 -0.428103 -0.358882
vn 0.787314 -0.532296 -0.311125
vn 0.611936 -0.723324 -0.319900
vn 0.683797 -0.637759 -0.354521
vn -0.187999 -0.131347 0.973347
vn -0.279286 -0.141080 0.949787
vn -0.157583 -0.151542 0.975809
vn -0.288475 0.098478 0.952410
vn -0.423291 0.068307 0.903415
vn -0.315595 -0.110675 0.942417
vn -0.329709 -0.234558 0.914481
vn -0.279948 -0.417159 0.864643
vn -0.301444 -0.535575 0.788854
vn -0.216495 -0.558996 0.800408
vn -0.540389 -0.329462 0.774232
vn -0.375525 -0.432200 0.819869
vn -0.427173 -0.387940 0.816717
vn -0.475985 -0.879381 0.011262
vn -0.419719 -0.907378 0.022406
vn -0.407301 -0.912585 0.035978
vn -0.270412 -0.962381 0.026470
vn -0.211860 -0.976471 0.040242
vn -0.585420 -0.807153 0.076081
vn -0.571431 -0.808457 0.140938
vn -0.525658 -0.843863 0.107610
vn -0.632711 -0.770536 0.077143
vn 0.902756 0.011693 -0.429994
vn 0.901907 -0.074015 -0.425542
vn 0.901969 0.106659 -0.418420
vn 0.266230 0.897546 0.351472
vn -0.433487 -0.767997 -0.471454
vn -0.424118 -0.725323 -0.542246
vn -0.406356 -0.761029 -0.505678
vn -0.307372 -0.895479 -0.321930
vn -0.298897 -0.899188 -0.319565
vn -0.673196 -0.632086 -0.383764
vn -0.412562 -0.873994 -0.256764
vn -0.509417 -0.758130 -0.407104
vn 0.854437 0.366786 0.367976
vn 0.853123 0.299850 0.426933
vn 0.892922 -0.270047 0.360230
vn 0.830370 -0.337491 0.443379
vn 0.873740 -0.354426 0.333106
vn 0.939714 0.039517 0.339671
vn 0.978349 -0.168006 0.120861
vn -0.076386 -0.414209 0.906971
vn -0.077726 -0.308243 0.948127
vn -0.191532 -0.459661 0.867195
vn 0.250133 -0.648624 0.718832
vn 0.467491 0.820123 0.329926
vn 0.813592 0.529455 0.240301
vn 0.580447 0.698292 0.418892
vn 0.856250 0.476222 0.200122
vn 0.325981 -0.068689 0.942878
vn 0.260998 -0.112377 0.958776
vn -0.175071 -0.098692 0.979597
vn -0.479365 -0.113416 0.870257
vn -0.251186 -0.197727 0.947528
vn 0.669187 0.401352 0.625384
vn 0.694199 0.344021 0.632248
vn 0.634971 0.197037 0.746986
vn 0.750825 -0.144689 0.644458
vn 0.835856 -0.097175 0.540279
vn 0.786141 -0.197195 0.585744
vn 0.648219 0.416072 0.637728
vn 0.890192 0.258064 -0.375448
vn 0.898760 0.219252 -0.379682
vn 0.955947 0.193318 -0.220893
vn 0.927763 0.206329 -0.310939
vn 0.946466 0.206384 -0.248208
vn 0.310472 -0.122160 0.942701
vn 0.240453 -0.116259 0.963673
vn 0.298919 -0.056237 0.952620
vn -0.486640 -0.201159 -0.850128
vn -0.484284 -0.231929 -0.843610
vn -0.485814 -0.324019 -0.811786
vn -0.718628 -0.235489 -0.654308
vn -0.764464 -0.255358 -0.591935
vn -0.134270 0.160150 0.977918
vn -0.299946 0.158466 0.940702
vn -0.315482 0.116583 0.941743
vn -0.473830 0.082184 0.876773
vn -0.410609 0.058911 0.909907
vn -0.455562 0.053489 -0.888596
vn -0.364173 0.035802 -0.930643
vn -0.652020 0.072988 -0.754681
vn -0.592821 0.104595 -0.798513
vn -0.805185 -0.591423 0.043545
vn -0.724508 -0.685754 0.069494
vn -0.692887 -0.715853 0.086386
vn -0.651232 -0.752792 0.095921
vn -0.372832 -0.063798 -0.925703
vn -0.170536 0.007292 -0.985325
vn -0.407041 -0.015797 -0.913273
vn -0.532789 0.025093 -0.845876
vn -0.542358 -0.041704 -0.839112
vn -0.770711 0.017393 0.636948
vn -0.785624 -0.002076 0.618701
vn -0.759768 0.036089 0.649192
vn -0.951611 -0.031161 0.305722
vn -0.933102 -0.050630 0.356031
vn -0.996590 -0.058562 -0.058128
vn 0.320199 0.785556 0.529504
vn 0.158808 0.917989 0.363422
vn 0.149998 0.895742 0.418506
vn 0.040688 0.957569 0.285318
vn 0.115016 0.951263 0.286128
vn 0.985115 0.015901 -0.171161
vn 0.990304 -0.020292 0.137429
vn 0.990402 -0.090585 -0.104392
vn 0.957663 -0.264415 -0.113867
vn 0.975517 -0.214254 0.049624
vn 0.757976 0.110078 -0.642927
vn 0.833875 0.141049 -0.533626
vn 0.972364 0.226511 -0.056586
vn 0.966052 0.254351 0.045267
vn 0.898382 0.400558 0.180176
vn 0.673758 0.683394 0.281110
vn 0.982467 -0.148118 -0.113221
vn 0.960570 0.077679 -0.266968
vn 0.635401 0.125061 -0.761988
vn 0.615245 0.107498 -0.780972
vn 0.834902 0.189967 -0.516576
vn 0.919807 0.185427 -0.345792
vn 0.863422 0.186067 -0.468916
vn -0.998076 -0.042220 0.045404
vn -0.992771 -0.075040 -0.093676
vn -0.998474 0.027958 -0.047621
vn -0.993413 -0.096287 -0.062130
vn 0.823381 0.313330 0.473147
vn 0.677053 0.310179 0.667374
vn 0.001391 0.072178 -0.997391
vn -0.023089 0.092243 -0.995469
vn -0.115645 0.076832 -0.990315
vn 0.391442 0.061858 -0.918121
vn 0.340158 -0.010353 -0.940311
vn 0.265602 -0.018965 0.963896
vn 0.193688 -0.082054 0.977626
vn 0.252551 0.070779 0.964991
vn 0.467001 -0.174790 0.866810
vn 0.428745 -0.130690 0.893923
vn 0.429650 -0.191390 0.882480
vn 0.313251 0.884379 0.346046
vn 0.118691 0.970167 0.211396
vn 0.328304 0.771349 0.545195
vn 0.297375 0.936704 0.184807
vn -0.100954 0.994583 0.024760
vn -0.010690 0.996872 0.078306
vn -0.849151 0.374459 0.372454
vn -0.855554 0.463205 0.231231
vn -0.774521 0.459742 0.434459
vn -0.664524 0.210630 0.716967
vn -0.805972 0.273176 0.525152
vn -0.888443 0.376391 0.262679
vn 0.873740 0.048221 0.483996
vn 0.171128 0.181930 0.968306
vn -0.907522 -0.107573 -0.405995
vn -0.915720 0.339928 -0.214256
vn 0.952779 0.202599 0.226197
vn 0.842062 -0.013073 -0.539223
vn 0.890416 0.004131 -0.455128
vn 0.026960 -0.994515 0.101061
vn 0.036449 -0.989393 0.140618
vn -0.035528 -0.997580 -0.059769
vn 0.095280 -0.934364 0.343345
vn 0.087308 -0.967521 0.237237
vn 0.429702 -0.864317 -0.261366
vn 0.392532 -0.885190 -0.249717
vn 0.183516 -0.915900 -0.357002
vn 0.071981 -0.967198 -0.243612
vn 0.158440 -0.964514 -0.211211
vn -0.929775 0.079510 0.359439
vn -0.857450 0.079011 0.508465
vn -0.745543 0.096097 0.659492
vn -0.532551 0.143013 0.834228
vn -0.492888 0.011525 0.870016
vn -0.762049 0.313565 0.566532
vn -0.691872 0.382795 0.612194
vn -0.806610 0.053607 0.588648
vn -0.582250 -0.268731 0.767313
vn -0.684696 -0.214432 0.696570
vn -0.646219 0.127645 0.752401
vn -0.558774 0.148761 0.815869
vn -0.198026 0.071668 0.977573
vn -0.358073 0.068579 0.931172
vn 0.606669 -0.084842 0.790415
vn 0.580694 0.201901 0.788689
vn 0.658428 0.148974 0.737752
vn 0.498137 0.170266 0.850217
vn 0.234662 0.225324 0.945602
vn 0.127925 0.244683 0.961127
vn -0.495892 -0.826891 -0.265223
vn -0.482639 -0.853034 -0.198472
vn -0.423887 -0.879575 -0.216029
vn -0.198423 -0.973941 -0.109847
vn -0.220860 -0.973041 -0.066425
vn -0.022176 -0.998100 -0.057486
vn 0.019036 -0.997087 -0.073856
vn 0.154441 -0.988000 -0.001868
vn -0.575542 -0.100522 -0.811571
vn -0.759212 -0.049632 -0.648948
vn -0.742398 -0.162680 -0.649908
vn -0.676281 0.075693 -0.732744
vn -0.695069 0.067071 -0.715808
vn -0.599584 -0.311612 -0.737155
vn -0.469576 -0.696916 -0.542039
vn 0.563538 0.280701 0.776938
vn 0.766633 0.245739 0.593200
vn 0.703619 0.303085 0.642698
vn 0.640693 0.141283 0.754686
vn -0.264079 -0.013134 0.964412
vn -0.141503 0.010720 0.989880
vn -0.080064 0.080831 0.993507
vn -0.216752 0.087210 0.972324
vn -0.307672 -0.123502 0.943443
vn -0.369553 0.087482 0.925082
vn -0.263427 0.093689 0.960119
vn -0.747390 0.160470 0.644715
vn -0.529567 0.226941 0.817347
vn -0.557862 0.200813 0.805273
vn -0.776384 0.088792 0.623974
vn -0.782073 0.077571 0.618340
vn -0.794098 0.067967 0.603977
vn -0.898348 -0.355841 -0.257581
vn -0.993760 -0.100516 0.048355
vn -0.992115 -0.025270 0.122759
vn -0.976775 -0.203195 0.067985
vn -0.348942 0.130419 0.928025
vn -0.308420 0.073524 0.948405
vn -0.011016 -0.991580 -0.129028
vn -0.078340 -0.951460 -0.297636
vn 0.377830 -0.193722 0.905382
vn 0.748668 -0.264270 0.607995
vn 0.771342 -0.267523 0.577463
vn 0.837788 -0.235728 0.492488
vn -0.984561 0.135236 -0.111135
vn -0.995712 0.091970 0.010006
vn -0.941800 0.045110 -0.333134
vn -0.900028 0.132300 -0.415265
vn -0.865537 0.065601 -0.496530
vn 0.438439 -0.654330 0.616136
vn 0.354109 -0.814062 0.460338
vn 0.755930 -0.512344 0.407521
vn 0.468499 0.872925 -0.136055
vn 0.082923 0.243089 -0.966453
vn 0.013174 0.837385 -0.546454
vn 0.387770 0.657952 -0.645549
vn 0.677190 -0.735036 0.033707
vn 0.999118 0.032480 -0.026621
vn 0.991291 0.090187 -0.095961
vn 0.990359 0.087503 -0.107389
vn 0.990733 0.074979 -0.113257
vn -0.624222 -0.264915 -0.734961
vn -0.656576 -0.254813 -0.709914
vn -0.595335 -0.404540 -0.694207
vn -0.744558 -0.119206 -0.656828
vn -0.027931 0.893464 0.448265
vn 0.053343 0.913280 0.403823
vn -0.918248 0.359156 0.166818
vn -0.920543 0.272969 0.279443
vn -0.818503 0.233330 0.524985
vn -0.855910 0.029383 0.516290
vn -0.759010 0.036500 0.650055
vn -0.746519 -0.058364 0.662799
vn -0.740031 -0.102528 0.664712
vn 0.467995 0.021088 -0.883480
vn 0.342311 0.181986 -0.921794
vn 0.539174 0.501604 -0.676524
vn 0.877685 0.022943 -0.478689
vn 0.966042 0.059063 -0.251544
vn 0.476198 -0.052895 -0.877746
vn 0.585598 0.029482 -0.810065
vn 0.678568 -0.027105 -0.734038
vn 0.105871 0.084593 -0.990775
vn 0.450612 -0.048110 -0.891423
vn 0.827589 -0.091985 -0.553747
vn 0.808673 0.011868 -0.588139
vn -0.180430 0.030884 -0.983103
vn -0.216472 0.027782 -0.975893
vn -0.314744 0.077381 -0.946017
vn -0.357537 0.047443 -0.932693
vn -0.181519 -0.017927 -0.983224
vn -0.374525 0.016304 -0.927074
vn 0.641715 0.679449 0.355742
vn 0.713563 0.575881 0.398985
vn 0.087691 0.080062 0.992925
vn 0.319678 -0.004105 0.947517
vn 0.505345 -0.077567 0.859424
vn 0.602970 -0.070725 0.794623
vn 0.032632 -0.029661 -0.999027
vn 0.012342 -0.038535 -0.999181
vn -0.052610 0.119861 -0.991396
vn 0.743548 0.325333 0.584205
vn 0.781681 0.248576 0.572001
vn 0.807138 0.269397 0.525312
vn 0.723697 0.176409 -0.667189
vn 0.749288 0.068129 -0.658731
vn 0.777496 0.074777 -0.624427
vn 0.793244 -0.046618 -0.607117
vn 0.751133 -0.086733 -0.654428
vn -0.490195 -0.871128 0.029071
vn -0.592654 -0.800409 0.090037
vn -0.353598 -0.932101 0.078461
vn -0.373350 -0.912736 -0.165901
vn 0.334132 0.040165 -0.941670
vn 0.089321 -0.003241 -0.995998
vn 0.410888 0.037906 -0.910897
vn -0.593077 -0.279151 -0.755205
vn -0.450638 -0.166890 -0.876969
vn -0.300402 -0.111077 -0.947323
vn 0.877423 0.290241 -0.381956
vn 0.866168 0.353135 -0.353621
vn 0.822737 0.363114 -0.437324
vn -0.963771 -0.255029 0.078136
vn -0.912315 -0.401289 0.081538
vn -0.812763 -0.581892 0.028594
vn 0.434989 0.507807 0.743584
vn 0.390674 0.571785 0.721412
vn 0.171263 0.755356 0.632539
vn -0.798000 0.002361 0.602654
vn -0.885647 -0.067213 0.459469
vn -0.781410 -0.198669 0.591547
vn -0.512734 0.009111 -0.858500
vn -0.459525 -0.003008 -0.888160
vn -0.736602 -0.067481 -0.672951
vn -0.641422 -0.029803 -0.766609
vn 0.959324 -0.054513 -0.276995
vn 0.793582 -0.108063 -0.598790
vn 0.998523 -0.020796 0.050193
vn 0.999777 0.017113 -0.012409
vn 0.307161 -0.192077 -0.932072
vn 0.225040 -0.225052 -0.948003
vn 0.272007 -0.154889 -0.949748
vn 0.085699 -0.265887 -0.960187
vn 0.124434 -0.012139 -0.992154
vn -0.000236 0.008500 -0.999964
vn 0.098627 -0.058183 -0.993422
vn -0.062071 0.004443 -0.998062
vn -0.604358 0.378573 0.701023
vn -0.528224 0.457453 0.715343
vn -0.425997 0.566773 0.705192
vn -0.615467 0.240422 0.750598
vn -0.004458 0.920977 0.389591
vn 0.203147 0.892828 0.401983
vn -0.601191 0.661891 0.447738
vn -0.563163 0.687262 0.458823
vn -0.741065 0.586028 0.327710
vn -0.568065 0.247108 0.785009
vn -0.260444 0.171510 -0.950133
vn -0.040681 0.029660 -0.998732
vn -0.006373 0.147794 -0.988998
vn 0.342480 0.016731 -0.939376
vn 0.443271 0.052453 -0.894852
vn 0.336664 0.113527 -0.934756
vn 0.248745 0.210814 0.945348
vn 0.186096 0.142904 0.972084
vn 0.538543 0.244469 0.806354
vn 0.535540 0.229375 0.812764
vn 0.606108 0.144614 0.782125
vn 0.234432 -0.511427 -0.826731
vn 0.605990 0.389206 0.693754
vn 0.477693 0.474306 0.739488
vn 0.171921 0.920238 0.351575
vn 0.139267 0.917720 0.372014
vn 0.239345 0.948704 0.206580
vn 0.229327 0.936136 0.266569
vn -0.521430 -0.718890 -0.459682
vn -0.477199 -0.755591 -0.448736
vn -0.411229 -0.801057 -0.434969
vn -0.254881 -0.795753 -0.549375
vn -0.513772 -0.183981 -0.837967
vn -0.519123 -0.099063 -0.848940
vn -0.687977 -0.006041 -0.725707
vn -0.569987 -0.086842 -0.817052
vn -0.778179 -0.579360 -0.242444
vn -0.759188 -0.634873 -0.143421
vn -0.746382 -0.654248 -0.121956
vn -0.960724 0.107476 -0.255847
vn -0.953259 0.168587 -0.250752
vn -0.973307 0.150904 -0.172919
vn -0.976094 0.161261 -0.145724
vn 0.189760 -0.928009 -0.320610
vn 0.256877 -0.921980 -0.289772
vn 0.105244 -0.982072 -0.156394
vn 0.433150 -0.871768 -0.228915
vn -0.949844 -0.309215 0.046713
vn -0.971766 -0.230715 -0.049409
vn -0.997460 0.016387 0.069321
vn -0.999944 0.004844 -0.009418
vn -0.993020 -0.009953 0.117529
vn 0.913341 0.096784 -0.395526
vn 0.908672 0.129967 -0.396767
vn 0.518101 -0.847050 0.118650
vn 0.506869 -0.859802 0.061849
vn 0.622593 -0.778272 0.081670
vn 0.852996 -0.521898 -0.004591
vn -0.897600 -0.166692 0.408080
vn -0.948129 -0.298178 0.110191
vn -0.794967 0.058207 0.603854
vn -0.979712 0.114763 0.164297
vn -0.923882 -0.048524 0.379589
vn -0.561858 0.271709 0.781339
vn -0.986021 -0.039733 0.161816
vn -0.995097 -0.071239 0.068605
vn -0.992964 0.064990 0.098987
vn -0.926764 0.056311 0.371400
vn -0.858746 0.170046 0.483363
vn 0.415627 -0.045221 -0.908410
vn 0.562115 0.005135 -0.827043
vn 0.763204 -0.052738 -0.644002
vn 0.834605 -0.006532 -0.550810
vn 0.018843 0.999513 0.024858
vn 0.028692 0.993925 0.106255
vn 0.011262 0.906097 0.422920
vn -0.012582 0.899929 0.435855
vn -0.672018 0.201712 -0.712534
vn -0.639859 0.201089 -0.741717
vn -0.638687 0.232957 -0.733355
vn -0.641114 -0.044184 -0.766173
vn -0.663354 -0.049505 -0.746666
vn -0.645201 -0.028551 -0.763479
vn 0.372789 0.246164 0.894669
vn 0.393019 0.099266 0.914157
vn 0.575351 0.004225 0.817896
vn 0.680870 0.207944 0.702265
vn 0.245424 -0.204099 0.947687
vn 0.077466 -0.289073 0.954168
vn 0.193387 0.298129 0.934730
vn 0.194475 0.283256 0.939120
vn -0.374587 0.201121 -0.905116
vn -0.355672 0.126621 -0.925994
vn -0.340837 -0.939160 -0.042543
vn -0.088356 -0.993832 -0.067021
vn -0.074941 -0.994514 0.072980
vn 0.245168 -0.875720 -0.415942
vn 0.293307 -0.944928 -0.145195
vn 0.125166 -0.991698 0.029466
vn 0.934906 0.198269 -0.294347
vn 0.917269 0.385284 0.100869
vn 0.935679 0.335339 -0.109787
vn -0.993708 -0.111446 -0.011137
vn -0.948622 -0.299830 -0.101087
vn -0.984194 0.099118 -0.146755
vn -0.939461 -0.252851 -0.231257
vn 0.985973 -0.000895 0.166901
vn 0.788499 -0.149188 -0.596668
vn 0.711296 -0.456412 -0.534552
vn 0.759263 -0.386680 -0.523449
vn -0.187435 0.870073 -0.455896
vn -0.557193 0.825701 -0.088056
vn -0.593997 0.780919 -0.193215
vn -0.357811 0.025847 0.933436
vn -0.437452 -0.320071 0.840351
vn 0.877621 0.350832 0.326648
vn 0.951620 0.307275 -0.001135
vn 0.957189 0.268191 -0.108920
vn 0.692607 0.660665 0.289511
vn 0.835049 0.473590 0.280009
vn 0.806688 0.536156 0.248580
vn 0.947879 0.313863 0.054910
vn 0.710922 0.086867 -0.697885
vn 0.693827 0.035285 -0.719277
vn 0.880324 -0.005856 -0.474337
vn 0.930005 0.054994 -0.363410
vn 0.899033 0.042780 -0.435787
vn 0.869186 -0.066665 -0.489971
vn 0.792894 -0.197564 -0.576444
vn 0.959082 0.171500 -0.225278
vn 0.951406 0.169395 -0.257162
vn 0.095861 0.047373 -0.994267
vn 0.243001 -0.022486 -0.969765
vn 0.051717 -0.027054 -0.998295
vn 0.084747 0.020650 -0.996188
vn -0.051216 -0.050619 0.997404
vn -0.633268 -0.016107 0.773765
vn -0.532209 -0.140411 -0.834888
vn -0.495096 -0.034133 -0.868167
vn -0.689362 0.003812 -0.724407
vn -0.643186 -0.021083 -0.765420
vn 0.539817 0.200344 -0.817594
vn 0.468866 0.132417 -0.873287
vn 0.521858 0.084609 -0.848826
vn 0.602219 0.127597 -0.788068
vn 0.709485 0.017720 -0.704498
vn -0.514088 0.228521 -0.826736
vn -0.618331 0.158729 -0.769722
vn -0.704053 0.215903 -0.676532
vn -0.808004 -0.054014 -0.586696
vn 0.820117 0.146046 -0.553243
vn 0.676691 0.223834 -0.701419
vn 0.640827 0.202570 -0.740477
vn 0.429345 -0.012856 -0.903049
vn 0.340555 -0.024263 -0.939912
vn 0.390500 -0.002880 -0.920599
vn 0.128172 -0.935759 0.328523
vn 0.198493 -0.828329 0.523900
vn 0.206527 -0.802606 0.559617
vn 0.176222 -0.855954 0.486094
vn 0.360682 -0.491108 0.792919
vn 0.379739 -0.614103 0.691864
vn 0.394955 -0.497954 0.772044
vn -0.063662 -0.621757 0.780619
vn -0.493926 0.746797 0.445343
vn 0.321523 0.895236 0.308506
vn 0.356944 0.897782 0.258027
vn -0.969916 0.189880 -0.152347
vn -0.974759 -0.142826 -0.171599
vn -0.966370 -0.011942 -0.256880
vn -0.003019 0.995276 0.097037
vn 0.009313 0.999744 0.020611
vn 0.007243 0.995274 0.096834
vn 0.022578 0.997366 0.068925
vn -0.025323 0.898934 0.437352
vn -0.075696 0.941758 0.327660
vn 0.076494 0.199423 -0.976923
vn 0.070500 0.540415 -0.838440
vn 0.067394 0.470576 -0.879782
vn -0.000071 0.208529 -0.978016
vn -0.082221 0.195650 -0.977221
vn -0.135390 0.840180 0.525136
vn -0.166080 0.872447 0.459623
vn -0.662727 0.575110 0.479627
vn -0.316776 0.839372 0.441711
vn -0.032565 0.902812 0.428802
vn 0.985553 -0.033034 0.166113
vn 0.961360 0.139697 0.237216
vn 0.917112 0.032427 0.397309
vn 0.343170 -0.831631 0.436605
vn 0.331748 -0.876135 0.349757
vn 0.504052 -0.835241 0.219780
vn 0.501069 -0.835408 0.225883
vn 0.463529 -0.867874 0.178708
vn 0.945498 0.289665 0.148757
vn 0.913876 0.353816 0.199111
vn 0.425711 -0.886234 0.182646
vn 0.032838 0.931974 0.361034
vn 0.092613 0.985150 0.144577
vn 0.030732 0.942843 0.331817
vn -0.029568 0.901973 0.430780
vn -0.023028 0.968980 0.246066
vn 0.013514 0.897690 0.440420
vn 0.178497 0.900451 0.396644
vn 0.003861 0.903974 0.427570
vn 0.092724 0.899470 0.427032
vn -0.754605 0.553504 0.352427
vn -0.314886 0.826276 0.467028
vn -0.220073 0.860933 0.458652
vn 0.691546 0.257386 -0.674919
vn 0.706753 0.245975 -0.663322
vn 0.695596 0.215784 -0.685262
vn -0.161542 -0.751102 -0.640117
vn 0.159226 -0.700675 -0.695487
vn 0.203193 -0.620958 -0.757049
vn 0.133271 -0.730681 -0.669585
vn 0.881181 0.121813 -0.456818
vn -0.603630 -0.273091 -0.749034
vn -0.457861 -0.833949 -0.308045
vn 0.715005 0.195980 -0.671089
vn 0.665683 -0.003799 -0.746225
vn 0.526702 0.217212 -0.821829
vn -0.999309 0.012808 -0.034905
vn -0.995059 -0.036604 -0.092292
vn -0.969674 -0.167028 -0.178423
vn -0.979924 0.045621 -0.194082
vn -0.993301 0.035457 -0.109981
vn 0.709133 -0.066661 0.701916
vn 0.701656 0.095578 0.706076
vn 0.721139 0.452588 0.524521
vn 0.661990 0.455889 0.594924
vn 0.397204 0.502681 0.767816
vn -0.650331 -0.034809 0.758853
vn -0.922460 -0.053892 0.382314
vn -0.993310 -0.054876 0.101604
vn 0.115150 -0.993343 0.003240
vn 0.172651 -0.979920 -0.099740
vn 0.088176 -0.996078 0.007275
vn -0.009742 -0.991157 0.132336
vn 0.048481 -0.992047 -0.116154
vn 0.027832 -0.985845 -0.165332
vn 0.006595 -0.997654 -0.068138
vn 0.194518 -0.177190 0.964762
vn 0.228288 -0.062332 0.971596
vn 0.297013 0.037241 0.954147
vn -0.279607 -0.359150 0.890411
vn -0.498946 -0.390329 0.773754
vn -0.498703 -0.367098 0.785197
vn -0.763850 0.052845 -0.643227
vn -0.739014 0.028409 -0.673091
vn -0.794327 0.114350 -0.596631
vn -0.966316 0.230607 -0.114252
vn -0.316016 0.526693 -0.789131
vn -0.229927 0.840752 -0.490174
vn -0.620831 0.031164 -0.783325
vn -0.648436 0.021127 -0.760976
vn 0.571614 0.764262 0.298598
vn 0.622156 0.724922 0.295651
vn 0.892061 0.433343 0.128223
vn 0.681931 -0.320253 -0.657578
vn 0.681396 -0.441716 -0.583598
vn 0.550404 -0.389996 -0.738213
vn 0.622917 -0.592044 -0.511331
vn 0.417300 0.211600 0.883791
vn 0.349734 0.263779 0.898948
vn -0.110864 0.221305 0.968883
vn 0.996800 -0.026619 -0.075376
vn 0.974459 -0.177190 -0.137961
vn 0.960486 -0.256777 -0.107385
vn 0.951416 -0.307419 0.017345
vn -0.971142 0.127744 0.201408
vn -0.997181 0.020950 0.072047
vn -0.961270 0.036046 0.273240
vn -0.984443 -0.136719 -0.110365
vn -0.820234 -0.380672 -0.426971
vn -0.788887 -0.484443 -0.378117
vn -0.730867 -0.500143 -0.464425
vn -0.364084 -0.263125 -0.893425
vn -0.409704 -0.431062 -0.803946
vn 0.671960 0.148747 0.725496
vn 0.825916 -0.138404 -0.546540
vn 0.813664 -0.276517 -0.511360
vn 0.753229 -0.237809 -0.613265
vn 0.955492 0.099664 0.277672
vn 0.974198 0.075739 0.212606
vn 0.988838 -0.023283 0.147166
vn 0.907847 0.078824 0.411826
vn 0.901772 0.028976 0.431240
vn 0.048383 0.931661 0.360093
vn 0.895070 0.283825 0.343938
vn 0.839802 0.343161 0.420681
vn 0.879386 0.329260 0.343902
vn 0.722979 0.279598 0.631765
vn 0.651556 0.183063 0.736182
vn -0.535055 0.034820 0.844100
vn -0.615677 -0.001872 0.787997
vn -0.621460 0.055617 0.781470
vn -0.530394 -0.301614 0.792283
vn -0.589719 -0.204986 0.781161
vn -0.655043 -0.502828 -0.563989
vn -0.557444 -0.641036 -0.527569
vn -0.431767 -0.593594 -0.679134
vn 0.314391 -0.778167 -0.543703
vn 0.210751 -0.521450 -0.826846
vn 0.822290 0.234627 -0.518449
vn 0.842422 0.161743 -0.513970
vn 0.955523 0.217188 -0.199515
vn 0.910145 0.186916 0.369727
vn 0.878184 0.223040 0.423139
vn 0.960696 0.183612 0.208206
vn 0.926794 0.082749 0.366340
vn 0.945933 0.083602 0.313402
vn 0.943704 0.058372 0.325599
vn 0.934613 0.036717 0.353766
vn 0.964839 -0.025651 0.261587
vn 0.839709 0.113642 0.531012
vn 0.807673 0.053219 0.587224
vn 0.882650 0.189729 0.430038
vn 0.812135 -0.229816 -0.536304
vn 0.879896 0.064087 -0.470825
vn 0.821988 -0.165936 -0.544795
vn 0.931756 -0.126479 -0.340345
vn 0.829230 -0.154561 -0.537111
vn 0.913967 0.098443 -0.393667
vn 0.979411 -0.088031 -0.181673
vn 0.992551 -0.093702 -0.077857
vn -0.278651 -0.041950 -0.959476
vn -0.416977 -0.037792 -0.908131
vn -0.583126 -0.030343 -0.811815
vn 0.875919 0.457371 -0.153551
vn 0.963740 0.242975 0.110309
vn 0.978923 0.190218 0.074348
vn 0.943255 0.261843 0.204225
vn 0.941819 0.226660 -0.248198
vn -0.784784 0.503836 0.360920
vn -0.895595 0.367706 0.250402
vn 0.410621 0.008993 0.911762
vn 0.520267 -0.075602 0.850651
vn 0.497941 -0.141232 0.855633
vn -0.123806 0.252053 0.959761
vn 0.066985 -0.911553 -0.405690
vn 0.076151 -0.856253 -0.510913
vn 0.118907 -0.775854 -0.619606
vn 0.076407 -0.827446 -0.556322
vn -0.452785 -0.271911 -0.849147
vn -0.596709 -0.130633 -0.791754
vn -0.538341 0.169851 -0.825433
vn -0.597563 0.111002 -0.794101
vn -0.631751 0.107545 -0.767675
vn 0.136511 0.662096 0.736881
vn 0.174851 0.687919 0.704410
vn 0.418478 0.362616 0.832698
vn 0.349693 0.429046 0.832847
vn 0.367768 -0.451118 -0.813166
vn 0.615156 -0.463296 -0.637919
vn 0.262391 -0.389453 0.882880
vn 0.114388 -0.265592 0.957276
vn 0.073410 -0.341340 0.937069
vn 0.205988 -0.662128 0.720524
vn 0.096866 -0.487401 0.867789
vn 0.289323 -0.517642 0.805195
vn -0.998501 0.023830 0.049265
vn -0.940752 0.012545 0.338863
vn 0.478432 0.095835 0.872880
vn 0.464214 -0.016780 0.885564
vn 0.610150 0.122570 0.782748
vn 0.979215 0.103513 0.174420
vn 0.971314 0.065071 0.228727
vn 0.959594 -0.049239 0.277047
vn -0.829480 -0.433927 0.351668
vn -0.865734 -0.301142 0.399772
vn -0.900631 -0.312444 0.302065
vn -0.739265 -0.550479 0.387893
vn 0.930734 0.359624 0.066371
vn 0.970457 0.239512 -0.029117
vn 0.960152 0.275747 -0.045524
vn 0.965365 0.206559 0.159387
vn 0.227834 -0.119357 0.966357
vn 0.010507 -0.317890 0.948070
vn 0.119334 -0.360114 0.925245
vn 0.471748 -0.377028 0.797060
vn 0.160999 -0.266504 0.950292
vn 0.130447 -0.359076 0.924147
vn -0.034532 -0.381860 0.923575
vn -0.883776 0.336343 -0.325291
vn -0.865173 0.304985 -0.398069
vn -0.869744 0.304546 -0.388325
vn -0.949021 0.192719 -0.249436
vn -0.912236 0.231284 -0.338131
vn -0.933502 0.332681 -0.133781
vn -0.083663 -0.790259 0.607035
vn -0.056526 -0.873587 0.483375
vn -0.079317 -0.938000 0.337438
vn -0.088663 -0.857490 0.506804
vn 0.709493 0.064033 0.701798
vn 0.818055 0.157714 0.553094
vn 0.260566 -0.001726 0.965455
vn 0.985564 0.064939 0.156355
vn -0.992927 -0.116715 -0.021768
vn -0.967396 -0.206368 0.146827
vn -0.976564 -0.172093 0.129253
vn -0.805797 0.407097 0.430074
vn -0.832388 0.475138 0.285261
vn -0.790743 0.472954 0.388639
vn -0.997604 0.067563 0.014913
vn -0.944633 -0.314594 -0.093272
vn -0.922512 -0.304537 -0.237127
vn -0.999320 -0.025767 0.026361
vn -0.986251 -0.089571 0.138873
vn -0.936602 0.116972 0.330295
vn -0.938866 -0.106605 -0.327363
vn -0.913840 -0.222793 -0.339499
vn -0.884947 -0.200720 -0.420215
vn -0.956979 -0.261261 0.126232
vn -0.806428 -0.104292 -0.582063
vn -0.868149 -0.077230 -0.490259
vn -0.947561 0.305059 -0.095225
vn -0.981419 0.130967 -0.140228
vn -0.972754 0.022976 -0.230701
vn -0.975845 0.002502 -0.218448
vn -0.070337 0.978248 -0.195152
vn 0.065074 0.835526 -0.545584
vn -0.015926 0.993832 -0.109749
vn 0.200854 0.884624 -0.420831
vn -0.091868 0.992290 -0.083194
vn -0.146214 0.989246 -0.003707
vn -0.382672 0.846282 -0.370632
vn -0.893792 0.131003 -0.428922
vn -0.909209 0.241087 -0.339434
vn -0.926299 0.143437 -0.348419
vn 0.884420 0.016177 -0.466412
vn 0.916263 0.032059 -0.399294
vn 0.858796 0.081953 -0.505720
vn -0.404792 0.869614 -0.282692
vn -0.472907 0.691860 -0.545610
vn -0.224742 0.973802 0.034653
vn 0.968437 0.168258 -0.183900
vn 0.955040 0.276299 -0.107506
vn 0.195900 0.911207 0.362389
vn 0.039167 0.978043 0.204691
vn 0.122552 0.970908 0.205718
vn 0.732375 0.018140 -0.680660
vn -0.833838 0.174227 -0.523793
vn -0.896126 0.150012 -0.417677
vn -0.974127 0.130235 -0.184703
vn -0.971213 0.154274 -0.181506
vn 0.492019 -0.106822 0.864006
vn 0.491244 -0.154528 0.857205
vn 0.467736 -0.171646 0.867041
vn 0.278343 -0.268056 0.922318
vn -0.651323 -0.221939 0.725617
vn -0.652253 -0.094965 0.752029
vn -0.621076 -0.184379 0.761754
vn -0.952726 0.198856 0.229716
vn -0.886261 0.172067 0.430040
vn -0.799955 -0.094914 0.592506
vn -0.793266 -0.411951 -0.448359
vn -0.860083 -0.455006 -0.230709
vn -0.550482 0.048612 -0.833431
vn -0.445176 0.027298 -0.895027
vn -0.293745 0.069871 -0.953327
vn -0.663846 0.073459 0.744253
vn -0.456944 -0.061389 0.887374
vn -0.759126 -0.037667 0.649853
vn -0.220005 0.139444 0.965481
vn -0.290743 0.121438 0.949064
vn -0.443652 -0.009291 0.896151
vn -0.298017 -0.887838 0.350613
vn -0.089688 -0.916256 0.390424
vn -0.995790 0.063703 -0.065917
vn -0.850243 0.157366 -0.502318
vn -0.851104 0.164337 -0.498614
vn 0.566920 -0.110359 -0.816347
vn 0.281379 -0.504381 -0.816349
vn 0.470902 -0.376104 -0.797996
vn -0.544342 0.176820 -0.820016
vn -0.475571 0.180536 -0.860953
vn -0.642842 0.161625 -0.748753
vn 0.964046 0.229259 -0.134369
vn 0.951236 0.299189 -0.075069
vn 0.981825 0.189679 -0.006418
vn 0.959427 0.277527 0.049785
vn 0.934297 0.340202 0.106547
vn -0.008286 -0.514443 0.857485
vn -0.065498 -0.548452 0.833613
vn 0.052335 -0.638138 0.768141
vn 0.072423 -0.507006 0.858895
vn -0.998090 -0.002857 0.061705
vn -0.971013 -0.085377 0.223259
vn -0.601997 0.000917 0.798497
vn -0.713743 -0.177692 0.677493
vn -0.211218 0.838309 0.502618
vn 0.032535 0.843544 0.536073
vn -0.034507 0.998326 0.046409
vn -0.936662 0.333920 0.105649
vn -0.790070 0.579973 0.198546
vn 0.656824 -0.520731 0.545363
vn 0.582305 -0.648192 0.490681
vn 0.756817 -0.416297 0.503909
vn 0.789755 -0.312327 0.527957
vn 0.983042 0.176181 -0.050875
vn 0.989252 0.145897 -0.009747
vn 0.986563 0.067805 -0.148648
vn 0.976820 0.051391 -0.207803
vn 0.992477 0.110284 -0.053172
vn -0.967915 0.163246 -0.191026
vn -0.942499 0.160602 -0.293092
vn -0.912777 0.108208 -0.393865
vn -0.922012 0.013425 -0.386927
vn -0.917888 0.066280 -0.391266
vn 0.869218 0.008994 0.494348
vn 0.910055 0.041923 0.412363
vn 0.931252 -0.009957 0.364241
vn 0.980769 0.138913 -0.137094
vn 0.995133 0.082254 -0.054259
vn 0.991753 0.125283 -0.027035
vn 0.985456 0.092074 -0.142823
vn 0.993825 -0.090757 0.063829
vn 0.993810 -0.084158 -0.072521
vn 0.988729 0.033819 -0.145848
vn 0.987720 -0.089700 -0.127916
vn 0.987659 0.030737 -0.153577
vn 0.919618 0.149986 0.363052
vn 0.583044 -0.731183 -0.354162
vn 0.491692 -0.714486 -0.497743
vn 0.705679 0.039829 -0.707411
vn -0.969763 -0.191807 -0.150894
vn -0.910854 -0.384047 0.151171
vn -0.314607 -0.801047 -0.509261
vn -0.103960 -0.903153 -0.416542
vn -0.545247 -0.652065 -0.526799
vn -0.949924 0.007483 -0.312391
vn -0.043768 -0.954779 -0.294077
vn -0.113842 -0.831266 -0.544093
vn -0.087182 -0.880888 -0.465227
vn -0.011475 -0.890433 -0.454970
vn -0.780967 0.563566 0.269228
vn -0.991540 0.016684 -0.128723
vn -0.992221 0.023570 -0.122241
vn -0.997651 0.065358 -0.020531
vn -0.990824 0.126968 -0.046329
vn 0.936583 -0.350010 -0.017475
vn 0.842916 -0.537048 0.032745
vn -0.312538 0.174261 0.933784
vn -0.392738 0.152876 0.906855
vn -0.426171 0.126101 0.895811
vn -0.420290 0.208708 -0.883062
vn -0.646070 0.054494 -0.761330
vn -0.553522 -0.044132 -0.831664
vn -0.522694 -0.127023 -0.843005
vn 0.939232 0.311397 0.144484
vn 0.851122 0.446180 0.276612
vn 0.855322 0.429422 0.289863
vn 0.793711 0.284067 0.537894
vn 0.711548 0.140079 0.688533
vn 0.618538 0.131795 0.774623
vn 0.895024 0.184602 0.406021
vn 0.943999 0.070020 0.322432
vn 0.909036 0.058264 0.412623
vn 0.893303 -0.032796 -0.448257
vn 0.932453 -0.001022 -0.361290
vn 0.925481 0.077187 -0.370847
vn 0.873892 0.317490 -0.368120
vn 0.883296 -0.002464 0.468810
vn -0.514975 0.159872 0.842165
vn 0.003610 0.182705 0.983161
vn -0.314967 0.107758 0.942966
vn -0.289564 -0.046572 0.956025
vn -0.202051 -0.968034 0.148612
vn -0.248468 -0.958822 0.137562
vn -0.886962 0.407063 0.218168
vn -0.827295 0.234393 0.510532
vn 0.652823 0.024658 0.757109
vn -0.251939 0.413425 0.874989
vn -0.255107 0.291047 0.922070
vn -0.243386 0.291480 0.925096
vn -0.246609 0.088081 0.965104
vn -0.240223 0.123685 0.962806
vn -0.338958 -0.127231 0.932159
vn -0.321406 -0.028854 0.946502
vn -0.137421 -0.025354 0.990188
vn -0.189972 0.203254 0.960520
vn -0.175862 0.188469 0.966205
vn 0.030074 0.045147 0.998528
vn -0.178275 -0.057653 0.982290
vn -0.927612 -0.281752 -0.245260
vn -0.961998 0.219603 0.162278
vn -0.987655 -0.132526 -0.083515
vn 0.974096 -0.176659 -0.141170
vn 0.898779 -0.251824 -0.358861
vn 0.816085 -0.472353 -0.333000
vn 0.746638 -0.536201 -0.393725
vn 0.850214 -0.421054 -0.315990
vn -0.783778 -0.227907 0.577712
vn -0.960368 -0.277541 -0.025792
vn -0.613349 -0.649433 -0.449489
vn -0.596399 -0.717894 -0.359078
vn -0.524134 -0.766868 -0.370401
vn -0.412368 -0.876855 -0.247141
vn 0.311466 -0.150271 0.938300
vn 0.409799 0.058711 0.910284
vn 0.310693 0.021128 0.950276
vn -0.838170 0.090717 -0.537811
vn -0.800767 0.069525 -0.594927
vn -0.918933 0.180709 -0.350580
vn 0.899647 -0.010854 -0.436484
vn -0.665525 -0.740808 -0.090997
vn -0.614016 -0.783647 0.094242
vn -0.914451 -0.388954 -0.111780
vn -0.864482 -0.502645 0.004307
vn -0.802284 -0.579615 -0.142783
vn 0.976930 0.036538 0.210412
vn 0.920476 -0.049464 0.387656
vn 0.996442 0.057021 0.062065
vn 0.953608 0.142150 -0.265377
vn -0.636654 0.767065 -0.079265
vn -0.752794 0.616535 0.230622
vn -0.752572 0.600884 0.269395
vn -0.721591 0.685097 0.099740
vn -0.731554 0.680703 0.038367
vn -0.970895 0.220957 0.092411
vn -0.940260 0.340140 0.014679
vn -0.953403 0.301052 0.019774
vn -0.018922 0.906696 0.421361
vn -0.037399 0.894336 0.445830
vn 0.348838 0.920634 0.175342
vn 0.393148 0.894159 0.214276
vn 0.784683 0.397992 0.475264
vn 0.872412 0.155023 0.463536
vn 0.852450 0.158833 0.498098
vn 0.929101 0.141430 -0.341715
vn 0.765388 0.163851 -0.622362
vn 0.759575 0.265280 -0.593863
vn 0.693653 0.168430 -0.700341
vn 0.290501 0.066887 -0.954534
vn 0.855227 -0.085671 -0.511124
vn 0.740779 0.058604 -0.669188
vn 0.913543 -0.043123 -0.404449
vn -0.758674 0.045939 -0.649849
vn -0.616352 0.071475 -0.784220
vn -0.957263 -0.071351 -0.280281
vn -0.671656 -0.040101 0.739777
vn -0.294881 -0.012302 0.955455
vn -0.176680 0.094401 -0.979731
vn -0.145792 0.066370 -0.987087
vn -0.212618 0.071898 -0.974487
vn 0.354097 0.078953 -0.931870
vn 0.376656 0.917192 0.129962
vn 0.670521 0.636421 -0.381274
vn 0.593844 0.781981 -0.189354
vn -0.241903 0.087276 -0.966367
vn -0.744486 -0.662258 -0.084587
vn -0.614404 -0.772067 -0.162543
vn 0.824134 0.551984 -0.126953
vn 0.205543 0.958013 0.199906
vn 0.599035 0.800617 0.012997
vn 0.590754 0.798675 -0.114581
vn -0.604389 -0.796689 -0.000460
vn -0.496742 -0.863823 0.084006
vn -0.569793 -0.820514 0.045749
vn 0.996356 -0.031872 0.079116
vn 0.998783 -0.037000 -0.032602
vn 0.999961 -0.008862 0.000361
vn 0.990911 0.018134 -0.133295
vn 0.997298 0.044925 -0.058131
vn -0.976908 -0.091996 -0.192842
vn -0.945713 -0.231734 -0.227874
vn -0.955568 -0.031753 -0.293055
vn -0.191000 -0.981581 -0.004222
vn -0.097024 -0.995282 -0.000556
vn 0.026918 -0.999631 -0.003762
vn 0.449374 0.857025 0.252132
vn 0.038149 0.995875 0.082325
vn -0.420101 0.414636 0.807213
vn -0.667976 0.294980 0.683224
vn -0.855393 0.116535 0.504701
vn 0.391419 -0.036612 -0.919484
vn 0.361658 -0.116245 -0.925036
vn 0.484527 -0.386673 -0.784677
vn 0.725344 0.134739 -0.675071
vn 0.730547 0.017329 -0.682642
vn 0.732050 -0.135729 -0.667593
vn -0.043982 -0.764441 -0.643192
vn -0.008899 -0.842803 -0.538148
vn 0.357796 -0.899655 0.250207
vn 0.449278 -0.822032 0.349875
vn 0.496745 -0.774737 0.391187
vn -0.537592 -0.094291 0.837916
vn -0.496956 -0.051786 0.866229
vn -0.637207 0.037736 0.769768
vn -0.713259 0.007928 0.700856
vn -0.796988 0.603891 -0.011206
vn -0.787308 0.589275 0.181387
vn -0.949834 0.231357 0.210451
vn -0.547861 -0.773302 0.319145
vn -0.447575 -0.880539 0.155977
vn 0.986906 -0.069724 -0.145449
vn 0.990548 -0.049705 -0.127847
vn 0.969497 0.163568 -0.182541
vn 0.991535 0.061198 -0.114509
vn -0.485380 -0.857216 0.172007
vn -0.337885 -0.890120 0.305812
vn 0.936595 -0.038440 -0.348299
vn 0.950544 0.021315 -0.309859
vn 0.965929 -0.092656 -0.241654
vn 0.256141 -0.954071 -0.155372
vn 0.094034 -0.995540 -0.007569
vn 0.977071 0.140749 -0.159759
vn -0.994304 0.020010 -0.104684
vn -0.901080 0.393437 0.182379
vn -0.933013 0.322127 0.160377
vn -0.939540 0.325059 0.107709
vn 0.877835 0.199556 0.435412
vn -0.069081 0.200013 0.977355
vn -0.297448 0.187532 0.936139
vn 0.952910 0.257799 0.159695
vn 0.792167 0.455141 0.406593
vn 0.889036 -0.242548 -0.388311
vn 0.473812 -0.070240 0.877820
vn 0.584994 0.026699 0.810598
vn 0.645381 -0.013729 0.763738
vn 0.613351 -0.125722 0.779740
vn 0.152565 -0.000725 -0.988293
vn -0.077580 -0.007352 -0.996959
vn 0.063221 0.063971 -0.995947
vn 0.027538 0.196488 -0.980119
vn 0.839502 0.092050 -0.535503
vn 0.863253 0.159758 -0.478823
vn 0.614812 0.036932 -0.787809
vn 0.597229 0.001201 -0.802070
vn -0.574156 0.127292 -0.808790
vn -0.473114 0.130929 -0.871218
vn -0.660392 0.137212 -0.738278
vn -0.708658 0.048377 -0.703892
vn -0.833634 -0.497706 -0.239464
vn -0.625365 0.003659 -0.780324
vn -0.614748 -0.005981 -0.788701
vn -0.613013 -0.283659 -0.737396
vn 0.073975 -0.987735 0.137502
vn -0.051187 -0.991398 0.120459
vn -0.045628 -0.998451 0.031852
vn 0.054960 0.615229 -0.786430
vn -0.507146 -0.637729 0.579745
vn -0.501604 -0.667019 0.550890
vn -0.633969 -0.767327 0.096398
vn -0.635195 0.297688 0.712677
vn -0.428499 0.418924 0.800557
vn -0.294466 0.631573 0.717220
vn -0.593666 -0.804674 0.007828
vn 0.967973 0.195600 0.157380
vn 0.981126 0.189136 0.040243
vn 0.862727 0.208914 0.460497
vn 0.990550 -0.109155 0.083047
vn -0.370509 0.057403 0.927053
vn 0.943058 0.099913 0.317269
vn 0.954932 0.098635 0.279957
vn 0.310022 0.888287 0.338870
vn 0.418468 0.853427 0.310721
vn 0.761005 0.577602 0.295376
vn 0.914864 0.347522 0.205553
vn -0.040186 -0.011334 -0.999128
vn -0.035693 0.055260 -0.997834
vn 0.031881 0.168628 -0.985164
vn -0.025649 0.190854 -0.981283
vn -0.009716 0.911769 0.410588
vn 0.073622 0.920305 0.384212
vn 0.062224 0.898700 0.434127
vn -0.064783 0.929629 0.362758
vn -0.260937 -0.908922 -0.325227
vn 0.943305 0.037067 0.329850
vn 0.025993 0.918039 0.395637
vn 0.988984 0.096391 -0.112334
vn -0.506021 0.820534 -0.265832
vn -0.626479 0.675073 -0.389615
vn 0.544901 0.790592 0.279369
vn 0.220611 0.908110 0.355904
vn -0.165697 0.962341 0.215507
vn 0.922998 0.200351 -0.328534
vn 0.878470 0.105705 -0.465959
vn -0.721882 0.320714 0.613212
vn -0.772477 0.242214 0.587036
vn -0.696134 0.431612 0.573680
vn 0.654485 0.256326 -0.711300
vn 0.114743 -0.938518 -0.325605
vn 0.377227 -0.794426 -0.476012
vn 0.339071 -0.843518 -0.416544
vn 0.789038 0.203006 -0.579834
vn 0.794862 0.145228 -0.589155
vn 0.810038 0.182743 -0.557174
vn -0.348544 -0.936929 -0.026092
vn -0.064756 -0.015274 0.997784
vn -0.403584 -0.000572 0.914942
vn -0.371374 0.110247 0.921915
vn -0.519412 0.115419 0.846693
vn -0.792991 0.083558 -0.603476
vn -0.867116 0.122023 -0.482928
vn -0.492600 -0.605496 -0.625077
vn -0.499813 -0.511049 -0.699297
vn -0.531832 -0.476746 -0.699906
vn -0.387170 -0.608839 -0.692397
vn -0.959693 0.275974 -0.053180
vn -0.890183 0.423516 0.167952
vn -0.811540 0.320663 0.488445
vn -0.898978 0.318865 0.300273
vn -0.973541 0.177722 0.143639
vn 0.657226 -0.730647 0.184955
vn 0.960902 -0.261665 0.090546
vn 0.882893 -0.451536 0.128900
vn 0.943347 -0.171145 0.284262
vn -0.289180 -0.574347 -0.765833
vn -0.480006 -0.642489 -0.597330
vn -0.458576 -0.108802 0.881970
vn -0.055952 -0.465876 0.883079
vn 0.179240 -0.575352 0.798024
vn 0.862885 0.124436 -0.489842
vn 0.919673 0.127523 -0.371402
vn -0.210737 -0.504886 0.837066
vn -0.082428 -0.728460 0.680111
vn -0.934444 0.305760 -0.182555
vn -0.691978 0.196211 -0.694743
vn -0.910336 0.398547 -0.111573
vn -0.850183 0.394937 -0.348157
vn -0.776215 -0.300702 -0.554138
vn -0.629301 -0.455028 -0.630024
vn -0.612390 -0.298361 -0.732092
vn -0.576565 -0.153146 -0.802570
vn -0.649644 -0.065559 -0.757406
vn -0.776038 -0.165405 -0.608610
vn -0.771676 -0.606234 0.192344
vn -0.666884 -0.729398 0.152460
vn -0.503512 -0.852805 0.138562
vn -0.546303 -0.829980 0.112632
vn -0.689094 -0.712042 -0.134707
vn -0.646486 -0.762812 0.013162
vn 0.829101 0.180067 0.529308
vn 0.645260 0.184822 0.741269
vn 0.692630 -0.044826 0.719899
vn -0.868647 -0.485564 -0.098394
vn -0.487162 -0.012948 0.873216
vn -0.236060 -0.137653 0.961939
vn -0.260394 -0.085234 0.961733
vn 0.033350 -0.303854 0.952135
vn 0.901762 0.278850 0.330254
vn -0.920338 0.216814 0.325531
vn -0.944828 0.141957 0.295210
vn -0.891773 -0.452388 -0.009230
vn -0.869040 -0.477791 -0.128400
vn -0.916944 -0.160022 0.365522
vn -0.957590 0.054017 0.283027
vn -0.966890 -0.010369 -0.254984
vn -0.971623 0.047790 -0.231655
vn -0.955751 -0.011124 -0.293965
vn -0.980861 -0.032188 -0.192030
vn -0.515595 -0.101298 0.850823
vn -0.624518 -0.154143 0.765649
vn -0.271526 -0.107462 0.956413
vn -0.129429 -0.073677 0.988848
vn -0.954344 -0.022673 -0.297850
vn -0.902502 -0.058852 -0.426646
vn -0.768286 -0.305092 -0.562722
vn -0.735175 -0.080237 -0.673112
vn -0.571930 -0.050984 -0.818717
vn 0.909908 -0.096925 0.403327
vn 0.725140 -0.076044 0.684390
vn 0.262309 0.931520 0.251921
vn 0.175070 0.978376 0.110145
vn 0.089644 0.921065 0.378951
vn 0.154908 0.927130 0.341224
vn 0.090290 0.993128 0.074466
vn 0.111546 0.965200 0.236532
vn 0.130525 0.976952 0.168904
vn 0.743344 -0.413035 0.526157
vn 0.289520 -0.954511 0.071321
vn 0.712384 -0.701786 -0.002232
vn -0.448729 -0.887130 0.107902
vn -0.955293 -0.074966 -0.285998
vn -0.955661 -0.031814 -0.292746
vn -0.996058 0.045707 -0.076024
vn -0.962686 0.018840 -0.269964
vn -0.992968 0.101645 -0.060690
vn -0.921868 -0.345294 -0.175872
vn -0.998435 0.020184 0.052150
vn -0.861074 0.098730 -0.498803
vn -0.334261 0.144739 -0.931300
vn -0.661455 0.115571 -0.741027
vn -0.623340 0.186198 -0.759459
vn -0.989803 0.050443 -0.133211
vn -0.976778 -0.177580 0.119872
vn 0.995649 0.016272 -0.091751
vn 0.963373 0.047386 0.263944
vn 0.948100 0.208311 -0.240237
vn -0.493949 0.843725 0.210103
vn -0.346568 0.061879 0.935982
vn -0.524138 0.038587 0.850759
vn -0.443953 0.011983 0.895970
vn -0.332326 0.124687 0.934886
vn -0.283323 0.023659 0.958733
vn -0.538910 -0.001336 0.842362
vn -0.222896 0.077443 -0.971761
vn -0.597310 0.042685 -0.800874
vn -0.186137 0.002243 -0.982521
vn 0.160674 0.050163 -0.985732
vn 0.052468 -0.191674 0.980055
vn 0.031431 -0.152432 0.987814
vn 0.518906 -0.625965 0.582155
vn -0.230565 -0.110117 -0.966806
vn -0.226034 -0.113917 -0.967436
vn -0.080425 -0.101109 -0.991619
vn -0.130761 0.066361 -0.989191
vn 0.027762 -0.027283 -0.999242
vn -0.185427 0.042208 -0.981751
vn -0.151798 -0.053581 -0.986958
vn -0.546619 -0.045016 -0.836171
vn -0.980880 0.192235 0.030324
vn -0.994868 0.085859 -0.053542
vn -0.999372 0.035396 -0.001637
vn -0.965640 0.231402 0.118292
vn 0.751183 0.195985 0.630328
vn 0.840331 0.159399 0.518108
vn 0.825757 0.248068 0.506544
vn 0.782097 0.087749 0.616948
vn 0.802882 -0.028013 0.595480
vn 0.871709 0.072354 0.484653
vn -0.194449 0.853942 0.482672
vn 0.020364 0.924323 0.381066
vn 0.133208 0.903218 0.407987
vn -0.281383 0.846514 0.451926
vn 0.811398 0.148528 -0.565308
vn 0.761894 0.143704 -0.631559
vn 0.792067 0.183464 -0.582213
vn -0.448887 -0.016004 -0.893445
vn 0.024635 0.068893 0.997320
vn 0.066582 0.240922 0.968258
vn -0.169970 -0.268682 0.948114
vn 0.005498 0.031957 -0.999474
vn -0.514565 0.022897 -0.857145
vn -0.372670 0.021356 -0.927718
vn -0.721878 0.656864 0.217767
vn -0.786223 0.599174 0.151140
vn -0.517059 -0.373223 -0.770295
vn -0.272530 -0.391145 -0.879052
vn 0.865003 0.358418 0.351149
vn 0.700913 0.417443 0.578328
vn 0.781667 0.383843 0.491591
vn 0.937935 -0.288235 -0.192870
vn 0.971323 -0.231138 -0.055743
vn 0.970829 -0.155553 -0.182465
vn 0.279051 -0.775571 0.566234
vn 0.318155 -0.020776 0.947811
vn 0.305761 -0.068770 0.949621
vn -0.034093 0.011624 0.999351
vn -0.156769 0.113957 0.981039
vn 0.724612 -0.688232 -0.035702
vn -0.989723 -0.015112 -0.142200
vn -0.985371 0.002292 -0.170407
vn -0.969730 -0.030945 -0.242209
vn -0.982915 0.033449 -0.180994
vn -0.990791 0.016847 -0.134345
vn 0.036645 0.062533 0.997370
vn 0.030731 0.044398 0.998541
vn -0.086283 -0.152865 0.984473
vn 0.677239 -0.629554 0.380800
vn 0.567234 -0.749264 0.341832
vn 0.562438 0.402040 -0.722514
vn 0.401638 0.216569 -0.889823
vn 0.475963 0.107335 -0.872891
vn 0.818681 0.390840 0.420721
vn 0.874393 0.357373 0.328211
vn 0.815082 0.380365 0.436993
vn 0.984841 0.173367 -0.005578
vn 0.916677 0.313195 0.248219
vn -0.052009 0.073078 0.995969
vn 0.077355 0.255122 0.963810
vn 0.465418 0.228097 0.855195
vn -0.800133 0.037217 0.598667
vn -0.931792 0.037913 0.361008
vn 0.754973 0.017399 -0.655525
vn 0.929845 0.011662 -0.367766
vn 0.964665 -0.012656 -0.263176
vn -0.293065 0.320627 0.900728
vn -0.904836 -0.171592 -0.389651
vn -0.923475 -0.132609 -0.360013
vn -0.719692 -0.173360 -0.672302
vn -0.575709 -0.267901 -0.772520
vn -0.949974 0.121161 -0.287871
vn -0.922335 0.243582 -0.299942
vn -0.962765 -0.001709 -0.270333
vn -0.977229 0.013840 -0.211735
vn -0.526667 -0.835328 0.157637
vn -0.525067 -0.840111 0.136082
vn -0.556891 -0.768631 0.314767
vn -0.391025 -0.911875 0.124831
vn -0.729437 0.364148 0.579066
vn -0.632485 -0.022556 -0.774244
vn -0.648046 0.024365 -0.761212
vn -0.526012 -0.849779 0.034450
vn -0.588521 -0.791569 0.164504
vn -0.310138 -0.685683 0.658523
vn -0.301347 -0.818342 0.489394
vn -0.830221 -0.060090 -0.554187
vn -0.781035 0.143853 -0.607692
vn -0.844781 -0.001437 -0.535110
vn -0.052043 -0.998644 -0.001612
vn -0.114353 -0.993404 0.008468
vn -0.007006 -0.989523 0.144206
vn 0.293629 0.585974 0.755260
vn 0.112133 0.560916 0.820244
vn 0.221596 0.515068 0.828010
vn 0.813944 0.097318 0.572734
vn 0.888421 0.040274 0.457259
vn -0.759663 0.015294 -0.650137
vn -0.123147 -0.490030 0.862963
vn -0.744208 -0.412406 -0.525430
vn -0.545324 -0.650094 -0.529150
vn 0.128939 -0.046310 -0.990571
vn 0.388713 -0.097140 -0.916224
vn 0.445113 -0.046891 -0.894246
vn 0.334872 -0.016234 -0.942124
vn -0.295703 0.007827 0.955248
vn -0.804446 0.593723 0.018970
vn -0.700380 0.588116 0.404461
vn -0.566951 0.328021 0.755625
vn -0.644202 0.331920 0.689081
vn 0.883074 0.222662 0.413040
vn 0.414094 0.128274 0.901150
vn 0.146366 0.217565 0.965009
vn 0.145517 0.248338 0.957681
vn 0.824275 0.060574 0.562940
vn 0.758799 0.078462 0.646581
vn 0.336701 -0.246961 0.908649
vn 0.757683 0.057248 0.650107
vn 0.303221 -0.267882 -0.914492
vn 0.445465 -0.257529 -0.857462
vn 0.062730 -0.240668 -0.968578
vn 0.024041 -0.177241 -0.983874
vn 0.957525 0.287308 0.024502
vn 0.954407 0.247590 0.166753
vn -0.849325 -0.004002 0.527855
vn -0.916614 -0.046903 0.397012
vn 0.542655 0.165127 -0.823565
vn 0.723011 0.201723 -0.660729
vn 0.378089 0.140251 -0.915084
vn 0.751407 0.193448 -0.630845
vn 0.737769 0.192058 -0.647156
vn 0.919745 0.190714 -0.343071
vn 0.782920 0.307197 -0.540986
vn 0.904454 0.193168 -0.380327
vn 0.859909 0.244019 -0.448343
vn 0.758780 0.079892 -0.646429
vn -0.957110 0.178840 -0.227942
vn -0.974806 0.187026 -0.121552
vn -0.972949 0.048903 -0.225787
vn -0.358547 -0.019096 -0.933316
vn -0.561853 0.019304 -0.827012
vn -0.615822 0.014581 -0.787750
vn -0.737286 0.023527 -0.675171
vn -0.748404 0.122606 -0.651812
vn 0.636488 -0.068623 -0.768228
vn 0.649499 0.010865 -0.760285
vn 0.630300 0.027582 -0.775862
vn 0.589618 -0.014408 -0.807554
vn 0.758745 0.296185 -0.580155
vn -0.444084 0.046089 -0.894799
vn -0.094617 0.108591 -0.989574
vn -0.232854 0.077355 -0.969430
vn -0.553228 0.181945 -0.812917
vn -0.457208 0.138137 -0.878567
vn -0.620047 0.055390 -0.782607
vn -0.511300 0.136338 -0.848519
vn -0.421231 -0.014965 -0.906830
vn -0.362049 -0.044767 -0.931084
vn -0.472926 -0.056705 -0.879275
vn -0.259256 0.058257 0.964050
vn -0.497238 -0.069273 0.864845
vn -0.545863 0.037510 0.837035
vn -0.518595 0.002586 0.855016
vn -0.544532 -0.120900 0.829981
vn -0.604033 -0.150619 0.782597
vn -0.239736 -0.080565 0.967489
vn -0.680560 -0.100865 0.725717
vn -0.723855 -0.084951 0.684703
vn -0.725685 -0.099304 0.680823
vn -0.004989 0.023859 -0.999703
vn 0.200639 0.132108 -0.970717
vn 0.279458 0.188385 -0.941496
vn 0.121409 0.090144 -0.988501
vn 0.202170 0.083434 -0.975790
vn 0.448846 0.011184 -0.893539
vn 0.301795 0.115601 -0.946338
vn 0.554966 0.208352 -0.805358
vn 0.640013 0.208781 -0.739455
vn 0.668802 0.241857 -0.703000
vn 0.278121 0.126189 -0.952221
vn -0.888168 -0.031687 -0.458426
vn -0.600310 0.058032 -0.797660
vn -0.790680 0.101120 -0.603821
vn -0.722477 0.021584 -0.691058
vn -0.766932 0.016220 -0.641524
vn -0.844475 0.025501 -0.534988
vn -0.614587 0.116889 -0.780141
vn -0.495921 0.137954 -0.857339
vn -0.499325 -0.768485 0.400131
vn -0.571986 -0.790837 0.217737
vn -0.607463 -0.705118 0.365784
vn -0.920320 -0.376700 0.105394
vn -0.999873 0.014263 0.007121
vn -0.603439 0.089503 -0.792371
vn -0.605793 0.077309 -0.791858
vn -0.229594 -0.012574 0.973205
vn -0.280003 -0.065335 0.957774
vn -0.293012 0.081223 0.952652
vn -0.332270 0.035956 0.942499
vn 0.911307 0.206535 0.356178
vn 0.884744 0.305768 0.351759
vn 0.663556 0.193446 -0.722684
vn 0.783607 0.099231 -0.613281
vn 0.678822 0.064060 -0.731503
vn 0.741299 0.203252 -0.639660
vn 0.645318 0.249645 -0.721971
vn -0.837225 0.020950 0.546457
vn -0.949782 0.312200 -0.021109
vn -0.081211 -0.000377 -0.996697
vn 0.111806 -0.134299 -0.984613
vn -0.956293 -0.208785 0.204724
vn -0.959156 -0.224251 -0.172428
vn -0.972775 -0.152368 -0.174621
vn -0.927246 -0.320613 -0.193448
vn -0.977608 -0.093093 -0.188722
vn -0.975719 -0.193934 -0.101798
vn 0.237747 -0.693657 -0.679938
vn 0.249099 -0.858786 -0.447701
vn 0.972203 0.018210 0.233432
vn -0.089920 0.985744 0.142209
vn 0.567554 0.365862 0.737583
vn -0.855979 0.360905 0.370199
vn -0.983105 -0.002415 0.183029
vn -0.938636 -0.330338 0.099199
vn 0.920788 -0.313170 0.232538
vn -0.986158 -0.072646 0.149047
vn -0.881646 0.403831 0.244176
vn -0.925504 0.343390 0.159766
vn -0.953342 -0.209493 0.217374
vn 0.990417 0.070291 -0.118887
vn -0.995501 0.039014 0.086346
vn -0.942007 0.200400 0.269189
vn -0.978017 0.065941 0.197827
vn -0.428914 -0.037079 -0.902584
vn -0.635231 0.002487 -0.772318
vn -0.560030 0.033184 -0.827808
vn -0.804362 0.009723 -0.594060
vn -0.667053 -0.013740 -0.744883
vn -0.991748 0.009835 -0.127825
vn -0.960851 0.062787 -0.269857
vn -0.857226 0.041310 -0.513281
vn 0.583181 0.007970 -0.812303
vn 0.496802 0.039623 -0.866959
vn 0.472024 -0.881264 -0.023811
vn 0.585687 -0.801173 -0.122855
vn 0.784953 -0.619362 -0.015504
vn 0.611274 -0.791145 0.020835
vn 0.437218 0.073052 -0.896384
vn 0.623674 0.010926 -0.781608
vn 0.591101 0.214758 -0.777483
vn 0.769731 0.102936 -0.630015
vn 0.991646 -0.078733 0.102172
vn 0.954063 -0.197886 -0.224954
vn -0.482647 0.022511 0.875526
vn 0.981052 -0.066920 -0.181819
vn 0.978053 -0.114104 -0.174334
vn 0.308957 -0.943298 0.121384
vn 0.368854 -0.921327 0.122898
vn 0.398628 -0.910562 0.109423
vn 0.933842 0.306175 0.184923
vn -0.577369 -0.808911 -0.110938
vn -0.411085 -0.906418 -0.097034
vn 0.756386 0.132063 -0.640655
vn 0.720480 0.281725 -0.633671
vn -0.954126 -0.116605 -0.275765
vn -0.959932 0.048517 -0.276001
vn -0.959422 -0.020846 0.281201
vn -0.983735 0.065267 0.167351
vn -0.961133 0.024260 -0.275016
vn -0.925107 -0.157852 -0.345341
vn -0.921988 -0.027329 0.386252
vn -0.882516 0.084321 0.462661
vn -0.936767 -0.029052 -0.348746
vn 0.234414 -0.031804 0.971617
vn 0.072748 -0.106935 0.991601
vn -0.234527 0.012064 0.972035
vn 0.485332 0.153509 0.860748
vn 0.571988 0.120566 0.811353
vn -0.971924 0.020472 -0.234403
vn -0.982860 0.009982 -0.184086
vn 0.929087 0.265842 0.257150
vn 0.894296 0.360787 0.264703
vn 0.865299 0.393098 0.311017
vn -0.199011 -0.023867 0.979707
vn -0.673023 -0.698429 0.243387
vn -0.774915 -0.497696 0.389623
vn -0.934103 -0.163629 -0.317296
vn -0.910964 0.003888 -0.412468
vn 0.952043 0.216231 0.216468
vn -0.298688 -0.060043 -0.952460
vn -0.997180 -0.074876 -0.005015
vn -0.977518 -0.207874 -0.035309
vn -0.991507 0.056883 -0.116954
vn -0.840909 0.314261 -0.440583
vn -0.610481 0.378521 -0.695726
vn -0.714258 0.183105 -0.675506
vn -0.788603 -0.030695 -0.614136
vn -0.607693 -0.137908 -0.782107
vn -0.239213 0.051222 0.969615
vn -0.557285 0.417321 0.717828
vn -0.515827 0.288251 0.806743
vn -0.390110 0.563623 0.728110
vn -0.507040 0.495250 0.705435
vn -0.391203 0.081241 0.916711
vn 0.212477 0.849546 0.482830
vn -0.987088 -0.055872 0.150118
vn 0.555059 0.150168 -0.818144
vn 0.514096 0.092099 -0.852774
vn 0.996752 0.076050 -0.026498
vn 0.772370 0.089956 0.628771
vn 0.764504 0.067743 0.641050
vn 0.872373 -0.027054 0.488091
vn -0.890166 0.286134 0.354588
vn -0.853808 0.407167 0.324386
vn -0.917626 0.380887 0.113523
vn -0.831069 0.535537 0.150081
vn -0.800309 0.598354 -0.038451
vn 0.886036 0.221761 -0.407139
vn 0.857185 0.293200 -0.423400
vn 0.769996 0.331182 -0.545367
vn -0.856466 0.408092 -0.316111
vn -0.698008 0.668022 -0.257937
vn -0.599249 0.548322 -0.583304
vn 0.517270 -0.155061 -0.841658
vn 0.229720 -0.222074 -0.947582
vn 0.566848 -0.272219 -0.777548
vn 0.755932 -0.173612 -0.631209
vn 0.559233 -0.276772 -0.781445
vn 0.652834 -0.261356 -0.710986
vn 0.696745 -0.239060 -0.676311
vn 0.594894 -0.248705 -0.764361
vn 0.581852 -0.025228 -0.812903
vn 0.624737 0.021454 -0.780541
vn 0.725635 -0.233503 -0.647248
vn 0.647093 -0.208904 -0.733232
vn 0.753315 -0.042132 -0.656308
vn -0.892270 -0.182530 0.412961
vn -0.918819 -0.204094 0.337812
vn 0.158324 -0.549140 0.820596
vn 0.097806 -0.045104 -0.994183
vn -0.009678 -0.070712 -0.997450
vn -0.827597 0.239879 0.507486
vn -0.720356 0.479262 0.501393
vn 0.898889 0.236038 -0.369167
vn 0.901162 0.427174 -0.073678
vn 0.890253 0.352585 -0.288328
vn -0.220289 0.376266 0.899943
vn -0.109741 0.255493 0.960562
vn -0.076735 -0.457012 -0.886144
vn -0.101554 -0.179865 -0.978435
vn -0.097081 -0.643673 -0.759118
vn -0.097942 -0.041891 -0.994310
vn 0.005574 -0.056068 -0.998411
vn 0.194972 0.902448 0.384153
vn 0.900403 -0.207649 -0.382304
vn 0.924490 -0.123119 -0.360778
vn 0.928601 -0.228337 -0.292510
vn 0.762030 -0.193644 -0.617910
vn 0.835232 -0.094674 -0.541686
vn 0.090809 0.944672 0.315196
vn 0.935006 0.052195 -0.350770
vn -0.482401 0.247512 0.840254
vn -0.754163 0.161452 0.636531
vn -0.673483 0.138726 0.726068
vn -0.789733 -0.032150 0.612608
vn -0.697026 -0.036162 0.716133
vn -0.700435 0.075702 0.709690
vn -0.661570 0.022999 -0.749531
vn -0.646694 0.005998 -0.762726
vn -0.415474 0.264271 -0.870369
vn -0.214363 0.830109 -0.514750
vn -0.970418 -0.153156 -0.186635
vn 0.100052 0.259181 0.960633
vn 0.050352 0.124691 0.990917
vn -0.025736 -0.021212 -0.999444
vn -0.410129 0.018301 -0.911844
vn -0.364470 0.009748 -0.931164
vn 0.993286 0.050999 0.103841
vn 0.878069 0.213185 0.428424
vn 0.966360 0.078576 0.244898
vn 0.985771 0.079148 -0.148297
vn 0.803500 -0.087194 -0.588885
vn 0.653340 -0.190906 -0.732599
vn -0.903238 0.293776 -0.312821
vn -0.946542 0.243803 -0.211231
vn -0.775065 0.613360 0.151865
vn 0.130682 -0.937539 0.322401
vn 0.049077 -0.902812 0.427226
vn 0.793793 0.102857 -0.599427
vn 0.825317 0.018594 -0.564364
vn -0.050450 -0.989743 -0.133652
vn -0.037187 -0.991392 0.125533
vn -0.043558 -0.947420 0.317013
vn -0.039056 -0.734556 0.677423
vn -0.060802 -0.910845 0.408246
vn 0.053454 -0.108038 0.992709
vn -0.971078 -0.150109 0.185673
vn -0.922582 0.284272 0.260829
vn -0.893427 0.214615 0.394624
vn -0.958667 0.218313 0.182473
vn 0.362912 0.136093 0.921832
vn 0.367786 0.113996 0.922897
vn 0.722471 0.197551 0.662578
vn -0.245400 -0.051463 0.968055
vn -0.250709 0.011083 0.967999
vn 0.901290 0.099873 -0.421548
vn 0.959184 0.048168 -0.278649
vn 0.935638 0.266757 -0.231134
vn -0.522151 0.092834 -0.847785
vn -0.381229 0.172352 -0.908273
vn -0.378895 0.057526 -0.923650
vn -0.275628 0.121826 -0.953513
vn -0.384070 0.041171 -0.922386
vn 0.974192 -0.027790 -0.224003
vn 0.796068 0.019796 -0.604883
vn 0.959416 0.180650 0.216532
vn 0.008926 0.994068 0.108390
vn -0.229435 0.899257 -0.372420
vn -0.434909 0.086467 0.896313
vn -0.257125 0.064359 0.964233
vn -0.368627 -0.019393 0.929375
vn -0.157663 -0.016799 0.987350
vn -0.508782 -0.178215 0.842247
vn -0.552315 0.078752 0.829907
vn -0.747748 0.289910 0.597349
vn -0.765530 0.166515 0.621479
vn 0.958997 -0.087812 0.269470
vn 0.984419 -0.166358 0.056959
vn -0.091091 0.995497 0.026216
vn -0.109042 0.993366 0.036523
vn -0.919136 0.175457 -0.352711
vn -0.952444 0.039659 -0.302123
vn 0.293228 0.742940 0.601712
vn -0.042415 0.998192 0.042595
vn 0.031309 -0.993846 0.106252
vn 0.139516 -0.963413 0.228847
vn 0.116396 -0.961082 0.250548
vn 0.992862 -0.046041 0.110027
vn 0.457003 -0.355722 0.815236
vn 0.850496 -0.246886 -0.464438
vn 0.920076 0.010999 -0.391584
vn 0.681605 -0.120131 -0.721791
vn -0.923954 0.161809 -0.346594
vn -0.971335 0.216653 0.097827
vn -0.969747 0.200018 0.139939
vn -0.966422 0.240568 0.090311
vn -0.920039 -0.066175 -0.386198
vn -0.984825 0.059174 -0.163152
vn -0.999000 0.006232 0.044268
vn -0.932697 -0.360163 -0.018941
vn -0.648077 0.043143 -0.760352
vn -0.634421 -0.015362 -0.772835
vn -0.835574 -0.445854 -0.320984
vn -0.967280 -0.252861 -0.020755
vn -0.882530 -0.081115 0.463208
vn -0.902243 -0.236947 0.360297
vn -0.875041 0.004872 0.484023
vn -0.396321 -0.075651 -0.914990
vn -0.582101 0.038407 -0.812209
vn -0.962448 -0.155967 -0.222189
vn -0.994395 -0.100518 -0.032773
vn -0.705406 0.176037 -0.686595
vn -0.666052 0.193464 -0.720380
vn -0.083770 -0.018599 -0.996312
vn 0.065351 -0.193508 -0.978920
vn 0.385882 0.859879 0.334219
vn 0.184122 -0.793077 -0.580627
vn 0.134238 -0.812131 -0.567824
vn -0.561996 0.025070 -0.826760
vn -0.751337 0.543440 -0.374387
vn -0.845249 0.046347 -0.532359
vn -0.625828 0.096577 -0.773959
vn 0.125016 0.966965 0.222150
vn -0.586043 -0.617351 0.524815
vn -0.502449 -0.849699 0.159867
vn -0.510604 -0.769626 0.383353
vn 0.109391 -0.514609 0.850418
vn 0.103429 -0.732793 0.672546
vn 0.362437 0.367128 0.856654
vn 0.508666 0.291823 0.809999
vn 0.961195 0.175653 0.212720
vn 0.848660 -0.109819 -0.517412
vn 0.916695 -0.169674 -0.361774
vn 0.935913 -0.074185 -0.344331
vn 0.910892 -0.337641 -0.237224
vn 0.969966 -0.120621 -0.211226
vn 0.186494 0.963858 0.190256
vn 0.098119 0.973598 0.206106
vn 0.148188 0.985582 0.081666
vn 0.177295 0.948148 0.263783
vn 0.491724 -0.799177 -0.345722
vn 0.405620 -0.897264 -0.174328
vn 0.538534 -0.800481 -0.263079
vn -0.519538 -0.850192 -0.085171
vn 0.550758 0.108476 -0.827586
vn 0.928983 0.167406 -0.330101
vn 0.929938 -0.042376 -0.365267
vn 0.807933 0.116032 0.577737
vn 0.929980 -0.042587 0.365136
vn 0.832511 0.025219 0.553435
vn 0.661551 0.121425 0.740005
vn 0.227800 0.105701 0.967954
vn 0.697617 0.077898 0.712224
vn 0.623450 0.034632 0.781096
vn -0.040516 -0.039854 -0.998384
vn 0.770851 0.081151 0.631825
vn 0.952416 0.163879 0.256999
vn -0.235748 0.438826 0.867095
vn -0.359093 0.447979 0.818759
vn -0.337581 0.470854 0.815068
vn -0.274274 0.444779 0.852611
vn 0.866506 -0.186333 -0.463084
vn 0.989252 -0.014402 -0.145511
vn 0.931425 -0.111289 -0.346500
vn 0.757350 0.306209 -0.576764
vn 0.188315 0.930764 0.313393
vn 0.761709 -0.373939 0.529121
vn 0.517447 -0.407092 0.752678
vn 0.075439 0.992657 0.094561
vn 0.187481 0.970168 0.153707
vn 0.302342 -0.899198 -0.316278
vn -0.366774 -0.028402 -0.929876
vn 0.701918 0.264088 -0.661490
vn 0.713351 0.291408 -0.637347
vn 0.738018 0.293655 -0.607533
vn 0.907298 0.173524 -0.383014
vn 0.936251 0.130189 -0.326320
vn -0.636521 0.029917 -0.770679
vn 0.394572 -0.899020 0.189939
vn 0.512521 -0.853819 0.091194
vn 0.594879 -0.801033 0.066817
vn 0.542126 -0.837540 0.068018
vn -0.541189 0.098665 -0.835093
vn -0.370887 -0.028872 -0.928229
vn -0.408201 -0.003456 -0.912886
vn -0.323477 0.168895 -0.931041
vn -0.336268 0.104722 -0.935926
vn -0.256723 0.099338 -0.961367
vn 0.930467 0.213449 0.297775
vn 0.893618 0.029171 0.447879
vn 0.806515 -0.189901 0.559886
vn 0.479860 -0.020179 0.877113
vn 0.351433 -0.054331 0.934635
vn -0.694417 0.219465 -0.685288
vn -0.347354 0.144988 -0.926458
vn -0.563824 0.177090 -0.806686
vn -0.378594 -0.841047 -0.386403
vn -0.256284 -0.834145 -0.488385
vn -0.588926 -0.161746 0.791836
vn -0.821315 0.194181 0.536411
vn -0.755135 0.133956 0.641737
vn 0.213004 -0.328531 0.920161
vn 0.857086 -0.304705 -0.415402
vn 0.818220 0.335854 -0.466603
vn 0.864337 0.239400 -0.442277
vn 0.888933 0.162662 -0.428182
vn -0.751949 0.024758 0.658757
vn -0.898672 0.105388 0.425772
vn 0.732704 -0.334784 0.592507
vn 0.761957 -0.383234 0.522067
vn 0.546204 0.281590 -0.788903
vn 0.342914 0.182590 -0.921450
vn 0.418314 0.135142 -0.898193
vn 0.590328 0.310419 0.745086
vn 0.639123 0.342462 0.688652
vn 0.759881 0.047886 0.648296
vn 0.450945 0.096833 0.887284
vn 0.533037 0.259860 0.805198
vn 0.404925 0.019269 -0.914147
vn 0.539343 0.063482 -0.839690
vn 0.481435 -0.140960 -0.865072
vn 0.396810 -0.481006 -0.781777
vn 0.427664 -0.495056 -0.756322
vn -0.559738 0.053493 -0.826941
vn -0.595775 -0.013981 -0.803030
vn -0.206264 -0.065091 -0.976329
vn -0.356544 -0.122539 -0.926208
vn -0.396034 -0.010421 -0.918177
vn -0.520686 0.498409 0.693162
vn -0.456996 0.075635 0.886247
vn -0.116655 0.129682 0.984670
vn -0.968989 -0.006044 0.247029
vn -0.902226 0.076408 -0.424441
vn -0.910543 0.164568 -0.379247
vn -0.849279 0.126185 -0.512643
vn 0.270266 0.823139 0.499397
vn -0.977501 -0.186342 -0.098838
vn -0.953385 -0.301755 0.000373
vn -0.287077 0.453592 0.843707
vn -0.222516 -0.038987 0.974149
vn -0.024207 -0.245302 0.969144
vn 0.871791 -0.122179 -0.474397
vn 0.878207 -0.121385 -0.462621
vn 0.785014 -0.241753 -0.570358
vn 0.629357 -0.599924 -0.493964
vn -0.710218 -0.018419 -0.703741
vn -0.903438 0.002758 -0.428710
vn -0.961046 0.002231 0.276380
vn -0.670029 -0.112373 0.733780
vn -0.998995 -0.016379 -0.041722
vn -0.959546 -0.051290 0.276840
vn -0.695938 0.070822 0.714601
vn -0.713659 0.030350 0.699835
vn -0.803705 0.093074 0.587703
vn 0.864057 0.077391 0.497409
vn 0.997711 0.031305 0.059940
vn 0.866037 -0.001408 0.499977
vn 0.860392 0.038053 0.508210
vn 0.999438 -0.004320 0.033234
vn 0.101215 0.954067 0.281980
vn 0.688549 -0.725063 -0.013561
vn 0.297765 -0.743655 0.598592
vn -0.943978 0.159426 0.288944
vn 0.399822 0.307140 0.863601
vn -0.213578 0.009964 0.976875
vn -0.209835 -0.138788 0.967836
vn 0.006228 0.996238 0.086433
vn -0.408962 0.912545 -0.003475
vn 0.895846 -0.164562 0.412771
vn 0.838798 0.002028 0.544439
vn 0.966372 0.066589 0.248376
vn -0.064856 -0.931749 0.357264
vn -0.967444 0.110914 0.227488
vn -0.908565 0.216211 0.357440
vn -0.872930 0.368173 0.320065
vn -0.779438 0.417295 0.467269
vn -0.178346 -0.587423 0.789384
vn -0.144033 -0.556302 0.818402
vn 0.040953 0.778287 0.626572
vn -0.433595 -0.235709 -0.869734
vn 0.692387 -0.107822 0.713425
vn 0.918666 -0.036979 0.393300
vn -0.574832 0.234275 -0.784017
vn -0.413495 0.699397 -0.582980
vn -0.484808 0.738334 -0.468854
vn -0.386776 0.862425 -0.326540
vn 0.211808 -0.283559 0.935271
vn -0.844687 -0.269069 -0.462715
vn 0.923989 -0.080546 -0.373841
vn 0.926626 0.049125 -0.372762
vn 0.738573 0.150997 0.657047
vn 0.537736 0.056039 0.841249
vn 0.902119 0.092984 -0.421348
vn -0.743052 0.116939 0.658938
vn -0.297010 0.067562 0.952481
vn -0.208570 -0.060050 -0.976162
vn -0.017389 -0.075912 -0.996963
vn 0.923452 0.352980 0.150473
vn 0.887792 0.377816 0.262833
vn -0.491111 -0.240887 -0.837128
vn -0.595268 -0.094438 -0.797959
vn 0.749522 0.643767 0.154211
vn 0.858543 0.229416 0.458555
vn -0.583061 0.004256 0.812417
vn -0.514956 0.103871 0.850900
vn 0.787972 0.171451 -0.591358
vn 0.849387 -0.209101 -0.484581
vn 0.866082 -0.208974 -0.454129
vn 0.435045 -0.047895 0.899134
vn -0.675626 0.282873 0.680817
vn -0.713407 0.289924 0.637962
vn -0.680485 0.151034 0.717028
vn 0.398043 -0.526326 0.751361
vn 0.345469 -0.666181 0.660949
vn -0.252946 -0.682206 0.686012
vn -0.359134 -0.738485 0.570669
vn -0.248136 -0.537648 0.805831
vn -0.329201 -0.490072 0.807128
vn -0.969135 0.087738 0.230391
vn -0.997100 0.065797 -0.038241
vn -0.952691 0.150649 -0.263980
vn 0.092250 0.901440 0.422961
vn -0.000211 0.996460 0.084070
vn 0.573802 -0.093157 -0.813679
vn 0.124523 0.571078 -0.811396
vn -0.386261 0.042326 0.921418
vn -0.461925 -0.107115 0.880427
vn 0.857325 -0.115489 0.501653
vn 0.855004 0.258401 0.449663
vn 0.867851 0.332000 0.369608
vn 0.646723 -0.001752 0.762723
vn -0.473432 0.178941 -0.862463
vn -0.339558 -0.002563 -0.940582
vn -0.467898 -0.002314 -0.883780
vn -0.640105 0.011952 -0.768195
vn -0.087345 -0.368153 0.925653
vn -0.188909 -0.209979 0.959282
vn 0.341290 -0.094478 0.935198
vn 0.386875 -0.498732 0.775625
vn 0.601560 -0.481807 0.637171
vn 0.486380 -0.459941 0.742892
vn 0.585737 -0.160193 0.794513
vn 0.693410 -0.187890 0.695615
vn 0.556017 -0.139174 0.819436
vn 0.547630 -0.726818 -0.414531
vn 0.423176 -0.846307 -0.323553
vn 0.477521 -0.802529 -0.357659
vn 0.282071 -0.940990 -0.187012
vn 0.148214 -0.978425 -0.143937
vn 0.711230 0.336890 0.616974
vn 0.761845 -0.020276 0.647442
vn 0.761157 0.189081 0.620393
vn 0.697449 0.376201 0.609949
vn 0.595941 0.031044 0.802428
vn 0.982922 -0.138308 0.121389
vn -0.956426 0.088075 -0.278375
vn 0.965513 0.171845 0.195587
vn -0.955543 -0.036333 0.292604
vn 0.265181 -0.956219 -0.123791
vn -0.053172 -0.997570 0.045012
vn 0.119813 -0.990490 -0.067631
vn 0.045618 -0.998955 0.002754
vn -0.755612 -0.006726 0.654985
vn -0.642695 0.054135 0.764207
vn -0.782874 0.074432 0.617712
vn 0.905486 0.249666 -0.343165
vn 0.946159 0.180811 -0.268497
vn 0.067081 -0.873480 0.482216
vn -0.947328 0.142887 0.286623
vn -0.812275 0.077432 0.578113
vn -0.670745 -0.013524 -0.741564
vn 0.992908 0.002680 -0.118853
vn 0.999670 -0.025406 -0.003854
vn 0.996504 0.018606 -0.081444
vn 0.406449 -0.220671 -0.886625
vn 0.772595 0.025745 -0.634377
vn 0.739792 -0.112146 -0.663424
vn -0.752565 -0.658517 -0.001405
vn -0.705302 -0.693938 0.144909
vn -0.142723 -0.660059 0.737531
vn -0.094247 -0.610823 0.786138
vn 0.738436 -0.163337 0.654243
vn 0.875568 -0.274852 0.397288
vn 0.693447 -0.364227 0.621667
vn 0.499891 -0.417584 0.758770
vn 0.567449 -0.527655 0.632125
vn 0.782546 -0.468072 0.410525
vn -0.904619 0.183090 0.384894
vn -0.551655 -0.290126 -0.781987
vn -0.483175 -0.343414 -0.805362
vn -0.104303 0.002774 -0.994542
vn -0.880423 -0.084672 0.466569
vn -0.118073 0.976772 0.178814
vn -0.048780 0.995792 0.077583
vn -0.070894 0.981159 0.179724
vn -0.723726 -0.514419 0.459993
vn 0.487403 -0.650466 0.582522
vn -0.894381 0.141953 0.424185
vn -0.887374 0.073254 0.455193
vn -0.994564 -0.071732 0.075480
vn -0.997077 -0.002362 0.076370
vn -0.981465 -0.085400 0.171564
vn -0.982548 -0.001692 0.186004
vn -0.085993 -0.195811 -0.976864
vn 0.413627 -0.151133 -0.897815
vn 0.797049 -0.193616 0.572036
vn 0.709203 -0.005727 -0.704981
vn -0.899537 0.351841 0.258922
vn 0.667078 0.231759 0.708022
vn 0.751214 0.178011 0.635602
vn -0.608225 0.051361 0.792102
vn -0.989453 0.038100 0.139757
vn -0.957555 -0.162463 0.238106
vn -0.918952 0.003046 -0.394357
vn 0.924599 -0.309539 -0.222041
vn 0.563994 0.092850 -0.820542
vn 0.672198 0.008800 -0.740319
vn -0.675547 0.047984 -0.735754
vn 0.053188 -0.392156 0.918360
vn 0.938508 0.264384 -0.222046
vn 0.973959 0.203808 0.099329
vn 0.924817 0.332650 -0.184546
vn -0.472177 -0.093020 0.876582
vn -0.367895 0.010975 0.929803
vn -0.989671 0.048100 -0.135046
vn -0.952015 -0.203744 0.228375
vn -0.769608 0.416105 0.484314
vn -0.889896 0.211698 0.404065
vn 0.999867 0.016337 0.000283
vn 0.967339 -0.039971 -0.250316
vn -0.101661 0.994777 -0.009124
vn 0.298263 -0.931108 0.209944
vn -0.985324 0.033417 0.167390
vn 0.903349 -0.001809 -0.428902
vn 0.834792 -0.035814 -0.549400
vn -0.811179 -0.539476 0.225732
vn -0.865037 -0.446040 -0.229696
vn -0.925793 -0.376927 -0.028870
vn 0.740241 0.110393 0.663217
vn 0.681553 0.021816 0.731443
vn -0.238229 0.038180 0.970458
vn -0.043029 0.008467 0.999038
vn -0.765029 0.458000 -0.452732
vn -0.870881 0.058564 -0.487992
vn -0.771356 -0.151061 -0.618215
vn 0.889618 0.265783 -0.371403
vn -0.984772 -0.159335 0.069543
vn -0.977431 0.025108 -0.209756
vn -0.996291 -0.038508 -0.076945
vn 0.862272 0.248453 -0.441315
vn 0.979463 0.073315 -0.187824
vn -0.195071 -0.667522 -0.718583
vn 0.947495 0.062226 -0.313657
vn -0.847208 0.143124 -0.511620
vn -0.819868 0.157814 -0.550374
vn 0.748299 -0.520281 -0.411530
vn 0.736959 -0.561937 -0.375656
vn -0.317252 0.121969 -0.940465
vn -0.156022 0.091000 -0.983553
vn 0.854389 -0.513768 0.077858
vn 0.779157 -0.610521 0.142054
vn 0.774909 -0.628372 0.068300
vn 0.403788 -0.844269 0.352372
vn -0.628744 -0.551427 0.548279
vn -0.644869 -0.620792 0.445827
vn -0.795639 0.009684 -0.605694
vn -0.625532 -0.136019 -0.768250
vn 0.623439 -0.148473 -0.767645
vn 0.520869 -0.116808 -0.845607
vn 0.987373 -0.149245 0.053100
vn 0.988287 0.151974 -0.013876
vn 0.920238 0.376314 0.107473
vn -0.973546 -0.029273 -0.226610
vn -0.985697 0.004184 -0.168476
vn -0.999833 -0.011792 0.013964
vn -0.990327 -0.017231 -0.137679
vn -0.501547 0.101428 0.859164
vn -0.132509 0.912918 0.386034
vn -0.434127 0.239185 0.868518
vn -0.869767 0.260428 0.419146
vn -0.564765 0.824906 -0.023877
vn -0.683594 -0.695495 -0.221328
vn -0.998449 -0.000645 0.055666
vn -0.957274 0.003537 0.289160
vn 0.314492 -0.941479 0.121289
vn -0.010088 -0.132224 -0.991169
vn 0.024921 -0.112414 -0.993349
vn 0.606306 -0.027689 0.794749
vn -0.132471 0.931121 0.339802
vn 0.027954 0.979038 0.201749
vn 0.958482 -0.024450 0.284105
vn 0.696744 0.043855 0.715978
vn 0.599808 -0.257627 -0.757534
vn -0.161704 0.096668 0.982093
vn -0.447199 0.101523 -0.888654
vn -0.171300 0.067233 -0.982922
vn -0.083644 0.057565 -0.994832
vn -0.849476 -0.447097 0.280171
vn 0.949392 -0.309993 0.050593
vn 0.536268 0.524295 -0.661461
vn -0.068292 0.865753 0.495791
vn -0.297279 0.096234 0.949929
vn 0.580923 0.382416 0.718531
vn -0.634947 0.021551 -0.772255
vn -0.706806 0.042816 -0.706110
vn -0.707761 -0.003905 -0.706442
vn 0.852849 0.452492 0.260576
vn -0.288479 -0.235414 0.928095
vn -0.430024 -0.842588 0.324229
vn -0.315221 -0.930991 0.184096
vn 0.903642 0.352258 0.243609
vn 0.021116 -0.214627 0.976468
vn 0.129776 0.140380 0.981556
vn 0.639949 -0.059402 0.766118
vn -0.657571 0.080876 0.749039
vn -0.203259 -0.036765 0.978435
vn 0.541243 -0.375853 0.752190
vn -0.461971 0.405229 0.788906
vn 0.253370 0.508379 0.823016
vn -0.064738 0.469241 0.880694
vn 0.091490 -0.821501 0.562819
vn 0.296195 -0.933222 -0.203383
vn 0.389758 -0.878195 -0.277240
vn -0.092229 0.134440 -0.986620
vn 0.051893 -0.993172 -0.104485
vn 0.079773 -0.995451 -0.052101
vn -0.053869 -0.996866 0.057930
vn -0.441776 0.532726 0.721829
vn -0.253957 -0.016144 -0.967081
vn 0.206506 0.114343 -0.971741
vn 0.002302 0.098077 -0.995176
vn 0.899998 0.142453 -0.411961
vn -0.743711 0.002028 0.668498
vn -0.771262 -0.176133 -0.611663
vn -0.932079 0.090187 0.350849
vn -0.964491 -0.064949 0.256005
vn -0.672395 0.006838 0.740161
vn 0.927582 -0.244998 -0.282076
vn -0.588095 0.218829 -0.778626
vn 0.766721 -0.030893 -0.641236
vn 0.770218 0.072651 -0.633630
vn -0.656189 -0.709540 0.256844
vn -0.130482 -0.103795 0.986003
vn -0.125153 0.051380 0.990806
vn 0.859560 -0.321737 -0.397041
vn 0.724158 -0.388667 0.569678
vn -0.607085 0.303833 0.734257
vn -0.813238 0.026543 0.581326
vn 0.493466 -0.033466 0.869121
vn 0.847618 0.409882 0.336959
vn -0.011833 -0.999442 -0.031251
vn -0.955889 0.226067 -0.187537
vn -0.909135 0.199002 -0.365886
vn 0.495105 -0.802023 -0.334111
vn 0.151092 -0.988130 0.027744
vn -0.773829 -0.251004 -0.581538
vn 0.233514 -0.970483 0.060292
vn -0.835140 0.199430 -0.512610
vn 0.231126 0.958582 0.166436
vn -0.291739 0.653377 -0.698560
vn 0.774256 0.081500 -0.627603
vn 0.725763 0.186063 -0.662305
vn -0.928043 0.062317 -0.367222
vn -0.991214 -0.105779 -0.079415
vn 0.482964 0.057459 -0.873753
vn -0.443951 0.001547 0.896050
vn 0.788651 -0.021172 -0.614476
vn 0.168168 0.985012 -0.038342
vn 0.140981 0.987982 -0.063367
vn 0.096875 -0.190882 0.976821
vn 0.300471 -0.198397 0.932929
vn 0.189701 -0.090124 -0.977697
vn 0.984886 0.024316 0.171488
vn 0.961935 0.084358 0.259932
vn 0.839139 0.293453 -0.457965
vn 0.982635 -0.040192 -0.181141
vn 0.292882 -0.242975 -0.924761
vn -0.303893 0.841522 -0.446644
vn -0.411661 0.731661 -0.543330
vn -0.797089 0.027648 0.603229
vn -0.960540 0.276320 -0.031779
vn 0.575955 -0.784724 -0.229094
vn 0.903457 -0.024666 0.427969
vn -0.497543 0.060485 -0.865328
vn -0.231531 -0.024633 -0.972516
vn -0.688884 0.269271 -0.673003
vn -0.987460 0.151730 -0.043586
vn -0.982794 0.032823 0.181767
vn -0.042813 -0.572643 0.818686
vn 0.294179 -0.579888 0.759730
vn 0.121054 -0.724102 0.678986
vn 0.927701 0.098580 -0.360074
vn 0.449233 -0.382891 0.807208
vn 0.975185 -0.080063 0.206410
vn 0.624943 -0.268303 0.733117
vn 0.914904 0.309564 -0.259077
vn 0.788605 0.083830 -0.609159
vn 0.733144 0.120875 0.669246
vn -0.507182 0.039138 0.860950
vn 0.882441 0.228763 -0.411053
vn 0.972250 0.005655 0.233878
vn 0.945749 -0.067454 0.317819
vn 0.856635 0.199693 -0.475709
vn 0.809927 0.206487 0.548982
vn -0.903430 0.353151 0.243101
vn -0.961528 0.219875 0.164682
vn -0.832809 0.455749 0.314200
vn 0.190826 -0.678815 -0.709081
vn 0.578233 0.003134 0.815865
vn -0.615487 0.321851 0.719436
vn 0.822762 0.141450 -0.550504
vn 0.984724 0.165789 0.053222
vn 0.372279 -0.166610 0.913044
vn 0.396102 -0.111113 0.911459
vn 0.400127 -0.163576 0.901744
vn 0.416397 -0.006310 0.909161
vn -0.254033 -0.946145 -0.200690
vn -0.919095 0.241596 0.311281
vn 0.902958 0.125129 -0.411108
vn 0.687206 0.224718 0.690833
vn 0.820339 0.229353 0.523872
vn 0.087497 0.995025 0.047647
vn 0.938992 0.049969 0.340289
vn 0.898094 -0.057782 0.435991
vn 0.899527 0.060594 -0.432642
vn 0.890363 -0.189082 -0.414127
vn 0.543528 -0.108452 0.832355
vn 0.486160 0.207676 0.848834
vn -0.317775 -0.932201 -0.173266
vn 0.741294 -0.671098 0.010478
vn -0.896716 -0.428952 0.109094
vn -0.332721 -0.068932 -0.940503
vn -0.408338 -0.207091 -0.889030
vn 0.653577 0.242237 0.717049
vn -0.677742 0.018663 0.735063
vn -0.562584 -0.434803 -0.703168
vn -0.408016 -0.458929 -0.789245
vn -0.127990 -0.975686 -0.177918
vn -0.880451 -0.154652 -0.448206
vn -0.882343 -0.207838 -0.422226
vn 0.862415 0.198326 -0.465734
vn -0.982790 0.093980 -0.159035
vn -0.981113 0.086461 -0.173036
vn -0.312457 -0.849860 -0.424392
vn -0.905363 0.301069 0.299458
vn 0.467666 -0.851053 -0.238741
vn -0.675832 0.087297 -0.731868
vn -0.389911 -0.030372 -0.920352
vn -0.437807 0.054559 -0.897412
vn -0.069702 0.065135 -0.995439
vn 0.280809 0.078294 -0.956565
vn -0.062635 0.250862 -0.965994
vn -0.786472 0.132706 -0.603201
vn -0.832200 -0.206448 -0.514608
vn 0.989652 -0.033635 0.139490
vn -0.979589 0.024346 0.199531
vn 0.838732 -0.053053 -0.541953
vn 0.993472 -0.091985 -0.067472
vn 0.985501 -0.039726 -0.164954
vn -0.173983 -0.026139 0.984402
vn 0.062957 0.089878 0.993961
vn -0.540232 -0.120928 0.832782
vn 0.104552 -0.772936 0.625810
vn -0.512274 -0.114417 -0.851166
vn -0.738283 0.039586 -0.673329
vn 0.932750 0.344617 0.105910
vn 0.349854 0.133765 0.927205
vn 0.459382 -0.055845 0.886482
vn 0.419554 0.248065 0.873177
vn -0.882576 0.224330 0.413202
vn -0.913459 0.160922 0.373760
vn -0.828882 0.443453 0.341035
vn -0.720957 0.500261 0.479542
vn -0.806648 -0.111471 0.580425
vn -0.880368 -0.243865 0.406796
vn 0.846191 0.377391 0.376214
vn -0.111171 -0.071100 0.991255
vn 0.263893 0.265093 0.927408
vn 0.126826 0.961240 0.244810
vn -0.253771 0.052590 0.965834
vn 0.790138 -0.340535 -0.509624
vn 0.650361 -0.540736 -0.533512
vn 0.733517 -0.371753 -0.568992
vn -0.187448 -0.964019 0.188493
vn 0.996833 -0.041522 -0.067817
vn 0.995925 -0.076463 0.047814
vn -0.199481 0.042987 -0.978958
vn 0.428575 0.252894 0.867391
vn 0.574328 0.165326 0.801757
vn 0.061895 0.949942 0.306235
vn 0.722465 0.194037 -0.663621
vn 0.266493 -0.960734 0.077283
vn 0.403626 -0.912814 0.062100
vn 0.460517 -0.871184 0.170184
vn -0.975013 -0.073756 0.209546
vn 0.720345 -0.608438 -0.333027
vn 0.355854 0.316254 0.879404
vn 0.044723 0.389636 0.919883
vn -0.892190 0.227384 0.390247
vn 0.286431 0.030007 0.957631
vn 0.412242 -0.738254 0.533889
vn -0.984136 0.132609 -0.117857
vn 0.398386 0.029388 -0.916747
vn 0.069832 0.328028 -0.942083
vn -0.947223 0.293179 0.129673
vn -0.990219 0.097669 -0.099640
vn 0.256642 0.944782 0.203769
vn -0.728300 0.100515 0.677847
vn -0.727975 0.046418 0.684030
vn -0.258803 0.005113 0.965917
vn 0.945335 0.220037 -0.240678
vn 0.928837 0.181485 -0.322994
vn 0.966743 0.255716 -0.004180
vn -0.858773 -0.081920 0.505764
vn -0.962988 0.006508 0.269466
vn 0.733622 0.197936 -0.650093
vn -0.632859 0.103365 -0.767336
vn -0.474228 -0.667527 0.574034
vn 0.295576 -0.924145 0.242057
vn -0.342037 0.006177 -0.939666
vn -0.608274 0.015396 -0.793578
vn -0.628100 -0.012784 -0.778027
vn 0.937810 0.122649 -0.324762
vn 0.900402 0.157775 -0.405442
vn -0.990378 0.138099 -0.008966
vn -0.742647 0.036852 -0.668669
vn -0.965514 0.067073 -0.251564
vn -0.942771 0.302264 -0.140778
vn -0.643897 0.055622 0.763087
vn 0.574071 -0.803336 0.158409
vn 0.458328 -0.887736 0.043124
vn 0.275787 0.891214 0.360111
vn 0.284153 0.866047 0.411363
vn -0.426457 0.004303 -0.904498
vn -0.570423 0.036791 -0.820526
vn -0.723330 -0.116143 -0.680665
vn -0.295337 -0.886725 0.355661
vn -0.234462 -0.822841 0.517649
vn -0.471720 -0.200017 0.858763
vn -0.016567 0.900140 0.435285
vn -0.890959 -0.064474 -0.449484
vn -0.893814 -0.075708 -0.442000
vn -0.781965 -0.011880 -0.623209
vn -0.484477 0.014159 -0.874690
vn 0.827742 0.150515 0.540545
vn 0.832179 0.228625 0.505182
vn 0.789917 0.241500 0.563656
vn 0.361023 0.100581 -0.927117
vn 0.425044 0.126808 -0.896246
vn 0.413768 0.097770 -0.905117
vn 0.200368 0.873578 0.443524
vn 0.928908 0.332291 0.163440
vn 0.970636 0.001863 0.240546
vn -0.111325 0.111425 0.987518
vn -0.904590 0.043776 -0.424030
vn -0.710016 -0.224688 0.667378
vn 0.864865 0.077122 0.496045
vn 0.839797 0.201801 0.504001
vn -0.306854 -0.949952 0.058585
vn 0.793872 0.188563 -0.578111
vn 0.760680 0.270754 -0.589965
vn 0.999282 -0.005455 -0.037502
vn 0.995992 -0.015222 -0.088138
vn 0.958213 0.077260 0.275423
vn 0.985054 0.057707 0.162289
vn 0.965256 -0.005651 0.261247
vn 0.011664 0.997587 0.068447
vn -0.053870 0.998188 -0.026796
vn 0.876054 -0.448521 0.177085
vn 0.801915 0.234666 0.549422
vn 0.232565 -0.097714 -0.967660
vn 0.197025 0.109886 -0.974221
vn 0.003574 0.104700 -0.994497
vn 0.043112 0.130359 -0.990529
vn -0.925096 0.346017 0.156429
vn 0.456156 -0.227942 0.860212
vn -0.985794 -0.065357 0.154720
vn -0.646275 -0.708088 0.284500
vn -0.350040 -0.072196 -0.933949
vn -0.860356 0.120670 -0.495203
vn -0.372138 -0.102655 -0.922483
vn 0.845362 0.167287 0.507324
vn 0.816710 0.182242 0.547516
vn -0.893521 0.061715 0.444760
vn -0.571571 0.643253 0.509443
vn 0.943261 -0.098718 0.317038
vn 0.974845 -0.041055 0.219070
vn -0.487794 -0.047939 -0.871642
vn -0.997899 0.000959 -0.064785
vn 0.883557 0.050491 0.465594
vn -0.763337 -0.009234 -0.645935
vn -0.633143 -0.025862 -0.773603
vn -0.603403 -0.005260 -0.797419
vn -0.629740 0.069769 -0.773667
vn 0.631116 -0.490946 0.600554
vn -0.798037 0.024811 0.602098
vn 0.593799 0.150615 0.790391
vn 0.441874 0.176752 0.879492
vn 0.158937 -0.464350 -0.871274
vn -0.141758 0.089034 0.985889
vn 0.179380 0.845032 0.503731
vn 0.928645 -0.363701 -0.073075
vn 0.967748 0.226138 0.111022
vn 0.759222 0.053349 -0.648642
vn 0.339592 -0.031849 0.940034
vn -0.088458 0.907758 0.410062
vn 0.767376 0.186101 0.613596
vn -0.144648 0.067251 0.987195
vn -0.004040 0.980516 0.196396
vn 0.167359 0.329963 0.929040
vn 0.096773 0.365787 0.925654
vn 0.911211 0.010070 -0.411817
vn 0.932863 -0.031323 -0.358866
vn 0.945291 -0.096351 -0.311676
vn -0.485949 -0.273965 -0.829938
vn -0.386063 -0.611712 -0.690481
vn -0.309526 0.075804 -0.947865
vn 0.261350 -0.148167 -0.953804
vn -0.880798 0.178047 0.438741
vn -0.941226 0.139011 0.307848
vn -0.915020 0.142219 0.377508
vn -0.154619 0.015173 -0.987858
vn -0.799707 0.011184 0.600286
vn 0.900314 -0.121246 0.418013
vn 0.594541 -0.321690 -0.736910
vn 0.870639 0.141157 -0.471235
vn 0.966687 0.142289 -0.212770
vn 0.941148 -0.069791 -0.330711
vn 0.975813 0.106189 -0.191082
vn -0.190224 0.180966 -0.964918
vn -0.277762 0.055576 -0.959041
vn -0.716865 -0.093710 0.690886
vn -0.635092 -0.097750 0.766226
vn -0.210327 -0.036953 -0.976933
vn -0.280240 -0.328591 0.901939
vn -0.853890 -0.102273 0.510306
vn 0.888540 0.180352 -0.421864
vn 0.833931 0.165964 -0.526322
vn -0.951424 -0.268039 0.151481
vn -0.044705 -0.991982 0.118211
vn 0.372738 0.051743 -0.926493
vn 0.716338 -0.498575 -0.488142
vn 0.979259 0.091412 -0.180822
vn -0.928898 0.025320 0.369469
vn -0.848192 0.412470 0.332323
vn -0.199314 -0.900187 0.387217
vn 0.311140 -0.842319 0.440103
vn 0.851831 -0.028254 -0.523055
vn -0.763861 0.024607 0.644912
vn 0.956180 0.236219 0.172976
vn 0.909637 0.270077 0.315626
vn 0.060371 0.891350 0.449277
vn -0.225050 0.540016 0.811009
vn -0.212031 0.459432 0.862534
vn 0.760305 0.131837 0.636046
vn -0.757739 0.013491 0.652419
vn 0.893197 0.050028 -0.446874
vn 0.828113 0.394508 -0.398236
vn -0.132521 -0.069785 0.988720
vn 0.977185 0.127073 -0.170184
vn -0.905373 0.197484 0.375899
vn -0.443490 -0.890232 0.103941
vn -0.555786 0.822328 0.121976
vn 0.107027 0.390522 0.914351
vn 0.998129 0.060713 -0.007242
vn 0.672887 0.078260 -0.735594
vn 0.772713 0.046949 -0.633017
vn 0.647829 -0.217982 -0.729932
vn 0.677767 -0.136519 -0.722492
vn -0.039309 -0.922948 -0.382913
vn -0.062584 -0.997510 -0.032512
vn 0.160784 0.079939 -0.983747
vn 0.928157 0.170699 -0.330737
vn 0.868453 0.467645 0.164617
vn -0.980166 0.197921 0.010077
vn -0.979645 0.190924 -0.062002
vn -0.402575 -0.307647 -0.862141
vn -0.832415 0.002477 -0.554147
vn -0.740662 -0.535104 -0.406304
vn -0.884568 0.450027 0.122535
vn 0.591031 0.137407 -0.794859
vn 0.634688 0.246902 -0.732264
vn -0.281119 -0.265420 0.922239
vn 0.887867 0.087035 0.451794
vn -0.451210 -0.686429 -0.570284
vn -0.014037 -0.050497 0.998626
vn -0.302784 0.411674 0.859561
vn 0.870266 0.201103 -0.449661
vn 0.836314 0.209556 -0.506621
vn -0.970827 -0.044974 -0.235526
vn 0.554224 0.164138 0.816024
vn -0.230169 -0.844192 -0.484110
vn -0.411022 -0.813964 -0.410515
vn 0.762729 -0.627874 0.154984
vn 0.663009 -0.748205 0.024648
vn -0.440121 -0.027014 0.897532
vn -0.336016 -0.175547 0.925352
vn 0.972583 0.230732 -0.029076
vn -0.453148 -0.801500 -0.390199
vn -0.623230 0.739045 0.255727
vn 0.975168 0.176780 -0.133401
vn -0.927921 0.173130 -0.330134
vn 0.208983 -0.962448 -0.173260
vn -0.971671 0.082125 0.221608
vn -0.065220 0.996916 0.043653
vn -0.977767 -0.010457 -0.209434
vn 0.815246 -0.075608 -0.574158
vn 0.971768 -0.181997 -0.150145
vn 0.994705 -0.097975 -0.031018
vn -0.446220 0.002120 0.894921
vn -0.139972 0.000084 0.990155
vn -0.551167 -0.022959 -0.834079
vn -0.933490 0.341269 0.110144
vn -0.732498 0.048442 0.679044
vn -0.590296 0.076575 0.803547
vn -0.765624 0.052177 0.641169
vn -0.590206 0.092055 0.801987
vn -0.997390 0.003632 -0.072116
vn -0.046390 0.964700 0.259232
vn -0.954722 0.072912 -0.288426
vn 0.237354 -0.046983 -0.970286
vn 0.608766 -0.775600 -0.166877
vn -0.074208 0.988656 0.130589
vn 0.415554 -0.899740 0.133349
vn 0.949608 -0.054364 0.308691
vn -0.291292 0.031506 0.956115
vn -0.238135 -0.001098 0.971232
vn -0.118760 0.029692 -0.992479
vn -0.098756 0.149767 -0.983777
vn 0.385608 -0.357415 0.850624
vn -0.303395 -0.680325 -0.667165
vn 0.995081 0.073751 -0.066141
vn 0.874482 0.022171 -0.484551
vn 0.079281 0.996847 -0.003128
vn 0.030575 0.998921 -0.034954
vn -0.205940 -0.959323 0.193101
vn -0.095332 0.018213 -0.995279
vn -0.138843 -0.963766 0.227769
vn 0.938042 0.105692 0.330010
vn -0.864663 0.224793 -0.449250
vn -0.017620 0.861885 0.506797
vn -0.644785 0.078676 -0.760305
vn 0.767865 -0.063356 0.637471
vn -0.994074 -0.074612 -0.079055
vn 0.664266 0.380679 0.643300
vn 0.196276 -0.923985 -0.328218
vn -0.057020 0.988489 0.140139
vn -0.013434 0.996358 0.084202
vn -0.000922 0.999064 0.043252
vn -0.076033 0.997094 0.004672
vn -0.305751 0.321214 0.896291
vn -0.753604 0.064461 0.654160
vn -0.614002 -0.789249 0.009312
vn -0.497684 0.075790 0.864041
vn -0.395878 0.021852 -0.918043
vn 0.694439 -0.172504 -0.698568
vn 0.107976 -0.865231 0.489608
vn -0.009026 0.912707 0.408515
vn 0.909120 0.260116 -0.325332
vn -0.945608 0.319331 0.062081
vn 0.760224 0.417738 0.497548
vn 0.927447 0.235236 0.290700
vn -0.970172 -0.094387 0.223286
vn 0.180212 -0.979646 -0.088419
vn 0.892315 -0.208086 -0.400593
vn 0.817592 -0.304804 -0.488506
vn -0.947893 0.230331 -0.220106
vn -0.841087 0.082846 -0.534518
vn -0.527359 -0.035790 -0.848888
vn -0.670096 0.356266 -0.651188
vn -0.393141 0.166945 -0.904196
vn -0.577386 -0.283255 -0.765762
vn -0.655238 -0.141615 -0.742030
vn -0.666664 0.006669 -0.745328
vn -0.711992 0.039056 -0.701100
vn -0.264564 0.921767 -0.283462
vn -0.006499 0.994506 0.104474
vn -0.523839 0.202829 0.827317
vn -0.725822 0.106335 0.679614
vn -0.882381 -0.015670 -0.470275
vn -0.783322 -0.038336 -0.620434
vn -0.189807 0.166322 -0.967631
vn 0.470648 -0.755662 0.455484
vn 0.999128 0.041424 -0.005197
vn 0.997964 -0.015010 -0.061986
vn 0.871803 0.083130 -0.482752
vn -0.425453 0.087886 0.900703
vn -0.991548 0.027684 0.126749
vn -0.641166 -0.078111 0.763416
vn 0.857394 -0.049055 -0.512317
vn -0.045987 0.119356 0.991786
vn -0.664937 0.529384 0.526888
vn -0.532555 0.054666 0.844628
vn -0.608196 0.035321 0.793001
vn 0.123890 0.045107 0.991270
vn -0.098130 0.068809 0.992792
vn -0.242305 0.007007 -0.970175
vn -0.804915 0.504701 0.312071
vn -0.424300 -0.027750 -0.905096
vn 0.556612 0.212602 0.803109
vn -0.592927 0.026247 -0.804829
vn -0.281222 -0.917317 -0.281856
vn 0.502882 0.123960 0.855420
vn 0.683550 0.247390 -0.686701
vn 0.967956 -0.023832 0.249988
vn -0.051363 0.958192 0.281478
vn -0.592928 -0.062399 0.802834
vn 0.394330 -0.864541 0.311566
vn -0.034364 -0.022110 -0.999165
vn 0.645089 0.087340 -0.759099
vn 0.476066 -0.085699 -0.875224
vn 0.513635 -0.162770 -0.842428
vn -0.926889 -0.352653 0.128500
vn -0.820886 -0.555005 0.134600
vn 0.984102 0.131308 -0.119589
vn 0.975040 0.005955 -0.221952
vn 0.978279 0.071977 -0.194394
vn -0.636532 -0.756554 0.149843
vn -0.152595 -0.163534 0.974665
vn 0.853718 -0.148277 -0.499179
vn 0.666140 -0.035376 -0.744987
vn 0.989585 0.142667 0.019184
vn 0.457503 0.135687 -0.878795
vn 0.441669 0.125342 -0.888379
vn -0.997368 -0.030158 0.065937
vn -0.524419 0.233007 -0.818958
vn -0.755000 0.426443 0.498118
vn -0.482966 0.145213 0.863514
vn 0.662204 0.152969 -0.733544
vn 0.814562 0.317475 0.485488
vn 0.437284 -0.166418 0.883792
vn 0.374346 -0.878306 0.297396
s 1
g pathpre8_low:Group5926
f 1613/1/1 3881/2/2 1951/3/3
f 1654/4/4 2269/5/5 3231/6/6
f 3231/6/6 2269/5/5 4470/7/7
f 4078/8/8 2082/9/9 1185/10/10
f 4/11/11 4122/12/12 1/13/13
f 2768/14/14 1920/15/15 4357/16/16
f 4710/17/17 2768/14/14 1302/18/18
f 3945/19/19 4473/20/20 2121/21/21
f 864/22/22 1457/23/23 1738/24/24
f 3624/25/25 2843/26/26 1709/27/27
f 2857/28/28 2315/29/29 4274/30/30
f 3964/31/31 1250/32/32 1369/33/33
f 2663/34/34 381/35/35 2685/36/36
f 460/37/37 2658/38/38 2121/21/21
f 1725/39/39 297/40/40 502/41/41
f 4969/42/42 3713/43/43 4712/44/44
f 1410/45/45 3471/46/46 1833/47/47
f 2656/48/48 3327/49/49 764/50/50
f 2143/51/51 671/52/52 4786/53/53
f 1099/54/54 1243/55/55 3066/56/56
f 3471/46/46 865/57/57 2586/58/58
f 711/59/59 3709/60/60 4611/61/61
f 8/62/62 1098/63/63 2236/64/64
f 4350/65/65 6/66/66 3620/67/67
f 1981/68/68 2689/69/69 1839/70/70
f 12/71/71 3713/43/43 4969/42/42
f 3139/72/72 10/73/73 1253/74/74
f 11/75/75 1197/76/76 7/77/77
f 4590/78/78 562/79/79 911/80/80
f 3554/81/81 3310/82/82 3227/83/83
f 2914/84/84 1347/85/85 3223/86/86
f 2019/87/87 1084/88/88 2679/89/89
f 1771/90/90 4225/91/91 4034/92/92
f 2280/93/93 3018/94/94 3392/95/95
f 2065/96/96 2008/97/97 699/98/98
f 4272/99/99 16/100/100 3261/101/101
f 2005/102/102 942/103/103 4250/104/104
f 2909/105/105 2023/106/106 966/107/107
f 1682/108/108 2375/109/109 2775/110/110
f 2407/111/111 1498/112/112 2406/113/113
f 3427/114/114 556/115/115 4439/116/116
f 4222/117/117 2037/118/118 2593/119/119
f 4581/120/120 1501/121/121 19/122/122
f 3748/123/123 3043/124/124 1463/125/125
f 1969/126/126 4684/127/127 4698/128/128
f 2347/129/129 389/130/130 1983/131/131
f 3444/132/132 4337/133/133 24/134/134
f 1532/135/135 387/136/136 643/137/137
f 2352/138/138 1586/139/139 1387/140/140
f 3446/141/141 20/142/142 3325/143/143
f 560/144/144 4884/145/145 3003/146/146
f 328/147/147 4119/148/148 3469/149/149
f 3446/141/141 1601/150/150 560/144/144
f 1619/151/151 1821/152/152 578/153/153
f 2845/154/154 2425/155/155 25/156/156
f 3748/123/123 1463/125/125 2342/157/157
f 1821/152/152 4552/158/158 2024/159/159
f 27/160/160 1666/161/161 4140/162/162
f 4046/163/163 1239/164/164 4661/165/165
f 1417/166/166 1970/167/167 1247/168/168
f 440/169/169 2680/170/170 3321/171/171
f 2547/172/172 1130/173/173 233/174/174
f 28/175/175 2844/176/176 2124/177/177
f 1942/178/178 2813/179/179 2004/180/180
f 30/181/181 3304/182/182 1521/183/183
f 587/184/184 34/185/185 4155/186/186
f 3772/187/187 456/188/188 1459/189/189
f 596/190/190 4480/191/191 2787/192/192
f 3749/193/193 1697/194/194 2772/195/195
f 3928/196/196 2815/197/197 672/198/198
f 1562/199/199 1063/200/200 588/201/201
f 2061/202/202 3611/203/203 4701/204/204
f 4361/205/205 3079/206/206 3486/207/207
f 2166/208/208 3453/209/209 1092/210/210
f 2255/211/211 4276/212/212 839/213/213
f 4264/214/214 3218/215/215 2620/216/216
f 3960/217/217 3247/218/218 1106/219/219
f 525/220/220 4685/221/221 2364/222/222
f 4574/223/223 4467/224/224 525/220/220
f 2105/225/225 965/226/226 2354/227/227
f 897/228/228 1246/229/229 3403/230/230
f 1919/231/231 3987/232/232 36/233/233
f 3438/234/234 3082/235/235 1426/236/236
f 927/237/237 651/238/238 2862/239/239
f 760/240/240 3340/241/241 3773/242/242
f 3137/243/243 1462/244/244 2769/245/245
f 2308/246/246 4263/247/247 2279/248/248
f 1542/249/249 2799/250/250 546/251/251
f 973/252/252 974/253/253 2322/254/254
f 897/228/228 1581/255/255 1246/229/229
f 3987/232/232 2422/256/256 444/257/257
f 1977/258/258 1402/259/259 443/260/260
f 3607/261/261 700/262/262 3533/263/263
f 4670/264/264 3795/265/265 4361/205/205
f 2779/266/266 2354/227/227 3205/267/267
f 4920/268/268 42/269/269 1899/270/270
f 2501/271/271 1123/272/272 40/273/273
f 3258/274/274 3817/275/275 2574/276/276
f 4366/277/277 4367/278/278 561/279/279
f 1175/280/280 1284/281/281 1069/282/282
f 3266/283/283 2251/284/284 41/285/285
f 4792/286/286 928/287/287 1437/288/288
f 2724/289/289 1374/290/290 3875/291/291
f 2468/292/292 1580/293/293 1310/294/294
f 2976/295/295 4243/296/296 882/297/297
f 882/297/297 707/298/298 2976/295/295
f 1985/299/299 47/300/300 3458/301/301
f 45/302/302 1208/303/303 224/304/304
f 2856/305/305 1333/306/306 2190/307/307
f 2916/308/308 660/309/309 872/310/310
f 1248/311/311 3278/312/312 3733/313/313
f 1128/314/314 1568/315/315 4386/316/316
f 3490/317/317 2959/318/318 661/319/319
f 4907/320/320 2533/321/321 1648/322/322
f 2641/323/323 1469/324/324 2500/325/325
f 462/326/326 1150/327/327 2595/328/328
f 4801/329/329 3715/330/330 49/331/331
f 2595/328/328 579/332/332 2874/333/333
f 2595/328/328 576/334/334 2036/335/335
f 4718/336/336 2945/337/337 1814/338/338
f 4364/339/339 3098/340/340 4837/341/341
f 1240/342/342 2248/343/343 2351/344/344
f 2841/345/345 415/346/346 4855/347/347
f 3799/348/348 4507/349/349 4335/350/350
f 3285/351/351 1164/352/352 4229/353/353
f 2535/354/354 3750/355/355 3228/356/356
f 2922/357/357 3666/358/358 2097/359/359
f 1121/360/360 2744/361/361 3907/362/362
f 2429/363/363 2917/364/364 58/365/365
f 1517/366/366 2429/363/363 58/365/365
f 4705/367/367 1741/368/368 60/369/369
f 493/370/370 1838/371/371 4584/372/372
f 2381/373/373 1870/374/374 3876/375/375
f 641/376/376 335/377/377 2394/378/378
f 3037/379/379 1570/380/380 1210/381/381
f 1585/382/382 2368/383/383 2353/384/384
f 4826/385/385 957/386/386 4923/387/387
f 345/388/388 2052/389/389 2669/390/390
f 4109/391/391 397/392/392 4112/393/393
f 657/394/394 4424/395/395 254/396/396
f 666/397/397 1305/398/398 1822/399/399
f 64/400/400 2588/401/401 2751/402/402
f 2778/403/403 4519/404/404 508/405/405
f 1953/406/406 3681/407/407 4217/408/408
f 64/400/400 2751/402/402 2388/409/409
f 63/410/410 2753/411/411 1987/412/412
f 3672/413/413 70/414/414 995/415/415
f 2069/416/416 627/417/417 66/418/418
f 1009/419/419 3972/420/420 1144/421/421
f 1535/422/422 4181/423/423 663/424/424
f 1728/425/425 3621/426/426 3698/427/427
f 4741/428/428 3659/429/429 4961/430/430
f 2699/431/431 1962/432/432 1482/433/433
f 1895/434/434 491/435/435 4177/436/436
f 72/437/437 74/438/438 4813/439/439
f 3473/440/440 4432/441/441 1184/442/442
f 4677/443/443 2447/444/444 2018/445/445
f 3919/446/446 3996/447/447 2771/448/448
f 2339/449/449 3557/450/450 3224/451/451
f 4863/452/452 1593/453/453 225/454/454
f 4950/455/455 1320/456/456 3270/457/457
f 74/438/438 3833/458/458 2597/459/459
f 2754/460/460 77/461/461 2536/462/462
f 2611/463/463 4331/464/464 659/465/465
f 950/466/466 83/467/467 4819/468/468
f 1245/469/469 3323/470/470 1638/471/471
f 1902/472/472 855/473/473 3283/474/474
f 1186/475/475 3027/476/476 3182/477/477
f 3563/478/478 3747/479/479 2590/480/480
f 1986/481/481 3570/482/482 2001/483/483
f 1395/484/484 80/485/485 4877/486/486
f 2389/487/487 2577/488/488 220/489/489
f 457/490/490 685/491/491 408/492/492
f 2766/493/493 2324/494/494 2172/495/495
f 2448/496/496 796/497/497 996/498/498
f 2577/488/488 2389/487/487 2392/499/499
f 1681/500/500 2766/493/493 2172/495/495
f 398/501/501 2084/502/502 1071/503/503
f 2275/504/504 1338/505/505 687/506/506
f 258/507/507 2827/508/508 2590/480/480
f 2263/509/509 78/510/510 1858/511/511
f 1589/512/512 2327/513/513 4739/514/514
f 92/515/515 1896/516/516 3418/517/517
f 84/518/518 2015/519/519 1335/520/520
f 1786/521/521 3986/522/522 3961/523/523
f 955/524/524 4968/525/525 3880/526/526
f 3861/527/527 2022/528/528 886/529/529
f 1955/530/530 958/531/531 2088/532/532
f 379/533/533 2108/534/534 2107/535/535
f 90/536/536 1336/537/537 3565/538/538
f 4880/539/539 80/485/485 2380/540/540
f 2073/541/541 2380/540/540 3629/542/542
f 2627/543/543 319/544/544 93/545/545
f 1466/546/546 1004/547/547 517/548/548
f 3107/549/549 880/550/550 2488/551/551
f 2011/552/552 2488/551/551 2652/553/553
f 1999/554/554 1637/555/555 288/556/556
f 1634/557/557 3338/558/558 91/559/559
f 1033/560/560 2756/561/561 1525/562/562
f 1555/563/563 3178/564/564 4359/565/565
f 3786/566/566 1667/567/567 910/568/568
f 299/569/569 324/570/570 309/571/571
f 2893/572/572 3896/573/573 2963/574/574
f 4324/575/575 303/576/576 4050/577/577
f 1736/578/578 3781/579/579 3680/580/580
f 3832/581/581 2125/582/582 2152/583/583
f 2839/584/584 100/585/585 3809/586/586
f 4751/587/587 2159/588/588 300/589/589
f 97/590/590 984/591/591 879/592/592
f 4065/593/593 1809/594/594 3707/595/595
f 219/596/596 2434/597/597 2365/598/598
f 2749/599/599 3338/558/558 4312/600/600
f 3762/601/601 1228/602/602 95/603/603
f 3242/604/604 4220/605/605 1290/606/606
f 2890/607/607 2709/608/608 726/609/609
f 323/610/610 1046/611/611 1519/612/612
f 4204/613/613 2133/614/614 1848/615/615
f 3762/601/601 827/616/616 1228/602/602
f 2198/617/617 2869/618/618 3242/604/604
f 2335/619/619 346/620/620 4326/621/621
f 3722/622/622 2761/623/623 4957/624/624
f 3267/625/625 2549/626/626 916/627/627
f 4100/628/628 2549/626/626 106/629/629
f 1451/630/630 3380/631/631 2755/632/632
f 1439/633/633 4487/634/634 3497/635/635
f 4810/636/636 2178/637/637 2740/638/638
f 732/639/639 4916/640/640 3884/641/641
f 108/642/642 3009/643/643 3210/644/644
f 1664/645/645 3635/646/646 870/647/647
f 3667/648/648 1222/649/649 655/650/650
f 1802/651/651 944/652/652 1509/653/653
f 1528/654/654 1489/655/655 1852/656/656
f 786/657/657 3160/658/658 4793/659/659
f 1835/660/660 2555/661/661 1777/662/662
f 3056/663/663 4228/664/664 4434/665/665
f 3813/666/666 347/667/667 679/668/668
f 1905/669/669 3060/670/670 1943/671/671
f 2272/672/672 2123/673/673 3655/674/674
f 1952/675/675 101/676/676 4702/677/677
f 1257/678/678 3054/679/679 3970/680/680
f 2529/681/681 4451/682/682 1904/683/683
f 2090/684/684 2988/685/685 727/686/686
f 3604/687/687 3606/688/688 4270/689/689
f 741/690/690 1717/691/691 4281/692/692
f 3787/693/693 3348/694/694 1329/695/695
f 410/696/696 2937/697/697 2722/698/698
f 3536/699/699 2055/700/700 2462/701/701
f 113/702/702 4893/703/703 1583/704/704
f 1048/705/705 1043/706/706 112/707/707
f 3701/708/708 3451/709/709 4545/710/710
f 1048/705/705 931/711/711 1043/706/706
f 3171/712/712 1693/713/713 2994/714/714
f 3309/715/715 4159/716/716 1518/717/717
f 1937/718/718 4563/719/719 1454/720/720
f 2481/721/721 119/722/722 1238/723/723
f 3735/724/724 3574/725/725 2882/726/726
f 3382/727/727 2763/728/728 4988/729/729
f 1010/730/730 4236/731/731 746/732/732
f 3873/733/733 4138/734/734 121/735/735
f 2530/736/736 2521/737/737 2705/738/738
f 4383/739/739 2871/740/740 3677/741/741
f 3156/742/742 2722/698/698 2148/743/743
f 4329/744/744 1433/745/745 2201/746/746
f 4329/744/744 2201/746/746 4328/747/747
f 1888/748/748 4422/749/749 2746/750/750
f 122/751/751 4752/752/752 3927/753/753
f 417/754/754 4858/755/755 2225/756/756
f 3099/757/757 125/758/758 442/759/759
f 1170/760/760 2039/761/761 785/762/762
f 1107/763/763 1887/764/764 4917/765/765
f 132/766/766 3142/767/767 676/768/768
f 1027/769/769 317/770/770 481/771/771
f 647/772/772 2719/773/773 3520/774/774
f 129/775/775 4242/776/776 922/777/777
f 126/778/778 4524/779/779 3118/780/780
f 845/781/781 3902/782/782 3860/783/783
f 1552/784/784 3508/785/785 3685/786/786
f 4848/787/787 1055/788/788 3755/789/789
f 128/790/790 2033/791/791 2427/792/792
f 2525/793/793 4802/794/794 1008/795/795
f 3367/796/796 4993/797/797 1761/798/798
f 3311/799/799 3315/800/800 232/801/801
f 3508/785/785 1552/784/784 2127/802/802
f 4600/803/803 2520/804/804 253/805/805
f 1857/806/806 133/807/807 3187/808/808
f 348/809/809 4815/810/810 2946/811/811
f 3090/812/812 2328/813/813 134/814/814
f 4815/810/810 2437/815/815 2946/811/811
f 2231/816/816 2584/817/817 3511/818/818
f 906/819/819 972/820/820 4649/821/821
f 3994/822/822 3757/823/823 1566/824/824
f 3730/825/825 1646/826/826 4165/827/827
f 3527/828/828 1118/829/829 2927/830/830
f 1036/831/831 354/832/832 4981/833/833
f 4184/834/834 4700/835/835 1520/836/836
f 3627/837/837 1546/838/838 4145/839/839
f 3463/840/840 4000/841/841 4956/842/842
f 2626/843/843 2739/844/844 3000/845/845
f 905/846/846 1803/847/847 819/848/848
f 3190/849/849 787/850/850 1878/851/851
f 2823/852/852 141/853/853 612/854/854
f 3632/855/855 3605/856/856 3712/857/857
f 4242/776/776 3504/858/858 291/859/859
f 152/860/860 141/853/853 263/861/861
f 539/862/862 3055/863/863 1138/864/864
f 2739/865/844 1346/866/865 3062/867/866
f 2645/868/867 4642/869/868 2098/870/869
f 842/871/870 1167/872/871 147/873/872
f 268/874/873 3613/875/874 161/876/875
f 1918/877/876 1755/878/877 1105/879/878
f 3730/825/825 4513/880/879 142/881/880
f 836/882/881 3412/883/882 226/884/883
f 2155/885/884 1407/886/885 3040/887/886
f 1167/872/871 4277/888/887 147/873/872
f 4626/889/888 4129/890/889 819/848/848
f 3409/891/890 1256/892/891 470/893/892
f 2156/894/893 1534/895/894 1470/896/895
f 479/897/896 3632/855/855 3712/857/857
f 3895/898/897 1500/899/898 1824/900/899
f 3843/901/900 2691/902/901 3313/903/902
f 1819/904/903 2257/905/904 2919/906/905
f 816/907/906 1346/908/865 1125/909/907
f 2250/910/908 1539/911/909 1089/912/910
f 1034/913/911 158/914/912 4398/915/913
f 1011/916/914 161/876/875 2735/917/915
f 528/918/916 2104/919/917 802/920/918
f 4707/921/919 4859/922/920 1956/923/921
f 4477/924/922 2580/925/923 3818/926/924
f 3798/927/925 2078/928/926 833/929/927
f 1608/930/928 1493/931/929 1507/932/930
f 3233/933/931 4167/934/932 4828/935/933
f 3739/936/934 1730/937/935 3911/938/936
f 1599/939/937 3761/940/938 4484/941/939
f 1412/942/940 262/943/941 570/944/942
f 161/876/875 722/945/943 2735/917/915
f 4706/946/944 1484/947/945 162/948/946
f 3758/949/947 1014/950/948 2911/951/949
f 2403/952/950 1724/953/951 4343/954/952
f 2207/955/953 1265/956/954 1434/957/955
f 3254/958/956 3724/959/957 1846/960/958
f 4516/961/959 1445/962/960 2667/963/961
f 3006/964/962 3479/965/963 3769/966/964
f 2678/967/965 4847/968/966 2933/969/967
f 2880/970/968 4511/971/969 1272/972/970
f 946/973/971 3312/974/972 316/975/973
f 4416/976/974 2993/977/975 946/973/971
f 3838/978/976 164/979/977 2567/980/978
f 4516/961/959 2563/981/979 1445/962/960
f 1957/982/980 3006/964/962 4814/983/981
f 724/984/982 2057/985/983 3019/986/984
f 3221/987/985 3019/986/984 255/988/986
f 3441/989/987 537/990/988 1295/991/989
f 2042/992/990 1477/993/991 1368/994/992
f 2983/995/993 2081/996/994 4394/997/995
f 2294/998/996 2993/977/975 4416/976/974
f 4827/999/997 2797/1000/998 3272/1001/999
f 2677/1002/1000 1204/1003/1001 4278/1004/1002
f 3252/1005/1003 2405/1006/1004 172/1007/1005
f 987/1008/1006 1997/1009/1007 606/1010/1008
f 1478/1011/1009 2710/1012/1010 4427/1013/1011
f 304/1014/1012 179/1015/1013 183/1016/1014
f 3431/1017/1015 590/1018/1016 592/1019/1017
f 180/1020/1018 2731/1021/1019 3736/1022/1020
f 1233/1023/1021 891/1024/1022 4535/1025/1023
f 204/1026/1024 2950/1027/1025 4319/1028/1026
f 4462/1029/1027 4212/1030/1028 1934/1031/1029
f 2014/1032/1030 4405/1033/1031 2141/1034/1032
f 1066/1035/1033 878/1036/1034 2710/1012/1010
f 4032/1037/1035 186/1038/1036 4854/1039/1037
f 174/1040/1038 176/1041/1039 4841/1042/1040
f 382/1043/1041 1485/1044/1042 4960/1045/1043
f 759/1046/1044 3013/1047/1045 3857/1048/1046
f 2297/1049/1047 3008/1050/1048 980/1051/1049
f 918/1052/1050 1628/1053/1051 1464/1054/1052
f 1739/1055/1053 1925/1056/1054 424/1057/1055
f 2484/1058/1056 4842/1059/1057 3849/1060/1058
f 1853/1061/1059 4064/1062/1060 3271/1063/1061
f 1559/1064/1062 187/1065/1063 1898/1066/1064
f 1488/1067/1065 3286/1068/1066 615/1069/1067
f 3152/1070/1068 1758/1071/1069 703/1072/1070
f 3343/1073/1071 4095/1074/1072 190/1075/1073
f 1798/1076/1074 3057/1077/1075 182/1078/1076
f 3100/1079/1077 2249/1080/1078 1366/1081/1079
f 181/1082/1080 2941/1083/1081 1907/1084/1082
f 2783/1085/1083 565/1086/1084 1467/1087/1085
f 1327/1088/1086 271/1089/1087 4849/1090/1088
f 202/1091/1089 2067/1092/1090 3898/1093/1091
f 227/1094/1092 4753/1095/1093 237/1096/1094
f 4104/1097/1095 2742/1098/1096 2068/1099/1097
f 3080/1100/1098 3812/1101/1099 2634/1102/1100
f 3121/1103/1101 3342/1104/1102 1216/1105/1103
f 4379/1106/1104 1148/1107/1105 3157/1108/1106
f 4621/1109/1107 193/1110/1108 2460/1111/1109
f 2182/1112/1110 4199/1113/1111 3525/1114/1112
f 3330/1115/1113 193/1110/1108 986/1116/1114
f 4593/1117/1115 1538/1118/1116 2904/1119/1117
f 913/1120/1118 4504/1121/1119 2208/1122/1120
f 1422/1123/1121 4914/1124/1122 2958/1125/1123
f 1764/1126/1124 3569/1127/1125 1834/1128/1126
f 4041/1129/1127 4259/1130/1128 1865/1131/1129
f 4742/1132/1130 1213/1133/1131 3426/1134/1132
f 3308/1135/1133 430/1136/1134 2485/1137/1135
f 2723/1138/1136 4023/1139/1137 1300/1140/1138
f 3828/1141/1139 4164/1142/1140 2736/1143/1141
f 4612/1144/1142 3643/1145/1143 202/1091/1089
f 2713/1146/1144 4314/1147/1145 695/1148/1146
f 358/1149/1147 3397/1150/1148 2846/1151/1149
f 199/1152/1150 3869/1153/1151 2408/1154/1152
f 209/1155/1153 205/1156/1154 4259/1157/1128
f 599/1158/1155 4472/1159/1156 4230/1160/1157
f 3549/1161/1158 1030/1162/1159 206/1163/1160
f 1984/1164/1161 1628/1053/1051 1668/1165/1162
f 2759/1166/1163 2568/1167/1164 1765/1168/1165
f 204/1026/1024 599/1169/1155 575/1170/1166
f 575/1171/1166 599/1158/1155 621/1172/1167
f 373/1173/1168 2020/1174/1169 426/1175/1170
f 205/1156/1154 209/1155/1153 3108/1176/1171
f 2300/1177/1172 3549/1161/1158 206/1163/1160
f 1908/1178/1173 1911/1179/1174 2120/1180/1175
f 2053/1181/1176 3943/1182/1177 2732/1183/1178
f 1780/1184/1179 3144/1185/1180 3191/1186/1181
f 521/1187/1182 3630/1188/1183 4296/1189/1184
f 4888/1190/1185 2142/1191/1186 1640/1192/1187
f 758/1193/1188 211/1194/1189 2938/1195/1190
f 4933/1196/1191 1791/1197/1192 287/1198/1193
f 4340/1199/1194 971/1200/1195 217/1201/1196
f 3457/1202/1197 992/1203/1198 1874/1204/1199
f 1341/1205/1200 993/1206/1201 2900/1207/1202
f 4690/1208/1203 2480/1209/1204 3891/1210/1205
f 1465/1211/1206 4979/1212/1207 450/1213/1208
f 2895/1214/1209 1802/651/651 1511/1215/1210
f 1044/1216/1211 2525/793/793 2817/1217/1212
f 2596/1218/1213 4125/1219/1214 2836/1220/1215
f 3671/1221/1216 128/790/790 2838/1222/1217
f 1910/1223/1218 947/1224/1219 4081/1225/1220
f 595/1226/1221 1728/425/425 3698/427/427
f 2790/1227/1222 2576/1228/1223 2044/1229/1224
f 856/1230/1225 1407/886/885 2155/885/884
f 1231/1231/1226 4424/395/395 3587/1232/1227
f 444/257/257 1973/1233/1228 2085/1234/1229
f 2585/1235/1230 223/1236/1231 3091/1237/1232
f 4280/1238/1233 3132/1239/1234 3595/1240/1235
f 2699/431/431 1482/433/433 887/1241/1236
f 2831/1242/1237 2552/1243/1238 3385/1244/1239
f 901/1245/1240 3352/1246/1241 840/1247/1242
f 1317/1248/1243 2582/1249/1244 3690/1250/1245
f 2421/1251/1246 3997/1252/1247 124/1253/1248
f 3806/1254/1249 542/1255/1250 3808/1256/1251
f 1095/1257/1252 4033/1258/1253 2459/1259/1254
f 866/1260/1255 896/1261/1256 3095/1262/1257
f 2605/1263/1258 4876/1264/1259 4863/452/452
f 3266/283/283 41/285/285 2367/1265/1260
f 3739/936/934 3515/1266/1261 1730/937/935
f 4949/1267/1262 2259/1268/1263 3017/1269/1264
f 230/1270/1265 2457/1271/1266 3992/1272/1267
f 1274/1273/1268 4653/1274/1269 792/1275/1270
f 2716/1276/1271 155/1277/1272 1824/900/899
f 1685/1278/1273 4060/1279/1274 302/1280/1275
f 3017/1269/1264 2259/1268/1263 3365/1281/1276
f 1420/1282/1277 229/1283/1278 1734/1284/1279
f 4386/316/316 1497/1285/1280 2308/246/246
f 282/1286/1281 535/1287/1282 1090/1288/1283
f 2365/598/598 2433/1289/1284 3694/1290/1285
f 4776/1291/1286 1072/1292/1287 2943/1293/1288
f 157/1294/1289 2842/1295/1290 4453/1296/1291
f 2219/1297/1292 4821/1298/1293 1864/1299/1294
f 3992/1272/1267 4653/1274/1269 3794/1300/1295
f 4105/1301/1296 484/1302/1297 1406/1303/1298
f 2150/1304/1299 1145/1305/1300 737/1306/1301
f 180/1020/1018 3736/1022/1020 1880/1307/1302
f 2057/985/983 163/1308/1303 730/1309/1304
f 2007/1310/1305 3989/1311/1306 2430/1312/1307
f 4905/1313/1308 4753/1095/1093 2370/1314/1309
f 4315/1315/1310 4314/1147/1145 2487/1316/1311
f 3361/1317/1312 1679/1318/1313 2051/1319/1314
f 2262/1320/1315 332/1321/1316 4454/1322/1317
f 4624/1323/1318 419/1324/1319 829/1325/1320
f 2806/1326/1321 4356/1327/1322 3174/1328/1323
f 1479/1329/1324 4322/1330/1325 216/1331/1326
f 3165/1332/1327 3940/1333/1328 3830/1334/1329
f 2715/1335/1330 2615/1336/1331 4327/1337/1332
f 744/1338/1333 1828/1339/1334 4563/719/719
f 1089/912/910 160/1340/1335 1715/1341/1336
f 4742/1132/1130 3426/1134/1132 1901/1342/1337
f 185/1343/1338 635/1344/1339 245/1345/1340
f 3898/1093/1091 2067/1092/1090 2230/1346/1341
f 1990/1347/1342 3542/1348/1343 708/1349/1344
f 4188/1350/1345 1823/1351/1346 4150/1352/1347
f 879/592/592 99/1353/1348 3932/1354/1349
f 98/1355/1350 2260/1356/1351 2617/1357/1352
f 4810/636/636 2456/1358/1353 2178/637/637
f 3153/1359/1354 4345/1360/1355 2137/1361/1356
f 4740/1362/1357 2962/1363/1358 3922/1364/1359
f 3922/1364/1359 4175/1365/1360 3920/1366/1361
f 168/1367/1362 3140/1368/1363 1232/1369/1364
f 3441/989/987 1295/991/989 3015/1370/1365
f 251/1371/1366 96/1372/1367 1290/606/606
f 1335/520/520 2015/519/519 3582/1373/1368
f 319/544/544 1988/1374/1369 2839/584/584
f 1669/1375/1370 3323/470/470 2943/1293/1288
f 1508/1376/1371 862/1377/1372 154/1378/1373
f 3277/1379/1374 2106/1380/1375 3085/1381/1376
f 3182/477/477 1416/1382/1377 1186/475/475
f 4363/1383/1378 3109/1384/1379 2338/1385/1380
f 1014/950/948 2101/1386/1381 2911/951/949
f 4795/1387/1382 4311/1388/1383 2522/1389/1384
f 256/1390/1385 4634/1391/1386 3445/1392/1387
f 1724/953/951 166/1393/1388 735/1394/1389
f 559/1395/1390 4295/1396/1391 2456/1358/1353
f 2528/1397/1392 3208/1398/1393 586/1399/1394
f 258/507/507 3449/1400/1395 2827/508/508
f 3109/1384/1379 1416/1382/1377 1350/1401/1396
f 259/1402/1397 149/1403/1398 4509/1404/1399
f 3540/1405/1400 238/1406/1401 1830/1407/1402
f 4249/1408/1403 4565/1409/1404 2189/1410/1405
f 4028/1411/1406 3871/1412/1407 228/1413/1408
f 3125/1414/1409 3587/1232/1227 4809/1415/1410
f 4812/1416/1411 2157/1417/1412 3972/420/420
f 2207/955/953 1434/957/955 4375/1418/1413
f 1159/1419/1414 2295/1420/1415 2495/1421/1416
f 152/860/860 263/861/861 4285/1422/1417
f 1806/1423/1418 3723/1424/1419 362/1425/1420
f 3159/1426/1421 3599/1427/1422 1994/1428/1423
f 1989/1429/1424 1743/1430/1425 3913/1431/1426
f 265/1432/1427 2659/1433/1428 2865/1434/1429
f 38/1435/1430 265/1432/1427 4518/1436/1431
f 2528/1397/1392 3890/1437/1432 3883/1438/1433
f 741/690/690 1097/1439/1434 932/1440/1435
f 267/1441/1436 4110/1442/1437 4399/1443/1438
f 4044/1444/1439 2080/1445/1440 3510/1446/1441
f 1418/1447/1442 3615/1448/1443 3161/1449/1444
f 815/1450/1445 322/1451/1446 2007/1310/1305
f 269/1452/1447 4959/1453/1448 1910/1223/1218
f 38/1435/1430 3805/1454/1449 2094/1455/1450
f 3711/1456/1451 270/1457/1452 4781/1458/1453
f 1146/1459/1454 418/1460/1455 999/1461/1456
f 4006/1462/1457 241/1463/1458 3516/1464/1459
f 2210/1465/1460 4308/1466/1461 2139/1467/1462
f 1089/912/910 1539/911/909 160/1340/1335
f 1658/1468/1463 1748/1469/1464 529/1470/1465
f 2982/1471/1466 1538/1118/1116 3064/1472/1467
f 4462/1029/1027 1726/1473/1468 837/1474/1469
f 135/1475/1470 274/1476/1471 3901/1477/1472
f 4149/1478/1473 3725/1479/1474 2306/1480/1475
f 1883/1481/1476 625/1482/1477 2198/617/617
f 3402/1483/1478 2331/1484/1479 315/1485/1480
f 1413/1486/1481 1513/1487/1482 654/1488/1483
f 4021/1489/1484 2311/1490/1485 3291/1491/1486
f 810/1492/1487 3702/1493/1488 2120/1180/1175
f 970/1494/1489 242/1495/1490 677/1496/1491
f 2793/1497/1492 3316/1498/1493 656/1499/1494
f 2659/1433/1428 265/1432/1427 3591/1500/1495
f 279/1501/1496 2193/1502/1497 222/1503/1498
f 1093/1504/1499 2608/1505/1500 4791/1506/1501
f 4258/1507/1502 3355/1508/1503 2898/1509/1504
f 2526/1510/1505 615/1069/1067 3286/1068/1066
f 3979/1511/1506 1575/1512/1507 397/392/392
f 2224/1513/1508 282/1286/1281 3032/1514/1509
f 2362/1515/1510 532/1516/1511 3543/1517/1512
f 2195/1518/1513 4194/1519/1514 2816/1520/1515
f 2286/1521/1516 283/1522/1517 2380/540/540
f 2286/1521/1516 3543/1517/1512 2378/1523/1518
f 3558/1524/1519 3038/1525/1520 1988/1374/1369
f 1511/1215/1210 1802/651/651 4763/1526/1521
f 862/1377/1372 4870/1527/1522 154/1378/1373
f 134/814/814 2328/813/813 4090/1528/1523
f 223/1236/1231 2585/1235/1230 4068/1529/1524
f 2475/1530/1525 367/1531/1526 620/1532/1527
f 1012/1533/1528 3165/1332/1327 192/1534/1529
f 860/1535/1530 987/1008/1006 606/1010/1008
f 288/556/556 1634/557/557 91/559/559
f 1637/555/555 1633/1536/1531 288/556/556
f 4118/1537/1532 114/1538/1533 2302/1539/1534
f 1331/1540/1535 2462/701/701 4803/1541/1536
f 52/1542/1537 3950/1543/1538 290/1544/1539
f 543/1545/1540 2466/1546/1541 2929/1547/1542
f 291/859/859 4392/1548/1543 4242/776/776
f 2293/1549/1544 4393/1550/1545 1105/879/878
f 3439/1551/1546 2392/499/499 326/1552/1547
f 290/1544/1539 3950/1543/1538 1827/1553/1548
f 2948/1554/1549 2473/1555/1550 2869/618/618
f 1777/662/662 1291/1556/1551 1835/660/660
f 2498/1557/1552 3991/1558/1553 294/1559/1554
f 3763/1560/1555 1141/1561/1556 2499/1562/1557
f 2285/1563/1558 3311/799/799 232/801/801
f 1042/1564/1559 1420/1282/1277 1734/1284/1279
f 1480/1565/1560 3633/1566/1561 296/1567/1562
f 607/1568/1563 1961/1569/1564 2512/1570/1565
f 1892/1571/1566 7/77/77 1197/76/76
f 1440/1572/1567 2828/1573/1568 4206/1574/1569
f 4029/1575/1570 298/1576/1571 513/1577/1572
f 3285/351/351 1248/311/311 3733/313/313
f 1471/1578/1573 3189/1579/1574 3600/1580/1575
f 796/497/497 2448/496/496 4695/1581/1576
f 458/1582/1577 853/1583/1578 3507/1584/1579
f 3319/1585/1580 1486/1586/1581 513/1577/1572
f 2631/1587/1582 301/1588/1583 2355/1589/1584
f 15/1590/1585 3559/1591/1586 4087/1592/1587
f 649/1593/1588 3980/1594/1589 2902/1595/1590
f 1237/1596/1591 1065/1597/1592 3138/1598/1593
f 3786/566/566 910/568/568 4450/1599/1594
f 640/1600/1595 2467/1601/1596 4739/514/514
f 2357/1602/1597 2664/1603/1598 304/1014/1012
f 623/1604/1599 649/1593/1588 2902/1595/1590
f 2518/1605/1600 2001/483/483 3570/482/482
f 1550/1606/1601 4576/1607/1602 1669/1375/1370
f 3104/1608/1603 2625/1609/1604 1566/824/824
f 2711/1610/1605 4891/1611/1606 2402/1612/1607
f 1389/1613/1608 1544/1614/1609 307/1615/1610
f 2970/1616/1611 2494/1617/1612 2603/1618/1613
f 4110/1442/1437 3366/1619/1614 4399/1443/1438
f 1853/1061/1059 3271/1063/1061 2469/1620/1615
f 309/571/571 303/576/576 4324/575/575
f 984/591/591 99/1353/1348 879/592/592
f 310/1621/1616 2552/1243/1238 2831/1242/1237
f 3715/330/330 1711/1622/1617 49/331/331
f 3081/1623/1618 311/1624/1619 2404/1625/1620
f 4379/1106/1104 3157/1108/1106 203/1626/1621
f 2716/1276/1271 2411/1627/1622 155/1277/1272
f 1078/1628/1623 1315/1629/1624 4448/1630/1625
f 4848/787/787 1011/916/914 4246/1631/1626
f 4236/731/731 3155/1632/1627 746/732/732
f 3994/822/822 4761/1633/1628 3757/823/823
f 2541/1634/1629 4003/1635/1630 1412/942/940
f 2331/1484/1479 3130/1636/1631 3834/1637/1632
f 4111/1638/1633 3096/1639/1634 2356/1640/1635
f 3326/1641/1636 4721/1642/1637 3057/1077/1075
f 3326/1641/1636 3057/1077/1075 1798/1076/1074
f 3692/1643/1638 1118/829/829 2438/1644/1639
f 1118/829/829 160/1340/1335 2851/1645/1640
f 294/1559/1554 3991/1558/1553 2077/1646/1641
f 4638/1647/1642 1704/1648/1643 4641/1649/1644
f 319/544/544 1057/1650/1645 1988/1374/1369
f 2458/1651/1646 252/1652/1647 1515/1653/1648
f 320/1654/1649 3267/625/625 2071/1655/1650
f 656/1499/1494 1431/1656/1651 2793/1497/1492
f 4125/1219/1214 2434/597/597 219/596/596
f 1244/1657/1652 249/1658/1653 105/1659/1654
f 2007/1310/1305 322/1451/1446 2747/1660/1655
f 1882/1661/1656 2272/672/672 1431/1656/1651
f 910/568/568 2479/1662/1657 3855/1663/1658
f 2260/1356/1351 98/1355/1350 3993/1664/1659
f 324/570/570 303/576/576 309/571/571
f 1397/1665/1660 3786/566/566 1398/1666/1661
f 3469/149/149 325/1667/1662 4307/1668/1663
f 2235/1669/1664 4415/1670/1665 1292/1671/1666
f 4688/1672/1667 1019/1673/1668 1999/554/554
f 2265/1674/1669 3870/1675/1670 1962/432/432
f 1993/1676/1671 327/1677/1672 4571/1678/1673
f 2280/93/93 1225/1679/1674 3018/94/94
f 1709/27/27 2843/26/26 1251/1680/1675
f 791/1681/1676 1976/1682/1677 3411/1683/1678
f 1951/3/3 3881/2/2 4209/1684/1679
f 2/1685/1680 1356/1686/1681 1207/1687/1682
f 2776/1688/1683 2289/1689/1684 1584/1690/1685
f 3601/1691/1686 2581/1692/1687 4965/1693/1688
f 4233/1694/1689 3039/1695/1690 1644/1696/1691
f 2355/1589/1584 4085/1697/1692 2631/1587/1582
f 3642/1698/1693 1196/1699/1694 43/1700/1695
f 3137/243/243 2769/245/245 4197/1701/1696
f 4549/1702/1697 684/1703/1698 3676/1704/1699
f 4549/1702/1697 3676/1704/1699 3377/1705/1700
f 2776/1688/1683 4292/1706/1701 2289/1689/1684
f 2769/245/245 1891/1707/1702 1442/1708/1703
f 335/377/377 894/1709/1704 2394/378/378
f 2606/1710/1705 1444/1711/1706 3678/1712/1707
f 336/1713/1708 1978/1714/1709 3280/1715/1710
f 3280/1715/1710 2579/1716/1711 4035/1717/1712
f 2825/1718/1713 3860/783/783 130/1719/1714
f 1489/655/655 3892/1720/1715 2692/1721/1716
f 342/1722/1717 1172/1723/1718 2569/1724/1719
f 4456/1725/1720 2230/1726/1341 1773/1727/1721
f 339/1728/1722 2602/1729/1723 2666/1730/1724
f 1877/1731/1725 342/1722/1717 2727/1732/1726
f 2068/1733/1097 2569/1724/1719 1172/1723/1718
f 2977/1734/1727 769/1735/1728 4433/1736/1729
f 341/1737/1730 3145/1738/1731 3581/1739/1732
f 3348/694/694 1792/1740/1733 729/1741/1734
f 2604/1742/1735 339/1728/1722 2666/1730/1724
f 1653/1743/1736 1773/1727/1721 488/1744/1737
f 3629/542/542 3148/1745/1738 2073/541/541
f 87/1746/1739 3842/1747/1740 2373/1748/1741
f 624/1749/1742 3918/1750/1743 1518/717/717
f 123/1751/1744 1049/1752/1745 1671/1753/1746
f 345/388/388 2190/307/307 3939/1754/1747
f 3406/1755/1748 2856/305/305 2190/307/307
f 3760/1756/1749 3158/1757/1750 4546/1758/1751
f 1308/1759/1752 2358/1760/1753 4210/1761/1754
f 1149/1762/1755 3947/1763/1756 754/1764/1757
f 4491/1765/1758 4161/1766/1759 2636/1767/1760
f 3746/1768/1761 785/762/762 2039/761/761
f 4002/1769/1762 4662/1770/1763 1074/1771/1764
f 3939/1754/1747 2052/389/389 345/388/388
f 3703/1772/1765 3721/1773/1766 3707/595/595
f 353/1774/1767 3961/523/523 3175/1775/1768
f 1922/1776/1769 749/1777/1770 2708/1778/1771
f 2884/1779/1772 351/1780/1773 3467/1781/1774
f 2999/1782/1775 131/1783/1776 3194/1784/1777
f 1954/1785/1778 3274/1786/1779 3480/1787/1780
f 2222/1788/1781 1320/456/456 4950/455/455
f 3177/1789/1782 353/1774/1767 3175/1775/1768
f 4674/1790/1783 1786/521/521 2502/1791/1784
f 4037/1792/1785 1997/1009/1007 1639/1793/1786
f 2438/1644/1639 4185/1794/1787 3692/1643/1638
f 1141/1561/1556 4485/1795/1788 2499/1562/1557
f 180/1020/1018 3216/1796/1789 2150/1304/1299
f 273/1797/1790 356/1798/1791 1897/1799/1792
f 1726/1473/1468 4462/1029/1027 273/1797/1790
f 174/1040/1038 2060/1800/1793 357/1801/1794
f 2933/969/967 4847/968/966 1691/1802/1795
f 3080/1100/1098 3083/1803/1796 4256/1804/1797
f 1860/1805/1798 4353/1806/1799 878/1036/1034
f 2563/981/979 1849/1807/1800 1921/1808/1801
f 908/1809/1802 536/1810/1803 2271/1811/1804
f 164/979/977 2537/1812/1805 2567/980/978
f 1873/1813/1806 361/1814/1807 1495/1815/1808
f 3371/1816/1809 361/1814/1807 3089/1817/1810
f 4266/1818/1811 4269/1819/1812 374/1820/1813
f 165/1821/1814 2505/1822/1815 1849/1807/1800
f 2092/1823/1816 1342/1824/1817 1729/1825/1818
f 4364/339/339 1514/1826/1819 3098/340/340
f 3363/1827/1820 1679/1318/1313 3361/1317/1312
f 4481/1828/1821 364/1829/1822 1547/1830/1823
f 1469/324/324 2641/323/323 1651/1831/1824
f 4066/1832/1825 4544/1833/1826 223/1236/1231
f 3546/1834/1827 2995/1835/1828 2829/1836/1829
f 366/1837/1830 1998/1838/1831 3903/1839/1832
f 483/1840/1833 1403/1841/1834 4874/1842/1835
f 4152/1843/1836 367/1531/1526 4068/1529/1524
f 2807/1844/1837 365/1845/1838 73/1846/1839
f 363/1847/1840 368/1848/1841 2829/1836/1829
f 240/1849/1842 1096/1850/1843 2991/1851/1844
f 3683/1852/1845 433/1853/1846 369/1854/1847
f 921/1855/1848 1340/1856/1849 2951/1857/1850
f 1666/161/161 1665/1858/1851 4140/162/162
f 4994/1859/1852 2376/1860/1853 1286/1861/1854
f 371/1862/1855 779/1863/1856 1348/1864/1857
f 159/1865/1858 527/1866/1859 4394/997/995
f 2745/1867/1860 1544/1614/1609 3937/1868/1861
f 3722/622/622 2655/1869/1862 2761/623/623
f 971/1200/1195 1688/1870/1863 208/1871/1864
f 2303/1872/1865 1739/1055/1053 1799/1873/1866
f 3512/1874/1867 4502/1875/1868 4500/1876/1869
f 1059/1877/1870 2783/1085/1083 1467/1087/1085
f 500/1878/1871 3840/1879/1872 454/1880/1873
f 2463/1881/1874 3388/1882/1875 1706/1883/1876
f 460/37/37 2940/1884/1877 2658/38/38
f 764/50/50 1047/1885/1878 2656/48/48
f 2810/1886/1879 3259/1887/1880 140/1888/1881
f 468/1889/1882 151/1890/1883 2524/1891/1884
f 4153/1892/1885 378/1893/1886 1870/1894/374
f 1151/1895/1887 2211/1896/1888 59/1897/1889
f 849/1898/1890 1133/1899/1891 44/1900/1892
f 564/1901/1893 3499/1902/1894 3566/1903/1895
f 380/1904/1896 3894/1905/1897 1721/1906/1898
f 3611/203/203 3609/1907/1899 4701/204/204
f 389/130/130 2451/1908/1900 1983/131/131
f 2451/1908/1900 4692/1909/1901 4458/1910/1902
f 3938/1911/1903 2546/1912/1904 2439/1913/1905
f 2545/1914/1906 2544/1915/1907 2252/1916/1908
f 1760/1917/1909 226/1918/883 3412/1919/882
f 2439/1913/1905 2546/1912/1904 1165/1920/1910
f 3184/1921/1911 1896/516/516 4998/1922/1912
f 2681/1923/1913 4830/1924/1914 633/1925/1915
f 5/1926/1916 1577/1927/1917 385/1928/1918
f 939/1929/1919 2912/1930/1920 4430/1931/1921
f 386/1932/1922 3035/1933/1923 548/1934/1924
f 1866/1935/1925 4853/1936/1926 934/1937/1927
f 4013/1938/1928 25/156/156 3640/1939/1929
f 3924/1940/1930 4201/1941/1931 496/1942/1932
f 4526/1943/1933 788/1944/1934 3550/1945/1935
f 1414/1946/1936 3503/1947/1937 4550/1948/1938
f 4135/1949/1939 617/1950/1940 3226/1951/1941
f 1446/1952/1942 954/1953/1943 14/1954/1944
f 1859/1955/1945 390/1956/1946 1269/1957/1947
f 1821/152/152 2024/159/159 578/153/153
f 1282/1958/1948 2613/1959/1949 4058/1960/1950
f 627/417/417 2087/1961/1951 2086/1962/1952
f 554/1963/1953 2830/1964/1954 2990/1965/1955
f 3705/1966/1956 2211/1967/1888 1151/1968/1887
f 3133/1969/1957 66/1970/418 1579/1971/1958
f 1468/1972/1959 1306/1973/1960 688/1974/1961
f 4017/1975/1962 1194/1976/1963 768/1977/1964
f 1275/1978/1965 2949/1979/1966 3077/1980/1967
f 3458/301/301 2777/1981/1968 395/1982/1969
f 1985/299/299 3458/301/301 1575/1512/1507
f 55/1983/1970 3462/1984/1971 3465/1985/1972
f 1953/406/406 923/1986/1973 3681/407/407
f 2379/1987/1974 650/1988/1975 3292/1989/1976
f 3292/1989/1976 3405/1990/1977 2379/1987/1974
f 2575/1991/1978 4168/1992/1979 2140/1993/1980
f 3348/694/694 729/1741/1734 3800/1994/1981
f 399/1995/1982 35/1996/1983 2503/1997/1984
f 2318/1998/1985 1696/1999/1986 2772/195/195
f 400/2000/1987 607/1568/1563 4758/2001/1988
f 3208/1398/1393 883/2002/1989 4459/2003/1990
f 1533/2004/1991 4304/2005/1992 1053/2006/1993
f 4890/2007/1994 3858/2008/1995 3791/2009/1996
f 2076/2010/1997 2431/2011/1998 1642/2012/1999
f 2994/714/714 3564/2013/2000 3171/712/712
f 3669/2014/2001 3085/1381/1376 1378/2015/2002
f 1131/2016/2003 4498/2017/2004 2192/2018/2005
f 2298/2019/2006 2637/2020/2007 1038/2021/2008
f 1035/2022/2009 3490/317/317 4774/2023/2010
f 1895/434/434 1879/2024/2011 491/435/435
f 2454/2025/2012 935/2026/2013 4297/2027/2014
f 2373/1748/1741 2074/2028/2015 87/1746/1739
f 2371/2029/2016 3862/2030/2017 2373/1748/1741
f 2821/2031/2018 2326/2032/2019 3864/2033/2020
f 1188/2034/2021 3864/2033/2020 3604/687/687
f 3842/1747/1740 3858/2008/1995 406/2035/2022
f 3274/1786/1779 2766/493/493 3480/1787/1780
f 1575/1512/1507 3979/1511/1506 1985/299/299
f 2000/2036/2023 2818/2037/2024 2195/1518/1513
f 4289/2038/2025 2073/541/541 410/696/696
f 1533/2004/1991 3862/2030/2017 2371/2029/2016
f 4558/2039/2026 3224/451/451 411/2040/2027
f 1624/2041/2028 1131/2016/2003 653/2042/2029
f 4133/2043/2030 3031/2044/2031 1426/236/236
f 2468/292/292 2873/2045/2032 1580/293/293
f 2265/1674/1669 1595/2046/2033 3870/1675/1670
f 1912/2047/2034 326/1552/1547 1827/1553/1548
f 3178/564/564 414/2048/2035 2307/2049/2036
f 2471/2050/2037 1180/2051/2038 2726/2052/2039
f 4855/347/347 415/346/346 1707/2053/2040
f 3350/2054/2041 4507/349/349 3799/348/348
f 1923/2055/2042 2108/534/534 2339/449/449
f 97/590/590 879/592/592 3195/2056/2043
f 417/754/754 4883/2057/2044 2419/2058/2045
f 845/781/781 2083/2059/2046 3263/2060/2047
f 998/2061/2048 950/466/466 3610/2062/2049
f 2605/1263/1258 1578/2063/2050 3166/2064/2051
f 158/914/912 2390/2065/2052 1692/2066/2053
f 3734/2067/2054 1029/2068/2055 2083/2059/2046
f 4996/2069/2056 376/2070/2057 920/2071/2058
f 3066/56/56 1243/55/55 2395/2072/2059
f 1438/2073/2060 1140/2074/2061 2728/2075/2062
f 757/2076/2063 3047/2077/2064 2676/2078/2065
f 710/2079/2066 4996/2069/2056 920/2071/2058
f 4421/2080/2067 678/2081/2068 1023/2082/2069
f 705/2083/2070 3041/2084/2071 4380/2085/2072
f 13/2086/2073 1239/164/164 1554/2087/2074
f 2325/2088/2075 2250/910/908 2853/2089/2076
f 1995/2090/2077 779/1863/1856 371/1862/1855
f 4943/2091/2078 425/2092/2079 424/1057/1055
f 466/2093/2080 530/2094/2081 3625/2095/2082
f 426/1175/1170 2020/1174/1169 4010/2096/2083
f 831/2097/2084 3103/2098/2085 2154/2099/2086
f 3472/2100/2087 3878/2101/2088 1161/2102/2089
f 1686/2103/2090 1161/2102/2089 1211/2104/2091
f 1452/2105/2092 22/2106/2093 2635/2107/2094
f 1417/166/166 4381/2108/2095 1970/167/167
f 3684/2109/2096 953/2110/2097 3514/2111/2098
f 959/2112/2099 3942/2113/2100 3941/2114/2101
f 4406/2115/2102 430/1136/1134 3552/2116/2103
f 4071/2117/2104 1718/2118/2105 907/2119/2106
f 4939/2120/2107 3409/891/890 470/893/892
f 3825/2121/2108 3525/1114/1112 1536/2122/2109
f 2408/1154/1152 4300/2123/2110 4301/2124/2111
f 1750/2125/2112 3144/1185/1180 1780/1184/1179
f 1914/2126/2113 369/1854/1847 433/1853/1846
f 2732/1183/1178 3943/1182/1177 675/2127/2114
f 2463/1881/1874 4043/2128/2115 434/2129/2116
f 2965/2130/2117 4411/2131/2118 3538/2132/2119
f 2046/2133/2120 435/2134/2121 4588/2135/2122
f 2297/1049/1047 3995/2136/2123 3631/2137/2124
f 556/115/115 2687/2138/2125 4439/116/116
f 2969/2139/2126 3942/2113/2100 4536/2140/2127
f 975/2141/2128 1836/2142/2129 1266/2143/2130
f 3573/2144/2131 982/2145/2132 4908/2146/2133
f 2913/2147/2134 4061/2148/2135 3637/2149/2136
f 4340/1199/1194 217/1201/1196 2021/2150/2137
f 2357/1602/1597 3436/2151/2138 2063/2152/2139
f 1181/2153/2140 4071/2117/2104 3011/2154/2141
f 440/169/169 3321/171/171 1770/2155/2142
f 4344/2156/2143 4374/2157/2144 714/2158/2145
f 3317/2159/2146 2321/2160/2147 1025/2161/2148
f 3644/2162/2149 573/2163/2150 171/2164/2151
f 4947/2165/2152 1162/2166/2153 1812/2167/2154
f 446/2168/2155 2321/2160/2147 3317/2159/2146
f 4572/2169/2156 1402/259/259 4579/2170/2157
f 4696/2171/2158 2253/2172/2159 2367/1265/1260
f 444/257/257 734/2173/2160 973/252/252
f 445/2174/2161 3587/1232/1227 3125/1414/1409
f 973/252/252 2714/2175/2162 4733/2176/2163
f 1240/342/342 2351/344/344 222/1503/1498
f 441/2177/2164 4527/2178/2165 1812/2167/2154
f 143/2179/2166 1805/2180/2167 1812/2167/2154
f 1855/2181/2168 450/1213/1208 4991/2182/2169
f 2509/2183/2170 1340/1856/1849 921/1855/1848
f 369/1854/1847 2216/2184/2171 3630/1188/1183
f 4767/2185/2172 919/2186/2173 3630/1188/1183
f 3847/2187/2174 3130/1636/1631 449/2188/2175
f 3536/699/699 1499/2189/2176 2055/700/700
f 2780/2190/2177 2304/2191/2178 450/1213/1208
f 1059/1877/1870 1467/1087/1085 584/2192/2179
f 210/2193/2180 3865/2194/2181 2142/1191/1186
f 593/2195/2182 4559/2196/2183 1080/2197/2184
f 4544/1833/1826 3659/429/429 223/1236/1231
f 2458/1651/1646 3088/2198/2185 252/1652/1647
f 720/2199/2186 2136/2200/2187 2749/599/599
f 3246/2201/2188 4725/2202/2189 1358/2203/2190
f 3296/2204/2191 1162/2166/2153 3346/2205/2192
f 3848/2206/2193 1762/2207/2194 3314/2208/2195
f 2029/2209/2196 3126/2210/2197 455/2211/2198
f 1723/2212/2199 1603/2213/2200 1126/2214/2201
f 29/2215/2202 3682/2216/2203 3487/2217/2204
f 2674/2218/2205 3668/2219/2206 974/253/253
f 408/492/492 87/1746/1739 457/490/490
f 2808/2220/2207 2379/1987/1974 1064/2221/2208
f 853/1583/1578 3028/2222/2209 300/589/589
f 4181/423/423 3728/2223/2210 663/424/424
f 203/1626/1621 459/2224/2211 4824/2225/2212
f 1834/1128/1126 3569/1127/1125 3120/2226/2213
f 783/2227/2214 2940/1884/1877 460/37/37
f 3886/2228/2215 2572/2229/2216 2316/2230/2217
f 3076/2231/2218 461/2232/2219 3774/2233/2220
f 3793/2234/2221 938/2235/2222 1453/2236/2223
f 1679/1318/1313 3766/2237/2224 2051/1319/1314
f 1432/2238/2225 1649/2239/2226 1650/2240/2227
f 463/2241/2228 157/1294/1289 3164/2242/2229
f 3617/2243/2230 4213/2244/2231 3633/1566/1561
f 3804/2245/2232 3162/2246/2233 2599/2247/2234
f 4577/2248/2235 4352/2249/2236 4346/2250/2237
f 3661/2251/2238 465/2252/2239 4248/2253/2240
f 2510/2254/2241 943/2255/2242 3101/2256/2243
f 831/2097/2084 1088/2257/2244 2532/2258/2245
f 3103/2098/2085 831/2097/2084 2532/2258/2245
f 1286/1861/1854 2376/1860/1853 2704/2259/2246
f 2801/2260/2247 4853/1936/1926 1866/1935/1925
f 3288/2261/2248 3307/2262/2249 1101/2263/2250
f 4629/2264/2251 1974/2265/2252 4983/2266/2253
f 469/2267/2254 4352/2249/2236 4577/2248/2235
f 1888/748/748 2746/750/750 4539/2268/2255
f 631/2269/2256 2789/2270/2257 2672/2271/2258
f 802/920/918 2947/2272/2259 528/918/916
f 4499/2273/2260 4555/2274/2261 3625/2095/2082
f 2141/1034/1032 697/2275/2262 4460/2276/2263
f 167/2277/2264 472/2278/2265 3541/2279/2266
f 2804/2280/2267 4077/2281/2268 472/2278/2265
f 405/2282/2269 1960/2283/2270 731/2284/2271
f 1950/2285/2272 3529/2286/2273 4756/2287/2274
f 474/2288/2275 2609/2289/2276 64/400/400
f 2894/2290/2277 564/1901/1893 2536/462/462
f 2988/685/685 1122/2291/2278 3269/2292/2279
f 3892/1720/1715 3202/2293/2280 2888/2294/2281
f 476/2295/2282 243/2296/2283 744/1338/1333
f 243/2296/2283 476/2295/2282 1937/718/718
f 477/2297/2284 4352/2249/2236 469/2267/2254
f 1097/1439/1434 2441/2298/2285 3977/2299/2286
f 478/2300/2287 3034/2301/2288 2130/2302/2289
f 1849/1807/1800 4376/2303/2290 1527/2304/2291
f 431/2305/2292 3686/2306/2293 2975/2307/2294
f 2141/1034/1032 1560/2308/2295 697/2275/2262
f 3316/1498/1493 480/2309/2296 3929/2310/2297
f 3428/2311/2298 698/2312/2299 2389/487/487
f 4180/2313/2300 1658/1468/1463 481/771/771
f 1454/720/720 4205/2314/2301 2482/2315/2302
f 2085/1234/1229 3987/232/232 444/257/257
f 1402/259/259 4028/1411/1406 4579/2170/2157
f 483/1840/1833 3949/2316/2303 1403/1841/1834
f 364/1829/1822 3078/2317/2304 1547/1830/1823
f 1406/1303/1298 484/1302/1297 3320/2318/2305
f 2886/2319/2306 2703/2320/2307 567/2321/2308
f 4362/2322/2309 4980/2323/2310 46/2324/2311
f 725/2325/2312 1289/2326/2313 1376/2327/2314
f 952/2328/2315 2786/2329/2316 1058/2330/2317
f 4739/514/514 2327/513/513 640/1600/1595
f 2129/2331/2318 4113/2332/2319 1385/2333/2320
f 647/772/772 3520/774/774 2169/2334/2321
f 2230/1726/1341 488/1744/1737 1773/1727/1721
f 3516/1464/1459 241/1463/1458 4261/2335/2322
f 2829/1836/1829 489/2336/2323 3294/2337/2324
f 4961/430/430 489/2336/2323 628/2338/2325
f 638/2339/2326 490/2340/2327 1667/567/567
f 1040/2341/2328 465/2252/2239 1626/2342/2329
f 2637/2020/2007 2298/2019/2006 3050/2343/2330
f 731/2284/2271 473/2344/2331 3181/2345/2332
f 4102/2346/2333 786/657/657 4793/659/659
f 3014/2347/2334 2848/2348/2335 416/2349/2336
f 3596/2350/2337 4693/2351/2338 1960/2283/2270
f 4358/2352/2339 2726/2052/2039 4469/2353/2340
f 1958/2354/2341 1417/166/166 3461/2355/2342
f 2554/2356/2343 876/2357/2344 1250/32/32
f 3280/1715/1710 4035/1717/1712 336/1713/1708
f 2005/102/102 2581/1692/1687 942/103/103
f 967/2358/2345 3835/2359/2346 618/2360/2347
f 968/2361/2348 4007/2362/2349 1530/2363/2350
f 2974/2364/2351 1707/2053/2040 3931/2365/2352
f 581/2366/2353 3780/2367/2354 1427/2368/2355
f 4521/2369/2356 2109/2370/2357 589/2371/2358
f 1522/2372/2359 3857/1048/1046 4885/2373/2360
f 4532/2374/2361 2765/2375/2362 4899/2376/2363
f 2875/2377/2364 3580/2378/2365 3934/2379/2366
f 1496/2380/2367 2573/2381/2368 2705/738/738
f 3476/2382/2369 4043/2128/2115 375/2383/2370
f 776/2384/2371 4189/2385/2372 3545/2386/2373
f 1682/108/108 989/2387/2374 2375/109/109
f 4034/92/92 686/2388/2375 1771/90/90
f 1725/39/39 4286/2389/2376 1226/2390/2377
f 503/2391/2378 3953/2392/2379 877/2393/2380
f 2072/2394/2381 494/2395/2382 1757/2396/2383
f 881/2397/2384 2138/2398/2385 4440/2399/2386
f 225/454/454 3586/2400/2387 86/2401/2388
f 505/2402/2389 3474/2403/2390 504/2404/2391
f 505/2402/2389 117/2405/2392 3474/2403/2390
f 1946/2406/2393 506/2407/2394 1762/2207/2194
f 2613/1959/1949 1282/1958/1948 2696/2408/2395
f 3698/427/427 1785/2409/2396 595/1226/1221
f 106/629/629 3667/648/648 4100/628/628
f 1200/2410/2397 4282/2411/2398 2490/2412/2399
f 3356/2413/2400 2491/2414/2401 928/287/287
f 2898/1509/1504 3355/1508/1503 173/2415/2402
f 803/2416/2403 2571/2417/2404 382/1043/1041
f 1788/2418/2405 4667/2419/2406 1786/521/521
f 511/2420/2407 3801/2421/2408 1789/2422/2409
f 4950/455/455 3270/457/457 89/2423/2410
f 89/2423/2410 3270/457/457 2270/2424/2411
f 1980/2425/2412 512/2426/2413 2320/2427/2414
f 1554/2087/2074 1239/164/164 1553/2428/2415
f 1486/1586/1581 3507/1584/1579 569/2429/2416
f 2511/2430/2417 3578/2431/2418 3509/2432/2419
f 514/2433/2420 4611/61/61 1881/2434/2421
f 814/2435/2422 2553/2436/2423 1903/2437/2424
f 1885/2438/2425 3204/2439/2426 4160/2440/2427
f 3822/2441/2428 4241/2442/2429 4962/2443/2430
f 1786/521/521 4667/2419/2406 3986/522/522
f 1885/2438/2425 4832/2444/2431 3204/2439/2426
f 391/2445/2432 4325/2446/2433 2893/572/572
f 2891/2447/2434 1476/2448/2435 857/2449/2436
f 2506/2450/2437 518/2451/2438 2316/2230/2217
f 1613/1/1 1951/3/3 3408/2452/2439
f 948/2453/2440 2803/2454/2441 1944/2455/2442
f 1766/2456/2443 687/2457/506 3827/2458/2444
f 2837/2459/2445 2470/2460/2446 4784/2461/2447
f 4/11/11 2623/2462/2448 4851/2463/2449
f 1215/2464/2450 1640/2465/1187 1187/2466/2451
f 1765/1168/1165 1192/2467/2452 2565/2468/2453
f 1661/2469/2454 607/1568/1563 2512/1570/1565
f 3952/2470/2455 3589/2471/2456 838/2472/2457
f 213/2473/2458 3726/2474/2459 2682/2475/2460
f 3743/2476/2461 3460/2477/2462 2682/2475/2460
f 524/2478/2463 1343/2479/2464 3386/2480/2465
f 1005/2481/2466 1045/2482/2467 3002/2483/2468
f 600/2484/2469 4997/2485/2470 1130/173/173
f 2934/2486/2471 1132/2487/2472 2187/2488/2473
f 1947/2489/2474 2254/2490/2475 388/2491/2476
f 159/1865/1858 4569/2492/2477 1127/2493/2478
f 424/1057/1055 425/2092/2079 2983/995/993
f 692/2494/2479 1136/2495/2480 2325/2088/2075
f 3605/856/856 1705/2496/2481 139/2497/2482
f 632/2498/2483 4482/2499/2484 3382/727/727
f 1748/1469/1464 4719/2500/2485 529/1470/1465
f 371/1862/1855 1348/1864/1857 272/2501/2486
f 1392/2502/2487 530/2094/2081 4623/2503/2488
f 1339/2504/2489 4121/2505/2490 1929/2506/2491
f 1021/2507/2492 1276/2508/2493 1963/2509/2494
f 2123/673/673 902/2510/2495 3655/674/674
f 3032/1514/1509 282/1286/1281 4704/2511/2496
f 2503/1997/1984 1103/2512/2497 399/1995/1982
f 4918/2513/2498 533/2514/2499 4564/2515/2500
f 1264/2516/2501 1540/2517/2502 2806/1326/1321
f 3030/2518/2503 4207/2519/2504 3648/2520/2505
f 1740/2521/2506 1283/2522/2507 3172/2523/2508
f 2223/2524/2509 1615/2525/2510 2345/2526/2511
f 3792/2527/2512 2310/2528/2513 61/2529/2514
f 2710/1012/1010 878/1036/1034 4427/1013/1011
f 2233/2530/2515 3044/2531/2516 4652/2532/2517
f 537/990/988 170/2533/2518 1323/2534/2519
f 1323/2534/2519 2066/2535/2520 2233/2530/2515
f 1983/131/131 2451/1908/1900 538/2536/2521
f 3924/1940/1930 3341/2537/2522 4201/1941/1931
f 1887/764/764 4714/2538/2523 4917/765/765
f 2875/2377/2364 3934/2379/2366 4613/2539/2524
f 4159/716/716 3309/715/715 1931/2540/2525
f 3368/2541/2526 140/1888/1881 693/2542/2527
f 1690/2543/2528 3967/2544/2529 1109/2545/2530
f 2574/276/276 642/2546/2531 4388/2547/2532
f 542/1255/1250 1166/2548/2533 69/2549/2534
f 2647/2550/2535 1241/2551/2536 2649/2552/2537
f 543/1545/1540 3646/2553/2538 3114/2554/2539
f 30/181/181 4224/2555/2540 3304/182/182
f 1644/1696/1691 1871/2556/2541 545/2557/2542
f 4163/2558/2543 1915/2559/2544 1374/290/290
f 546/251/251 4533/2560/2545 1542/249/249
f 546/251/251 1871/2556/2541 4533/2560/2545
f 1871/2556/2541 546/251/251 545/2557/2542
f 1063/200/200 3731/2561/2546 3496/2562/2547
f 3001/2563/2548 4413/2564/2549 4224/2555/2540
f 4884/145/145 1886/2565/2550 1031/2566/2551
f 1283/2522/2507 1740/2521/2506 26/2567/2552
f 26/2567/2552 3077/1980/1967 2949/1979/1966
f 3614/2568/2553 1116/2569/2554 2455/2570/2555
f 2455/2570/2555 2384/2571/2556 809/2572/2557
f 3420/2573/2558 3163/2574/2559 550/2575/2560
f 1610/2576/2561 285/2577/2562 806/2578/2563
f 3832/581/581 2152/583/583 2396/2579/2564
f 2421/1251/1246 124/1253/1248 1927/2580/2565
f 3697/2581/2566 3033/2582/2567 519/2583/2568
f 1471/1578/1573 2630/2584/2569 834/2585/2570
f 3189/1579/1574 1471/1578/1573 3833/458/458
f 948/2453/2440 3697/2581/2566 2803/2454/2441
f 554/1963/1953 2990/1965/1955 3887/2586/2571
f 4282/2411/2398 3968/2587/2572 2490/2412/2399
f 555/2588/2573 1843/2589/2574 1600/2590/2575
f 3225/2591/2576 555/2588/2573 4135/1949/1939
f 4344/2156/2143 557/2592/2577 844/2593/2578
f 1815/2594/2579 2854/2595/2580 844/2593/2578
f 2375/109/109 557/2592/2577 436/2596/2581
f 2538/2597/2582 2887/2598/2583 2375/109/109
f 4770/2599/2584 2802/2600/2585 2550/2601/2586
f 4466/2602/2587 3301/2603/2588 1262/2604/2589
f 3009/643/643 4369/2605/2590 3210/644/644
f 257/2606/2591 4182/2607/2592 2288/2608/2593
f 547/2609/2594 1031/2566/2551 1886/2565/2550
f 2809/2610/2595 28/175/175 2124/177/177
f 3607/261/261 3533/263/263 2957/2611/2596
f 3196/2612/2597 3773/242/242 1109/2545/2530
f 1383/2613/2598 4470/7/7 1738/24/24
f 3053/2614/2599 4963/2615/2600 2240/2616/2601
f 2245/2617/2602 3162/2246/2233 464/2618/2603
f 4425/2619/2604 4412/2620/2605 1778/2621/2606
f 2968/2622/2607 1971/2623/2608 2609/2289/2276
f 1866/1935/1925 934/1937/1927 2523/2624/2609
f 3213/2625/2610 565/1086/1084 3825/2121/2108
f 4436/2626/2611 215/2627/2612 1845/2628/2613
f 2536/462/462 1033/560/560 2754/460/460
f 4372/2629/2614 1664/645/645 870/647/647
f 2886/2319/2306 567/2321/2308 2047/2630/2615
f 4735/2631/2616 3654/2632/2617 3494/2633/2618
f 568/2634/2619 1273/2635/2620 509/2636/2621
f 1488/1067/1065 4694/2637/2622 3286/1068/1066
f 513/1577/1572 1486/1586/1581 569/2429/2416
f 3198/2638/2623 1858/511/511 3505/2639/2624
f 2156/894/893 148/2640/2625 1534/895/894
f 3811/2641/2626 4755/2642/2627 1534/895/894
f 1622/2643/2628 3515/1266/1261 4592/2644/2629
f 229/1283/1278 1621/2645/2630 4092/2646/2631
f 3457/1202/1197 572/2647/2632 992/1203/1198
f 212/2648/2633 1845/2628/2613 3660/2649/2634
f 1388/2650/2635 1774/2651/2636 1025/2161/2148
f 4433/1736/1729 769/1735/1728 1957/982/980
f 574/2652/2637 2168/2653/2638 941/2654/2639
f 533/2514/2499 3339/2655/2640 2487/1316/1311
f 621/1172/1167 2181/2656/2641 575/1171/1166
f 2971/2657/2642 4041/1129/1127 4040/2658/2643
f 847/2659/2644 3087/2660/2645 4211/2661/2646
f 1587/2662/2647 1549/2663/2648 3413/2664/2649
f 3792/2527/2512 61/2529/2514 2224/1513/1508
f 3737/2665/2650 2224/1513/1508 1322/2666/2651
f 2026/2667/2652 793/2668/2653 390/1956/1946
f 3359/2669/2654 3046/2670/2655 390/1956/1946
f 2444/2671/2656 364/1829/1822 1152/2672/2657
f 4663/2673/2658 1649/2239/2226 1432/2238/2225
f 3185/2674/2659 580/2675/2660 2758/2676/2661
f 532/1516/1511 2818/2037/2024 2000/2036/2023
f 1735/2677/2662 811/2678/2663 3478/2679/2664
f 82/2680/2665 3478/2679/2664 2686/2681/2666
f 582/2682/2667 2330/2683/2668 3374/2684/2669
f 550/2575/2560 3163/2574/2559 1612/2685/2670
f 583/2686/2671 462/326/326 51/2687/2672
f 2562/2688/2673 1035/2022/2009 4774/2023/2010
f 4051/2689/2674 2485/1137/1135 2053/1181/1176
f 2788/2690/2675 1467/1087/1085 4378/2691/2676
f 3983/2692/2677 4015/2693/2678 585/2694/2679
f 2090/684/684 1122/2291/2278 2988/685/685
f 257/2606/2591 2288/2608/2593 4368/2695/2680
f 559/1395/1390 3347/2696/2681 2646/2697/2682
f 2557/2698/2683 3400/2699/2684 954/1953/1943
f 2319/2700/2685 1292/1671/1666 4415/1670/1665
f 2762/2701/2686 2247/2702/2687 1262/2604/2589
f 1259/2703/2688 546/251/251 2799/250/250
f 2110/2704/2689 1054/2705/2690 695/1148/1146
f 498/2706/2691 1522/2372/2359 4892/2707/2692
f 3783/2708/2693 590/1018/1016 3245/2709/2694
f 236/2710/2695 1406/1303/1298 3796/2711/2696
f 2337/2712/2697 3567/2713/2698 1909/2714/2699
f 961/2715/2700 971/1200/1195 208/1871/1864
f 2210/2716/1460 592/1019/1017 4308/2717/1461
f 1327/1088/1086 592/1019/1017 2210/2716/1460
f 4561/2718/2701 448/2719/2702 2126/2720/2703
f 2216/2184/2171 448/2719/2702 4004/2721/2704
f 3021/2722/2705 4682/2723/2706 2401/2724/2707
f 2094/1455/1450 3805/1454/1449 3594/2725/2708
f 2464/2726/2709 1763/2727/2710 320/1654/1649
f 917/2728/2711 3230/2729/2712 1676/2730/2713
f 3218/215/215 3021/2722/2705 2620/216/216
f 331/2731/2714 3559/1591/1586 1387/140/140
f 2064/2732/2715 597/2733/2716 1825/2734/2717
f 4607/2735/2718 2928/2736/2719 4609/2737/2720
f 3749/193/193 427/2738/2721 598/2739/2722
f 1684/2740/2723 1674/2741/2724 3049/2742/2725
f 190/1075/1073 4095/1074/1072 1890/2743/2726
f 1890/2744/2726 2546/1912/1904 3938/1911/1903
f 1968/2745/2727 1090/1288/1283 3472/2100/2087
f 3472/2100/2087 4088/2746/2728 3878/2101/2088
f 4496/2747/2729 2116/2748/2730 1685/1278/1273
f 3820/2749/2731 3093/2750/2732 1685/1278/1273
f 2075/2751/2733 4200/2752/2734 4056/2753/2735
f 4519/404/404 1632/2754/2736 508/405/405
f 603/2755/2737 4051/2689/2674 2053/1181/1176
f 1377/2756/2738 2175/2757/2739 198/2758/2740
f 145/2759/2741 604/2760/2742 522/2761/2743
f 3633/1566/1561 1480/1565/1560 833/929/927
f 3141/2762/2744 563/2763/2745 4412/2620/2605
f 1769/2764/2746 1137/2765/2747 539/862/862
f 4063/2766/2748 4231/2767/2749 1039/2768/2750
f 4037/1792/1785 1639/1793/1786 4442/2769/2751
f 1114/2770/2752 4799/2771/2753 1961/1569/1564
f 1659/2772/2754 3115/2773/2755 1703/2774/2756
f 1800/2775/2757 1466/546/546 4836/2776/2758
f 92/515/515 4998/1922/1912 1896/516/516
f 2955/2777/2759 2924/2778/2760 609/2779/2761
f 4759/2780/2762 1027/769/769 481/771/771
f 1741/368/368 610/2781/2763 2336/2782/2764
f 3125/1414/1409 4809/1415/1410 610/2781/2763
f 1720/2783/2765 2936/2784/2766 4936/2785/2767
f 1295/991/989 537/990/988 4651/2786/2768
f 3754/2787/2769 321/2788/2770 1249/2789/2771
f 3232/2790/2772 4009/2791/2773 4448/1630/1625
f 4607/2735/2718 4913/2792/2774 1169/2793/2775
f 1169/2794/2775 4417/2795/2776 2054/2796/2777
f 276/2797/2778 3079/206/206 4195/2798/2779
f 328/147/147 4726/2799/2780 2348/2800/2781
f 3097/2801/2782 2188/2802/2783 1657/2803/2784
f 3410/2804/2785 4650/2805/2786 4423/2806/2787
f 555/2588/2573 3990/2807/2788 616/2808/2789
f 1099/54/54 2689/69/69 1981/68/68
f 4135/1949/1939 3336/2809/2790 617/1950/1940
f 2663/34/34 4360/2810/2791 381/35/35
f 1913/2811/2792 1498/112/112 2407/111/111
f 1530/2363/2350 4007/2362/2349 4833/2812/2793
f 538/2536/2521 2451/1908/1900 4458/1910/1902
f 4219/2813/2794 2384/2571/2556 1597/2814/2795
f 620/1532/1527 367/1531/1526 4152/1843/1836
f 1902/472/472 3283/474/474 1473/2815/2796
f 3108/1176/1171 209/1155/1153 2404/1625/1620
f 4986/2816/2797 2404/1625/1620 311/1624/1619
f 3358/2817/2798 2773/2818/2799 622/2819/2800
f 2774/2820/2801 898/2821/2802 1168/2822/2803
f 3724/959/957 361/1814/1807 1873/1813/1806
f 2063/2152/2139 2664/1603/1598 2357/1602/1597
f 140/1888/1881 1435/2823/2804 693/2542/2527
f 3416/2824/2805 1959/2825/2806 972/820/820
f 4846/2826/2807 3810/2827/2808 2453/2828/2809
f 453/2829/2810 3246/2201/2188 2453/2828/2809
f 346/620/620 626/2830/2811 2502/1791/1784
f 4491/1765/1758 2636/1767/1760 1848/615/615
f 4235/2831/2812 2087/1961/1951 627/417/417
f 4872/2832/2813 2423/2833/2814 627/417/417
f 1541/2834/2815 4961/430/430 628/2338/2325
f 305/2835/2816 854/2836/2817 1638/471/471
f 629/2837/2818 3140/1368/1363 168/1367/1362
f 2111/2838/2819 2495/1421/1416 2295/1420/1415
f 4629/2264/2251 630/2839/2820 1974/2265/2252
f 1591/2840/2821 937/2841/2822 906/819/819
f 2838/1222/1217 2596/1218/1213 2836/1220/1215
f 807/2842/2823 3200/2843/2824 3468/2844/2825
f 2672/2271/2258 2789/2270/2257 528/918/916
f 139/2497/2482 1705/2496/2481 4952/2845/2826
f 2278/2846/2827 3059/2847/2828 633/1925/1915
f 2870/2848/2829 2718/2849/2830 3375/2850/2831
f 4010/2096/2083 195/2851/2832 1926/2852/2833
f 4121/2505/2490 4011/2853/2834 3264/2854/2835
f 185/1343/1338 3174/1328/1323 635/1344/1339
f 1327/1088/1086 2210/2716/1460 271/1089/1087
f 2900/1207/1202 2056/2855/2836 4061/2148/2135
f 795/2856/2837 2915/2857/2838 438/2858/2839
f 4716/2859/2840 2080/1445/1440 4634/1391/1386
f 2403/952/950 4268/2860/2841 1724/953/951
f 4410/2861/2842 490/2340/2327 1299/2862/2843
f 3551/2863/2844 93/545/545 4610/2864/2845
f 3638/2865/2846 1267/2866/2847 639/2867/2848
f 1171/2868/2849 639/2867/2848 2695/2869/2850
f 76/2870/2851 4879/2871/2852 2903/2872/2853
f 3551/2863/2844 486/2873/2854 93/545/545
f 57/2874/2855 1837/2875/2856 4030/2876/2857
f 1367/2877/2858 1294/2878/2859 4709/2879/2860
f 642/2546/2531 3652/2880/2861 4388/2547/2532
f 1321/2881/2862 423/2882/2863 541/2883/2864
f 1670/2884/2865 1982/2885/2866 2374/2886/2867
f 1079/2887/2868 27/160/160 4140/162/162
f 647/772/772 3094/2888/2869 2719/773/773
f 2864/2889/2870 3854/2890/2871 649/1593/1588
f 645/2891/2872 4279/2892/2873 889/2893/2874
f 1249/2789/2771 321/2788/2770 2169/2334/2321
f 3925/2894/2875 646/2895/2876 1677/2896/2877
f 1196/1699/1694 2237/2897/2878 43/1700/1695
f 2129/2331/2318 647/772/772 645/2891/2872
f 3154/2898/2879 3677/741/741 1425/2899/2880
f 648/2900/2881 2583/2901/2882 3704/2902/2883
f 3306/2903/2884 240/1849/1842 1217/2904/2885
f 3900/2905/2886 155/1277/1272 3877/2906/2887
f 1818/2907/2888 644/2908/2889 4384/2909/2890
f 949/2910/2891 3150/2911/2892 3588/2912/2893
f 2073/541/541 3148/1745/1738 3588/2912/2893
f 467/2913/2894 1421/2914/2895 651/238/238
f 1401/2915/2896 2267/2916/2897 54/2917/2898
f 110/2918/2899 652/2919/2900 410/696/696
f 3468/2844/2825 652/2919/2900 110/2918/2899
f 1131/2016/2003 2192/2018/2005 653/2042/2029
f 54/2917/2898 2267/2916/2897 3498/2920/2901
f 3419/2921/2902 1602/2922/2903 3879/2923/2904
f 4195/2798/2779 1776/2924/2905 2277/2925/2906
f 3489/2926/2907 1830/1407/1402 2013/2927/2908
f 852/2928/2909 3074/2929/2910 4311/1388/1383
f 1676/2730/2713 4488/2930/2911 656/1499/1494
f 656/1499/1494 3316/1498/1493 3929/2310/2297
f 2157/1417/1412 657/394/394 254/396/396
f 3587/1232/1227 2157/1417/1412 4809/1415/1410
f 3591/1500/1495 265/1432/1427 2694/2931/2912
f 2289/1689/1684 4292/1706/1701 4291/2932/2913
f 4331/464/464 1038/2021/2008 4640/2933/2914
f 1735/2677/2662 67/2934/2915 2276/2935/2916
f 2414/2936/2917 872/310/310 660/309/309
f 1154/2937/2918 4608/2938/2919 812/2939/2920
f 2695/2869/2850 3490/317/317 661/319/319
f 756/2940/2921 1517/366/366 58/365/365
f 4164/1142/1140 1620/2941/2922 758/1193/1188
f 201/2942/2923 357/1801/1794 2060/1800/1793
f 3728/2223/2210 1574/2943/2924 3071/2944/2925
f 1570/380/380 1441/2945/2926 1210/381/381
f 1056/2946/2927 3155/1632/1627 4236/731/731
f 762/2947/2928 3541/2279/2266 3506/2948/2929
f 1582/2949/2930 167/2277/2264 313/2950/2931
f 762/2947/2928 1056/2946/2927 313/2950/2931
f 1424/2951/2932 3822/2441/2428 4962/2443/2430
f 3462/1984/1971 2420/2952/2933 3465/1985/1972
f 81/2953/2934 3842/1747/1740 1015/2954/2935
f 685/491/491 4076/2955/2936 408/492/492
f 3034/2301/2288 478/2300/2287 1352/2956/2937
f 360/2957/2938 374/1820/1813 706/2958/2939
f 2398/2959/2940 3235/2960/2941 4944/2961/2942
f 4016/2962/2943 2398/2959/2940 4944/2961/2942
f 2651/2963/2944 669/2964/2945 429/2965/2946
f 2651/2963/2944 2649/2552/2537 1241/2551/2536
f 3662/2966/2947 4306/2967/2948 814/2435/2422
f 3129/2968/2949 2828/1573/1568 1440/1572/1567
f 1449/2969/2950 1942/178/178 2004/180/180
f 2687/2138/2125 3921/2970/2951 4438/2971/2952
f 673/2972/2953 3016/2973/2954 3736/1022/1020
f 4821/1298/1293 4283/2974/2955 1864/1299/1294
f 3615/1448/1443 4465/2975/2956 3613/875/874
f 4942/2976/2957 728/2977/2958 4621/1109/1107
f 3119/2978/2959 3460/2477/2462 3743/2476/2461
f 3882/2979/2960 433/1853/1846 3683/1852/1845
f 1952/675/675 2511/2430/2417 101/676/676
f 2450/2980/2961 221/2981/2962 2043/2982/2963
f 1714/2983/2964 244/2984/2965 2243/2985/2966
f 172/1007/1005 3956/2986/2967 1608/930/928
f 2119/2987/2968 1708/2988/2969 678/2081/2068
f 4078/8/8 1185/10/10 3936/2989/2970
f 1930/2990/2971 679/668/668 2618/2991/2972
f 4215/2992/2973 4487/634/634 1312/2993/2974
f 869/2994/2975 3275/2995/2976 1363/2996/2977
f 114/1538/1533 2690/2997/2978 2302/1539/1534
f 4881/2998/2979 2570/2999/2980 103/3000/2981
f 3195/3001/2043 3364/3002/2982 3362/3003/2983
f 130/1719/1714 682/3004/2984 2825/1718/1713
f 3482/3005/2985 1032/3006/2986 111/3007/2987
f 4970/3008/2988 683/3009/2989 3263/2060/2047
f 1625/3010/2990 4779/3011/2991 4805/3012/2992
f 684/1703/1698 4361/205/205 3486/207/207
f 328/147/147 3469/149/149 2600/3013/2993
f 396/3014/2994 2290/3015/2995 826/3016/2996
f 2426/3017/2997 3465/1985/1972 4723/3018/2998
f 884/3019/2999 2149/3020/3000 4772/3021/3001
f 4506/3022/3002 3874/3023/3003 2072/2394/2381
f 2341/3024/3004 2855/3025/3005 2275/504/504
f 416/2349/2336 4193/3026/3006 3014/2347/2334
f 1306/1973/1960 393/3027/3007 688/1974/1961
f 3819/3028/3008 4608/2938/2919 1154/2937/2918
f 2461/3029/3009 2513/3030/3010 1813/3031/3011
f 1314/3032/3012 2883/3033/3013 2918/3034/3014
f 3239/3035/3015 3240/3036/3016 3696/3037/3017
f 4887/3038/3018 351/1780/1773 2889/3039/3019
f 691/3040/3020 956/3041/3021 4550/1948/1938
f 1314/3032/3012 690/3042/3022 2883/3033/3013
f 181/1082/1080 1907/1084/1082 692/2494/2479
f 1715/1341/1336 1714/2983/2964 4253/3043/3023
f 4993/797/797 1435/2823/2804 4656/3044/3024
f 4310/3045/3025 2184/3046/3026 3070/3047/3027
f 3892/1720/1715 2888/2294/2281 3117/3048/3028
f 1625/3010/2990 1605/3049/3029 4019/3050/3030
f 4315/1315/1310 1811/3051/3031 2662/3052/3032
f 1095/1257/1252 2459/1259/1254 239/3053/3033
f 4829/3054/3034 802/920/918 2104/919/917
f 1733/3055/3035 2931/3056/3036 377/3057/3037
f 1863/3058/3038 697/2275/2262 1560/2308/2295
f 1863/3058/3038 2931/3056/3036 1733/3055/3035
f 122/751/751 746/732/732 4752/752/752
f 1999/554/554 1635/3059/3039 2835/3060/3040
f 1893/3061/3041 2764/3062/3042 1558/3063/3043
f 2679/89/89 1084/88/88 3687/3064/3044
f 3568/3065/3045 700/262/262 3607/261/261
f 3741/3066/3046 2446/3067/3047 2096/3068/3048
f 554/1963/1953 701/3069/3049 1447/3070/3050
f 1120/3071/3051 56/3072/3052 392/3073/3053
f 702/3074/3054 2939/3075/3055 328/147/147
f 2236/64/64 1894/3076/3056 1461/3077/3057
f 703/1072/1070 1758/1071/1069 3434/3078/3058
f 244/2984/2965 3951/3079/3059 2243/2985/2966
f 704/3080/3060 1347/85/85 2914/84/84
f 4875/3081/3061 1826/3082/3062 704/3080/3060
f 4839/3083/3063 705/2083/2070 4380/2085/2072
f 704/3080/3060 2493/3084/3064 3357/3085/3065
f 706/2958/2939 1364/3086/3066 668/3087/3067
f 360/2957/2938 706/2958/2939 668/3087/3067
f 4615/3088/3068 48/3089/3069 2741/3090/3070
f 3841/3091/3071 394/3092/3072 2872/3093/3073
f 246/3094/3074 4101/3095/3075 1948/3096/3076
f 3711/1456/1451 4781/1458/1453 2743/3097/3077
f 709/3098/3078 107/3099/3079 3915/3100/3080
f 1149/1762/1755 2673/3101/3081 3947/1763/1756
f 1893/3061/3041 1558/3063/3043 3105/3102/3082
f 3738/3103/3083 4154/3104/3084 3639/3105/3085
f 711/59/59 1255/3106/3086 2151/3107/3087
f 705/2083/2070 3717/3108/3088 3041/2084/2071
f 1041/3109/3089 3188/3110/3090 712/3111/3091
f 2076/2010/1997 2847/3112/3092 2431/2011/1998
f 712/3111/3091 3188/3110/3090 4503/3113/3093
f 372/3114/3094 4956/842/842 2745/1867/1860
f 714/2158/2145 4374/2157/2144 1770/2155/2142
f 3772/187/187 29/2215/2202 3487/2217/2204
f 2593/119/119 2037/118/118 1110/3115/3095
f 1884/3116/3096 1949/3117/3097 4633/3118/3098
f 65/3119/3099 2222/1788/1781 1810/3120/3100
f 1822/399/399 4142/3121/3101 666/397/397
f 3040/887/886 717/3122/3102 2390/2065/2052
f 1407/886/885 717/3122/3102 3040/887/886
f 718/3123/3103 4808/3124/3104 4512/3125/3105
f 1008/795/795 2817/1217/1212 2525/793/793
f 1754/3126/3106 3450/3127/3107 1917/3128/3108
f 1631/3129/3109 4313/3130/3110 4312/600/600
f 720/2199/2186 1940/3131/3111 2136/2200/2187
f 102/3132/3112 1797/3133/3113 2896/3134/3114
f 721/3135/3115 2312/3136/3116 2343/3137/3117
f 1389/1613/1608 307/1615/1610 4602/3138/3118
f 177/3139/3119 3351/3140/3120 722/945/943
f 4465/2975/2956 4223/3141/3121 2179/3142/3122
f 4471/3143/3123 1409/3144/3124 1048/705/705
f 718/3123/3103 4512/3125/3105 3002/2483/2468
f 4621/1109/1107 728/2977/2958 1808/3145/3125
f 188/3146/3126 3110/3147/3127 178/3148/3128
f 725/2325/2312 2514/3149/3129 1289/2326/2313
f 2539/3150/3130 2860/3151/3131 2514/3149/3129
f 3932/1354/1349 2617/1357/1352 2260/1356/1351
f 247/3152/3132 2449/3153/3133 1313/3154/3134
f 2361/3155/3135 384/3156/3136 2870/2848/2829
f 1852/656/656 2140/1993/1980 3401/3157/3137
f 674/3158/3138 728/2977/2958 3289/3159/3139
f 2057/985/983 3535/3160/3140 163/1308/1303
f 2575/1991/1978 1020/3161/3141 4168/1992/1979
f 3111/3162/3142 2084/502/502 398/501/501
f 916/627/627 2013/2927/2908 1699/3163/3143
f 1829/3164/3144 1158/3165/3145 238/1406/1401
f 491/435/435 1879/2024/2011 731/2284/2271
f 731/2284/2271 404/3166/3146 3050/2343/2330
f 903/3167/3147 945/3168/3148 2709/608/608
f 115/3169/3149 2594/3170/3150 1693/713/713
f 3853/3171/3151 733/3172/3152 3790/3173/3153
f 25/156/156 2800/3174/3154 3640/1939/1929
f 2391/3175/3155 31/3176/3156 4628/3177/3157
f 2422/256/256 3987/232/232 1919/231/231
f 3811/2641/2626 1842/3178/3158 1844/3179/3159
f 229/1283/1278 4091/3180/3160 1734/1284/1279
f 4258/1507/1502 280/3181/3161 4641/1649/1644
f 833/929/927 2078/928/926 3695/3182/3162
f 832/3183/3163 737/1306/1301 1656/3184/3164
f 3523/3185/3165 1834/1128/1126 3120/2226/2213
f 329/3186/3166 2/1685/1680 1207/1687/1682
f 4771/3187/3167 1867/3188/3168 1410/45/45
f 739/3189/3169 4225/91/91 4861/3190/3170
f 2586/58/58 3910/3191/3171 3471/46/46
f 1768/3192/3172 3684/2109/2096 3514/2111/2098
f 1970/167/167 3544/3193/3173 1247/168/168
f 293/3194/3174 1097/1439/1434 741/690/690
f 2473/1555/1550 2472/3195/3175 2443/3196/3176
f 4322/1330/1325 742/3197/3177 216/1331/1326
f 4166/3198/3178 4967/3199/3179 1012/1533/1528
f 3765/3200/3180 620/1532/1527 286/3201/3181
f 1987/412/412 2753/411/411 2920/3202/3182
f 4925/3203/3183 109/3204/3184 3045/3205/3185
f 2162/3206/3186 3042/3207/3187 3177/1789/1782
f 745/3208/3188 428/3209/3189 3305/3210/3190
f 711/59/59 2151/3107/3087 1160/3211/3191
f 698/2312/2299 1021/2507/2492 822/3212/3192
f 2392/499/499 1965/3213/3193 326/1552/1547
f 747/3214/3194 2505/1822/1815 165/1821/1814
f 1806/1423/1418 362/1425/1420 2477/3215/3195
f 4852/3216/3196 231/3217/3197 748/3218/3198
f 1016/3219/3199 439/3220/3200 907/3221/2106
f 349/3222/3201 566/3223/3202 1436/3224/3203
f 964/3225/3204 349/3222/3201 1436/3224/3203
f 4288/3226/3205 750/3227/3206 3297/3228/3207
f 4247/3229/3208 3297/3228/3207 3300/3230/3209
f 2906/3231/3210 751/3232/3211 1769/2764/2746
f 3298/3233/3212 2091/3234/3213 1129/3235/3214
f 1567/3236/3215 3933/3237/3216 4862/3238/3217
f 4816/3239/3218 1805/2180/2167 143/2179/2166
f 753/3240/3219 2258/3241/3220 1326/3242/3221
f 133/807/807 2202/3243/3222 3248/3244/3223
f 3868/3245/3224 4120/3246/3225 3180/3247/3226
f 347/667/667 1013/3248/3227 679/668/668
f 958/3249/531 1955/3250/530 755/3251/3228
f 4070/3252/3229 393/3027/3007 1306/1973/1960
f 2036/335/335 4718/336/336 1814/338/338
f 2035/3253/3230 2695/2869/2850 661/319/319
f 3599/1427/1422 421/3254/3231 1994/1428/1423
f 1140/2074/2061 1438/2073/2060 4594/3255/3232
f 1900/3256/3233 287/1198/1193 1594/3257/3234
f 662/3258/3235 1900/3259/3233 201/2942/2923
f 1522/2372/2359 759/1046/1044 3857/1048/1046
f 1582/2949/2930 4158/3260/3236 167/2277/2264
f 2957/2611/2596 4906/3261/3237 3196/2612/2597
f 3645/3262/3238 3262/3263/3239 2866/3264/3240
f 1917/3128/3108 3450/3127/3107 4765/3265/3241
f 2683/3266/3242 680/3267/3243 869/2994/2975
f 664/3268/3244 1056/2946/2927 762/2947/2928
f 4240/3269/3245 4242/776/776 129/775/775
f 2919/906/905 763/3270/3246 1819/904/903
f 4642/869/868 2645/868/867 3975/3271/3247
f 520/3272/3248 2177/3273/3249 4387/3274/3250
f 4784/2461/2447 2470/2460/2446 4387/3274/3250
f 366/1837/1830 765/3275/3251 2878/3276/3252
f 1469/324/324 1217/2904/2885 2500/325/325
f 766/3277/3253 368/1848/1841 363/1847/1840
f 766/3277/3253 363/1847/1840 4139/3278/3254
f 107/3099/3079 709/3098/3078 767/3279/3255
f 4228/664/664 4845/3280/3256 2010/3281/3257
f 1277/3282/3258 4131/3283/3259 1627/3284/3260
f 4773/3285/3261 1604/3286/3262 2587/3287/3263
f 3337/3288/3264 340/3289/3265 2054/2796/2777
f 1957/982/980 3237/3290/3266 3006/964/962
f 4015/2693/2678 770/3291/3267 585/2694/2679
f 1567/3236/3215 2814/3292/3268 3933/3237/3216
f 771/3293/3269 4275/3294/3270 3398/3295/3271
f 1920/15/15 3067/3296/3272 4357/16/16
f 86/2401/2388 2032/3297/3273 4860/3298/3274
f 86/2401/2388 955/524/524 3880/526/526
f 773/3299/3275 4032/1037/1035 4854/1039/1037
f 1720/2783/2765 3287/3300/3276 2936/2784/2766
f 2741/3090/3070 4026/3301/3277 2669/390/390
f 48/3089/3069 4026/3301/3277 2741/3090/3070
f 1178/3302/3278 3616/3303/3279 2369/3304/3280
f 1456/3305/3281 1872/3306/3282 3310/82/82
f 776/2384/2371 990/3307/3283 4189/2385/2372
f 15/1590/1585 4014/3308/3284 2317/3309/3285
f 777/3310/3286 3556/3311/3287 15/1590/1585
f 1458/3312/3288 15/1590/1585 2050/3313/3289
f 1055/788/788 1010/730/730 778/3314/3290
f 2767/3315/3291 902/2510/2495 531/3316/3292
f 2256/3317/3293 1992/3318/3294 159/1865/1858
f 159/1865/1858 1127/2493/2478 2256/3317/3293
f 1206/3319/3295 4317/3320/3296 2983/995/993
f 1206/3319/3295 527/1866/1859 2721/3321/3297
f 270/1457/1452 1990/1347/1342 1832/3322/3298
f 1009/419/419 1144/421/421 2905/3323/3299
f 3867/3324/3300 492/3325/3301 3393/3326/3302
f 3393/3326/3302 3420/2573/2558 4492/3327/3303
f 2506/2450/2437 2316/2230/2217 2507/3328/3304
f 1924/3329/3305 3/3330/3306 3129/2968/2949
f 784/3331/3307 499/3332/3308 673/2972/2953
f 2859/3333/3309 2580/925/923 4477/924/922
f 3194/1784/1777 3086/3334/3310 785/762/762
f 3873/733/733 121/735/735 4545/710/710
f 1419/3335/3311 4708/3336/3312 4090/1528/1523
f 120/3337/3313 3657/3338/3314 2346/3339/3315
f 2117/3340/3316 1878/851/851 2366/3341/3317
f 2960/3342/3318 2999/1782/1775 3194/1784/1777
f 788/1944/1934 1947/2489/2474 3550/1945/1935
f 788/1944/1934 1813/3031/3011 471/3343/3319
f 4111/1638/1633 4687/3344/3320 3096/1639/1634
f 2163/3345/3321 790/3346/3322 1850/3347/3323
f 1850/3347/3323 790/3346/3322 789/3348/3324
f 2628/3349/3325 4603/3350/3326 4580/3351/3327
f 1709/27/27 1251/1680/1675 791/1681/1676
f 3291/1491/1486 2417/3352/3328 1775/3353/3329
f 792/1275/1270 1807/3354/3330 2112/3355/3331
f 178/3148/3128 1934/1031/1029 4212/1030/1028
f 578/153/153 2024/159/159 1868/3356/3332
f 3444/132/132 3955/3357/3333 1698/3358/3334
f 2504/3359/3335 794/3360/3336 2409/3361/3337
f 794/3360/3336 608/3362/3338 2409/3361/3337
f 2056/2855/2836 636/3363/3339 795/2856/2837
f 3674/3364/3340 1279/3365/3341 634/3366/3342
f 3211/3367/3343 70/414/414 2412/3368/3344
f 995/415/415 70/414/414 3192/3369/3345
f 4771/3187/3167 1759/3370/3346 1867/3188/3168
f 1951/3/3 3207/3371/3347 2572/2229/2216
f 3146/3372/3348 2242/3373/3349 2559/3374/3350
f 2533/321/321 1531/3375/3351 1648/322/322
f 4939/2120/2107 470/893/892 4203/3376/3352
f 1280/3377/3353 1817/3378/3354 1030/1162/1159
f 2760/3379/3355 3146/3372/3348 2559/3374/3350
f 4709/2879/2860 1294/2878/2859 1531/3375/3351
f 1272/972/970 4511/971/969 2171/3380/3356
f 173/2415/2402 2571/2417/2404 2170/3381/3357
f 802/920/918 4829/3054/3034 2670/3382/3358
f 799/3383/3359 2979/3384/3360 2671/3385/3361
f 4513/880/879 4511/971/969 2170/3381/3357
f 801/3386/3362 4620/3387/3363 2619/3388/3364
f 804/3389/3365 3576/3390/3366 339/1728/1722
f 3284/3391/3367 2218/3392/3368 4764/3393/3369
f 721/3135/3115 805/3394/3370 4671/3395/3371
f 721/3135/3115 2655/1869/1862 4395/3396/3372
f 1525/562/562 4893/703/703 1033/560/560
f 3528/3397/3373 4868/3398/3374 2515/3399/3375
f 807/2842/2823 4234/3400/3376 4174/3401/3377
f 807/2842/2823 3468/2844/2825 4234/3400/3376
f 3039/1695/1690 3218/215/215 808/3402/3378
f 4198/3403/3379 1062/3404/3380 1871/2556/2541
f 2384/2571/2556 4219/2813/2794 809/2572/2557
f 4337/133/133 3614/2568/2553 24/134/134
f 3863/3405/3381 810/1492/1487 2400/3406/3382
f 1405/3407/3383 1758/1071/1069 3830/1334/1329
f 1735/2677/2662 4083/3408/3384 811/2678/2663
f 2812/3409/3385 4089/3410/3386 2686/2681/2666
f 1391/3411/3387 3645/3262/3238 1429/3412/3388
f 1429/3412/3388 3645/3262/3238 2866/3264/3240
f 4601/3413/3389 2752/3414/3390 77/461/461
f 566/3223/3202 2205/3415/3391 3703/1772/1765
f 3268/3416/3392 2553/2436/2423 814/2435/2422
f 2953/3417/3393 797/3418/3394 1408/3419/3395
f 3127/3420/3396 268/874/873 2612/3421/3397
f 4523/3422/3398 4700/835/835 4184/834/834
f 816/3423/906 818/3424/3399 3273/3425/3400
f 816/907/906 1125/909/907 818/3426/3399
f 4348/3427/3401 817/3428/3402 3576/3390/3366
f 1068/3429/3403 4318/3430/3404 1326/3242/3221
f 2027/3431/3405 3273/3425/3400 818/3424/3399
f 2933/969/967 1691/1802/1795 2238/3432/3406
f 3448/3433/3407 819/848/848 2876/3434/3408
f 4348/3427/3401 1857/806/806 4749/3435/3409
f 4231/2767/2749 820/3436/3410 1039/2768/2750
f 154/1378/1373 2003/3437/3411 1508/1376/1371
f 2323/3438/3412 1068/3429/3403 4527/2178/2165
f 1068/3429/3403 4816/3239/3218 143/2179/2166
f 1276/2508/2493 2197/3439/3413 1963/2509/2494
f 3521/3440/3414 4336/3441/3415 4990/3442/3416
f 2426/3017/2997 2885/3443/3417 3465/1985/1972
f 397/392/392 1575/1512/1507 2885/3443/3417
f 1099/54/54 3066/56/56 2689/69/69
f 3519/3444/3418 1731/3445/3419 1577/1927/1917
f 4304/2005/1992 1533/2004/1991 3984/3446/3420
f 3839/3447/3421 2010/3281/3257 4845/3280/3256
f 457/490/490 826/3016/2996 2290/3015/2995
f 3150/2911/2892 457/490/490 87/1746/1739
f 2521/737/737 4769/3448/3422 827/616/616
f 1946/2406/2393 1282/1958/1948 506/2407/2394
f 828/3449/3423 2531/3450/3424 420/3451/3425
f 4973/3452/3426 828/3449/3423 420/3451/3425
f 1692/2066/2053 4626/889/888 3448/3433/3407
f 3448/3433/3407 4626/889/888 819/848/848
f 2566/3453/3427 830/3454/3428 800/3455/3429
f 2583/2901/2882 648/2900/2881 3700/3456/3430
f 1564/3457/3431 4555/2274/2261 1565/3458/3432
f 3435/3459/3433 4623/2503/2488 3384/3460/3434
f 1148/1107/1105 3899/3461/3435 3022/3462/3436
f 2188/2802/2783 1353/3463/3437 4171/3464/3438
f 3695/3182/3162 1272/972/970 2102/3465/3439
f 145/2759/2741 2102/3465/3439 604/2760/2742
f 834/2585/2570 3033/2582/2567 552/3466/3440
f 3680/580/580 984/591/591 1767/3467/3441
f 509/2636/2621 835/3468/3442 568/2634/2619
f 1704/1648/1643 2526/1510/1505 3286/1068/1066
f 3691/3469/3443 836/882/881 2952/3470/3444
f 4538/3471/3445 2421/1251/1246 1317/1248/1243
f 1726/1473/1468 2266/3472/3446 837/1474/1469
f 4212/1030/1028 188/3146/3126 178/3148/3128
f 840/1247/1242 842/871/870 901/1245/1240
f 3730/825/825 142/881/880 1646/826/826
f 672/198/198 2813/179/179 3928/196/196
f 36/233/233 482/3473/3447 3201/3474/3448
f 3474/2403/2390 840/1247/1242 504/2404/2391
f 838/2472/2457 3589/2471/2456 4780/3475/3449
f 38/1435/1430 2787/192/192 841/3476/3450
f 1584/1690/1685 3495/3477/3451 334/3478/3452
f 142/881/880 801/3386/3362 2619/3388/3364
f 2589/3479/3453 142/881/880 2619/3388/3364
f 1523/3480/3454 3236/3481/3455 337/3482/3456
f 4329/744/744 1380/3483/3457 1433/745/745
f 844/2593/2578 2854/2595/2580 3926/3484/3458
f 4374/2157/2144 3926/3484/3458 1770/2155/2142
f 717/3122/3102 845/781/781 4444/3485/3459
f 845/781/781 3904/3486/3460 4444/3485/3459
f 2725/3487/3461 3679/3488/3462 4482/2499/2484
f 1344/3489/3463 2363/3490/3464 2763/728/728
f 2945/337/337 1263/3491/3465 3442/3492/3466
f 415/346/346 2212/3493/3467 3710/3494/3468
f 3603/3495/3469 3068/3496/3470 848/3497/3471
f 2132/3498/3472 2838/1222/1217 128/790/790
f 849/1898/1890 1624/2041/2028 1133/1899/1891
f 1630/3499/3473 4558/2039/2026 411/2040/2027
f 283/1522/1517 850/3500/3474 2380/540/540
f 650/1988/1975 3629/542/542 3292/1989/1976
f 3868/3245/3224 754/1764/1757 4120/3246/3225
f 2270/2424/2411 4161/1766/1759 4491/1765/1758
f 3489/2926/2907 852/2928/2909 3124/3501/3475
f 655/650/650 1222/649/649 2790/1227/1222
f 750/3227/3206 101/676/676 853/1583/1578
f 2227/3502/3476 3300/3230/3209 2159/588/588
f 854/2836/2817 1563/3503/3477 1638/471/471
f 1986/481/481 485/3504/3478 3570/482/482
f 1902/472/472 3091/1237/1232 855/473/473
f 2327/513/513 76/2870/2851 640/1600/1595
f 3170/3505/3479 2717/3506/3480 2522/1389/1384
f 2173/3507/3481 149/1403/1398 2911/951/949
f 1297/3508/3482 2891/2447/2434 857/2449/2436
f 4267/3509/3483 2696/2408/2395 1282/1958/1948
f 858/3510/3484 53/3511/3485 269/1452/1447
f 1915/2559/2544 1474/3512/3486 1374/290/290
f 85/3513/3487 4331/464/464 2611/463/463
f 517/548/548 1004/547/547 3896/573/573
f 3326/1641/1636 4342/3514/3488 4721/1642/1637
f 4024/3515/3489 192/1534/1529 2668/3516/3490
f 3908/3517/3491 169/3518/3492 3909/3519/3493
f 169/3518/3492 4460/2276/2263 2513/3030/3010
f 862/1377/1372 1508/1376/1371 3528/3397/3373
f 582/2682/2667 3374/2684/2669 2826/3520/3494
f 3087/2660/2645 3442/3492/3466 1263/3491/3465
f 579/332/332 1152/2672/2657 2874/333/333
f 864/22/22 4875/3081/3061 1457/23/23
f 2203/3521/3495 2768/14/14 4470/7/7
f 2586/58/58 865/57/57 2146/3522/3496
f 2757/3523/3497 2385/3524/3498 1356/1686/1681
f 3016/2973/2954 3547/3525/3499 3095/1262/1257
f 1779/3526/3500 499/3332/3308 784/3331/3307
f 867/3527/3501 2164/3528/3502 68/3529/3503
f 2771/448/448 4075/3530/3504 3919/446/446
f 2584/817/817 2231/816/816 868/3531/3505
f 868/3531/3505 3293/3532/3506 2584/817/817
f 1499/2189/2176 4768/3533/3507 2055/700/700
f 2055/700/700 761/3534/3508 1727/3535/3509
f 3635/646/646 3664/3536/3510 870/647/647
f 1311/3537/3511 1928/3538/3512 1943/671/671
f 1922/1776/1769 2708/1778/1771 94/3539/3513
f 2708/1778/1771 1928/3538/3512 1311/3537/3511
f 59/1897/1889 2211/1896/1888 2432/3540/3514
f 867/3527/3501 2221/3541/3515 2164/3528/3502
f 873/3542/3516 3089/1817/1810 3723/1424/1419
f 3843/901/900 873/3542/3516 3723/1424/1419
f 874/3543/3517 3717/3108/3088 705/2083/2070
f 705/2083/2070 3851/3544/3518 2493/3084/3064
f 2535/354/354 3228/356/356 1838/371/371
f 3234/3545/3519 4724/3546/3520 57/2874/2855
f 503/2391/2378 1111/3547/3521 876/2357/2344
f 1226/2390/2377 503/2391/2378 876/2357/2344
f 1250/32/32 876/2357/2344 1111/3547/3521
f 2037/118/118 1332/3548/3522 1110/3115/3095
f 1379/3549/3523 1753/3550/3524 184/3551/3525
f 4664/3552/3526 3083/1803/1796 3080/1100/1098
f 3560/3553/3527 960/3554/3528 1746/3555/3529
f 4354/3556/3530 2261/3557/3531 681/3558/3532
f 4370/3559/3533 2728/2075/2062 4514/3560/3534
f 899/3561/3535 2652/553/553 2996/3562/3536
f 248/3563/3537 4345/1360/1355 3153/1359/1354
f 4094/3564/3538 2996/3562/3536 4514/3560/3534
f 882/297/297 412/3565/3539 3770/3566/3540
f 2873/2045/2032 3837/3567/3541 1580/293/293
f 1617/3568/3542 1661/2469/2454 2646/2697/2682
f 117/2405/2392 3952/2470/2455 838/2472/2457
f 884/3019/2999 933/3569/3543 2149/3020/3000
f 2280/93/93 1573/3570/3544 2452/3571/3545
f 3964/31/31 1369/33/33 885/3572/3546
f 814/2435/2422 1903/2437/2424 885/3572/3546
f 2010/3281/3257 3861/527/527 886/529/529
f 3946/3573/3547 1681/500/500 2172/495/495
f 2418/3574/3548 3957/3575/3549 887/1241/1236
f 2418/3574/3548 2552/1243/1238 1711/1622/1617
f 3688/3576/3550 888/3577/3551 3976/3578/3552
f 4313/3130/3110 1631/3129/3109 719/3579/3553
f 3492/3580/3554 2131/3581/3555 3399/3582/3556
f 3399/3582/3556 2131/3581/3555 4054/3583/3557
f 3744/3584/3558 2149/3020/3000 2099/3585/3559
f 4831/3586/3560 3427/114/114 1112/3587/3561
f 891/1024/1022 2737/3588/3562 4126/3589/3563
f 187/1065/1063 1559/1064/1062 3279/3590/3564
f 3279/3590/3564 892/3591/3565 187/1065/1063
f 3121/1103/1101 2564/3592/3566 3342/1104/1102
f 893/3593/3567 4133/2043/2030 1426/236/236
f 33/3594/3568 3046/2670/2655 3359/2669/2654
f 1444/1711/1706 894/1709/1704 3678/1712/1707
f 3206/3595/3569 4974/3596/3570 1444/1711/1706
f 4525/3597/3571 507/3598/3572 3621/426/426
f 1979/3599/3573 1281/3600/3574 1512/3601/3575
f 4892/2707/2692 896/1261/1256 498/2706/2691
f 2765/2375/2362 896/1261/1256 866/1260/1255
f 897/228/228 39/3602/3576 1581/255/255
f 548/1934/1924 3035/1933/1923 1275/1978/1965
f 1168/2822/2803 898/2821/2802 4420/3603/3577
f 162/948/946 383/3604/3578 2252/1916/1908
f 899/3561/3535 881/2397/2384 4440/2399/2386
f 899/3561/3535 2654/3605/3579 3166/2064/2051
f 900/3606/3580 4586/3607/3581 1752/3608/3582
f 4022/3609/3583 2360/3610/3584 477/2297/2284
f 901/1245/1240 842/871/870 147/873/872
f 147/873/872 1317/1248/1243 3690/1250/1245
f 902/2510/2495 778/3314/3290 3422/3611/3585
f 2508/3612/3586 1520/836/836 3755/789/789
f 3353/3613/3587 945/3168/3148 903/3167/3147
f 2415/3614/3588 1230/3615/3589 2578/3616/3590
f 2131/3581/3555 904/3617/3591 4471/3143/3123
f 2817/1217/1212 4098/3618/3592 718/3123/3103
f 829/1325/1320 419/1324/1319 2445/3619/3593
f 4912/3620/3594 717/3122/3102 4444/3485/3459
f 1591/2840/2821 906/819/819 3307/2262/2249
f 3307/2262/2249 2041/3621/3595 1101/2263/2250
f 4562/3622/3596 3011/2154/2141 439/3220/3200
f 748/3218/3198 1181/2153/2140 3011/2154/2141
f 1921/1808/1801 359/3623/3597 3333/3624/3598
f 359/3623/3597 1527/2304/2291 3517/3625/3599
f 1456/3305/3281 4251/3626/3600 1872/3306/3282
f 4251/3626/3600 2292/3627/3601 3063/3628/3602
f 1399/3629/3603 4048/3630/3604 2415/3614/3588
f 4450/1599/1594 4049/3631/3605 1816/3632/3606
f 1203/3633/3607 4082/3634/3608 512/2426/2413
f 1347/85/85 4330/3635/3609 3223/86/86
f 1423/3636/3610 1840/3637/3611 4534/3638/3612
f 913/1120/1118 3958/3639/3613 1502/3640/3614
f 3360/3641/3615 1502/3640/3614 912/3642/3616
f 2249/1080/1078 4817/3643/3617 1366/1081/1079
f 1551/3644/3618 2435/3645/3619 914/3646/3620
f 4052/3647/3621 1551/3644/3618 1633/1536/1531
f 915/3648/3622 3183/3649/3623 510/3650/3624
f 3112/3651/3625 1354/3652/3626 516/3653/3627
f 3230/2729/2712 2071/1655/1650 4655/3654/3628
f 1699/3163/3143 4255/3655/3629 3481/3656/3630
f 2464/2726/2709 320/1654/1649 3396/3657/3631
f 2464/2726/2709 3591/1500/1495 2694/2931/2912
f 530/2094/2081 2465/3658/3632 3623/3659/3633
f 530/2094/2081 3623/3659/3633 861/3660/3634
f 3683/1852/1845 369/1854/1847 2229/3661/3635
f 2229/3661/3635 369/1854/1847 3630/1188/1183
f 12/71/71 3784/3662/3636 1219/3663/3637
f 4426/3664/3638 3738/3103/3083 2395/2072/2059
f 523/3665/3639 921/1855/1848 2951/1857/1850
f 4857/3666/3640 1694/3667/3641 1914/2126/2113
f 922/777/777 4242/776/776 4392/1548/1543
f 3004/3668/3642 1006/3669/3643 2293/1549/1544
f 685/491/491 923/1986/1973 4076/2955/2936
f 2290/3015/2995 396/3014/2994 2426/3017/2997
f 509/2636/2621 1273/2635/2620 924/3670/3644
f 599/1158/1155 2729/3671/3645 4472/1159/1156
f 2022/528/528 925/3672/3646 886/529/529
f 667/3673/3647 4254/3674/3648 2022/528/528
f 3577/3675/3649 763/3270/3246 926/3676/3650
f 1357/3677/3651 2530/736/736 3577/3675/3649
f 651/238/238 927/237/237 467/2913/2894
f 1716/3678/3652 1286/1861/1854 2704/2259/2246
f 2097/359/359 3666/358/358 928/287/287
f 44/1900/1892 928/287/287 849/1898/1890
f 1023/2082/2069 3807/3679/3653 929/3680/3654
f 1614/3681/3655 2062/3682/3656 2757/3523/3497
f 930/3683/3657 1238/723/723 119/722/722
f 1943/671/671 1454/720/720 1905/669/669
f 4114/3684/3658 931/711/711 2191/3685/3659
f 4891/1611/1606 2711/1610/1605 295/3686/3660
f 3977/2299/2286 2440/3687/3661 118/3688/3662
f 4281/692/692 1717/691/691 4182/2607/2592
f 3530/3689/3663 1682/108/108 4103/3690/3664
f 1573/3570/3544 3545/2386/2373 4630/3691/3665
f 934/1937/1927 2012/3692/3666 2523/2624/2609
f 3740/3693/3667 2862/239/239 2267/2916/2897
f 4896/3694/3668 935/2026/2013 2454/2025/2012
f 3073/3695/3669 4635/3696/3670 1570/380/380
f 709/3098/3078 3915/3100/3080 4434/665/665
f 2234/3697/3671 3173/3698/3672 344/3699/3673
f 3156/742/742 2148/743/743 4099/3700/3674
f 1271/3701/3675 123/1751/1744 1671/1753/1746
f 1654/4/4 2837/2459/2445 2967/3702/3676
f 3944/3703/3677 4430/1931/1921 385/1928/1918
f 938/2235/2222 3944/3703/3677 385/1928/1918
f 4005/3704/3678 2685/36/36 938/2235/2222
f 3563/478/478 2590/480/480 940/3705/3679
f 90/536/536 4190/3706/3680 4188/1350/1345
f 2168/2653/2638 2016/3707/3681 941/2654/2639
f 2569/1724/1719 1972/3708/3682 3548/3709/3683
f 942/103/103 1875/3710/3684 4250/104/104
f 3601/1691/1686 1586/139/139 2352/138/138
f 4530/3711/3685 943/2255/2242 944/652/652
f 3399/3582/3556 4528/3712/3686 3492/3580/3554
f 1252/3713/3687 4666/3714/3688 1626/2342/2329
f 465/2252/2239 1252/3713/3687 1626/2342/2329
f 945/3168/3148 4729/3715/3689 3429/3716/3690
f 4625/3717/3691 2622/3718/3692 1519/612/612
f 146/3719/3693 2118/3720/3694 2002/3721/3695
f 2330/2683/2668 4293/3722/3696 3374/2684/2669
f 53/3511/3485 4959/1453/1448 269/1452/1447
f 2863/3723/3697 265/1432/1427 2865/1434/1429
f 3447/3724/3698 2597/459/459 553/3725/3699
f 552/3466/3440 3447/3724/3698 553/3725/3699
f 2808/2220/2207 1064/2221/2208 949/2910/2891
f 650/1988/1975 3148/1745/1738 3629/542/542
f 260/3726/3700 950/466/466 3149/3727/3701
f 1578/2063/2050 950/466/466 260/3726/3700
f 951/3728/3702 4494/3729/3703 3941/2114/2101
f 2815/197/197 839/213/213 4276/212/212
f 952/2328/2315 4738/3730/3704 4280/1238/1233
f 1737/3731/3705 3092/3732/3706 486/2873/2854
f 953/2110/2097 4202/3733/3707 4844/3734/3708
f 4016/2962/2943 670/3735/3709 2251/284/284
f 2413/3736/3710 17/3737/3711 4787/3738/3712
f 2019/87/87 2065/96/96 1084/88/88
f 2138/2398/2385 3586/2400/2387 225/454/454
f 3352/1246/1241 3690/1250/1245 2582/1249/1244
f 691/3040/3020 3290/3739/3713 956/3041/3021
f 4887/3038/3018 2889/3039/3019 4452/3740/3714
f 2877/3741/3715 4923/387/387 957/386/386
f 2878/3276/3252 4139/3278/3254 363/1847/1840
f 4043/2128/2115 3476/2382/2369 434/2129/2116
f 1166/2548/2533 3473/440/440 1184/442/442
f 4438/2971/2952 2969/2139/2126 4536/2140/2127
f 22/2106/2093 3383/3742/3716 2635/2107/2094
f 960/3554/3528 1966/3743/3717 1598/3744/3718
f 3560/3553/3527 1966/3743/3717 960/3554/3528
f 1908/1178/1173 2120/1180/1175 4596/3745/3719
f 3484/3746/3720 3885/3747/3721 451/3748/3722
f 962/3749/3723 3366/1619/1614 3140/1368/1363
f 2080/1445/1440 4044/1444/1439 4634/1391/1386
f 625/1482/1477 963/3750/3724 2948/1554/1549
f 2852/3751/3725 1655/3752/3726 2196/3753/3727
f 964/3225/3204 1436/3224/3203 1922/1776/1769
f 3961/523/523 516/3653/3627 1354/3652/3626
f 1194/1976/1963 4067/3754/3728 768/1977/1964
f 1868/3356/3332 2024/159/159 1277/3282/3258
f 2909/105/105 966/107/107 534/3755/3729
f 966/107/107 1325/3756/3730 3583/3757/3731
f 1253/74/74 2095/3758/3732 2665/3759/3733
f 966/107/107 496/1942/1932 1325/3756/3730
f 967/2358/2345 618/2360/2347 4783/3760/3734
f 2095/3758/3732 1253/74/74 2239/3761/3735
f 2736/1143/1141 4164/1142/1140 4842/1059/1057
f 662/3258/3235 201/2942/2923 2060/1800/1793
f 3626/3762/3736 242/1495/1490 970/1494/1489
f 2399/3763/3737 3626/3762/3736 970/1494/1489
f 4257/3764/3738 971/1200/1195 961/2715/2700
f 591/3765/3739 217/1201/1196 971/1200/1195
f 906/819/819 937/2841/2822 972/820/820
f 3708/3766/3740 2935/3767/3741 972/820/820
f 2496/3768/3742 2921/3769/3743 973/252/252
f 973/252/252 2921/3769/3743 2714/2175/2162
f 734/2173/2160 974/253/253 973/252/252
f 4628/3177/3157 31/3176/3156 974/253/253
f 4934/3770/3744 2551/3771/3745 4732/3772/3746
f 1548/3773/3747 1339/2504/2489 1929/2506/2491
f 3797/3774/3748 976/3775/3749 1984/1164/1161
f 437/3776/3750 3573/2144/2131 4908/2146/2133
f 4908/2146/2133 1569/3777/3751 3802/3778/3752
f 1588/3779/3753 2014/1032/1030 2141/1034/1032
f 4796/3780/3754 4039/3781/3755 2200/3782/3756
f 2200/3782/3756 4039/3781/3755 291/859/859
f 2040/3783/3757 1300/1140/1138 4023/1139/1137
f 3119/2978/2959 1287/3784/3758 2158/3785/3759
f 2175/2757/2739 3995/3786/2123 4407/3787/3760
f 3552/2116/2103 430/1136/1134 3308/1135/1133
f 981/3788/3761 74/438/438 2597/459/459
f 1585/382/382 2353/384/384 392/3073/3053
f 2784/3789/3762 2300/1177/1172 2301/3790/3763
f 983/3791/3764 1700/3792/3765 2784/3789/3762
f 2301/3790/3763 983/3791/3764 2784/3789/3762
f 3477/3793/3766 431/2305/2292 2975/2307/2294
f 3680/580/580 3781/579/579 2103/3794/3767
f 3781/579/579 1932/3795/3768 4497/3796/3769
f 299/569/569 985/3797/3770 2206/3798/3771
f 3299/3799/3772 996/498/498 3302/3800/3773
f 1270/3801/3774 2798/3802/3775 191/3803/3776
f 1054/2705/2690 191/3803/3776 2798/3802/3775
f 192/1534/1529 987/1008/1006 860/1535/1530
f 3830/1334/1329 1758/1071/1069 3152/1070/1068
f 3446/141/141 560/144/144 4192/3804/3777
f 4192/3804/3777 2887/2598/2583 2538/2597/2582
f 988/3805/3778 21/3806/3779 4964/3807/3780
f 3532/3808/3781 3612/3809/3782 988/3805/3778
f 1361/3810/3783 990/3307/3283 776/2384/2371
f 2629/3811/3784 2660/3812/3785 2167/3813/3786
f 447/3814/3787 2913/2147/2134 2509/2183/2170
f 1007/3815/3788 4457/3816/3789 2424/3817/3790
f 4132/3818/3791 4567/3819/3792 2621/3820/3793
f 214/3821/3794 2781/3822/3795 4341/3823/3796
f 1836/2142/2129 214/3821/3794 4341/3823/3796
f 4457/3816/3789 2925/3824/3797 2424/3817/3790
f 3974/3825/3798 3672/413/413 995/415/415
f 2281/3826/3799 3907/362/362 2744/361/361
f 2017/3827/3800 994/3828/3801 995/415/415
f 2018/445/445 1189/3829/3802 2653/3830/3803
f 70/414/414 743/3831/3804 2412/3368/3344
f 3765/3200/3180 286/3201/3181 2998/3832/3805
f 3816/3833/3806 2488/551/551 2011/552/552
f 998/2061/2048 83/467/467 950/466/466
f 998/2061/2048 997/3834/3807 83/467/467
f 3711/1456/1451 2743/3097/3077 4867/3835/3808
f 2274/3836/3809 3711/1456/1451 999/1461/1456
f 2336/2782/2764 2274/3836/3809 1741/368/368
f 1000/3837/3810 778/3314/3290 902/2510/2495
f 2123/673/673 1000/3837/3810 902/2510/2495
f 2630/2584/2569 4537/3838/3811 834/2585/2570
f 3299/3799/3772 3302/3800/3773 4031/3839/3812
f 1002/3840/3813 1590/3841/3814 1993/1676/1671
f 4245/3842/3815 4001/3843/3816 1002/3840/3813
f 347/667/667 1003/3844/3817 1013/3248/3227
f 344/3699/3673 1938/3845/3818 3309/715/715
f 4754/3846/3819 1258/3847/3820 3048/3848/3821
f 85/3513/3487 1889/3849/3822 859/3850/3823
f 1005/2481/2466 4169/3851/3824 1045/2482/2467
f 141/853/853 152/860/860 4512/3125/3105
f 1006/3669/3643 2730/3852/3825 2293/1549/1544
f 1754/3126/3106 1631/3129/3109 3450/3127/3107
f 1991/3853/3826 1007/3815/3788 2424/3817/3790
f 1874/1204/1199 991/3854/3827 1465/1211/1206
f 4098/3618/3592 4808/3124/3104 718/3123/3103
f 4098/3618/3592 4802/794/794 4808/3124/3104
f 4812/1416/1411 3972/420/420 1009/419/419
f 610/2781/2763 261/3855/3828 2336/2782/2764
f 3422/3611/3585 531/3316/3292 902/2510/2495
f 4889/3856/3829 3276/3857/3830 1276/2508/2493
f 3571/3858/3831 2735/917/915 4244/3859/3832
f 3571/3858/3831 665/3860/3833 4246/1631/1626
f 3215/3861/3834 4166/3198/3178 1012/1533/1528
f 2186/3862/3835 4024/3515/3489 2668/3516/3490
f 1013/3248/3227 1003/3844/3817 851/3863/3836
f 2133/614/614 1439/633/633 3497/635/635
f 1014/950/948 3221/987/985 255/988/986
f 3758/949/947 2661/3864/3837 1014/950/948
f 667/3673/3647 2022/528/528 1015/2954/2935
f 3407/3865/3838 4076/2955/2936 923/1986/1973
f 1847/3866/3839 1016/3219/3199 3641/3867/3840
f 2436/3868/3841 3008/1050/1048 2297/1049/1047
f 1017/3869/3842 511/2420/2407 1789/2422/2409
f 1017/3869/3842 2270/2424/2411 511/2420/2407
f 698/2312/2299 822/3212/3192 1018/3870/3843
f 3222/3871/3844 3521/3440/3414 1490/3872/3845
f 1019/1673/1668 1635/3059/3039 1999/554/554
f 2392/499/499 4447/3873/3846 1965/3213/3193
f 2227/3502/3476 4737/3874/3847 2575/1991/1978
f 2227/3502/3476 2159/588/588 4751/587/587
f 104/3875/3848 1276/2508/2493 1021/2507/2492
f 1906/3876/3849 3608/3877/3850 480/2309/2296
f 358/1149/1147 1022/3878/3851 3397/1150/1148
f 2386/3879/3852 1022/3878/3851 3923/3880/3853
f 1023/2082/2069 3945/19/19 828/3449/3423
f 2764/3062/3042 828/3449/3423 4973/3452/3426
f 2386/3879/3852 2180/3881/3854 4468/3882/3855
f 2416/3883/3856 4449/3884/3857 4932/3885/3858
f 573/2163/2150 1025/2161/2148 171/2164/2151
f 1484/947/945 2257/905/904 1819/904/903
f 473/2344/2331 1026/3886/3859 1722/3887/3860
f 1838/371/371 3228/356/356 4584/372/372
f 4822/3888/3861 1545/3889/3862 2927/830/830
f 2927/830/830 2644/3890/3863 127/3891/3864
f 1293/3892/3865 1028/3893/3866 2974/2364/2351
f 2841/345/345 497/3894/3867 3764/3895/3868
f 2009/3896/3869 1029/2068/2055 3734/2067/2054
f 341/1737/1730 1876/3897/3870 3145/1738/1731
f 2671/3385/3361 1030/1162/1159 1817/3378/3354
f 431/2305/2292 206/1163/1160 1030/1162/1159
f 3001/2563/2548 4224/2555/2540 30/181/181
f 2854/2595/2580 3502/3898/3871 3926/3484/3458
f 4583/3899/3872 2225/756/756 2820/3900/3873
f 417/754/754 2225/756/756 4583/3899/3872
f 2892/3901/3874 3628/3902/3875 4941/3903/3876
f 4893/703/703 113/702/702 2892/3901/3874
f 236/2710/2695 4105/1301/1296 1406/1303/1298
f 1274/1273/1268 4429/3904/3877 4653/1274/1269
f 2959/318/318 583/2686/2671 51/2687/2672
f 2959/318/318 51/2687/2672 2036/335/335
f 4442/2769/2751 354/832/832 1036/831/831
f 1039/2768/2750 820/3436/3410 2003/3437/3411
f 1037/3905/3878 582/2682/2667 4414/3906/3879
f 1037/3905/3878 1419/3335/3311 4090/1528/1523
f 4640/2933/2914 1038/2021/2008 67/2934/2915
f 1038/2021/2008 4645/3907/3880 2782/3908/3881
f 1039/2768/2750 2003/3437/3411 154/1378/1373
f 946/973/971 2993/977/975 154/1378/1373
f 3243/3909/3882 2510/2254/2241 3101/2256/2243
f 4625/3717/3691 3101/2256/2243 1043/706/706
f 3104/1608/1603 4333/3910/3883 2625/1609/1604
f 115/3169/3149 2191/3685/3659 2594/3170/3150
f 1042/1564/1559 4320/3911/3884 306/3912/3885
f 4333/3910/3883 2711/1610/1605 3965/3913/3886
f 4625/3717/3691 1043/706/706 2622/3718/3692
f 2622/3718/3692 4114/3684/3658 2191/3685/3659
f 4977/3914/3887 4279/2892/2873 1044/1216/1211
f 4530/3711/3685 944/652/652 1802/651/651
f 524/2478/2463 3622/3915/3888 1343/2479/2464
f 4172/3916/3889 3515/1266/1261 1622/2643/2628
f 4689/3917/3890 3101/2256/2243 4625/3717/3691
f 465/2252/2239 1040/2341/2328 4248/2253/2240
f 1673/3918/3891 1303/3919/3892 4951/3920/3893
f 1219/3663/3637 2217/3921/3894 4995/3922/3895
f 1048/705/705 1409/3144/3124 218/3923/3896
f 1048/705/705 218/3923/3896 4445/3924/3897
f 123/1751/1744 2147/3925/3898 1049/1752/1745
f 825/3926/3899 343/3927/3900 3056/663/663
f 1047/1885/1878 1303/3919/3892 1050/3928/3901
f 4275/3294/3270 11/75/75 7/77/77
f 2189/1410/1405 3610/2062/2049 1051/3929/3902
f 2942/3930/3903 2085/1234/1229 1973/1233/1228
f 722/945/943 3351/3140/3120 1052/3931/3904
f 4158/3260/3236 3351/3140/3120 4157/3932/3905
f 2935/3767/3741 4057/3933/3906 2147/3925/3898
f 2722/698/698 2937/697/697 2148/743/743
f 1054/2705/2690 2798/3802/3775 1745/3934/3907
f 1054/2705/2690 2713/1146/1144 695/1148/1146
f 1010/730/730 1055/788/788 4236/731/731
f 138/3935/3908 2591/3936/3909 1056/2946/2927
f 2591/3936/3909 665/3860/3833 1056/2946/2927
f 4147/3937/3910 1582/2949/2930 313/2950/2931
f 1515/1653/1648 252/1652/1647 4591/3938/3911
f 2518/1605/1600 4591/3938/3911 2001/483/483
f 223/1236/1231 1058/2330/2317 2786/2329/2316
f 452/3939/3912 3217/3940/3913 223/1236/1231
f 430/1136/1134 4072/3941/3914 2785/3942/3915
f 1718/2118/2105 4072/3941/3914 430/1136/1134
f 1060/3943/3916 1031/2566/2551 3502/3898/3871
f 4884/145/145 1031/2566/2551 1060/3943/3916
f 4264/214/214 1061/3944/3917 544/3945/3918
f 1218/3946/3919 4731/3947/3920 4264/214/214
f 1062/3404/3380 2724/289/289 2466/1546/1541
f 1062/3404/3380 4198/3403/3379 4163/2558/2543
f 545/2557/2542 3731/2561/2546 1063/200/200
f 2844/176/176 1516/3948/3921 545/2557/2542
f 949/2910/2891 1064/2221/2208 3150/2911/2892
f 3150/2911/2892 4109/391/391 396/3014/2994
f 4384/2909/2890 644/2908/2889 1065/1597/1592
f 2871/740/740 4382/3949/3922 1065/1597/1592
f 2309/3950/3923 1364/3086/3066 1066/1035/1033
f 1860/1805/1798 435/3951/2121 2046/3952/2120
f 4648/3953/3924 3593/3954/3925 3638/2865/2846
f 1038/2021/2008 2782/3908/3881 67/2934/2915
f 1956/923/921 1068/3429/3403 2323/3438/3412
f 1956/923/921 1854/3955/3926 1068/3429/3403
f 1069/282/282 2923/3956/3927 3219/3957/3928
f 2313/3958/3929 3837/3567/3541 2873/2045/2032
f 2377/3959/3930 1070/3960/3931 4238/3961/3932
f 1883/1481/1476 3914/3962/3933 4680/3963/3934
f 3249/3964/3935 1071/503/503 4646/3965/3936
f 2454/2025/2012 4720/3966/3937 663/424/424
f 4334/3967/3938 2770/3968/3939 2129/2331/2318
f 1550/1606/1601 1669/1375/1370 3179/3969/3940
f 4798/3970/3941 2246/3971/3942 4002/1769/1762
f 1772/3972/3943 1660/3973/3944 3597/3974/3945
f 3070/3047/3027 1077/3975/3946 4310/3045/3025
f 4390/3976/3947 1077/3975/3946 3072/3977/3948
f 4662/1770/1763 1075/3978/3949 4632/3979/3950
f 4390/3976/3947 2614/3980/3951 1077/3975/3946
f 1772/3972/3943 3597/3974/3945 1073/3981/3952
f 1073/3981/3952 3597/3974/3945 4390/3976/3947
f 4993/797/797 4656/3044/3024 2616/3982/3953
f 4993/797/797 2616/3982/3953 1761/798/798
f 1078/1628/1623 2592/3983/3954 2476/3984/3955
f 2476/3984/3955 1315/1629/1624 1078/1628/1623
f 3555/3985/3956 1079/2887/2868 4994/1859/1852
f 1203/3633/3607 512/2426/2413 1980/2425/2412
f 1080/2197/2184 451/3748/3722 2981/3986/3957
f 593/2195/2182 1080/2197/2184 1100/3987/3958
f 1081/3988/3959 3402/1483/1478 315/1485/1480
f 2852/3751/3725 4873/3989/3960 1655/3752/3726
f 4499/2273/2260 1464/1054/1052 1082/3990/3961
f 3909/3519/3493 169/3518/3492 2513/3030/3010
f 853/1583/1578 458/1582/1577 3028/2222/2209
f 4096/3991/3962 3319/1585/1580 1119/3992/3963
f 2065/96/96 2675/3993/3964 1084/88/88
f 1084/88/88 4116/3994/3965 3687/3064/3044
f 2926/3995/3966 4332/3996/3967 59/1897/1889
f 812/2939/2920 2926/3995/3966 3257/3997/3968
f 4547/3998/3969 3078/2317/2304 364/1829/1822
f 4972/3999/3970 364/1829/1822 2444/2671/2656
f 507/3598/3572 78/510/510 2263/509/509
f 3698/427/427 3888/4000/3971 1785/2409/2396
f 3176/4001/3972 3539/4002/3973 4937/4003/3974
f 3539/4002/3973 1947/2489/2474 388/2491/2476
f 3771/4004/3975 692/2494/2479 2296/4005/3976
f 2296/4005/3976 2853/2089/2076 2250/910/908
f 3143/4006/3977 2934/2486/2471 2345/2526/2511
f 34/185/185 2345/2526/2511 4155/186/186
f 1091/4007/3978 195/2851/2832 634/3366/3342
f 1279/3365/3341 1091/4007/3978 634/3366/3342
f 2674/2218/2205 1092/210/210 3668/2219/2206
f 3718/4008/3979 3453/209/209 2802/2600/2585
f 279/1501/1496 3788/4009/3980 2193/1502/1497
f 2802/2600/2585 1719/4010/3981 3718/4008/3979
f 4343/954/952 1724/953/951 735/1394/1389
f 314/4011/3982 2850/4012/3983 1278/4013/3984
f 227/1094/1092 1095/1257/1252 239/3053/3033
f 1491/4014/3985 3016/2973/2954 4437/4015/3986
f 2991/1851/1844 1096/1850/1843 3334/4016/3987
f 1514/1826/1819 1680/4017/3988 3361/1317/1312
f 1097/1439/1434 477/2297/2284 2441/2298/2285
f 2690/2997/2978 2442/4018/3989 2302/1539/1534
f 1098/63/63 1894/3076/3056 2236/64/64
f 2119/2987/2968 678/2081/2068 4421/2080/2067
f 3803/4019/3990 3687/3064/3044 3244/4020/3991
f 3803/4019/3990 3244/4020/3991 1981/68/68
f 1100/3987/3958 1080/2197/2184 4703/4021/3992
f 2972/4022/3993 1672/4023/3994 2981/3986/3957
f 1102/4024/3995 3239/3035/3015 4371/4025/3996
f 1102/4024/3995 3241/4026/3997 3239/3035/3015
f 4371/4025/3996 4637/4027/3998 1102/4024/3995
f 1660/3973/3944 1712/4028/3999 1076/4029/4000
f 1103/2512/2497 580/2675/2660 3185/2674/2659
f 1968/2745/2727 282/1286/1281 1090/1288/1283
f 1104/4030/4001 1313/3154/3134 2449/3153/3133
f 3171/712/712 3564/2013/2000 3454/4031/4002
f 1105/879/878 3511/818/818 2584/817/817
f 137/4032/4003 1006/3669/3643 3004/3668/3642
f 3960/217/217 1106/219/219 37/4033/4004
f 4483/4034/4005 642/2546/2531 37/4033/4004
f 2683/3266/3242 1887/764/764 1107/763/763
f 1107/763/763 680/3267/3243 2683/3266/3242
f 3596/2350/2337 2070/4035/4006 4693/2351/2338
f 493/370/370 4686/4036/4007 1838/371/371
f 2957/2611/2596 3196/2612/2597 2956/4037/4008
f 1504/4038/4009 1949/3117/3097 4464/4039/4010
f 4605/4040/4011 3461/2355/2342 1110/3115/3095
f 3609/1907/1899 4464/4039/4010 715/4041/4012
f 1111/3547/3521 503/2391/2378 877/2393/2380
f 1332/3548/3522 4605/4040/4011 1110/3115/3095
f 4103/3690/3664 1112/3587/3561 3329/4042/4013
f 4103/3690/3664 1682/108/108 2775/110/110
f 4662/1770/1763 4632/3979/3950 1074/1771/1764
f 3070/3047/3027 3701/708/708 4138/734/734
f 1114/2770/2752 1961/1569/1564 607/1568/1563
f 400/2000/1987 3619/4043/4014 607/1568/1563
f 1115/4044/4015 3785/4045/4016 310/1621/1616
f 1115/4044/4015 3027/476/476 2858/4046/4017
f 3049/2742/2725 2025/4047/4018 3485/4048/4019
f 1695/4049/4020 3444/132/132 1698/3358/3334
f 1682/108/108 1117/4050/4021 4191/4051/4022
f 4964/3807/3780 21/3806/3779 2538/2597/2582
f 2927/830/830 1118/829/829 317/770/770
f 1118/829/829 2851/1645/1640 1748/1469/1464
f 1119/3992/3963 3324/4052/4023 1083/4053/4024
f 3025/4054/4025 1119/3992/3963 1083/4053/4024
f 3084/4055/4026 1120/3071/3051 392/3073/3053
f 2707/4056/4027 1851/4057/4028 1475/4058/4029
f 56/3072/3052 1585/382/382 392/3073/3053
f 4211/2661/2646 863/4059/4030 1585/382/382
f 4669/4060/4031 4179/4061/4032 2504/3359/3335
f 2814/3292/3268 3452/4062/4033 3933/3237/3216
f 50/4063/4034 1123/272/272 2501/271/271
f 3098/340/340 1514/1826/1819 4553/4064/4035
f 1124/4065/4036 165/1821/1814 2079/4066/4037
f 2115/4067/4038 4271/4068/4039 4716/2859/2840
f 1723/2212/2199 1126/2214/2201 4302/4069/4040
f 2295/1420/1415 1159/1419/1414 2678/967/965
f 1126/2214/2201 4073/4070/4041 4302/4069/4040
f 1470/896/895 3421/4071/4042 2030/4072/4043
f 3491/4073/4044 787/850/850 1127/2493/2478
f 4569/2492/2477 526/4074/4045 1127/2493/2478
f 2310/2528/2513 1645/4075/4046 234/4076/4047
f 3694/1290/1285 3920/1366/1361 1376/2327/2314
f 150/4077/4048 3298/3233/3212 1129/3235/3214
f 4365/4078/4049 868/3531/3505 2231/816/816
f 600/2484/2469 3767/4079/4050 587/184/184
f 3400/2699/2684 2413/3736/3710 954/1953/1943
f 3224/451/451 3669/2014/2001 411/2040/2027
f 3277/1379/1374 3085/1381/1376 3669/2014/2001
f 2934/2486/2471 3143/4006/3977 1132/2487/2472
f 2899/4080/4051 1128/314/314 4386/316/316
f 1624/2041/2028 3113/4081/4052 1133/1899/1891
f 3817/275/275 2907/4082/4053 2268/4083/4054
f 744/1338/1333 1134/4084/4055 1828/1339/1334
f 2162/3206/3186 3177/1789/1782 3045/3205/3185
f 1135/4085/4056 386/1932/1922 548/1934/1924
f 1982/2885/2866 1286/1861/1854 2374/2886/2867
f 3579/4086/4057 2543/4087/4058 1136/2495/2480
f 1907/1084/1082 1214/4088/4059 1799/1873/1866
f 1137/2765/2747 1393/4089/4060 563/2763/2745
f 1138/864/864 3055/863/863 2049/4090/4061
f 2700/4091/4062 2049/4090/4061 266/4092/4063
f 2701/4093/4064 3433/4094/4065 2360/3610/3584
f 1139/4095/4066 2127/802/802 1552/784/784
f 477/2297/2284 469/2267/2254 2441/2298/2285
f 4369/2605/2590 2740/638/638 3210/644/644
f 1143/4096/4067 3210/644/644 2740/638/638
f 2042/992/990 2534/4097/4068 3036/4098/4069
f 3410/2804/2785 3036/4098/4069 4650/2805/2786
f 1142/4099/4070 2102/3465/3439 145/2759/2741
f 3617/2243/2230 1142/4099/4070 1961/1569/1564
f 1994/1428/1423 421/3254/3231 4141/4100/4071
f 757/2076/2063 1948/3096/3076 3047/2077/2064
f 3455/4101/4072 1990/1347/1342 3592/4102/4073
f 2264/4103/4074 3747/479/479 3563/478/478
f 4619/4104/4075 737/1306/1301 1145/1305/1300
f 237/1096/1094 2811/4105/4076 227/1094/1092
f 1146/1459/1454 997/3834/3807 998/2061/2048
f 418/1460/1455 1146/1459/1454 998/2061/2048
f 1147/4106/4077 463/2241/2228 4213/2244/2231
f 3115/2773/2755 4582/4107/4078 1703/2774/2756
f 4982/4108/4079 615/1069/1067 3935/4109/4080
f 2188/2802/2783 3899/3461/3435 3935/4109/4080
f 3380/631/631 2673/3101/3081 1149/1762/1755
f 2755/632/632 3380/631/631 3868/3245/3224
f 2244/4110/4081 4972/3999/3970 2444/2671/2656
f 2244/4110/4081 579/332/332 2595/328/328
f 378/1893/1886 2213/4111/4082 1870/1894/374
f 415/346/346 3710/3494/3468 1707/2053/2040
f 4481/1828/1821 1549/2663/2648 1263/3491/3465
f 4481/1828/1821 1547/1830/1823 1549/2663/2648
f 1153/4112/4083 304/1014/1012 183/1016/1014
f 2783/1085/1083 2182/1112/1110 565/1086/1084
f 3741/3066/3046 2096/3068/3048 700/262/262
f 4987/4113/4084 2868/4114/4085 4366/277/277
f 2759/1166/1163 1765/1168/1165 1155/4115/4086
f 1216/1105/1103 3342/1104/1102 1423/3636/3610
f 2410/4116/4087 674/3158/3138 3289/3159/3139
f 722/945/943 3250/4117/4088 177/3139/3119
f 3250/4117/4088 4548/4118/4089 177/3139/3119
f 1270/3801/3774 3330/1115/1113 986/1116/1114
f 2610/4119/4090 238/1406/1401 1158/3165/3145
f 3019/986/984 2057/985/983 730/1309/1304
f 1159/1419/1414 2495/1421/1416 4901/4120/4091
f 174/1040/1038 3376/4121/4092 2031/4122/4093
f 4644/4123/4094 3305/3210/3190 1160/3211/3191
f 3043/124/124 23/4124/4095 1463/125/125
f 427/2738/2721 2364/222/222 2194/4125/4096
f 1684/2740/2723 3265/4126/4097 1686/2103/2090
f 1162/2166/2153 442/759/759 3848/2206/2193
f 2382/4127/4098 3099/757/757 442/759/759
f 1355/4128/4099 1163/4129/4100 2350/4130/4101
f 4545/710/710 116/4131/4102 4543/4132/4103
f 3889/4133/4104 2693/4134/4105 2997/4135/4106
f 1728/425/425 595/1226/1221 658/4136/4107
f 383/3604/3578 3562/4137/4108 1165/1920/1910
f 2439/1913/1905 1165/1920/1910 3562/4137/4108
f 2965/2130/2117 2299/4138/4109 4411/2131/2118
f 2965/2130/2117 2282/4139/4110 2299/4138/4109
f 1167/872/871 3358/2817/2798 4277/888/887
f 801/3386/3362 4290/4140/4111 1167/872/871
f 2773/2818/2799 1168/4141/2803 622/2819/2800
f 622/2819/2800 3691/3469/3443 2952/3470/3444
f 4609/2737/2720 2928/2736/2719 196/4142/4112
f 196/4143/4112 2977/1734/1727 4433/1736/1729
f 2039/761/761 1170/760/760 2038/4144/4113
f 2715/1335/1330 109/3204/3184 4925/3203/3183
f 2429/363/363 67/2934/2915 2917/364/364
f 67/2934/2915 2782/3908/3881 2917/364/364
f 4915/4145/4114 340/3289/3265 3337/3288/3264
f 3006/964/962 1877/1731/1725 3479/965/963
f 1781/4146/4115 1173/4147/4116 3982/4148/4117
f 281/4149/4118 3219/3957/3928 47/300/300
f 1174/4150/4119 666/397/397 4142/3121/3101
f 2420/2952/2933 4717/4151/4120 3395/4152/4121
f 1175/280/280 2195/1518/1513 1284/281/281
f 3982/4148/4117 1173/4147/4116 3219/3957/3928
f 1176/4153/4122 593/2195/2182 1100/3987/3958
f 4004/2721/2704 448/2719/2702 4561/2718/2701
f 2973/4154/4123 412/3565/3539 882/297/297
f 1604/3286/3262 4894/4155/4124 2105/225/225
f 3261/101/101 1178/3302/3278 1487/4156/4125
f 495/4157/4126 4260/4158/4127 4825/4159/4128
f 4858/755/755 1179/4160/4129 2225/756/756
f 341/1737/1730 2226/4161/4130 3344/4162/4131
f 414/2048/2035 1180/2051/2038 2471/2050/2037
f 3251/4163/4132 4720/3966/3937 2454/2025/2012
f 1181/2153/2140 2930/4164/4133 2357/1602/1597
f 1153/4112/4083 183/1016/1014 2783/1085/1083
f 1182/4165/4134 64/400/400 2388/409/409
f 474/2288/2275 64/400/400 4871/4166/4135
f 1183/4167/4136 1645/4075/4046 2310/2528/2513
f 577/4168/4137 1395/484/484 4877/486/486
f 1166/2548/2533 1184/442/442 69/2549/2534
f 2397/4169/4138 2647/2550/2535 2649/2552/2537
f 4274/30/30 2757/3523/3497 2062/3682/3656
f 4274/30/30 2385/3524/3498 2757/3523/3497
f 4363/1383/1378 254/396/396 3109/1384/1379
f 1115/4044/4015 2858/4046/4017 3785/4045/4016
f 211/1194/1189 4123/4170/4139 2938/1195/1190
f 2142/1191/1186 3865/2194/2181 216/1331/1326
f 4900/4171/4140 3658/4172/4141 3673/4173/4142
f 3670/4174/4143 1800/2775/2757 2633/4175/4144
f 1189/3829/3802 1001/4176/4145 3189/1579/1574
f 74/438/438 2653/3830/3803 1189/3829/3802
f 2752/3414/3390 1796/4177/4146 2205/3415/3391
f 813/4178/4147 2955/2777/2759 1191/4179/4148
f 1190/4180/4149 813/4178/4147 1191/4179/4148
f 1809/594/594 4065/593/593 4372/2629/2614
f 432/4181/4150 1192/2467/2452 1765/1168/1165
f 2333/4182/4151 3590/4183/4152 1780/4184/1179
f 4300/2123/2110 3590/4183/4152 2333/4182/4151
f 1199/4185/4153 1749/4186/4154 2209/4187/4155
f 4067/3754/3728 1194/1976/1963 1195/4188/4156
f 3403/230/230 3065/4189/4157 2284/4190/4158
f 1195/4188/4156 3065/4189/4157 394/3092/3072
f 1195/4188/4156 394/3092/3072 3841/3091/3071
f 1196/1699/1694 4454/1322/1317 332/1321/1316
f 3137/243/243 3278/312/312 1462/244/244
f 4747/4191/4159 1197/76/76 11/75/75
f 4232/4192/4160 3/3330/3306 1924/3329/3305
f 3100/1079/1077 1198/4193/4161 2634/1102/1100
f 186/1038/1036 4664/3552/3526 3080/1100/1098
f 1199/4185/4153 358/1149/1147 2273/4194/4162
f 1753/3550/3524 3923/3880/3853 2340/4195/4163
f 3106/4196/4164 2491/2414/2401 3356/2413/2400
f 4920/268/268 4921/4197/4165 42/269/269
f 1201/4198/4166 4269/1819/1812 4266/1818/1811
f 3034/2301/2288 1352/2956/2937 4266/1818/1811
f 1202/4199/4167 310/1621/1616 3785/4045/4016
f 1231/1231/1226 3394/4200/4168 4424/395/395
f 3602/4201/4169 1203/3633/3607 1980/2425/2412
f 643/137/137 387/136/136 2406/113/113
f 2111/2838/2819 4827/999/997 1204/1003/1001
f 1204/1003/1001 4827/999/997 4278/1004/1002
f 2241/4202/4170 2721/3321/3297 1992/3318/3294
f 3134/4203/4171 1995/2090/2077 371/1862/1855
f 780/4204/4172 2543/4087/4058 1205/4205/4173
f 780/4204/4172 1136/2495/2480 2543/4087/4058
f 1207/1687/1682 1356/1686/1681 738/4206/4174
f 1867/3188/3168 3471/46/46 1410/45/45
f 2418/3574/3548 1208/303/303 3957/3575/3549
f 3646/2553/2538 1595/2046/2033 413/4207/4175
f 964/3225/3204 1209/4208/4176 349/3222/3201
f 2387/4209/4177 1182/4165/4134 2388/409/409
f 1210/381/381 1441/2945/2926 4599/4210/4178
f 2262/1320/1315 798/4211/4179 3102/4212/4180
f 1211/2104/2091 1161/2102/2089 3023/4213/4181
f 1600/2590/2575 4999/4214/4182 4698/128/128
f 4086/4215/4183 2384/2571/2556 1212/4216/4184
f 1686/2103/2090 1211/2104/2091 549/4217/4185
f 2941/1083/1081 1214/4088/4059 1907/1084/1082
f 4401/4218/4186 1911/1179/1174 3029/4219/4187
f 1214/4088/4059 3029/4219/4187 3075/4220/4188
f 4036/4221/4189 3440/4222/4190 2303/1872/1865
f 211/1194/1189 1215/2464/2450 1187/2466/2451
f 1155/4115/4086 4811/4223/4191 3844/4224/4192
f 1216/1105/1103 200/4225/4193 3354/4226/4194
f 1559/1064/1062 1898/1066/1064 2484/1058/1056
f 2500/325/325 2991/1851/1844 2643/4227/4195
f 2991/1851/1844 3334/4016/3987 2643/4227/4195
f 4115/4228/4196 4731/3947/3920 1218/3946/3919
f 4682/2723/2706 3594/2725/2708 2401/2724/2707
f 2177/3273/3249 3618/4229/4197 4387/3274/3250
f 4403/4230/4198 1673/3918/3891 4951/3920/3893
f 1999/554/554 288/556/556 1220/4231/4199
f 1220/4231/4199 288/556/556 91/559/559
f 2200/3782/3756 1606/4232/4200 1221/4233/4201
f 1779/3526/3500 3282/4234/4202 499/3332/3308
f 2576/1228/1223 4745/4235/4203 2044/1229/1224
f 569/2429/2416 3505/2639/2624 513/1577/1572
f 2314/4236/4204 1223/4237/4205 120/4238/3313
f 3657/4239/3314 120/4238/3313 1223/4237/4205
f 3495/3477/3451 1224/4240/4206 334/3478/3452
f 1413/1486/1481 1224/4240/4206 1978/1714/1709
f 3349/4241/4207 3910/3191/3171 327/1677/1672
f 327/1677/1672 3018/94/94 3349/4241/4207
f 3744/3584/3558 1226/2390/2377 4286/2389/2376
f 3744/3584/3558 2099/3585/3559 3874/3023/3003
f 1227/4242/4208 22/2106/2093 1452/2105/2092
f 3329/4042/4013 1112/3587/3561 3427/114/114
f 2598/4243/4209 4059/4244/4210 4058/1960/1950
f 3069/4245/4211 4235/2831/2812 627/417/417
f 755/3251/3228 1955/3250/530 1229/4246/4212
f 2069/416/416 4872/2832/2813 627/417/417
f 4049/3631/3605 2954/4247/4213 4048/3630/3604
f 323/610/610 1519/612/612 2058/4248/4214
f 445/2174/2161 1231/1231/1226 3587/1232/1227
f 222/1503/1498 2351/344/344 2100/4249/4215
f 168/1367/1362 1232/1369/1364 2797/1000/998
f 2985/4250/4216 4936/2785/2767 1232/1369/1364
f 1233/1023/1021 4940/4251/4217 891/1024/1022
f 1232/1369/1364 3752/4252/4218 1233/1023/1021
f 1234/4253/4219 2165/4254/4220 2166/208/208
f 29/2215/2202 1543/4255/4221 3682/2216/2203
f 2519/4256/4222 843/4257/4223 1235/4258/4224
f 3561/4259/4225 2519/4256/4222 1235/4258/4224
f 1857/806/806 1236/4260/4226 133/807/807
f 3561/4259/4225 1235/4258/4224 4328/747/747
f 3854/2890/2871 2864/2889/2870 1237/1596/1591
f 302/1280/1275 3390/4261/4227 1685/1278/1273
f 609/2779/2761 127/3891/3864 3369/4262/4228
f 3635/646/646 3369/4262/4228 930/3683/3657
f 2045/4263/4229 4661/165/165 1239/164/164
f 13/2086/2073 2045/4263/4229 1239/164/164
f 1240/342/342 4791/1506/1501 3212/4264/4230
f 1093/1504/1499 4791/1506/1501 2193/1502/1497
f 2651/2963/2944 1241/2551/2536 669/2964/2945
f 669/2964/2945 1241/2551/2536 2957/2611/2596
f 1084/88/88 2675/3993/3964 4116/3994/3965
f 4421/2080/2067 2881/4265/4231 2119/2987/2968
f 1243/55/55 1242/4266/4232 422/4267/4233
f 1243/55/55 4426/3664/3638 2395/2072/2059
f 2128/4268/4234 1244/1657/1652 105/1659/1654
f 487/4269/4235 1072/1292/1287 4776/1291/1286
f 4175/1365/1360 1245/469/469 725/2325/2312
f 249/1658/1653 4776/1291/1286 2943/1293/1288
f 1246/229/229 1581/255/255 4441/4270/4236
f 3203/4271/4237 3906/4272/4238 2872/3093/3073
f 3461/2355/2342 1417/166/166 1247/168/168
f 715/4041/4012 1856/4273/4239 3609/1907/1899
f 1248/311/311 3285/351/351 4229/353/353
f 1462/244/244 1891/1707/1702 2769/245/245
f 3232/2790/2772 1820/4274/4240 312/4275/4241
f 3522/4276/4242 1818/2907/2888 4757/4277/4243
f 1250/32/32 4727/4278/4244 4683/4279/4245
f 1250/32/32 4683/4279/4245 1369/33/33
f 4515/4280/4246 702/3074/3054 328/147/147
f 2348/2800/2781 2417/3352/3328 328/147/147
f 490/2340/2327 3010/4281/4247 1667/567/567
f 3010/4281/4247 3809/586/586 4666/3714/3688
f 1253/74/74 3456/4282/4248 2239/3761/3735
f 4904/4283/4249 3076/2231/2218 3774/2233/2220
f 2734/4284/4250 1254/4285/4251 3128/4286/4252
f 2995/1835/1828 3128/4286/4252 2980/4287/4253
f 885/3572/3546 1369/33/33 4614/4288/4254
f 3662/2966/2947 4611/61/61 514/2433/2420
f 302/1280/1275 3068/3496/3470 2427/792/792
f 2427/792/792 3068/3496/3470 3603/3495/3469
f 4957/624/624 2761/623/623 2343/3137/3117
f 1966/3743/3717 3560/3553/3527 4878/4289/4255
f 3168/4290/4256 4177/436/436 1596/4291/4257
f 1004/547/547 1889/3849/3822 3896/573/573
f 1259/2703/2688 2247/2702/2687 2762/2701/2686
f 1063/200/200 3496/2562/2547 588/201/201
f 1260/4292/4258 3203/4271/4237 1609/4293/4259
f 1260/4292/4258 3770/3566/3540 412/3565/3539
f 414/2048/2035 1261/4294/4260 2307/2049/2036
f 1896/516/516 3168/4290/4256 3418/517/517
f 1262/2604/2589 2247/2702/2687 3114/2554/2539
f 1262/2604/2589 4770/2599/2584 2879/4295/4261
f 1152/2672/2657 1263/3491/3465 2874/333/333
f 576/334/334 1263/3491/3465 2945/337/337
f 533/2514/2499 4918/2513/2498 1264/2516/2501
f 4612/1144/1142 3339/2655/2640 533/2514/2499
f 962/3749/3723 250/4296/4262 1265/956/954
f 1265/956/954 250/4296/4262 1434/957/955
f 1836/2142/2129 4341/3823/3796 1266/2143/2130
f 3802/3778/3752 437/3776/3750 4908/2146/2133
f 473/2344/2331 1722/3887/3860 3181/2345/2332
f 3181/2345/2332 3593/3954/3925 4648/3953/3924
f 1268/4297/4263 1811/3051/3031 2474/4298/4264
f 2370/1314/1309 2662/3052/3032 1811/3051/3031
f 1269/1957/1947 3082/235/235 1859/1955/1945
f 3046/2670/2655 33/3594/3568 893/3593/3567
f 759/1046/1044 177/3139/3119 3013/1047/1045
f 177/3139/3119 4548/4118/4089 3013/1047/1045
f 1271/3701/3675 4156/4299/4265 123/1751/1744
f 4156/4299/4265 4660/4300/4266 3416/2824/2805
f 604/2760/2742 1272/972/970 2171/3380/3356
f 2102/3465/3439 1272/972/970 604/2760/2742
f 924/3670/3644 1273/2635/2620 197/4301/4267
f 2834/4302/4268 311/1624/1619 3081/1623/1618
f 4428/4303/4269 856/1230/1225 2155/885/884
f 2112/3355/3331 2717/3506/3480 3170/3505/3479
f 3035/1933/1923 897/228/228 2284/4190/4158
f 3403/230/230 2284/4190/4158 897/228/228
f 531/3316/3292 1276/2508/2493 104/3875/3848
f 531/3316/3292 4889/3856/3829 1276/2508/2493
f 4773/3285/3261 4894/4155/4124 1604/3286/3262
f 768/1977/1964 4067/3754/3728 4762/4304/4270
f 1278/4013/3984 2850/4012/3983 2901/4305/4271
f 1412/942/940 4003/1635/1630 4946/4306/4272
f 795/2856/2837 636/3363/3339 1279/3365/3341
f 4479/4307/4273 1548/3773/3747 1929/2506/2491
f 1030/1162/1159 3549/1161/1158 1280/3377/3353
f 212/2648/2633 3660/2649/2634 572/2647/2632
f 78/510/510 507/3598/3572 4525/3597/3571
f 298/1576/1571 4029/1575/1570 3206/3595/3569
f 4059/4244/4210 4865/4308/4274 4882/4309/4275
f 4882/4309/4275 506/2407/2394 4059/4244/4210
f 534/3755/3729 4581/120/120 19/122/122
f 2486/4310/4276 3648/2520/2505 4207/2519/2504
f 2816/1520/1515 4194/1519/1514 35/1996/1983
f 2318/1998/1985 2772/195/195 1859/1955/1945
f 3021/2722/2705 1285/4311/4277 4678/4312/4278
f 594/4313/4279 2094/1455/1450 3594/2725/2708
f 1286/1861/1854 2794/4314/4280 2374/2886/2867
f 2794/4314/4280 1286/1861/1854 4187/4315/4281
f 4857/3666/3640 1287/3784/3758 1694/3667/3641
f 2158/3785/3759 1287/3784/3758 4857/3666/3640
f 1288/4316/4282 959/2112/2099 740/4317/4283
f 2642/4318/4284 1756/4319/4285 959/2112/2099
f 4362/2322/2309 46/2324/2311 1289/2326/2313
f 1568/315/315 1497/1285/1280 4386/316/316
f 251/1371/1366 1290/606/606 1362/4320/4286
f 4797/4321/4287 1989/1429/1424 3159/1426/1421
f 1743/1430/1425 289/4322/4288 3913/1431/1426
f 2443/3196/3176 2869/618/618 2473/1555/1550
f 4984/4323/4289 2319/2700/2685 2547/172/172
f 2548/4324/4290 3469/149/149 4307/1668/1663
f 1028/3893/3866 1293/3892/3865 2987/4325/4291
f 4153/1892/1885 1870/1894/374 2381/4326/373
f 3102/4212/4180 798/4211/4179 1294/2878/2859
f 1524/4327/4292 3700/3456/3430 2566/3453/3427
f 3015/1370/1365 1295/991/989 2861/4328/4293
f 308/4329/4294 2985/4250/4216 1232/1369/1364
f 2639/4330/4295 1647/4331/4296 4672/4332/4297
f 3204/2439/2426 1304/4333/4298 4160/2440/2427
f 4267/3509/3483 1282/1958/1948 1946/2406/2393
f 3864/2033/2020 1188/2034/2021 4267/3509/3483
f 985/3797/3770 1298/4334/4299 2206/3798/3771
f 4739/514/514 3786/566/566 1397/1665/1660
f 1299/2862/2843 490/2340/2327 638/2339/2326
f 2467/1601/1596 3786/566/566 4739/514/514
f 1862/4335/4300 1300/1140/1138 4227/4336/4301
f 2158/3785/3759 4857/3666/3640 1324/4337/4302
f 1881/2434/2421 4611/61/61 3709/60/60
f 3067/3296/3272 4122/12/12 3398/3295/3271
f 4744/4338/4303 1302/18/18 3717/3108/3088
f 1302/18/18 3948/4339/4304 3717/3108/3088
f 1303/3919/3892 2220/4340/4305 1050/3928/3901
f 2940/1884/1877 783/2227/2214 2220/4340/4305
f 1304/4333/4298 3204/2439/2426 2639/4330/4295
f 2638/4341/4306 1296/4342/4307 716/4343/4308
f 2174/4344/4309 2372/4345/4310 1305/398/398
f 3158/1757/1750 62/4346/4311 1304/4333/4298
f 4042/4347/4312 4070/3252/3229 1306/1973/1960
f 3470/4348/4313 2738/4349/4314 1306/1973/1960
f 69/2549/2534 3845/4350/4315 542/1255/1250
f 2152/583/583 2125/582/582 2527/4351/4316
f 1308/1759/1752 4210/1761/1754 915/3648/3622
f 3415/4352/4317 915/3648/3622 510/3650/3624
f 4241/2442/2429 1309/4353/4318 515/4354/4319
f 2358/1760/1753 4832/2444/2431 3534/4355/4320
f 1310/294/294 3822/2441/2428 1424/2951/2932
f 1309/4353/4318 2986/4356/4321 515/4354/4319
f 1134/4084/4055 3175/1775/1768 4309/4357/4322
f 3175/1775/1768 2708/1778/1771 4309/4357/4322
f 4487/634/634 1439/633/633 1312/2993/2974
f 116/4131/4102 4545/710/710 3451/709/709
f 1104/4030/4001 3454/4031/4002 1313/3154/3134
f 4395/3396/3372 2655/1869/1862 4396/4358/4323
f 3475/4359/4324 1314/3032/3012 2918/3034/3014
f 2524/1891/1884 151/1890/1883 3696/3037/3017
f 3753/4360/4325 2823/852/852 612/854/854
f 1820/4274/4240 3753/4360/4325 3754/2787/2769
f 4411/2131/2118 2299/4138/4109 1316/4361/4326
f 1927/2580/2565 124/1253/1248 1316/4361/4326
f 1317/1248/1243 4945/4362/4327 2582/1249/1244
f 1927/2580/2565 2153/4363/4328 551/4364/4329
f 2478/4365/4330 4743/4366/4331 1318/4367/4332
f 1730/937/935 165/1821/1814 1124/4065/4036
f 1071/503/503 1319/4368/4333 398/501/501
f 1751/4369/4334 1020/3161/3141 398/501/501
f 1320/456/456 3801/2421/2408 511/2420/2407
f 716/4343/4308 1296/4342/4307 1320/456/456
f 642/2546/2531 1321/2881/2862 541/2883/2864
f 1665/1858/1851 1666/161/161 3199/4370/4335
f 3737/2665/2650 1322/2666/2651 80/485/485
f 2362/1515/1510 3543/1517/1512 2286/1521/1516
f 1323/2534/2519 2733/4371/4336 2066/2535/2520
f 3135/4372/4337 2271/1811/1804 536/1810/1803
f 1324/4337/4302 4857/3666/3640 979/4373/4338
f 1862/4335/4300 4227/4336/4301 3397/4374/1148
f 1325/3756/3730 3030/2518/2503 3648/2520/2505
f 2239/3761/3735 3456/4282/4248 3030/2518/2503
f 2034/4375/4339 3576/3390/3366 817/3428/3402
f 3248/3244/3223 3775/4376/4340 3051/4377/4341
f 1538/1118/1116 273/1797/1790 4750/4378/4342
f 4750/4378/4342 273/1797/1790 1897/1799/1792
f 111/3007/2987 2692/1721/1716 2819/4379/4343
f 1032/3006/2986 1329/695/695 111/3007/2987
f 1329/695/695 3348/694/694 3800/1994/1981
f 1329/695/695 1328/4380/4344 111/3007/2987
f 1330/4381/4345 4708/3336/3312 1419/3335/3311
f 4708/3336/3312 3756/4382/4346 3062/867/866
f 3536/699/699 2462/701/701 1331/1540/1535
f 2196/3753/3727 3847/2187/2174 449/2188/2175
f 4683/4279/4245 4727/4278/4244 4136/4383/4347
f 4136/4383/4347 4727/4278/4244 3751/4384/4348
f 1607/4385/4349 2492/4386/4350 3584/4387/4351
f 4871/4166/4135 4643/4388/4352 474/2288/2275
f 4053/4389/4353 1334/4390/4354 2012/3692/3666
f 3584/4387/4351 2492/4386/4350 4053/4389/4353
f 2377/3959/3930 1335/520/520 1070/3960/3931
f 3449/1400/1395 1335/520/520 2827/508/508
f 4622/4391/4355 3565/538/538 1336/537/537
f 2827/508/508 1335/520/520 2377/3959/3930
f 2341/3024/3004 4193/3026/3006 2855/3025/3005
f 687/2457/506 1766/2456/2443 1623/4392/4356
f 519/2583/2568 1766/2456/2443 3827/2458/2444
f 1944/2455/2442 2803/2454/2441 2822/4393/4357
f 2551/3771/3745 1339/2504/2489 1548/3773/3747
f 975/2141/2128 3797/3774/3748 1984/1164/1161
f 1340/1856/1849 1964/4394/4358 2480/1209/1204
f 2913/2147/2134 3637/2149/2136 1964/4394/4358
f 2424/3817/3790 993/1206/1201 1341/1205/1200
f 447/3814/3787 4061/2148/2135 2913/2147/2134
f 1342/1824/1817 2478/4365/4330 1318/4367/4332
f 4285/1422/1417 2476/3984/3955 2592/3983/3954
f 4169/3851/3824 2092/1823/1816 1729/1825/1818
f 1005/2481/2466 4510/4395/4359 4169/3851/3824
f 1344/3489/3463 3679/3488/3462 4234/3400/3376
f 4482/2499/2484 3679/3488/3462 1344/3489/3463
f 4911/4396/4360 1345/4397/4361 4474/4398/4362
f 219/596/596 4174/3401/3377 1345/4397/4361
f 1603/2213/2200 4402/4399/4363 1346/908/865
f 2626/843/843 3000/845/845 307/1615/1610
f 704/3080/3060 3357/3085/3065 1347/85/85
f 1347/85/85 3116/4400/4364 4330/3635/3609
f 2437/815/815 135/1475/1470 3901/1477/1472
f 2437/815/815 3901/1477/1472 272/2501/2486
f 4898/4401/4365 3449/1400/1395 3747/479/479
f 3024/4402/4366 3747/479/479 2264/4103/4074
f 1349/4403/4367 4298/4404/4368 3959/4405/4369
f 71/4406/4370 2338/1385/1380 1349/4403/4367
f 4123/4407/4139 216/1331/1326 1351/4408/4371
f 2215/4409/4372 4967/3199/3179 4166/3198/3178
f 1352/2956/2937 1201/4198/4166 4266/1818/1811
f 164/979/977 3089/1817/1810 2537/1812/1805
f 3097/2801/2782 1353/3463/3437 2188/2802/2783
f 4423/2806/2787 4485/1795/1788 3410/2804/2785
f 1354/3652/3626 3651/4410/4373 3961/523/523
f 2052/389/389 1209/4208/4176 3651/4410/4373
f 3086/3334/3310 1355/4128/4099 2350/4130/4101
f 2999/1782/1775 2334/4411/4374 131/1783/1776
f 1356/1686/1681 2385/3524/3498 3063/3628/3602
f 738/4206/4174 1356/1686/1681 865/57/57
f 926/3676/3650 1357/3677/3651 3577/3675/3649
f 446/2168/2155 1357/3677/3651 926/3676/3650
f 789/3348/3324 790/3346/3322 1358/2203/2190
f 789/3348/3324 1358/2203/2190 4725/2202/2189
f 84/518/518 1359/4412/4375 2015/519/519
f 2015/519/519 1359/4412/4375 4603/3350/3326
f 549/4217/4185 3423/4413/4376 1360/4414/4377
f 4999/4214/4182 1600/2590/2575 3423/4413/4376
f 1537/4415/4378 2660/3812/3785 2629/3811/3784
f 301/1588/1583 2631/1587/1582 1537/4415/4378
f 1362/4320/4286 1290/606/606 264/4416/4379
f 90/536/536 3565/538/538 4190/3706/3680
f 4239/4417/4380 1363/2996/2977 3275/2995/2976
f 1363/2996/2977 4239/4417/4380 4803/1541/1536
f 2297/1049/1047 3631/2137/2124 3131/4418/4381
f 3631/2137/2124 1860/1805/1798 3131/4418/4381
f 1365/4419/4382 2081/996/994 4937/4003/3974
f 1365/4419/4382 4569/2492/2477 159/1865/1858
f 3271/1063/1061 4064/1062/1060 1366/1081/1079
f 892/3591/3565 2564/3592/3566 3121/1103/1101
f 3443/4420/4383 1526/4421/4384 4030/2876/2857
f 3234/3545/3519 57/2874/2855 4030/2876/2857
f 4351/4422/4385 2731/1021/1019 180/1020/1018
f 1864/1299/1294 4283/2974/2955 673/2972/2953
f 1255/3106/3086 4617/4423/4386 2151/3107/3087
f 745/3208/3188 4617/4423/4386 428/3209/3189
f 4862/3238/3217 3933/3237/3216 126/778/778
f 126/778/778 1371/4424/4387 4524/779/779
f 1370/4425/4388 1371/4424/4387 126/778/778
f 1370/4425/4388 3452/4062/4033 2006/4426/4389
f 1372/4427/4390 933/3569/3543 884/3019/2999
f 1225/1679/1674 1372/4427/4390 3322/4428/4391
f 1373/4429/4392 293/3194/3174 2472/3195/3175
f 4803/1541/1536 4239/4417/4380 4435/4430/4393
f 1374/290/290 3930/4431/4394 2561/4432/4395
f 1474/3512/3486 3930/4431/4394 1374/290/290
f 3284/3391/3367 1375/4433/4396 804/3389/3365
f 4347/4434/4397 1857/806/806 4348/3427/3401
f 1376/2327/2314 3859/4435/4398 234/4076/4047
f 1128/314/314 1376/2327/2314 1568/315/315
f 1377/2756/2738 198/2758/2740 603/2755/2737
f 4588/2135/2122 4023/1139/1137 2046/2133/2120
f 403/4436/4399 2192/2018/2005 4498/2017/2004
f 1033/560/560 403/4436/4399 2756/561/561
f 3135/4372/4337 536/1810/1803 2733/4371/4336
f 2748/4437/4400 4449/3884/3857 2416/3883/3856
f 843/4257/4223 1380/3483/3457 4329/744/744
f 3269/2292/2279 3777/4438/4401 475/4439/4402
f 1381/4440/4403 176/1041/1039 2677/1002/1000
f 3279/3590/3564 4455/4441/4404 2232/4442/4405
f 1382/4443/4406 682/3004/2984 130/1719/1714
f 3263/2060/2047 3902/782/782 845/781/781
f 1383/2613/2598 1738/24/24 3053/2614/2599
f 3076/2231/2218 2540/4444/4407 461/2232/2219
f 267/1441/1436 1384/4445/4408 2861/4328/4293
f 2992/4446/4409 2667/963/961 3510/1446/1441
f 4334/3967/3938 1629/4447/4410 2770/3968/3939
f 284/4448/4411 1511/1215/1210 4794/4449/4412
f 125/758/758 1371/4424/4387 1386/4450/4413
f 3864/2033/2020 2326/2032/2019 3604/687/687
f 1387/140/140 4480/191/191 596/190/190
f 1387/140/140 596/190/190 331/2731/2714
f 573/2163/2150 1388/2650/2635 1025/2161/2148
f 4040/2658/2643 573/2163/2150 3644/2162/2149
f 2314/4236/4204 3238/4451/4414 1223/4237/4205
f 805/3394/3370 402/4452/4415 4475/4453/4416
f 4181/423/423 1535/422/422 4208/4454/4417
f 3026/4455/4418 1083/4053/4024 3324/4052/4023
f 3257/3997/3968 1391/3411/3387 812/2939/2920
f 59/1897/1889 2432/3540/3514 3255/4456/4419
f 2154/2099/2086 3435/3459/3433 3384/3460/3434
f 1091/4007/3978 2607/4457/4420 195/2851/2832
f 563/2763/2745 1393/4089/4060 4412/2620/2605
f 605/4458/4421 3818/926/924 4283/2974/2955
f 1394/4459/4422 4821/1298/1293 2219/1297/1292
f 1393/4089/4060 605/4458/4421 1394/4459/4422
f 1395/484/484 577/4168/4137 1183/4167/4136
f 3737/2665/2650 3792/2527/2512 2224/1513/1508
f 1396/4460/4423 1955/530/530 2088/532/532
f 4804/4461/4424 2573/2381/2368 1496/2380/2367
f 2206/3798/3771 324/570/570 299/569/569
f 324/570/570 4897/4462/4425 2283/4463/4426
f 303/576/576 4450/1599/1594 1816/3632/3606
f 2283/4463/4426 303/576/576 324/570/570
f 4450/1599/1594 910/568/568 4049/3631/3605
f 4049/3631/3605 910/568/568 2954/4247/4213
f 4173/4464/4427 1400/4465/4428 3975/3271/3247
f 500/1878/1871 1611/4466/4429 3840/1879/1872
f 1401/2915/2896 54/2917/2898 3872/4467/4430
f 2968/2622/2607 3740/3693/3667 1971/2623/2608
f 1402/259/259 4551/4468/4431 4554/4469/4432
f 3201/3474/3448 482/3473/3447 1402/259/259
f 1403/1841/1834 1793/4470/4433 3974/3825/3798
f 3903/1839/1832 1998/1838/1831 4826/385/385
f 4694/2637/2622 568/2634/2619 1404/4471/4434
f 568/2634/2619 1704/1648/1643 1404/4471/4434
f 2399/3763/3737 2400/3406/3382 3626/3762/3736
f 4587/4472/4435 742/3197/3177 277/4473/4436
f 3893/4474/4437 1406/1303/1298 3320/2318/2305
f 1406/1303/1298 3893/4474/4437 3796/2711/2696
f 4137/4475/4438 676/768/768 3142/767/767
f 2043/2982/2963 4287/4476/4439 676/768/768
f 2953/3417/3393 1408/3419/3395 3268/3416/3392
f 671/52/52 1410/45/45 1833/47/47
f 723/4477/4440 1643/4478/4441 2712/4479/4442
f 218/3923/3896 1643/4478/4441 723/4477/4440
f 797/3418/3394 1410/45/45 1408/3419/3395
f 1408/3419/3395 1410/45/45 671/52/52
f 904/3617/3591 718/3123/3103 1411/4480/4443
f 1411/4480/4443 718/3123/3103 3002/2483/2468
f 166/1393/1388 4966/4481/4444 4946/4306/4272
f 166/1393/1388 256/1390/1385 3445/1392/1387
f 1413/1486/1481 334/3478/3452 1224/4240/4206
f 4292/1706/1701 2776/1688/1683 3963/4482/4445
f 1414/1946/1936 2254/2490/2475 1947/2489/2474
f 1813/3031/3011 2918/3034/3014 471/3343/3319
f 1415/4483/4446 3218/215/215 3039/1695/1690
f 301/1588/1583 331/2731/2714 2355/1589/1584
f 3782/4484/4447 1359/4412/4375 84/518/518
f 1350/1401/1396 3782/4484/4447 3449/1400/1395
f 877/2393/2380 3953/2392/2379 1417/166/166
f 2635/2107/2094 3383/3742/3716 1417/166/166
f 2832/4485/4448 1418/1447/1442 163/1308/1303
f 1418/1447/1442 2832/4485/4448 4223/3141/3121
f 786/657/657 3824/4486/4449 3160/658/658
f 3054/679/679 2346/3339/3315 3970/680/680
f 4284/4487/4450 4711/4488/4451 1420/1282/1277
f 2285/1563/1558 232/801/801 2402/1612/1607
f 3960/217/217 2268/4083/4054 2907/4082/4053
f 653/2042/2029 2192/2018/2005 1747/4489/4452
f 4607/2735/2718 1422/1123/1121 4913/2792/2774
f 1268/4297/4263 2474/4298/4264 3120/2226/2213
f 1216/1105/1103 4107/4490/4453 200/4225/4193
f 4107/4490/4453 199/1152/1150 1443/4491/4454
f 2468/292/292 1310/294/294 2176/4492/4455
f 3462/1984/1971 4717/4151/4120 2420/2952/2933
f 3677/741/741 3372/4493/4456 1425/2899/2880
f 1244/1657/1652 2128/4268/4234 3729/4494/4457
f 1426/236/236 4108/4495/4458 3438/234/234
f 1069/282/282 2313/3958/3929 4992/4496/4459
f 2987/4325/4291 4153/1892/1885 2381/4326/373
f 4522/4497/4460 627/417/417 2086/1962/1952
f 2207/955/953 1428/4498/4461 1265/956/954
f 166/1393/1388 3445/1392/1387 2207/955/953
f 812/2939/2920 1391/3411/3387 2868/4114/4085
f 812/2939/2920 2868/4114/4085 4987/4113/4084
f 1941/4499/4462 366/1837/1830 3903/1839/1832
f 1651/1831/1824 2641/323/323 2795/4500/4463
f 3230/2729/2712 320/1654/1649 2071/1655/1650
f 3230/2729/2712 3396/3657/3631 320/1654/1649
f 1432/2238/2225 1086/4501/4464 4663/2673/2658
f 1086/4501/4464 1651/1831/1824 2795/4500/4463
f 1380/3483/3457 4669/4060/4031 1433/745/745
f 4669/4060/4031 2504/3359/3335 2814/3292/3268
f 1434/957/955 250/4296/4262 629/2837/2818
f 1434/957/955 3126/2210/2197 2029/2209/2196
f 4656/3044/3024 1435/2823/2804 4159/716/716
f 3416/2824/2805 3918/1750/1743 624/1749/1742
f 1436/3224/3203 566/3223/3202 3703/1772/1765
f 1436/3224/3203 749/1777/1770 1922/1776/1769
f 1437/288/288 928/287/287 44/1900/1892
f 3258/274/274 2574/276/276 4388/2547/2532
f 3414/4502/4465 246/3094/3074 1948/3096/3076
f 2743/3097/3077 3107/549/549 2488/551/551
f 1312/2993/2974 1439/633/633 1652/4503/4466
f 2133/614/614 4204/613/613 1439/633/633
f 3129/2968/2949 1440/1572/1567 814/2435/2422
f 2953/3417/3393 3268/3416/3392 814/2435/2422
f 641/376/376 4636/4504/4467 335/377/377
f 1574/2943/2924 4635/3696/3670 3071/2944/2925
f 1602/2922/2903 1442/1708/1703 3879/2923/2904
f 334/3478/3452 2287/4505/4468 3963/4482/4445
f 1443/4491/4454 2568/1167/1164 200/4225/4193
f 200/4225/4193 4107/4490/4453 1443/4491/4454
f 298/1576/1571 1444/1711/1706 2606/1710/1705
f 298/1576/1571 3206/3595/3569 1444/1711/1706
f 3441/989/987 170/2533/2518 537/990/988
f 3430/4506/4469 3333/3624/3598 2271/1811/1804
f 14/1954/1944 555/2588/2573 1446/1952/1942
f 555/2588/2573 1600/2590/2575 3220/4507/4470
f 1447/3070/3050 3084/4055/4026 3656/4508/4471
f 2830/1964/1954 2989/4509/4472 4691/4510/4473
f 3056/663/663 343/3927/3900 1448/4511/4474
f 3056/663/663 1448/4511/4474 4228/664/664
f 4344/2156/2143 714/2158/2145 3151/4512/4475
f 4831/3586/3560 436/2596/2581 3151/4512/4475
f 4572/2169/2156 4575/4513/4476 1450/4514/4477
f 1450/4514/4477 2605/1263/1258 4863/452/452
f 344/3699/3673 1451/630/630 1938/3845/3818
f 3173/3698/3672 3916/4515/4478 344/3699/3673
f 4935/4516/4479 1227/4242/4208 1452/2105/2092
f 2099/3585/3559 2072/2394/2381 3874/3023/3003
f 1453/2236/2223 3464/4517/4480 3231/6/6
f 2540/4444/4407 3231/6/6 4226/4518/4481
f 4205/2314/2301 1454/720/720 119/722/722
f 1454/720/720 1943/671/671 119/722/722
f 4466/2602/2587 1262/2604/2589 2879/4295/4261
f 2166/208/208 2165/4254/4220 558/4519/4482
f 3554/81/81 3227/83/83 909/4520/4483
f 3063/3628/3602 2292/3627/3601 909/4520/4483
f 4875/3081/3061 704/3080/3060 1457/23/23
f 3260/4521/4484 1457/23/23 704/3080/3060
f 1458/3312/3288 777/3310/3286 15/1590/1585
f 2369/3304/3280 777/3310/3286 1872/3306/3282
f 3201/3474/3448 1459/189/189 36/233/233
f 1919/231/231 36/233/233 1459/189/189
f 3620/67/67 775/4522/4485 4350/65/65
f 4272/99/99 3261/101/101 1487/4156/4125
f 4409/4523/4486 1461/3077/3057 2939/3075/3055
f 3706/4524/4487 2235/1669/1664 2008/97/97
f 1248/311/311 1891/1707/1702 1462/244/244
f 1462/244/244 3278/312/312 1248/311/311
f 1463/125/125 4355/4525/4488 2342/157/157
f 1463/125/125 23/4124/4095 4355/4525/4488
f 861/3660/3634 918/1052/1050 1464/1054/1052
f 3625/2095/2082 1464/1054/1052 4499/2273/2260
f 450/1213/1208 2304/2191/2178 1465/1211/1206
f 3457/1202/1197 212/2648/2633 572/2647/2632
f 2718/2849/2830 4998/1922/1912 92/515/515
f 2718/2849/2830 92/515/515 1596/4291/4257
f 1467/1087/1085 565/1086/1084 215/2627/2612
f 4378/2691/2676 1467/1087/1085 2780/2190/2177
f 3470/4348/4313 1306/1973/1960 1468/1972/1959
f 3437/4526/4489 4461/4527/4490 2397/4169/4138
f 3306/2903/2884 1217/2904/2885 4170/4528/4491
f 1650/2240/2227 1649/2239/2226 648/2900/2881
f 2494/1617/1612 1470/896/895 2030/4072/4043
f 2970/1616/1611 1470/896/895 2494/1617/1612
f 1471/1578/1573 552/3466/3440 553/3725/3699
f 552/3466/3440 1471/1578/1573 834/2585/2570
f 1472/4529/4492 4834/4530/4493 3846/4531/4494
f 2253/2172/2159 4860/3298/3274 2032/3297/3273
f 743/3831/3804 2998/3832/3805 2412/3368/3344
f 996/498/498 2998/3832/3805 3302/3800/3773
f 1474/3512/3486 858/3510/3484 3930/4431/4394
f 3742/4532/4495 4115/4228/4196 1218/3946/3919
f 3821/4533/4496 1475/4058/4029 3705/1966/1956
f 3012/4534/4497 2214/4535/4498 4332/4536/3967
f 4325/2446/2433 1476/2448/2435 2893/572/572
f 4836/2776/2758 1466/546/546 3585/4537/4499
f 3763/1560/1555 1477/993/991 2042/992/990
f 1778/2621/2606 4412/2620/2605 2219/1297/1292
f 1478/1011/1009 4427/1013/1011 4818/4538/4500
f 359/3623/3597 3517/3625/3599 3333/3624/3598
f 3865/2194/2181 1479/1329/1324 216/1331/1326
f 451/3748/3722 3885/3747/3721 3863/3405/3381
f 296/1567/1562 3636/4539/4501 1480/1565/1560
f 294/1559/1554 2077/1646/1641 3798/927/925
f 1481/4540/4502 2699/431/431 887/1241/1236
f 3646/2553/2538 413/4207/4175 1481/4540/4502
f 1482/433/433 1220/4231/4199 2833/4541/4503
f 2831/1242/1237 3385/1244/1239 2628/3349/3325
f 1483/4542/4504 30/181/181 1521/183/183
f 1031/2566/2551 30/181/181 1483/4542/4504
f 4319/1028/1026 2544/1915/1907 204/1026/1024
f 4835/4543/4505 2544/1915/1907 171/2164/2151
f 1485/1044/1042 3343/1073/1071 190/1075/1073
f 173/2415/2402 3355/1508/1503 2571/2417/2404
f 4096/3991/3962 1119/3992/3963 3025/4054/4025
f 458/1582/1577 3507/1584/1579 4096/3991/3962
f 775/4522/4485 1487/4156/4125 4350/65/65
f 4251/3626/3600 2369/3304/3280 1872/3306/3282
f 2834/4302/4268 1488/1067/1065 311/1624/1619
f 4982/4108/4079 3935/4109/4080 1933/4544/4506
f 3777/4438/4401 3202/2293/2280 475/4439/4402
f 4183/4545/4507 4339/4546/4508 1528/654/654
f 3521/3440/3414 4990/3442/3416 1490/3872/3845
f 1551/3644/3618 1490/3872/3845 4990/3442/3416
f 4437/4015/3986 227/1094/1092 1491/4014/3985
f 1491/4014/3985 227/1094/1092 1880/1307/1302
f 2011/552/552 1492/4547/4509 83/467/467
f 899/3561/3535 3166/2064/2051 3149/3727/3701
f 1715/1341/1336 160/1340/1335 1493/931/929
f 1118/829/829 3692/1643/1638 160/1340/1335
f 1494/4548/4510 962/3749/3723 2059/4549/4511
f 1494/4548/4510 267/1441/1436 4399/1443/1438
f 3371/1816/1809 1495/1815/1808 361/1814/1807
f 2691/902/901 3895/898/897 3313/903/902
f 4804/4461/4424 1496/2380/2367 1396/4460/4423
f 3985/4550/4512 827/616/616 3762/601/601
f 1289/2326/2313 46/2324/2311 1497/1285/1280
f 46/2324/2311 50/4063/4034 2501/271/271
f 3835/2359/2346 1498/112/112 618/2360/2347
f 911/80/80 2914/84/84 1556/4551/4513
f 275/4552/4514 1499/2189/2176 3536/699/699
f 3574/725/725 3735/724/724 275/4552/4514
f 2691/902/901 1500/899/898 3895/898/897
f 153/4553/4515 4009/2791/2773 2716/1276/1271
f 1935/4554/4516 26/2567/2552 1501/121/121
f 2949/1979/1966 4017/1975/1962 26/2567/2552
f 1502/3640/3614 3869/1153/1151 199/1152/1150
f 912/3642/3616 1502/3640/3614 4534/3638/3612
f 343/3927/3900 4890/2007/1994 1503/4555/4517
f 1448/4511/4474 343/3927/3900 3839/3447/3421
f 3609/1907/1899 1504/4038/4009 4464/4039/4010
f 32/4556/4518 669/2964/2945 2957/2611/2596
f 611/4557/4519 186/1038/1036 1505/4558/4520
f 1505/4558/4520 186/1038/1036 1198/4193/4161
f 1348/1864/1857 779/1863/1856 2946/811/811
f 3190/849/849 1878/851/851 2256/3317/3293
f 172/1007/1005 1608/930/928 1507/932/930
f 1639/1793/1786 4985/4559/4521 4185/1794/1787
f 4868/3398/3374 4627/4560/4522 2515/3399/3375
f 2003/3437/3411 4627/4560/4522 4868/3398/3374
f 1988/1374/1369 284/4448/4411 4794/4449/4412
f 3978/4561/4523 100/585/585 4794/4449/4412
f 253/805/805 1583/704/704 1510/4562/4524
f 4627/4560/4522 1510/4562/4524 2515/3399/3375
f 1385/2333/2320 1511/1215/1210 4508/4563/4525
f 1511/1215/1210 1385/2333/2320 2895/1214/1209
f 1512/3601/3575 1281/3600/3574 3621/426/426
f 1164/352/352 3285/351/351 895/4564/4526
f 1978/1714/1709 1513/1487/1482 1413/1486/1481
f 1976/1682/1677 791/1681/1676 2311/1490/1485
f 1254/4285/4251 1514/1826/1819 3128/4286/4252
f 1514/1826/1819 1254/4285/4251 3966/4565/4527
f 3595/1240/1235 1057/1650/1645 319/544/544
f 4280/1238/1233 3595/1240/1235 319/544/544
f 1516/3948/3921 2844/176/176 28/175/175
f 1601/150/150 28/175/175 2809/2610/2595
f 2144/4566/4528 2428/4567/4529 1517/366/366
f 1517/366/366 756/2940/2921 3764/3895/3868
f 344/3699/3673 3309/715/715 1518/717/717
f 344/3699/3673 1518/717/717 2234/3697/3671
f 2058/4248/4214 1519/612/612 3389/4568/4530
f 3389/4568/4530 1519/612/612 2622/3718/3692
f 4777/4569/4531 1520/836/836 4700/835/835
f 4777/4569/4531 1011/916/914 4848/787/787
f 1234/4253/4219 1521/183/183 2165/4254/4220
f 1543/4255/4221 1234/4253/4219 3682/2216/2203
f 2804/2280/2267 1522/2372/2359 4077/2281/2268
f 4157/3932/3905 3351/3140/3120 1522/2372/2359
f 4779/3011/2991 1523/3480/3454 337/3482/3456
f 1625/3010/2990 4019/3050/3030 4779/3011/2991
f 798/4211/4179 1524/4327/4292 2566/3453/3427
f 1196/1699/1694 3642/1698/1693 4454/1322/1317
f 1378/2015/2002 806/2578/2563 1525/562/562
f 806/2578/2563 285/2577/2562 2515/3399/3375
f 875/4570/4532 1526/4421/4384 1367/2877/2858
f 1526/4421/4384 3443/4420/4383 1367/2877/2858
f 4376/2303/2290 2567/980/978 1527/2304/2291
f 2567/980/978 3500/4571/4533 1527/2304/2291
f 4183/4545/4507 1528/654/654 3052/4572/4534
f 2361/3155/3135 2870/2848/2829 3052/4572/4534
f 332/1321/1316 1529/4573/4535 1571/4574/4536
f 2394/378/378 894/1709/1704 1529/4573/4535
f 1996/4575/4537 968/2361/2348 1530/2363/2350
f 4540/4576/4538 2800/3174/3154 25/156/156
f 1531/3375/3351 800/3455/3429 1648/322/322
f 1294/2878/2859 4864/4577/4539 1531/3375/3351
f 387/136/136 1532/135/135 4013/1938/1928
f 2374/2886/2867 2794/4314/4280 1135/4085/4056
f 1053/2006/1993 3373/4578/4540 1533/2004/1991
f 401/4579/4541 1533/2004/1991 3373/4578/4540
f 1534/895/894 3421/4071/4042 1470/896/895
f 1534/895/894 4755/2642/2627 2541/1634/1629
f 3214/4580/4542 4208/4454/4417 1535/422/422
f 3251/4163/4132 3214/4580/4542 4720/3966/3937
f 3093/2750/2732 3820/2749/2731 1536/2122/2109
f 179/1015/1013 4199/1113/1111 183/1016/1014
f 1537/4415/4378 2629/3811/3784 4014/3308/3284
f 15/1590/1585 4087/1592/1587 4014/3308/3284
f 2109/2370/2357 273/1797/1790 1538/1118/1116
f 589/2371/2358 2109/2370/2357 1538/1118/1116
f 272/2501/2486 1539/911/909 2250/910/908
f 272/2501/2486 3901/1477/1472 2517/4581/4543
f 4918/2513/2498 1540/2517/2502 1264/2516/2501
f 3064/1472/1467 2984/4582/4544 2982/1471/1466
f 4902/4583/4545 1541/2834/2815 2514/3149/3129
f 2483/4584/4546 485/3504/3478 452/3939/3912
f 2466/1546/1541 290/1544/1539 2929/1547/1542
f 2466/1546/1541 2724/289/289 290/1544/1539
f 4938/4585/4547 2680/170/170 1521/183/183
f 4938/4585/4547 1521/183/183 1234/4253/4219
f 2745/1867/1860 144/4586/4548 1544/1614/1609
f 2156/894/893 1470/896/895 2970/1616/1611
f 4981/833/833 354/832/832 1545/3889/3862
f 1639/1793/1786 4185/1794/1787 4856/4587/4549
f 3491/4073/4044 1546/838/838 3973/4588/4550
f 2366/3341/3317 1878/851/851 787/850/850
f 3413/2664/2649 2744/361/361 4895/4589/4551
f 3413/2664/2649 1430/4590/4552 483/1840/1833
f 636/3363/3339 1548/3773/3747 4479/4307/4273
f 4732/3772/3746 2551/3771/3745 1548/3773/3747
f 1263/3491/3465 1549/2663/2648 3087/2660/2645
f 3087/2660/2645 1549/2663/2648 1587/2662/2647
f 1550/1606/1601 4926/4591/4553 3558/1524/1519
f 1515/1653/1648 1550/1606/1601 3558/1524/1519
f 4990/3442/3416 3927/753/753 1551/3644/3618
f 4316/4592/4554 129/775/775 2435/3645/3619
f 1552/784/784 3883/1438/1433 3890/1437/1432
f 1552/784/784 3685/786/786 4654/4593/4555
f 1553/2428/2415 4045/4594/4556 3483/4595/4557
f 2601/4596/4558 1666/161/161 27/160/160
f 3223/86/86 4330/3635/3609 3483/4595/4557
f 4330/3635/3609 1553/2428/2415 3483/4595/4557
f 1555/563/563 4359/565/565 3184/1921/1911
f 3401/3157/3137 3850/4597/4559 384/3156/3136
f 1556/4551/4513 2849/4598/4560 3835/2359/2346
f 3223/86/86 3483/4595/4557 2849/4598/4560
f 133/807/807 1557/4599/4561 2202/3243/3222
f 1236/4260/4226 1557/4599/4561 133/807/807
f 2764/3062/3042 3912/4600/4562 1558/3063/3043
f 3912/4600/4562 920/2071/2058 3639/3105/3085
f 2484/1058/1056 3849/1060/1058 1559/1064/1062
f 1381/4440/4403 4455/4441/4404 176/1041/1039
f 2975/2307/2294 696/4601/4563 3391/4602/4564
f 983/3791/3764 4405/1033/1031 1700/3792/3765
f 2540/4444/4407 3076/2231/2218 1561/4603/4565
f 3139/72/72 4692/1909/1901 10/73/73
f 2844/176/176 4618/4604/4566 2124/177/177
f 547/2609/2594 4413/2564/2549 1031/2566/2551
f 854/2836/2817 485/3504/3478 1563/3503/3477
f 2860/3151/3131 485/3504/3478 2483/4584/4546
f 831/2097/2084 4526/1943/1933 1088/2257/2244
f 2154/2099/2086 3384/3460/3434 831/2097/2084
f 1565/3458/3432 788/1944/1934 1564/3457/3431
f 4499/2273/2260 1082/3990/3961 4476/4605/4567
f 1566/824/824 3757/823/823 3463/840/840
f 1041/3109/3089 1566/824/824 3188/3110/3090
f 1567/3236/3215 4862/3238/3217 3370/4606/4568
f 1557/4599/4561 2201/746/746 4675/4607/4569
f 1289/2326/2313 1497/1285/1280 1568/315/315
f 1376/2327/2314 1289/2326/2313 1568/315/315
f 3802/3778/3752 1569/3777/3751 976/3775/3749
f 976/3775/3749 1628/1053/1051 1984/1164/1161
f 935/2026/2013 3073/3695/3669 1570/380/380
f 4297/2027/2014 935/2026/2013 1570/380/380
f 332/1321/1316 1571/4574/4536 1196/1699/1694
f 1196/1699/1694 1571/4574/4536 2237/2897/2878
f 1119/3992/3963 1572/4608/4570 3324/4052/4023
f 1572/4608/4570 2606/1710/1705 3678/1712/1707
f 1573/3570/3544 776/2384/2371 3545/2386/2373
f 2317/3309/3285 1361/3810/3783 776/2384/2371
f 1574/2943/2924 335/377/377 4636/4504/4467
f 1574/2943/2924 3728/2223/2210 3678/1712/1707
f 823/4609/4571 1575/1512/1507 55/1983/1970
f 2885/3443/3417 1575/1512/1507 823/4609/4571
f 1576/4610/4572 4176/4611/4573 4184/834/834
f 815/1450/1445 1576/4610/4572 4806/4612/4574
f 4712/44/44 520/3272/3248 2837/2459/2445
f 4712/44/44 3713/43/43 520/3272/3248
f 3610/2062/2049 950/466/466 1578/2063/2050
f 3871/1412/1407 1051/3929/3902 3610/2062/2049
f 4070/3252/3229 1579/1971/1958 393/3027/3007
f 2329/4613/4575 1154/2937/2918 2446/3067/3047
f 1580/293/293 4038/4614/4576 2986/4356/4321
f 1580/293/293 3837/3567/3541 4038/4614/4576
f 4441/4270/4236 1581/255/255 2492/4386/4350
f 2523/2624/2609 2012/3692/3666 1334/4390/4354
f 1582/2949/2930 4244/3859/3832 2735/917/915
f 4244/3859/3832 1582/2949/2930 4147/3937/3910
f 2520/804/804 1583/704/704 253/805/805
f 609/2779/2761 2924/2778/2760 127/3891/3864
f 1584/1690/1685 38/1435/1430 2383/4615/4577
f 1584/1690/1685 2289/1689/1684 38/1435/1430
f 1121/360/360 2368/383/383 1585/382/382
f 863/4059/4030 1587/2662/2647 1585/382/382
f 1586/139/139 3495/3477/3451 1387/140/140
f 1224/4240/4206 3495/3477/3451 1586/139/139
f 1585/382/382 4895/4589/4551 1121/360/360
f 1121/360/360 4895/4589/4551 2744/361/361
f 3256/4616/4578 2014/1032/1030 1588/3779/3753
f 976/3775/3749 1569/3777/3751 1628/1053/1051
f 1589/512/512 1298/4334/4299 985/3797/3770
f 3302/3800/3773 1473/2815/2796 3283/474/474
f 1002/3840/3813 2050/3313/3289 1590/3841/3814
f 3392/95/95 1573/3570/3544 2280/93/93
f 4629/2264/2251 1591/2840/2821 630/2839/2820
f 2931/3056/3036 2199/4617/4579 377/3057/3037
f 1592/4618/4580 2624/4619/4581 4840/4620/4582
f 4232/4192/4160 4573/4621/4583 2624/4619/4581
f 3166/2064/2051 2654/3605/3579 1593/453/453
f 2605/1263/1258 3166/2064/2051 4876/1264/1259
f 3553/4622/4584 1900/3256/3233 1594/3257/3234
f 3553/4622/4584 3326/1641/1636 1798/1076/1074
f 1595/2046/2033 1827/1553/1548 326/1552/1547
f 326/1552/1547 1965/3213/3193 2978/4623/4585
f 1596/4291/4257 1258/3847/3820 4273/4624/4586
f 4273/4624/4586 2718/2849/2830 1596/4291/4257
f 619/4625/4587 1597/2814/2795 2384/2571/2556
f 2665/3759/3733 496/1942/1932 4201/1941/1931
f 1598/3744/3718 3867/3324/3300 3393/3326/3302
f 1923/2055/2042 2848/2348/2335 2108/534/534
f 296/1567/1562 1599/939/937 3636/4539/4501
f 463/2241/2228 3164/2242/2229 4213/2244/2231
f 1600/2590/2575 3745/4626/4588 1360/4414/4377
f 1600/2590/2575 1360/4414/4377 3423/4413/4376
f 4233/1694/1689 1516/3948/3921 1601/150/150
f 1601/150/150 1516/3948/3921 28/175/175
f 4197/1701/1696 4542/4627/4589 4195/2798/2779
f 4195/2798/2779 4542/4627/4589 3419/2921/2902
f 307/1615/1610 2970/1616/1611 2603/1618/1613
f 307/1615/1610 2603/1618/1613 2626/843/843
f 1177/4628/4590 3031/2044/2031 2105/225/225
f 1426/236/236 3031/2044/2031 4766/4629/4591
f 1605/3049/3029 694/4630/4592 3117/3048/3028
f 1032/3006/2986 3482/3005/2985 2750/4631/4593
f 4899/2376/2363 2765/2375/2362 866/1260/1255
f 499/3332/3308 3282/4234/4202 3547/3525/3499
f 2093/4632/4594 1607/4385/4349 1333/306/306
f 3203/4271/4237 2093/4632/4594 1609/4293/4259
f 3956/2986/2967 244/2984/2965 1608/930/928
f 1608/930/928 1715/1341/1336 1493/931/929
f 3770/3566/3540 1260/4292/4258 4615/3088/3068
f 4080/4633/4595 2976/295/295 707/298/298
f 550/2575/2560 1612/2685/2670 4922/4634/4596
f 2107/535/535 2106/1380/1375 379/533/533
f 4173/4464/4427 1611/4466/4429 1400/4465/4428
f 4639/4635/4597 1400/4465/4428 1611/4466/4429
f 1612/2685/2670 285/2577/2562 4922/4634/4596
f 582/2682/2667 2826/3520/3494 4414/3906/3879
f 929/3680/3654 1613/1/1 3408/2452/2439
f 1614/3681/3655 929/3680/3654 3807/3679/3653
f 929/3680/3654 1614/3681/3655 1613/1/1
f 1614/3681/3655 3881/2/2 1613/1/1
f 1615/2525/2510 2223/2524/2509 61/2529/2514
f 2899/4080/4051 4386/316/316 3143/4006/3977
f 1616/4636/4598 3347/2696/2681 559/1395/1390
f 4369/2605/2590 4810/636/636 2740/638/638
f 883/2002/1989 1617/3568/3542 4459/2003/1990
f 4368/2695/2680 2288/2608/2593 3347/2696/2681
f 1618/4637/4599 4647/4638/4600 675/2127/2114
f 4647/4638/4600 1618/4637/4599 1377/2756/2738
f 24/134/134 4431/4639/4601 3444/132/132
f 2023/106/106 3341/2537/2522 3924/1940/1930
f 1620/2941/2922 211/1194/1189 758/1193/1188
f 3844/4224/4192 4811/4223/4191 211/1194/1189
f 1621/2645/2630 229/1283/1278 4592/2644/2629
f 2403/952/950 571/4640/4602 4268/2860/2841
f 1622/2643/2628 4592/2644/2629 229/1283/1278
f 229/1283/1278 1420/1282/1277 4711/4488/4451
f 687/506/506 1623/4641/4356 1337/4642/4603
f 3362/3003/2983 4657/4643/4604 3195/3001/2043
f 4062/4644/4605 3669/2014/2001 1624/2041/2028
f 1624/2041/2028 849/1898/1890 4062/4644/4605
f 683/3009/2989 1625/3010/2990 4805/3012/2992
f 4583/3899/3872 2820/3900/3873 1625/3010/2990
f 3005/4645/4606 1040/2341/2328 1626/2342/2329
f 1509/653/653 3007/4646/4607 3978/4561/4523
f 1868/3356/3332 1277/3282/3258 1627/3284/3260
f 390/1956/1946 793/2668/2653 3359/2669/2654
f 1628/1053/1051 3908/3517/3491 1464/1054/1052
f 3663/4647/4608 3256/4616/4578 1588/3779/3753
f 1629/4447/4410 4334/3967/3938 4508/4563/4525
f 1550/1606/1601 3179/3969/3940 4926/4591/4553
f 849/1898/1890 1630/3499/3473 4062/4644/4605
f 928/287/287 3666/358/358 849/1898/1890
f 129/775/775 922/777/777 2435/3645/3619
f 4929/4648/4609 922/777/777 136/4649/4610
f 1632/2754/2736 2075/2751/2733 4056/2753/2735
f 2922/357/357 602/4650/4611 1630/3499/3473
f 1633/1536/1531 1634/557/557 288/556/556
f 1633/1536/1531 1551/3644/3618 914/3646/3620
f 914/3646/3620 1634/557/557 1633/1536/1531
f 1634/557/557 4312/600/600 3338/558/558
f 4447/3873/3846 4446/4651/4612 1965/3213/3193
f 1018/3870/3843 822/3212/3192 4446/4651/4612
f 4721/1642/1637 2294/998/996 4416/976/974
f 2668/3516/3490 192/1534/1529 860/1535/1530
f 4052/3647/3621 1633/1536/1531 1637/555/555
f 3222/3871/3844 1490/3872/3845 2835/3060/3040
f 1638/471/471 1563/3503/3477 2539/3150/3130
f 1245/469/469 1638/471/471 725/2325/2312
f 4866/4652/4613 1639/1793/1786 4856/4587/4549
f 4442/2769/2751 1639/1793/1786 4866/4652/4613
f 1672/4023/3994 2972/4022/3993 4767/2185/2172
f 2565/4653/2453 1192/4654/2452 3193/4655/4614
f 1641/4656/4615 4785/4657/4616 912/3642/3616
f 912/3642/3616 4534/3638/3612 1840/3637/3611
f 3238/4451/4414 2314/4236/4204 4475/4453/4416
f 3937/1868/1861 1544/1614/1609 1389/1613/1608
f 1409/3144/3124 1643/4478/4441 218/3923/3896
f 1411/4480/4443 3002/2483/2468 1409/3144/3124
f 4233/1694/1689 1644/1696/1691 1516/3948/3921
f 1516/3948/3921 1644/1696/1691 545/2557/2542
f 4174/3401/3377 219/596/596 2365/598/598
f 577/4168/4137 2365/598/598 1183/4167/4136
f 2589/3479/3453 2619/3388/3364 840/1247/1242
f 3474/2403/2390 4780/3475/3449 840/1247/1242
f 1647/4331/4296 4667/2419/2406 4672/4332/4297
f 3415/4352/4317 510/3650/3624 3204/2439/2426
f 1648/322/322 2560/4658/4617 3823/4659/4618
f 2560/4658/4617 1648/322/322 800/3455/3429
f 3700/3456/3430 648/2900/2881 1649/2239/2226
f 830/3454/3428 3146/3372/3348 2760/3379/3355
f 1650/2240/2227 3905/4660/4619 1432/2238/2225
f 3306/2903/2884 4170/4528/4491 1650/2240/2227
f 1432/2238/2225 1651/1831/1824 1086/4501/4464
f 3905/4660/4619 1651/1831/1824 1432/2238/2225
f 1312/2993/2974 1652/4503/4466 4451/682/682
f 4326/621/621 4451/682/682 2335/619/619
f 3654/2632/2617 4735/2631/2616 1653/1743/1736
f 4764/3393/3369 1375/4433/4396 3284/3391/3367
f 385/1928/1918 3464/4517/4480 938/2235/2222
f 938/2235/2222 3464/4517/4480 1453/2236/2223
f 1655/3752/3726 1081/3988/3959 3834/1637/1632
f 3847/2187/2174 3834/1637/1632 3130/1636/1631
f 1148/1107/1105 3022/3462/3436 3157/1108/1106
f 459/2224/2211 2064/2732/2715 4824/2225/2212
f 318/4661/4620 3097/2801/2782 1657/2803/2784
f 736/4662/4621 3991/1558/1553 4638/1647/1642
f 529/1470/1465 3147/4663/4622 1658/1468/1463
f 1937/718/718 1454/720/720 2482/2315/2302
f 3804/2245/2232 2599/2247/2234 1659/2772/2754
f 2127/802/802 2796/4664/4623 3508/785/785
f 3493/4665/4624 1660/3973/3944 1102/4024/3995
f 2204/4666/4625 1660/3973/3944 4196/4667/4626
f 4758/2001/1988 607/1568/1563 1661/2469/2454
f 883/2002/1989 1661/2469/2454 1617/3568/3542
f 2556/4668/4627 1662/4669/4628 1881/2434/2421
f 4275/3294/3270 7/77/77 1662/4669/4628
f 3089/1817/1810 361/1814/1807 1663/4670/4629
f 3724/959/957 3254/958/956 361/1814/1807
f 2955/2777/2759 113/702/702 2924/2778/2760
f 2955/2777/2759 4941/3903/3876 3628/3902/3875
f 370/4671/4630 1665/1858/1851 1106/219/219
f 37/4033/4004 1106/219/219 4483/4034/4005
f 1666/161/161 1321/2881/2862 3199/4370/4335
f 2601/4596/4558 1321/2881/2862 1666/161/161
f 3693/4672/4631 1667/567/567 3010/4281/4247
f 4400/4673/4632 465/2252/2239 3661/2251/2238
f 1668/1165/1162 918/1052/1050 4011/2853/2834
f 1668/1165/1162 1628/1053/1051 918/1052/1050
f 2770/3968/3939 1629/4447/4410 1669/1375/1370
f 2943/1293/1288 1072/1292/1287 1669/1375/1370
f 1670/2884/2865 2374/2886/2867 643/137/137
f 643/137/137 2406/113/113 3602/4201/4169
f 936/4674/4633 3916/4515/4478 1671/1753/1746
f 1671/1753/1746 1049/1752/1745 936/4674/4633
f 1672/4023/3994 4296/1189/1184 4703/4021/3992
f 521/1187/1182 4296/1189/1184 1672/4023/3994
f 1219/3663/3637 4995/3922/3895 3981/4675/4634
f 3537/4676/4635 2658/38/38 2531/3450/3424
f 3049/2742/2725 1674/2741/2724 2455/2570/2555
f 2455/2570/2555 1674/2741/2724 4418/4677/4636
f 1675/4678/4637 220/489/489 3424/4679/4638
f 2910/4680/4639 656/1499/1494 3929/2310/2297
f 2657/4681/4640 917/2728/2711 2910/4680/4639
f 1675/4678/4637 2910/4680/4639 220/489/489
f 4670/264/264 4361/205/205 40/273/273
f 4549/1702/1697 4361/205/205 684/1703/1698
f 444/257/257 1916/4682/4641 3768/4683/4642
f 444/257/257 973/252/252 4733/2176/2163
f 3704/2902/2883 2583/2901/2882 1679/1318/1313
f 1679/1318/1313 3363/1827/1820 240/1849/1842
f 1514/1826/1819 3966/4565/4527 1680/4017/3988
f 240/1849/1842 3363/1827/1820 1096/1850/1843
f 1681/500/500 2145/4684/4643 886/529/529
f 886/529/529 925/3672/3646 1681/500/500
f 501/4685/4644 1682/108/108 3530/3689/3663
f 501/4685/4644 1117/4050/4021 1682/108/108
f 2742/1098/1096 4104/1097/1095 574/2652/2637
f 4315/1315/1310 2487/1316/1311 1811/3051/3031
f 598/2739/2722 427/2738/2721 3485/4048/4019
f 427/2738/2721 3829/4686/4645 3485/4048/4019
f 3390/4261/4227 601/4687/4646 1685/1278/1273
f 1685/1278/1273 601/4687/4646 3820/2749/2731
f 1686/2103/2090 1674/2741/2724 1684/2740/2723
f 549/4217/4185 1674/2741/2724 1686/2103/2090
f 3349/4241/4207 3322/4428/4391 1687/4688/4647
f 3910/3191/3171 3349/4241/4207 1687/4688/4647
f 4340/1199/1194 2021/2150/2137 373/1173/1168
f 1925/1056/1054 1739/1055/1053 4953/4689/4648
f 2303/1872/1865 3440/4222/4190 1689/4690/4649
f 3440/4222/4190 3501/4691/4650 1689/4690/4649
f 3773/242/242 1690/2543/2528 1109/2545/2530
f 1690/2543/2528 1437/288/288 44/1900/1892
f 3376/4121/4092 1691/1802/1795 2031/4122/4093
f 1798/1076/1074 182/1078/1076 3404/4692/4651
f 4398/915/913 158/914/912 1692/2066/2053
f 2702/4693/4652 2703/2320/2307 1744/4694/4653
f 732/639/639 1693/713/713 4916/640/640
f 3429/3716/3690 115/3169/3149 1693/713/713
f 1694/3667/3641 921/1855/1848 4722/4695/4654
f 921/1855/1848 2682/2475/2460 2509/2183/2170
f 1116/2569/2554 1695/4049/4020 1698/3358/3334
f 1695/4049/4020 1116/2569/2554 3614/2568/2553
f 3749/193/193 3303/4696/4655 427/2738/2721
f 3303/4696/4655 3749/193/193 4927/4697/4656
f 3749/193/193 598/2739/2722 1697/194/194
f 1697/194/194 2026/2667/2652 2772/195/195
f 1116/2569/2554 1698/3358/3334 2025/4047/4018
f 1697/194/194 598/2739/2722 2026/2667/2652
f 1699/3163/3143 238/1406/1401 2610/4119/4090
f 4127/4698/4657 4255/3655/3629 1699/3163/3143
f 3256/4616/4578 977/4699/4658 1700/3792/3765
f 977/4699/4658 982/2145/2132 1700/3792/3765
f 4027/4700/4659 226/884/883 1701/4701/4660
f 2463/1881/1874 4639/4635/4597 3388/1882/1875
f 1760/1917/1909 3598/4702/4661 226/1918/883
f 226/1918/883 3598/4702/4661 1701/4703/4660
f 1703/2774/2756 4582/4107/4078 3619/4043/4014
f 2089/4704/4662 3685/786/786 3619/4043/4014
f 4641/1649/1644 1704/1648/1643 835/3468/3442
f 835/3468/3442 1704/1648/1643 568/2634/2619
f 1705/2496/2481 2104/919/917 528/918/916
f 528/918/916 4952/2845/2826 1705/2496/2481
f 1706/1883/1876 3388/1882/1875 500/1878/1871
f 2573/2381/2368 4804/4461/4424 4299/4705/4663
f 3012/4534/4497 3931/2365/2352 1707/2053/2040
f 1707/2053/2040 2214/4535/4498 3012/4534/4497
f 4975/4706/4664 8/62/62 1708/2988/2969
f 4178/4707/4665 3624/25/25 2082/9/9
f 3624/25/25 1709/27/27 2082/9/9
f 791/1681/1676 3411/1683/1678 1709/27/27
f 1264/2516/2501 2806/1326/1321 3643/1145/1143
f 2067/1092/1090 185/1343/1338 245/1345/1340
f 1711/1622/1617 2552/1243/1238 3186/4708/4666
f 1240/342/342 3212/4264/4230 2248/343/343
f 2810/1886/1879 1101/2263/2250 2041/3621/3595
f 4637/4027/3998 2810/1886/1879 1102/4024/3995
f 2912/1930/1920 1713/4709/4667 4430/1931/1921
f 5/1926/1916 3519/3444/3418 1577/1927/1917
f 1901/1342/1337 181/1082/1080 1714/2983/2964
f 181/1082/1080 692/2494/2479 3771/4004/3975
f 244/2984/2965 1715/1341/1336 1608/930/928
f 244/2984/2965 1714/2983/2964 1715/1341/1336
f 1716/3678/3652 467/2913/2894 4850/4710/4668
f 2801/2260/2247 4187/4315/4281 4850/4710/4668
f 741/690/690 932/1440/1435 1717/691/691
f 1717/691/691 3977/2299/2286 118/3688/3662
f 4074/4711/4669 907/3221/2106 1718/4712/2105
f 3641/3867/3840 4074/4711/4669 3008/1050/1048
f 1719/4010/3981 3788/4009/3980 279/1501/1496
f 2496/3768/3742 279/1501/1496 2921/3769/3743
f 2861/4328/4293 1295/991/989 1720/2783/2765
f 1295/991/989 3287/3300/3276 1720/2783/2765
f 2342/157/157 380/1904/1896 1721/1906/1898
f 541/2883/2864 3652/2880/2861 642/2546/2531
f 3229/4713/4670 1950/2285/2272 1722/3887/3860
f 3638/2865/2846 3593/3954/3925 1267/2866/2847
f 4402/4399/4363 1603/2213/2200 1723/2212/2199
f 1125/909/907 2678/967/965 818/3426/3399
f 2115/4067/4038 4716/2859/2840 1724/953/951
f 1724/953/951 256/1390/1385 166/1393/1388
f 1226/2390/2377 876/2357/2344 1725/39/39
f 876/2357/2344 2554/2356/2343 1725/39/39
f 1726/1473/1468 273/1797/1790 2109/2370/2357
f 2266/3472/3446 1726/1473/1468 3789/4714/4671
f 4143/4715/4672 1727/3535/3509 761/3534/3508
f 2684/4716/4673 868/3531/3505 4365/4078/4049
f 658/4136/4107 3889/4133/4104 1728/425/425
f 895/4564/4526 4463/4717/4674 1164/352/352
f 1342/1824/1817 1318/4367/4332 1729/1825/1818
f 1318/4367/4332 4743/4366/4331 2908/4718/4675
f 1318/4367/4332 2908/4718/4675 1729/1825/1818
f 524/2478/2463 3386/2480/2465 3513/4719/4676
f 824/4720/4677 12/71/71 1731/3445/3419
f 824/4720/4677 1731/3445/3419 3519/3444/3418
f 3233/933/931 4828/935/933 689/4721/4678
f 2513/3030/3010 4460/2276/2263 2720/4722/4679
f 697/2275/2262 1863/3058/3038 2805/4723/4680
f 3233/933/931 4983/2266/2253 1974/2265/2252
f 4397/4724/4681 1734/1284/1279 4091/3180/3160
f 4320/3911/3884 4018/4725/4682 306/3912/3885
f 1735/2677/2662 4616/4726/4683 67/2934/2915
f 2611/463/463 4616/4726/4683 1735/2677/2662
f 1736/578/578 299/569/569 309/571/571
f 2630/2584/2569 4031/3839/3812 4537/3838/3811
f 3092/3732/3706 1737/3731/3705 2903/2872/2853
f 2467/1601/1596 640/1600/1595 4517/4727/4684
f 1738/24/24 1457/23/23 3260/4521/4484
f 4963/2615/2600 562/79/79 4590/78/78
f 2303/1872/1865 1689/4690/4649 1739/1055/1053
f 3501/4691/4650 1739/1055/1053 1689/4690/4649
f 3172/2523/2508 2425/155/155 1740/2521/2506
f 548/1934/1924 1275/1978/1965 3077/1980/1967
f 60/369/369 1741/368/368 4249/1408/1403
f 1741/368/368 2274/3836/3809 999/1461/1456
f 3928/196/196 2813/179/179 1742/4728/4685
f 839/213/213 1977/258/258 2255/211/211
f 1290/606/606 4220/605/605 1743/1430/1425
f 1290/606/606 4797/4321/4287 264/4416/4379
f 1744/4694/4653 2703/2320/2307 2886/2319/2306
f 3893/4474/4437 3320/2318/2305 2139/1467/1462
f 1745/3934/3907 4593/1117/1115 2904/1119/1117
f 2798/3802/3775 4593/1117/1115 1745/3934/3907
f 2261/3557/3531 4354/3556/3530 879/592/592
f 3195/2056/2043 879/592/592 3364/4729/2982
f 651/238/238 1421/2914/2895 4294/4730/4686
f 2907/4082/4053 4294/4730/4686 3960/217/217
f 317/770/770 1118/829/829 4180/2313/2300
f 4180/2313/2300 481/771/771 317/770/770
f 1749/4186/4154 3650/4731/4687 2209/4187/4155
f 3882/2979/2960 3683/1852/1845 3675/4732/4688
f 3675/4732/4688 207/4733/4689 1750/2125/2112
f 207/4733/4689 3144/1185/1180 1750/2125/2112
f 1319/4368/4333 1751/4369/4334 398/501/501
f 1555/563/563 2516/4734/4690 2305/4735/4691
f 1752/3608/3582 539/862/862 1138/864/864
f 3433/4094/4065 4838/4736/4692 2360/3610/3584
f 1753/3550/3524 1024/4737/4693 3923/3880/3853
f 3699/4738/4694 1024/4737/4693 1753/3550/3524
f 719/3579/3553 1631/3129/3109 1754/3126/3106
f 3574/725/725 1754/3126/3106 2882/726/726
f 1918/877/876 978/4739/4695 1755/878/877
f 978/4739/4695 3580/2378/2365 2875/2377/2364
f 22/2106/2093 1756/4319/4285 2642/4318/4284
f 4439/116/116 22/2106/2093 3427/114/114
f 1757/2396/2383 503/2391/2378 1226/2390/2377
f 1757/2396/2383 494/2395/2382 503/2391/2378
f 1405/3407/3383 970/1494/1489 1758/1071/1069
f 970/1494/1489 3434/3078/3058 1758/1071/1069
f 1759/3370/3346 2698/4740/4696 1867/3188/3168
f 4209/1684/1679 3207/3371/3347 1951/3/3
f 1760/1917/1909 4134/4741/4697 3598/4702/4661
f 3466/4742/4698 3562/4137/4108 383/3604/3578
f 1761/798/798 1076/4029/4000 1712/4028/3999
f 4390/3976/3947 3597/3974/3945 2614/3980/3951
f 3848/2206/2193 442/759/759 1762/2207/2194
f 442/759/759 125/758/758 2821/2031/2018
f 1763/2727/2710 4265/4743/4699 4782/4744/4700
f 3267/625/625 106/629/629 2549/626/626
f 4578/4745/4701 4905/1313/1308 2370/1314/1309
f 4252/4746/4702 4905/1313/1308 4578/4745/4701
f 1155/4115/4086 1765/1168/1165 4811/4223/4191
f 1765/1168/1165 2565/2468/2453 4811/4223/4191
f 1766/2456/2443 97/590/590 1623/4392/4356
f 1767/3467/3441 984/591/591 97/590/590
f 1767/3467/3441 97/590/590 3962/4747/4703
f 3962/4747/4703 519/2583/2568 3033/2582/2567
f 1768/3192/3172 3941/2114/2101 1869/4748/4704
f 1288/4316/4282 740/4317/4283 4823/4749/4705
f 1769/2764/2746 1393/4089/4060 1137/2765/2747
f 1393/4089/4060 3818/926/924 605/4458/4421
f 1770/2155/2142 3321/171/171 29/2215/2202
f 1770/2155/2142 29/2215/2202 4495/4750/4706
f 4861/3190/3170 4225/91/91 1771/90/90
f 1725/39/39 502/41/41 4286/2389/2376
f 4196/4667/4626 1660/3973/3944 1772/3972/3943
f 2960/3342/3318 4196/4667/4626 2999/1782/1775
f 1972/3708/3682 1773/1727/1721 3548/3709/3683
f 1773/1727/1721 1653/1743/1736 2218/3392/3368
f 1774/2651/2636 3317/2159/2146 1025/2161/2148
f 2323/3438/3412 4527/2178/2165 441/2177/2164
f 4021/1489/1484 654/1488/1483 2311/1490/1485
f 3419/2921/2902 3417/4751/4707 4195/2798/2779
f 3417/4751/4707 654/1488/1483 4021/1489/1484
f 2348/2800/2781 1775/3353/3329 2417/3352/3328
f 3913/1431/1426 1777/662/662 1989/1429/1424
f 3998/4752/4708 1777/662/662 4728/4753/4709
f 1778/2621/2606 2219/1297/1292 235/4754/4710
f 4453/1296/1291 2842/1295/1290 235/4754/4710
f 1221/4233/4201 3282/4234/4202 1779/3526/3500
f 2580/925/923 2859/3333/3309 1779/3526/3500
f 1780/1184/1179 3191/1186/1181 1192/4654/2452
f 2333/4182/4151 1780/4184/1179 4597/4755/4711
f 4505/4756/4712 2379/1987/1974 3405/1990/1977
f 1782/4757/4713 409/4758/4714 2378/1523/1518
f 1782/4757/4713 4505/4756/4712 409/4758/4714
f 1782/4757/4713 532/1516/1511 4505/4756/4712
f 3529/2286/2273 1783/4759/4715 4756/2287/2274
f 1783/4759/4715 1648/322/322 3823/4659/4618
f 1784/4760/4716 4909/4761/4717 3529/2286/2273
f 4909/4761/4717 4907/320/320 1648/322/322
f 1763/2727/2710 4782/4744/4700 106/629/629
f 4782/4744/4700 1087/4762/4718 106/629/629
f 2502/1791/1784 1786/521/521 3042/3207/3187
f 1786/521/521 3961/523/523 353/1774/1767
f 346/620/620 1787/4763/4719 4326/621/621
f 1787/4763/4719 3042/3207/3187 2162/3206/3186
f 626/2830/2811 4674/1790/1783 2502/1791/1784
f 1848/615/615 2636/1767/1760 626/2830/2811
f 1789/2422/2409 2639/4330/4295 2791/4764/4720
f 626/2830/2811 2636/1767/1760 2791/4764/4720
f 1790/4765/4721 1242/4266/4232 1243/55/55
f 3244/4020/3991 1790/4765/4721 1243/55/55
f 1791/1197/1192 4933/1196/1191 2938/4766/1190
f 1351/4408/4371 2215/4409/4372 4166/3198/3178
f 2226/4161/4130 1792/1740/1733 3344/4162/4131
f 4288/3226/3205 3297/3228/3207 2226/4161/4130
f 1403/1841/1834 4826/385/385 1793/4470/4433
f 4589/4767/4722 63/410/410 1987/412/412
f 1794/4768/4723 974/253/253 734/2173/2160
f 444/257/257 1794/4768/4723 734/2173/2160
f 3290/3739/3713 1795/4769/4724 956/3041/3021
f 3627/837/837 4976/4770/4725 1546/838/838
f 2892/3901/3874 4941/3903/3876 1796/4177/4146
f 1796/4177/4146 813/4178/4147 1190/4180/4149
f 720/2199/2186 1797/3133/3113 1940/3131/3111
f 720/2199/2186 888/3577/3551 3688/3576/3550
f 4144/4771/4726 1798/4772/1074 3404/4773/4651
f 3553/4774/4584 1798/4772/1074 4144/4771/4726
f 1799/1873/1866 1739/1055/1053 424/1057/1055
f 1206/3319/3295 3579/4086/4057 4317/3320/3296
f 4900/4171/4140 3720/4775/4727 1801/4776/4728
f 3059/2847/2828 2278/2846/2827 608/3362/3338
f 1801/4776/4728 3658/4172/4141 4900/4171/4140
f 1297/3508/3482 1188/2034/2021 3670/4174/4143
f 4977/3914/3887 4530/3711/3685 1802/651/651
f 889/2893/2874 1802/651/651 2895/1214/1209
f 1803/847/847 3167/4777/4729 3335/4778/4730
f 845/781/781 2489/4779/4731 3904/3486/3460
f 1804/4780/4732 2445/3619/3593 419/1324/1319
f 1804/4780/4732 3904/3486/3460 2445/3619/3593
f 3370/4606/4568 752/4781/4733 2258/3241/3220
f 752/4781/4733 126/778/778 3118/780/780
f 2477/3215/3195 1078/1628/1623 1806/1423/1418
f 1078/1628/1623 2691/902/901 3843/901/900
f 2824/4782/4734 2661/3864/3837 3758/949/947
f 1934/1031/1029 2824/4782/4734 3758/949/947
f 1808/3145/3125 3432/4783/4735 724/984/982
f 3110/3147/3127 2661/3864/3837 2824/4782/4734
f 1809/594/594 1928/3538/3512 871/4784/4736
f 1809/594/594 4372/2629/2614 870/647/647
f 89/2423/2410 352/4785/4737 1810/3120/3100
f 65/3119/3099 1810/3120/3100 352/4785/4737
f 2487/1316/1311 1683/4786/4738 1811/3051/3031
f 1811/3051/3031 1683/4786/4738 2474/4298/4264
f 1812/2167/2154 3296/2204/2191 441/2177/2164
f 1812/2167/2154 1162/2166/2153 3296/2204/2191
f 689/4721/4678 4828/935/933 2720/4722/4679
f 3475/4359/4324 2524/1891/1884 3696/3037/3017
f 4489/4787/4739 415/346/346 2841/345/345
f 58/365/365 2035/3253/3230 756/2940/2921
f 3003/146/146 1815/2594/2579 2887/2598/2583
f 1815/2594/2579 844/2593/2578 557/2592/2577
f 4050/577/577 1399/3629/3603 2415/3614/3588
f 3779/4788/4740 4050/577/577 3716/4789/4741
f 799/3383/3359 3820/2749/2731 601/4687/4646
f 2671/3385/3361 3820/2749/2731 799/3383/3359
f 1818/2907/2888 3877/2906/2887 155/1277/1272
f 155/1277/1272 2411/1627/1622 1818/2907/2888
f 1484/947/945 1819/904/903 162/948/946
f 4173/4464/4427 3975/3271/3247 1819/904/903
f 1249/2789/2771 1820/4274/4240 3754/2787/2769
f 4338/4790/4742 3520/774/774 2719/773/773
f 19/122/122 1501/121/121 1821/152/152
f 1619/151/151 2909/105/105 1821/152/152
f 1822/399/399 4323/4791/4743 4142/3121/3101
f 3158/1757/1750 3760/1756/1749 1822/399/399
f 1823/1351/1346 264/4416/4379 2792/4792/4744
f 1823/1351/1346 1362/4320/4286 264/4416/4379
f 1824/900/899 1873/1813/1806 3895/898/897
f 155/1277/1272 3900/2905/2886 1824/900/899
f 4824/2225/2212 2064/2732/2715 1825/2734/2717
f 4609/2737/2720 196/4142/4112 205/1156/1154
f 4710/17/17 1302/18/18 4744/4338/4303
f 874/3543/3517 705/2083/2070 2493/3084/3064
f 3646/2553/2538 1827/1553/1548 1595/2046/2033
f 543/1545/1540 2929/1547/1542 3646/2553/2538
f 4309/4357/4322 1828/1339/1334 1134/4084/4055
f 3060/670/670 1311/3537/3511 1943/671/671
f 255/988/986 1158/3165/3145 1829/3164/3144
f 2173/3507/3481 2911/951/949 2101/1386/1381
f 852/2928/2909 259/1402/1397 3124/3501/3475
f 3124/3501/3475 259/1402/1397 4509/1404/1399
f 2031/4122/4093 1831/4793/4745 174/1040/1038
f 2677/1002/1000 176/1041/1039 174/1040/1038
f 1990/1347/1342 708/1349/1344 1832/3322/3298
f 4101/3095/3075 246/3094/3074 4781/1458/1453
f 1833/47/47 3471/46/46 3910/3191/3171
f 671/52/52 1833/47/47 4786/53/53
f 3897/4794/4746 1834/1128/1126 1656/3184/3164
f 3897/4794/4746 1764/1126/1124 1834/1128/1126
f 1835/660/660 741/690/690 4281/692/692
f 4668/4795/4747 293/3194/3174 741/690/690
f 1836/2142/2129 975/2141/2128 4934/3770/3744
f 2925/3824/3797 993/1206/1201 2424/3817/3790
f 2070/4035/4006 4686/4036/4007 4693/2351/2338
f 3037/379/379 4297/2027/2014 1570/380/380
f 4686/4036/4007 57/2874/2855 1838/371/371
f 57/2874/2855 2535/354/354 1838/371/371
f 2912/1930/1920 1839/70/70 1713/4709/4667
f 3336/2809/2790 2912/1930/1920 4360/2810/2791
f 2564/3592/3566 4817/3643/3617 4124/4796/4748
f 4124/4796/4748 1641/4656/4615 912/3642/3616
f 2451/1908/1900 1841/4797/4749 1936/4798/4750
f 3336/2809/2790 4360/2810/2791 617/1950/1940
f 1844/3179/3159 1842/3178/3158 4020/4799/4751
f 306/3912/3885 4018/4725/4682 4761/1633/1628
f 2347/129/129 1843/2589/2574 389/130/130
f 555/2588/2573 389/130/130 1843/2589/2574
f 1844/3179/3159 4020/4799/4751 1278/4013/3984
f 4755/2642/2627 1278/4013/3984 2541/1634/1629
f 1845/2628/2613 215/2627/2612 565/1086/1084
f 3213/2625/2610 1845/2628/2613 565/1086/1084
f 1846/960/958 231/3217/3197 4852/3216/3196
f 1846/960/958 4502/1875/1868 3512/1874/1867
f 439/3220/3200 1016/3219/3199 1847/3866/3839
f 4502/1875/1868 1846/960/958 2134/4800/4752
f 1848/615/615 626/2830/2811 3332/4801/4753
f 3332/4801/4753 3831/4802/4754 1848/615/615
f 1921/1808/1801 1849/1807/1800 359/3623/3597
f 1849/1807/1800 1527/2304/2291 359/3623/3597
f 4680/3963/3934 3914/3962/3933 1850/3347/3323
f 963/3750/3724 4680/3963/3934 4687/3344/3320
f 1475/4058/4029 1851/4057/4028 3705/1966/1956
f 1447/3070/3050 701/3069/3049 4715/4803/4755
f 1852/656/656 2575/1991/1978 2140/1993/1980
f 111/3007/2987 1328/4380/4344 2692/1721/1716
f 175/4804/4756 2936/2784/2766 1853/1061/1059
f 611/4557/4519 1505/4558/4520 1853/1061/1059
f 1854/3955/3926 1956/923/921 4859/922/920
f 4318/3430/3404 3576/3390/3366 2034/4375/4339
f 213/2473/2458 1855/2181/2168 4991/2182/2169
f 675/2127/2114 3943/1182/1177 3460/2477/2462
f 1856/4273/4239 715/4041/4012 1247/168/168
f 1247/168/168 3544/3193/3173 1856/4273/4239
f 3335/4778/4730 3167/4777/4729 1857/806/806
f 819/848/848 1857/806/806 4347/4434/4397
f 1858/511/511 513/1577/1572 3505/2639/2624
f 1858/511/511 4029/1575/1570 513/1577/1572
f 1859/1955/1945 3082/235/235 4531/4805/4757
f 2318/1998/1985 1859/1955/1945 4531/4805/4757
f 3131/4418/4381 1860/1805/1798 1066/1035/1033
f 1066/1035/1033 1860/1805/1798 878/1036/1034
f 2180/3881/3854 1861/4806/4758 3020/4807/4759
f 4353/1806/1799 1860/1805/1798 2961/4808/4760
f 1022/3878/3851 1862/4809/4300 3397/1150/1148
f 1861/4806/4758 2723/4810/1136 3020/4807/4759
f 3391/4602/4564 696/4601/4563 1863/3058/3038
f 1863/3058/3038 696/4601/4563 2104/919/917
f 3727/4811/4761 2731/1021/1019 4351/4422/4385
f 1368/994/992 2219/1297/1292 3727/4811/4761
f 1865/1131/1129 196/4143/4112 4433/1736/1729
f 4040/2658/2643 1388/2650/2635 573/2163/2150
f 39/3602/3576 1866/1935/1925 2523/2624/2609
f 2801/2260/2247 1866/1935/1925 4055/4812/4762
f 4214/4813/4763 738/4206/4174 1867/3188/3168
f 2698/4740/4696 4214/4813/4763 1867/3188/3168
f 3197/4814/4764 1868/3356/3332 1627/3284/3260
f 3955/3357/3333 3197/4814/4764 4800/4815/4765
f 3941/2114/2101 4494/3729/3703 1869/4748/4704
f 41/285/285 2251/284/284 3684/2109/2096
f 3819/3028/3008 1870/374/374 1085/4816/4766
f 1870/374/374 2213/4817/4082 1085/4816/4766
f 544/3945/3918 4198/3403/3379 1871/2556/2541
f 1644/1696/1691 544/3945/3918 1871/2556/2541
f 3310/82/82 1872/3306/3282 4245/3842/3815
f 777/3310/3286 3253/4818/4767 1872/3306/3282
f 1824/900/899 3900/2905/2886 4869/4819/4768
f 2664/1603/1598 623/1604/1599 304/1014/1012
f 991/3854/3827 1874/1204/1199 4132/3818/3791
f 4132/3818/3791 1874/1204/1199 992/1203/1198
f 3559/1591/1586 301/1588/1583 1537/4415/4378
f 331/2731/2714 301/1588/1583 3559/1591/1586
f 3145/1738/1731 1876/3897/3870 1029/2068/2055
f 4151/4820/4769 417/754/754 1029/2068/2055
f 340/3289/3265 4915/4145/4114 1877/1731/1725
f 1172/1723/1718 342/1722/1717 1877/1731/1725
f 2256/3317/3293 1878/851/851 1506/4821/4770
f 2117/3340/3316 1506/4821/4770 1878/851/851
f 1879/2024/2011 405/2282/2269 731/2284/2271
f 4069/4822/4771 2070/4035/4006 3596/2350/2337
f 180/1020/1018 1880/1307/1302 3216/1796/1789
f 4252/4746/4702 2811/4105/4076 237/1096/1094
f 7/77/77 1892/1571/1566 2932/4823/4772
f 7/77/77 2932/4823/4772 1662/4669/4628
f 4655/3654/3628 3481/3656/3630 278/4824/4773
f 3989/1311/1306 2007/1310/1305 2747/1660/1655
f 1883/1481/1476 2198/617/617 3242/604/604
f 2377/3959/3930 4238/3961/3932 96/1372/1367
f 1110/3115/3095 3461/2355/2342 1884/3116/3096
f 4633/3118/3098 1110/3115/3095 1884/3116/3096
f 1885/2438/2425 3534/4355/4320 4832/2444/2431
f 3136/4825/4774 515/4354/4319 1885/2438/2425
f 1601/150/150 3999/4826/4775 560/144/144
f 4884/145/145 560/144/144 3999/4826/4775
f 1887/764/764 2684/4716/4673 4365/4078/4049
f 4365/4078/4049 4714/2538/2523 1887/764/764
f 680/3267/3243 4422/749/749 1888/748/748
f 3275/2995/2976 2690/2997/2978 4239/4417/4380
f 1889/3849/3822 1258/3847/3820 4754/3846/3819
f 4273/4624/4586 1258/3847/3820 1889/3849/3822
f 1890/2743/2726 2729/3671/3645 599/1158/1155
f 204/1026/1024 1890/2744/2726 599/1169/1155
f 2997/4135/4106 330/4827/4776 1442/1708/1703
f 2693/4134/4105 330/4827/4776 2997/4135/4106
f 814/2435/2422 4306/2967/2948 3129/2968/2949
f 3129/2968/2949 514/2433/2420 2932/4823/4772
f 4116/3994/3965 2881/4265/4231 4421/2080/2067
f 1242/4266/4232 4421/2080/2067 422/4267/4233
f 4106/4828/4777 1461/3077/3057 1894/3076/3056
f 4116/3994/3965 4162/4829/4778 2881/4265/4231
f 4358/2352/2339 1879/2024/2011 1895/434/434
f 88/4830/4779 1261/4294/4260 2867/4831/4780
f 3184/1921/1911 88/4830/4779 1896/516/516
f 88/4830/4779 2867/4831/4780 3169/4832/4781
f 1897/1799/1792 592/1019/1017 1327/1088/1086
f 1897/1799/1792 356/1798/1791 592/1019/1017
f 3123/4833/4782 2484/1058/1056 1898/1066/1064
f 1898/1066/1064 187/1065/1063 3123/4833/4782
f 1899/270/270 3340/241/241 760/240/240
f 2866/3264/3240 3262/3263/3239 3196/2612/2597
f 1900/3256/3233 4930/4834/4783 287/1198/1193
f 662/3258/3235 4930/4835/4783 1900/3259/3233
f 242/1495/1490 1901/1342/1337 677/1496/1491
f 2243/2985/2966 1901/1342/1337 1714/2983/2964
f 286/3201/3181 1902/472/472 1473/2815/2796
f 4152/1843/1836 4068/1529/1524 4748/4836/4784
f 2553/2436/2423 297/40/40 1903/2437/2424
f 885/3572/3546 1903/2437/2424 3964/31/31
f 1904/683/683 4327/1337/1332 2529/681/681
f 4326/621/621 3045/3205/3185 109/3204/3184
f 4563/719/719 1905/669/669 1454/720/720
f 4563/719/719 3060/670/670 1905/669/669
f 1906/3876/3849 104/3875/3848 3608/3877/3850
f 2793/1497/1492 2767/3315/3291 3316/1498/1493
f 692/2494/2479 1907/1084/1082 1136/2495/2480
f 1136/2495/2480 1907/1084/1082 1799/1873/1866
f 961/2715/2700 4955/4837/4785 1908/1178/1173
f 1909/2714/2699 4257/3764/3738 961/2715/2700
f 1909/2714/2699 961/2715/2700 1908/1178/1173
f 1909/2714/2699 1908/1178/1173 4596/3745/3719
f 4084/4838/4786 3424/4679/4638 1910/1223/1218
f 52/1542/1537 3875/291/291 4373/4839/4787
f 3075/4220/4188 4036/4221/4189 1214/4088/4059
f 4955/4837/4785 961/2715/2700 208/1871/1864
f 1912/2047/2034 2561/4432/4395 292/4840/4788
f 326/1552/1547 1912/2047/2034 3439/1551/1546
f 618/2360/2347 1913/2811/2792 4783/3760/3734
f 1498/112/112 1913/2811/2792 618/2360/2347
f 369/1854/1847 1914/2126/2113 3814/4841/4789
f 4722/4695/4654 921/1855/1848 3814/4841/4789
f 4731/3947/3920 4115/4228/4196 1915/2559/2544
f 544/3945/3918 1061/3944/3917 4198/3403/3379
f 4097/4842/4790 3768/4683/4642 1916/4682/4641
f 1916/4682/4641 445/2174/2161 4097/4842/4790
f 2882/726/726 1754/3126/3106 1917/3128/3108
f 761/3534/3508 3293/3532/3506 4143/4715/4672
f 291/859/859 1918/877/876 4392/1548/1543
f 291/859/859 978/4739/4695 1918/877/876
f 1459/189/189 456/188/188 1919/231/231
f 3487/2217/2204 31/3176/3156 2391/3175/3155
f 1/13/13 4122/12/12 1920/15/15
f 4122/12/12 3067/3296/3272 1920/15/15
f 3430/4506/4469 170/2533/2518 3441/989/987
f 2563/981/979 3430/4506/4469 1445/962/960
f 94/3539/3513 350/4843/4791 1922/1776/1769
f 1922/1776/1769 350/4843/4791 964/3225/3204
f 4056/2753/2735 4200/2752/2734 1923/2055/2042
f 1923/2055/2042 416/2349/2336 2848/2348/2335
f 1197/76/76 1924/3329/3305 1892/1571/1566
f 4573/4621/4583 1197/76/76 4747/4191/4159
f 1925/1056/1054 4953/4689/4648 426/1175/1170
f 426/1175/1170 4010/2096/2083 1926/2852/2833
f 1926/2852/2833 1925/1056/1054 426/1175/1170
f 2650/4844/4792 3103/2098/2085 2532/2258/2245
f 551/4364/4329 1317/1248/1243 1927/2580/2565
f 2421/1251/1246 1927/2580/2565 1317/1248/1243
f 1943/671/671 1928/3538/3512 870/647/647
f 1809/594/594 870/647/647 1928/3538/3512
f 1279/3365/3341 4679/4845/4793 1091/4007/3978
f 1091/4007/3978 3264/2854/2835 4736/4846/4794
f 2184/3046/3026 540/4847/4795 1930/2990/2971
f 1931/2540/2525 679/668/668 1930/2990/2971
f 540/4847/4795 1931/2540/2525 1930/2990/2971
f 2135/4848/4796 4159/716/716 1931/2540/2525
f 4775/4849/4797 1932/3795/3768 3716/4789/4741
f 4497/3796/3769 1932/3795/3768 4788/4850/4798
f 1488/1067/1065 1933/4544/4506 311/1624/1619
f 311/1624/1619 4379/1106/1104 4986/2816/2797
f 1807/3354/3330 792/1275/1270 1934/1031/1029
f 4653/1274/1269 3992/1272/1267 792/1275/1270
f 26/2567/2552 1935/4554/4516 1283/2522/2507
f 2486/4310/4276 733/3172/3152 3853/3171/3151
f 1936/4798/4750 4360/2810/2791 2663/34/34
f 4692/1909/1901 1561/4603/4565 10/73/73
f 3147/4663/4622 4149/1478/1473 2306/1480/1475
f 1658/1468/1463 3147/4663/4622 2306/1480/1475
f 1938/3845/3818 1003/3844/3817 347/667/667
f 2755/632/632 3868/3245/3224 3180/3247/3226
f 2850/4012/3983 314/4011/3982 1939/4851/4799
f 4092/2646/2631 2403/952/950 3714/4852/4800
f 453/2829/2810 1940/3131/3111 3246/2201/2188
f 1940/3131/3111 1797/3133/3113 102/3132/3112
f 1430/4590/4552 4493/4853/4801 483/1840/1833
f 3078/2317/2304 4547/3998/3969 4493/4853/4801
f 714/2158/2145 2393/4854/4802 3151/4512/4475
f 1770/2155/2142 4495/4750/4706 714/2158/2145
f 119/722/722 1943/671/671 930/3683/3657
f 3664/3536/3510 3635/646/646 930/3683/3657
f 3919/4855/446 1944/2455/2442 2822/4393/4357
f 68/4856/3503 554/1963/1953 3887/2586/2571
f 1945/4857/4803 1342/1824/1817 2092/1823/1816
f 1945/4857/4803 2478/4365/4330 1342/1824/1817
f 407/4858/4804 1946/2406/2393 2821/2031/2018
f 4604/4859/4805 4267/3509/3483 1946/2406/2393
f 471/3343/3319 1947/2489/2474 788/1944/1934
f 1947/2489/2474 471/3343/3319 2918/3034/3014
f 1948/3096/3076 4594/3255/3232 3414/4502/4465
f 4557/4860/4806 1948/3096/3076 757/2076/2063
f 1949/3117/3097 1504/4038/4009 4385/4861/4807
f 3967/2544/2529 3894/1905/1897 4385/4861/4807
f 1267/2866/2847 4774/2023/2010 639/2867/2848
f 3593/3954/3925 4778/4862/4808 1267/2866/2847
f 1951/3/3 2572/2229/2216 3886/2228/2215
f 1951/3/3 518/2451/2438 3408/2452/2439
f 4288/3226/3205 4287/4476/4439 1952/675/675
f 4288/3226/3205 1952/675/675 4702/677/677
f 923/1986/1973 1953/406/406 3407/3865/3838
f 2766/493/493 3407/3865/3838 3480/1787/1780
f 1954/1785/1778 65/3119/3099 352/4785/4737
f 1174/4150/4119 4142/3121/3101 4217/408/408
f 1955/530/530 3852/4863/4809 1229/4864/4212
f 1955/530/530 1396/4460/4423 95/603/603
f 821/4865/4810 4707/921/919 1956/923/921
f 1774/2651/2636 821/4865/4810 1956/923/921
f 1774/2651/2636 4433/1736/1729 1957/982/980
f 1957/982/980 4814/983/981 1774/2651/2636
f 877/2393/2380 1417/166/166 1958/2354/2341
f 4727/4278/4244 877/2393/2380 3751/4384/4348
f 140/1888/1881 1959/2825/2806 1435/2823/2804
f 3259/1887/1880 4649/821/821 140/1888/1881
f 731/2284/2271 1960/2283/2270 473/2344/2331
f 473/2344/2331 4584/372/372 1026/3886/3859
f 1961/1569/1564 1142/4099/4070 145/2759/2741
f 1961/1569/1564 145/2759/2741 522/2761/2743
f 4989/4866/4811 1482/433/433 1962/432/432
f 3870/1675/1670 4989/4866/4811 1962/432/432
f 1963/2509/2494 3222/3871/3844 822/3212/3192
f 822/3212/3192 1021/2507/2492 1963/2509/2494
f 1964/4394/4358 438/2858/2839 2915/2857/2838
f 2480/1209/1204 1964/4394/4358 3891/1210/1205
f 4486/4867/4812 1965/3213/3193 4446/4651/4612
f 2978/4623/4585 1965/3213/3193 4486/4867/4812
f 4881/2998/2979 103/3000/2981 1966/3743/3717
f 1966/3743/3717 103/3000/2981 1598/3744/3718
f 1869/4748/4704 1967/4868/4813 41/285/285
f 2255/211/211 41/285/285 1967/4868/4813
f 1103/2512/2497 3185/2674/2659 1968/2745/2727
f 3472/2100/2087 4467/224/224 1968/2745/2727
f 1969/126/126 34/185/185 587/184/184
f 4999/4214/4182 3423/4413/4376 3023/4213/4181
f 1970/167/167 1288/4316/4282 4823/4749/4705
f 1970/167/167 4823/4749/4705 3544/3193/3173
f 1971/2623/2608 564/1901/1893 4146/4869/4814
f 564/1901/1893 3872/4467/4430 3499/1902/1894
f 2016/3707/3681 1972/4870/3682 4598/4871/4815
f 3898/1093/1091 2230/1346/1341 4456/4872/1720
f 3768/4683/4642 1678/4873/4816 610/2781/2763
f 610/2781/2763 1741/368/368 3768/4683/4642
f 468/1889/1882 1732/4874/4817 4501/4875/4818
f 4501/4875/4818 630/2839/2820 3288/2261/2248
f 1975/4876/4819 1858/511/511 78/510/510
f 1975/4876/4819 78/510/510 4525/3597/3571
f 1976/1682/1677 2311/1490/1485 3776/4877/4820
f 4272/99/99 3620/67/67 16/100/100
f 3201/3474/3448 1402/259/259 1977/258/258
f 3928/196/196 1742/4728/4685 1977/258/258
f 1513/1487/1482 1978/1714/1709 3776/4877/4820
f 16/100/100 3524/4878/4821 3261/101/101
f 894/1709/1704 1979/3599/3573 1529/4573/4535
f 4974/3596/3570 1281/3600/3574 1979/3599/3573
f 4045/4594/4556 1079/2887/2868 1980/2425/2412
f 1079/2887/2868 3555/3985/3956 1980/2425/2412
f 616/2808/2789 1981/68/68 3336/2809/2790
f 616/2808/2789 3803/4019/3990 1981/68/68
f 4994/1859/1852 1079/2887/2868 370/4671/4630
f 2376/1860/1853 4994/1859/1852 370/4671/4630
f 4086/4215/4183 1212/4216/4184 4419/4879/4822
f 2347/129/129 4086/4215/4183 4419/4879/4822
f 1984/1164/1161 4121/2505/2490 1339/2504/2489
f 2551/3771/3745 1984/1164/1161 1339/2504/2489
f 3979/1511/1506 281/4149/4118 1985/299/299
f 1985/299/299 281/4149/4118 47/300/300
f 1986/481/481 452/3939/3912 485/3504/3478
f 3217/3940/3913 452/3939/3912 3088/2198/2185
f 1987/412/412 743/3831/3804 70/414/414
f 4589/4767/4722 1987/412/412 70/414/414
f 2839/584/584 1988/1374/1369 100/585/585
f 100/585/585 1988/1374/1369 4794/4449/4412
f 421/3254/3231 3599/1427/1422 108/642/642
f 1777/662/662 3998/4752/4708 3599/1427/1422
f 1990/1347/1342 781/4880/4823 3542/1348/1343
f 3455/4101/4072 781/4880/4823 1990/1347/1342
f 213/2473/2458 4991/2182/2169 1991/3853/3826
f 991/3854/3827 4132/3818/3791 1991/3853/3826
f 1205/4205/4173 2241/4202/4170 4237/4881/4824
f 3122/4882/4825 1205/4205/4173 1995/2090/2077
f 1993/1676/1671 1590/3841/3814 9/4883/4826
f 1993/1676/1671 9/4883/4826 327/1677/1672
f 3159/1426/1421 1994/1428/1423 2792/4792/4744
f 757/2076/2063 1994/1428/1423 4557/4860/4806
f 1205/4205/4173 4237/4881/4824 1995/2090/2077
f 4237/4881/4824 4012/4884/4827 1995/2090/2077
f 4540/4576/4538 1996/4575/4537 1530/2363/2350
f 2486/4310/4276 4207/2519/2504 4540/4576/4538
f 1639/1793/1786 1997/1009/1007 4985/4559/4521
f 3252/1005/1003 172/1007/1005 1997/1009/1007
f 1998/1838/1831 957/386/386 4826/385/385
f 2878/3276/3252 2877/3741/3715 957/386/386
f 79/4885/4828 1999/554/554 1220/4231/4199
f 79/4885/4828 4688/1672/1667 1999/554/554
f 532/1516/1511 2000/2036/2023 4505/4756/4712
f 2000/2036/2023 1173/4147/4116 1781/4146/4115
f 2001/483/483 4591/3938/3911 252/1652/1647
f 1986/481/481 2001/483/483 252/1652/1647
f 946/973/971 154/1378/1373 4870/1527/1522
f 4186/4886/4829 946/973/971 3273/3425/3400
f 820/3436/3410 1036/831/831 2003/3437/3411
f 2003/3437/3411 4600/803/803 4627/4560/4522
f 2004/180/180 2813/179/179 672/198/198
f 3921/2970/2951 2969/2139/2126 4438/2971/2952
f 1178/3302/3278 2005/102/102 4250/104/104
f 4825/4159/4128 4260/4158/4127 1178/3302/3278
f 1371/4424/4387 2006/4426/4389 1386/4450/4413
f 2006/4426/4389 1371/4424/4387 1370/4425/4388
f 2113/4887/4830 2430/1312/1307 163/1308/1303
f 163/1308/1303 1418/1447/1442 3161/1449/1444
f 4106/4828/4777 3328/4888/4831 1461/3077/3057
f 2939/3075/3055 1461/3077/3057 3328/4888/4831
f 717/3122/3102 2009/3896/3869 3734/2067/2054
f 4730/4889/4832 717/3122/3102 1407/886/885
f 709/3098/3078 2010/3281/3257 767/3279/3255
f 2010/3281/3257 886/529/529 2145/4684/4643
f 2011/552/552 899/3561/3535 1492/4547/4509
f 2011/552/552 2652/553/553 899/3561/3535
f 3740/3693/3667 1401/2915/2896 3872/4467/4430
f 3740/3693/3667 2267/2916/2897 1401/2915/2896
f 1830/1407/1402 238/1406/1401 2013/2927/2908
f 238/1406/1401 1699/3163/3143 2013/2927/2908
f 3256/4616/4578 1700/3792/3765 2014/1032/1030
f 2014/1032/1030 1700/3792/3765 4405/1033/1031
f 2015/519/519 790/3346/3322 3582/1373/1368
f 790/3346/3322 2015/519/519 1358/2203/2190
f 2016/3707/3681 4585/4890/4833 189/4891/4834
f 189/4891/4834 4456/4872/1720 2016/3707/3681
f 2017/3827/3800 995/415/415 2653/3830/3803
f 2017/3827/3800 72/437/437 4813/439/439
f 3192/3369/3345 2018/445/445 995/415/415
f 995/415/415 2018/445/445 2653/3830/3803
f 4787/3738/3712 17/3737/3711 2019/87/87
f 14/1954/1944 954/1953/1943 2019/87/87
f 4010/2096/2083 2020/1174/1169 3674/3364/3340
f 373/1173/1168 4570/4892/4835 2020/1174/1169
f 2915/2857/2838 795/2856/2837 2021/2150/2137
f 4570/4892/4835 2497/4893/4836 2020/1174/1169
f 3858/2008/1995 2022/528/528 3791/2009/1996
f 2022/528/528 81/2953/2934 1015/2954/2935
f 2909/105/105 4431/4639/4601 2023/106/106
f 4431/4639/4601 24/134/134 2023/106/106
f 2024/159/159 768/1977/1964 4762/4304/4270
f 2024/159/159 4552/158/158 768/1977/1964
f 598/2739/2722 3485/4048/4019 2025/4047/4018
f 598/2739/2722 2025/4047/4018 2026/2667/2652
f 4800/4815/4765 793/2668/2653 2026/2667/2652
f 2026/2667/2652 2025/4047/4018 4800/4815/4765
f 818/3424/3399 2238/4894/3406 2027/3431/3405
f 3312/974/972 182/1078/1076 316/975/973
f 2866/3264/3240 3196/2612/2597 2028/4895/4837
f 700/262/262 561/279/279 3533/263/263
f 262/943/941 2207/955/953 4375/1418/1413
f 4073/4070/4041 570/944/942 262/943/941
f 262/943/941 4375/1418/1413 4073/4070/4041
f 4302/4069/4040 4073/4070/4041 4375/1418/1413
f 1159/1419/1414 4901/4120/4091 2031/4122/4093
f 2678/967/965 1159/1419/1414 4847/968/966
f 2648/4896/4838 1472/4529/4492 3846/4531/4494
f 2396/2579/2564 2152/583/583 3880/526/526
f 1256/892/891 2033/791/791 470/893/892
f 2672/2271/2258 2725/3487/3461 631/2269/2256
f 2034/4375/4339 1326/3242/3221 4318/3430/3404
f 1326/3242/3221 3051/4377/4341 753/3240/3219
f 3425/4897/4839 2036/335/335 1814/338/338
f 4489/4787/4739 2841/345/345 3425/4897/4839
f 661/319/319 2036/335/335 2035/3253/3230
f 2959/318/318 2036/335/335 661/319/319
f 4683/4279/4245 4136/4383/4347 2037/118/118
f 428/3209/3189 2037/118/118 3305/3210/3190
f 1170/760/760 4925/3203/3183 2038/4144/4113
f 3725/1479/1474 243/2296/2283 1937/718/718
f 3746/1768/1761 2039/761/761 4815/810/810
f 274/1476/1471 135/1475/1470 2349/4898/4840
f 2040/3783/3757 1618/4637/4599 675/2127/2114
f 3119/2978/2959 675/2127/2114 3460/2477/2462
f 3307/2262/2249 906/819/819 2041/3621/3595
f 906/819/819 4649/821/821 3259/1887/1880
f 3763/1560/1555 2042/992/990 1141/1561/1556
f 4485/1795/1788 1141/1561/1556 3410/2804/2785
f 4137/4475/4438 2043/2982/2963 676/768/768
f 4079/4899/4841 2450/2980/2961 2043/2982/2963
f 3074/2929/2910 2522/1389/1384 4311/1388/1383
f 4287/4476/4439 2511/2430/2417 1952/675/675
f 423/2882/2863 4661/165/165 2045/4263/4229
f 3043/124/124 3748/123/123 4380/2085/2072
f 2046/2133/2120 4023/1139/1137 2723/1138/1136
f 4353/1806/1799 2961/4808/4760 2723/4810/1136
f 4261/2335/2322 241/1463/1458 2047/2630/2615
f 488/1744/1737 3654/2632/2617 1653/1743/1736
f 2048/4900/4842 2245/2617/2602 464/2618/2603
f 266/4092/4063 2049/4090/4061 4346/2250/2237
f 4349/4901/4843 1137/2765/2747 563/2763/2745
f 4349/4901/4843 2245/2617/2602 2048/4900/4842
f 1590/3841/3814 2050/3313/3289 1573/3570/3544
f 2050/3313/3289 776/2384/2371 1573/3570/3544
f 3766/2237/2224 43/1700/1695 2051/1319/1314
f 3925/2894/2875 43/1700/1695 646/2895/2876
f 1354/3652/3626 2052/389/389 3651/4410/4373
f 2669/390/390 2052/389/389 1354/3652/3626
f 3954/4902/4844 3943/1182/1177 2053/1181/1176
f 2053/1181/1176 2788/2690/2675 3954/4902/4844
f 2054/2796/2777 769/1735/1728 1169/2794/2775
f 769/1735/1728 3237/3290/3266 1957/982/980
f 2462/701/701 2055/700/700 869/2994/2975
f 2055/700/700 1727/3535/3509 869/2994/2975
f 2056/2855/2836 795/2856/2837 438/2858/2839
f 3637/2149/2136 438/2858/2839 1964/4394/4358
f 2057/985/983 3432/4783/4735 3535/3160/3140
f 3432/4783/4735 2057/985/983 724/984/982
f 4048/3630/3604 2954/4247/4213 4919/4903/4845
f 903/3167/3147 1230/3615/3589 3353/3613/3587
f 962/3749/3723 1265/956/954 2059/4549/4511
f 1428/4498/4461 2059/4549/4511 1265/956/954
f 4164/1142/1140 2060/1800/1793 969/4904/4846
f 4841/1042/1040 2060/1800/1793 174/1040/1038
f 429/2965/2946 3611/203/203 2061/202/202
f 3514/2111/2098 953/2110/2097 4844/3734/3708
f 1614/3681/3655 3807/3679/3653 2062/3682/3656
f 3936/2989/2970 3807/3679/3653 4078/8/8
f 2063/2152/2139 3436/2151/2138 231/3217/3197
f 231/3217/3197 4869/4819/4768 2063/2152/2139
f 3157/1108/1106 3022/3462/3436 2064/2732/2715
f 1656/3184/3164 1834/1128/1126 3523/3185/3165
f 2065/96/96 2019/87/87 3706/4524/4487
f 3706/4524/4487 2008/97/97 2065/96/96
f 2066/2535/2520 1379/3549/3523 184/3551/3525
f 3044/2531/2516 2183/4905/4847 773/3299/3275
f 2067/1092/1090 202/1091/1089 1710/4906/4848
f 1710/4906/4848 185/1343/1338 2067/1092/1090
f 1683/4786/4738 2068/1099/1097 2958/1125/1123
f 1169/2793/2775 4913/2792/2774 4417/4907/2776
f 2069/416/416 66/418/418 3133/4908/1957
f 1229/4864/4212 4872/2832/2813 2069/416/416
f 2070/4035/4006 1108/4909/4849 1837/2875/2856
f 1180/2051/2038 1108/4909/4849 2726/2052/2039
f 3267/625/625 916/627/627 2071/1655/1650
f 3481/3656/3630 916/627/627 1699/3163/3143
f 18/4910/4850 1452/2105/2092 2072/2394/2381
f 2072/2394/2381 1452/2105/2092 494/2395/2382
f 3373/4578/4540 2073/541/541 401/4579/4541
f 4221/4911/4851 2073/541/541 3588/2912/2893
f 2074/2028/2015 2373/1748/1741 3862/2030/2017
f 401/4579/4541 2073/541/541 4221/4911/4851
f 1632/2754/2736 75/4912/4852 2075/2751/2733
f 2771/448/448 1338/505/505 2275/504/504
f 402/4452/4415 2076/2010/1997 1642/2012/1999
f 1313/3154/3134 3454/4031/4002 4396/4358/4323
f 2077/1646/1641 3991/1558/1553 736/4662/4621
f 280/3181/3161 2078/928/926 736/4662/4621
f 3798/927/925 2077/1646/1641 2078/928/926
f 2078/928/926 2077/1646/1641 736/4662/4621
f 2115/4067/4038 2079/4066/4037 4271/4068/4039
f 4516/961/959 2667/963/961 2992/4446/4409
f 4716/2859/2840 637/4913/4853 2080/1445/1440
f 4271/4068/4039 4516/961/959 2992/4446/4409
f 2532/2258/2245 2081/996/994 2983/995/993
f 2532/2258/2245 1088/2257/2244 3176/4001/3972
f 6/66/66 2315/29/29 2857/28/28
f 3411/1683/1678 3665/4914/4854 1709/27/27
f 417/754/754 2083/2059/2046 1029/2068/2055
f 2083/2059/2046 4970/3008/2988 3263/2060/2047
f 2084/502/502 4751/587/587 300/589/589
f 4208/4454/4417 4216/4915/4855 1390/4916/4856
f 1402/259/259 4554/4469/4432 4028/1411/1406
f 1051/3929/3902 4554/4469/4432 2942/3930/3903
f 1427/2368/2355 4522/4497/4460 2086/1962/1952
f 1427/2368/2355 2086/1962/1952 581/2366/2353
f 2686/2681/2666 3478/2679/2664 811/2678/2663
f 811/2678/2663 2812/3409/3385 2686/2681/2666
f 2088/532/532 4804/4461/4424 1396/4460/4423
f 958/531/531 375/2383/2370 2088/532/532
f 2089/4704/4662 3619/4043/4014 400/2000/1987
f 2528/1397/1392 2632/4917/4857 3208/1398/1393
f 4669/4060/4031 2090/684/684 4179/4061/4032
f 3059/2847/2828 2681/1923/1913 633/1925/1915
f 2091/3234/3213 751/3232/3211 2906/3231/3210
f 4586/3607/3581 539/862/862 1752/3608/3582
f 4510/4395/4359 4512/3125/3105 152/860/860
f 4510/4395/4359 152/860/860 1945/4857/4803
f 2093/4632/4594 48/3089/3069 1609/4293/4259
f 2093/4632/4594 1333/306/306 2856/305/305
f 1285/4311/4277 2094/1455/1450 594/4313/4279
f 38/1435/1430 2094/1455/1450 2787/192/192
f 2095/3758/3732 4958/4918/4858 496/1942/1932
f 2665/3759/3733 2095/3758/3732 496/1942/1932
f 2446/3067/3047 1154/2937/2918 2096/3068/3048
f 812/2939/2920 4987/4113/4084 1154/2937/2918
f 2097/359/359 4971/4919/4859 2922/357/357
f 1200/2410/2397 2490/2412/2399 3988/4920/4860
f 1702/4921/4861 2098/870/869 4642/869/868
f 1702/4921/4861 2185/4922/4862 2098/870/869
f 2072/2394/2381 2099/3585/3559 18/4910/4850
f 2099/3585/3559 890/4923/4863 4490/4924/4864
f 2100/4249/4215 1231/1231/1226 445/2174/2161
f 1916/4682/4641 2714/2175/2162 445/2174/2161
f 255/988/986 2101/1386/1381 1014/950/948
f 2101/1386/1381 255/988/986 1829/3164/3144
f 833/929/927 3695/3182/3162 2102/3465/3439
f 1142/4099/4070 833/929/927 2102/3465/3439
f 2103/3794/3767 4788/4850/4798 984/591/591
f 984/591/591 3680/580/580 2103/3794/3767
f 4556/4925/4865 2931/3056/3036 1863/3058/3038
f 4556/4925/4865 3632/855/855 479/897/896
f 1177/4628/4590 2105/225/225 2779/266/266
f 2105/225/225 2354/227/227 2779/266/266
f 4492/3327/3303 4922/4634/4596 2106/1380/1375
f 2106/1380/1375 4922/4634/4596 3085/1381/1376
f 782/4926/4866 4492/3327/3303 2107/535/535
f 2107/535/535 4492/3327/3303 2106/1380/1375
f 2108/534/534 2848/2348/2335 782/4926/4866
f 2108/534/534 782/4926/4866 2107/535/535
f 4521/2369/2356 193/1110/1108 2109/2370/2357
f 3789/4714/4671 1726/1473/1468 2109/2370/2357
f 896/1261/1256 4892/2707/2692 2110/2704/2689
f 1095/1257/1252 896/1261/1256 4033/1258/1253
f 629/2837/2818 4827/999/997 3126/2210/2197
f 1434/957/955 629/2837/2818 3126/2210/2197
f 4428/4303/4269 2112/3355/3331 3170/3505/3479
f 2112/3355/3331 1274/1273/1268 792/1275/1270
f 4734/4927/4867 2113/4887/4830 2612/3421/3397
f 2007/1310/1305 2430/1312/1307 2113/4887/4830
f 1591/2840/2821 2114/4928/4868 937/2841/2822
f 479/897/896 2114/4928/4868 2199/4617/4579
f 2115/4067/4038 1124/4065/4036 2079/4066/4037
f 571/4640/4602 3911/938/936 4268/2860/2841
f 304/1014/1012 2116/2748/2730 4496/2747/2729
f 623/1604/1599 2902/1595/1590 304/1014/1012
f 2960/3342/3318 3194/1784/1777 2117/3340/3316
f 2117/3340/3316 348/809/809 1506/4821/4770
f 2118/3720/3694 816/3423/906 2002/3721/3695
f 4708/3336/3312 3062/867/866 3090/812/812
f 2881/4265/4231 1098/63/63 2119/2987/2968
f 2119/2987/2968 4975/4706/4664 1708/2988/2969
f 2120/1180/1175 242/1495/1490 810/1492/1487
f 4742/1132/1130 1901/1342/1337 242/1495/1490
f 3945/19/19 3537/4676/4635 828/3449/3423
f 828/3449/3423 3537/4676/4635 2531/3450/3424
f 1769/2764/2746 2122/4929/4869 1393/4089/4060
f 751/3232/3211 2122/4929/4869 1769/2764/2746
f 1576/4610/4572 2508/3612/3586 2123/673/673
f 2123/673/673 4806/4612/4574 1576/4610/4572
f 2124/177/177 4618/4604/4566 547/2609/2594
f 2809/2610/2595 2124/177/177 547/2609/2594
f 2125/582/582 4478/4930/4870 2527/4351/4316
f 2125/582/582 3808/1256/1251 4478/4930/4870
f 3567/2713/2698 1080/2197/2184 4559/2196/2183
f 4690/1208/1203 3891/1210/1205 591/3765/3739
f 469/2267/2254 2344/4931/4871 2127/802/802
f 469/2267/2254 2127/802/802 1139/4095/4066
f 1425/2899/2880 3729/4494/4457 2128/4268/4234
f 4125/1219/1214 2128/4268/4234 4520/4932/4872
f 2129/2331/2318 2770/3968/3939 487/4269/4235
f 2129/2331/2318 3372/4493/4456 647/772/772
f 1478/1011/1009 2130/2302/2289 2710/1012/1010
f 1527/2304/2291 3500/4571/4533 3517/3625/3599
f 4054/3583/3557 4566/4933/4873 1048/705/705
f 4566/4933/4873 4471/3143/3123 1048/705/705
f 3603/3495/3469 848/3497/3471 2132/3498/3472
f 3154/2898/2879 1425/2899/2880 2596/1218/1213
f 1013/3248/3227 851/3863/3836 2133/614/614
f 4120/3246/3225 754/1764/1757 4491/1765/1758
f 2134/4800/4752 439/3220/3200 1847/3866/3839
f 439/3220/3200 2134/4800/4752 4562/3622/3596
f 2135/4848/4796 1931/2540/2525 540/4847/4795
f 4658/4934/4874 4656/3044/3024 540/4847/4795
f 1940/3131/3111 453/2829/2810 2136/2200/2187
f 91/559/559 3338/558/558 3810/2827/2808
f 505/2402/2389 504/2404/2391 2137/1361/1356
f 3586/2400/2387 2138/2398/2385 3352/1246/1241
f 2137/1361/1356 2138/2398/2385 881/2397/2384
f 2137/1361/1356 504/2404/2391 2138/2398/2385
f 2210/1465/1460 2139/1467/1462 3518/4935/4875
f 2139/1467/1462 4931/4936/4876 3518/4935/4875
f 384/3156/3136 3850/4597/4559 1555/563/563
f 3850/4597/4559 2516/4734/4690 1555/563/563
f 169/3518/3492 2141/1034/1032 4460/2276/2263
f 3908/3517/3491 2141/1034/1032 169/3518/3492
f 1640/1192/1187 2142/1191/1186 1187/4937/2451
f 1187/4937/2451 2142/1191/1186 216/1331/1326
f 671/52/52 2143/51/51 4820/4938/4877
f 4820/4938/4877 4861/3190/3170 4286/2389/2376
f 3780/2367/2354 581/2366/2353 3764/3895/3868
f 3764/3895/3868 497/3894/3867 1028/3893/3866
f 2010/3281/3257 2145/4684/4643 767/3279/3255
f 3946/3573/3547 3947/1763/1756 2673/3101/3081
f 865/57/57 3526/4939/4878 2146/3522/3496
f 3526/4939/4878 3227/83/83 4571/1678/1673
f 2147/3925/3898 825/3926/3899 1049/1752/1745
f 4304/2005/1992 2147/3925/3898 1053/2006/1993
f 2935/3767/3741 2147/3925/3898 123/1751/1744
f 2935/3767/3741 123/1751/1744 4156/4299/4265
f 2149/3020/3000 890/4923/4863 2099/3585/3559
f 2149/3020/3000 933/3569/3543 890/4923/4863
f 2697/4940/4879 737/1306/1301 832/3183/3163
f 4171/3464/3438 832/3183/3163 2188/2802/2783
f 2151/3107/3087 4617/4423/4386 745/3208/3188
f 2151/3107/3087 4644/4123/4094 1160/3211/3191
f 2152/583/583 1472/4529/4492 2648/4896/4838
f 2152/583/583 2527/4351/4316 1472/4529/4492
f 1927/2580/2565 1316/4361/4326 2153/4363/4328
f 3832/581/581 3808/1256/1251 2125/582/582
f 195/2851/2832 2154/2099/2086 1926/2852/2833
f 195/2851/2832 3435/3459/3433 2154/2099/2086
f 236/2710/2695 4429/3904/3877 1034/913/911
f 1034/913/911 4429/3904/3877 158/914/912
f 144/4586/4548 4954/4941/4880 1544/1614/1609
f 4000/841/841 4954/4941/4880 4956/842/842
f 254/396/396 4363/1383/1378 2157/1417/1412
f 71/4406/4370 1349/4403/4367 2157/1417/1412
f 1300/1140/1138 2158/3785/3759 4227/4336/4301
f 1300/1140/1138 2040/3783/3757 2158/3785/3759
f 3300/3230/3209 853/1583/1578 2159/588/588
f 853/1583/1578 300/589/589 2159/588/588
f 588/201/201 2160/4942/4881 1562/199/199
f 4224/2555/2540 3301/2603/2588 3304/182/182
f 1562/199/199 2160/4942/4881 2161/4943/4882
f 4618/4604/4566 2161/4943/4882 547/2609/2594
f 2162/3206/3186 4326/621/621 1787/4763/4719
f 3045/3205/3185 4326/621/621 2162/3206/3186
f 2163/3345/3321 3582/1373/1368 790/3346/3322
f 1070/3960/3931 3914/3962/3933 4238/3961/3932
f 2164/4944/3502 554/1963/1953 68/4856/3503
f 554/1963/1953 2164/4944/3502 701/3069/3049
f 2165/4254/4220 1455/4945/4883 558/4519/4482
f 1521/183/183 3304/182/182 2165/4254/4220
f 1234/4253/4219 2166/208/208 4130/4946/4884
f 1092/210/210 2674/2218/2205 2166/208/208
f 2629/3811/3784 2167/3813/3786 988/3805/3778
f 3446/141/141 4192/3804/3777 988/3805/3778
f 4585/4890/4833 202/1091/1089 3898/1093/1091
f 4612/1144/1142 202/1091/1089 3339/2655/2640
f 647/772/772 2169/2334/2321 645/2891/2872
f 2169/2334/2321 321/2788/2770 4606/4947/4885
f 2170/3381/3357 2571/2417/2404 803/2416/2403
f 1167/872/871 4290/4140/4111 3358/2817/2798
f 4513/880/879 2170/3381/3357 801/3386/3362
f 4513/880/879 801/3386/3362 142/881/880
f 352/4785/4737 89/2423/2410 2172/495/495
f 3947/1763/1756 89/2423/2410 754/1764/1757
f 4699/4948/4886 3540/1405/1400 3124/3501/3475
f 2101/1386/1381 1829/3164/3144 4699/4948/4886
f 1305/398/398 666/397/397 2174/4344/4309
f 3395/4152/4121 666/397/397 1174/4150/4119
f 2175/2757/2739 1377/2756/2738 435/2134/2121
f 3631/4949/2124 3995/3786/2123 2175/2757/2739
f 2176/4492/4455 1310/294/294 1424/2951/2932
f 4717/4151/4120 1424/2951/2932 3395/4152/4121
f 3713/43/43 2177/3273/3249 520/3272/3248
f 4403/4230/4198 1219/3663/3637 3981/4675/4634
f 2456/1358/1353 248/3563/3537 2178/637/637
f 2728/2075/2062 4094/3564/3538 4514/3560/3534
f 1156/4950/4887 722/945/943 2179/3142/3122
f 722/945/943 161/876/875 3613/875/874
f 4449/3884/3857 2180/3881/3854 4932/3885/3858
f 4449/3884/3857 1861/4806/4758 2180/3881/3854
f 209/1155/1153 2181/2656/2641 4262/4951/4888
f 209/4952/1153 4259/1130/1128 4041/1129/1127
f 4199/1113/1111 2182/1112/1110 183/1016/1014
f 183/1016/1014 2182/1112/1110 2783/1085/1083
f 184/3551/3525 2183/4905/4847 2066/2535/2520
f 4032/1037/1035 4664/3552/3526 186/1038/1036
f 3701/708/708 3070/3047/3027 2184/3046/3026
f 3451/709/709 3701/708/708 4215/2992/2973
f 1701/4703/4660 3598/4702/4661 2185/4922/4862
f 2964/4953/4889 2965/4954/2117 3538/4955/2119
f 3215/3861/3834 4024/3515/3489 2186/3862/3835
f 1594/3257/3234 287/1198/1193 4342/3514/3488
f 4997/2485/2470 233/174/174 1130/173/173
f 4386/316/316 2308/246/246 3459/4956/4890
f 1657/2803/2784 2188/2802/2783 615/1069/1067
f 615/1069/1067 2188/2802/2783 3935/4109/4080
f 60/369/369 2189/1410/1405 1051/3929/3902
f 60/369/369 4249/1408/1403 2189/1410/1405
f 1333/306/306 4871/4166/4135 2190/307/307
f 1182/4165/4134 3939/1754/1747 2190/307/307
f 2191/3685/3659 4333/3910/3883 2594/3170/3150
f 2285/1563/1558 295/3686/3660 2191/3685/3659
f 3499/1902/1894 2192/2018/2005 3566/1903/1895
f 4408/4957/4891 54/2917/2898 3498/2920/2901
f 2193/1502/1497 1240/342/342 222/1503/1498
f 2193/1502/1497 4791/1506/1501 1240/342/342
f 2364/222/222 4685/221/221 2194/4125/4096
f 1686/2103/2090 3265/4126/4097 1161/2102/2089
f 4886/4958/4892 2195/1518/1513 1175/280/280
f 2000/2036/2023 2195/1518/1513 1173/4147/4116
f 963/3750/3724 2196/3753/3727 2948/1554/1549
f 2196/3753/3727 3536/699/699 1331/1540/1535
f 122/751/751 4336/3441/3415 746/732/732
f 1010/730/730 746/732/732 3276/3857/3830
f 2198/617/617 2948/1554/1549 2869/618/618
f 2948/1554/1549 2198/617/617 625/1482/1477
f 4629/2264/2251 2199/4617/4579 1591/2840/2821
f 1591/2840/2821 2199/4617/4579 2114/4928/4868
f 4532/2374/2361 1606/4232/4200 2200/3782/3756
f 3541/2279/2266 4532/2374/2361 3506/2948/2929
f 2201/746/746 1567/3236/3215 4675/4607/4569
f 1567/3236/3215 2201/746/746 2814/3292/3268
f 3370/4606/4568 4675/4607/4569 1567/3236/3215
f 3051/4377/4341 3775/4376/4340 753/3240/3219
f 2269/5/5 2203/3521/3495 4470/7/7
f 2203/3521/3495 3488/4959/4893 4093/4960/4894
f 1102/4024/3995 2204/4666/4625 3241/4026/3997
f 1102/4024/3995 1660/3973/3944 2204/4666/4625
f 3721/1773/1766 2205/3415/3391 1796/4177/4146
f 3703/1772/1765 2205/3415/3391 3721/1773/1766
f 4897/4462/4425 1397/1665/1660 2283/4463/4426
f 4897/4462/4425 1298/4334/4299 1397/1665/1660
f 166/1393/1388 2207/955/953 4966/4481/4444
f 4966/4481/4444 2207/955/953 262/943/941
f 3958/3639/3613 3869/1153/1151 1502/3640/3614
f 1193/4961/4895 2209/4187/4155 3650/4731/4687
f 1199/4185/4153 2209/4187/4155 2208/1122/1120
f 3958/3639/3613 2209/4187/4155 1193/4961/4895
f 4006/1462/1457 2210/1465/1460 241/1463/1458
f 271/1089/1087 2210/2716/1460 635/1344/1339
f 2164/4944/3502 2211/1967/1888 701/3069/3049
f 2432/3540/3514 2211/1896/1888 2164/3528/3502
f 2945/337/337 3442/3492/3466 2212/3493/3467
f 4305/4962/4896 847/2659/2644 4211/2661/2646
f 2214/4535/4498 3821/4533/4496 4332/4536/3967
f 4332/3996/3967 1151/1895/1887 59/1897/1889
f 1475/4058/4029 3821/4533/4496 2214/4535/4498
f 3710/3494/3468 3350/2054/2041 3799/348/348
f 216/1331/1326 742/3197/3177 2215/4409/4372
f 216/1331/1326 2215/4409/4372 1351/4408/4371
f 3814/4841/4789 448/2719/2702 2216/2184/2171
f 369/1854/1847 3814/4841/4789 2216/2184/2171
f 2217/3921/3894 920/2071/2058 376/2070/2057
f 920/2071/2058 4713/4963/4897 3639/3105/3085
f 1773/1727/1721 2218/3392/3368 3548/3709/3683
f 342/1722/1717 2604/1742/1735 2727/1732/1726
f 1477/993/991 2219/1297/1292 1368/994/992
f 2219/1297/1292 1477/993/991 235/4754/4710
f 4747/4191/4159 11/75/75 2220/4340/4305
f 2220/4340/4305 11/75/75 1050/3928/3901
f 4681/4964/4898 2164/3528/3502 2221/3541/3515
f 4282/2411/2398 2916/308/308 872/310/310
f 2222/1788/1781 716/4343/4308 1320/456/456
f 3760/1756/1749 4323/4791/4743 1822/399/399
f 2345/2526/2511 535/1287/1282 2223/2524/2509
f 282/1286/1281 2224/1513/1508 535/1287/1282
f 61/2529/2514 2223/2524/2509 2224/1513/1508
f 2223/2524/2509 535/1287/1282 2224/1513/1508
f 2225/756/756 1032/3006/2986 2820/3900/3873
f 3787/693/693 1329/695/695 1032/3006/2986
f 2226/4161/4130 132/766/766 3649/4965/4899
f 3581/1739/1732 2226/4161/4130 341/1737/1730
f 3800/1994/1981 729/1741/1734 2227/3502/3476
f 1792/1740/1733 4247/3229/3208 729/1741/1734
f 2228/4966/4900 694/4630/4592 1605/3049/3029
f 2692/1721/1716 3892/1720/1715 2819/4379/4343
f 3144/1185/1180 207/4733/4689 2229/3661/3635
f 2229/3661/3635 3630/1188/1183 919/2186/2173
f 245/1345/1340 2230/1346/1341 2067/1092/1090
f 245/4967/1340 488/1744/1737 2230/1726/1341
f 2231/816/816 150/4077/4048 1129/3235/3214
f 3511/818/818 4613/2539/2524 2231/816/816
f 2232/4442/4405 4455/4441/4404 1381/4440/4403
f 4827/999/997 3272/1001/999 4278/1004/1002
f 1323/2534/2519 2233/2530/2515 537/990/988
f 537/990/988 2233/2530/2515 4652/2532/2517
f 2234/3697/3671 1271/3701/3675 3173/3698/3672
f 4156/4299/4265 1271/3701/3675 4660/4300/4266
f 325/1667/1662 2235/1669/1664 1292/1671/1666
f 4119/148/148 328/147/147 2939/3075/3055
f 702/3074/3054 1251/1680/1675 2843/26/26
f 702/3074/3054 4409/4523/4486 2939/3075/3055
f 43/1700/1695 2237/2897/2878 646/2895/2876
f 646/2895/2876 3969/4968/4901 614/4969/4902
f 3404/4692/4651 3647/4970/4903 2238/4894/3406
f 2238/4894/3406 3647/4970/4903 3312/974/972
f 4958/4918/4858 1325/3756/3730 496/1942/1932
f 4958/4918/4858 3030/2518/2503 1325/3756/3730
f 2240/2616/2601 4963/2615/2600 4590/78/78
f 4904/4283/4249 3774/2233/2220 3456/4282/4248
f 1206/3319/3295 2721/3321/3297 2241/4202/4170
f 2543/4087/4058 2241/4202/4170 1205/4205/4173
f 2242/3373/3349 1150/327/327 2559/3374/3350
f 2244/4110/4081 2595/328/328 1150/327/327
f 703/1072/1070 3434/3078/3058 2243/2985/2966
f 1901/1342/1337 2243/2985/2966 677/1496/1491
f 2242/3373/3349 3387/4971/4904 1150/327/327
f 4663/2673/2658 1086/4501/4464 3387/4971/4904
f 2245/2617/2602 563/2763/2745 3141/2762/2744
f 4349/4901/4843 563/2763/2745 2245/2617/2602
f 1073/3981/3952 2246/3971/3942 1772/3972/3943
f 4662/1770/1763 1073/3981/3952 4390/3976/3947
f 2247/2702/2687 543/1545/1540 3114/2554/2539
f 2799/250/250 2466/1546/1541 543/1545/1540
f 3186/4708/4666 2248/343/343 1711/1622/1617
f 3186/4708/4666 1202/4199/4167 3394/4200/4168
f 2249/1080/1078 4785/4657/4616 4817/3643/3617
f 913/1120/1118 2634/1102/1100 4504/1121/1119
f 371/1862/1855 272/2501/2486 2250/910/908
f 3134/4203/4171 371/1862/1855 2250/910/908
f 2251/284/284 4202/3733/3707 953/2110/2097
f 2251/284/284 953/2110/2097 3684/2109/2096
f 383/3604/3578 1165/1920/1910 2252/1916/1908
f 2252/1916/1908 1165/1920/1910 2545/1914/1906
f 2032/3297/3273 772/4972/4905 2253/2172/2159
f 772/4972/4905 2251/284/284 3266/283/283
f 2254/2490/2475 526/4074/4045 388/2491/2476
f 1546/838/838 3491/4073/4044 4145/839/839
f 2255/211/211 1977/258/258 443/260/260
f 1450/4514/4477 2367/1265/1260 443/260/260
f 1992/3318/3294 2256/3317/3293 4012/4884/4827
f 2256/3317/3293 1506/4821/4770 4012/4884/4827
f 1025/2161/2148 2321/2160/2147 2257/905/904
f 171/2164/2151 1025/2161/2148 4835/4543/4505
f 2258/3241/3220 1805/2180/2167 4816/3239/3218
f 4524/779/779 3281/4973/4906 3118/780/780
f 2712/4479/4442 2259/1268/1263 4949/1267/1262
f 3622/3915/3888 524/2478/2463 4172/3916/3889
f 2260/1356/1351 3993/1664/1659 726/609/609
f 3884/641/641 1104/4030/4001 2449/3153/3133
f 3722/622/622 681/3558/3532 2261/3557/3531
f 4117/4974/4907 247/3152/3132 3932/1354/1349
f 4599/4210/4178 2262/1320/1315 3102/4212/4180
f 641/376/376 2394/378/378 2262/1320/1315
f 4782/4744/4700 3888/4000/3971 1087/4762/4718
f 3198/2638/2623 4924/4975/4908 3667/648/648
f 781/4880/4823 3455/4101/4072 2264/4103/4074
f 3972/420/420 3959/4405/4369 1144/421/421
f 2265/1674/1669 1962/432/432 2699/431/431
f 413/4207/4175 1595/2046/2033 2265/1674/1669
f 188/3146/3126 4212/1030/1028 2266/3472/3446
f 4621/1109/1107 2266/3472/3446 193/1110/1108
f 651/238/238 2267/2916/2897 2862/239/239
f 3498/2920/2901 2267/2916/2897 651/238/238
f 2268/4083/4054 3960/217/217 37/4033/4004
f 642/2546/2531 2574/276/276 37/4033/4004
f 2269/5/5 2967/3702/3676 2203/3521/3495
f 1654/4/4 2967/3702/3676 2269/5/5
f 4491/1765/1758 754/1764/1757 2270/2424/2411
f 754/1764/1757 89/2423/2410 2270/2424/2411
f 2271/1811/1804 1323/2534/2519 170/2533/2518
f 3430/4506/4469 2271/1811/1804 170/2533/2518
f 2272/672/672 4806/4612/4574 2123/673/673
f 2272/672/672 1882/1661/1656 4806/4612/4574
f 1199/4185/4153 2273/4194/4162 1749/4186/4154
f 2846/1151/1149 3882/4976/2960 3675/4977/4688
f 270/1457/1452 3711/1456/1451 2274/3836/3809
f 3592/4102/4073 1990/1347/1342 270/1457/1452
f 2275/504/504 2855/3025/3005 2075/2751/2733
f 2075/2751/2733 75/4912/4852 2275/504/504
f 811/2678/2663 4083/3408/3384 2812/3409/3385
f 581/2366/2353 4083/3408/3384 2144/4566/4528
f 276/2797/2778 4195/2798/2779 2277/2925/2906
f 2600/3013/2993 3469/149/149 276/2797/2778
f 608/3362/3338 2278/2846/2827 3720/4775/4727
f 3375/2850/2831 2718/2849/2830 1800/2775/2757
f 2501/271/271 40/273/273 2279/248/248
f 40/273/273 4361/205/205 4549/1702/1697
f 2280/93/93 1372/4427/4390 1225/1679/1674
f 2280/93/93 2452/3571/3545 1372/4427/4390
f 2281/3826/3799 994/3828/3801 3971/4978/4909
f 994/3828/3801 4874/1842/1835 1403/1841/1834
f 434/2129/2116 3476/2382/2369 2282/4979/4110
f 3473/440/440 958/3249/531 4432/441/441
f 2283/4463/4426 4450/1599/1594 303/576/576
f 1397/1665/1660 1398/1666/1661 2283/4463/4426
f 1275/1978/1965 2284/4190/4158 4903/4980/4910
f 1275/1978/1965 3035/1933/1923 2284/4190/4158
f 4445/3924/3897 3311/799/799 2285/1563/1558
f 2191/3685/3659 931/711/711 2285/1563/1558
f 2286/1521/1516 2380/540/540 80/485/485
f 80/485/485 1322/2666/2651 2286/1521/1516
f 334/3478/3452 1413/1486/1481 2287/4505/4468
f 1413/1486/1481 654/1488/1483 2287/4505/4468
f 3347/2696/2681 2288/2608/2593 586/1399/1394
f 4631/4981/4911 586/1399/1394 2288/2608/2593
f 2289/1689/1684 4291/2932/2913 265/1432/1427
f 38/1435/1430 2289/1689/1684 265/1432/1427
f 3866/4982/4912 2290/3015/2995 2426/3017/2997
f 2290/3015/2995 685/491/491 457/490/490
f 4085/1697/1692 4233/1694/1689 1601/150/150
f 3446/141/141 3325/143/143 1601/150/150
f 2292/3627/3601 3554/81/81 909/4520/4483
f 2292/3627/3601 4251/3626/3600 1456/3305/3281
f 2730/3852/3825 136/4649/4610 2293/1549/1544
f 2293/1549/1544 4392/1548/1543 4393/1550/1545
f 1636/4983/4913 860/1535/1530 4063/2766/2748
f 860/1535/1530 606/1010/1008 4063/2766/2748
f 1723/2212/2199 4302/4069/4040 2295/1420/1415
f 2111/2838/2819 2295/1420/1415 455/2211/2198
f 2296/4005/3976 2250/910/908 1089/912/910
f 1715/1341/1336 4253/3043/3023 1089/912/910
f 2436/3868/3841 2297/1049/1047 706/2958/2939
f 706/2958/2939 2297/1049/1047 1364/3086/3066
f 859/3850/3823 2298/2019/2006 1038/2021/2008
f 1889/3849/3822 4754/3846/3819 859/3850/3823
f 3806/1254/1249 3473/440/440 1166/2548/2533
f 3806/1254/1249 1166/2548/2533 542/1255/1250
f 4567/3819/3792 572/2647/2632 2300/1177/1172
f 3573/2144/2131 2300/1177/1172 2784/3789/3762
f 2300/1177/1172 206/1163/1160 2301/3790/3763
f 3477/3793/3766 206/1163/1160 431/2305/2292
f 2302/1539/1534 1097/1439/1434 293/3194/3174
f 2442/4018/3989 1097/1439/1434 2302/1539/1534
f 1214/4088/4059 2303/1872/1865 1799/1873/1866
f 1214/4088/4059 4036/4221/4189 2303/1872/1865
f 2304/2191/2178 212/2648/2633 1465/1211/1206
f 4436/2626/2611 1845/2628/2613 212/2648/2633
f 2516/4734/4690 1319/4368/4333 2305/4735/4691
f 3178/564/564 3249/3964/3935 414/2048/2035
f 2306/1480/1475 3725/1479/1474 1937/718/718
f 2482/2315/2302 2306/1480/1475 1937/718/718
f 3178/564/564 2307/2049/2036 4359/565/565
f 2307/2049/2036 1261/4294/4260 88/4830/4779
f 4404/4984/4914 2840/4985/4915 233/174/174
f 2840/4985/4915 333/4986/4916 233/174/174
f 668/3087/3067 1364/3086/3066 2309/3950/3923
f 2130/2302/2289 668/3087/3067 2309/3950/3923
f 2310/2528/2513 3859/4435/4398 2897/4987/4917
f 234/4076/4047 3859/4435/4398 2310/2528/2513
f 654/1488/1483 1513/1487/1482 2311/1490/1485
f 3776/4877/4820 2311/1490/1485 1513/1487/1482
f 2312/3136/3116 3054/4988/679 1257/4989/678
f 2314/4236/4204 120/4238/3313 4671/3395/3371
f 1426/236/236 2313/3958/3929 1069/282/282
f 2313/3958/3929 1426/236/236 4766/4629/4591
f 805/3394/3370 2314/4236/4204 4671/3395/3371
f 805/3394/3370 4475/4453/4416 2314/4236/4204
f 4350/65/65 1487/4156/4125 1460/4990/4918
f 3063/3628/3602 2385/3524/3498 4251/3626/3600
f 2316/2230/2217 4771/3187/3167 2828/1573/1568
f 2316/2230/2217 3/3330/3306 4232/4192/4160
f 2050/3313/3289 15/1590/1585 2317/3309/3285
f 2317/3309/3285 776/2384/2371 2050/3313/3289
f 4927/4697/4656 1696/1999/1986 2318/1998/1985
f 35/1996/1983 2318/1998/1985 4531/4805/4757
f 2319/2700/2685 3767/4079/4050 2547/172/172
f 3400/2699/2684 3767/4079/4050 2413/3736/3710
f 27/160/160 4045/4594/4556 2601/4596/4558
f 1079/2887/2868 4045/4594/4556 27/160/160
f 446/2168/2155 926/3676/3650 2321/2160/2147
f 926/3676/3650 763/3270/3246 2919/906/905
f 3668/2219/2206 1092/210/210 1719/4010/3981
f 1719/4010/3981 279/1501/1496 4218/4991/4919
f 1774/2651/2636 2323/3438/3412 441/2177/2164
f 1956/923/921 2323/3438/3412 1774/2651/2636
f 2324/494/494 352/4785/4737 2172/495/495
f 352/4785/4737 3274/1786/1779 1954/1785/1778
f 1136/2495/2480 780/4204/4172 2325/2088/2075
f 2325/2088/2075 3134/4203/4171 2250/910/908
f 125/758/758 3983/2692/2677 2326/2032/2019
f 125/758/758 2326/2032/2019 2821/2031/2018
f 855/473/473 76/2870/2851 2327/513/513
f 3283/474/474 855/473/473 2327/513/513
f 3090/812/812 146/3719/3693 2328/813/813
f 2330/2683/2668 146/3719/3693 4293/3722/3696
f 2329/4613/4575 2446/3067/3047 1579/1971/1958
f 66/1970/418 3876/375/375 1579/1971/1958
f 2328/813/813 146/3719/3693 2330/2683/2668
f 2330/2683/2668 4377/4992/4920 2328/813/813
f 3976/3578/3552 2331/1484/1479 3402/1483/1478
f 3574/725/725 719/3579/3553 1754/3126/3106
f 764/50/50 2332/4993/4921 3618/4229/4197
f 764/50/50 3327/49/49 2623/2462/2448
f 4047/4994/4922 2333/4182/4151 4597/4755/4711
f 1443/4491/4454 4301/2124/2111 2568/1167/1164
f 131/1783/1776 2334/4411/4374 1355/4128/4099
f 4541/4995/4923 4138/734/734 3873/733/733
f 4451/682/682 1652/4503/4466 2335/619/619
f 1848/615/615 3831/4802/4754 4204/613/613
f 2336/2782/2764 1009/419/419 2905/3323/3299
f 261/3855/3828 1009/419/419 2336/2782/2764
f 1080/2197/2184 3567/2713/2698 2337/2712/2697
f 3484/3746/3720 451/3748/3722 1080/2197/2184
f 2338/1385/1380 3109/1384/1379 1350/1401/1396
f 1349/4403/4367 2338/1385/1380 4298/4404/4368
f 4056/2753/2735 1923/2055/2042 2339/449/449
f 1630/3499/3473 602/4650/4611 4558/2039/2026
f 2340/4195/4163 358/1149/1147 1199/4185/4153
f 2634/1102/1100 3812/1101/1099 4504/1121/1119
f 2275/504/504 687/506/506 2341/3024/3004
f 2341/3024/3004 687/506/506 1337/4642/4603
f 3748/123/123 2342/157/157 3572/4996/4924
f 1721/1906/1898 3572/4996/4924 2342/157/157
f 2312/3136/3116 1257/4989/678 2343/3137/3117
f 1966/3743/3717 4878/4289/4255 4881/2998/2979
f 2048/4900/4842 464/2618/2603 4577/2248/2235
f 2796/4664/4623 3804/2245/2232 1659/2772/2754
f 4088/2746/2728 2345/2526/2511 34/185/185
f 1090/1288/1283 535/1287/1282 2345/2526/2511
f 2346/3339/3315 1330/4381/4345 1419/3335/3311
f 3970/680/680 2346/3339/3315 3824/4486/4449
f 1360/4414/4377 2347/129/129 4419/4879/4822
f 3745/4626/4588 2347/129/129 1360/4414/4377
f 1776/2924/2905 2348/2800/2781 4948/4997/4925
f 1775/3353/3329 2348/2800/2781 1776/2924/2905
f 2038/4144/4113 2349/4898/4840 2039/761/761
f 2039/761/761 2349/4898/4840 135/1475/1470
f 785/762/762 3086/3334/3310 3836/4998/4926
f 785/762/762 3836/4998/4926 1170/760/760
f 2351/344/344 2248/343/343 1231/1231/1226
f 2351/344/344 1231/1231/1226 2100/4249/4215
f 2352/138/138 1387/140/140 3559/1591/1586
f 942/103/103 2352/138/138 1875/3710/3684
f 2989/4509/4472 2353/384/384 981/3788/3761
f 2353/384/384 2368/383/383 4813/439/439
f 3841/3091/3071 2354/227/227 1195/4188/4156
f 1195/4188/4156 2354/227/227 965/226/226
f 4085/1697/1692 2355/1589/1584 4233/1694/1689
f 2355/1589/1584 331/2731/2714 1415/4483/4446
f 2852/3751/3725 2356/1640/1635 4873/3989/3960
f 2356/1640/1635 3096/1639/1634 4725/2202/2189
f 1153/4112/4083 1181/2153/2140 2357/1602/1597
f 2357/1602/1597 304/1014/1012 1153/4112/4083
f 1310/294/294 2986/4356/4321 1309/4353/4318
f 1580/293/293 2986/4356/4321 1310/294/294
f 2359/4999/4927 4873/3989/3960 2356/1640/1635
f 2896/3134/3114 3402/1483/1478 1081/3988/3959
f 2360/3610/3584 4838/4736/4692 266/4092/4063
f 2360/3610/3584 4352/2249/2236 477/2297/2284
f 3052/4572/4534 1528/654/654 3401/3157/3137
f 1528/654/654 1852/656/656 3401/3157/3137
f 4928/5000/4928 3032/1514/1509 4704/2511/2496
f 4928/5000/4928 2286/1521/1516 1322/2666/2651
f 110/2918/2899 2363/3490/3464 3468/2844/2825
f 410/696/696 2722/698/698 110/2918/2899
f 525/220/220 2364/222/222 4574/223/223
f 3303/4696/4655 2364/222/222 427/2738/2721
f 1645/4075/4046 2365/598/598 3694/1290/1285
f 2365/598/598 1645/4075/4046 1183/4167/4136
f 3467/1781/1774 3973/4588/4550 1546/838/838
f 1546/838/838 2884/1779/1772 3467/1781/1774
f 41/285/285 2255/211/211 2367/1265/1260
f 2367/1265/1260 2255/211/211 443/260/260
f 4813/439/439 2368/383/383 2017/3827/3800
f 3971/4978/4909 994/3828/3801 2017/3827/3800
f 1487/4156/4125 2369/3304/3280 1460/4990/4918
f 2369/3304/3280 1487/4156/4125 1178/3302/3278
f 1764/1126/1124 2370/1314/1309 1268/4297/4263
f 2370/1314/1309 1811/3051/3031 1268/4297/4263
f 1533/2004/1991 2371/2029/2016 3984/3446/3420
f 2373/1748/1741 4008/5001/4929 2371/2029/2016
f 2372/4345/4310 62/4346/4311 1305/398/398
f 4241/2442/2429 515/4354/4319 3136/4825/4774
f 3842/1747/1740 406/2035/2022 2373/1748/1741
f 406/2035/2022 4008/5001/4929 2373/1748/1741
f 1135/4085/4056 1532/135/135 2374/2886/2867
f 1532/135/135 643/137/137 2374/2886/2867
f 2375/109/109 436/2596/2581 4831/3586/3560
f 1112/3587/3561 2375/109/109 4831/3586/3560
f 2376/1860/1853 1106/219/219 3247/218/218
f 2376/1860/1853 370/4671/4630 1106/219/219
f 2827/508/508 2377/3959/3930 4622/4391/4355
f 251/1371/1366 2377/3959/3930 96/1372/1367
f 283/1522/1517 2286/1521/1516 2378/1523/1518
f 283/1522/1517 2378/1523/1518 3405/1990/1977
f 4505/4756/4712 397/392/392 2379/1987/1974
f 2379/1987/1974 397/392/392 4109/391/391
f 2380/540/540 2073/541/541 4289/2038/2025
f 4880/539/539 2380/540/540 3200/2843/2824
f 2987/4325/4291 2381/4326/373 4522/4497/4460
f 66/1970/418 2381/373/373 3876/375/375
f 2382/4127/4098 1162/2166/2153 4947/2165/2152
f 1162/2166/2153 2382/4127/4098 442/759/759
f 2383/4615/4577 38/1435/1430 841/3476/3450
f 1387/140/140 3495/3477/3451 4480/191/191
f 538/2536/2521 619/4625/4587 2384/2571/2556
f 538/2536/2521 2384/2571/2556 4086/4215/4183
f 2315/29/29 4251/3626/3600 2385/3524/3498
f 4274/30/30 2315/29/29 2385/3524/3498
f 1024/4737/4693 2386/3879/3852 3923/3880/3853
f 4932/3885/3858 1024/4737/4693 2416/3883/3856
f 1209/4208/4176 2387/4209/4177 349/3222/3201
f 2052/389/389 3939/1754/1747 1209/4208/4176
f 349/3222/3201 2388/409/409 566/3223/3202
f 2387/4209/4177 2388/409/409 349/3222/3201
f 2389/487/487 480/2309/2296 3428/2311/2298
f 220/489/489 480/2309/2296 2389/487/487
f 2390/2065/2052 717/3122/3102 4912/3620/3594
f 2390/2065/2052 419/1324/1319 4624/1323/1318
f 1919/231/231 456/188/188 2391/3175/3155
f 1919/231/231 2391/3175/3155 4628/3177/3157
f 2392/499/499 2389/487/487 3759/5002/4930
f 2392/499/499 3759/5002/4930 4447/3873/3846
f 2393/4854/4802 1942/178/178 1449/2969/2950
f 1942/178/178 3772/187/187 1459/189/189
f 332/1321/1316 2394/378/378 1529/4573/4535
f 2394/378/378 332/1321/1316 2262/1320/1315
f 12/71/71 824/4720/4677 2395/2072/2059
f 2395/2072/2059 3784/3662/3636 12/71/71
f 551/4364/4329 2153/4363/4328 2396/2579/2564
f 955/524/524 4945/4362/4327 4968/525/525
f 4461/4527/4490 1468/1972/1959 2397/4169/4138
f 1468/1972/1959 2647/2550/2535 2397/4169/4138
f 2398/2959/2940 1307/5003/4931 3235/2960/2941
f 2527/4351/4316 4478/4930/4870 3845/4350/4315
f 2399/3763/3737 970/1494/1489 1405/3407/3383
f 742/3197/3177 4587/4472/4435 3940/1333/1328
f 4322/1330/1325 3863/3405/3381 2400/3406/3382
f 277/4473/4436 2400/3406/3382 2399/3763/3737
f 2401/2724/2707 3742/4532/4495 1218/3946/3919
f 4264/214/214 2620/216/216 1218/3946/3919
f 2402/1612/1607 1420/1282/1277 1042/1564/1559
f 4284/4487/4450 1420/1282/1277 2402/1612/1607
f 1621/2645/2630 2403/952/950 4092/2646/2631
f 1621/2645/2630 571/4640/4602 2403/952/950
f 4262/4951/4888 2404/1625/1620 209/1155/1153
f 4472/1159/1156 2404/1625/1620 4230/1160/1157
f 2243/2985/2966 2405/1006/1004 703/1072/1070
f 3152/1070/1068 703/1072/1070 2405/1006/1004
f 2406/113/113 1203/3633/3607 3602/4201/4169
f 1203/3633/3607 2406/113/113 1498/112/112
f 387/136/136 2407/111/111 2406/113/113
f 1530/2363/2350 4833/2812/2793 3640/1939/1929
f 199/1152/1150 2408/1154/1152 1443/4491/4454
f 1443/4491/4454 2408/1154/1152 4301/2124/2111
f 770/3291/3267 2409/3361/3337 585/2694/2679
f 3673/4173/4142 2409/3361/3337 4900/4171/4140
f 4223/3141/3121 2832/4485/4448 2410/4116/4087
f 1156/4950/4887 3250/4117/4088 722/945/943
f 4009/2791/2773 2411/1627/1622 2716/1276/1271
f 3522/4276/4242 4757/4277/4243 312/4275/4241
f 796/497/497 2412/3368/3344 996/498/498
f 2412/3368/3344 2998/3832/3805 996/498/498
f 2413/3736/3710 3767/4079/4050 2319/2700/2685
f 2413/3736/3710 2319/2700/2685 17/3737/3711
f 1391/3411/3387 2414/2936/2917 3645/3262/3238
f 3257/3997/3968 3255/4456/4419 1391/3411/3387
f 2415/3614/3588 2578/3616/3590 98/1355/1350
f 4050/577/577 2415/3614/3588 3716/4789/4741
f 536/1810/1803 2416/3883/3856 2733/4371/4336
f 2416/3883/3856 1024/4737/4693 3699/4738/4694
f 4515/4280/4246 2417/3352/3328 3291/1491/1486
f 4515/4280/4246 328/147/147 2417/3352/3328
f 224/304/304 1208/303/303 2418/3574/3548
f 1711/1622/1617 3715/330/330 2418/3574/3548
f 1876/3897/3870 341/1737/1730 2419/2058/2045
f 3732/5004/4932 341/1737/1730 3344/4162/4131
f 4723/3018/2998 3681/407/407 923/1986/1973
f 4723/3018/2998 3395/4152/4121 1174/4150/4119
f 2952/3470/3444 836/882/881 2421/1251/1246
f 836/882/881 226/884/883 4027/4700/4659
f 444/257/257 2422/256/256 1794/4768/4723
f 1919/231/231 4628/3177/3157 2422/256/256
f 95/603/603 1228/602/602 3378/5005/4933
f 1228/602/602 4882/4309/4275 4865/4308/4274
f 3726/2474/2459 2424/3817/3790 447/3814/3787
f 447/3814/3787 2424/3817/3790 4061/2148/2135
f 2425/155/155 548/1934/1924 3077/1980/1967
f 2845/154/154 548/1934/1924 2425/155/155
f 2426/3017/2997 923/1986/1973 3866/4982/4912
f 4723/3018/2998 923/1986/1973 2426/3017/2997
f 3390/4261/4227 302/1280/1275 2427/792/792
f 2033/791/791 1256/892/891 2427/792/792
f 2428/4567/4529 2429/363/363 1517/366/366
f 1735/2677/2662 2276/2935/2916 2428/4567/4529
f 2276/2935/2916 2429/363/363 2428/4567/4529
f 2276/2935/2916 67/2934/2915 2429/363/363
f 163/1308/1303 2430/1312/1307 730/1309/1304
f 4127/4698/4657 1699/3163/3143 2610/4119/4090
f 3937/1868/1861 2431/2011/1998 2745/1867/1860
f 2431/2011/1998 2847/3112/3092 713/5006/4934
f 3255/4456/4419 4681/4964/4898 872/310/310
f 872/310/310 4681/4964/4898 4282/2411/2398
f 2434/597/597 2433/1289/1284 2365/598/598
f 4740/1362/1357 3922/1364/1359 2433/1289/1284
f 2434/597/597 4740/1362/1357 2433/1289/1284
f 105/1659/1654 4520/4932/4872 2128/4268/4234
f 2435/3645/3619 1631/3129/3109 914/3646/3620
f 1631/3129/3109 2730/3852/3825 3450/3127/3107
f 374/1820/1813 2436/3868/3841 706/2958/2939
f 3641/3867/3840 4500/1876/1869 1847/3866/3839
f 1348/1864/1857 2946/811/811 2437/815/815
f 272/2501/2486 1348/1864/1857 2437/815/815
f 3527/828/828 2438/1644/1639 1118/829/829
f 354/832/832 4856/4587/4549 1545/3889/3862
f 2774/2820/2801 3938/1911/1903 2439/1913/1905
f 2439/1913/1905 3562/4137/4108 2774/2820/2801
f 3977/2299/2286 2441/2298/2285 2440/3687/3661
f 2440/3687/3661 3890/1437/1432 2528/1397/1392
f 2441/2298/2285 469/2267/2254 1139/4095/4066
f 2441/2298/2285 3890/1437/1432 2440/3687/3661
f 2442/4018/3989 477/2297/2284 1097/1439/1434
f 4539/2268/2255 4022/3609/3583 477/2297/2284
f 1291/1556/1551 2443/3196/3176 4668/4795/4747
f 289/4322/4288 2443/3196/3176 3913/1431/1426
f 2244/4110/4081 2444/2671/2656 579/332/332
f 2444/2671/2656 1152/2672/2657 579/332/332
f 4129/890/889 829/1325/1320 2445/3619/3593
f 905/846/846 2445/3619/3593 1803/847/847
f 393/3027/3007 2446/3067/3047 3741/3066/3046
f 393/3027/3007 1579/1971/1958 2446/3067/3047
f 2018/445/445 2447/444/444 1189/3829/3802
f 1189/3829/3802 4695/1581/1576 1001/4176/4145
f 1001/4176/4145 4695/1581/1576 2448/496/496
f 3299/3799/3772 4031/3839/3812 2630/2584/2569
f 726/609/609 4117/4974/4907 2260/1356/1351
f 3932/1354/1349 2260/1356/1351 4117/4974/4907
f 856/1230/1225 2450/2980/2961 4079/4899/4841
f 3170/3505/3479 856/1230/1225 4428/4303/4269
f 389/130/130 617/1950/1940 2451/1908/1900
f 617/1950/1940 1841/4797/4749 2451/1908/1900
f 1372/4427/4390 2452/3571/3545 933/3569/3543
f 2452/3571/3545 501/4685/4644 3530/3689/3663
f 1358/2203/2190 2453/2828/2809 3246/2201/2188
f 4603/3350/3326 1358/2203/2190 2015/519/519
f 3251/4163/4132 2454/2025/2012 1180/2051/2038
f 1180/2051/2038 2454/2025/2012 1108/4909/4849
f 2455/2570/2555 4418/4677/4636 1212/4216/4184
f 2455/2570/2555 1212/4216/4184 2384/2571/2556
f 2456/1358/1353 4345/1360/1355 248/3563/3537
f 505/2402/2389 2456/1358/1353 117/2405/2392
f 2457/1271/1266 230/1270/1265 3245/2709/2694
f 273/1797/1790 4462/1029/1027 356/1798/1791
f 1058/2330/2317 4738/3730/3704 952/2328/2315
f 3217/3940/3913 3088/2198/2185 4807/5007/4935
f 2459/1259/1254 4315/1315/1310 3653/5008/4936
f 2110/2704/2689 695/1148/1146 2459/1259/1254
f 1157/5009/4937 2410/4116/4087 3289/3159/3139
f 4676/5010/4938 1270/3801/3774 4548/4118/4089
f 1565/3458/3432 4476/4605/4567 788/1944/1934
f 788/1944/1934 4476/4605/4567 1813/3031/3011
f 4803/1541/1536 2462/701/701 1363/2996/2977
f 2462/701/701 869/2994/2975 1363/2996/2977
f 2463/1881/1874 2185/4922/4862 4639/4635/4597
f 434/2129/2116 2964/4953/4889 2463/1881/1874
f 2464/2726/2709 4265/4743/4699 1763/2727/2710
f 2464/2726/2709 658/4136/4107 595/1226/1221
f 1392/2502/2487 2465/3658/3632 530/2094/2081
f 3264/2854/2835 4011/2853/2834 4736/4846/4794
f 2799/250/250 1542/249/249 2466/1546/1541
f 1542/249/249 4533/2560/2545 2466/1546/1541
f 2467/1601/1596 1299/2862/2843 638/2339/2326
f 3551/2863/2844 4610/2864/2845 2467/1601/1596
f 395/1982/1969 2468/292/292 2176/4492/4455
f 395/1982/1969 2777/1981/1968 2468/292/292
f 175/4804/4756 1853/1061/1059 2469/1620/1615
f 4936/2785/2767 3752/4252/4218 1232/1369/1364
f 2837/2459/2445 520/3272/3248 2470/2460/2446
f 2470/2460/2446 520/3272/3248 4387/3274/3250
f 414/2048/2035 2471/2050/2037 1261/4294/4260
f 1261/4294/4260 4358/2352/2339 2867/4831/4780
f 4668/4795/4747 741/690/690 1835/660/660
f 4668/4795/4747 1835/660/660 1291/1556/1551
f 2473/1555/1550 1331/1540/1535 1373/4429/4392
f 2472/3195/3175 2473/1555/1550 1373/4429/4392
f 2474/4298/4264 1422/1123/1121 3120/2226/2213
f 2474/4298/4264 4914/1124/1122 1422/1123/1121
f 2475/1530/1525 363/1847/1840 2829/1836/1829
f 2877/3741/3715 2878/3276/3252 363/1847/1840
f 263/861/861 2476/3984/3955 4285/1422/1417
f 2476/3984/3955 2823/852/852 1315/1629/1624
f 2477/3215/3195 362/1425/1420 747/3214/3194
f 2478/4365/4330 747/3214/3194 4743/4366/4331
f 1945/4857/4803 2592/3983/3954 2478/4365/4330
f 2478/4365/4330 2477/3215/3195 747/3214/3194
f 1667/567/567 2479/1662/1657 910/568/568
f 1667/567/567 3693/4672/4631 2479/1662/1657
f 2951/1857/1850 1340/1856/1849 2480/1209/1204
f 2126/2720/2703 448/2719/2702 2480/1209/1204
f 481/771/771 2481/721/721 4759/2780/2762
f 4205/2314/2301 481/771/771 2482/2315/2302
f 2306/1480/1475 2482/2315/2302 1658/1468/1463
f 2482/2315/2302 481/771/771 1658/1468/1463
f 4902/4583/4545 4741/428/428 1541/2834/2815
f 1541/2834/2815 4741/428/428 4961/430/430
f 2484/1058/1056 3123/4833/4782 3826/5011/4939
f 3828/1141/1139 2736/1143/1141 3345/5012/4940
f 430/1136/1134 2785/3942/3915 2485/1137/1135
f 1467/1087/1085 2788/2690/2675 584/2192/2179
f 4581/120/120 2486/4310/4276 3853/3171/3151
f 534/3755/3729 2486/4310/4276 4581/120/120
f 2487/1316/1311 574/2652/2637 1683/4786/4738
f 2487/1316/1311 2168/2653/2638 574/2652/2637
f 2743/3097/3077 2488/551/551 4867/3835/3808
f 3816/3833/3806 4867/3835/3808 2488/551/551
f 1803/847/847 2489/4779/4731 3167/4777/4729
f 1236/4260/4226 3561/4259/4225 1557/4599/4561
f 3988/4920/4860 2490/2412/2399 4971/4919/4859
f 2490/2412/2399 2778/403/403 508/405/405
f 4971/4919/4859 2097/359/359 2491/2414/2401
f 2491/2414/2401 2097/359/359 928/287/287
f 2492/4386/4350 1334/4390/4354 4053/4389/4353
f 1581/255/255 1334/4390/4354 2492/4386/4350
f 2493/3084/3064 4710/17/17 874/3543/3517
f 1826/3082/3062 2493/3084/3064 704/3080/3060
f 2603/1618/1613 2494/1617/1612 1126/2214/2201
f 2494/1617/1612 2030/4072/4043 1126/2214/2201
f 1204/1003/1001 2495/1421/1416 2111/2838/2819
f 2495/1421/1416 1204/1003/1001 2677/1002/1000
f 973/252/252 2322/254/254 2496/3768/3742
f 4218/4991/4919 279/1501/1496 2496/3768/3742
f 795/2856/2837 1279/3365/3341 2497/4893/4836
f 2021/2150/2137 795/2856/2837 2497/4893/4836
f 2498/1557/1552 4484/941/939 355/5013/4941
f 355/5013/4941 1353/3463/3437 3097/2801/2782
f 294/1559/1554 4484/941/939 2498/1557/1552
f 3636/4539/4501 1599/939/937 4484/941/939
f 2500/325/325 2643/4227/4195 4139/3278/3254
f 2500/325/325 765/3275/3251 366/1837/1830
f 46/2324/2311 4263/247/247 1497/1285/1280
f 4263/247/247 2308/246/246 1497/1285/1280
f 2502/1791/1784 1787/4763/4719 346/620/620
f 1787/4763/4719 2502/1791/1784 3042/3207/3187
f 2503/1997/1984 580/2675/2660 1103/2512/2497
f 4194/1519/1514 2195/1518/1513 2818/2037/2024
f 770/3291/3267 2504/3359/3335 2409/3361/3337
f 3452/4062/4033 770/3291/3267 2006/4426/4389
f 747/3214/3194 362/1425/1420 2505/1822/1815
f 4376/2303/2290 3838/978/976 2567/980/978
f 1592/4618/4580 4840/4620/4582 2506/2450/2437
f 2121/21/21 2506/2450/2437 4840/4620/4582
f 2506/2450/2437 2507/3328/3304 1592/4618/4580
f 1592/4618/4580 4232/4192/4160 2624/4619/4581
f 2123/673/673 2508/3612/3586 1000/3837/3810
f 2508/3612/3586 3755/789/789 1000/3837/3810
f 213/2473/2458 1991/3853/3826 3726/2474/2459
f 1991/3853/3826 2424/3817/3790 3726/2474/2459
f 944/652/652 3007/4646/4607 1509/653/653
f 3007/4646/4607 944/652/652 943/2255/2242
f 2044/1229/1224 2511/2430/2417 221/2981/2962
f 2044/1229/1224 4745/4235/4203 2511/2430/2417
f 2512/1570/1565 1961/1569/1564 522/2761/2743
f 3589/2471/2456 4165/827/827 1646/826/826
f 3909/3519/3493 2513/3030/3010 1082/3990/3961
f 1082/3990/3961 2513/3030/3010 2461/3029/3009
f 1541/2834/2815 628/2338/2325 2514/3149/3129
f 4837/341/341 4980/2323/2310 4362/2322/2309
f 2515/3399/3375 1510/4562/4524 1525/562/562
f 806/2578/2563 2515/3399/3375 1525/562/562
f 2516/4734/4690 1751/4369/4334 1319/4368/4333
f 1020/3161/3141 1751/4369/4334 4168/1992/1979
f 272/2501/2486 2517/4581/4543 1539/911/909
f 4719/2500/2485 1748/1469/1464 2851/1645/1640
f 2518/1605/1600 3570/482/482 305/2835/2816
f 1669/1375/1370 4576/1607/1602 3323/470/470
f 337/3482/3456 3236/3481/3455 2519/4256/4222
f 2825/1718/1713 2519/4256/4222 3860/783/783
f 2520/804/804 4822/3888/3861 1583/704/704
f 4981/833/833 1545/3889/3862 4822/3888/3861
f 2705/738/738 2521/737/737 1496/2380/2367
f 3985/4550/4512 2521/737/737 827/616/616
f 221/2981/2962 2522/1389/1384 3074/2929/2910
f 2450/2980/2961 2522/1389/1384 221/2981/2962
f 39/3602/3576 2523/2624/2609 1581/255/255
f 1581/255/255 2523/2624/2609 1334/4390/4354
f 468/1889/1882 2524/1891/1884 1732/4874/4817
f 4828/935/933 2524/1891/1884 3475/4359/4324
f 321/2788/2770 4802/794/794 2525/793/793
f 321/2788/2770 2525/793/793 4606/4947/4885
f 1657/2803/2784 615/1069/1067 2526/1510/1505
f 1657/2803/2784 3209/5014/4942 318/4661/4620
f 2527/4351/4316 1307/5003/4931 4834/4530/4493
f 2527/4351/4316 4834/4530/4493 1472/4529/4492
f 4631/4981/4911 2528/1397/1392 586/1399/1394
f 118/3688/3662 2440/3687/3661 2528/1397/1392
f 2615/1336/1331 2529/681/681 4327/1337/1332
f 4543/4132/4103 116/4131/4102 2529/681/681
f 2521/737/737 2530/736/736 4769/3448/3422
f 506/2407/2394 3314/2208/2195 1762/2207/2194
f 4995/3922/3895 420/3451/3425 2531/3450/3424
f 3981/4675/4634 4995/3922/3895 2531/3450/3424
f 425/2092/2079 2532/2258/2245 2983/995/993
f 425/2092/2079 2650/4844/4792 2532/2258/2245
f 3750/355/355 875/4570/4532 2533/321/321
f 1367/2877/2858 4709/2879/2860 875/4570/4532
f 2042/992/990 1368/994/992 2534/4097/4068
f 2534/4097/4068 1368/994/992 3727/4811/4761
f 2535/354/354 875/4570/4532 3750/355/355
f 3234/3545/3519 875/4570/4532 4724/3546/3520
f 2536/462/462 564/1901/1893 3566/1903/1895
f 1033/560/560 2536/462/462 403/4436/4399
f 2537/1812/1805 1352/2956/2937 478/2300/2287
f 3089/1817/1810 1352/2956/2937 2537/1812/1805
f 989/2387/2374 2538/2597/2582 2375/109/109
f 1117/4050/4021 2538/2597/2582 4191/4051/4022
f 725/2325/2312 1638/471/471 2539/3150/3130
f 2539/3150/3130 2514/3149/3129 725/2325/2312
f 1453/2236/2223 3231/6/6 2540/4444/4407
f 1453/2236/2223 2540/4444/4407 3793/2234/2221
f 2541/1634/1629 1412/942/940 570/944/942
f 1534/895/894 2541/1634/1629 3421/4071/4042
f 628/2338/2325 489/2336/2323 2542/5015/4943
f 2995/1835/1828 2980/4287/4253 2542/5015/4943
f 1206/3319/3295 2241/4202/4170 2543/4087/4058
f 1206/3319/3295 2543/4087/4058 3579/4086/4057
f 1484/947/945 4706/946/944 2544/1915/1907
f 1484/947/945 2544/1915/1907 4835/4543/4505
f 2545/1914/1906 1165/1920/1910 2546/1912/1904
f 204/1026/1024 2544/1915/1907 2545/1914/1906
f 204/1026/1024 2546/1912/1904 1890/2744/2726
f 2545/1914/1906 2546/1912/1904 204/1026/1024
f 2547/172/172 233/174/174 333/4986/4916
f 3575/5016/4944 4307/1668/1663 2547/172/172
f 3575/5016/4944 2547/172/172 333/4986/4916
f 3377/1705/1700 3676/1704/1699 333/4986/4916
f 916/627/627 2549/626/626 2013/2927/2908
f 2549/626/626 3489/2926/2907 2013/2927/2908
f 3453/209/209 3778/5017/4945 2802/2600/2585
f 4466/2602/2587 4568/5018/4946 558/4519/4482
f 2551/3771/3745 975/2141/2128 1984/1164/1161
f 4934/3770/3744 975/2141/2128 2551/3771/3745
f 2418/3574/3548 887/1241/1236 2552/1243/1238
f 887/1241/1236 3385/1244/1239 2552/1243/1238
f 2553/2436/2423 671/52/52 4820/4938/4877
f 297/40/40 2553/2436/2423 502/41/41
f 297/40/40 1725/39/39 2554/2356/2343
f 1903/2437/2424 297/40/40 3964/31/31
f 2555/661/661 1835/660/660 4281/692/692
f 3009/643/643 257/2606/2591 4368/2695/2680
f 2556/4668/4627 1881/2434/2421 3709/60/60
f 4357/16/16 3067/3296/3272 3948/4339/4304
f 954/1953/1943 1446/1952/1942 2557/2698/2683
f 1600/2590/2575 4698/128/128 3220/4507/4470
f 2558/5019/4947 1366/1081/1079 4595/5020/4948
f 4126/3589/3563 2469/1620/1615 2558/5019/4947
f 2560/4658/4617 2760/3379/3355 2559/3374/3350
f 2559/3374/3350 1150/327/327 462/326/326
f 3823/4659/4618 2560/4658/4617 462/326/326
f 2560/4658/4617 2559/3374/3350 462/326/326
f 2561/4432/4395 1910/1223/1218 292/4840/4788
f 3930/4431/4394 1910/1223/1218 2561/4432/4395
f 583/2686/2671 2959/318/318 2562/2688/2673
f 4756/2287/2274 1783/4759/4715 3823/4659/4618
f 165/1821/1814 2563/981/979 2079/4066/4037
f 2563/981/979 165/1821/1814 1849/1807/1800
f 4595/5020/4948 1366/1081/1079 2564/3592/3566
f 2564/3592/3566 1366/1081/1079 4817/3643/3617
f 2565/4653/2453 3193/4655/4614 2972/4022/3993
f 1215/2464/2450 2565/2468/2453 1640/2465/1187
f 798/4211/4179 2566/3453/3427 1294/2878/2859
f 1294/2878/2859 2566/3453/3427 4864/4577/4539
f 2537/1812/1805 478/2300/2287 2567/980/978
f 478/2300/2287 3500/4571/4533 2567/980/978
f 2568/1167/1164 432/4181/4150 1765/1168/1165
f 4301/2124/2111 4047/4994/4922 2568/1167/1164
f 2068/1099/1097 4598/4871/4815 2569/5021/1719
f 4598/4871/4815 1972/4870/3682 2569/5021/1719
f 2570/2999/2980 786/657/657 103/3000/2981
f 3970/680/680 3824/4486/4449 786/657/657
f 3355/1508/1503 1485/1044/1042 2571/2417/2404
f 2571/2417/2404 1485/1044/1042 382/1043/1041
f 2572/2229/2216 1759/3370/3346 4771/3187/3167
f 2572/2229/2216 4771/3187/3167 2316/2230/2217
f 500/1878/1871 2705/738/738 2573/2381/2368
f 1706/1883/1876 500/1878/1871 2573/2381/2368
f 2574/276/276 3817/275/275 2268/4083/4054
f 2574/276/276 2268/4083/4054 37/4033/4004
f 1328/4380/4344 3800/1994/1981 1852/656/656
f 1329/695/695 3800/1994/1981 1328/4380/4344
f 1222/649/649 2576/1228/1223 2790/1227/1222
f 3198/2638/2623 3505/2639/2624 4924/4975/4908
f 3439/1551/1546 2577/488/488 2392/499/499
f 1910/1223/1218 3424/4679/4638 292/4840/4788
f 2578/3616/3590 1230/3615/3589 903/3167/3147
f 726/609/609 3993/1664/1659 2890/607/607
f 1224/4240/4206 1586/139/139 2579/1716/1711
f 4965/1693/1688 1586/139/139 3601/1691/1686
f 3818/926/924 2580/925/923 784/3331/3307
f 784/3331/3307 2580/925/923 1779/3526/3500
f 4035/1717/1712 4965/1693/1688 2581/1692/1687
f 4260/4158/4127 495/4157/4126 2581/1692/1687
f 2582/1249/1244 4945/4362/4327 955/524/524
f 3352/1246/1241 2582/1249/1244 3586/2400/2387
f 1524/4327/4292 2583/2901/2882 3700/3456/3430
f 3766/2237/2224 1679/1318/1313 2583/2901/2882
f 3004/3668/3642 2584/817/817 137/4032/4003
f 2584/817/817 3293/3532/3506 137/4032/4003
f 286/3201/3181 4443/5022/4949 1902/472/472
f 1902/472/472 4443/5022/4949 3091/1237/1232
f 3910/3191/3171 2586/58/58 327/1677/1672
f 2146/3522/3496 327/1677/1672 2586/58/58
f 4131/3283/3259 4773/3285/3261 2587/3287/3263
f 33/3594/3568 4133/2043/2030 893/3593/3567
f 4760/5023/4950 2751/402/402 2588/401/401
f 64/400/400 2609/2289/2276 2588/401/401
f 3589/2471/2456 1646/826/826 2589/3479/3453
f 1646/826/826 142/881/880 2589/3479/3453
f 940/3705/3679 2590/480/480 90/536/536
f 2590/480/480 1336/537/537 90/536/536
f 1055/788/788 2591/3936/3909 138/3935/3908
f 4848/787/787 4246/1631/1626 1055/788/788
f 2592/3983/3954 2477/3215/3195 2478/4365/4330
f 1078/1628/1623 2477/3215/3195 2592/3983/3954
f 23/4124/4095 2593/119/119 4355/4525/4488
f 1949/3117/3097 380/1904/1896 4633/3118/3098
f 2594/3170/3150 4333/3910/3883 3104/1608/1603
f 1693/713/713 2594/3170/3150 2994/714/714
f 51/2687/2672 2595/328/328 2036/335/335
f 462/326/326 2595/328/328 51/2687/2672
f 2596/1218/1213 2132/3498/3472 3154/2898/2879
f 2132/3498/3472 2596/1218/1213 2838/1222/1217
f 3656/4508/4471 2989/4509/4472 2830/1964/1954
f 392/3073/3053 2353/384/384 2989/4509/4472
f 1228/602/602 4865/4308/4274 3378/5005/4933
f 2423/2833/2814 3069/4245/4211 627/417/417
f 2599/2247/2234 157/1294/1289 463/2241/2228
f 1659/2772/2754 2599/2247/2234 3115/2773/2755
f 4948/4997/4925 4726/2799/2780 276/2797/2778
f 2348/2800/2781 4726/2799/2780 4948/4997/4925
f 4046/163/163 4045/4594/4556 1553/2428/2415
f 1553/2428/2415 1239/164/164 4046/163/163
f 156/5024/4951 2602/1729/1723 4318/3430/3404
f 338/5025/4952 2602/1729/1723 156/5024/4951
f 1603/2213/2200 2603/1618/1613 1126/2214/2201
f 2626/843/843 2603/1618/1613 1603/2213/2200
f 2218/3392/3368 2604/1742/1735 3548/3709/3683
f 2218/3392/3368 3284/3391/3367 2604/1742/1735
f 2605/1263/1258 1450/4514/4477 228/1413/1408
f 228/1413/1408 1578/2063/2050 2605/1263/1258
f 1119/3992/3963 3319/1585/1580 2606/1710/1705
f 1119/3992/3963 2606/1710/1705 1572/4608/4570
f 2607/4457/4420 3435/3459/3433 195/2851/2832
f 1392/2502/2487 4736/4846/4794 2465/3658/3632
f 4770/2599/2584 2608/1505/1500 2802/2600/2585
f 4801/329/329 45/302/302 3715/330/330
f 4146/4869/4814 2609/2289/2276 1971/2623/2608
f 2609/2289/2276 4760/5023/4950 2588/401/401
f 2610/4119/4090 730/1309/1304 4127/4698/4657
f 3019/986/984 730/1309/1304 2610/4119/4090
f 2963/574/574 85/3513/3487 2611/463/463
f 2966/5026/4953 3478/2679/2664 82/2680/2665
f 2612/3421/3397 815/1450/1445 4734/4927/4867
f 4176/4611/4573 4523/3422/3398 4184/834/834
f 4325/2446/2433 391/2445/2432 2613/1959/1949
f 2963/574/574 2611/463/463 2966/5026/4953
f 2614/3980/3951 1076/4029/4000 1761/798/798
f 1761/798/798 2616/3982/3953 2614/3980/3951
f 4543/4132/4103 2529/681/681 2615/1336/1331
f 3836/4998/4926 3086/3334/3310 2350/4130/4101
f 2614/3980/3951 2616/3982/3953 1077/3975/3946
f 4310/3045/3025 1077/3975/3946 4658/4934/4874
f 99/1353/1348 2617/1357/1352 3932/1354/1349
f 1932/3795/3768 4775/4849/4797 4788/4850/4798
f 1930/2990/2971 2618/2991/2972 2184/3046/3026
f 2184/3046/3026 2618/2991/2972 3701/708/708
f 2619/3388/3364 4620/3387/3363 842/871/870
f 840/1247/1242 2619/3388/3364 842/871/870
f 2620/216/216 2401/2724/2707 1218/3946/3919
f 3021/2722/2705 2401/2724/2707 2620/216/216
f 2621/3820/3793 4567/3819/3792 214/3821/3794
f 4457/3816/3789 214/3821/3794 2925/3824/3797
f 3389/4568/4530 2622/3718/3692 4729/3715/3689
f 2622/3718/3692 2191/3685/3659 115/3169/3149
f 2623/2462/2448 2332/4993/4921 764/50/50
f 4387/3274/3250 3719/5027/4954 4784/2461/2447
f 2624/4619/4581 4573/4621/4583 4747/4191/4159
f 2624/4619/4581 783/2227/2214 460/37/37
f 306/3912/3885 4761/1633/1628 3994/822/822
f 3965/3913/3886 1042/1564/1559 4321/5028/4955
f 2626/843/843 1603/2213/2200 1346/908/865
f 2626/843/843 1346/908/865 2739/844/844
f 2627/543/543 93/545/545 486/2873/2854
f 952/2328/2315 4280/1238/1233 486/2873/2854
f 4846/2826/2807 2453/2828/2809 2628/3349/3325
f 3385/1244/1239 2833/4541/4503 2628/3349/3325
f 2629/3811/3784 990/3307/3283 4014/3308/3284
f 3532/3808/3781 990/3307/3283 3612/3809/3782
f 1471/1578/1573 3600/1580/1575 2630/2584/2569
f 3299/3799/3772 2630/2584/2569 3600/1580/1575
f 20/142/142 2631/1587/1582 2291/5029/4956
f 2167/3813/3786 2660/3812/3785 20/142/142
f 3208/1398/1393 2632/4917/4857 2089/4704/4662
f 4654/4593/4555 3883/1438/1433 1552/784/784
f 2891/2447/2434 2633/4175/4144 1476/2448/2435
f 4836/2776/2758 3585/4537/4499 1476/2448/2435
f 2634/1102/1100 4785/4657/4616 2249/1080/1078
f 2634/1102/1100 2249/1080/1078 3100/1079/1077
f 1452/2105/2092 2635/2107/2094 494/2395/2382
f 494/2395/2382 3953/2392/2379 503/2391/2378
f 1789/2422/2409 2791/4764/4720 2636/1767/1760
f 1017/3869/3842 1789/2422/2409 2636/1767/1760
f 3050/2343/2330 404/3166/3146 2637/2020/2007
f 4645/3907/3880 3181/2345/2332 4648/3953/3924
f 1296/4342/4307 2638/4341/4306 1304/4333/4298
f 3158/1757/1750 1304/4333/4298 4546/1758/1751
f 1320/456/456 1296/4342/4307 3801/2421/2408
f 1296/4342/4307 1304/4333/4298 3801/2421/2408
f 3069/4245/4211 2640/5030/4957 4235/2831/2812
f 2640/5030/4957 2966/5026/4953 82/2680/2665
f 2795/4500/4463 2641/323/323 366/1837/1830
f 2641/323/323 2500/325/325 366/1837/1830
f 959/2112/2099 1288/4316/4282 2642/4318/4284
f 1417/166/166 3383/3742/3716 4381/2108/2095
f 2643/4227/4195 766/3277/3253 4139/3278/3254
f 766/3277/3253 2734/4284/4250 368/1848/1841
f 3369/4262/4228 127/3891/3864 2644/3890/3863
f 1238/723/723 4759/2780/2762 2481/721/721
f 2645/868/867 383/3604/3578 162/948/946
f 3466/4742/4698 383/3604/3578 4134/4741/4697
f 2646/2697/2682 3952/2470/2455 4295/1396/1391
f 2646/2697/2682 4295/1396/1391 559/1395/1390
f 1468/1972/1959 688/1974/1961 2647/2550/2535
f 3741/3066/3046 700/262/262 3568/3065/3045
f 2648/4896/4838 2032/3297/3273 86/2401/2388
f 2648/4896/4838 3846/4531/4494 2032/3297/3273
f 3437/4526/4489 2397/4169/4138 2649/2552/2537
f 3235/2960/2941 2649/2552/2537 2651/2963/2944
f 3103/2098/2085 2650/4844/4792 1925/1056/1054
f 1925/1056/1054 4943/2091/2078 424/1057/1055
f 4944/2961/2942 3235/2960/2941 2651/2963/2944
f 670/3735/3709 4202/3733/3707 2251/284/284
f 880/550/550 2652/553/553 2488/551/551
f 4514/3560/3534 2996/3562/3536 2652/553/553
f 74/438/438 72/437/437 2653/3830/3803
f 2017/3827/3800 2653/3830/3803 72/437/437
f 2654/3605/3579 225/454/454 1593/453/453
f 4440/2399/2386 2138/2398/2385 225/454/454
f 3722/622/622 1313/3154/3134 2655/1869/1862
f 1313/3154/3134 4396/4358/4323 2655/1869/1862
f 2656/48/48 1047/1885/1878 1050/3928/3901
f 3531/5031/4958 1050/3928/3901 11/75/75
f 1675/4678/4637 2657/4681/4640 2910/4680/4639
f 947/1224/1219 3634/5032/4959 4081/1225/1220
f 1673/3918/3891 2658/38/38 1303/3919/3892
f 2658/38/38 1673/3918/3891 2531/3450/3424
f 3634/5032/4959 3591/1500/1495 2657/4681/4640
f 3634/5032/4959 2657/4681/4640 4081/1225/1220
f 2660/3812/3785 2631/1587/1582 20/142/142
f 2631/1587/1582 2660/3812/3785 1537/4415/4378
f 3110/3147/3127 724/984/982 2661/3864/3837
f 2661/3864/3837 724/984/982 1014/950/948
f 239/3053/3033 2459/1259/1254 3653/5008/4936
f 227/1094/1092 239/3053/3033 3653/5008/4936
f 2663/34/34 1561/4603/4565 1936/4798/4750
f 4005/3704/3678 938/2235/2222 3793/2234/2221
f 4869/4819/4768 2664/1603/1598 2063/2152/2139
f 4869/4819/4768 623/1604/1599 2664/1603/1598
f 2665/3759/3733 4201/1941/1931 619/4625/4587
f 4692/1909/1901 3139/72/72 4458/1910/1902
f 2666/1730/1724 2602/1729/1723 338/5025/4952
f 1877/1731/1725 2727/1732/1726 3479/965/963
f 2667/963/961 1445/962/960 3015/1370/1365
f 3510/1446/1441 2667/963/961 1384/4445/4408
f 2186/3862/3835 2668/3516/3490 1636/4983/4913
f 1636/4983/4913 2668/3516/3490 860/1535/1530
f 915/3648/3622 2741/3090/3070 2669/390/390
f 915/3648/3622 3112/3651/3625 3183/3649/3623
f 4829/3054/3034 431/2305/2292 2670/3382/3358
f 2670/3382/3358 2671/3385/3361 2979/3384/3360
f 431/2305/2292 1030/1162/1159 2671/3385/3361
f 2670/3382/3358 431/2305/2292 2671/3385/3361
f 2672/2271/2258 470/893/892 2033/791/791
f 470/893/892 2947/2272/2259 4203/3376/3352
f 767/3279/3255 2673/3101/3081 3380/631/631
f 767/3279/3255 3946/3573/3547 2673/3101/3081
f 2166/208/208 4128/5033/4960 4130/4946/4884
f 31/3176/3156 4128/5033/4960 974/253/253
f 2065/96/96 699/98/98 2675/3993/3964
f 4106/4828/4777 1894/3076/3056 4162/4829/4778
f 3542/1348/1343 2676/2078/2065 708/1349/1344
f 4188/1350/1345 940/3705/3679 90/536/536
f 174/1040/1038 1831/4793/4745 2677/1002/1000
f 2495/1421/1416 2677/1002/1000 4901/4120/4091
f 2295/1420/1415 2678/967/965 1723/2212/2199
f 4402/4399/4363 1723/2212/2199 2678/967/965
f 3990/2807/2788 3803/4019/3990 616/2808/2789
f 14/1954/1944 2019/87/87 3803/4019/3990
f 1483/4542/4504 1521/183/183 2680/170/170
f 440/169/169 4391/5034/4961 2680/170/170
f 4179/4061/4032 2090/684/684 2681/1923/1913
f 2681/1923/1913 2090/684/684 727/686/686
f 3743/2476/2461 2682/2475/2460 1694/3667/3641
f 2682/2475/2460 921/1855/1848 1694/3667/3641
f 2683/3266/3242 2684/4716/4673 1887/764/764
f 1727/3535/3509 2683/3266/3242 869/2994/2975
f 2683/3266/3242 1727/3535/3509 2684/4716/4673
f 2684/4716/4673 1727/3535/3509 4143/4715/4672
f 2685/36/36 3944/3703/3677 938/2235/2222
f 2912/1930/1920 939/1929/1919 2685/36/36
f 4235/2831/2812 2686/2681/2666 2087/1961/1951
f 2686/2681/2666 4089/3410/3386 2087/1961/1951
f 4831/3586/3560 3151/4512/4475 2687/2138/2125
f 1449/2969/2950 2004/180/180 2687/2138/2125
f 1713/4709/4667 2688/5035/4962 4430/1931/1921
f 1839/70/70 2689/69/69 1713/4709/4667
f 3066/56/56 2688/5035/4962 2689/69/69
f 1713/4709/4667 2689/69/69 2688/5035/4962
f 2690/2997/2978 1888/748/748 2442/4018/3989
f 2690/2997/2978 680/3267/3243 1888/748/748
f 1078/1628/1623 153/4553/4515 2691/902/901
f 153/4553/4515 2716/1276/1271 2691/902/901
f 1489/655/655 2692/1721/1716 1852/656/656
f 1852/656/656 2692/1721/1716 1328/4380/4344
f 3889/4133/4104 658/4136/4107 2693/4134/4105
f 658/4136/4107 2464/2726/2709 2694/2931/2912
f 658/4136/4107 2694/2931/2912 2693/4134/4105
f 4291/2932/2913 330/4827/4776 2693/4134/4105
f 2917/364/364 2695/2869/2850 58/365/365
f 58/365/365 2695/2869/2850 2035/3253/3230
f 2696/2408/2395 1297/3508/3482 857/2449/2436
f 4325/2446/2433 2613/1959/1949 2696/2408/2395
f 3036/4098/4069 2150/1304/1299 2697/4940/4879
f 737/1306/1301 2697/4940/4879 2150/1304/1299
f 3207/3371/3347 4209/1684/1679 2698/4740/4696
f 2698/4740/4696 329/3186/3166 1207/1687/1682
f 413/4207/4175 2265/1674/1669 2699/431/431
f 413/4207/4175 2699/431/431 1481/4540/4502
f 2700/4091/4062 1138/864/864 2049/4090/4061
f 1138/864/864 4838/4736/4692 1752/3608/3582
f 2701/4093/4064 900/3606/3580 3433/4094/4065
f 1107/763/763 4917/765/765 2701/4093/4064
f 484/1302/1297 2702/4693/4652 1744/4694/4653
f 1034/913/911 4398/915/913 484/1302/1297
f 4398/915/913 1692/2066/2053 2703/2320/2307
f 2703/2320/2307 1692/2066/2053 3448/3433/3407
f 1716/3678/3652 2704/2259/2246 467/2913/2894
f 2704/2259/2246 2376/1860/1853 3247/218/218
f 2705/738/738 3577/3675/3649 2530/736/736
f 2705/738/738 500/1878/1871 454/1880/1873
f 2706/5036/4963 2854/2595/2580 1815/2594/2579
f 3003/146/146 2706/5036/4963 1815/2594/2579
f 2707/4056/4027 1120/3071/3051 3084/4055/4026
f 4507/349/349 1120/3071/3051 4335/350/350
f 2708/1778/1771 749/1777/1770 871/4784/4736
f 2708/1778/1771 871/4784/4736 1928/3538/3512
f 2709/608/608 945/3168/3148 3429/3716/3690
f 2709/608/608 732/639/639 3884/641/641
f 2130/2302/2289 2309/3950/3923 2710/1012/1010
f 2309/3950/3923 1066/1035/1033 2710/1012/1010
f 2711/1610/1605 1042/1564/1559 3965/3913/3886
f 2711/1610/1605 2402/1612/1607 1042/1564/1559
f 3622/3915/3888 1045/2482/2467 1343/2479/2464
f 3002/2483/2468 1045/2482/2467 3622/3915/3888
f 1745/3934/3907 2904/1119/1117 4560/5037/4964
f 1054/2705/2690 1745/3934/3907 4560/5037/4964
f 2714/2175/2162 2100/4249/4215 445/2174/2161
f 2714/2175/2162 2921/3769/3743 2100/4249/4215
f 2715/1335/1330 1170/760/760 3836/4998/4926
f 1170/760/760 2715/1335/1330 4925/3203/3183
f 2716/1276/1271 1824/900/899 1500/899/898
f 1500/899/898 2691/902/901 2716/1276/1271
f 2112/3355/3331 149/1403/1398 2717/3506/3480
f 4795/1387/1382 149/1403/1398 259/1402/1397
f 1800/2775/2757 2718/2849/2830 1466/546/546
f 1466/546/546 2718/2849/2830 4273/4624/4586
f 1818/2907/2888 4659/5038/4965 644/2908/2889
f 4659/5038/4965 1818/2907/2888 3522/4276/4242
f 1813/3031/3011 2513/3030/3010 2720/4722/4679
f 1813/3031/3011 3475/4359/4324 2918/3034/3014
f 2721/3321/3297 527/1866/1859 159/1865/1858
f 1992/3318/3294 2721/3321/3297 159/1865/1858
f 2722/698/698 3156/742/742 4988/729/729
f 2363/3490/3464 110/2918/2899 2722/698/698
f 4025/5039/4966 2723/4810/1136 1862/4809/4300
f 2723/1138/1136 1300/1140/1138 1862/4335/4300
f 52/1542/1537 2724/289/289 3875/291/291
f 2724/289/289 52/1542/1537 290/1544/1539
f 2725/3487/3461 2672/2271/2258 2033/791/791
f 3671/1221/1216 2033/791/791 128/790/790
f 1108/4909/4849 2070/4035/4006 2726/2052/2039
f 4069/4822/4771 2726/2052/2039 2070/4035/4006
f 2727/1732/1726 2604/1742/1735 2666/1730/1724
f 2727/1732/1726 2666/1730/1724 3479/965/963
f 2178/637/637 248/3563/3537 2728/2075/2062
f 1140/2074/2061 2178/637/637 2728/2075/2062
f 924/3670/3644 4472/1159/1156 2729/3671/3645
f 4095/1074/1072 3343/1073/1071 924/3670/3644
f 2435/3645/3619 4929/4648/4609 1631/3129/3109
f 2435/3645/3619 922/777/777 4929/4648/4609
f 2731/1021/1019 1864/1299/1294 673/2972/2953
f 2731/1021/1019 673/2972/2953 3736/1022/1020
f 2732/1183/1178 603/2755/2737 2053/1181/1176
f 1377/2756/2738 603/2755/2737 4647/4638/4600
f 2066/2535/2520 2733/4371/4336 1379/3549/3523
f 2416/3883/3856 3699/4738/4694 2733/4371/4336
f 766/3277/3253 2643/4227/4195 2734/4284/4250
f 2643/4227/4195 3334/4016/3987 2734/4284/4250
f 722/945/943 1052/3931/3904 2735/917/915
f 2735/917/915 4158/3260/3236 1582/2949/2930
f 2484/1058/1056 2736/1143/1141 4842/1059/1057
f 3345/5012/4940 2736/1143/1141 2484/1058/1056
f 2737/3588/3562 2469/1620/1615 4126/3589/3563
f 3752/4252/4218 175/4804/4756 2469/1620/1615
f 2738/4349/4314 4042/4347/4312 1306/1973/1960
f 958/3249/531 755/3251/3228 4432/441/441
f 2739/865/844 3062/867/866 3756/4382/4346
f 1330/4381/4345 2346/3339/3315 3657/3338/3314
f 2740/638/638 2178/637/637 1140/2074/2061
f 1143/4096/4067 2740/638/638 1140/2074/2061
f 4210/1761/1754 2741/3090/3070 915/3648/3622
f 4615/3088/3068 2741/3090/3070 774/5040/4967
f 2068/1099/1097 2742/1098/1096 4598/4871/4815
f 2742/1098/1096 574/2652/2637 941/2654/2639
f 3107/549/549 2743/3097/3077 246/3094/3074
f 246/3094/3074 2743/3097/3077 4781/1458/1453
f 483/1840/1833 3689/5041/4968 2744/361/361
f 3413/2664/2649 483/1840/1833 2744/361/361
f 2431/2011/1998 713/5006/4934 2745/1867/1860
f 713/5006/4934 372/3114/3094 2745/1867/1860
f 2746/750/750 4422/749/749 2701/4093/4064
f 4022/3609/3583 2701/4093/4064 2360/3610/3584
f 2747/1660/1655 4806/4612/4574 1882/1661/1656
f 1882/1661/1656 278/4824/4773 2747/1660/1655
f 908/1809/1802 2748/4437/4400 536/1810/1803
f 536/1810/1803 2748/4437/4400 2416/3883/3856
f 2749/599/599 888/3577/3551 720/2199/2186
f 4312/600/600 888/3577/3551 2749/599/599
f 1605/3049/3029 2750/4631/4593 2228/4966/4900
f 1625/3010/2990 2820/3900/3873 1605/3049/3029
f 2751/402/402 77/461/461 2752/3414/3390
f 2388/409/409 2751/402/402 566/3223/3202
f 2752/3414/3390 566/3223/3202 2751/402/402
f 566/3223/3202 2752/3414/3390 2205/3415/3391
f 2920/3202/3182 2753/411/411 620/1532/1527
f 2475/1530/1525 620/1532/1527 4923/387/387
f 4601/3413/3389 1033/560/560 1796/4177/4146
f 2752/3414/3390 4601/3413/3389 1796/4177/4146
f 2755/632/632 1938/3845/3818 1451/630/630
f 1938/3845/3818 2755/632/632 1003/3844/3817
f 2756/561/561 403/4436/4399 4498/2017/2004
f 2756/561/561 1378/2015/2002 1525/562/562
f 2757/3523/3497 1356/1686/1681 2/1685/1680
f 2757/3523/3497 3881/2/2 1614/3681/3655
f 2758/2676/2661 580/2675/2660 532/1516/1511
f 2362/1515/1510 4704/2511/2496 532/1516/1511
f 3354/4226/4194 200/4225/4193 2759/1166/1163
f 200/4225/4193 2568/1167/1164 2759/1166/1163
f 2760/3379/3355 800/3455/3429 830/3454/3428
f 800/3455/3429 2760/3379/3355 2560/4658/4617
f 2761/623/623 721/3135/3115 2343/3137/3117
f 2655/1869/1862 721/3135/3115 2761/623/623
f 2762/2701/2686 588/201/201 3496/2562/2547
f 2160/4942/4881 588/201/201 3301/2603/2588
f 4482/2499/2484 632/2498/2483 631/2269/2256
f 4482/2499/2484 631/2269/2256 2725/3487/3461
f 2764/3062/3042 1893/3061/3041 1023/2082/2069
f 828/3449/3423 2764/3062/3042 1023/2082/2069
f 2765/2375/2362 498/2706/2691 896/1261/1256
f 4077/2281/2268 1522/2372/2359 498/2706/2691
f 4254/3674/3648 667/3673/3647 2766/493/493
f 2766/493/493 1681/500/500 4254/3674/3648
f 2767/3315/3291 531/3316/3292 104/3875/3848
f 2767/3315/3291 104/3875/3848 1906/3876/3849
f 2768/14/14 1/13/13 1920/15/15
f 2203/3521/3495 4093/4960/4894 2768/14/14
f 4197/1701/1696 2769/245/245 4542/4627/4589
f 2769/245/245 1442/1708/1703 1602/2922/2903
f 1072/1292/1287 2770/3968/3939 1669/1375/1370
f 487/4269/4235 2770/3968/3939 1072/1292/1287
f 2771/448/448 4519/404/404 2778/403/403
f 2275/504/504 75/4912/4852 2771/448/448
f 1859/1955/1945 2772/195/195 390/1956/1946
f 2026/2667/2652 390/1956/1946 2772/195/195
f 803/2416/2403 4746/5042/4969 2773/2818/2799
f 382/1043/1041 4960/1045/1043 2774/5043/2801
f 2773/2818/2799 2774/5043/2801 1168/4141/2803
f 2773/2818/2799 4746/5042/4969 2774/5043/2801
f 4103/3690/3664 2775/110/110 1112/3587/3561
f 1112/3587/3561 2775/110/110 2375/109/109
f 334/3478/3452 2776/1688/1683 1584/1690/1685
f 334/3478/3452 3963/4482/4445 2776/1688/1683
f 3458/301/301 4978/5044/4970 2777/1981/1968
f 4992/4496/4459 2313/3958/3929 2873/2045/2032
f 2778/403/403 4075/3530/3504 2771/448/448
f 2221/3541/3515 867/3527/3501 3968/2587/2572
f 412/3565/3539 1177/4628/4590 2779/266/266
f 412/3565/3539 2779/266/266 3205/267/267
f 1467/1087/1085 215/2627/2612 2780/2190/2177
f 4436/2626/2611 2780/2190/2177 215/2627/2612
f 214/3821/3794 4567/3819/3792 2781/3822/3795
f 4567/3819/3792 2300/1177/1172 3573/2144/2131
f 2782/3908/3881 1067/5045/4971 3638/2865/2846
f 2782/3908/3881 4645/3907/3880 1067/5045/4971
f 2783/1085/1083 1181/2153/2140 1153/4112/4083
f 1059/1877/1870 1181/2153/2140 2783/1085/1083
f 3573/2144/2131 2784/3789/3762 982/2145/2132
f 1700/3792/3765 982/2145/2132 2784/3789/3762
f 2788/2690/2675 2785/3942/3915 584/2192/2179
f 584/2192/2179 2785/3942/3915 1059/1877/1870
f 76/2870/2851 3091/1237/1232 4879/2871/2852
f 3091/1237/1232 76/2870/2851 855/473/473
f 596/190/190 2787/192/192 1285/4311/4277
f 2787/192/192 2094/1455/1450 1285/4311/4277
f 2788/2690/2675 2053/1181/1176 2485/1137/1135
f 2785/3942/3915 2788/2690/2675 2485/1137/1135
f 631/2269/2256 632/2498/2483 2789/2270/2257
f 4952/2845/2826 632/2498/2483 139/2497/2482
f 852/2928/2909 2790/1227/1222 3074/2929/2910
f 3489/2926/2907 2790/1227/1222 852/2928/2909
f 626/2830/2811 2791/4764/4720 4674/1790/1783
f 2639/4330/4295 4672/4332/4297 2791/4764/4720
f 2792/4792/4744 1994/1428/1423 757/2076/2063
f 2676/2078/2065 4150/1352/1347 757/2076/2063
f 2793/1497/1492 2272/672/672 3655/674/674
f 2793/1497/1492 1431/1656/1651 2272/672/672
f 4187/4315/4281 2801/2260/2247 2794/4314/4280
f 386/1932/1922 1135/4085/4056 2794/4314/4280
f 2795/4500/4463 366/1837/1830 1941/4499/4462
f 4493/4853/4801 3949/2316/2303 483/1840/1833
f 2344/4931/4871 3804/2245/2232 2796/4664/4623
f 2344/4931/4871 2796/4664/4623 2127/802/802
f 2797/1000/998 1233/1023/1021 4535/1025/1023
f 2797/1000/998 1232/1369/1364 1233/1023/1021
f 986/1116/1114 193/1110/1108 4521/2369/2356
f 986/1116/1114 4521/2369/2356 1270/3801/3774
f 2799/250/250 543/1545/1540 2247/2702/2687
f 1259/2703/2688 2799/250/250 2247/2702/2687
f 2800/3174/3154 1530/2363/2350 3640/1939/1929
f 1530/2363/2350 2800/3174/3154 4540/4576/4538
f 2801/2260/2247 386/1932/1922 2794/4314/4280
f 2801/2260/2247 4055/4812/4762 386/1932/1922
f 2802/2600/2585 3788/4009/3980 1719/4010/3981
f 2802/2600/2585 2608/1505/1500 1093/1504/1499
f 2822/4393/4357 2803/2454/2441 519/2583/2568
f 2803/2454/2441 3697/2581/2566 519/2583/2568
f 167/2277/2264 2804/2280/2267 472/2278/2265
f 167/2277/2264 4158/3260/3236 4157/3932/3905
f 1863/3058/3038 1733/3055/3035 2805/4723/4680
f 377/3057/3037 2805/4723/4680 1733/3055/3035
f 2806/1326/1321 185/1343/1338 1710/4906/4848
f 2806/1326/1321 3174/1328/1323 185/1343/1338
f 2829/1836/1829 3294/2337/2324 2807/1844/1837
f 367/1531/1526 2807/1844/1837 4068/1529/1524
f 650/1988/1975 2379/1987/1974 2808/2220/2207
f 650/1988/1975 2808/2220/2207 3148/1745/1738
f 3999/4826/4775 1601/150/150 2809/2610/2595
f 1886/2565/2550 2809/2610/2595 547/2609/2594
f 2810/1886/1879 140/1888/1881 3368/2541/2526
f 3493/4665/4624 1712/4028/3999 1660/3973/3944
f 1880/1307/1302 2811/4105/4076 4252/4746/4702
f 227/1094/1092 2811/4105/4076 1880/1307/1302
f 2812/3409/3385 581/2366/2353 4089/3410/3386
f 2812/3409/3385 4083/3408/3384 581/2366/2353
f 2813/179/179 1459/189/189 1742/4728/4685
f 1942/178/178 1459/189/189 2813/179/179
f 1433/745/745 2814/3292/3268 2201/746/746
f 2814/3292/3268 1433/745/745 4669/4060/4031
f 2815/197/197 4276/212/212 951/3728/3702
f 2969/2139/2126 2815/197/197 951/3728/3702
f 2195/1518/1513 2816/1520/1515 4529/5046/4972
f 3438/234/234 4531/4805/4757 3082/235/235
f 2817/1217/1212 718/3123/3103 904/3617/3591
f 1044/1216/1211 2817/1217/1212 3492/3580/3554
f 580/2675/2660 2818/2037/2024 532/1516/1511
f 2818/2037/2024 580/2675/2660 4194/1519/1514
f 3892/1720/1715 2228/4966/4900 2819/4379/4343
f 2228/4966/4900 2750/4631/4593 3482/3005/2985
f 2820/3900/3873 2750/4631/4593 1605/3049/3029
f 2820/3900/3873 1032/3006/2986 2750/4631/4593
f 2821/2031/2018 1946/2406/2393 1762/2207/2194
f 442/759/759 2821/2031/2018 1762/2207/2194
f 2822/4393/4357 519/2583/2568 3827/2458/2444
f 3996/447/447 1338/505/505 2771/448/448
f 141/853/853 2823/852/852 263/861/861
f 2476/3984/3955 263/861/861 2823/852/852
f 178/3148/3128 3110/3147/3127 2824/4782/4734
f 1934/1031/1029 178/3148/3128 2824/4782/4734
f 4779/3011/2991 337/3482/3456 2825/1718/1713
f 2825/1718/1713 337/3482/3456 2519/4256/4222
f 4414/3906/3879 2826/3520/3494 285/2577/2562
f 285/2577/2562 3528/3397/3373 2515/3399/3375
f 2590/480/480 2827/508/508 1336/537/537
f 1336/537/537 2827/508/508 4622/4391/4355
f 3/3330/3306 2316/2230/2217 2828/1573/1568
f 2828/1573/1568 3129/2968/2949 3/3330/3306
f 367/1531/1526 2829/1836/1829 2807/1844/1837
f 367/1531/1526 2475/1530/1525 2829/1836/1829
f 554/1963/1953 1447/3070/3050 2830/1964/1954
f 1447/3070/3050 3656/4508/4471 2830/1964/1954
f 1115/4044/4015 2831/1242/1237 3027/476/476
f 1115/4044/4015 310/1621/1616 2831/1242/1237
f 2832/4485/4448 674/3158/3138 2410/4116/4087
f 3535/3160/3140 2832/4485/4448 163/1308/1303
f 1220/4231/4199 91/559/559 2833/4541/4503
f 91/559/559 3810/2827/2808 4846/2826/2807
f 1273/2635/2620 2834/4302/4268 197/4301/4267
f 1273/2635/2620 568/2634/2619 4694/2637/2622
f 1999/554/554 2835/3060/3040 1637/555/555
f 2835/3060/3040 4052/3647/3621 1637/555/555
f 219/596/596 2836/1220/1215 4125/1219/1214
f 4911/4396/4360 219/596/596 1345/4397/4361
f 385/1928/1918 4712/44/44 2837/2459/2445
f 1654/4/4 385/1928/1918 2837/2459/2445
f 2838/1222/1217 846/5047/4973 3671/1221/1216
f 2838/1222/1217 4911/4396/4360 4474/4398/4362
f 2839/584/584 3809/586/586 4410/2861/2842
f 93/545/545 319/544/544 2839/584/584
f 2308/246/246 2840/4985/4915 3459/4956/4890
f 2840/4985/4915 3377/1705/1700 333/4986/4916
f 3764/3895/3868 756/2940/2921 2841/345/345
f 2841/345/345 756/2940/2921 2035/3253/3230
f 2842/1295/1290 1778/2621/2606 235/4754/4710
f 1778/2621/2606 2842/1295/1290 4425/2619/2604
f 2236/64/64 4409/4523/4486 8/62/62
f 2236/64/64 1461/3077/3057 4409/4523/4486
f 1562/199/199 2844/176/176 1063/200/200
f 545/2557/2542 1063/200/200 2844/176/176
f 1135/4085/4056 548/1934/1924 2845/154/154
f 1532/135/135 1135/4085/4056 4013/1938/1928
f 358/1149/1147 2846/1151/1149 2273/4194/4162
f 2846/1151/1149 1749/4186/4154 2273/4194/4162
f 3454/4031/4002 3564/2013/2000 2847/3112/3092
f 4503/3113/3093 2847/3112/3092 712/3111/3091
f 2848/2348/2335 3014/2347/2334 1598/3744/3718
f 2848/2348/2335 1598/3744/3718 782/4926/4866
f 2849/4598/4560 1498/112/112 3835/2359/2346
f 4082/3634/3608 1203/3633/3607 1498/112/112
f 2901/4305/4271 2850/4012/3983 1094/5048/4974
f 1939/4851/4799 3714/4852/4800 2850/4012/3983
f 1539/911/909 2517/4581/4543 2851/1645/1640
f 2851/1645/1640 160/1340/1335 1539/911/909
f 2196/3753/3727 963/3750/3724 2852/3751/3725
f 963/3750/3724 4687/3344/3320 4111/1638/1633
f 2853/2089/2076 2296/4005/3976 692/2494/2479
f 692/2494/2479 2325/2088/2075 2853/2089/2076
f 1060/3943/3916 3502/3898/3871 2854/2595/2580
f 4884/145/145 1060/3943/3916 2854/2595/2580
f 416/2349/2336 2855/3025/3005 4193/3026/3006
f 4200/2752/2734 416/2349/2336 1923/2055/2042
f 48/3089/3069 2856/305/305 3406/1755/1748
f 2093/4632/4594 2856/305/305 48/3089/3069
f 2082/9/9 3665/4914/4854 1185/10/10
f 1709/27/27 3665/4914/4854 2082/9/9
f 2858/4046/4017 3027/476/476 1186/475/475
f 254/396/396 2858/4046/4017 3109/1384/1379
f 1221/4233/4201 1779/3526/3500 2859/3333/3309
f 978/4739/4695 4796/3780/3754 3580/2378/2365
f 1563/3503/3477 485/3504/3478 2860/3151/3131
f 2860/3151/3131 2539/3150/3130 1563/3503/3477
f 2861/4328/4293 1720/2783/2765 308/4329/4294
f 2861/4328/4293 308/4329/4294 267/1441/1436
f 927/237/237 2862/239/239 934/1937/1927
f 934/1937/1927 2862/239/239 3740/3693/3667
f 53/3511/3485 2863/3723/3697 2865/1434/1429
f 3805/1454/1449 53/3511/3485 858/3510/3484
f 1065/1597/1592 2864/2889/2870 4384/2909/2890
f 1065/1597/1592 1237/1596/1591 2864/2889/2870
f 2865/1434/1429 2659/1433/1428 947/1224/1219
f 53/3511/3485 2865/1434/1429 4959/1453/1448
f 561/279/279 2866/3264/3240 2028/4895/4837
f 4367/278/278 2866/3264/3240 561/279/279
f 4358/2352/2339 1895/434/434 2867/4831/4780
f 3168/4290/4256 1895/434/434 4177/436/436
f 2868/4114/4085 1391/3411/3387 1429/3412/3388
f 4367/278/278 1429/3412/3388 2866/3264/3240
f 289/4322/4288 2869/618/618 2443/3196/3176
f 3242/604/604 2869/618/618 4220/605/605
f 3052/4572/4534 2870/2848/2829 633/1925/1915
f 633/1925/1915 2870/2848/2829 3375/2850/2831
f 2871/740/740 3094/2888/2869 3677/741/741
f 1065/1597/1592 644/2908/2889 2871/740/740
f 3403/230/230 1246/229/229 2872/3093/3073
f 2872/3093/3073 1246/229/229 4441/4270/4236
f 2468/292/292 2777/1981/1968 2873/2045/2032
f 4992/4496/4459 2873/2045/2032 2777/1981/1968
f 576/334/334 2874/333/333 1263/3491/3465
f 2595/328/328 2874/333/333 576/334/334
f 1755/878/877 978/4739/4695 2875/2377/2364
f 2875/2377/2364 4613/2539/2524 1755/878/877
f 2876/3434/3408 819/848/848 4347/4434/4397
f 4735/2631/2616 1375/4433/4396 4764/3393/3369
f 2877/3741/3715 2475/1530/1525 4923/387/387
f 2475/1530/1525 2877/3741/3715 363/1847/1840
f 1998/1838/1831 2878/3276/3252 957/386/386
f 366/1837/1830 2878/3276/3252 1998/1838/1831
f 2879/4295/4261 4770/2599/2584 2550/2601/2586
f 4568/5018/4946 3778/5017/4945 3453/209/209
f 1272/972/970 3695/3182/3162 2880/970/968
f 4258/1507/1502 2898/1509/1504 280/3181/3161
f 4162/4829/4778 1894/3076/3056 2881/4265/4231
f 1894/3076/3056 1098/63/63 2881/4265/4231
f 1917/3128/3108 761/3534/3508 2882/726/726
f 4768/3533/3507 761/3534/3508 2055/700/700
f 690/3042/3022 691/3040/3020 2883/3033/3013
f 2918/3034/3014 2883/3033/3013 3503/1947/1937
f 1795/4769/4724 4976/4770/4725 3627/837/837
f 2889/3039/3019 1795/4769/4724 4452/3740/3714
f 2426/3017/2997 396/3014/2994 2885/3443/3417
f 4109/391/391 4112/393/393 396/3014/2994
f 2886/2319/2306 2047/2630/2615 241/1463/1458
f 4931/4936/4876 2886/2319/2306 241/1463/1458
f 2375/109/109 2887/2598/2583 557/2592/2577
f 2887/2598/2583 1815/2594/2579 557/2592/2577
f 3117/3048/3028 2888/2294/2281 3236/3481/3455
f 843/4257/4223 3777/4438/4401 1380/3483/3457
f 2884/1779/1772 1795/4769/4724 2889/3039/3019
f 351/1780/1773 2884/1779/1772 2889/3039/3019
f 903/3167/3147 2709/608/608 2890/607/607
f 2578/3616/3590 903/3167/3147 2890/607/607
f 1801/4776/4728 3720/4775/4727 3670/4174/4143
f 1188/2034/2021 1801/4776/4728 3670/4174/4143
f 1033/560/560 2892/3901/3874 1796/4177/4146
f 2892/3901/3874 1033/560/560 4893/703/703
f 2893/572/572 517/548/548 3896/573/573
f 3585/4537/4499 1466/546/546 517/548/548
f 2536/462/462 2944/5049/4975 2894/2290/2277
f 2944/5049/4975 2751/402/402 4760/5023/4950
f 645/2891/2872 889/2893/2874 2895/1214/1209
f 2129/2331/2318 645/2891/2872 4113/2332/2319
f 2359/4999/4927 2896/3134/3114 1081/3988/3959
f 2359/4999/4927 102/3132/3112 2896/3134/3114
f 2310/2528/2513 2897/4987/4917 61/2529/2514
f 1615/2525/2510 61/2529/2514 2897/4987/4917
f 2898/1509/1504 2880/970/968 280/3181/3161
f 2898/1509/1504 173/2415/2402 2880/970/968
f 2899/4080/4051 1615/2525/2510 2897/4987/4917
f 1128/314/314 2899/4080/4051 2897/4987/4917
f 2900/1207/1202 993/1206/1201 4732/3772/3746
f 2056/2855/2836 2900/1207/1202 636/3363/3339
f 2901/4305/4271 1094/5048/4974 735/1394/1389
f 4003/1635/1630 2901/4305/4271 735/1394/1389
f 2902/1595/1590 3980/1594/1589 4060/1279/1274
f 2902/1595/1590 4060/1279/1274 304/1014/1012
f 640/1600/1595 2903/2872/2853 1737/3731/3705
f 76/2870/2851 2903/2872/2853 640/1600/1595
f 4560/5037/4964 2904/1119/1117 194/5050/4976
f 2982/1471/1466 1540/2517/2502 194/5050/4976
f 2336/2782/2764 2905/3323/3299 2274/3836/3809
f 270/1457/1452 2274/3836/3809 3592/4102/4073
f 539/862/862 2906/3231/3210 1769/2764/2746
f 2091/3234/3213 2906/3231/3210 539/862/862
f 653/2042/2029 4294/4730/4686 2907/4082/4053
f 2907/4082/4053 3817/275/275 3113/4081/4052
f 2908/4718/4675 165/1821/1814 1730/937/935
f 3515/1266/1261 3513/4719/4676 1730/937/935
f 2909/105/105 534/3755/3729 19/122/122
f 2909/105/105 19/122/122 1821/152/152
f 2910/4680/4639 1676/2730/2713 656/1499/1494
f 917/2728/2711 1676/2730/2713 2910/4680/4639
f 2911/951/949 2112/3355/3331 3758/949/947
f 2112/3355/3331 2911/951/949 149/1403/1398
f 381/35/35 2912/1930/1920 2685/36/36
f 4360/2810/2791 2912/1930/1920 381/35/35
f 1340/1856/1849 2913/2147/2134 1964/4394/4358
f 2509/2183/2170 2913/2147/2134 1340/1856/1849
f 704/3080/3060 2914/84/84 3260/4521/4484
f 911/80/80 562/79/79 2914/84/84
f 2915/2857/2838 2021/2150/2137 217/1201/1196
f 3891/1210/1205 217/1201/1196 591/3765/3739
f 4282/2411/2398 1200/2410/2397 2916/308/308
f 3356/2413/2400 4921/4197/4165 3106/4196/4164
f 2917/364/364 1171/2868/2849 2695/2869/2850
f 2917/364/364 2782/3908/3881 3638/2865/2846
f 2918/3034/3014 1414/1946/1936 1947/2489/2474
f 2918/3034/3014 3503/1947/1937 1414/1946/1936
f 2919/906/905 2257/905/904 2321/2160/2147
f 2321/2160/2147 926/3676/3650 2919/906/905
f 620/1532/1527 3765/3200/3180 2920/3202/3182
f 2920/3202/3182 743/3831/3804 1987/412/412
f 279/1501/1496 222/1503/1498 2921/3769/3743
f 2100/4249/4215 2921/3769/3743 222/1503/1498
f 4971/4919/4859 1632/2754/2736 2922/357/357
f 1632/2754/2736 602/4650/4611 2922/357/357
f 2923/3956/3927 4978/5044/4970 3219/3957/3928
f 4992/4496/4459 2777/1981/1968 4978/5044/4970
f 1583/704/704 4822/3888/3861 2924/2778/2760
f 113/702/702 1583/704/704 2924/2778/2760
f 2925/3824/3797 1836/2142/2129 4934/3770/3744
f 2925/3824/3797 214/3821/3794 1836/2142/2129
f 2213/4817/4082 2926/3995/3966 1085/4816/4766
f 2926/3995/3966 812/2939/2920 4608/2938/2919
f 2927/830/830 1027/769/769 2644/3890/3863
f 1027/769/769 2927/830/830 317/770/770
f 1169/2793/2775 2928/2736/2719 4607/2735/2718
f 2977/1734/1727 1169/2794/2775 769/1735/1728
f 3646/2553/2538 2929/1547/1542 1827/1553/1548
f 290/1544/1539 1827/1553/1548 2929/1547/1542
f 2930/4164/4133 1181/2153/2140 748/3218/3198
f 3436/2151/2138 748/3218/3198 231/3217/3197
f 4556/4925/4865 479/897/896 2931/3056/3036
f 2199/4617/4579 2931/3056/3036 479/897/896
f 2932/4823/4772 514/2433/2420 1881/2434/2421
f 1662/4669/4628 2932/4823/4772 1881/2434/2421
f 2678/967/965 2933/969/967 818/3426/3399
f 818/3426/3399 2933/969/967 2238/3432/3406
f 600/2484/2469 2934/2486/2471 4997/2485/2470
f 4155/186/186 2345/2526/2511 2934/2486/2471
f 2148/743/743 4057/3933/3906 2935/3767/3741
f 2148/743/743 2935/3767/3741 3708/3766/3740
f 3287/3300/3276 4854/1039/1037 2936/2784/2766
f 1853/1061/1059 2936/2784/2766 611/4557/4519
f 1053/2006/1993 2937/697/697 410/696/696
f 2148/743/743 2937/697/697 4057/3933/3906
f 2938/4766/1190 1351/4408/4371 1791/1197/1192
f 1351/4408/4371 2938/4766/1190 4123/4407/4139
f 4119/148/148 2939/3075/3055 2235/1669/1664
f 2235/1669/1664 2939/3075/3055 3328/4888/4831
f 1303/3919/3892 2940/1884/1877 2220/4340/4305
f 2658/38/38 2940/1884/1877 1303/3919/3892
f 3917/5051/4977 2941/1083/1081 181/1082/1080
f 4401/4218/4186 3029/4219/4187 1213/1133/1131
f 2942/3930/3903 60/369/369 1051/3929/3902
f 60/369/369 2942/3930/3903 4705/367/367
f 2943/1293/1288 3323/470/470 1245/469/469
f 249/1658/1653 2943/1293/1288 1245/469/469
f 77/461/461 2944/5049/4975 2536/462/462
f 77/461/461 2751/402/402 2944/5049/4975
f 2945/337/337 2212/3493/3467 415/346/346
f 1814/338/338 2945/337/337 415/346/346
f 1506/4821/4770 348/809/809 2946/811/811
f 779/1863/1856 1506/4821/4770 2946/811/811
f 2672/2271/2258 2947/2272/2259 470/893/892
f 2672/2271/2258 528/918/916 2947/2272/2259
f 2948/1554/1549 2196/3753/3727 1331/1540/1535
f 2473/1555/1550 2948/1554/1549 1331/1540/1535
f 4017/1975/1962 2949/1979/1966 1194/1976/1963
f 1194/1976/1963 3065/4189/4157 1195/4188/4156
f 575/1170/1166 2950/1027/1025 204/1026/1024
f 3644/2162/2149 171/2164/2151 2950/1027/1025
f 523/3665/3639 2951/1857/1850 448/2719/2702
f 2951/1857/1850 2480/1209/1204 448/2719/2702
f 147/873/872 4277/888/887 2952/3470/3444
f 147/873/872 4538/3471/3445 1317/1248/1243
f 4206/1574/1569 2953/3417/3393 1440/1572/1567
f 1440/1572/1567 2953/3417/3393 814/2435/2422
f 4919/4903/4845 2954/4247/4213 323/610/610
f 3855/1663/1658 4400/4673/4632 3661/2251/2238
f 2955/2777/2759 609/2779/2761 1664/645/645
f 2955/2777/2759 1664/645/645 1191/4179/4148
f 2956/4037/4008 3196/2612/2597 1109/2545/2530
f 1109/2545/2530 3967/2544/2529 4385/4861/4807
f 32/4556/4518 2957/2611/2596 1504/4038/4009
f 2957/2611/2596 4385/4861/4807 1504/4038/4009
f 2958/1125/1123 613/5052/4978 1422/1123/1121
f 2958/1125/1123 2068/1099/1097 613/5052/4978
f 2562/2688/2673 2959/318/318 1035/2022/2009
f 1035/2022/2009 2959/318/318 3490/317/317
f 2960/3342/3318 2117/3340/3316 2366/3341/3317
f 351/1780/1773 2960/3342/3318 3467/1781/1774
f 2961/4808/4760 1860/1805/1798 2046/3952/2120
f 2961/4808/4760 2046/3952/2120 2723/4810/1136
f 249/1658/1653 2962/1363/1358 4740/1362/1357
f 249/1658/1653 1245/469/469 4175/1365/1360
f 2893/572/572 2963/574/574 391/2445/2432
f 391/2445/2432 2963/574/574 2966/5026/4953
f 3538/4955/2119 2185/4922/4862 2964/4953/4889
f 2964/4953/4889 2185/4922/4862 2463/1881/1874
f 2965/4954/2117 434/2129/2116 2282/4979/4110
f 2964/4953/4889 434/2129/2116 2965/4954/2117
f 2613/1959/1949 2966/5026/4953 4058/1960/1950
f 391/2445/2432 2966/5026/4953 2613/1959/1949
f 3488/4959/4893 4784/2461/2447 3719/5027/4954
f 4784/2461/2447 3488/4959/4893 2203/3521/3495
f 474/2288/2275 2968/2622/2607 2609/2289/2276
f 4053/4389/4353 2012/3692/3666 2968/2622/2607
f 672/198/198 2815/197/197 2969/2139/2126
f 2004/180/180 672/198/198 2969/2139/2126
f 307/1615/1610 1544/1614/1609 2970/1616/1611
f 4954/4941/4880 2970/1616/1611 1544/1614/1609
f 2950/1027/1025 575/1170/1166 4789/5053/4979
f 575/1170/1166 2181/5054/2641 4789/5053/4979
f 2565/4653/2453 2972/4022/3993 1640/1192/1187
f 2972/4022/3993 4888/1190/1185 1640/1192/1187
f 2973/4154/4123 1177/4628/4590 412/3565/3539
f 2313/3958/3929 4766/4629/4591 3837/3567/3541
f 2841/345/345 2974/2364/2351 497/3894/3867
f 1028/3893/3866 497/3894/3867 2974/2364/2351
f 983/3791/3764 2975/2307/2294 3391/4602/4564
f 983/3791/3764 3477/3793/3766 2975/2307/2294
f 2976/295/295 774/5040/4967 2358/1760/1753
f 774/5040/4967 2976/295/295 4615/3088/3068
f 2977/1734/1727 196/4143/4112 2928/5055/2719
f 2928/5055/2719 1169/2794/2775 2977/1734/1727
f 326/1552/1547 2978/4623/4585 1595/2046/2033
f 4688/1672/1667 3870/1675/1670 1595/2046/2033
f 802/920/918 2670/3382/3358 2979/3384/3360
f 2947/2272/2259 802/920/918 4203/3376/3352
f 3128/4286/4252 1514/1826/1819 2980/4287/4253
f 2980/4287/4253 1514/1826/1819 4364/339/339
f 210/2193/2180 2981/3986/3957 451/3748/3722
f 4888/1190/1185 2972/4022/3993 2981/3986/3957
f 2904/1119/1117 2982/1471/1466 194/5050/4976
f 2904/1119/1117 1538/1118/1116 2982/1471/1466
f 2983/995/993 4394/997/995 527/1866/1859
f 1206/3319/3295 2983/995/993 527/1866/1859
f 2982/1471/1466 2984/4582/4544 4356/1327/1322
f 4356/1327/1322 4849/1090/1088 3174/1328/1323
f 1720/2783/2765 4936/2785/2767 2985/4250/4216
f 1720/2783/2765 2985/4250/4216 308/4329/4294
f 2986/4356/4321 2358/1760/1753 515/4354/4319
f 4243/296/296 2976/295/295 2358/1760/1753
f 1427/2368/2355 3780/2367/2354 2987/4325/4291
f 1427/2368/2355 2987/4325/4291 4522/4497/4460
f 727/686/686 2988/685/685 4183/4545/4507
f 3269/2292/2279 475/4439/4402 2988/685/685
f 2597/459/459 4691/4510/4473 2989/4509/4472
f 981/3788/3761 2597/459/459 2989/4509/4472
f 1944/2455/2442 2990/1965/1955 948/2453/2440
f 3447/3724/3698 4691/4510/4473 2597/459/459
f 1217/2904/2885 2991/1851/1844 2500/325/325
f 240/1849/1842 2991/1851/1844 1217/2904/2885
f 2992/4446/4409 3510/1446/1441 2080/1445/1440
f 637/4913/4853 2992/4446/4409 2080/1445/1440
f 2993/977/975 1039/2768/2750 154/1378/1373
f 2294/998/996 1039/2768/2750 2993/977/975
f 2594/3170/3150 3104/1608/1603 2994/714/714
f 3564/2013/2000 2994/714/714 1041/3109/3089
f 2829/1836/1829 2995/1835/1828 489/2336/2323
f 2542/5015/4943 489/2336/2323 2995/1835/1828
f 899/3561/3535 2996/3562/3536 881/2397/2384
f 4094/3564/3538 3153/1359/1354 2996/3562/3536
f 2997/4135/4106 1442/1708/1703 1891/1707/1702
f 1891/1707/1702 1248/311/311 4229/353/353
f 1473/2815/2796 3302/3800/3773 2998/3832/3805
f 2998/3832/3805 286/3201/3181 1473/2815/2796
f 4798/3970/3941 4196/4667/4626 1772/3972/3943
f 4798/3970/3941 1772/3972/3943 2246/3971/3942
f 4843/5056/4980 3000/845/845 3856/5057/4981
f 4602/3138/3118 4843/5056/4980 3238/4451/4414
f 1031/2566/2551 3001/2563/2548 30/181/181
f 1031/2566/2551 4413/2564/2549 3001/2563/2548
f 1409/3144/3124 3002/2483/2468 1643/4478/4441
f 3002/2483/2468 2712/4479/4442 1643/4478/4441
f 4192/3804/3777 560/144/144 3003/146/146
f 4192/3804/3777 3003/146/146 2887/2598/2583
f 2293/1549/1544 1105/879/878 3004/3668/3642
f 3004/3668/3642 1105/879/878 2584/817/817
f 3007/4646/4607 3005/4645/4606 3978/4561/4523
f 3005/4645/4606 2510/2254/2241 3243/3909/3882
f 340/3289/3265 1877/1731/1725 3006/964/962
f 3237/3290/3266 340/3289/3265 3006/964/962
f 3005/4645/4606 3007/4646/4607 2510/2254/2241
f 2510/2254/2241 3007/4646/4607 943/2255/2242
f 1718/4712/2105 3008/1050/1048 4074/4711/4669
f 4406/2115/2102 1718/2118/2105 430/1136/1134
f 257/2606/2591 3009/643/643 4728/4753/4709
f 108/642/642 4728/4753/4709 3009/643/643
f 3693/4672/4631 3010/4281/4247 1252/3713/3687
f 4666/3714/3688 1252/3713/3687 3010/4281/4247
f 439/3220/3200 3011/2154/2141 907/3221/2106
f 3011/2154/2141 4071/2117/2104 907/2119/2106
f 3012/4534/4497 2213/4111/4082 378/1893/1886
f 3012/4534/4497 378/1893/1886 3931/2365/2352
f 3857/1048/1046 3013/1047/1045 1270/3801/3774
f 3013/1047/1045 4548/4118/4089 1270/3801/3774
f 3014/2347/2334 960/3554/3528 1598/3744/3718
f 3362/3003/2983 1746/3555/3529 960/3554/3528
f 3015/1370/1365 2861/4328/4293 1384/4445/4408
f 2667/963/961 3015/1370/1365 1384/4445/4408
f 673/2972/2953 499/3332/3308 3016/2973/2954
f 499/3332/3308 3547/3525/3499 3016/2973/2954
f 4949/1267/1262 3017/1269/1264 232/801/801
f 2402/1612/1607 232/801/801 4284/4487/4450
f 3018/94/94 9/4883/4826 3392/95/95
f 9/4883/4826 3018/94/94 327/1677/1672
f 3019/986/984 2610/4119/4090 1158/3165/3145
f 1158/3165/3145 255/988/986 3019/986/984
f 2180/3881/3854 3020/4807/4759 4468/3882/3855
f 1022/3878/3851 4025/5039/4966 1862/4809/4300
f 596/190/190 1285/4311/4277 3021/2722/2705
f 331/2731/2714 596/190/190 3021/2722/2705
f 1656/3184/3164 3022/3462/3436 832/3183/3163
f 3022/3462/3436 1656/3184/3164 3523/3185/3165
f 1969/126/126 3023/4213/4181 34/185/185
f 3878/2101/2088 4088/2746/2728 34/185/185
f 3024/4402/4366 4898/4401/4365 3747/479/479
f 2338/1385/1380 1350/1401/1396 4298/4404/4368
f 458/1582/1577 3025/4054/4025 3028/2222/2209
f 458/1582/1577 4096/3991/3962 3025/4054/4025
f 300/589/589 1083/4053/4024 3026/4455/4418
f 300/589/589 3026/4455/4418 2084/502/502
f 2831/1242/1237 2628/3349/3325 3027/476/476
f 2628/3349/3325 4580/3351/3327 3027/476/476
f 3028/2222/2209 1083/4053/4024 300/589/589
f 3028/2222/2209 3025/4054/4025 1083/4053/4024
f 3029/4219/4187 2941/1083/1081 3917/5051/4977
f 3029/4219/4187 1214/4088/4059 2941/1083/1081
f 3456/4282/4248 4783/3760/3734 3030/2518/2503
f 968/2361/2348 4207/2519/2504 3030/2518/2503
f 2587/3287/3263 1604/3286/3262 3031/2044/2031
f 3031/2044/2031 1604/3286/3262 2105/225/225
f 3032/1514/1509 1322/2666/2651 2224/1513/1508
f 1322/2666/2651 3032/1514/1509 4928/5000/4928
f 1767/3467/3441 3962/4747/4703 3033/2582/2567
f 3033/2582/2567 834/2585/2570 1767/3467/3441
f 2130/2302/2289 3034/2301/2288 668/3087/3067
f 668/3087/3067 3034/2301/2288 360/2957/2938
f 3035/1933/1923 39/3602/3576 897/228/228
f 4055/4812/4762 3035/1933/1923 386/1932/1922
f 3036/4098/4069 2534/4097/4068 180/1020/1018
f 180/1020/1018 2150/1304/1299 3036/4098/4069
f 1837/2875/2856 3037/379/379 1210/381/381
f 3037/379/379 1837/2875/2856 1108/4909/4849
f 4508/4563/4525 1988/1374/1369 3038/1525/1520
f 1629/4447/4410 4508/4563/4525 4926/4591/4553
f 3039/1695/1690 544/3945/3918 1644/1696/1691
f 3039/1695/1690 808/3402/3378 544/3945/3918
f 158/914/912 3040/887/886 2390/2065/2052
f 158/914/912 2155/885/884 3040/887/886
f 3041/2084/2071 711/59/59 1160/3211/3191
f 1160/3211/3191 3305/3210/3190 3043/124/124
f 3042/3207/3187 353/1774/1767 3177/1789/1782
f 1786/521/521 353/1774/1767 3042/3207/3187
f 3041/2084/2071 1160/3211/3191 3043/124/124
f 4380/2085/2072 3041/2084/2071 3043/124/124
f 2233/2530/2515 2066/2535/2520 3044/2531/2516
f 2066/2535/2520 2183/4905/4847 3044/2531/2516
f 744/1338/1333 4925/3203/3183 3045/3205/3185
f 3045/3205/3185 3177/1789/1782 744/1338/1333
f 3046/2670/2655 893/3593/3567 1269/1957/1947
f 390/1956/1946 3046/2670/2655 1269/1957/1947
f 708/1349/1344 2676/2078/2065 3047/2077/2064
f 4101/3095/3075 1832/3322/3298 708/1349/1344
f 491/435/435 3048/3848/3821 4177/436/436
f 3050/2343/2330 491/435/435 731/2284/2271
f 1116/2569/2554 3049/2742/2725 2455/2570/2555
f 1116/2569/2554 2025/4047/4018 3049/2742/2725
f 3048/3848/3821 491/435/435 3050/2343/2330
f 3048/3848/3821 3050/2343/2330 2298/2019/2006
f 2034/4375/4339 3051/4377/4341 1326/3242/3221
f 2034/4375/4339 817/3428/3402 3051/4377/4341
f 3052/4572/4534 4830/1924/1914 4183/4545/4507
f 633/1925/1915 4830/1924/1914 3052/4572/4534
f 461/2232/2219 3053/2614/2599 2240/2616/2601
f 1383/2613/2598 3053/2614/2599 4226/4518/4481
f 4671/3395/3371 120/4238/3313 3054/4988/679
f 120/3337/3313 2346/3339/3315 3054/679/679
f 3055/863/863 1137/2765/2747 4349/4901/4843
f 539/862/862 1137/2765/2747 3055/863/863
f 1049/1752/1745 3056/663/663 4434/665/665
f 1049/1752/1745 825/3926/3899 3056/663/663
f 182/1078/1076 4416/976/974 316/975/973
f 316/975/973 4416/976/974 946/973/971
f 2114/4928/4868 3058/5058/4982 937/2841/2822
f 3058/5058/4982 3156/742/742 4099/3700/3674
f 608/3362/3338 794/3360/3336 3059/2847/2828
f 4179/4061/4032 2681/1923/1913 3059/2847/2828
f 4563/719/719 1828/1339/1334 3060/670/670
f 1828/1339/1334 1311/3537/3511 3060/670/670
f 3061/5059/4983 3654/2632/2617 4665/5060/4984
f 4665/5060/4984 3516/1464/1459 3061/5059/4983
f 3062/867/866 1346/866/865 4389/5061/4985
f 3062/867/866 4389/5061/4985 2118/3720/3694
f 3063/3628/3602 909/4520/4483 865/57/57
f 1356/1686/1681 3063/3628/3602 865/57/57
f 3064/1472/1467 1327/1088/1086 4849/1090/1088
f 4750/4378/4342 1897/1799/1792 1327/1088/1086
f 4903/4980/4910 2284/4190/4158 3065/4189/4157
f 3065/4189/4157 1194/1976/1963 4903/4980/4910
f 3066/56/56 824/4720/4677 2688/5035/4962
f 3066/56/56 2395/2072/2059 824/4720/4677
f 3067/3296/3272 2556/4668/4627 1301/5062/4986
f 3398/3295/3271 2556/4668/4627 3067/3296/3272
f 3138/1598/1593 3068/3496/3470 1237/1596/1591
f 302/1280/1275 1237/1596/1591 3068/3496/3470
f 3378/5005/4933 3381/5063/4987 3069/4245/4211
f 3069/4245/4211 3381/5063/4987 2640/5030/4957
f 1113/5064/4988 3070/3047/3027 1074/1771/1764
f 1075/3978/3949 3072/3977/3948 1113/5064/4988
f 3728/2223/2210 3071/2944/2925 663/424/424
f 2454/2025/2012 663/424/424 4896/3694/3668
f 1077/3975/3946 3070/3047/3027 3072/3977/3948
f 1113/5064/4988 3072/3977/3948 3070/3047/3027
f 663/424/424 3071/2944/2925 3073/3695/3669
f 3071/2944/2925 4635/3696/3670 3073/3695/3669
f 3074/2929/2910 2044/1229/1224 221/2981/2962
f 2790/1227/1222 2044/1229/1224 3074/2929/2910
f 1911/1179/1174 3075/4220/4188 3029/4219/4187
f 1908/1178/1173 4955/4837/4785 1911/1179/1174
f 1561/4603/4565 3076/2231/2218 10/73/73
f 3076/2231/2218 1253/74/74 10/73/73
f 26/2567/2552 1740/2521/2506 3077/1980/1967
f 2425/155/155 3077/1980/1967 1740/2521/2506
f 4493/4853/4801 1430/4590/4552 3078/2317/2304
f 3078/2317/2304 1430/4590/4552 1547/1830/1823
f 1677/2896/2877 646/2895/2876 3079/206/206
f 646/2895/2876 614/4969/4902 3079/206/206
f 1198/4193/4161 3080/1100/1098 2634/1102/1100
f 186/1038/1036 3080/1100/1098 1198/4193/4161
f 197/4301/4267 2834/4302/4268 3081/1623/1618
f 3081/1623/1618 2404/1625/1620 4472/1159/1156
f 1269/1957/1947 893/3593/3567 3082/235/235
f 3082/235/235 893/3593/3567 1426/236/236
f 3083/1803/1796 184/3551/3525 1753/3550/3524
f 3083/1803/1796 1753/3550/3524 2340/4195/4163
f 4715/4803/4755 3084/4055/4026 1447/3070/3050
f 2707/4056/4027 3084/4055/4026 1851/4057/4028
f 3085/1381/1376 806/2578/2563 1378/2015/2002
f 1610/2576/2561 806/2578/2563 3085/1381/1376
f 3086/3334/3310 131/1783/1776 1355/4128/4099
f 131/1783/1776 3086/3334/3310 3194/1784/1777
f 3087/2660/2645 863/4059/4030 4211/2661/2646
f 3087/2660/2645 1587/2662/2647 863/4059/4030
f 3088/2198/2185 452/3939/3912 1986/481/481
f 3088/2198/2185 1986/481/481 252/1652/1647
f 3089/1817/1810 1201/4198/4166 1352/2956/2937
f 1663/4670/4629 1201/4198/4166 3089/1817/1810
f 3090/812/812 2118/3720/3694 146/3719/3693
f 3062/867/866 2118/3720/3694 3090/812/812
f 3091/1237/1232 2786/2329/2316 4879/2871/2852
f 2786/2329/2316 3091/1237/1232 223/1236/1231
f 486/2873/2854 3092/3732/3706 952/2328/2315
f 3092/3732/3706 2786/2329/2316 952/2328/2315
f 3093/2750/2732 4199/1113/1111 179/1015/1013
f 4496/2747/2729 179/1015/1013 304/1014/1012
f 3094/2888/2869 2871/740/740 644/2908/2889
f 3094/2888/2869 644/2908/2889 2719/773/773
f 3095/1262/1257 896/1261/1256 1095/1257/1252
f 3016/2973/2954 3095/1262/1257 1095/1257/1252
f 3096/1639/1634 4687/3344/3320 789/3348/3324
f 3096/1639/1634 789/3348/3324 4725/2202/2189
f 3097/2801/2782 2498/1557/1552 355/5013/4941
f 2498/1557/1552 3097/2801/2782 318/4661/4620
f 1123/272/272 50/4063/4034 3098/340/340
f 4837/341/341 3098/340/340 50/4063/4034
f 2382/4127/4098 1371/4424/4387 3099/757/757
f 1371/4424/4387 125/758/758 3099/757/757
f 1505/4558/4520 1198/4193/4161 3100/1079/1077
f 4064/1062/1060 3100/1079/1077 1366/1081/1079
f 3101/2256/2243 943/2255/2242 4054/3583/3557
f 1043/706/706 3101/2256/2243 112/707/707
f 3443/4420/4383 3102/4212/4180 1367/2877/2858
f 1367/2877/2858 3102/4212/4180 1294/2878/2859
f 1925/1056/1054 1926/2852/2833 3103/2098/2085
f 1926/2852/2833 2154/2099/2086 3103/2098/2085
f 3104/1608/1603 1566/824/824 1041/3109/3089
f 2994/714/714 3104/1608/1603 1041/3109/3089
f 3105/3102/3082 4426/3664/3638 1893/3061/3041
f 4426/3664/3638 4154/3104/3084 3738/3103/3083
f 1200/2410/2397 3988/4920/4860 3106/4196/4164
f 4921/4197/4165 1200/2410/2397 3106/4196/4164
f 3107/549/549 4370/3559/3533 880/550/550
f 246/3094/3074 3414/4502/4465 3107/549/549
f 4986/2816/2797 3108/1176/1171 2404/1625/1620
f 3108/1176/1171 203/1626/1621 4824/2225/2212
f 1186/475/475 1416/1382/1377 3109/1384/1379
f 2858/4046/4017 1186/475/475 3109/1384/1379
f 3110/3147/3127 188/3146/3126 1808/3145/3125
f 3110/3147/3127 1808/3145/3125 724/984/982
f 1020/3161/3141 3111/3162/3142 398/501/501
f 2227/3502/3476 4751/587/587 4737/3874/3847
f 2669/390/390 3112/3651/3625 915/3648/3622
f 3112/3651/3625 2669/390/390 1354/3652/3626
f 3113/4081/4052 653/2042/2029 2907/4082/4053
f 1624/2041/2028 653/2042/2029 3113/4081/4052
f 1262/2604/2589 3114/2554/2539 4770/2599/2584
f 3114/2554/2539 1208/303/303 45/302/302
f 4582/4107/4078 3115/2773/2755 463/2241/2228
f 2599/2247/2234 463/2241/2228 3115/2773/2755
f 3116/4400/4364 13/2086/2073 1554/2087/2074
f 705/2083/2070 4839/3083/3063 3851/3544/3518
f 1523/3480/3454 3117/3048/3028 3236/3481/3455
f 4019/3050/3030 1605/3049/3029 3117/3048/3028
f 3118/780/780 3281/4973/4906 2258/3241/3220
f 2258/3241/3220 752/4781/4733 3118/780/780
f 2040/3783/3757 3119/2978/2959 2158/3785/3759
f 2040/3783/3757 675/2127/2114 3119/2978/2959
f 1422/1123/1121 4607/2735/2718 3120/2226/2213
f 3120/2226/2213 597/2733/2716 3523/3185/3165
f 187/1065/1063 3121/1103/1101 1216/1105/1103
f 187/1065/1063 892/3591/3565 3121/1103/1101
f 780/4204/4172 1205/4205/4173 3122/4882/4825
f 780/4204/4172 3134/4203/4171 2325/2088/2075
f 3354/4226/4194 3123/4833/4782 1216/1105/1103
f 187/1065/1063 1216/1105/1103 3123/4833/4782
f 1830/1407/1402 3489/2926/2907 3124/3501/3475
f 3124/3501/3475 3540/1405/1400 1830/1407/1402
f 1678/4873/4816 3125/1414/1409 610/2781/2763
f 1678/4873/4816 445/2174/2161 3125/1414/1409
f 3126/2210/2197 2111/2838/2819 455/2211/2198
f 4827/999/997 2111/2838/2819 3126/2210/2197
f 3127/3420/3396 2612/3421/3397 2113/4887/4830
f 3161/1449/1444 2113/4887/4830 163/1308/1303
f 2734/4284/4250 3128/4286/4252 368/1848/1841
f 368/1848/1841 3546/1834/1827 2829/1836/1829
f 1924/3329/3305 3129/2968/2949 1892/1571/1566
f 3129/2968/2949 2932/4823/4772 1892/1571/1566
f 3130/1636/1631 2331/1484/1479 275/4552/4514
f 449/2188/2175 3130/1636/1631 275/4552/4514
f 2297/1049/1047 3131/4418/4381 1364/3086/3066
f 1364/3086/3066 3131/4418/4381 1066/1035/1033
f 3132/1239/1234 2458/1651/1646 3595/1240/1235
f 4807/5007/4935 3088/2198/2185 2458/1651/1646
f 1229/4864/4212 2069/416/416 3133/4908/1957
f 4042/4347/4312 1229/4246/4212 4070/3252/3229
f 3134/4203/4171 3122/4882/4825 1995/2090/2077
f 780/4204/4172 3122/4882/4825 3134/4203/4171
f 1323/2534/2519 3135/4372/4337 2733/4371/4336
f 2271/1811/1804 3135/4372/4337 1323/2534/2519
f 2372/4345/4310 3136/4825/4774 62/4346/4311
f 62/4346/4311 4160/2440/2427 1304/4333/4298
f 1529/4573/4535 3137/243/243 1571/4574/4536
f 1571/4574/4536 3137/243/243 3969/4968/4901
f 3138/1598/1593 848/3497/3471 3068/3496/3470
f 4383/739/739 4382/3949/3922 2871/740/740
f 4458/1910/1902 3139/72/72 2665/3759/3733
f 3139/72/72 1253/74/74 2665/3759/3733
f 250/4296/4262 3140/1368/1363 629/2837/2818
f 962/3749/3723 3140/1368/1363 250/4296/4262
f 2842/1295/1290 157/1294/1289 4425/2619/2604
f 3162/2246/2233 157/1294/1289 2599/2247/2234
f 3142/767/767 132/766/766 3145/1738/1731
f 717/3122/3102 4730/4889/4832 2009/3896/3869
f 3143/4006/3977 2345/2526/2511 1615/2525/2510
f 1615/2525/2510 2899/4080/4051 3143/4006/3977
f 3144/1185/1180 2229/3661/3635 919/2186/2173
f 4767/2185/2172 3144/1185/1180 919/2186/2173
f 2009/3896/3869 3145/1738/1731 1029/2068/2055
f 4730/4889/4832 3145/1738/1731 2009/3896/3869
f 1649/2239/2226 4663/2673/2658 3146/3372/3348
f 3700/3456/3430 1649/2239/2226 3146/3372/3348
f 529/1470/1465 274/1476/1471 3147/4663/4622
f 274/1476/1471 4149/1478/1473 3147/4663/4622
f 949/2910/2891 3588/2912/2893 3148/1745/1738
f 3148/1745/1738 2808/2220/2207 949/2910/2891
f 1492/4547/4509 899/3561/3535 3149/3727/3701
f 83/467/467 1492/4547/4509 4819/468/468
f 3150/2911/2892 396/3014/2994 826/3016/2996
f 3150/2911/2892 826/3016/2996 457/490/490
f 3151/4512/4475 2393/4854/4802 1449/2969/2950
f 2687/2138/2125 3151/4512/4475 1449/2969/2950
f 987/1008/1006 192/1534/1529 3152/1070/1068
f 3252/1005/1003 3152/1070/1068 2405/1006/1004
f 3153/1359/1354 2137/1361/1356 881/2397/2384
f 2996/3562/3536 3153/1359/1354 881/2397/2384
f 4382/3949/3922 3154/2898/2879 848/3497/3471
f 2132/3498/3472 848/3497/3471 3154/2898/2879
f 1056/2946/2927 664/3268/3244 3155/1632/1627
f 4752/752/752 4240/3269/3245 3927/753/753
f 3156/742/742 3382/727/727 4988/729/729
f 3058/5058/4982 3379/5065/4989 3156/742/742
f 3157/1108/1106 459/2224/2211 203/1626/1621
f 3157/1108/1106 2064/2732/2715 459/2224/2211
f 1305/398/398 62/4346/4311 3158/1757/1750
f 1822/399/399 1305/398/398 3158/1757/1750
f 264/4416/4379 4797/4321/4287 3159/1426/1421
f 264/4416/4379 3159/1426/1421 2792/4792/4744
f 3824/4486/4449 1037/3905/3878 3160/658/658
f 3163/2574/2559 1037/3905/3878 4414/3906/3879
f 2113/4887/4830 3161/1449/1444 3127/3420/3396
f 3161/1449/1444 3615/1448/1443 3127/3420/3396
f 3162/2246/2233 4425/2619/2604 157/1294/1289
f 2245/2617/2602 3141/2762/2744 3162/2246/2233
f 3163/2574/2559 4793/659/659 3160/658/658
f 1037/3905/3878 3163/2574/2559 3160/658/658
f 157/1294/1289 4453/1296/1291 3164/2242/2229
f 3164/2242/2229 1599/939/937 4213/2244/2231
f 3165/1332/1327 742/3197/3177 3940/1333/1328
f 4967/3199/3179 2215/4409/4372 742/3197/3177
f 3166/2064/2051 1578/2063/2050 260/3726/3700
f 260/3726/3700 3149/3727/3701 3166/2064/2051
f 3167/4777/4729 1236/4260/4226 1857/806/806
f 3167/4777/4729 2489/4779/4731 1236/4260/4226
f 2867/4831/4780 1895/434/434 3168/4290/4256
f 3169/4832/4781 2867/4831/4780 3168/4290/4256
f 88/4830/4779 3169/4832/4781 1896/516/516
f 1896/516/516 3169/4832/4781 3168/4290/4256
f 2522/1389/1384 2450/2980/2961 3170/3505/3479
f 3170/3505/3479 2450/2980/2961 856/1230/1225
f 4916/640/640 3171/712/712 3454/4031/4002
f 1693/713/713 3171/712/712 4916/640/640
f 25/156/156 2425/155/155 3172/2523/2508
f 4540/4576/4538 25/156/156 3790/3173/3153
f 3916/4515/4478 3173/3698/3672 1671/1753/1746
f 1271/3701/3675 1671/1753/1746 3173/3698/3672
f 3174/1328/1323 271/1089/1087 635/1344/1339
f 3174/1328/1323 4849/1090/1088 271/1089/1087
f 2708/1778/1771 3175/1775/1768 94/3539/3513
f 350/4843/4791 94/3539/3513 3175/1775/1768
f 3176/4001/3972 4937/4003/3974 2081/996/994
f 2532/2258/2245 3176/4001/3972 2081/996/994
f 744/1338/1333 3177/1789/1782 1134/4084/4055
f 3177/1789/1782 3175/1775/1768 1134/4084/4055
f 1555/563/563 2305/4735/4691 3178/564/564
f 3178/564/564 2305/4735/4691 3249/3964/3935
f 3179/3969/3940 1629/4447/4410 4926/4591/4553
f 1629/4447/4410 3179/3969/3940 1669/1375/1370
f 1003/3844/3817 3180/3247/3226 851/3863/3836
f 2755/632/632 3180/3247/3226 1003/3844/3817
f 2637/2020/2007 404/3166/3146 3181/2345/2332
f 404/3166/3146 731/2284/2271 3181/2345/2332
f 3782/4484/4447 3182/477/477 1359/4412/4375
f 4580/3351/3327 4603/3350/3326 1359/4412/4375
f 3986/522/522 510/3650/3624 3183/3649/3623
f 3112/3651/3625 516/3653/3627 3183/3649/3623
f 384/3156/3136 1555/563/563 3184/1921/1911
f 2870/2848/2829 384/3156/3136 3184/1921/1911
f 282/1286/1281 3185/2674/2659 4704/2511/2496
f 282/1286/1281 1968/2745/2727 3185/2674/2659
f 3186/4708/4666 310/1621/1616 1202/4199/4167
f 2552/1243/1238 310/1621/1616 3186/4708/4666
f 1857/806/806 3187/808/808 4749/3435/3409
f 3187/808/808 133/807/807 3248/3244/3223
f 1566/824/824 372/3114/3094 3188/3110/3090
f 3188/3110/3090 372/3114/3094 4503/3113/3093
f 3833/458/458 74/438/438 3189/1579/1574
f 74/438/438 1189/3829/3802 3189/1579/1574
f 1127/2493/2478 3190/849/849 2256/3317/3293
f 787/850/850 3190/849/849 1127/2493/2478
f 1192/4654/2452 3191/1186/1181 4767/2185/2172
f 3191/1186/1181 3144/1185/1180 4767/2185/2172
f 70/414/414 3211/3367/3343 3192/3369/3345
f 3192/3369/3345 4677/443/443 2018/445/445
f 1672/4023/3994 4767/2185/2172 521/1187/1182
f 4767/2185/2172 3630/1188/1183 521/1187/1182
f 2117/3340/3316 3194/1784/1777 348/809/809
f 3194/1784/1777 785/762/762 3746/1768/1761
f 4657/4643/4604 1623/4641/4356 3195/3001/2043
f 97/590/590 3195/2056/2043 1623/4392/4356
f 3262/3263/3239 760/240/240 3196/2612/2597
f 760/240/240 3773/242/242 3196/2612/2597
f 3197/4814/4764 1627/3284/3260 793/2668/2653
f 4800/4815/4765 3197/4814/4764 793/2668/2653
f 1087/4762/4718 3888/4000/3971 3198/2638/2623
f 2263/509/509 1858/511/511 3198/2638/2623
f 4483/4034/4005 3199/4370/4335 642/2546/2531
f 3199/4370/4335 1321/2881/2862 642/2546/2531
f 3468/2844/2825 3200/2843/2824 652/2919/2900
f 3200/2843/2824 2380/540/540 652/2919/2900
f 1742/4728/4685 3201/3474/3448 1977/258/258
f 1459/189/189 3201/3474/3448 1742/4728/4685
f 3202/2293/2280 3892/1720/1715 1489/655/655
f 4339/4546/4508 1489/655/655 1528/654/654
f 3203/4271/4237 1607/4385/4349 2093/4632/4594
f 2872/3093/3073 4441/4270/4236 3203/4271/4237
f 1647/4331/4296 3204/2439/2426 510/3650/3624
f 3204/2439/2426 1647/4331/4296 2639/4330/4295
f 412/3565/3539 3205/267/267 1260/4292/4258
f 3906/4272/4238 3203/4271/4237 1260/4292/4258
f 4525/3597/3571 3206/3595/3569 4029/1575/1570
f 4974/3596/3570 3206/3595/3569 1281/3600/3574
f 3207/3371/3347 2698/4740/4696 1759/3370/3346
f 2572/2229/2216 3207/3371/3347 1759/3370/3346
f 3208/1398/1393 2089/4704/4662 400/2000/1987
f 3208/1398/1393 400/2000/1987 883/2002/1989
f 1657/2803/2784 2526/1510/1505 3209/5014/4942
f 3209/5014/4942 2526/1510/1505 1704/1648/1643
f 421/3254/3231 108/642/642 3210/644/644
f 4141/4100/4071 421/3254/3231 3210/644/644
f 4677/443/443 3211/3367/3343 2412/3368/3344
f 4677/443/443 3192/3369/3345 3211/3367/3343
f 1711/1622/1617 2248/343/343 3212/4264/4230
f 49/331/331 1711/1622/1617 3212/4264/4230
f 1817/3378/3354 1280/3377/3353 3213/2625/2610
f 3213/2625/2610 3660/2649/2634 1845/2628/2613
f 1071/503/503 2084/502/502 3214/4580/4542
f 1071/503/503 3214/4580/4542 4646/3965/3936
f 1791/1197/1192 3215/3861/3834 287/1198/1193
f 287/1198/1193 3215/3861/3834 2186/3862/3835
f 2150/1304/1299 3216/1796/1789 1145/1305/1300
f 4252/4746/4702 4578/4745/4701 1145/1305/1300
f 1058/2330/2317 3217/3940/3913 4807/5007/4935
f 223/1236/1231 3217/3940/3913 1058/2330/2317
f 3021/2722/2705 3218/215/215 331/2731/2714
f 1415/4483/4446 331/2731/2714 3218/215/215
f 3219/3957/3928 4886/4958/4892 1175/280/280
f 1175/280/280 1069/282/282 3219/3957/3928
f 3220/4507/4470 1446/1952/1942 555/2588/2573
f 3220/4507/4470 2557/2698/2683 1446/1952/1942
f 1014/950/948 724/984/982 3221/987/985
f 3019/986/984 3221/987/985 724/984/982
f 2835/3060/3040 1635/3059/3039 3222/3871/3844
f 4446/4651/4612 822/3212/3192 3222/3871/3844
f 1556/4551/4513 3223/86/86 2849/4598/4560
f 2914/84/84 3223/86/86 1556/4551/4513
f 3557/450/450 379/533/533 3224/451/451
f 379/533/533 2106/1380/1375 3277/1379/1374
f 3226/1951/1941 3225/2591/2576 4135/1949/1939
f 389/130/130 555/2588/2573 3225/2591/2576
f 3225/2591/2576 3226/1951/1941 389/130/130
f 3226/1951/1941 617/1950/1940 389/130/130
f 3227/83/83 3310/82/82 1993/1676/1671
f 4571/1678/1673 3227/83/83 1993/1676/1671
f 3228/356/356 1026/3886/3859 4584/372/372
f 1026/3886/3859 3229/4713/4670 1722/3887/3860
f 3228/356/356 3229/4713/4670 1026/3886/3859
f 3228/356/356 4910/5066/4990 4673/5067/4991
f 1882/1661/1656 1431/1656/1651 3230/2729/2712
f 656/1499/1494 4488/2930/2911 1431/1656/1651
f 3231/6/6 1383/2613/2598 4226/4518/4481
f 3231/6/6 4470/7/7 1383/2613/2598
f 1315/1629/1624 3232/2790/2772 4448/1630/1625
f 3753/4360/4325 1315/1629/1624 2823/852/852
f 697/2275/2262 2805/4723/4680 3233/933/931
f 689/4721/4678 697/2275/2262 3233/933/931
f 1526/4421/4384 875/4570/4532 3234/3545/3519
f 3234/3545/3519 4030/2876/2857 1526/4421/4384
f 3845/4350/4315 3437/4526/4489 3235/2960/2941
f 3437/4526/4489 2649/2552/2537 3235/2960/2941
f 2519/4256/4222 3236/3481/3455 843/4257/4223
f 3236/3481/3455 2888/2294/2281 843/4257/4223
f 769/1735/1728 2054/2796/2777 3237/3290/3266
f 3237/3290/3266 2054/2796/2777 340/3289/3265
f 3238/4451/4414 1389/1613/1608 4602/3138/3118
f 4790/5068/4992 3937/1868/1861 1389/1613/1608
f 151/1890/1883 4371/4025/3996 3239/3035/3015
f 3696/3037/3017 151/1890/1883 3239/3035/3015
f 3240/3036/3016 3239/3035/3015 3241/4026/3997
f 1314/3032/3012 3240/3036/3016 690/3042/3022
f 3241/4026/3997 690/3042/3022 3240/3036/3016
f 3241/4026/3997 4887/3038/3018 4452/3740/3714
f 96/1372/1367 3242/604/604 1290/606/606
f 4238/3961/3932 3242/604/604 96/1372/1367
f 1040/2341/2328 4689/3917/3890 4248/2253/2240
f 4689/3917/3890 1040/2341/2328 3005/4645/4606
f 3244/4020/3991 1243/55/55 1099/54/54
f 1981/68/68 3244/4020/3991 1099/54/54
f 356/1798/1791 4462/1029/1027 3245/2709/2694
f 592/1019/1017 356/1798/1791 3431/1017/1015
f 3246/2201/2188 102/3132/3112 2359/4999/4927
f 3246/2201/2188 1940/3131/3111 102/3132/3112
f 467/2913/2894 2704/2259/2246 3247/218/218
f 3247/218/218 1421/2914/2895 467/2913/2894
f 4749/3435/3409 3187/808/808 3248/3244/3223
f 817/3428/3402 3248/3244/3223 3051/4377/4341
f 2305/4735/4691 1319/4368/4333 3249/3964/3935
f 3249/3964/3935 1319/4368/4333 1071/503/503
f 2410/4116/4087 3250/4117/4088 1156/4950/4887
f 3250/4117/4088 2410/4116/4087 1157/5009/4937
f 3251/4163/4132 1180/2051/2038 414/2048/2035
f 3249/3964/3935 4646/3965/3936 414/2048/2035
f 987/1008/1006 3152/1070/1068 3252/1005/1003
f 3252/1005/1003 1997/1009/1007 987/1008/1006
f 3253/4818/4767 777/3310/3286 1458/3312/3288
f 3253/4818/4767 1458/3312/3288 4001/3843/3816
f 3254/958/956 1663/4670/4629 361/1814/1807
f 4269/1819/1812 3512/1874/1867 4500/1876/1869
f 3255/4456/4419 872/310/310 2414/2936/2917
f 2414/2936/2917 1391/3411/3387 3255/4456/4419
f 1569/3777/3751 3256/4616/4578 3663/4647/4608
f 1569/3777/3751 4908/2146/2133 3256/4616/4578
f 2926/3995/3966 59/1897/1889 3257/3997/3968
f 59/1897/1889 3255/4456/4419 3257/3997/3968
f 1690/2543/2528 44/1900/1892 3258/274/274
f 44/1900/1892 1133/1899/1891 3258/274/274
f 2041/3621/3595 3259/1887/1880 2810/1886/1879
f 3259/1887/1880 2041/3621/3595 906/819/819
f 4963/2615/2600 3260/4521/4484 562/79/79
f 2914/84/84 562/79/79 3260/4521/4484
f 3261/101/101 4825/4159/4128 1178/3302/3278
f 3524/4878/4821 4825/4159/4128 3261/101/101
f 3262/3263/3239 1899/270/270 760/240/240
f 3262/3263/3239 3645/3262/3238 1899/270/270
f 3902/782/782 3263/2060/2047 1382/4443/4406
f 3263/2060/2047 683/3009/2989 4805/3012/2992
f 1091/4007/3978 4679/4845/4793 3264/2854/2835
f 1929/2506/2491 4121/2505/2490 3264/2854/2835
f 2194/4125/4096 4685/221/221 3265/4126/4097
f 3829/4686/4645 3265/4126/4097 1684/2740/2723
f 3266/283/283 2253/2172/2159 772/4972/4905
f 2367/1265/1260 2253/2172/2159 3266/283/283
f 3267/625/625 320/1654/1649 1763/2727/2710
f 1763/2727/2710 106/629/629 3267/625/625
f 2553/2436/2423 3268/3416/3392 671/52/52
f 3268/3416/3392 1408/3419/3395 671/52/52
f 1380/3483/3457 3777/4438/4401 3269/2292/2279
f 1380/3483/3457 3269/2292/2279 4669/4060/4031
f 3270/457/457 511/2420/2407 2270/2424/2411
f 3270/457/457 1320/456/456 511/2420/2407
f 3271/1063/1061 2558/5019/4947 2469/1620/1615
f 2558/5019/4947 3271/1063/1061 1366/1081/1079
f 3272/1001/999 2232/4442/4405 1381/4440/4403
f 4535/1025/1023 891/1024/1022 2232/4442/4405
f 946/973/971 4870/1527/1522 3273/3425/3400
f 2002/3721/3695 816/3423/906 3273/3425/3400
f 2324/494/494 3274/1786/1779 352/4785/4737
f 2766/493/493 3274/1786/1779 2324/494/494
f 3275/2995/2976 680/3267/3243 2690/2997/2978
f 869/2994/2975 680/3267/3243 3275/2995/2976
f 3276/3857/3830 746/732/732 2197/3439/3413
f 1276/2508/2493 3276/3857/3830 2197/3439/3413
f 3224/451/451 379/533/533 3277/1379/1374
f 3669/2014/2001 3224/451/451 3277/1379/1374
f 1529/4573/4535 1979/3599/3573 3278/312/312
f 3137/243/243 1529/4573/4535 3278/312/312
f 891/1024/1022 892/3591/3565 3279/3590/3564
f 891/1024/1022 3279/3590/3564 2232/4442/4405
f 1224/4240/4206 3280/1715/1710 1978/1714/1709
f 1224/4240/4206 2579/1716/1711 3280/1715/1710
f 1805/2180/2167 4947/2165/2152 1812/2167/2154
f 1805/2180/2167 2258/3241/3220 4947/2165/2152
f 1221/4233/4201 1606/4232/4200 3282/4234/4202
f 1606/4232/4200 866/1260/1255 3282/4234/4202
f 3283/474/474 2327/513/513 4697/5069/4993
f 3302/3800/3773 3283/474/474 4697/5069/4993
f 2604/1742/1735 3284/3391/3367 339/1728/1722
f 3284/3391/3367 804/3389/3365 339/1728/1722
f 3733/313/313 1512/3601/3575 3285/351/351
f 1512/3601/3575 895/4564/4526 3285/351/351
f 1404/4471/4434 3286/1068/1066 4694/2637/2622
f 1404/4471/4434 1704/1648/1643 3286/1068/1066
f 773/3299/3275 4854/1039/1037 3287/3300/3276
f 3044/2531/2516 773/3299/3275 3295/5070/4994
f 4501/4875/4818 3288/2261/2248 468/1889/1882
f 468/1889/1882 4371/4025/3996 151/1890/1883
f 2460/1111/1109 4942/2976/2957 4621/1109/1107
f 2460/1111/1109 193/1110/1108 3330/1115/1113
f 3290/3739/3713 691/3040/3020 690/3042/3022
f 3241/4026/3997 4452/3740/3714 690/3042/3022
f 791/1681/1676 1251/1680/1675 3291/1491/1486
f 791/1681/1676 3291/1491/1486 2311/1490/1485
f 283/1522/1517 3405/1990/1977 3292/1989/1976
f 283/1522/1517 3292/1989/1976 850/3500/3474
f 3293/3532/3506 1917/3128/3108 4765/3265/3241
f 1917/3128/3108 3293/3532/3506 761/3534/3508
f 2807/1844/1837 3294/2337/2324 365/1845/1838
f 3659/429/429 365/1845/1838 4961/430/430
f 4651/2786/2768 3287/3300/3276 1295/991/989
f 4651/2786/2768 773/3299/3275 3287/3300/3276
f 441/2177/2164 3296/2204/2191 446/2168/2155
f 1357/3677/3651 446/2168/2155 3296/2204/2191
f 4247/3229/3208 1792/1740/1733 3297/3228/3207
f 2226/4161/4130 3297/3228/3207 1792/1740/1733
f 2091/3234/3213 3298/3233/3212 751/3232/3211
f 3934/2379/2366 2859/3333/3309 4477/924/922
f 996/498/498 3299/3799/3772 2448/496/496
f 1001/4176/4145 2448/496/496 3299/3799/3772
f 3297/3228/3207 750/3227/3206 3300/3230/3209
f 750/3227/3206 853/1583/1578 3300/3230/3209
f 3301/2603/2588 588/201/201 2762/2701/2686
f 3301/2603/2588 2762/2701/2686 1262/2604/2589
f 3302/3800/3773 4697/5069/4993 985/3797/3770
f 3302/3800/3773 985/3797/3770 299/569/569
f 3303/4696/4655 4927/4697/4656 399/1995/1982
f 4574/223/223 2364/222/222 3303/4696/4655
f 2165/4254/4220 3304/182/182 1455/4945/4883
f 3304/182/182 3301/2603/2588 4466/2602/2587
f 2037/118/118 4222/117/117 3305/3210/3190
f 3043/124/124 3305/3210/3190 23/4124/4095
f 648/2900/2881 3306/2903/2884 1650/2240/2227
f 648/2900/2881 240/1849/1842 3306/2903/2884
f 630/2839/2820 3307/2262/2249 3288/2261/2248
f 1591/2840/2821 3307/2262/2249 630/2839/2820
f 3552/2116/2103 4051/2689/2674 4407/3787/3760
f 603/2755/2737 198/2758/2740 4051/2689/2674
f 3309/715/715 347/667/667 3813/666/666
f 3309/715/715 1938/3845/3818 347/667/667
f 3310/82/82 1002/3840/3813 1993/1676/1671
f 4245/3842/3815 1002/3840/3813 3310/82/82
f 218/3923/3896 3315/800/800 3311/799/799
f 4445/3924/3897 218/3923/3896 3311/799/799
f 2027/3431/3405 2238/4894/3406 3312/974/972
f 3273/3425/3400 2027/3431/3405 4186/4886/4829
f 3843/901/900 3313/903/902 873/3542/3516
f 3313/903/902 3895/898/897 3371/1816/1809
f 2530/736/736 3314/2208/2195 506/2407/2394
f 3848/2206/2193 3314/2208/2195 2530/736/736
f 218/3923/3896 723/4477/4440 3315/800/800
f 3315/800/800 4949/1267/1262 232/801/801
f 3316/1498/1493 1906/3876/3849 480/2309/2296
f 1906/3876/3849 3316/1498/1493 2767/3315/3291
f 441/2177/2164 446/2168/2155 3317/2159/2146
f 1774/2651/2636 441/2177/2164 3317/2159/2146
f 3318/5071/4995 771/3293/3269 3398/3295/3271
f 2656/48/48 771/3293/3269 3327/49/49
f 298/1576/1571 3319/1585/1580 513/1577/1572
f 2606/1710/1705 3319/1585/1580 298/1576/1571
f 2139/1467/1462 3320/2318/2305 1744/4694/4653
f 484/1302/1297 1744/4694/4653 3320/2318/2305
f 29/2215/2202 3321/171/171 1543/4255/4221
f 2680/170/170 4938/4585/4547 3321/171/171
f 3322/4428/4391 1372/4427/4390 884/3019/2999
f 686/2388/2375 4034/92/92 884/3019/2999
f 3323/470/470 2518/1605/1600 305/2835/2816
f 3323/470/470 305/2835/2816 1638/471/471
f 3324/4052/4023 1572/4608/4570 4181/423/423
f 1390/4916/4856 4216/4915/4855 3324/4052/4023
f 3325/143/143 2291/5029/4956 1601/150/150
f 20/142/142 2291/5029/4956 3325/143/143
f 1594/3257/3234 4342/3514/3488 3326/1641/1636
f 3553/4622/4584 1594/3257/3234 3326/1641/1636
f 3327/49/49 771/3293/3269 3318/5071/4995
f 4122/12/12 4/11/11 4851/2463/2449
f 2008/97/97 3328/4888/4831 699/98/98
f 2008/97/97 2235/1669/1664 3328/4888/4831
f 4935/4516/4479 3329/4042/4013 3427/114/114
f 4490/4924/4864 18/4910/4850 2099/3585/3559
f 4942/2976/2957 2460/1111/1109 3330/1115/1113
f 4548/4118/4089 4942/2976/2957 4676/5010/4938
f 572/2647/2632 3331/5072/4996 2300/1177/1172
f 3331/5072/4996 572/2647/2632 3660/2649/2634
f 3332/4801/4753 346/620/620 3831/4802/4754
f 3332/4801/4753 626/2830/2811 346/620/620
f 2271/1811/1804 3333/3624/3598 4818/4538/4500
f 3517/3625/3599 4818/4538/4500 3333/3624/3598
f 2734/4284/4250 3334/4016/3987 1254/4285/4251
f 3334/4016/3987 3966/4565/4527 1254/4285/4251
f 819/848/848 3335/4778/4730 1857/806/806
f 819/848/848 1803/847/847 3335/4778/4730
f 3336/2809/2790 1839/70/70 2912/1930/1920
f 3336/2809/2790 1981/68/68 1839/70/70
f 3337/3288/3264 2068/1733/1097 1172/1723/1718
f 613/5052/4978 2068/1099/1097 4417/4907/2776
f 3338/558/558 2136/2200/2187 3810/2827/2808
f 2749/599/599 2136/2200/2187 3338/558/558
f 202/1091/1089 2168/2653/2638 3339/2655/2640
f 3339/2655/2640 2168/2653/2638 2487/1316/1311
f 3340/241/241 4792/286/286 1437/288/288
f 1899/270/270 42/269/269 3340/241/241
f 2023/106/106 24/134/134 3341/2537/2522
f 3614/2568/2553 4219/2813/2794 24/134/134
f 3342/1104/1102 2564/3592/3566 4124/4796/4748
f 3342/1104/1102 1840/3637/3611 1423/3636/3610
f 509/2636/2621 924/3670/3644 3343/1073/1071
f 4258/1507/1502 509/2636/2621 3355/1508/1503
f 3348/694/694 3344/4162/4131 1792/1740/1733
f 3732/5004/4932 3344/4162/4131 1179/4160/4129
f 3345/5012/4940 1155/4115/4086 3844/4224/4192
f 3354/4226/4194 2759/1166/1163 1155/4115/4086
f 3346/2205/2192 1357/3677/3651 3296/2204/2191
f 3848/2206/2193 2530/736/736 1357/3677/3651
f 4459/2003/1990 1617/3568/3542 3347/2696/2681
f 3347/2696/2681 1617/3568/3542 2646/2697/2682
f 3787/693/693 1179/4160/4129 3348/694/694
f 3348/694/694 1179/4160/4129 3344/4162/4131
f 3349/4241/4207 1225/1679/1674 3322/4428/4391
f 3349/4241/4207 3018/94/94 1225/1679/1674
f 4305/4962/4896 4211/2661/2646 3350/2054/2041
f 4305/4962/4896 3350/2054/2041 3710/3494/3468
f 759/1046/1044 3351/3140/3120 177/3139/3119
f 3351/3140/3120 759/1046/1044 1522/2372/2359
f 504/2404/2391 840/1247/1242 3352/1246/1241
f 504/2404/2391 3352/1246/1241 2138/2398/2385
f 1230/3615/3589 4919/4903/4845 3353/3613/3587
f 2058/4248/4214 3389/4568/4530 3353/3613/3587
f 3826/5011/4939 3354/4226/4194 1155/4115/4086
f 3123/4833/4782 3354/4226/4194 3826/5011/4939
f 3355/1508/1503 509/2636/2621 3343/1073/1071
f 3355/1508/1503 3343/1073/1071 1485/1044/1042
f 42/269/269 4921/4197/4165 3356/2413/2400
f 42/269/269 4792/286/286 3340/241/241
f 3357/3085/3065 13/2086/2073 3116/4400/4364
f 3357/3085/3065 3116/4400/4364 1347/85/85
f 3358/2817/2798 803/2416/2403 2773/2818/2799
f 4290/4140/4111 803/2416/2403 3358/2817/2798
f 1627/3284/3260 3359/2669/2654 793/2668/2653
f 3359/2669/2654 1627/3284/3260 4131/3283/3259
f 913/1120/1118 1502/3640/3614 3360/3641/3615
f 2634/1102/1100 913/1120/1118 4785/4657/4616
f 3361/1317/1312 3795/265/265 4670/264/264
f 1514/1826/1819 3361/1317/1312 4553/4064/4035
f 4657/4643/4604 3362/3003/2983 3014/2347/2334
f 3014/2347/2334 3362/3003/2983 960/3554/3528
f 1680/4017/3988 3363/1827/1820 3361/1317/1312
f 1096/1850/1843 3363/1827/1820 1680/4017/3988
f 3364/4729/2982 879/592/592 4354/3556/3530
f 3362/3003/2983 3364/3002/2982 1746/3555/3529
f 3365/1281/1276 4172/3916/3889 1622/2643/2628
f 229/1283/1278 4711/4488/4451 1622/2643/2628
f 3140/1368/1363 3366/1619/1614 1232/1369/1364
f 4110/1442/1437 1232/1369/1364 3366/1619/1614
f 1712/4028/3999 3367/796/796 1761/798/798
f 3368/2541/2526 693/2542/2527 3367/796/796
f 1712/4028/3999 3493/4665/4624 3368/2541/2526
f 1712/4028/3999 3368/2541/2526 3367/796/796
f 3369/4262/4228 2644/3890/3863 1238/723/723
f 3369/4262/4228 1238/723/723 930/3683/3657
f 3775/4376/4340 3370/4606/4568 753/3240/3219
f 753/3240/3219 3370/4606/4568 2258/3241/3220
f 873/3542/3516 3371/1816/1809 3089/1817/1810
f 873/3542/3516 3313/903/902 3371/1816/1809
f 3729/4494/4457 1425/2899/2880 3372/4493/4456
f 3372/4493/4456 2129/2331/2318 487/4269/4235
f 410/696/696 3373/4578/4540 1053/2006/1993
f 410/696/696 2073/541/541 3373/4578/4540
f 862/1377/1372 3374/2684/2669 4293/3722/3696
f 3374/2684/2669 862/1377/1372 2826/3520/3494
f 3720/4775/4727 2278/2846/2827 3375/2850/2831
f 2278/2846/2827 633/1925/1915 3375/2850/2831
f 174/1040/1038 357/1801/1794 3376/4121/4092
f 4144/4771/4726 1691/1802/1795 3376/4121/4092
f 2308/246/246 2279/248/248 3377/1705/1700
f 2308/246/246 3377/1705/1700 2840/4985/4915
f 2423/2833/2814 3378/5005/4933 3069/4245/4211
f 95/603/603 3378/5005/4933 2423/2833/2814
f 3379/5065/4989 3382/727/727 3156/742/742
f 139/2497/2482 3379/5065/4989 3605/856/856
f 1451/630/630 107/3099/3079 3380/631/631
f 107/3099/3079 767/3279/3255 3380/631/631
f 3381/5063/4987 2598/4243/4209 2640/5030/4957
f 4865/4308/4274 3381/5063/4987 3378/5005/4933
f 139/2497/2482 3382/727/727 3379/5065/4989
f 632/2498/2483 3382/727/727 139/2497/2482
f 2642/4318/4284 1288/4316/4282 3383/3742/3716
f 2642/4318/4284 3383/3742/3716 22/2106/2093
f 831/2097/2084 3384/3460/3434 4526/1943/1933
f 3384/3460/3434 4555/2274/2261 1564/3457/3431
f 3385/1244/1239 1482/433/433 2833/4541/4503
f 3385/1244/1239 887/1241/1236 1482/433/433
f 2908/4718/4675 3386/2480/2465 1729/1825/1818
f 1343/2479/2464 1729/1825/1818 3386/2480/2465
f 1150/327/327 3387/4971/4904 2244/4110/4081
f 3387/4971/4904 4972/3999/3970 2244/4110/4081
f 4639/4635/4597 1611/4466/4429 3388/1882/1875
f 3388/1882/1875 1611/4466/4429 500/1878/1871
f 3389/4568/4530 4729/3715/3689 945/3168/3148
f 3353/3613/3587 3389/4568/4530 945/3168/3148
f 2427/792/792 1256/892/891 3390/4261/4227
f 3390/4261/4227 1256/892/891 601/4687/4646
f 1560/2308/2295 3391/4602/4564 1863/3058/3038
f 4405/1033/1031 1560/2308/2295 2141/1034/1032
f 9/4883/4826 1590/3841/3814 3392/95/95
f 1590/3841/3814 1573/3570/3544 3392/95/95
f 782/4926/4866 1598/3744/3718 3393/3326/3302
f 4492/3327/3303 782/4926/4866 3393/3326/3302
f 2248/343/343 3186/4708/4666 3394/4200/4168
f 2248/343/343 3394/4200/4168 1231/1231/1226
f 3395/4152/4121 1424/2951/2932 4962/2443/2430
f 3395/4152/4121 2174/4344/4309 666/397/397
f 3230/2729/2712 917/2728/2711 3396/3657/3631
f 3591/1500/1495 917/2728/2711 2657/4681/4640
f 3397/4374/1148 4227/4336/4301 979/4373/4338
f 3397/1150/1148 3882/4976/2960 2846/1151/1149
f 2556/4668/4627 3398/3295/3271 1662/4669/4628
f 4275/3294/3270 1662/4669/4628 3398/3295/3271
f 3399/3582/3556 943/2255/2242 4530/3711/3685
f 943/2255/2242 3399/3582/3556 4054/3583/3557
f 3400/2699/2684 587/184/184 3767/4079/4050
f 3400/2699/2684 2557/2698/2683 4684/127/127
f 3052/4572/4534 3401/3157/3137 2361/3155/3135
f 2361/3155/3135 3401/3157/3137 384/3156/3136
f 1797/3133/3113 3402/1483/1478 2896/3134/3114
f 3688/3576/3550 3976/3578/3552 3402/1483/1478
f 3403/230/230 2872/3093/3073 394/3092/3072
f 394/3092/3072 3065/4189/4157 3403/230/230
f 4144/4771/4726 3404/4773/4651 1691/1802/1795
f 1691/1802/1795 3404/4773/4651 2238/3432/3406
f 2378/1523/1518 409/4758/4714 3405/1990/1977
f 409/4758/4714 4505/4756/4712 3405/1990/1977
f 3406/1755/1748 2190/307/307 345/388/388
f 2669/390/390 4026/3301/3277 345/388/388
f 3407/3865/3838 667/3673/3647 1015/2954/2935
f 3407/3865/3838 2766/493/493 667/3673/3647
f 3945/19/19 3408/2452/2439 4473/20/20
f 2506/2450/2437 3408/2452/2439 518/2451/2438
f 4939/2120/2107 601/4687/4646 3409/891/890
f 3409/891/890 601/4687/4646 1256/892/891
f 1141/1561/1556 2042/992/990 3410/2804/2785
f 3410/2804/2785 2042/992/990 3036/4098/4069
f 3665/4914/4854 3411/1683/1678 6/66/66
f 3411/1683/1678 1976/1682/1677 6/66/66
f 1168/2822/2803 4420/3603/3577 3412/1919/882
f 3691/3469/3443 3412/883/882 836/882/881
f 1547/1830/1823 1430/4590/4552 3413/2664/2649
f 1549/2663/2648 1547/1830/1823 3413/2664/2649
f 3414/4502/4465 1438/2073/2060 3107/549/549
f 3414/4502/4465 4594/3255/3232 1438/2073/2060
f 915/3648/3622 3415/4352/4317 1308/1759/1752
f 3204/2439/2426 4832/2444/2431 3415/4352/4317
f 1959/2825/2806 3416/2824/2805 1435/2823/2804
f 1435/2823/2804 3416/2824/2805 624/1749/1742
f 4195/2798/2779 3417/4751/4707 1776/2924/2905
f 3417/4751/4707 1775/3353/3329 1776/2924/2905
f 92/515/515 3418/517/517 1596/4291/4257
f 3168/4290/4256 1596/4291/4257 3418/517/517
f 654/1488/1483 3417/4751/4707 3419/2921/2902
f 3879/2923/2904 654/1488/1483 3419/2921/2902
f 3420/2573/2558 4793/659/659 3163/2574/2559
f 3393/3326/3302 492/3325/3301 3420/2573/2558
f 3421/4071/4042 2541/1634/1629 570/944/942
f 2030/4072/4043 3421/4071/4042 570/944/942
f 3422/3611/3585 778/3314/3290 1010/730/730
f 4889/3856/3829 1010/730/730 3276/3857/3830
f 3423/4413/4376 549/4217/4185 1211/2104/2091
f 3423/4413/4376 1211/2104/2091 3023/4213/4181
f 220/489/489 2577/488/488 3424/4679/4638
f 3424/4679/4638 2577/488/488 292/4840/4788
f 3425/4897/4839 2035/3253/3230 2036/335/335
f 2841/345/345 2035/3253/3230 3425/4897/4839
f 1901/1342/1337 3426/1134/1132 181/1082/1080
f 3917/5051/4977 181/1082/1080 3426/1134/1132
f 4935/4516/4479 3427/114/114 1227/4242/4208
f 1227/4242/4208 3427/114/114 22/2106/2093
f 698/2312/2299 3428/2311/2298 1021/2507/2492
f 480/2309/2296 3608/3877/3850 3428/2311/2298
f 3429/3716/3690 1693/713/713 732/639/639
f 2709/608/608 3429/3716/3690 732/639/639
f 1921/1808/1801 3333/3624/3598 3430/4506/4469
f 2563/981/979 1921/1808/1801 3430/4506/4469
f 3431/1017/1015 356/1798/1791 3245/2709/2694
f 3431/1017/1015 3245/2709/2694 590/1018/1016
f 728/2977/2958 3535/3160/3140 3432/4783/4735
f 1808/3145/3125 728/2977/2958 3432/4783/4735
f 3433/4094/4065 1752/3608/3582 4838/4736/4692
f 900/3606/3580 1752/3608/3582 3433/4094/4065
f 970/1494/1489 677/1496/1491 3434/3078/3058
f 3434/3078/3058 677/1496/1491 2243/2985/2966
f 3435/3459/3433 1392/2502/2487 4623/2503/2488
f 2607/4457/4420 1392/2502/2487 3435/3459/3433
f 2930/4164/4133 3436/2151/2138 2357/1602/1597
f 748/3218/3198 3436/2151/2138 2930/4164/4133
f 69/2549/2534 4461/4527/4490 3437/4526/4489
f 69/2549/2534 3437/4526/4489 3845/4350/4315
f 4529/5046/4972 3438/234/234 4108/4495/4458
f 4529/5046/4972 4531/4805/4757 3438/234/234
f 292/4840/4788 2577/488/488 3439/1551/1546
f 292/4840/4788 3439/1551/1546 1912/2047/2034
f 3440/4222/4190 4340/1199/1194 373/1173/1168
f 1688/1870/1863 3440/4222/4190 4036/4221/4189
f 1445/962/960 3441/989/987 3015/1370/1365
f 3430/4506/4469 3441/989/987 1445/962/960
f 847/2659/2644 3442/3492/3466 3087/2660/2645
f 3442/3492/3466 847/2659/2644 4305/4962/4896
f 4636/4504/4467 641/376/376 4599/4210/4178
f 4599/4210/4178 641/376/376 2262/1320/1315
f 3444/132/132 578/153/153 4303/5073/4997
f 3444/132/132 1619/151/151 578/153/153
f 3445/1392/1387 4634/1391/1386 1428/4498/4461
f 3445/1392/1387 1428/4498/4461 2207/955/953
f 2167/3813/3786 20/142/142 3446/141/141
f 2167/3813/3786 3446/141/141 988/3805/3778
f 948/2453/2440 2990/1965/1955 3447/3724/3698
f 948/2453/2440 3447/3724/3698 3697/2581/2566
f 3494/2633/2618 3448/3433/3407 4735/2631/2616
f 3448/3433/3407 567/2321/2308 2703/2320/2307
f 3782/4484/4447 84/518/518 3449/1400/1395
f 3449/1400/1395 84/518/518 1335/520/520
f 4765/3265/3241 3450/3127/3107 1006/3669/3643
f 2730/3852/3825 1006/3669/3643 3450/3127/3107
f 3451/709/709 1312/2993/2974 4451/682/682
f 1312/2993/2974 3451/709/709 4215/2992/2973
f 2504/3359/3335 770/3291/3267 3452/4062/4033
f 2814/3292/3268 2504/3359/3335 3452/4062/4033
f 2166/208/208 558/4519/4482 3453/209/209
f 558/4519/4482 4568/5018/4946 3453/209/209
f 4396/4358/4323 3454/4031/4002 2076/2010/1997
f 3454/4031/4002 2847/3112/3092 2076/2010/1997
f 3455/4101/4072 1144/421/421 3959/4405/4369
f 3592/4102/4073 1144/421/421 3455/4101/4072
f 3774/2233/2220 4590/78/78 3456/4282/4248
f 3456/4282/4248 967/2358/2345 4783/3760/3734
f 1465/1211/1206 212/2648/2633 3457/1202/1197
f 3457/1202/1197 1874/1204/1199 1465/1211/1206
f 3458/301/301 55/1983/1970 1575/1512/1507
f 55/1983/1970 3458/301/301 395/1982/1969
f 2840/4985/4915 4404/4984/4914 3459/4956/4890
f 1132/2487/2472 3459/4956/4890 2187/2488/2473
f 213/2473/2458 3460/2477/2462 3943/1182/1177
f 3460/2477/2462 213/2473/2458 2682/2475/2460
f 3461/2355/2342 1247/168/168 715/4041/4012
f 1884/3116/3096 3461/2355/2342 715/4041/4012
f 55/1983/1970 395/1982/1969 3462/1984/1971
f 395/1982/1969 4717/4151/4120 3462/1984/1971
f 3463/840/840 4956/842/842 372/3114/3094
f 372/3114/3094 1566/824/824 3463/840/840
f 3464/4517/4480 1654/4/4 3231/6/6
f 3464/4517/4480 385/1928/1918 1654/4/4
f 2885/3443/3417 823/4609/4571 3465/1985/1972
f 55/1983/1970 3465/1985/1972 823/4609/4571
f 4134/4741/4697 1760/1917/1909 3466/4742/4698
f 3412/1919/882 4420/3603/3577 1760/1917/1909
f 2960/3342/3318 2366/3341/3317 3467/1781/1774
f 3467/1781/1774 2366/3341/3317 3973/4588/4550
f 4234/3400/3376 3468/2844/2825 1344/3489/3463
f 3468/2844/2825 2363/3490/3464 1344/3489/3463
f 684/1703/1698 3486/207/207 3469/149/149
f 3469/149/149 2548/4324/4290 684/1703/1698
f 1184/442/442 3470/4348/4313 69/2549/2534
f 1184/442/442 2738/4349/4314 3470/4348/4313
f 738/4206/4174 865/57/57 3471/46/46
f 1867/3188/3168 738/4206/4174 3471/46/46
f 4467/224/224 3472/2100/2087 525/220/220
f 4685/221/221 525/220/220 3472/2100/2087
f 2282/4979/4110 3476/2382/2369 3473/5074/440
f 2299/4138/4109 2282/4139/4110 3473/440/440
f 838/2472/2457 4780/3475/3449 3474/2403/2390
f 117/2405/2392 838/2472/2457 3474/2403/2390
f 2720/4722/4679 3475/4359/4324 1813/3031/3011
f 4828/935/933 3475/4359/4324 2720/4722/4679
f 3476/2382/2369 375/2383/2370 958/531/531
f 3473/5074/440 3476/2382/2369 958/531/531
f 2301/3790/3763 206/1163/1160 3477/3793/3766
f 2301/3790/3763 3477/3793/3766 983/3791/3764
f 2611/463/463 3478/2679/2664 2966/5026/4953
f 3478/2679/2664 2611/463/463 1735/2677/2662
f 3769/966/964 3479/965/963 338/5025/4952
f 3479/965/963 2666/1730/1724 338/5025/4952
f 3407/3865/3838 1953/406/406 3480/1787/1780
f 3480/1787/1780 1953/406/406 4217/408/408
f 3481/3656/3630 2071/1655/1650 916/627/627
f 3481/3656/3630 4655/3654/3628 2071/1655/1650
f 2228/4966/4900 3482/3005/2985 2819/4379/4343
f 2819/4379/4343 3482/3005/2985 111/3007/2987
f 3483/4595/4557 2320/2427/2414 512/2426/2413
f 2849/4598/4560 3483/4595/4557 512/2426/2413
f 1080/2197/2184 2337/2712/2697 3484/3746/3720
f 3484/3746/3720 2337/2712/2697 1909/2714/2699
f 3049/2742/2725 3485/4048/4019 1684/2740/2723
f 3829/4686/4645 1684/2740/2723 3485/4048/4019
f 3486/207/207 3079/206/206 276/2797/2778
f 276/2797/2778 3469/149/149 3486/207/207
f 456/188/188 3487/2217/2204 2391/3175/3155
f 3772/187/187 3487/2217/2204 456/188/188
f 3488/4959/4893 3719/5027/4954 4/11/11
f 3488/4959/4893 4/11/11 4093/4960/4894
f 2549/626/626 4100/628/628 3489/2926/2907
f 655/650/650 2790/1227/1222 3489/2926/2907
f 639/2867/2848 3490/317/317 2695/2869/2850
f 4774/2023/2010 3490/317/317 639/2867/2848
f 526/4074/4045 3491/4073/4044 1127/2493/2478
f 2254/2490/2475 3491/4073/4044 526/4074/4045
f 3492/3580/3554 904/3617/3591 2131/3581/3555
f 2817/1217/1212 904/3617/3591 3492/3580/3554
f 1102/4024/3995 2810/1886/1879 3493/4665/4624
f 2810/1886/1879 3368/2541/2526 3493/4665/4624
f 567/2321/2308 3448/3433/3407 3494/2633/2618
f 567/2321/2308 3494/2633/2618 2047/2630/2615
f 3495/3477/3451 1584/1690/1685 2383/4615/4577
f 3495/3477/3451 2383/4615/4577 841/3476/3450
f 2762/2701/2686 3496/2562/2547 1259/2703/2688
f 3496/2562/2547 546/251/251 1259/2703/2688
f 1013/3248/3227 3497/635/635 4487/634/634
f 1013/3248/3227 2133/614/614 3497/635/635
f 3498/2920/2901 651/238/238 4294/4730/4686
f 1747/4489/4452 4408/4957/4891 3498/2920/2901
f 3499/1902/1894 54/2917/2898 4408/4957/4891
f 54/2917/2898 3499/1902/1894 3872/4467/4430
f 3500/4571/4533 2130/2302/2289 3517/3625/3599
f 3500/4571/4533 478/2300/2287 2130/2302/2289
f 3501/4691/4650 373/1173/1168 426/1175/1170
f 373/1173/1168 3501/4691/4650 3440/4222/4190
f 3502/3898/3871 4391/5034/4961 440/169/169
f 1031/2566/2551 1483/4542/4504 3502/3898/3871
f 2883/3033/3013 691/3040/3020 3503/1947/1937
f 3503/1947/1937 691/3040/3020 4550/1948/1938
f 762/2947/2928 3506/2948/2929 3504/858/858
f 3504/858/858 2200/3782/3756 291/859/859
f 3505/2639/2624 4745/4235/4203 2576/1228/1223
f 2576/1228/1223 4924/4975/4908 3505/2639/2624
f 3506/2948/2929 4532/2374/2361 2200/3782/3756
f 3506/2948/2929 2200/3782/3756 3504/858/858
f 3507/1584/1579 853/1583/1578 101/676/676
f 569/2429/2416 3507/1584/1579 3509/2432/2419
f 3508/785/785 2796/4664/4623 1659/2772/2754
f 1703/2774/2756 3508/785/785 1659/2772/2754
f 2511/2430/2417 3509/2432/2419 101/676/676
f 3509/2432/2419 3507/1584/1579 101/676/676
f 3510/1446/1441 1384/4445/4408 267/1441/1436
f 3510/1446/1441 267/1441/1436 4044/1444/1439
f 1755/878/877 3511/818/818 1105/879/878
f 1755/878/877 4613/2539/2524 3511/818/818
f 1846/960/958 3512/1874/1867 3254/958/956
f 1663/4670/4629 3254/958/956 3512/1874/1867
f 3513/4719/4676 2908/4718/4675 1730/937/935
f 3513/4719/4676 3386/2480/2465 2908/4718/4675
f 3514/2111/2098 3544/3193/3173 1768/3192/3172
f 4844/3734/3708 2061/202/202 3514/2111/2098
f 3515/1266/1261 524/2478/2463 3513/4719/4676
f 4172/3916/3889 524/2478/2463 3515/1266/1261
f 635/5075/1339 3516/1464/1459 245/4967/1340
f 245/4967/1340 3516/1464/1459 488/1744/1737
f 3517/3625/3599 1478/1011/1009 4818/4538/4500
f 2130/2302/2289 1478/1011/1009 3517/3625/3599
f 241/1463/1458 3518/4935/4875 4931/4936/4876
f 2210/1465/1460 3518/4935/4875 241/1463/1458
f 2688/5035/4962 824/4720/4677 3519/3444/3418
f 4430/1931/1921 2688/5035/4962 3519/3444/3418
f 4338/4790/4742 1249/2789/2771 3520/774/774
f 1249/2789/2771 2169/2334/2321 3520/774/774
f 3521/3440/3414 1963/2509/2494 4336/3441/3415
f 1963/2509/2494 3521/3440/3414 3222/3871/3844
f 1820/4274/4240 3522/4276/4242 312/4275/4241
f 1820/4274/4240 1249/2789/2771 4338/4790/4742
f 3523/3185/3165 597/2733/2716 2064/2732/2715
f 3523/3185/3165 2064/2732/2715 3022/3462/3436
f 3524/4878/4821 3776/4877/4820 1978/1714/1709
f 336/1713/1708 3524/4878/4821 1978/1714/1709
f 565/1086/1084 3525/1114/1112 3825/2121/2108
f 2182/1112/1110 3525/1114/1112 565/1086/1084
f 909/4520/4483 3227/83/83 3526/4939/4878
f 909/4520/4483 3526/4939/4878 865/57/57
f 1545/3889/3862 3527/828/828 2927/830/830
f 1545/3889/3862 2438/1644/1639 3527/828/828
f 2826/3520/3494 862/1377/1372 3528/3397/3373
f 285/2577/2562 2826/3520/3494 3528/3397/3373
f 3229/4713/4670 3529/2286/2273 1950/2285/2272
f 3529/2286/2273 4673/5067/4991 1784/4760/4716
f 933/3569/3543 2452/3571/3545 3530/3689/3663
f 933/3569/3543 3530/3689/3663 890/4923/4863
f 3531/5031/4958 2656/48/48 1050/3928/3901
f 2656/48/48 4275/3294/3270 771/3293/3269
f 4964/3807/3780 3532/3808/3781 988/3805/3778
f 4189/2385/2372 1117/4050/4021 501/4685/4644
f 561/279/279 4906/3261/3237 3533/263/263
f 3533/263/263 4906/3261/3237 2957/2611/2596
f 515/4354/4319 2358/1760/1753 3534/4355/4320
f 515/4354/4319 3534/4355/4320 1885/2438/2425
f 728/2977/2958 674/3158/3138 3535/3160/3140
f 674/3158/3138 2832/4485/4448 3535/3160/3140
f 449/2188/2175 3536/699/699 2196/3753/3727
f 3536/699/699 449/2188/2175 275/4552/4514
f 3945/19/19 2121/21/21 3537/4676/4635
f 2658/38/38 3537/4676/4635 2121/21/21
f 3538/4955/2119 1701/4703/4660 2185/4922/4862
f 4027/4700/4659 1701/4701/4660 3997/1252/1247
f 1947/2489/2474 3539/4002/3973 3550/1945/1935
f 1088/2257/2244 3539/4002/3973 3176/4001/3972
f 3540/1405/1400 4699/4948/4886 1829/3164/3144
f 3540/1405/1400 1829/3164/3144 238/1406/1401
f 313/2950/2931 167/2277/2264 3541/2279/2266
f 313/2950/2931 3541/2279/2266 762/2947/2928
f 2676/2078/2065 3542/1348/1343 940/3705/3679
f 940/3705/3679 3542/1348/1343 781/4880/4823
f 532/1516/1511 1782/4757/4713 3543/1517/1512
f 3543/1517/1512 1782/4757/4713 2378/1523/1518
f 3514/2111/2098 2061/202/202 3544/3193/3173
f 1856/4273/4239 3544/3193/3173 2061/202/202
f 4630/3691/3665 3545/2386/2373 501/4685/4644
f 3545/2386/2373 4189/2385/2372 501/4685/4644
f 368/1848/1841 3128/4286/4252 3546/1834/1827
f 3546/1834/1827 3128/4286/4252 2995/1835/1828
f 3547/3525/3499 866/1260/1255 3095/1262/1257
f 3547/3525/3499 3282/4234/4202 866/1260/1255
f 2569/1724/1719 3548/3709/3683 342/1722/1717
f 342/1722/1717 3548/3709/3683 2604/1742/1735
f 3549/1161/1158 2300/1177/1172 3331/5072/4996
f 3331/5072/4996 1280/3377/3353 3549/1161/1158
f 1088/2257/2244 3550/1945/1935 3539/4002/3973
f 1088/2257/2244 4526/1943/1933 3550/1945/1935
f 1737/3731/3705 486/2873/2854 3551/2863/2844
f 640/1600/1595 1737/3731/3705 4517/4727/4684
f 3995/3786/2123 3552/2116/2103 4407/3787/3760
f 980/5076/1049 4406/2115/2102 3552/2116/2103
f 1900/3259/3233 3553/4774/4584 201/2942/2923
f 201/2942/2923 3553/4774/4584 357/1801/1794
f 3554/81/81 1456/3305/3281 3310/82/82
f 2292/3627/3601 1456/3305/3281 3554/81/81
f 4994/1859/1852 1670/2884/2865 3555/3985/3956
f 643/137/137 3602/4201/4169 1670/2884/2865
f 3556/3311/3287 3559/1591/1586 15/1590/1585
f 777/3310/3286 1875/3710/3684 3556/3311/3287
f 2108/534/534 3557/450/450 2339/449/449
f 3557/450/450 2108/534/534 379/533/533
f 1057/1650/1645 1515/1653/1648 3558/1524/1519
f 1988/1374/1369 1057/1650/1645 3558/1524/1519
f 1875/3710/3684 2352/138/138 3559/1591/1586
f 1875/3710/3684 3559/1591/1586 3556/3311/3287
f 4878/5077/4255 3560/5078/3527 681/3558/3532
f 1746/5079/3529 681/3558/3532 3560/5078/3527
f 3860/783/783 2519/4256/4222 3561/4259/4225
f 3561/4259/4225 1236/4260/4226 2489/4779/4731
f 2774/2820/2801 3562/4137/4108 898/2821/2802
f 898/2821/2802 3562/4137/4108 3466/4742/4698
f 3563/478/478 940/3705/3679 781/4880/4823
f 2264/4103/4074 3563/478/478 781/4880/4823
f 1041/3109/3089 712/3111/3091 3564/2013/2000
f 712/3111/3091 2847/3112/3092 3564/2013/2000
f 3565/538/538 1362/4320/4286 4190/3706/3680
f 4622/4391/4355 1362/4320/4286 3565/538/538
f 403/4436/4399 3566/1903/1895 2192/2018/2005
f 3566/1903/1895 403/4436/4399 2536/462/462
f 3567/2713/2698 4257/3764/3738 1909/2714/2699
f 4559/2196/2183 4257/3764/3738 3567/2713/2698
f 688/1974/1961 3568/3065/3045 2647/2550/2535
f 2647/2550/2535 3568/3065/3045 3607/261/261
f 1764/1126/1124 1268/4297/4263 3569/1127/1125
f 3569/1127/1125 1268/4297/4263 3120/2226/2213
f 305/2835/2816 3570/482/482 854/2836/2817
f 3570/482/482 485/3504/3478 854/2836/2817
f 1011/916/914 2735/917/915 3571/3858/3831
f 3571/3858/3831 4246/1631/1626 1011/916/914
f 541/2883/2864 3572/4996/4924 3652/2880/2861
f 423/2882/2863 3572/4996/4924 541/2883/2864
f 437/3776/3750 2781/3822/3795 3573/2144/2131
f 4567/3819/3792 3573/2144/2131 2781/3822/3795
f 719/3579/3553 3574/725/725 2331/1484/1479
f 2331/1484/1479 3574/725/725 275/4552/4514
f 3575/5016/4944 2548/4324/4290 4307/1668/1663
f 3676/1704/1699 684/1703/1698 2548/4324/4290
f 2602/1729/1723 339/1728/1722 3576/3390/3366
f 2602/1729/1723 3576/3390/3366 4318/3430/3404
f 454/1880/1873 3577/3675/3649 2705/738/738
f 454/1880/1873 763/3270/3246 3577/3675/3649
f 569/2429/2416 3509/2432/2419 3578/2431/2418
f 3505/2639/2624 569/2429/2416 4745/4235/4203
f 1799/1873/1866 424/1057/1055 3579/4086/4057
f 1136/2495/2480 1799/1873/1866 3579/4086/4057
f 3580/2378/2365 2859/3333/3309 3934/2379/2366
f 2859/3333/3309 3580/2378/2365 4796/3780/3754
f 132/766/766 2226/4161/4130 3581/1739/1732
f 132/766/766 3581/1739/1732 3145/1738/1731
f 3582/1373/1368 3914/3962/3933 1070/3960/3931
f 1335/520/520 3582/1373/1368 1070/3960/3931
f 966/107/107 3583/3757/3731 534/3755/3729
f 534/3755/3729 3648/2520/2505 2486/4310/4276
f 1607/4385/4349 3584/4387/4351 1333/306/306
f 4643/4388/4352 4871/4166/4135 1333/306/306
f 1476/2448/2435 3585/4537/4499 2893/572/572
f 2893/572/572 3585/4537/4499 517/548/548
f 3586/2400/2387 2582/1249/1244 955/524/524
f 955/524/524 86/2401/2388 3586/2400/2387
f 657/394/394 2157/1417/1412 3587/1232/1227
f 3587/1232/1227 4424/395/395 657/394/394
f 3588/2912/2893 3150/2911/2892 87/1746/1739
f 4221/4911/4851 3588/2912/2893 87/1746/1739
f 3589/2471/2456 3952/2470/2455 2512/1570/1565
f 3589/2471/2456 2512/1570/1565 4165/827/827
f 1193/4961/4895 3650/4731/4687 3590/4183/4152
f 1750/5080/2112 1780/4184/1179 3590/4183/4152
f 917/2728/2711 3591/1500/1495 3396/3657/3631
f 2464/2726/2709 3396/3657/3631 3591/1500/1495
f 2274/3836/3809 2905/3323/3299 3592/4102/4073
f 2905/3323/3299 1144/421/421 3592/4102/4073
f 1722/3887/3860 3593/3954/3925 3181/2345/2332
f 1722/3887/3860 4778/4862/4808 3593/3954/3925
f 3594/2725/2708 3805/1454/1449 858/3510/3484
f 2401/2724/2707 3594/2725/2708 3742/4532/4495
f 3595/1240/1235 1515/1653/1648 1057/1650/1645
f 2458/1651/1646 1515/1653/1648 3595/1240/1235
f 4069/4822/4771 3596/2350/2337 405/2282/2269
f 405/2282/2269 3596/2350/2337 1960/2283/2270
f 1076/4029/4000 2614/3980/3951 3597/3974/3945
f 1660/3973/3944 1076/4029/4000 3597/3974/3945
f 2185/4922/4862 3598/4702/4661 2098/870/869
f 2098/870/869 3598/4702/4661 4134/4741/4697
f 1989/1429/1424 1777/662/662 3599/1427/1422
f 3159/1426/1421 1989/1429/1424 3599/1427/1422
f 1001/4176/4145 3299/3799/3772 3600/1580/1575
f 3189/1579/1574 1001/4176/4145 3600/1580/1575
f 942/103/103 3601/1691/1686 2352/138/138
f 3601/1691/1686 942/103/103 2581/1692/1687
f 1980/2425/2412 3555/3985/3956 3602/4201/4169
f 3555/3985/3956 1670/2884/2865 3602/4201/4169
f 3603/3495/3469 128/790/790 2427/792/792
f 3603/3495/3469 2132/3498/3472 128/790/790
f 3983/2692/2677 3606/688/688 3604/687/687
f 2326/2032/2019 3983/2692/2677 3604/687/687
f 3712/857/857 3605/856/856 3058/5058/4982
f 3058/5058/4982 3605/856/856 3379/5065/4989
f 3983/2692/2677 585/2694/2679 3606/688/688
f 585/2694/2679 2409/3361/3337 3673/4173/4142
f 2647/2550/2535 3607/261/261 1241/2551/2536
f 1241/2551/2536 3607/261/261 2957/2611/2596
f 1021/2507/2492 3428/2311/2298 3608/3877/3850
f 3608/3877/3850 104/3875/3848 1021/2507/2492
f 3611/203/203 32/4556/4518 3609/1907/1899
f 32/4556/4518 1504/4038/4009 3609/1907/1899
f 4565/1409/1404 998/2061/2048 3610/2062/2049
f 2189/1410/1405 4565/1409/1404 3610/2062/2049
f 429/2965/2946 669/2964/2945 3611/203/203
f 669/2964/2945 32/4556/4518 3611/203/203
f 3612/3809/3782 2629/3811/3784 988/3805/3778
f 3612/3809/3782 990/3307/3283 2629/3811/3784
f 3613/875/874 2179/3142/3122 722/945/943
f 4465/2975/2956 2179/3142/3122 3613/875/874
f 809/2572/2557 4219/2813/2794 3614/2568/2553
f 3614/2568/2553 2455/2570/2555 809/2572/2557
f 3613/875/874 268/874/873 3615/1448/1443
f 268/874/873 3127/3420/3396 3615/1448/1443
f 3616/3303/3279 777/3310/3286 2369/3304/3280
f 4250/104/104 1875/3710/3684 777/3310/3286
f 1147/4106/4077 4213/2244/2231 3617/2243/2230
f 3619/4043/4014 4582/4107/4078 4799/2771/2753
f 764/50/50 3618/4229/4197 1047/1885/1878
f 1047/1885/1878 4951/3920/3893 1303/3919/3892
f 3619/4043/4014 1114/2770/2752 607/1568/1563
f 3619/4043/4014 4799/2771/2753 1114/2770/2752
f 1976/1682/1677 3620/67/67 6/66/66
f 3620/67/67 1976/1682/1677 3776/4877/4820
f 1512/3601/3575 3621/426/426 895/4564/4526
f 4463/4717/4674 895/4564/4526 3621/426/426
f 2712/4479/4442 3622/3915/3888 2259/1268/1263
f 3002/2483/2468 3622/3915/3888 2712/4479/4442
f 3623/3659/3633 918/1052/1050 861/3660/3634
f 2465/3658/3632 918/1052/1050 3623/3659/3633
f 8/62/62 2843/26/26 3624/25/25
f 4178/4707/4665 8/62/62 3624/25/25
f 530/2094/2081 861/3660/3634 3625/2095/2082
f 861/3660/3634 1464/1054/1052 3625/2095/2082
f 2400/3406/3382 810/1492/1487 3626/3762/3736
f 810/1492/1487 242/1495/1490 3626/3762/3736
f 956/3041/3021 1795/4769/4724 3627/837/837
f 956/3041/3021 3627/837/837 4145/839/839
f 113/702/702 2955/2777/2759 3628/3902/3875
f 113/702/702 3628/3902/3875 2892/3901/3874
f 2380/540/540 850/3500/3474 3629/542/542
f 850/3500/3474 3292/1989/1976 3629/542/542
f 1176/4153/4122 1100/3987/3958 3630/1188/1183
f 3630/1188/1183 2216/2184/2171 4004/2721/2704
f 3631/4949/2124 2175/2757/2739 435/2134/2121
f 3631/2137/2124 435/3951/2121 1860/1805/1798
f 4556/4925/4865 1705/2496/2481 3632/855/855
f 1705/2496/2481 3605/856/856 3632/855/855
f 3633/1566/1561 833/929/927 1142/4099/4070
f 3617/2243/2230 3633/1566/1561 1142/4099/4070
f 2659/1433/1428 3591/1500/1495 3634/5032/4959
f 3634/5032/4959 947/1224/1219 2659/1433/1428
f 609/2779/2761 3369/4262/4228 3635/646/646
f 609/2779/2761 3635/646/646 1664/645/645
f 294/1559/1554 3636/4539/4501 4484/941/939
f 294/1559/1554 3798/927/925 3636/4539/4501
f 438/2858/2839 3637/2149/2136 2056/2855/2836
f 4061/2148/2135 2056/2855/2836 3637/2149/2136
f 2917/364/364 3638/2865/2846 1171/2868/2849
f 639/2867/2848 1171/2868/2849 3638/2865/2846
f 4154/3104/3084 1558/3063/3043 3639/3105/3085
f 3912/4600/4562 3639/3105/3085 1558/3063/3043
f 3640/1939/1929 2407/111/111 387/136/136
f 3640/1939/1929 387/136/136 4013/1938/1928
f 3641/3867/3840 3008/1050/1048 2436/3868/3841
f 3641/3867/3840 2436/3868/3841 374/1820/1813
f 4454/1322/1317 3642/1698/1693 1524/4327/4292
f 3766/2237/2224 2583/2901/2882 1524/4327/4292
f 1710/4906/4848 3643/1145/1143 2806/1326/1321
f 3643/1145/1143 1710/4906/4848 202/1091/1089
f 2950/1027/1025 2971/2657/2642 3644/2162/2149
f 2971/2657/2642 4040/2658/2643 3644/2162/2149
f 3645/3262/3238 2414/2936/2917 660/309/309
f 3645/3262/3238 4920/268/268 1899/270/270
f 3646/2553/2538 3957/3575/3549 1208/303/303
f 3114/2554/2539 3646/2553/2538 1208/303/303
f 3404/4692/4651 182/1078/1076 3647/4970/4903
f 182/1078/1076 3312/974/972 3647/4970/4903
f 534/3755/3729 3583/3757/3731 3648/2520/2505
f 3583/3757/3731 1325/3756/3730 3648/2520/2505
f 132/766/766 676/768/768 3649/4965/4899
f 676/768/768 4287/4476/4439 4288/3226/3205
f 3650/4731/4687 1750/5080/2112 3590/4183/4152
f 3675/4977/4688 1750/5080/2112 3650/4731/4687
f 3651/4410/4373 1209/4208/4176 964/3225/3204
f 3651/4410/4373 964/3225/3204 350/4843/4791
f 3652/2880/2861 3572/4996/4924 3967/2544/2529
f 4388/2547/2532 3652/2880/2861 3967/2544/2529
f 3653/5008/4936 4315/1315/1310 2662/3052/3032
f 4753/1095/1093 2662/3052/3032 2370/1314/1309
f 2047/2630/2615 3494/2633/2618 3654/2632/2617
f 2047/2630/2615 3654/2632/2617 3061/5059/4983
f 3655/674/674 2767/3315/3291 2793/1497/1492
f 3655/674/674 902/2510/2495 2767/3315/3291
f 3084/4055/4026 392/3073/3053 3656/4508/4471
f 3656/4508/4471 392/3073/3053 2989/4509/4472
f 3657/3338/3314 3856/5081/4981 1330/4381/4345
f 4843/5056/4980 3856/5057/4981 3657/4239/3314
f 3604/687/687 4270/689/689 1188/2034/2021
f 4270/689/689 1801/4776/4728 1188/2034/2021
f 4741/428/428 452/3939/3912 3659/429/429
f 223/1236/1231 3659/429/429 452/3939/3912
f 1280/3377/3353 3660/2649/2634 3213/2625/2610
f 3660/2649/2634 1280/3377/3353 3331/5072/4996
f 323/610/610 3661/2251/2238 4248/2253/2240
f 3661/2251/2238 323/610/610 2954/4247/4213
f 885/3572/3546 4614/4288/4254 3662/2966/2947
f 814/2435/2422 885/3572/3546 3662/2966/2947
f 1628/1053/1051 1569/3777/3751 3663/4647/4608
f 1628/1053/1051 3663/4647/4608 3908/3517/3491
f 3664/3536/3510 930/3683/3657 1943/671/671
f 870/647/647 3664/3536/3510 1943/671/671
f 3665/4914/4854 2857/28/28 1185/10/10
f 3665/4914/4854 6/66/66 2857/28/28
f 2922/357/357 1630/3499/3473 3666/358/358
f 1630/3499/3473 849/1898/1890 3666/358/358
f 3667/648/648 106/629/629 1087/4762/4718
f 3667/648/648 1087/4762/4718 3198/2638/2623
f 974/253/253 3668/2219/2206 2322/254/254
f 2322/254/254 4218/4991/4919 2496/3768/3742
f 3669/2014/2001 1131/2016/2003 1624/2041/2028
f 3669/2014/2001 4498/2017/2004 1131/2016/2003
f 2891/2447/2434 3670/4174/4143 2633/4175/4144
f 1297/3508/3482 3670/4174/4143 2891/2447/2434
f 2725/3487/3461 3671/1221/1216 3679/3488/3462
f 3671/1221/1216 2725/3487/3461 2033/791/791
f 3672/413/413 3974/3825/3798 1793/4470/4433
f 1793/4470/4433 63/410/410 4589/4767/4722
f 3606/688/688 3673/4173/4142 3658/4172/4141
f 3606/688/688 585/2694/2679 3673/4173/4142
f 2020/1174/1169 2497/4893/4836 3674/3364/3340
f 2497/4893/4836 1279/3365/3341 3674/3364/3340
f 1749/4186/4154 3675/4977/4688 3650/4731/4687
f 2846/1151/1149 3675/4977/4688 1749/4186/4154
f 3676/1704/1699 2548/4324/4290 3575/5016/4944
f 333/4986/4916 3676/1704/1699 3575/5016/4944
f 3372/4493/4456 3677/741/741 647/772/772
f 3094/2888/2869 647/772/772 3677/741/741
f 1574/2943/2924 3678/1712/1707 335/377/377
f 335/377/377 3678/1712/1707 894/1709/1704
f 3679/3488/3462 4474/4398/4362 4234/3400/3376
f 3671/1221/1216 846/5047/4973 3679/3488/3462
f 834/2585/2570 3680/580/580 1767/3467/3441
f 834/2585/2570 4537/3838/3811 3680/580/580
f 3681/407/407 1174/4150/4119 4217/408/408
f 4723/3018/2998 1174/4150/4119 3681/407/407
f 3682/2216/2203 31/3176/3156 3487/2217/2204
f 3682/2216/2203 1234/4253/4219 4130/4946/4884
f 207/4733/4689 3683/1852/1845 2229/3661/3635
f 3675/4732/4688 3683/1852/1845 207/4733/4689
f 41/285/285 3684/2109/2096 1869/4748/4704
f 1768/3192/3172 1869/4748/4704 3684/2109/2096
f 3685/786/786 1703/2774/2756 3619/4043/4014
f 3685/786/786 3508/785/785 1703/2774/2756
f 2975/2307/2294 3686/2306/2293 696/4601/4563
f 696/4601/4563 4829/3054/3034 2104/919/917
f 3687/3064/3044 4116/3994/3965 1790/4765/4721
f 3687/3064/3044 1790/4765/4721 3244/4020/3991
f 3402/1483/1478 1797/3133/3113 3688/3576/3550
f 720/2199/2186 3688/3576/3550 1797/3133/3113
f 3689/5041/4968 994/3828/3801 2281/3826/3799
f 2744/361/361 3689/5041/4968 2281/3826/3799
f 3352/1246/1241 901/1245/1240 3690/1250/1245
f 3690/1250/1245 901/1245/1240 147/873/872
f 3691/3469/3443 1168/4141/2803 3412/883/882
f 622/2819/2800 1168/4141/2803 3691/3469/3443
f 1493/931/929 3692/1643/1638 4185/1794/1787
f 160/1340/1335 3692/1643/1638 1493/931/929
f 3693/4672/4631 1252/3713/3687 465/2252/2239
f 3693/4672/4631 465/2252/2239 4400/4673/4632
f 1645/4075/4046 3694/1290/1285 234/4076/4047
f 3694/1290/1285 1376/2327/2314 234/4076/4047
f 2078/928/926 280/3181/3161 3695/3182/3162
f 2880/970/968 3695/3182/3162 280/3181/3161
f 3475/4359/4324 3696/3037/3017 1314/3032/3012
f 1314/3032/3012 3696/3037/3017 3240/3036/3016
f 552/3466/3440 3033/2582/2567 3697/2581/2566
f 3447/3724/3698 552/3466/3440 3697/2581/2566
f 3888/4000/3971 3698/427/427 507/3598/3572
f 3698/427/427 3621/426/426 507/3598/3572
f 1379/3549/3523 3699/4738/4694 1753/3550/3524
f 2733/4371/4336 3699/4738/4694 1379/3549/3523
f 830/3454/3428 2566/3453/3427 3700/3456/3430
f 830/3454/3428 3700/3456/3430 3146/3372/3348
f 4545/710/710 121/735/735 3701/708/708
f 3701/708/708 121/735/735 4138/734/734
f 3863/3405/3381 3702/1493/1488 810/1492/1487
f 1909/2714/2699 4596/3745/3719 3863/3405/3381
f 1436/3224/3203 3703/1772/1765 749/1777/1770
f 749/1777/1770 3703/1772/1765 3707/595/595
f 648/2900/2881 3704/2902/2883 240/1849/1842
f 1679/1318/1313 240/1849/1842 3704/2902/2883
f 3705/1966/1956 4715/4803/4755 701/3069/3049
f 2211/1967/1888 3705/1966/1956 701/3069/3049
f 17/3737/3711 3706/4524/4487 2019/87/87
f 17/3737/3711 2319/2700/2685 4415/1670/1665
f 3707/595/595 1809/594/594 871/4784/4736
f 3707/595/595 871/4784/4736 749/1777/1770
f 937/2841/2822 3708/3766/3740 972/820/820
f 3058/5058/4982 4099/3700/3674 937/2841/2822
f 1301/5062/4986 2556/4668/4627 3709/60/60
f 1301/5062/4986 3709/60/60 711/59/59
f 1707/2053/2040 3710/3494/3468 2214/4535/4498
f 2214/4535/4498 3710/3494/3468 1475/4058/4029
f 3711/1456/1451 1146/1459/1454 999/1461/1456
f 3711/1456/1451 4867/3835/3808 1146/1459/1454
f 3712/857/857 3058/5058/4982 2114/4928/4868
f 479/897/896 3712/857/857 2114/4928/4868
f 3713/43/43 1219/3663/3637 4403/4230/4198
f 12/71/71 1219/3663/3637 3713/43/43
f 3714/4852/4800 2403/952/950 4343/954/952
f 3714/4852/4800 1094/5048/4974 2850/4012/3983
f 45/302/302 224/304/304 3715/330/330
f 3715/330/330 224/304/304 2418/3574/3548
f 3716/4789/4741 98/1355/1350 4775/4849/4797
f 3716/4789/4741 2415/3614/3588 98/1355/1350
f 3717/3108/3088 711/59/59 3041/2084/2071
f 1301/5062/4986 711/59/59 3717/3108/3088
f 3453/209/209 3718/4008/3979 1092/210/210
f 3718/4008/3979 1719/4010/3981 1092/210/210
f 3719/5027/4954 2332/4993/4921 2623/2462/2448
f 3719/5027/4954 2623/2462/2448 4/11/11
f 3670/4174/4143 3720/4775/4727 1800/2775/2757
f 3375/2850/2831 1800/2775/2757 3720/4775/4727
f 3707/595/595 3721/1773/1766 4065/593/593
f 1796/4177/4146 1190/4180/4149 3721/1773/1766
f 3722/622/622 3932/1354/1349 247/3152/3132
f 3722/622/622 247/3152/3132 1313/3154/3134
f 164/979/977 3723/1424/1419 3089/1817/1810
f 164/979/977 3838/978/976 3723/1424/1419
f 4869/4819/4768 231/3217/3197 3724/959/957
f 231/3217/3197 1846/960/958 3724/959/957
f 3725/1479/1474 2038/4144/4113 243/2296/2283
f 2349/4898/4840 2038/4144/4113 3725/1479/1474
f 2682/2475/2460 3726/2474/2459 2509/2183/2170
f 2509/2183/2170 3726/2474/2459 447/3814/3787
f 1864/1299/1294 2731/1021/1019 3727/4811/4761
f 2219/1297/1292 1864/1299/1294 3727/4811/4761
f 4181/423/423 1572/4608/4570 3728/2223/2210
f 3728/2223/2210 1572/4608/4570 3678/1712/1707
f 1244/1657/1652 3729/4494/4457 487/4269/4235
f 487/4269/4235 3729/4494/4457 3372/4493/4456
f 604/2760/2742 2171/3380/3356 3730/825/825
f 522/2761/2743 604/2760/2742 3730/825/825
f 3731/2561/2546 546/251/251 3496/2562/2547
f 3731/2561/2546 545/2557/2542 546/251/251
f 2419/2058/2045 341/1737/1730 3732/5004/4932
f 417/754/754 2419/2058/2045 4858/755/755
f 3278/312/312 1979/3599/3573 3733/313/313
f 1979/3599/3573 1512/3601/3575 3733/313/313
f 3734/2067/2054 845/781/781 717/3122/3102
f 3734/2067/2054 2083/2059/2046 845/781/781
f 1499/2189/2176 3735/724/724 4768/3533/3507
f 275/4552/4514 3735/724/724 1499/2189/2176
f 3736/1022/1020 1491/4014/3985 1880/1307/1302
f 3736/1022/1020 3016/2973/2954 1491/4014/3985
f 3737/2665/2650 1395/484/484 3792/2527/2512
f 1395/484/484 3737/2665/2650 80/485/485
f 2395/2072/2059 3738/3103/3083 3784/3662/3636
f 920/2071/2058 2217/3921/3894 4713/4963/4897
f 4592/2644/2629 3515/1266/1261 3739/936/934
f 3739/936/934 3911/938/936 571/4640/4602
f 2968/2622/2607 2012/3692/3666 3740/3693/3667
f 934/1937/1927 3740/3693/3667 2012/3692/3666
f 688/1974/1961 393/3027/3007 3741/3066/3046
f 688/1974/1961 3741/3066/3046 3568/3065/3045
f 3742/4532/4495 3594/2725/2708 858/3510/3484
f 3742/4532/4495 858/3510/3484 4115/4228/4196
f 1287/3784/3758 3743/2476/2461 1694/3667/3641
f 3119/2978/2959 3743/2476/2461 1287/3784/3758
f 4772/3021/3001 2149/3020/3000 3744/3584/3558
f 3744/3584/3558 1771/90/90 686/2388/2375
f 3745/4626/4588 1843/2589/2574 2347/129/129
f 1600/2590/2575 1843/2589/2574 3745/4626/4588
f 3194/1784/1777 3746/1768/1761 348/809/809
f 348/809/809 3746/1768/1761 4815/810/810
f 3747/479/479 258/507/507 2590/480/480
f 3747/479/479 3449/1400/1395 258/507/507
f 3748/123/123 3572/4996/4924 423/2882/2863
f 4380/2085/2072 3748/123/123 423/2882/2863
f 1696/1999/1986 3749/193/193 2772/195/195
f 4927/4697/4656 3749/193/193 1696/1999/1986
f 3750/355/355 4910/5066/4990 3228/356/356
f 1784/4760/4716 4907/320/320 4909/4761/4717
f 3751/4384/4348 877/2393/2380 1958/2354/2341
f 4136/4383/4347 3751/4384/4348 4605/4040/4011
f 3752/4252/4218 4940/4251/4217 1233/1023/1021
f 3752/4252/4218 2469/1620/1615 2737/3588/3562
f 3753/4360/4325 3232/2790/2772 1315/1629/1624
f 3232/2790/2772 3753/4360/4325 1820/4274/4240
f 3754/2787/2769 3753/4360/4325 612/854/854
f 3754/2787/2769 4802/794/794 321/2788/2770
f 3755/789/789 1055/788/788 778/3314/3290
f 1000/3837/3810 3755/789/789 778/3314/3290
f 1330/4381/4345 3756/4382/4346 4708/3336/3312
f 1330/4381/4345 3856/5081/4981 3756/4382/4346
f 3463/840/840 3757/823/823 4000/841/841
f 148/2640/2625 3811/2641/2626 1534/895/894
f 1934/1031/1029 3758/949/947 1807/3354/3330
f 2112/3355/3331 1807/3354/3330 3758/949/947
f 3759/5002/4930 698/2312/2299 1018/3870/3843
f 3759/5002/4930 2389/487/487 698/2312/2299
f 3760/1756/1749 716/4343/4308 4323/4791/4743
f 2638/4341/4306 716/4343/4308 3760/1756/1749
f 3761/940/938 3763/1560/1555 2499/1562/1557
f 235/4754/4710 3761/940/938 4453/1296/1291
f 1396/4460/4423 3985/4550/4512 3762/601/601
f 3762/601/601 95/603/603 1396/4460/4423
f 1477/993/991 3763/1560/1555 235/4754/4710
f 3763/1560/1555 3761/940/938 235/4754/4710
f 3764/3895/3868 581/2366/2353 2144/4566/4528
f 3764/3895/3868 2144/4566/4528 1517/366/366
f 2920/3202/3182 3765/3200/3180 743/3831/3804
f 743/3831/3804 3765/3200/3180 2998/3832/3805
f 3642/1698/1693 3766/2237/2224 1524/4327/4292
f 3766/2237/2224 3642/1698/1693 43/1700/1695
f 1130/173/173 3767/4079/4050 600/2484/2469
f 2547/172/172 3767/4079/4050 1130/173/173
f 444/257/257 3768/4683/4642 1973/1233/1228
f 1973/1233/1228 4705/367/367 2942/3930/3903
f 3769/966/964 338/5025/4952 821/4865/4810
f 4814/983/981 821/4865/4810 1774/2651/2636
f 882/297/297 3770/3566/3540 707/298/298
f 3770/3566/3540 4080/4633/4595 707/298/298
f 181/1082/1080 3771/4004/3975 1714/2983/2964
f 1714/2983/2964 3771/4004/3975 4253/3043/3023
f 4495/4750/4706 29/2215/2202 3772/187/187
f 2393/4854/4802 3772/187/187 1942/178/178
f 3773/242/242 1437/288/288 1690/2543/2528
f 3340/241/241 1437/288/288 3773/242/242
f 461/2232/2219 2240/2616/2601 3774/2233/2220
f 3774/2233/2220 2240/2616/2601 4590/78/78
f 2202/3243/3222 3370/4606/4568 3775/4376/4340
f 3248/3244/3223 2202/3243/3222 3775/4376/4340
f 3524/4878/4821 16/100/100 3776/4877/4820
f 3776/4877/4820 16/100/100 3620/67/67
f 2888/2294/2281 3777/4438/4401 843/4257/4223
f 3777/4438/4401 2888/2294/2281 3202/2293/2280
f 3778/5017/4945 2550/2601/2586 2802/2600/2585
f 3778/5017/4945 2879/4295/4261 2550/2601/2586
f 3779/4788/4740 3716/4789/4741 1932/3795/3768
f 3779/4788/4740 1932/3795/3768 3781/579/579
f 3780/2367/2354 3764/3895/3868 1028/3893/3866
f 2987/4325/4291 3780/2367/2354 1028/3893/3866
f 3781/579/579 1736/578/578 309/571/571
f 309/571/571 3779/4788/4740 3781/579/579
f 1416/1382/1377 3182/477/477 3782/4484/4447
f 1416/1382/1377 3782/4484/4447 1350/1401/1396
f 230/1270/1265 3992/1272/1267 3783/2708/2693
f 3245/2709/2694 230/1270/1265 3783/2708/2693
f 4713/4963/4897 2217/3921/3894 3784/3662/3636
f 3784/3662/3636 2217/3921/3894 1219/3663/3637
f 1202/4199/4167 3785/4045/4016 254/396/396
f 254/396/396 3785/4045/4016 2858/4046/4017
f 3786/566/566 638/2339/2326 1667/567/567
f 638/2339/2326 3786/566/566 2467/1601/1596
f 2225/756/756 3787/693/693 1032/3006/2986
f 2225/756/756 1179/4160/4129 3787/693/693
f 2802/2600/2585 1093/1504/1499 3788/4009/3980
f 3788/4009/3980 1093/1504/1499 2193/1502/1497
f 193/1110/1108 3789/4714/4671 2109/2370/2357
f 3789/4714/4671 193/1110/1108 2266/3472/3446
f 3790/3173/3153 25/156/156 3172/2523/2508
f 3790/3173/3153 3172/2523/2508 3815/5082/4998
f 4890/2007/1994 3791/2009/1996 1503/4555/4517
f 1503/4555/4517 3839/3447/3421 343/3927/3900
f 1183/4167/4136 2310/2528/2513 3792/2527/2512
f 1395/484/484 1183/4167/4136 3792/2527/2512
f 3793/2234/2221 2540/4444/4407 1561/4603/4565
f 1561/4603/4565 4005/3704/3678 3793/2234/2221
f 3794/1300/1295 3783/2708/2693 3992/1272/1267
f 3794/1300/1295 236/2710/2695 3796/2711/2696
f 2051/1319/1314 3795/265/265 3361/1317/1312
f 2051/1319/1314 43/1700/1695 3795/265/265
f 3783/2708/2693 3796/2711/2696 3893/4474/4437
f 3783/2708/2693 3794/1300/1295 3796/2711/2696
f 975/2141/2128 1266/2143/2130 3797/3774/3748
f 3797/3774/3748 1266/2143/2130 437/3776/3750
f 3636/4539/4501 3798/927/925 1480/1565/1560
f 1480/1565/1560 3798/927/925 833/929/927
f 1475/4058/4029 3710/3494/3468 3799/348/348
f 3799/348/348 2707/4056/4027 1475/4058/4029
f 1852/656/656 3800/1994/1981 2575/1991/1978
f 3800/1994/1981 2227/3502/3476 2575/1991/1978
f 1789/2422/2409 3801/2421/2408 2639/4330/4295
f 3801/2421/2408 1304/4333/4298 2639/4330/4295
f 3802/3778/3752 976/3775/3749 3797/3774/3748
f 3797/3774/3748 437/3776/3750 3802/3778/3752
f 3803/4019/3990 2679/89/89 3687/3064/3044
f 3803/4019/3990 2019/87/87 2679/89/89
f 464/2618/2603 3162/2246/2233 3804/2245/2232
f 2344/4931/4871 464/2618/2603 3804/2245/2232
f 2863/3723/3697 53/3511/3485 3805/1454/1449
f 38/1435/1430 4518/1436/1431 3805/1454/1449
f 2299/4138/4109 3473/440/440 3806/1254/1249
f 3806/1254/1249 1316/4361/4326 2299/4138/4109
f 3807/3679/3653 1023/2082/2069 678/2081/2068
f 678/2081/2068 1708/2988/2969 3807/3679/3653
f 1316/4361/4326 3806/1254/1249 3808/1256/1251
f 3832/581/581 1316/4361/4326 3808/1256/1251
f 4410/2861/2842 3809/586/586 490/2340/2327
f 3809/586/586 3010/4281/4247 490/2340/2327
f 3810/2827/2808 2136/2200/2187 453/2829/2810
f 3810/2827/2808 453/2829/2810 2453/2828/2809
f 3757/823/823 3811/2641/2626 148/2640/2625
f 3757/823/823 1842/3178/3158 3811/2641/2626
f 3083/1803/1796 2340/4195/4163 4256/1804/1797
f 4256/1804/1797 2340/4195/4163 1199/4185/4153
f 1931/2540/2525 3813/666/666 679/668/668
f 1931/2540/2525 3309/715/715 3813/666/666
f 3814/4841/4789 921/1855/1848 523/3665/3639
f 3814/4841/4789 523/3665/3639 448/2719/2702
f 1283/2522/2507 3815/5082/4998 3172/2523/2508
f 3853/3171/3151 3790/3173/3153 3815/5082/4998
f 83/467/467 3816/3833/3806 2011/552/552
f 997/3834/3807 3816/3833/3806 83/467/467
f 3817/275/275 1133/1899/1891 3113/4081/4052
f 1133/1899/1891 3817/275/275 3258/274/274
f 2122/4929/4869 3818/926/924 1393/4089/4060
f 4477/924/922 3818/926/924 2122/4929/4869
f 1579/1971/1958 3876/375/375 2329/4613/4575
f 3876/375/375 1154/2937/2918 2329/4613/4575
f 3825/2121/2108 1536/2122/2109 3820/2749/2731
f 1817/3378/3354 3820/2749/2731 2671/3385/3361
f 3821/4533/4496 3705/1966/1956 1151/1968/1887
f 4332/4536/3967 3821/4533/4496 1151/1968/1887
f 3822/2441/2428 1309/4353/4318 4241/2442/2429
f 3822/2441/2428 1310/294/294 1309/4353/4318
f 3823/4659/4618 462/326/326 583/2686/2671
f 4756/2287/2274 3823/4659/4618 583/2686/2671
f 3824/4486/4449 1419/3335/3311 1037/3905/3878
f 3824/4486/4449 2346/3339/3315 1419/3335/3311
f 1817/3378/3354 3213/2625/2610 3825/2121/2108
f 3820/2749/2731 1817/3378/3354 3825/2121/2108
f 3826/5011/4939 1155/4115/4086 3345/5012/4940
f 2484/1058/1056 3826/5011/4939 3345/5012/4940
f 3827/2458/2444 687/2457/506 1338/5083/505
f 2822/4393/4357 3827/2458/2444 1338/5083/505
f 3828/1141/1139 1620/2941/2922 4164/1142/1140
f 3828/1141/1139 3345/5012/4940 1620/2941/2922
f 427/2738/2721 2194/4125/4096 3829/4686/4645
f 3829/4686/4645 2194/4125/4096 3265/4126/4097
f 3152/1070/1068 192/1534/1529 3830/1334/1329
f 3830/1334/1329 192/1534/1529 3165/1332/1327
f 1652/4503/4466 3831/4802/4754 2335/619/619
f 3831/4802/4754 346/620/620 2335/619/619
f 2396/2579/2564 2153/4363/4328 3832/581/581
f 2153/4363/4328 1316/4361/4326 3832/581/581
f 3833/458/458 1471/1578/1573 553/3725/3699
f 2597/459/459 3833/458/458 553/3725/3699
f 315/1485/1480 2331/1484/1479 3834/1637/1632
f 1081/3988/3959 315/1485/1480 3834/1637/1632
f 3835/2359/2346 911/80/80 1556/4551/4513
f 967/2358/2345 911/80/80 3835/2359/2346
f 4543/4132/4103 2615/1336/1331 3836/4998/4926
f 2715/1335/1330 3836/4998/4926 2615/1336/1331
f 3837/3567/3541 2973/4154/4123 4038/4614/4576
f 1177/4628/4590 2973/4154/4123 3837/3567/3541
f 3838/978/976 4376/2303/2290 362/1425/1420
f 3723/1424/1419 3838/978/976 362/1425/1420
f 3791/2009/1996 3861/527/527 1503/4555/4517
f 3791/2009/1996 2022/528/528 3861/527/527
f 1819/904/903 763/3270/3246 4173/4464/4427
f 4173/4464/4427 763/3270/3246 454/1880/1873
f 3841/3091/3071 3906/4272/4238 2354/227/227
f 3906/4272/4238 3841/3091/3071 2872/3093/3073
f 1015/2954/2935 3842/1747/1740 408/492/492
f 87/1746/1739 408/492/492 3842/1747/1740
f 1806/1423/1418 1078/1628/1623 3843/901/900
f 1806/1423/1418 3843/901/900 3723/1424/1419
f 1620/2941/2922 3844/4224/4192 211/1194/1189
f 1620/2941/2922 3345/5012/4940 3844/4224/4192
f 1307/5003/4931 2527/4351/4316 3845/4350/4315
f 3845/4350/4315 3235/2960/2941 1307/5003/4931
f 772/4972/4905 2032/3297/3273 3846/4531/4494
f 4016/2962/2943 2251/284/284 772/4972/4905
f 1655/3752/3726 3847/2187/2174 2196/3753/3727
f 3834/1637/1632 3847/2187/2174 1655/3752/3726
f 3848/2206/2193 1357/3677/3651 3346/2205/2192
f 1162/2166/2153 3848/2206/2193 3346/2205/2192
f 3849/1060/1058 4842/1059/1057 176/1041/1039
f 1559/1064/1062 3849/1060/1058 176/1041/1039
f 3850/4597/4559 2140/1993/1980 2516/4734/4690
f 3401/3157/3137 2140/1993/1980 3850/4597/4559
f 2493/3084/3064 3851/3544/3518 3357/3085/3065
f 3851/3544/3518 4839/3083/3063 3357/3085/3065
f 1955/530/530 95/603/603 3852/4863/4809
f 95/603/603 2423/2833/2814 3852/4863/4809
f 3853/3171/3151 3815/5082/4998 1283/2522/2507
f 1935/4554/4516 3853/3171/3151 1283/2522/2507
f 1237/1596/1591 302/1280/1275 3854/2890/2871
f 302/1280/1275 4060/1279/1274 3980/1594/1589
f 2954/4247/4213 910/568/568 3855/1663/1658
f 2954/4247/4213 3855/1663/1658 3661/2251/2238
f 3756/4382/4346 3856/5081/4981 2739/865/844
f 3856/5057/4981 3000/845/845 2739/844/844
f 3857/1048/1046 1270/3801/3774 191/3803/3776
f 3857/1048/1046 191/3803/3776 1054/2705/2690
f 3858/2008/1995 81/2953/2934 2022/528/528
f 3858/2008/1995 3842/1747/1740 81/2953/2934
f 3859/4435/4398 1128/314/314 2897/4987/4917
f 3859/4435/4398 1376/2327/2314 1128/314/314
f 2489/4779/4731 3860/783/783 3561/4259/4225
f 845/781/781 3860/783/783 2489/4779/4731
f 3839/3447/3421 3861/527/527 2010/3281/3257
f 3861/527/527 3839/3447/3421 1503/4555/4517
f 401/4579/4541 3862/2030/2017 1533/2004/1991
f 4221/4911/4851 3862/2030/2017 401/4579/4541
f 1479/1329/1324 3863/3405/3381 4322/1330/1325
f 451/3748/3722 3863/3405/3381 1479/1329/1324
f 407/4858/4804 2821/2031/2018 3864/2033/2020
f 3864/2033/2020 4267/3509/3483 4604/4859/4805
f 3865/2194/2181 210/2193/2180 451/3748/3722
f 451/3748/3722 1479/1329/1324 3865/2194/2181
f 3866/4982/4912 923/1986/1973 685/491/491
f 685/491/491 2290/3015/2995 3866/4982/4912
f 4102/2346/2333 492/3325/3301 3867/3324/3300
f 1598/3744/3718 103/3000/2981 3867/3324/3300
f 3868/3245/3224 3380/631/631 1149/1762/1755
f 3868/3245/3224 1149/1762/1755 754/1764/1757
f 2408/1154/1152 3869/1153/1151 4300/2123/2110
f 3958/3639/3613 1193/4961/4895 3869/1153/1151
f 3870/1675/1670 79/4885/4828 4989/4866/4811
f 4688/1672/1667 79/4885/4828 3870/1675/1670
f 3871/1412/1407 3610/2062/2049 1578/2063/2050
f 228/1413/1408 3871/1412/1407 1578/2063/2050
f 3740/3693/3667 3872/4467/4430 1971/2623/2608
f 1971/2623/2608 3872/4467/4430 564/1901/1893
f 1355/4128/4099 3873/733/733 1163/4129/4100
f 1355/4128/4099 4541/4995/4923 3873/733/733
f 1226/2390/2377 3874/3023/3003 4506/3022/3002
f 1226/2390/2377 3744/3584/3558 3874/3023/3003
f 3875/291/291 1374/290/290 2561/4432/4395
f 3875/291/291 2561/4432/4395 4373/4839/4787
f 3876/375/375 3819/3028/3008 1154/2937/2918
f 1870/374/374 3819/3028/3008 3876/375/375
f 3877/2906/2887 649/1593/1588 3900/2905/2886
f 2864/2889/2870 649/1593/1588 4384/2909/2890
f 1161/2102/2089 3878/2101/2088 3023/4213/4181
f 3878/2101/2088 34/185/185 3023/4213/4181
f 3879/2923/2904 2287/4505/4468 654/1488/1483
f 2287/4505/4468 3879/2923/2904 1442/1708/1703
f 3880/526/526 2152/583/583 2648/4896/4838
f 3880/526/526 2648/4896/4838 86/2401/2388
f 3881/2/2 2757/3523/3497 2/1685/1680
f 3881/2/2 2/1685/1680 329/3186/3166
f 3882/2979/2960 979/4373/4338 433/1853/1846
f 3882/2979/2960 3397/4374/1148 979/4373/4338
f 2632/4917/4857 3883/1438/1433 4654/4593/4555
f 2528/1397/1392 3883/1438/1433 2632/4917/4857
f 2709/608/608 3884/641/641 726/609/609
f 726/609/609 3884/641/641 4117/4974/4907
f 3885/3747/3721 1909/2714/2699 3863/3405/3381
f 3484/3746/3720 1909/2714/2699 3885/3747/3721
f 518/2451/2438 3886/2228/2215 2316/2230/2217
f 518/2451/2438 1951/3/3 3886/2228/2215
f 1944/2455/2442 3887/2586/2571 2990/1965/1955
f 3887/2586/2571 1944/2455/2442 3919/4855/446
f 3888/4000/3971 2263/509/509 3198/2638/2623
f 507/3598/3572 2263/509/509 3888/4000/3971
f 1164/352/352 3889/4133/4104 2997/4135/4106
f 4463/4717/4674 3889/4133/4104 1164/352/352
f 1139/4095/4066 1552/784/784 3890/1437/1432
f 2441/2298/2285 1139/4095/4066 3890/1437/1432
f 1964/4394/4358 2915/2857/2838 3891/1210/1205
f 2915/2857/2838 217/1201/1196 3891/1210/1205
f 3117/3048/3028 694/4630/4592 3892/1720/1715
f 694/4630/4592 2228/4966/4900 3892/1720/1715
f 3783/2708/2693 3893/4474/4437 590/1018/1016
f 2139/1467/1462 4308/1466/1461 3893/4474/4437
f 3894/1905/1897 1949/3117/3097 4385/4861/4807
f 1949/3117/3097 3894/1905/1897 380/1904/1896
f 3895/898/897 1495/1815/1808 3371/1816/1809
f 1873/1813/1806 1495/1815/1808 3895/898/897
f 3896/573/573 1889/3849/3822 85/3513/3487
f 3896/573/573 85/3513/3487 2963/574/574
f 737/1306/1301 3897/4794/4746 1656/3184/3164
f 737/1306/1301 4619/4104/4075 3897/4794/4746
f 189/4891/4834 3898/1093/1091 4456/4872/1720
f 189/4891/4834 4585/4890/4833 3898/1093/1091
f 3899/3461/3435 832/3183/3163 3022/3462/3436
f 2188/2802/2783 832/3183/3163 3899/3461/3435
f 623/1604/1599 4869/4819/4768 3900/2905/2886
f 3900/2905/2886 649/1593/1588 623/1604/1599
f 529/1470/1465 4719/2500/2485 3901/1477/1472
f 3901/1477/1472 274/1476/1471 529/1470/1465
f 3902/782/782 1382/4443/4406 130/1719/1714
f 3902/782/782 130/1719/1714 3860/783/783
f 4826/385/385 1403/1841/1834 3903/1839/1832
f 3949/2316/2303 3903/1839/1832 1403/1841/1834
f 2445/3619/3593 3904/3486/3460 1803/847/847
f 1803/847/847 3904/3486/3460 2489/4779/4731
f 3905/4660/4619 1469/324/324 1651/1831/1824
f 4170/4528/4491 1217/2904/2885 1469/324/324
f 3205/267/267 2354/227/227 3906/4272/4238
f 1260/4292/4258 3205/267/267 3906/4272/4238
f 2368/383/383 1121/360/360 3907/362/362
f 3971/4978/4909 2017/3827/3800 2368/383/383
f 3663/4647/4608 1588/3779/3753 3908/3517/3491
f 1588/3779/3753 2141/1034/1032 3908/3517/3491
f 1082/3990/3961 1464/1054/1052 3909/3519/3493
f 1464/1054/1052 3908/3517/3491 3909/3519/3493
f 739/3189/3169 3910/3191/3171 1687/4688/4647
f 1833/47/47 3910/3191/3171 4786/53/53
f 1730/937/935 1124/4065/4036 3911/938/936
f 3911/938/936 1124/4065/4036 2115/4067/4038
f 3912/4600/4562 710/2079/2066 920/2071/2058
f 2764/3062/3042 4973/3452/3426 3912/4600/4562
f 3913/1431/1426 2443/3196/3176 1291/1556/1551
f 1777/662/662 3913/1431/1426 1291/1556/1551
f 3914/3962/3933 2163/3345/3321 1850/3347/3323
f 3582/1373/1368 2163/3345/3321 3914/3962/3933
f 3915/3100/3080 107/3099/3079 1451/630/630
f 3916/4515/4478 1451/630/630 344/3699/3673
f 3916/4515/4478 3915/3100/3080 1451/630/630
f 936/4674/4633 3915/3100/3080 3916/4515/4478
f 3029/4219/4187 3917/5051/4977 1213/1133/1131
f 1213/1133/1131 3917/5051/4977 3426/1134/1132
f 3918/1750/1743 3416/2824/2805 4660/4300/4266
f 3918/1750/1743 2234/3697/3671 1518/717/717
f 68/4856/3503 3887/2586/2571 3919/4855/446
f 4075/3530/3504 68/3529/3503 3919/446/446
f 4175/1365/1360 725/2325/2312 3920/1366/1361
f 3920/1366/1361 725/2325/2312 1376/2327/2314
f 2004/180/180 3921/2970/2951 2687/2138/2125
f 2004/180/180 2969/2139/2126 3921/2970/2951
f 3922/1364/1359 3920/1366/1361 3694/1290/1285
f 3694/1290/1285 2433/1289/1284 3922/1364/1359
f 3923/3880/3853 1022/3878/3851 358/1149/1147
f 2340/4195/4163 3923/3880/3853 358/1149/1147
f 496/1942/1932 966/107/107 3924/1940/1930
f 2023/106/106 3924/1940/1930 966/107/107
f 3795/265/265 3925/2894/2875 1677/2896/2877
f 3795/265/265 43/1700/1695 3925/2894/2875
f 3926/3484/3458 440/169/169 1770/2155/2142
f 3502/3898/3871 440/169/169 3926/3484/3458
f 3927/753/753 4240/3269/3245 129/775/775
f 3927/753/753 129/775/775 4316/4592/4554
f 2815/197/197 3928/196/196 839/213/213
f 3928/196/196 1977/258/258 839/213/213
f 220/489/489 2910/4680/4639 3929/2310/2297
f 3929/2310/2297 480/2309/2296 220/489/489
f 858/3510/3484 269/1452/1447 3930/4431/4394
f 269/1452/1447 1910/1223/1218 3930/4431/4394
f 2974/2364/2351 3931/2365/2352 1293/3892/3865
f 378/1893/1886 4153/1892/1885 3931/2365/2352
f 2261/3557/3531 3932/1354/1349 3722/622/622
f 879/592/592 3932/1354/1349 2261/3557/3531
f 3933/3237/3216 3452/4062/4033 1370/4425/4388
f 3933/3237/3216 1370/4425/4388 126/778/778
f 3934/2379/2366 4477/924/922 3298/3233/3212
f 150/4077/4048 3934/2379/2366 3298/3233/3212
f 3935/4109/4080 3899/3461/3435 1148/1107/1105
f 3935/4109/4080 1148/1107/1105 1933/4544/4506
f 3936/2989/2970 2062/3682/3656 3807/3679/3653
f 3936/2989/2970 1185/10/10 2062/3682/3656
f 1642/2012/1999 3937/1868/1861 4790/5068/4992
f 2431/2011/1998 3937/1868/1861 1642/2012/1999
f 3938/5084/1903 190/1075/1073 1890/2743/2726
f 190/1075/1073 4960/1045/1043 1485/1044/1042
f 3939/1754/1747 2387/4209/4177 1209/4208/4176
f 1182/4165/4134 2387/4209/4177 3939/1754/1747
f 2399/3763/3737 1405/3407/3383 3940/1333/1328
f 3830/1334/1329 3940/1333/1328 1405/3407/3383
f 740/4317/4283 959/2112/2099 3941/2114/2101
f 1768/3192/3172 740/4317/4283 3941/2114/2101
f 3942/2113/2100 951/3728/3702 3941/2114/2101
f 2969/2139/2126 951/3728/3702 3942/2113/2100
f 3943/1182/1177 1855/2181/2168 213/2473/2458
f 1855/2181/2168 3943/1182/1177 3954/4902/4844
f 3944/3703/3677 939/1929/1919 4430/1931/1921
f 2685/36/36 939/1929/1919 3944/3703/3677
f 929/3680/3654 3408/2452/2439 3945/19/19
f 1023/2082/2069 929/3680/3654 3945/19/19
f 2145/4684/4643 1681/500/500 3946/3573/3547
f 767/3279/3255 2145/4684/4643 3946/3573/3547
f 3946/3573/3547 2172/495/495 3947/1763/1756
f 2172/495/495 89/2423/2410 3947/1763/1756
f 3067/3296/3272 1301/5062/4986 3948/4339/4304
f 3948/4339/4304 1301/5062/4986 3717/3108/3088
f 3949/2316/2303 1941/4499/4462 3903/1839/1832
f 3949/2316/2303 2795/4500/4463 1941/4499/4462
f 1827/1553/1548 3950/1543/1538 1912/2047/2034
f 2561/4432/4395 1912/2047/2034 4373/4839/4787
f 2405/1006/1004 2243/2985/2966 3951/3079/3059
f 244/2984/2965 3956/2986/2967 3951/3079/3059
f 1661/2469/2454 2512/1570/1565 3952/2470/2455
f 2646/2697/2682 1661/2469/2454 3952/2470/2455
f 3953/2392/2379 2635/2107/2094 1417/166/166
f 3953/2392/2379 494/2395/2382 2635/2107/2094
f 1855/2181/2168 3954/4902/4844 450/1213/1208
f 4378/2691/2676 2780/2190/2177 450/1213/1208
f 3197/4814/4764 3955/3357/3333 4303/5073/4997
f 3955/3357/3333 3444/132/132 4303/5073/4997
f 2405/1006/1004 3956/2986/2967 172/1007/1005
f 2405/1006/1004 3951/3079/3059 3956/2986/2967
f 3646/2553/2538 1481/4540/4502 3957/3575/3549
f 3957/3575/3549 1481/4540/4502 887/1241/1236
f 2208/1122/1120 3958/3639/3613 913/1120/1118
f 2209/4187/4155 3958/3639/3613 2208/1122/1120
f 3959/4405/4369 3024/4402/4366 2264/4103/4074
f 3455/4101/4072 3959/4405/4369 2264/4103/4074
f 3247/218/218 3960/217/217 1421/2914/2895
f 3960/217/217 4294/4730/4686 1421/2914/2895
f 3961/523/523 350/4843/4791 3175/1775/1768
f 3961/523/523 3651/4410/4373 350/4843/4791
f 519/2583/2568 3962/4747/4703 1766/2456/2443
f 1766/2456/2443 3962/4747/4703 97/590/590
f 3963/4482/4445 2287/4505/4468 1442/1708/1703
f 1442/1708/1703 330/4827/4776 3963/4482/4445
f 2554/2356/2343 1250/32/32 3964/31/31
f 297/40/40 2554/2356/2343 3964/31/31
f 4333/3910/3883 3965/3913/3886 2625/1609/1604
f 3965/3913/3886 4321/5028/4955 3994/822/822
f 1096/1850/1843 3966/4565/4527 3334/4016/3987
f 1096/1850/1843 1680/4017/3988 3966/4565/4527
f 3967/2544/2529 1721/1906/1898 3894/1905/1897
f 3572/4996/4924 1721/1906/1898 3967/2544/2529
f 3968/2587/2572 2778/403/403 2490/2412/2399
f 3968/2587/2572 867/3527/3501 2778/403/403
f 2237/2897/2878 1571/4574/4536 3969/4968/4901
f 646/2895/2876 2237/2897/2878 3969/4968/4901
f 2570/2999/2980 3970/680/680 786/657/657
f 1257/678/678 3970/680/680 2570/2999/2980
f 2368/383/383 3907/362/362 3971/4978/4909
f 3907/362/362 2281/3826/3799 3971/4978/4909
f 3972/420/420 1349/4403/4367 3959/4405/4369
f 2157/1417/1412 1349/4403/4367 3972/420/420
f 3973/4588/4550 787/850/850 3491/4073/4044
f 2366/3341/3317 787/850/850 3973/4588/4550
f 3974/3825/3798 995/415/415 994/3828/3801
f 994/3828/3801 1403/1841/1834 3974/3825/3798
f 1819/904/903 3975/3271/3247 162/948/946
f 2645/868/867 162/948/946 3975/3271/3247
f 3976/3578/3552 4313/3130/3110 719/3579/3553
f 3976/3578/3552 719/3579/3553 2331/1484/1479
f 932/1440/1435 1097/1439/1434 3977/2299/2286
f 932/1440/1435 3977/2299/2286 1717/691/691
f 3978/4561/4523 1626/2342/2329 4666/3714/3688
f 3978/4561/4523 3005/4645/4606 1626/2342/2329
f 3979/1511/1506 397/392/392 4505/4756/4712
f 281/4149/4118 3979/1511/1506 1781/4146/4115
f 3980/1594/1589 3854/2890/2871 302/1280/1275
f 649/1593/1588 3854/2890/2871 3980/1594/1589
f 3981/4675/4634 2531/3450/3424 1673/3918/3891
f 4403/4230/4198 3981/4675/4634 1673/3918/3891
f 3982/4148/4117 281/4149/4118 1781/4146/4115
f 3219/3957/3928 281/4149/4118 3982/4148/4117
f 1386/4450/4413 4015/2693/2678 3983/2692/2677
f 1386/4450/4413 3983/2692/2677 125/758/758
f 3984/3446/3420 343/3927/3900 825/3926/3899
f 4008/5001/4929 4890/2007/1994 343/3927/3900
f 1496/2380/2367 2521/737/737 3985/4550/4512
f 1396/4460/4423 1496/2380/2367 3985/4550/4512
f 3986/522/522 3183/3649/3623 516/3653/3627
f 3986/522/522 516/3653/3627 3961/523/523
f 36/233/233 3987/232/232 482/3473/3447
f 3987/232/232 2085/1234/1229 4551/4468/4431
f 3988/4920/4860 4971/4919/4859 2491/2414/2401
f 3106/4196/4164 3988/4920/4860 2491/2414/2401
f 278/4824/4773 3989/1311/1306 2747/1660/1655
f 278/4824/4773 3481/3656/3630 4255/3655/3629
f 555/2588/2573 14/1954/1944 3990/2807/2788
f 3990/2807/2788 14/1954/1944 3803/4019/3990
f 3209/5014/4942 3991/1558/1553 318/4661/4620
f 3991/1558/1553 2498/1557/1552 318/4661/4620
f 3992/1272/1267 4462/1029/1027 1934/1031/1029
f 3992/1272/1267 1934/1031/1029 792/1275/1270
f 3993/1664/1659 2578/3616/3590 2890/607/607
f 98/1355/1350 2578/3616/3590 3993/1664/1659
f 2625/1609/1604 3994/822/822 1566/824/824
f 3965/3913/3886 3994/822/822 2625/1609/1604
f 980/1051/1049 3995/2136/2123 2297/1049/1047
f 3995/3786/2123 980/5076/1049 3552/2116/2103
f 3996/5085/447 2822/4393/4357 1338/5083/505
f 3919/4855/446 2822/4393/4357 3996/5085/447
f 1701/4701/4660 3538/2132/2119 3997/1252/1247
f 3997/1252/1247 3538/2132/2119 4411/2131/2118
f 3599/1427/1422 3998/4752/4708 108/642/642
f 4728/4753/4709 108/642/642 3998/4752/4708
f 3999/4826/4775 2809/2610/2595 1886/2565/2550
f 3999/4826/4775 1886/2565/2550 4884/145/145
f 4000/841/841 3757/823/823 148/2640/2625
f 4000/841/841 148/2640/2625 4954/4941/4880
f 1002/3840/3813 4001/3843/3816 2050/3313/3289
f 4001/3843/3816 1458/3312/3288 2050/3313/3289
f 2334/4411/4374 4798/3970/3941 4002/1769/1762
f 4002/1769/1762 1074/1771/1764 4541/4995/4923
f 1278/4013/3984 4003/1635/1630 2541/1634/1629
f 1278/4013/3984 2901/4305/4271 4003/1635/1630
f 4004/2721/2704 4561/2718/2701 1176/4153/4122
f 3630/1188/1183 4004/2721/2704 1176/4153/4122
f 4005/3704/3678 1561/4603/4565 2663/34/34
f 2663/34/34 2685/36/36 4005/3704/3678
f 635/5075/1339 2210/1465/1460 4006/1462/1457
f 635/5075/1339 4006/1462/1457 3516/1464/1459
f 4833/2812/2793 4007/2362/2349 1913/2811/2792
f 4007/2362/2349 4783/3760/3734 1913/2811/2792
f 4008/5001/4929 343/3927/3900 3984/3446/3420
f 2371/2029/2016 4008/5001/4929 3984/3446/3420
f 312/4275/4241 4009/2791/2773 3232/2790/2772
f 4009/2791/2773 312/4275/4241 2411/1627/1622
f 634/3366/3342 195/2851/2832 4010/2096/2083
f 3674/3364/3340 634/3366/3342 4010/2096/2083
f 4011/2853/2834 918/1052/1050 2465/3658/3632
f 4011/2853/2834 2465/3658/3632 4736/4846/4794
f 1995/2090/2077 4012/4884/4827 779/1863/1856
f 779/1863/1856 4012/4884/4827 1506/4821/4770
f 4013/1938/1928 2845/154/154 25/156/156
f 1135/4085/4056 2845/154/154 4013/1938/1928
f 4014/3308/3284 990/3307/3283 1361/3810/3783
f 2317/3309/3285 4014/3308/3284 1361/3810/3783
f 2006/4426/4389 770/3291/3267 4015/2693/2678
f 1386/4450/4413 2006/4426/4389 4015/2693/2678
f 4016/2962/2943 772/4972/4905 3846/4531/4494
f 4834/4530/4493 4016/2962/2943 3846/4531/4494
f 1501/121/121 26/2567/2552 4017/1975/1962
f 4552/158/158 1821/152/152 1501/121/121
f 4018/4725/4682 1734/1284/1279 4397/4724/4681
f 4020/4799/4751 314/4011/3982 1278/4013/3984
f 4019/3050/3030 3117/3048/3028 1523/3480/3454
f 4779/3011/2991 4019/3050/3030 1523/3480/3454
f 4761/1633/1628 4018/4725/4682 4020/4799/4751
f 4018/4725/4682 4397/4724/4681 4020/4799/4751
f 3291/1491/1486 1775/3353/3329 4021/1489/1484
f 1775/3353/3329 3417/4751/4707 4021/1489/1484
f 4022/3609/3583 2746/750/750 2701/4093/4064
f 4539/2268/2255 2746/750/750 4022/3609/3583
f 4023/1139/1137 1618/4637/4599 2040/3783/3757
f 4023/1139/1137 4588/2135/2122 1618/4637/4599
f 4024/3515/3489 1012/1533/1528 192/1534/1529
f 3215/3861/3834 1012/1533/1528 4024/3515/3489
f 3020/4807/4759 4025/5039/4966 1022/3878/3851
f 3020/4807/4759 2723/4810/1136 4025/5039/4966
f 4026/3301/3277 3406/1755/1748 345/388/388
f 48/3089/3069 3406/1755/1748 4026/3301/3277
f 836/882/881 4027/4700/4659 2421/1251/1246
f 2421/1251/1246 4027/4700/4659 3997/1252/1247
f 3871/1412/1407 4028/1411/1406 1051/3929/3902
f 4554/4469/4432 1051/3929/3902 4028/1411/1406
f 4029/1575/1570 1975/4876/4819 4525/3597/3571
f 4029/1575/1570 1858/511/511 1975/4876/4819
f 1210/381/381 3443/4420/4383 4030/2876/2857
f 1837/2875/2856 1210/381/381 4030/2876/2857
f 4031/3839/3812 299/569/569 1736/578/578
f 3302/3800/3773 299/569/569 4031/3839/3812
f 2183/4905/4847 4664/3552/3526 4032/1037/1035
f 773/3299/3275 2183/4905/4847 4032/1037/1035
f 2459/1259/1254 4033/1258/1253 2110/2704/2689
f 4033/1258/1253 896/1261/1256 2110/2704/2689
f 3322/4428/4391 884/3019/2999 4034/92/92
f 4225/91/91 3322/4428/4391 4034/92/92
f 4035/1717/1712 2581/1692/1687 495/4157/4126
f 336/1713/1708 4035/1717/1712 495/4157/4126
f 1688/1870/1863 4036/4221/4189 208/1871/1864
f 4955/4837/4785 208/1871/1864 4036/4221/4189
f 606/1010/1008 1997/1009/1007 4037/1792/1785
f 4231/2767/2749 4037/1792/1785 820/3436/3410
f 882/297/297 4038/4614/4576 2973/4154/4123
f 4038/4614/4576 882/297/297 2986/4356/4321
f 978/4739/4695 4039/3781/3755 4796/3780/3754
f 291/859/859 4039/3781/3755 978/4739/4695
f 4041/1129/1127 1865/1131/1129 4040/2658/2643
f 4040/2658/2643 1865/1131/1129 1388/2650/2635
f 2181/5054/2641 4041/1129/1127 4789/5053/4979
f 2181/5054/2641 209/4952/1153 4041/1129/1127
f 4432/441/441 755/3251/3228 4042/4347/4312
f 755/3251/3228 1229/4246/4212 4042/4347/4312
f 1706/1883/1876 4043/2128/2115 2463/1881/1874
f 4043/2128/2115 4299/4705/4663 375/2383/2370
f 4044/1444/1439 1494/4548/4510 4634/1391/1386
f 4044/1444/1439 267/1441/1436 1494/4548/4510
f 2320/2427/2414 3483/4595/4557 4045/4594/4556
f 2320/2427/2414 4045/4594/4556 1980/2425/2412
f 4045/4594/4556 4046/163/163 2601/4596/4558
f 2601/4596/4558 4046/163/163 1321/2881/2862
f 4047/4994/4922 4597/4755/4711 432/4181/4150
f 2568/1167/1164 4047/4994/4922 432/4181/4150
f 1230/3615/3589 4048/3630/3604 4919/4903/4845
f 4048/3630/3604 1230/3615/3589 2415/3614/3588
f 4049/3631/3605 1399/3629/3603 1816/3632/3606
f 4049/3631/3605 4048/3630/3604 1399/3629/3603
f 1816/3632/3606 1399/3629/3603 4050/577/577
f 303/576/576 1816/3632/3606 4050/577/577
f 3552/2116/2103 3308/1135/1133 4051/2689/2674
f 4051/2689/2674 3308/1135/1133 2485/1137/1135
f 1490/3872/3845 1551/3644/3618 4052/3647/3621
f 2835/3060/3040 1490/3872/3845 4052/3647/3621
f 4053/4389/4353 2968/2622/2607 474/2288/2275
f 4643/4388/4352 4053/4389/4353 474/2288/2275
f 4054/3583/3557 1048/705/705 112/707/707
f 3101/2256/2243 4054/3583/3557 112/707/707
f 4055/4812/4762 1866/1935/1925 39/3602/3576
f 3035/1933/1923 4055/4812/4762 39/3602/3576
f 4056/2753/2735 2339/449/449 602/4650/4611
f 1632/2754/2736 4056/2753/2735 602/4650/4611
f 1053/2006/1993 4057/3933/3906 2937/697/697
f 4057/3933/3906 1053/2006/1993 2147/3925/3898
f 4058/1960/1950 2640/5030/4957 2598/4243/4209
f 4058/1960/1950 2966/5026/4953 2640/5030/4957
f 1282/1958/1948 4058/1960/1950 4059/4244/4210
f 1282/1958/1948 4059/4244/4210 506/2407/2394
f 2116/2748/2730 304/1014/1012 4060/1279/1274
f 4060/1279/1274 1685/1278/1273 2116/2748/2730
f 4061/2148/2135 1341/1205/1200 2900/1207/1202
f 4061/2148/2135 2424/3817/3790 1341/1205/1200
f 411/2040/2027 4062/4644/4605 1630/3499/3473
f 4062/4644/4605 411/2040/2027 3669/2014/2001
f 4063/2766/2748 1039/2768/2750 2294/998/996
f 4721/1642/1637 4063/2766/2748 2294/998/996
f 1505/4558/4520 3100/1079/1077 4064/1062/1060
f 1853/1061/1059 1505/4558/4520 4064/1062/1060
f 3721/1773/1766 1190/4180/4149 4065/593/593
f 4065/593/593 1190/4180/4149 4372/2629/2614
f 73/1846/1839 4544/1833/1826 4066/1832/1825
f 2807/1844/1837 73/1846/1839 4068/1529/1524
f 965/226/226 4067/3754/3728 1195/4188/4156
f 4762/4304/4270 4067/3754/3728 965/226/226
f 4066/1832/1825 223/1236/1231 4068/1529/1524
f 4068/1529/1524 73/1846/1839 4066/1832/1825
f 1879/2024/2011 4069/4822/4771 405/2282/2269
f 4358/2352/2339 4469/2353/2340 1879/2024/2011
f 1229/4246/4212 3133/1969/1957 4070/3252/3229
f 3133/1969/1957 1579/1971/1958 4070/3252/3229
f 4071/2117/2104 1181/2153/2140 1059/1877/1870
f 4072/3941/3914 1718/2118/2105 4071/2117/2104
f 4072/3941/3914 4071/2117/2104 1059/1877/1870
f 4072/3941/3914 1059/1877/1870 2785/3942/3915
f 1126/2214/2201 2030/4072/4043 4073/4070/4041
f 2030/4072/4043 570/944/942 4073/4070/4041
f 1016/3219/3199 907/3221/2106 4074/4711/4669
f 1016/3219/3199 4074/4711/4669 3641/3867/3840
f 4075/3530/3504 867/3527/3501 68/3529/3503
f 867/3527/3501 4075/3530/3504 2778/403/403
f 4076/2955/2936 1015/2954/2935 408/492/492
f 4076/2955/2936 3407/3865/3838 1015/2954/2935
f 4077/2281/2268 498/2706/2691 2765/2375/2362
f 472/2278/2265 4077/2281/2268 2765/2375/2362
f 4078/8/8 3807/3679/3653 1708/2988/2969
f 8/62/62 4178/4707/4665 1708/2988/2969
f 856/1230/1225 4079/4899/4841 1407/886/885
f 1407/886/885 4137/4475/4438 4730/4889/4832
f 4080/4633/4595 4615/3088/3068 2976/295/295
f 4615/3088/3068 4080/4633/4595 3770/3566/3540
f 1910/1223/1218 4081/1225/1220 4084/4838/4786
f 1675/4678/4637 4081/1225/1220 2657/4681/4640
f 2849/4598/4560 4082/3634/3608 1498/112/112
f 2849/4598/4560 512/2426/2413 4082/3634/3608
f 2428/4567/4529 4083/3408/3384 1735/2677/2662
f 4083/3408/3384 2428/4567/4529 2144/4566/4528
f 4084/4838/4786 1675/4678/4637 3424/4679/4638
f 4081/1225/1220 1675/4678/4637 4084/4838/4786
f 2631/1587/1582 4085/1697/1692 2291/5029/4956
f 2291/5029/4956 4085/1697/1692 1601/150/150
f 2347/129/129 1983/131/131 4086/4215/4183
f 1983/131/131 538/2536/2521 4086/4215/4183
f 4014/3308/3284 4087/1592/1587 1537/4415/4378
f 4087/1592/1587 3559/1591/1586 1537/4415/4378
f 1090/1288/1283 2345/2526/2511 4088/2746/2728
f 3472/2100/2087 1090/1288/1283 4088/2746/2728
f 4089/3410/3386 581/2366/2353 2086/1962/1952
f 2087/1961/1951 4089/3410/3386 2086/1962/1952
f 4377/4992/4920 2330/2683/2668 582/2682/2667
f 1037/3905/3878 4377/4992/4920 582/2682/2667
f 1939/4851/4799 4091/3180/3160 3714/4852/4800
f 4397/4724/4681 4091/3180/3160 1939/4851/4799
f 3714/4852/4800 4091/3180/3160 4092/2646/2631
f 4091/3180/3160 229/1283/1278 4092/2646/2631
f 1/13/13 2768/14/14 4093/4960/4894
f 4093/4960/4894 4/11/11 1/13/13
f 2728/2075/2062 248/3563/3537 4094/3564/3538
f 4094/3564/3538 248/3563/3537 3153/1359/1354
f 4095/1074/1072 2729/3671/3645 1890/2743/2726
f 4095/1074/1072 924/3670/3644 2729/3671/3645
f 3507/1584/1579 1486/1586/1581 4096/3991/3962
f 4096/3991/3962 1486/1586/1581 3319/1585/1580
f 4097/4842/4790 1678/4873/4816 3768/4683/4642
f 4097/4842/4790 445/2174/2161 1678/4873/4816
f 4802/794/794 4098/3618/3592 1008/795/795
f 2817/1217/1212 1008/795/795 4098/3618/3592
f 3708/3766/3740 937/2841/2822 4099/3700/3674
f 4099/3700/3674 2148/743/743 3708/3766/3740
f 655/650/650 3489/2926/2907 4100/628/628
f 4100/628/628 3667/648/648 655/650/650
f 4101/3095/3075 3047/2077/2064 1948/3096/3076
f 3047/2077/2064 4101/3095/3075 708/1349/1344
f 103/3000/2981 786/657/657 4102/2346/2333
f 103/3000/2981 4102/2346/2333 3867/3324/3300
f 3530/3689/3663 4103/3690/3664 890/4923/4863
f 890/4923/4863 4103/3690/3664 3329/4042/4013
f 1683/4786/4738 4104/1097/1095 2068/1099/1097
f 1683/4786/4738 574/2652/2637 4104/1097/1095
f 4105/1301/1296 236/2710/2695 1034/913/911
f 1034/913/911 484/1302/1297 4105/1301/1296
f 3328/4888/4831 4106/4828/4777 699/98/98
f 4162/4829/4778 699/98/98 4106/4828/4777
f 1216/1105/1103 1423/3636/3610 4107/4490/4453
f 1423/3636/3610 4534/3638/3612 4107/4490/4453
f 1284/281/281 4108/4495/4458 1069/282/282
f 4108/4495/4458 1426/236/236 1069/282/282
f 1064/2221/2208 2379/1987/1974 4109/391/391
f 3150/2911/2892 1064/2221/2208 4109/391/391
f 4110/1442/1437 267/1441/1436 308/4329/4294
f 4110/1442/1437 308/4329/4294 1232/1369/1364
f 2852/3751/3725 4111/1638/1633 2356/1640/1635
f 963/3750/3724 4111/1638/1633 2852/3751/3725
f 396/3014/2994 4112/393/393 2885/3443/3417
f 4112/393/393 397/392/392 2885/3443/3417
f 1385/2333/2320 4113/2332/2319 2895/1214/1209
f 645/2891/2872 2895/1214/1209 4113/2332/2319
f 1043/706/706 931/711/711 4114/3684/3658
f 2622/3718/3692 1043/706/706 4114/3684/3658
f 4115/4228/4196 858/3510/3484 1474/3512/3486
f 1915/2559/2544 4115/4228/4196 1474/3512/3486
f 1242/4266/4232 4116/3994/3965 4421/2080/2067
f 1790/4765/4721 4116/3994/3965 1242/4266/4232
f 247/3152/3132 4117/4974/4907 2449/3153/3133
f 4117/4974/4907 3884/641/641 2449/3153/3133
f 293/3194/3174 4118/1537/1532 2302/1539/1534
f 293/3194/3174 1373/4429/4392 4435/4430/4393
f 325/1667/1662 3469/149/149 4119/148/148
f 4119/148/148 2235/1669/1664 325/1667/1662
f 3180/3247/3226 4120/3246/3225 851/3863/3836
f 851/3863/3836 4120/3246/3225 2133/614/614
f 1984/1164/1161 1668/1165/1162 4121/2505/2490
f 4121/2505/2490 1668/1165/1162 4011/2853/2834
f 4122/12/12 4851/2463/2449 3318/5071/4995
f 3318/5071/4995 3398/3295/3271 4122/12/12
f 1187/2466/2451 4123/4170/4139 211/1194/1189
f 4123/4407/4139 1187/4937/2451 216/1331/1326
f 4124/4796/4748 1840/3637/3611 3342/1104/1102
f 4124/4796/4748 912/3642/3616 1840/3637/3611
f 2596/1218/1213 1425/2899/2880 4125/1219/1214
f 2128/4268/4234 4125/1219/1214 1425/2899/2880
f 891/1024/1022 4126/3589/3563 892/3591/3565
f 892/3591/3565 4595/5020/4948 2564/3592/3566
f 2430/1312/1307 4127/4698/4657 730/1309/1304
f 2430/1312/1307 4255/3655/3629 4127/4698/4657
f 4128/5033/4960 2166/208/208 2674/2218/2205
f 4128/5033/4960 2674/2218/2205 974/253/253
f 4129/890/889 2445/3619/3593 905/846/846
f 819/848/848 4129/890/889 905/846/846
f 31/3176/3156 4130/4946/4884 4128/5033/4960
f 3682/2216/2203 4130/4946/4884 31/3176/3156
f 3359/2669/2654 4131/3283/3259 33/3594/3568
f 33/3594/3568 4131/3283/3259 2587/3287/3263
f 4132/3818/3791 4457/3816/3789 1007/3815/3788
f 1991/3853/3826 4132/3818/3791 1007/3815/3788
f 4133/2043/2030 2587/3287/3263 3031/2044/2031
f 4133/2043/2030 33/3594/3568 2587/3287/3263
f 4134/4741/4697 383/3604/3578 2645/868/867
f 2098/870/869 4134/4741/4697 2645/868/867
f 4135/1949/1939 555/2588/2573 616/2808/2789
f 4135/1949/1939 616/2808/2789 3336/2809/2790
f 2037/118/118 4136/4383/4347 1332/3548/3522
f 4136/4383/4347 4605/4040/4011 1332/3548/3522
f 1407/886/885 4079/4899/4841 4137/4475/4438
f 4137/4475/4438 4079/4899/4841 2043/2982/2963
f 3070/3047/3027 4138/734/734 1074/1771/1764
f 4541/4995/4923 1074/1771/1764 4138/734/734
f 765/3275/3251 4139/3278/3254 2878/3276/3252
f 2500/325/325 4139/3278/3254 765/3275/3251
f 370/4671/4630 1079/2887/2868 4140/162/162
f 370/4671/4630 4140/162/162 1665/1858/1851
f 4141/4100/4071 3210/644/644 1143/4096/4067
f 4594/3255/3232 1948/3096/3076 4557/4860/4806
f 65/3119/3099 1954/1785/1778 4142/3121/3101
f 4142/3121/3101 4323/4791/4743 65/3119/3099
f 3293/3532/3506 868/3531/3505 4143/4715/4672
f 4143/4715/4672 868/3531/3505 2684/4716/4673
f 3553/4774/4584 4144/4771/4726 357/1801/1794
f 4144/4771/4726 3376/4121/4092 357/1801/1794
f 4550/1948/1938 4145/839/839 3491/4073/4044
f 956/3041/3021 4145/839/839 4550/1948/1938
f 4148/5086/4999 4146/4869/4814 564/1901/1893
f 4760/5023/4950 4148/5086/4999 2944/5049/4975
f 1056/2946/2927 665/3860/3833 4147/3937/3910
f 1056/2946/2927 4147/3937/3910 313/2950/2931
f 4148/5086/4999 564/1901/1893 2894/2290/2277
f 2944/5049/4975 4148/5086/4999 2894/2290/2277
f 274/1476/1471 2349/4898/4840 4149/1478/1473
f 2349/4898/4840 3725/1479/1474 4149/1478/1473
f 4150/1352/1347 1823/1351/1346 2792/4792/4744
f 757/2076/2063 4150/1352/1347 2792/4792/4744
f 1029/2068/2055 1876/3897/3870 4151/4820/4769
f 1876/3897/3870 2419/2058/2045 4883/2057/2044
f 620/1532/1527 4152/1843/1836 286/3201/3181
f 286/3201/3181 4152/1843/1836 4748/4836/4784
f 1293/3892/3865 3931/2365/2352 4153/1892/1885
f 2987/4325/4291 1293/3892/3865 4153/1892/1885
f 4154/3104/3084 4426/3664/3638 3105/3102/3082
f 3105/3102/3082 1558/3063/3043 4154/3104/3084
f 600/2484/2469 4155/186/186 2934/2486/2471
f 587/184/184 4155/186/186 600/2484/2469
f 972/820/820 2935/3767/3741 4156/4299/4265
f 3416/2824/2805 972/820/820 4156/4299/4265
f 4157/3932/3905 1522/2372/2359 2804/2280/2267
f 167/2277/2264 4157/3932/3905 2804/2280/2267
f 2735/917/915 1052/3931/3904 4158/3260/3236
f 1052/3931/3904 3351/3140/3120 4158/3260/3236
f 1435/2823/2804 624/1749/1742 4159/716/716
f 1518/717/717 4159/716/716 624/1749/1742
f 1885/2438/2425 4160/2440/2427 3136/4825/4774
f 62/4346/4311 3136/4825/4774 4160/2440/2427
f 4161/1766/1759 2270/2424/2411 1017/3869/3842
f 1017/3869/3842 2636/1767/1760 4161/1766/1759
f 2675/3993/3964 4162/4829/4778 4116/3994/3965
f 4162/4829/4778 2675/3993/3964 699/98/98
f 1062/3404/3380 4163/2558/2543 2724/289/289
f 4163/2558/2543 1374/290/290 2724/289/289
f 4164/1142/1140 4930/4835/4783 662/3258/3235
f 4164/1142/1140 662/3258/3235 2060/1800/1793
f 2512/1570/1565 522/2761/2743 4165/827/827
f 522/2761/2743 3730/825/825 4165/827/827
f 1791/1197/1192 4166/3198/3178 3215/3861/3834
f 1351/4408/4371 4166/3198/3178 1791/1197/1192
f 3233/933/931 1974/2265/2252 4167/934/932
f 1974/2265/2252 630/2839/2820 4501/4875/4818
f 4168/1992/1979 1751/4369/4334 2516/4734/4690
f 2140/1993/1980 4168/1992/1979 2516/4734/4690
f 4169/3851/3824 1729/1825/1818 1343/2479/2464
f 4169/3851/3824 1343/2479/2464 1045/2482/2467
f 4170/4528/4491 1469/324/324 3905/4660/4619
f 3905/4660/4619 1650/2240/2227 4170/4528/4491
f 832/3183/3163 4171/3464/3438 2697/4940/4879
f 4650/2805/2786 3036/4098/4069 2697/4940/4879
f 2259/1268/1263 3622/3915/3888 4172/3916/3889
f 2259/1268/1263 4172/3916/3889 3365/1281/1276
f 4173/4464/4427 454/1880/1873 3840/1879/1872
f 3840/1879/1872 1611/4466/4429 4173/4464/4427
f 4174/3401/3377 2365/598/598 577/4168/4137
f 4174/3401/3377 577/4168/4137 807/2842/2823
f 2962/1363/1358 249/1658/1653 4175/1365/1360
f 2962/1363/1358 4175/1365/1360 3922/1364/1359
f 815/1450/1445 4523/3422/3398 4176/4611/4573
f 1576/4610/4572 815/1450/1445 4176/4611/4573
f 4177/436/436 1258/3847/3820 1596/4291/4257
f 1258/3847/3820 4177/436/436 3048/3848/3821
f 1708/2988/2969 4178/4707/4665 4078/8/8
f 4078/8/8 4178/4707/4665 2082/9/9
f 2504/3359/3335 4179/4061/4032 794/3360/3336
f 794/3360/3336 4179/4061/4032 3059/2847/2828
f 1118/829/829 1748/1469/1464 4180/2313/2300
f 1658/1468/1463 4180/2313/2300 1748/1469/1464
f 4208/4454/4417 1390/4916/4856 4181/423/423
f 1390/4916/4856 3324/4052/4023 4181/423/423
f 4182/2607/2592 4631/4981/4911 2288/2608/2593
f 4182/2607/2592 1717/691/691 4631/4981/4911
f 475/4439/4402 4339/4546/4508 4183/4545/4507
f 2988/685/685 475/4439/4402 4183/4545/4507
f 1576/4610/4572 4184/834/834 2508/3612/3586
f 4184/834/834 1520/836/836 2508/3612/3586
f 1507/932/930 1493/931/929 4185/1794/1787
f 4985/4559/4521 1507/932/930 4185/1794/1787
f 4186/4886/4829 3312/974/972 946/973/971
f 4186/4886/4829 2027/3431/3405 3312/974/972
f 4850/4710/4668 4187/4315/4281 1716/3678/3652
f 1286/1861/1854 1716/3678/3652 4187/4315/4281
f 2676/2078/2065 4188/1350/1345 4150/1352/1347
f 2676/2078/2065 940/3705/3679 4188/1350/1345
f 3532/3808/3781 4964/3807/3780 4189/2385/2372
f 3532/3808/3781 4189/2385/2372 990/3307/3283
f 4190/3706/3680 1823/1351/1346 4188/1350/1345
f 4190/3706/3680 1362/4320/4286 1823/1351/1346
f 989/2387/2374 4191/4051/4022 2538/2597/2582
f 1682/108/108 4191/4051/4022 989/2387/2374
f 21/3806/3779 988/3805/3778 4192/3804/3777
f 2538/2597/2582 21/3806/3779 4192/3804/3777
f 2341/3024/3004 1337/4642/4603 4193/3026/3006
f 1337/4642/4603 1623/4641/4356 4657/4643/4604
f 35/1996/1983 4194/1519/1514 2503/1997/1984
f 580/2675/2660 2503/1997/1984 4194/1519/1514
f 614/4969/4902 4195/2798/2779 3079/206/206
f 614/4969/4902 4197/1701/1696 4195/2798/2779
f 351/1780/1773 2204/4666/4625 4196/4667/4626
f 351/1780/1773 4196/4667/4626 2960/3342/3318
f 3969/4968/4901 3137/243/243 4197/1701/1696
f 3969/4968/4901 4197/1701/1696 614/4969/4902
f 4198/3403/3379 1915/2559/2544 4163/2558/2543
f 1061/3944/3917 1915/2559/2544 4198/3403/3379
f 4199/1113/1111 3093/2750/2732 1536/2122/2109
f 4199/1113/1111 1536/2122/2109 3525/1114/1112
f 4200/2752/2734 2855/3025/3005 416/2349/2336
f 4200/2752/2734 2075/2751/2733 2855/3025/3005
f 4219/2813/2794 1597/2814/2795 4201/1941/1931
f 619/4625/4587 4201/1941/1931 1597/2814/2795
f 4202/3733/3707 2651/2963/2944 429/2965/2946
f 670/3735/3709 2651/2963/2944 4202/3733/3707
f 2979/3384/3360 4939/2120/2107 4203/3376/3352
f 802/920/918 2979/3384/3360 4203/3376/3352
f 1652/4503/4466 4204/613/613 3831/4802/4754
f 4204/613/613 1652/4503/4466 1439/633/633
f 2481/721/721 4205/2314/2301 119/722/722
f 2481/721/721 481/771/771 4205/2314/2301
f 4206/1574/1569 797/3418/3394 2953/3417/3393
f 4771/3187/3167 4206/1574/1569 2828/1573/1568
f 968/2361/2348 1996/4575/4537 4207/2519/2504
f 4207/2519/2504 1996/4575/4537 4540/4576/4538
f 2084/502/502 3026/4455/4418 4208/4454/4417
f 2084/502/502 4208/4454/4417 3214/4580/4542
f 4209/1684/1679 329/3186/3166 2698/4740/4696
f 3881/2/2 329/3186/3166 4209/1684/1679
f 2358/1760/1753 774/5040/4967 4210/1761/1754
f 774/5040/4967 2741/3090/3070 4210/1761/1754
f 3350/2054/2041 4211/2661/2646 4507/349/349
f 4211/2661/2646 1585/382/382 56/3072/3052
f 4212/1030/1028 837/1474/1469 2266/3472/3446
f 4212/1030/1028 4462/1029/1027 837/1474/1469
f 4213/2244/2231 1599/939/937 296/1567/1562
f 4213/2244/2231 296/1567/1562 3633/1566/1561
f 4214/4813/4763 1207/1687/1682 738/4206/4174
f 2698/4740/4696 1207/1687/1682 4214/4813/4763
f 2618/2991/2972 4215/2992/2973 3701/708/708
f 679/668/668 4215/2992/2973 2618/2991/2972
f 3026/4455/4418 4216/4915/4855 4208/4454/4417
f 3026/4455/4418 3324/4052/4023 4216/4915/4855
f 1954/1785/1778 3480/1787/1780 4217/408/408
f 4217/408/408 4142/3121/3101 1954/1785/1778
f 3668/2219/2206 1719/4010/3981 4218/4991/4919
f 3668/2219/2206 4218/4991/4919 2322/254/254
f 3341/2537/2522 4219/2813/2794 4201/1941/1931
f 24/134/134 4219/2813/2794 3341/2537/2522
f 4220/605/605 289/4322/4288 1743/1430/1425
f 4220/605/605 2869/618/618 289/4322/4288
f 2074/2028/2015 4221/4911/4851 87/1746/1739
f 3862/2030/2017 4221/4911/4851 2074/2028/2015
f 23/4124/4095 4222/117/117 2593/119/119
f 4222/117/117 23/4124/4095 3305/3210/3190
f 4223/3141/3121 1156/4950/4887 2179/3142/3122
f 4223/3141/3121 2410/4116/4087 1156/4950/4887
f 2161/4943/4882 2160/4942/4881 4224/2555/2540
f 4224/2555/2540 2160/4942/4881 3301/2603/2588
f 1687/4688/4647 3322/4428/4391 4225/91/91
f 739/3189/3169 1687/4688/4647 4225/91/91
f 2540/4444/4407 4226/4518/4481 461/2232/2219
f 3053/2614/2599 461/2232/2219 4226/4518/4481
f 4227/4336/4301 2158/3785/3759 1324/4337/4302
f 979/4373/4338 4227/4336/4301 1324/4337/4302
f 2010/3281/3257 709/3098/3078 4228/664/664
f 4434/665/665 4228/664/664 709/3098/3078
f 1891/1707/1702 4229/353/353 2997/4135/4106
f 2997/4135/4106 4229/353/353 1164/352/352
f 599/1158/1155 4230/1160/1157 621/1172/1167
f 4262/4951/4888 2181/2656/2641 621/1172/1167
f 4063/2766/2748 606/1010/1008 4231/2767/2749
f 606/1010/1008 4037/1792/1785 4231/2767/2749
f 2507/3328/3304 4232/4192/4160 1592/4618/4580
f 2316/2230/2217 4232/4192/4160 2507/3328/3304
f 4233/1694/1689 1415/4483/4446 3039/1695/1690
f 2355/1589/1584 1415/4483/4446 4233/1694/1689
f 4474/4398/4362 1345/4397/4361 4234/3400/3376
f 4234/3400/3376 1345/4397/4361 4174/3401/3377
f 82/2680/2665 4235/2831/2812 2640/5030/4957
f 4235/2831/2812 82/2680/2665 2686/2681/2666
f 138/3935/3908 1056/2946/2927 4236/731/731
f 1055/788/788 138/3935/3908 4236/731/731
f 1992/3318/3294 4012/4884/4827 4237/4881/4824
f 2241/4202/4170 1992/3318/3294 4237/4881/4824
f 4238/3961/3932 3914/3962/3933 1883/1481/1476
f 3242/604/604 4238/3961/3932 1883/1481/1476
f 4239/4417/4380 2690/2997/2978 114/1538/1533
f 4118/1537/1532 4239/4417/4380 114/1538/1533
f 664/3268/3244 762/2947/2928 4240/3269/3245
f 3155/1632/1627 664/3268/3244 4240/3269/3245
f 4241/2442/2429 3136/4825/4774 2372/4345/4310
f 4962/2443/2430 4241/2442/2429 2372/4345/4310
f 4240/3269/3245 762/2947/2928 4242/776/776
f 762/2947/2928 3504/858/858 4242/776/776
f 4243/296/296 2358/1760/1753 2986/4356/4321
f 882/297/297 4243/296/296 2986/4356/4321
f 3571/3858/3831 4244/3859/3832 665/3860/3833
f 4244/3859/3832 4147/3937/3910 665/3860/3833
f 4245/3842/3815 3253/4818/4767 4001/3843/3816
f 1872/3306/3282 3253/4818/4767 4245/3842/3815
f 4246/1631/1626 2591/3936/3909 1055/788/788
f 4246/1631/1626 665/3860/3833 2591/3936/3909
f 4247/3229/3208 3300/3230/3209 2227/3502/3476
f 4247/3229/3208 2227/3502/3476 729/1741/1734
f 4689/3917/3890 4625/3717/3691 4248/2253/2240
f 4248/2253/2240 1046/611/611 323/610/610
f 999/1461/1456 418/1460/1455 4249/1408/1403
f 4249/1408/1403 1741/368/368 999/1461/1456
f 1178/3302/3278 4250/104/104 3616/3303/3279
f 3616/3303/3279 4250/104/104 777/3310/3286
f 1460/4990/4918 4251/3626/3600 2315/29/29
f 1460/4990/4918 2369/3304/3280 4251/3626/3600
f 3216/1796/1789 1880/1307/1302 4252/4746/4702
f 3216/1796/1789 4252/4746/4702 1145/1305/1300
f 4253/3043/3023 2296/4005/3976 1089/912/910
f 3771/4004/3975 2296/4005/3976 4253/3043/3023
f 2022/528/528 4254/3674/3648 925/3672/3646
f 925/3672/3646 4254/3674/3648 1681/500/500
f 3989/1311/1306 4255/3655/3629 2430/1312/1307
f 4255/3655/3629 3989/1311/1306 278/4824/4773
f 3812/1101/1099 4256/1804/1797 4504/1121/1119
f 3080/1100/1098 4256/1804/1797 3812/1101/1099
f 4257/3764/3738 591/3765/3739 971/1200/1195
f 4559/2196/2183 591/3765/3739 4257/3764/3738
f 835/3468/3442 509/2636/2621 4258/1507/1502
f 4258/1507/1502 4641/1649/1644 835/3468/3442
f 4259/1130/1128 196/4143/4112 1865/1131/1129
f 4259/1157/1128 205/1156/1154 196/4142/4112
f 4260/4158/4127 2005/102/102 1178/3302/3278
f 4260/4158/4127 2581/1692/1687 2005/102/102
f 4261/2335/2322 2047/2630/2615 3061/5059/4983
f 4261/2335/2322 3061/5059/4983 3516/1464/1459
f 4230/1160/1157 2404/1625/1620 4262/4951/4888
f 621/1172/1167 4230/1160/1157 4262/4951/4888
f 46/2324/2311 2501/271/271 4263/247/247
f 4263/247/247 2501/271/271 2279/248/248
f 4264/214/214 544/3945/3918 808/3402/3378
f 3218/215/215 4264/214/214 808/3402/3378
f 2464/2726/2709 595/1226/1221 4265/4743/4699
f 1785/2409/2396 4265/4743/4699 595/1226/1221
f 4266/1818/1811 360/2957/2938 3034/2301/2288
f 4266/1818/1811 374/1820/1813 360/2957/2938
f 4267/3509/3483 1297/3508/3482 2696/2408/2395
f 1188/2034/2021 1297/3508/3482 4267/3509/3483
f 4268/2860/2841 2115/4067/4038 1724/953/951
f 3911/938/936 2115/4067/4038 4268/2860/2841
f 1663/4670/4629 3512/1874/1867 4269/1819/1812
f 1201/4198/4166 1663/4670/4629 4269/1819/1812
f 4270/689/689 3606/688/688 3658/4172/4141
f 3658/4172/4141 1801/4776/4728 4270/689/689
f 637/4913/4853 4716/2859/2840 4271/4068/4039
f 2992/4446/4409 637/4913/4853 4271/4068/4039
f 775/4522/4485 4272/99/99 1487/4156/4125
f 3620/67/67 4272/99/99 775/4522/4485
f 1466/546/546 4273/4624/4586 1004/547/547
f 4273/4624/4586 1889/3849/3822 1004/547/547
f 1185/10/10 2857/28/28 4274/30/30
f 1185/10/10 4274/30/30 2062/3682/3656
f 3531/5031/4958 11/75/75 4275/3294/3270
f 2656/48/48 3531/5031/4958 4275/3294/3270
f 2255/211/211 1967/4868/4813 4276/212/212
f 951/3728/3702 4276/212/212 4494/3729/3703
f 4277/888/887 3358/2817/2798 622/2819/2800
f 2952/3470/3444 4277/888/887 622/2819/2800
f 2677/1002/1000 4278/1004/1002 1381/4440/4403
f 4278/1004/1002 3272/1001/999 1381/4440/4403
f 2525/793/793 4279/2892/2873 4606/4947/4885
f 4279/2892/2873 2525/793/793 1044/1216/1211
f 4280/1238/1233 2627/543/543 486/2873/2854
f 4280/1238/1233 319/544/544 2627/543/543
f 4281/692/692 257/2606/2591 2555/661/661
f 4182/2607/2592 257/2606/2591 4281/692/692
f 2221/3541/3515 3968/2587/2572 4282/2411/2398
f 4681/4964/4898 2221/3541/3515 4282/2411/2398
f 4283/2974/2955 3818/926/924 784/3331/3307
f 4283/2974/2955 784/3331/3307 673/2972/2953
f 3017/1269/1264 4711/4488/4451 4284/4487/4450
f 232/801/801 3017/1269/1264 4284/4487/4450
f 1945/4857/4803 4285/1422/1417 2592/3983/3954
f 152/860/860 4285/1422/1417 1945/4857/4803
f 4286/2389/2376 4861/3190/3170 1771/90/90
f 1771/90/90 3744/3584/3558 4286/2389/2376
f 2043/2982/2963 221/2981/2962 4287/4476/4439
f 221/2981/2962 2511/2430/2417 4287/4476/4439
f 2226/4161/4130 3649/4965/4899 4288/3226/3205
f 676/768/768 4288/3226/3205 3649/4965/4899
f 410/696/696 652/2919/2900 4289/2038/2025
f 652/2919/2900 2380/540/540 4289/2038/2025
f 801/3386/3362 2170/3381/3357 4290/4140/4111
f 4290/4140/4111 2170/3381/3357 803/2416/2403
f 2693/4134/4105 2694/2931/2912 4291/2932/2913
f 265/1432/1427 4291/2932/2913 2694/2931/2912
f 4292/1706/1701 3963/4482/4445 330/4827/4776
f 330/4827/4776 4291/2932/2913 4292/1706/1701
f 4293/3722/3696 2002/3721/3695 3273/3425/3400
f 4293/3722/3696 146/3719/3693 2002/3721/3695
f 3498/2920/2901 4294/4730/4686 1747/4489/4452
f 1747/4489/4452 4294/4730/4686 653/2042/2029
f 4295/1396/1391 3952/2470/2455 117/2405/2392
f 2456/1358/1353 4295/1396/1391 117/2405/2392
f 3630/1188/1183 1100/3987/3958 4296/1189/1184
f 4703/4021/3992 4296/1189/1184 1100/3987/3958
f 1108/4909/4849 4297/2027/2014 3037/379/379
f 2454/2025/2012 4297/2027/2014 1108/4909/4849
f 1350/1401/1396 3024/4402/4366 4298/4404/4368
f 3959/4405/4369 4298/4404/4368 3024/4402/4366
f 4043/2128/2115 1706/1883/1876 4299/4705/4663
f 1706/1883/1876 2573/2381/2368 4299/4705/4663
f 1193/4961/4895 3590/4183/4152 4300/2123/2110
f 1193/4961/4895 4300/2123/2110 3869/1153/1151
f 4301/2124/2111 4300/2123/2110 2333/4182/4151
f 4301/2124/2111 2333/4182/4151 4047/4994/4922
f 2029/2209/2196 455/2211/2198 4302/4069/4040
f 455/2211/2198 2295/1420/1415 4302/4069/4040
f 4303/5073/4997 1868/3356/3332 3197/4814/4764
f 578/153/153 1868/3356/3332 4303/5073/4997
f 4304/2005/1992 825/3926/3899 2147/3925/3898
f 3984/3446/3420 825/3926/3899 4304/2005/1992
f 2212/3493/3467 4305/4962/4896 3710/3494/3468
f 2212/3493/3467 3442/3492/3466 4305/4962/4896
f 4306/2967/2948 514/2433/2420 3129/2968/2949
f 4306/2967/2948 3662/2966/2947 514/2433/2420
f 4307/1668/1663 325/1667/1662 1292/1671/1666
f 2547/172/172 4307/1668/1663 4984/4323/4289
f 4308/2717/1461 590/1018/1016 3893/4474/4437
f 4308/2717/1461 592/1019/1017 590/1018/1016
f 1828/1339/1334 4309/4357/4322 1311/3537/3511
f 1311/3537/3511 4309/4357/4322 2708/1778/1771
f 4310/3045/3025 540/4847/4795 2184/3046/3026
f 4658/4934/4874 540/4847/4795 4310/3045/3025
f 4311/1388/1383 259/1402/1397 852/2928/2909
f 4795/1387/1382 259/1402/1397 4311/1388/1383
f 914/3646/3620 1631/3129/3109 4312/600/600
f 914/3646/3620 4312/600/600 1634/557/557
f 888/3577/3551 4313/3130/3110 3976/3578/3552
f 4313/3130/3110 888/3577/3551 4312/600/600
f 4564/2515/2500 533/2514/2499 4314/1147/1145
f 4314/1147/1145 533/2514/2499 2487/1316/1311
f 695/1148/1146 4315/1315/1310 2459/1259/1254
f 4315/1315/1310 695/1148/1146 4314/1147/1145
f 1551/3644/3618 4316/4592/4554 2435/3645/3619
f 1551/3644/3618 3927/753/753 4316/4592/4554
f 424/1057/1055 2983/995/993 4317/3320/3296
f 4317/3320/3296 3579/4086/4057 424/1057/1055
f 1854/3955/3926 4318/3430/3404 1068/3429/3403
f 156/5024/4951 4318/3430/3404 1854/3955/3926
f 2950/1027/1025 171/2164/2151 4319/1028/1026
f 2544/1915/1907 4319/1028/1026 171/2164/2151
f 4320/3911/3884 1734/1284/1279 4018/4725/4682
f 1042/1564/1559 1734/1284/1279 4320/3911/3884
f 306/3912/3885 3994/822/822 4321/5028/4955
f 4321/5028/4955 1042/1564/1559 306/3912/3885
f 742/3197/3177 4322/1330/1325 277/4473/4436
f 2400/3406/3382 277/4473/4436 4322/1330/1325
f 4323/4791/4743 716/4343/4308 2222/1788/1781
f 4323/4791/4743 2222/1788/1781 65/3119/3099
f 309/571/571 4324/575/575 3779/4788/4740
f 4324/575/575 4050/577/577 3779/4788/4740
f 2696/2408/2395 857/2449/2436 4325/2446/2433
f 857/2449/2436 1476/2448/2435 4325/2446/2433
f 1904/683/683 4326/621/621 109/3204/3184
f 1904/683/683 4451/682/682 4326/621/621
f 2715/1335/1330 4327/1337/1332 109/3204/3184
f 109/3204/3184 4327/1337/1332 1904/683/683
f 4328/747/747 1557/4599/4561 3561/4259/4225
f 1557/4599/4561 4328/747/747 2201/746/746
f 1235/4258/4224 4329/744/744 4328/747/747
f 1235/4258/4224 843/4257/4223 4329/744/744
f 4330/3635/3609 3116/4400/4364 1554/2087/2074
f 1553/2428/2415 4330/3635/3609 1554/2087/2074
f 85/3513/3487 859/3850/3823 4331/464/464
f 859/3850/3823 1038/2021/2008 4331/464/464
f 3012/4534/4497 4332/4536/3967 2213/4111/4082
f 2213/4817/4082 4332/3996/3967 2926/3995/3966
f 295/3686/3660 2711/1610/1605 4333/3910/3883
f 2191/3685/3659 295/3686/3660 4333/3910/3883
f 4334/3967/3938 1385/2333/2320 4508/4563/4525
f 1385/2333/2320 4334/3967/3938 2129/2331/2318
f 3799/348/348 4335/350/350 2707/4056/4027
f 2707/4056/4027 4335/350/350 1120/3071/3051
f 2197/3439/3413 4336/3441/3415 1963/2509/2494
f 2197/3439/3413 746/732/732 4336/3441/3415
f 4337/133/133 3444/132/132 1695/4049/4020
f 4337/133/133 1695/4049/4020 3614/2568/2553
f 4338/4790/4742 4659/5038/4965 3522/4276/4242
f 4338/4790/4742 3522/4276/4242 1820/4274/4240
f 475/4439/4402 3202/2293/2280 4339/4546/4508
f 1489/655/655 4339/4546/4508 3202/2293/2280
f 1688/1870/1863 971/1200/1195 4340/1199/1194
f 4340/1199/1194 3440/4222/4190 1688/1870/1863
f 2781/3822/3795 437/3776/3750 4341/3823/3796
f 1266/2143/2130 4341/3823/3796 437/3776/3750
f 4342/3514/3488 2186/3862/3835 1636/4983/4913
f 287/1198/1193 2186/3862/3835 4342/3514/3488
f 1094/5048/4974 4343/954/952 735/1394/1389
f 1094/5048/4974 3714/4852/4800 4343/954/952
f 4344/2156/2143 3151/4512/4475 436/2596/2581
f 557/2592/2577 4344/2156/2143 436/2596/2581
f 4345/1360/1355 505/2402/2389 2137/1361/1356
f 2456/1358/1353 505/2402/2389 4345/1360/1355
f 4346/2250/2237 2048/4900/4842 4577/2248/2235
f 4346/2250/2237 2049/4090/4061 2048/4900/4842
f 2876/3434/3408 4347/4434/4397 1375/4433/4396
f 1375/4433/4396 4347/4434/4397 804/3389/3365
f 804/3389/3365 4347/4434/4397 4348/3427/3401
f 804/3389/3365 4348/3427/3401 3576/3390/3366
f 2049/4090/4061 3055/863/863 4349/4901/4843
f 2049/4090/4061 4349/4901/4843 2048/4900/4842
f 4350/65/65 1460/4990/4918 2315/29/29
f 6/66/66 4350/65/65 2315/29/29
f 2534/4097/4068 3727/4811/4761 4351/4422/4385
f 4351/4422/4385 180/1020/1018 2534/4097/4068
f 2360/3610/3584 266/4092/4063 4352/2249/2236
f 266/4092/4063 4346/2250/2237 4352/2249/2236
f 1861/4806/4758 4353/1806/1799 2723/4810/1136
f 1861/4806/4758 878/1036/1034 4353/1806/1799
f 3364/4729/2982 4354/3556/3530 1746/5079/3529
f 681/3558/3532 1746/5079/3529 4354/3556/3530
f 380/1904/1896 2342/157/157 4355/4525/4488
f 4355/4525/4488 4633/3118/3098 380/1904/1896
f 2982/1471/1466 4356/1327/1322 1540/2517/2502
f 1540/2517/2502 4356/1327/1322 2806/1326/1321
f 4357/16/16 3948/4339/4304 1302/18/18
f 2768/14/14 4357/16/16 1302/18/18
f 1261/4294/4260 2471/2050/2037 4358/2352/2339
f 2471/2050/2037 2726/2052/2039 4358/2352/2339
f 4359/565/565 2307/2049/2036 88/4830/4779
f 4359/565/565 88/4830/4779 3184/1921/1911
f 4360/2810/2791 1841/4797/4749 617/1950/1940
f 1841/4797/4749 4360/2810/2791 1936/4798/4750
f 3795/265/265 1677/2896/2877 4361/205/205
f 1677/2896/2877 3079/206/206 4361/205/205
f 2514/3149/3129 4837/341/341 4362/2322/2309
f 2514/3149/3129 4362/2322/2309 1289/2326/2313
f 4363/1383/1378 71/4406/4370 2157/1417/1412
f 4363/1383/1378 2338/1385/1380 71/4406/4370
f 4364/339/339 2542/5015/4943 2980/4287/4253
f 2542/5015/4943 4364/339/339 4837/341/341
f 1129/3235/3214 2091/3234/3213 4365/4078/4049
f 2231/816/816 1129/3235/3214 4365/4078/4049
f 2096/3068/3048 4366/277/277 700/262/262
f 4366/277/277 561/279/279 700/262/262
f 2868/4114/4085 1429/3412/3388 4367/278/278
f 4366/277/277 2868/4114/4085 4367/278/278
f 4368/2695/2680 4369/2605/2590 3009/643/643
f 3347/2696/2681 1616/4636/4598 4368/2695/2680
f 4369/2605/2590 1616/4636/4598 4810/636/636
f 4368/2695/2680 1616/4636/4598 4369/2605/2590
f 1438/2073/2060 2728/2075/2062 4370/3559/3533
f 4370/3559/3533 3107/549/549 1438/2073/2060
f 3288/2261/2248 4637/4027/3998 4371/4025/3996
f 3288/2261/2248 4371/4025/3996 468/1889/1882
f 4372/2629/2614 1191/4179/4148 1664/645/645
f 1190/4180/4149 1191/4179/4148 4372/2629/2614
f 4373/4839/4787 1912/2047/2034 3950/1543/1538
f 52/1542/1537 4373/4839/4787 3950/1543/1538
f 844/2593/2578 3926/3484/3458 4374/2157/2144
f 844/2593/2578 4374/2157/2144 4344/2156/2143
f 4302/4069/4040 4375/1418/1413 2029/2209/2196
f 1434/957/955 2029/2209/2196 4375/1418/1413
f 2505/1822/1815 4376/2303/2290 1849/1807/1800
f 2505/1822/1815 362/1425/1420 4376/2303/2290
f 4090/1528/1523 2328/813/813 4377/4992/4920
f 1037/3905/3878 4090/1528/1523 4377/4992/4920
f 450/1213/1208 3954/4902/4844 4378/2691/2676
f 2788/2690/2675 4378/2691/2676 3954/4902/4844
f 1933/4544/4506 4379/1106/1104 311/1624/1619
f 1933/4544/4506 1148/1107/1105 4379/1106/1104
f 2045/4263/4229 4839/3083/3063 4380/2085/2072
f 2045/4263/4229 4380/2085/2072 423/2882/2863
f 4381/2108/2095 1288/4316/4282 1970/167/167
f 3383/3742/3716 1288/4316/4282 4381/2108/2095
f 4382/3949/3922 848/3497/3471 3138/1598/1593
f 4382/3949/3922 3138/1598/1593 1065/1597/1592
f 3677/741/741 3154/2898/2879 4383/739/739
f 4382/3949/3922 4383/739/739 3154/2898/2879
f 649/1593/1588 3877/2906/2887 4384/2909/2890
f 1818/2907/2888 4384/2909/2890 3877/2906/2887
f 2956/4037/4008 1109/2545/2530 4385/4861/4807
f 2957/2611/2596 2956/4037/4008 4385/4861/4807
f 4386/316/316 3459/4956/4890 1132/2487/2472
f 3143/4006/3977 4386/316/316 1132/2487/2472
f 2332/4993/4921 4387/3274/3250 3618/4229/4197
f 4387/3274/3250 2332/4993/4921 3719/5027/4954
f 1690/2543/2528 4388/2547/2532 3967/2544/2529
f 3258/274/274 4388/2547/2532 1690/2543/2528
f 2118/3720/3694 4389/5061/4985 816/3423/906
f 1346/866/865 816/3423/906 4389/5061/4985
f 4662/1770/1763 4390/3976/3947 1075/3978/3949
f 4390/3976/3947 3072/3977/3948 1075/3978/3949
f 3502/3898/3871 1483/4542/4504 4391/5034/4961
f 1483/4542/4504 2680/170/170 4391/5034/4961
f 922/777/777 4392/1548/1543 136/4649/4610
f 136/4649/4610 4392/1548/1543 2293/1549/1544
f 4392/1548/1543 1918/877/876 4393/1550/1545
f 4393/1550/1545 1918/877/876 1105/879/878
f 4394/997/995 1365/4419/4382 159/1865/1858
f 2081/996/994 1365/4419/4382 4394/997/995
f 4395/3396/3372 402/4452/4415 805/3394/3370
f 4395/3396/3372 805/3394/3370 721/3135/3115
f 4396/4358/4323 402/4452/4415 4395/3396/3372
f 4396/4358/4323 2076/2010/1997 402/4452/4415
f 4397/4724/4681 314/4011/3982 4020/4799/4751
f 4397/4724/4681 1939/4851/4799 314/4011/3982
f 2702/4693/4652 4398/915/913 2703/2320/2307
f 4398/915/913 2702/4693/4652 484/1302/1297
f 962/3749/3723 4399/1443/1438 3366/1619/1614
f 1494/4548/4510 4399/1443/1438 962/3749/3723
f 2479/1662/1657 4400/4673/4632 3855/1663/1658
f 2479/1662/1657 3693/4672/4631 4400/4673/4632
f 2120/1180/1175 1911/1179/1174 4401/4218/4186
f 242/1495/1490 2120/1180/1175 4742/1132/1130
f 4402/4399/4363 2678/967/965 1125/909/907
f 1125/909/907 1346/908/865 4402/4399/4363
f 3713/43/43 4403/4230/4198 2177/3273/3249
f 2177/3273/3249 4403/4230/4198 3618/4229/4197
f 4404/4984/4914 4997/2485/2470 3459/4956/4890
f 4997/2485/2470 4404/4984/4914 233/174/174
f 4405/1033/1031 983/3791/3764 3391/4602/4564
f 4405/1033/1031 3391/4602/4564 1560/2308/2295
f 3008/1050/1048 4406/5087/2102 980/1051/1049
f 4406/5087/2102 3008/1050/1048 1718/4712/2105
f 2175/2757/2739 4407/3787/3760 198/2758/2740
f 4407/3787/3760 4051/2689/2674 198/2758/2740
f 3499/1902/1894 4408/4957/4891 2192/2018/2005
f 2192/2018/2005 4408/4957/4891 1747/4489/4452
f 8/62/62 4409/4523/4486 2843/26/26
f 2843/26/26 4409/4523/4486 702/3074/3054
f 93/545/545 4410/2861/2842 4610/2864/2845
f 93/545/545 2839/584/584 4410/2861/2842
f 124/1253/1248 4411/2131/2118 1316/4361/4326
f 3997/1252/1247 4411/2131/2118 124/1253/1248
f 4412/2620/2605 1394/4459/4422 2219/1297/1292
f 1393/4089/4060 1394/4459/4422 4412/2620/2605
f 4413/2564/2549 2161/4943/4882 4224/2555/2540
f 547/2609/2594 2161/4943/4882 4413/2564/2549
f 3163/2574/2559 4414/3906/3879 1612/2685/2670
f 1612/2685/2670 4414/3906/3879 285/2577/2562
f 3706/4524/4487 17/3737/3711 4415/1670/1665
f 2235/1669/1664 3706/4524/4487 4415/1670/1665
f 3057/1077/1075 4721/1642/1637 4416/976/974
f 182/1078/1076 3057/1077/1075 4416/976/974
f 2068/1733/1097 3337/3288/3264 4417/2795/2776
f 4417/2795/2776 3337/3288/3264 2054/2796/2777
f 4418/4677/4636 1674/2741/2724 549/4217/4185
f 1360/4414/4377 4419/4879/4822 549/4217/4185
f 4418/4677/4636 4419/4879/4822 1212/4216/4184
f 4419/4879/4822 4418/4677/4636 549/4217/4185
f 4420/3603/3577 898/2821/2802 3466/4742/4698
f 4420/3603/3577 3466/4742/4698 1760/1917/1909
f 4421/2080/2067 1023/2082/2069 1893/3061/3041
f 4421/2080/2067 1893/3061/3041 422/4267/4233
f 680/3267/3243 1107/763/763 4422/749/749
f 1107/763/763 2701/4093/4064 4422/749/749
f 1353/3463/3437 4423/2806/2787 4171/3464/3438
f 355/5013/4941 4423/2806/2787 1353/3463/3437
f 1202/4199/4167 254/396/396 4424/395/395
f 4424/395/395 3394/4200/4168 1202/4199/4167
f 3162/2246/2233 3141/2762/2744 4425/2619/2604
f 3141/2762/2744 4412/2620/2605 4425/2619/2604
f 422/4267/4233 4426/3664/3638 1243/55/55
f 4426/3664/3638 422/4267/4233 1893/3061/3041
f 4818/4538/4500 4427/1013/1011 2748/4437/4400
f 4427/1013/1011 878/1036/1034 2748/4437/4400
f 1274/1273/1268 4428/4303/4269 4429/3904/3877
f 1274/1273/1268 2112/3355/3331 4428/4303/4269
f 4429/3904/3877 2155/885/884 158/914/912
f 4429/3904/3877 4428/4303/4269 2155/885/884
f 385/1928/1918 4430/1931/1921 5/1926/1916
f 5/1926/1916 4430/1931/1921 3519/3444/3418
f 4431/4639/4601 1619/151/151 3444/132/132
f 4431/4639/4601 2909/105/105 1619/151/151
f 1184/442/442 4432/441/441 2738/4349/4314
f 4432/441/441 4042/4347/4312 2738/4349/4314
f 4433/1736/1729 1774/2651/2636 1388/2650/2635
f 1865/1131/1129 4433/1736/1729 1388/2650/2635
f 936/4674/4633 4434/665/665 3915/3100/3080
f 4434/665/665 936/4674/4633 1049/1752/1745
f 4435/4430/4393 4239/4417/4380 4118/1537/1532
f 4118/1537/1532 293/3194/3174 4435/4430/4393
f 4436/2626/2611 2304/2191/2178 2780/2190/2177
f 4436/2626/2611 212/2648/2633 2304/2191/2178
f 3016/2973/2954 1095/1257/1252 4437/4015/3986
f 4437/4015/3986 1095/1257/1252 227/1094/1092
f 1756/4319/4285 4438/2971/2952 4536/2140/2127
f 4439/116/116 1756/4319/4285 22/2106/2093
f 4438/2971/2952 1756/4319/4285 4439/116/116
f 2687/2138/2125 4438/2971/2952 4439/116/116
f 4440/2399/2386 225/454/454 2654/3605/3579
f 899/3561/3535 4440/2399/2386 2654/3605/3579
f 1607/4385/4349 3203/4271/4237 4441/4270/4236
f 4441/4270/4236 2492/4386/4350 1607/4385/4349
f 820/3436/3410 4037/1792/1785 4442/2769/2751
f 820/3436/3410 4442/2769/2751 1036/831/831
f 4443/5022/4949 2585/1235/1230 3091/1237/1232
f 4748/4836/4784 4068/1529/1524 2585/1235/1230
f 4912/3620/3594 4444/3485/3459 1804/4780/4732
f 1804/4780/4732 4444/3485/3459 3904/3486/3460
f 1048/705/705 4445/3924/3897 931/711/711
f 4445/3924/3897 2285/1563/1558 931/711/711
f 4446/4651/4612 1635/3059/3039 4486/4867/4812
f 4446/4651/4612 3222/3871/3844 1635/3059/3039
f 4447/3873/3846 3759/5002/4930 1018/3870/3843
f 4446/4651/4612 4447/3873/3846 1018/3870/3843
f 4448/1630/1625 4009/2791/2773 153/4553/4515
f 1078/1628/1623 4448/1630/1625 153/4553/4515
f 4449/3884/3857 878/1036/1034 1861/4806/4758
f 2748/4437/4400 878/1036/1034 4449/3884/3857
f 1398/1666/1661 4450/1599/1594 2283/4463/4426
f 3786/566/566 4450/1599/1594 1398/1666/1661
f 4451/682/682 116/4131/4102 3451/709/709
f 116/4131/4102 4451/682/682 2529/681/681
f 3290/3739/3713 4452/3740/3714 1795/4769/4724
f 690/3042/3022 4452/3740/3714 3290/3739/3713
f 4453/1296/1291 1599/939/937 3164/2242/2229
f 1599/939/937 4453/1296/1291 3761/940/938
f 4454/1322/1317 1524/4327/4292 798/4211/4179
f 798/4211/4179 2262/1320/1315 4454/1322/1317
f 4455/4441/4404 1559/1064/1062 176/1041/1039
f 3279/3590/3564 1559/1064/1062 4455/4441/4404
f 4456/4872/1720 1972/4870/3682 2016/3707/3681
f 4456/1725/1720 1773/1727/1721 1972/3708/3682
f 2621/3820/3793 214/3821/3794 4457/3816/3789
f 4132/3818/3791 2621/3820/3793 4457/3816/3789
f 538/2536/2521 4458/1910/1902 619/4625/4587
f 4458/1910/1902 2665/3759/3733 619/4625/4587
f 586/1399/1394 3208/1398/1393 4459/2003/1990
f 4459/2003/1990 3347/2696/2681 586/1399/1394
f 697/2275/2262 689/4721/4678 4460/2276/2263
f 4460/2276/2263 689/4721/4678 2720/4722/4679
f 3470/4348/4313 1468/1972/1959 4461/4527/4490
f 4461/4527/4490 69/2549/2534 3470/4348/4313
f 4462/1029/1027 3992/1272/1267 2457/1271/1266
f 3245/2709/2694 4462/1029/1027 2457/1271/1266
f 3621/426/426 1728/425/425 4463/4717/4674
f 4463/4717/4674 1728/425/425 3889/4133/4104
f 4464/4039/4010 1949/3117/3097 1884/3116/3096
f 715/4041/4012 4464/4039/4010 1884/3116/3096
f 1418/1447/1442 4223/3141/3121 4465/2975/2956
f 3615/1448/1443 1418/1447/1442 4465/2975/2956
f 1455/4945/4883 4466/2602/2587 558/4519/4482
f 1455/4945/4883 3304/182/182 4466/2602/2587
f 1103/2512/2497 4467/224/224 4574/223/223
f 1968/2745/2727 4467/224/224 1103/2512/2497
f 4468/3882/3855 3020/4807/4759 1022/3878/3851
f 2386/3879/3852 4468/3882/3855 1022/3878/3851
f 4469/2353/2340 4069/4822/4771 1879/2024/2011
f 4469/2353/2340 2726/2052/2039 4069/4822/4771
f 1738/24/24 4470/7/7 864/22/22
f 4470/7/7 4875/3081/3061 864/22/22
f 4471/3143/3123 1411/4480/4443 1409/3144/3124
f 904/3617/3591 1411/4480/4443 4471/3143/3123
f 924/3670/3644 197/4301/4267 4472/1159/1156
f 197/4301/4267 3081/1623/1618 4472/1159/1156
f 4473/20/20 2506/2450/2437 2121/21/21
f 4473/20/20 3408/2452/2439 2506/2450/2437
f 846/5047/4973 2838/1222/1217 4474/4398/4362
f 3679/3488/3462 846/5047/4973 4474/4398/4362
f 402/4452/4415 1642/2012/1999 4475/4453/4416
f 1642/2012/1999 4790/5068/4992 4475/4453/4416
f 4476/4605/4567 2461/3029/3009 1813/3031/3011
f 4476/4605/4567 1082/3990/3961 2461/3029/3009
f 751/3232/3211 4477/924/922 2122/4929/4869
f 3298/3233/3212 4477/924/922 751/3232/3211
f 4478/4930/4870 542/1255/1250 3845/4350/4315
f 3808/1256/1251 542/1255/1250 4478/4930/4870
f 636/3363/3339 4479/4307/4273 1279/3365/3341
f 1279/3365/3341 4479/4307/4273 4679/4845/4793
f 3495/3477/3451 841/3476/3450 4480/191/191
f 4480/191/191 841/3476/3450 2787/192/192
f 1152/2672/2657 4481/1828/1821 1263/3491/3465
f 1152/2672/2657 364/1829/1822 4481/1828/1821
f 1344/3489/3463 2763/728/728 4482/2499/2484
f 4482/2499/2484 2763/728/728 3382/727/727
f 1665/1858/1851 3199/4370/4335 4483/4034/4005
f 1106/219/219 1665/1858/1851 4483/4034/4005
f 4484/941/939 2499/1562/1557 355/5013/4941
f 4484/941/939 3761/940/938 2499/1562/1557
f 4485/1795/1788 4423/2806/2787 355/5013/4941
f 2499/1562/1557 4485/1795/1788 355/5013/4941
f 1019/1673/1668 4486/4867/4812 1635/3059/3039
f 4486/4867/4812 1019/1673/1668 4688/1672/1667
f 679/668/668 4487/634/634 4215/2992/2973
f 679/668/668 1013/3248/3227 4487/634/634
f 4488/2930/2911 3230/2729/2712 1431/1656/1651
f 3230/2729/2712 4488/2930/2911 1676/2730/2713
f 3425/4897/4839 1814/338/338 4489/4787/4739
f 4489/4787/4739 1814/338/338 415/346/346
f 4490/4924/4864 3329/4042/4013 4935/4516/4479
f 890/4923/4863 3329/4042/4013 4490/4924/4864
f 4120/3246/3225 4491/1765/1758 2133/614/614
f 2133/614/614 4491/1765/1758 1848/615/615
f 4492/3327/3303 3420/2573/2558 550/2575/2560
f 4492/3327/3303 550/2575/2560 4922/4634/4596
f 2795/4500/4463 3949/2316/2303 4493/4853/4801
f 4547/3998/3969 2795/4500/4463 4493/4853/4801
f 1869/4748/4704 4494/3729/3703 1967/4868/4813
f 4494/3729/3703 4276/212/212 1967/4868/4813
f 2393/4854/4802 4495/4750/4706 3772/187/187
f 714/2158/2145 4495/4750/4706 2393/4854/4802
f 3093/2750/2732 179/1015/1013 4496/2747/2729
f 1685/1278/1273 3093/2750/2732 4496/2747/2729
f 2103/3794/3767 3781/579/579 4497/3796/3769
f 2103/3794/3767 4497/3796/3769 4788/4850/4798
f 1378/2015/2002 4498/2017/2004 3669/2014/2001
f 4498/2017/2004 1378/2015/2002 2756/561/561
f 1565/3458/3432 4499/2273/2260 4476/4605/4567
f 4555/2274/2261 4499/2273/2260 1565/3458/3432
f 374/1820/1813 4500/1876/1869 3641/3867/3840
f 4269/1819/1812 4500/1876/1869 374/1820/1813
f 1974/2265/2252 4501/4875/4818 4167/934/932
f 4167/934/932 4501/4875/4818 1732/4874/4817
f 4502/1875/1868 1847/3866/3839 4500/1876/1869
f 2134/4800/4752 1847/3866/3839 4502/1875/1868
f 713/5006/4934 4503/3113/3093 372/3114/3094
f 2847/3112/3092 4503/3113/3093 713/5006/4934
f 2208/1122/1120 4504/1121/1119 1199/4185/4153
f 4256/1804/1797 1199/4185/4153 4504/1121/1119
f 1781/4146/4115 3979/1511/1506 4505/4756/4712
f 4505/4756/4712 2000/2036/2023 1781/4146/4115
f 4506/3022/3002 2072/2394/2381 1757/2396/2383
f 4506/3022/3002 1757/2396/2383 1226/2390/2377
f 4211/2661/2646 56/3072/3052 4507/349/349
f 4507/349/349 56/3072/3052 1120/3071/3051
f 4508/4563/4525 284/4448/4411 1988/1374/1369
f 4508/4563/4525 1511/1215/1210 284/4448/4411
f 4509/1404/1399 149/1403/1398 2173/3507/3481
f 3124/3501/3475 4509/1404/1399 4699/4948/4886
f 4169/3851/3824 4510/4395/4359 2092/1823/1816
f 2092/1823/1816 4510/4395/4359 1945/4857/4803
f 173/2415/2402 4511/971/969 2880/970/968
f 4511/971/969 173/2415/2402 2170/3381/3357
f 3002/2483/2468 4512/3125/3105 1005/2481/2466
f 1005/2481/2466 4512/3125/3105 4510/4395/4359
f 2171/3380/3356 4511/971/969 4513/880/879
f 3730/825/825 2171/3380/3356 4513/880/879
f 2652/553/553 880/550/550 4514/3560/3534
f 4514/3560/3534 880/550/550 4370/3559/3533
f 1251/1680/1675 702/3074/3054 4515/4280/4246
f 3291/1491/1486 1251/1680/1675 4515/4280/4246
f 2079/4066/4037 4516/961/959 4271/4068/4039
f 2563/981/979 4516/961/959 2079/4066/4037
f 4517/4727/4684 3551/2863/2844 2467/1601/1596
f 1737/3731/3705 3551/2863/2844 4517/4727/4684
f 3805/1454/1449 4518/1436/1431 2863/3723/3697
f 265/1432/1427 2863/3723/3697 4518/1436/1431
f 4519/404/404 2771/448/448 75/4912/4852
f 4519/404/404 75/4912/4852 1632/2754/2736
f 4520/4932/4872 4740/1362/1357 2434/597/597
f 4125/1219/1214 4520/4932/4872 2434/597/597
f 2798/3802/3775 4521/2369/2356 589/2371/2358
f 2798/3802/3775 1270/3801/3774 4521/2369/2356
f 4522/4497/4460 66/418/418 627/417/417
f 66/418/418 4522/4497/4460 2381/4326/373
f 2612/3421/3397 4700/835/835 4523/3422/3398
f 2612/3421/3397 4523/3422/3398 815/1450/1445
f 4524/779/779 2382/4127/4098 4947/2165/2152
f 1371/4424/4387 2382/4127/4098 4524/779/779
f 1281/3600/3574 3206/3595/3569 4525/3597/3571
f 4525/3597/3571 3621/426/426 1281/3600/3574
f 3384/3460/3434 1564/3457/3431 4526/1943/1933
f 4526/1943/1933 1564/3457/3431 788/1944/1934
f 4527/2178/2165 1068/3429/3403 143/2179/2166
f 4527/2178/2165 143/2179/2166 1812/2167/2154
f 4528/3712/3686 1044/1216/1211 3492/3580/3554
f 4977/3914/3887 1044/1216/1211 4528/3712/3686
f 1284/281/281 2195/1518/1513 4529/5046/4972
f 1284/281/281 4529/5046/4972 4108/4495/4458
f 4530/3711/3685 4528/3712/3686 3399/3582/3556
f 4977/3914/3887 4528/3712/3686 4530/3711/3685
f 2816/1520/1515 4531/4805/4757 4529/5046/4972
f 35/1996/1983 4531/4805/4757 2816/1520/1515
f 4532/2374/2361 472/2278/2265 2765/2375/2362
f 3541/2279/2266 472/2278/2265 4532/2374/2361
f 4533/2560/2545 1062/3404/3380 2466/1546/1541
f 4533/2560/2545 1871/2556/2541 1062/3404/3380
f 4534/3638/3612 199/1152/1150 4107/4490/4453
f 4534/3638/3612 1502/3640/3614 199/1152/1150
f 4535/1025/1023 3272/1001/999 2797/1000/998
f 2232/4442/4405 3272/1001/999 4535/1025/1023
f 1756/4319/4285 4536/2140/2127 959/2112/2099
f 4536/2140/2127 3942/2113/2100 959/2112/2099
f 3680/580/580 4537/3838/3811 1736/578/578
f 4537/3838/3811 4031/3839/3812 1736/578/578
f 2421/1251/1246 4538/3471/3445 2952/3470/3444
f 4538/3471/3445 147/873/872 2952/3470/3444
f 1888/748/748 4539/2268/2255 2442/4018/3989
f 2442/4018/3989 4539/2268/2255 477/2297/2284
f 2486/4310/4276 4540/4576/4538 733/3172/3152
f 3790/3173/3153 733/3172/3152 4540/4576/4538
f 1355/4128/4099 2334/4411/4374 4541/4995/4923
f 2334/4411/4374 4002/1769/1762 4541/4995/4923
f 3419/2921/2902 4542/4627/4589 1602/2922/2903
f 1602/2922/2903 4542/4627/4589 2769/245/245
f 2350/4130/4101 4543/4132/4103 3836/4998/4926
f 2350/4130/4101 1163/4129/4100 4543/4132/4103
f 4544/1833/1826 365/1845/1838 3659/429/429
f 365/1845/1838 4544/1833/1826 73/1846/1839
f 4543/4132/4103 1163/4129/4100 4545/710/710
f 3873/733/733 4545/710/710 1163/4129/4100
f 4546/1758/1751 1304/4333/4298 2638/4341/4306
f 4546/1758/1751 2638/4341/4306 3760/1756/1749
f 4547/3998/3969 1086/4501/4464 2795/4500/4463
f 3387/4971/4904 1086/4501/4464 4547/3998/3969
f 3250/4117/4088 1157/5009/4937 4548/4118/4089
f 1157/5009/4937 4942/2976/2957 4548/4118/4089
f 40/273/273 4549/1702/1697 2279/248/248
f 3377/1705/1700 2279/248/248 4549/1702/1697
f 2254/2490/2475 1414/1946/1936 4550/1948/1938
f 2254/2490/2475 4550/1948/1938 3491/4073/4044
f 3987/232/232 4551/4468/4431 482/3473/3447
f 4551/4468/4431 1402/259/259 482/3473/3447
f 4552/158/158 4017/1975/1962 768/1977/1964
f 4552/158/158 1501/121/121 4017/1975/1962
f 3098/340/340 4553/4064/4035 4670/264/264
f 4553/4064/4035 3361/1317/1312 4670/264/264
f 2085/1234/1229 4554/4469/4432 4551/4468/4431
f 2942/3930/3903 4554/4469/4432 2085/1234/1229
f 466/2093/2080 3625/2095/2082 4555/2274/2261
f 530/2094/2081 466/2093/2080 4623/2503/2488
f 1863/3058/3038 2104/919/917 4556/4925/4865
f 2104/919/917 1705/2496/2481 4556/4925/4865
f 4141/4100/4071 1143/4096/4067 4557/4860/4806
f 1994/1428/1423 4141/4100/4071 4557/4860/4806
f 4558/2039/2026 2339/449/449 3224/451/451
f 602/4650/4611 2339/449/449 4558/2039/2026
f 593/2195/2182 2126/2720/2703 4559/2196/2183
f 2480/1209/1204 4690/1208/1203 2126/2720/2703
f 4560/5037/4964 194/5050/4976 4564/2515/2500
f 4560/5037/4964 2713/1146/1144 1054/2705/2690
f 593/2195/2182 4561/2718/2701 2126/2720/2703
f 1176/4153/4122 4561/2718/2701 593/2195/2182
f 748/3218/3198 4562/3622/3596 4852/3216/3196
f 4562/3622/3596 748/3218/3198 3011/2154/2141
f 476/2295/2282 4563/719/719 1937/718/718
f 476/2295/2282 744/1338/1333 4563/719/719
f 4560/5037/4964 4564/2515/2500 2713/1146/1144
f 2713/1146/1144 4564/2515/2500 4314/1147/1145
f 998/2061/2048 4565/1409/1404 418/1460/1455
f 418/1460/1455 4565/1409/1404 4249/1408/1403
f 2131/3581/3555 4566/4933/4873 4054/3583/3557
f 2131/3581/3555 4471/3143/3123 4566/4933/4873
f 992/1203/1198 572/2647/2632 4567/3819/3792
f 992/1203/1198 4567/3819/3792 4132/3818/3791
f 4466/2602/2587 2879/4295/4261 4568/5018/4946
f 4568/5018/4946 2879/4295/4261 3778/5017/4945
f 388/2491/2476 526/4074/4045 4569/2492/2477
f 3539/4002/3973 388/2491/2476 4937/4003/3974
f 2497/4893/4836 4570/4892/4835 2021/2150/2137
f 373/1173/1168 2021/2150/2137 4570/4892/4835
f 4571/1678/1673 327/1677/1672 2146/3522/3496
f 2146/3522/3496 3526/4939/4878 4571/1678/1673
f 443/260/260 1402/259/259 4572/2169/2156
f 443/260/260 4572/2169/2156 1450/4514/4477
f 4232/4192/4160 1924/3329/3305 4573/4621/4583
f 4573/4621/4583 1924/3329/3305 1197/76/76
f 399/1995/1982 1103/2512/2497 4574/223/223
f 3303/4696/4655 399/1995/1982 4574/223/223
f 1450/4514/4477 4575/4513/4476 228/1413/1408
f 4028/1411/1406 228/1413/1408 4579/2170/2157
f 4576/1607/1602 2518/1605/1600 3323/470/470
f 4576/1607/1602 1550/1606/1601 2518/1605/1600
f 4577/2248/2235 464/2618/2603 2344/4931/4871
f 469/2267/2254 4577/2248/2235 2344/4931/4871
f 1145/1305/1300 4578/4745/4701 4619/4104/4075
f 4578/4745/4701 2370/1314/1309 1764/1126/1124
f 4579/2170/2157 228/1413/1408 4575/4513/4476
f 4572/2169/2156 4579/2170/2157 4575/4513/4476
f 4580/3351/3327 1359/4412/4375 3182/477/477
f 3027/476/476 4580/3351/3327 3182/477/477
f 4581/120/120 1935/4554/4516 1501/121/121
f 4581/120/120 3853/3171/3151 1935/4554/4516
f 463/2241/2228 1147/4106/4077 4582/4107/4078
f 4582/4107/4078 1147/4106/4077 4799/2771/2753
f 683/3009/2989 4583/3899/3872 1625/3010/2990
f 4970/3008/2988 4583/3899/3872 683/3009/2989
f 1960/2283/2270 4584/372/372 473/2344/2331
f 1960/2283/2270 493/370/370 4584/372/372
f 4585/4890/4833 2168/2653/2638 202/1091/1089
f 2168/2653/2638 4585/4890/4833 2016/3707/3681
f 2091/3234/3213 539/862/862 4586/3607/3581
f 4714/2538/2523 4365/4078/4049 2091/3234/3213
f 2399/3763/3737 3940/1333/1328 4587/4472/4435
f 4587/4472/4435 277/4473/4436 2399/3763/3737
f 4588/2135/2122 1377/2756/2738 1618/4637/4599
f 435/2134/2121 1377/2756/2738 4588/2135/2122
f 4589/4767/4722 70/414/414 3672/413/413
f 1793/4470/4433 4589/4767/4722 3672/413/413
f 4590/78/78 967/2358/2345 3456/4282/4248
f 4590/78/78 911/80/80 967/2358/2345
f 1515/1653/1648 4591/3938/3911 1550/1606/1601
f 2518/1605/1600 1550/1606/1601 4591/3938/3911
f 1621/2645/2630 4592/2644/2629 571/4640/4602
f 571/4640/4602 4592/2644/2629 3739/936/934
f 589/2371/2358 1538/1118/1116 4593/1117/1115
f 2798/3802/3775 589/2371/2358 4593/1117/1115
f 1143/4096/4067 4594/3255/3232 4557/4860/4806
f 4594/3255/3232 1143/4096/4067 1140/2074/2061
f 4126/3589/3563 2558/5019/4947 4595/5020/4948
f 4126/3589/3563 4595/5020/4948 892/3591/3565
f 4596/3745/3719 3702/1493/1488 3863/3405/3381
f 4596/3745/3719 2120/1180/1175 3702/1493/1488
f 4597/4755/4711 1192/2467/2452 432/4181/4150
f 4597/4755/4711 1780/4184/1179 1192/2467/2452
f 941/2654/2639 2016/3707/3681 4598/4871/4815
f 941/2654/2639 4598/4871/4815 2742/1098/1096
f 3443/4420/4383 4599/4210/4178 3102/4212/4180
f 4599/4210/4178 3443/4420/4383 1210/381/381
f 2003/3437/3411 1036/831/831 4600/803/803
f 4600/803/803 1036/831/831 2520/804/804
f 1033/560/560 4601/3413/3389 2754/460/460
f 2754/460/460 4601/3413/3389 77/461/461
f 307/1615/1610 3000/845/845 4602/3138/3118
f 4843/5056/4980 4602/3138/3118 3000/845/845
f 2453/2828/2809 1358/2203/2190 4603/3350/3326
f 2453/2828/2809 4603/3350/3326 2628/3349/3325
f 407/4858/4804 4604/4859/4805 1946/2406/2393
f 407/4858/4804 3864/2033/2020 4604/4859/4805
f 3751/4384/4348 1958/2354/2341 4605/4040/4011
f 4605/4040/4011 1958/2354/2341 3461/2355/2342
f 645/2891/2872 4606/4947/4885 4279/2892/2873
f 645/2891/2872 2169/2334/2321 4606/4947/4885
f 597/2733/2716 4607/2735/2718 4609/2737/2720
f 3120/2226/2213 4607/2735/2718 597/2733/2716
f 1085/4816/4766 2926/3995/3966 4608/2938/2919
f 3819/3028/3008 1085/4816/4766 4608/2938/2919
f 597/2733/2716 4609/2737/2720 1825/2734/2717
f 1825/2734/2717 4609/2737/2720 4824/2225/2212
f 4610/2864/2845 4410/2861/2842 1299/2862/2843
f 4610/2864/2845 1299/2862/2843 2467/1601/1596
f 4611/61/61 1255/3106/3086 711/59/59
f 4614/4288/4254 4611/61/61 3662/2966/2947
f 4612/1144/1142 1264/2516/2501 3643/1145/1143
f 533/2514/2499 1264/2516/2501 4612/1144/1142
f 4613/2539/2524 3934/2379/2366 150/4077/4048
f 4613/2539/2524 150/4077/4048 2231/816/816
f 4617/4423/4386 1255/3106/3086 4614/4288/4254
f 4611/61/61 4614/4288/4254 1255/3106/3086
f 1609/4293/4259 48/3089/3069 4615/3088/3068
f 1260/4292/4258 1609/4293/4259 4615/3088/3068
f 2611/463/463 659/465/465 4616/4726/4683
f 4331/464/464 4640/2933/2914 659/465/465
f 4614/4288/4254 1369/33/33 4617/4423/4386
f 4617/4423/4386 1369/33/33 4683/4279/4245
f 4618/4604/4566 1562/199/199 2161/4943/4882
f 4618/4604/4566 2844/176/176 1562/199/199
f 4619/4104/4075 1764/1126/1124 3897/4794/4746
f 4578/4745/4701 1764/1126/1124 4619/4104/4075
f 4620/3387/3363 1167/872/871 842/871/870
f 4620/3387/3363 801/3386/3362 1167/872/871
f 4621/1109/1107 188/3146/3126 2266/3472/3446
f 1808/3145/3125 188/3146/3126 4621/1109/1107
f 4622/4391/4355 251/1371/1366 1362/4320/4286
f 4622/4391/4355 2377/3959/3930 251/1371/1366
f 3384/3460/3434 4623/2503/2488 4555/2274/2261
f 4623/2503/2488 466/2093/2080 4555/2274/2261
f 4624/1323/1318 1692/2066/2053 2390/2065/2052
f 4626/889/888 1692/2066/2053 4624/1323/1318
f 1046/611/611 4625/3717/3691 1519/612/612
f 4248/2253/2240 4625/3717/3691 1046/611/611
f 829/1325/1320 4626/889/888 4624/1323/1318
f 4626/889/888 829/1325/1320 4129/890/889
f 4627/4560/4522 4600/803/803 253/805/805
f 253/805/805 1510/4562/4524 4627/4560/4522
f 2422/256/256 4628/3177/3157 1794/4768/4723
f 974/253/253 1794/4768/4723 4628/3177/3157
f 377/3057/3037 4629/2264/2251 2805/4723/4680
f 377/3057/3037 2199/4617/4579 4629/2264/2251
f 4630/3691/3665 501/4685/4644 2452/3571/3545
f 1573/3570/3544 4630/3691/3665 2452/3571/3545
f 1717/691/691 118/3688/3662 4631/4981/4911
f 118/3688/3662 2528/1397/1392 4631/4981/4911
f 4632/3979/3950 1113/5064/4988 1074/1771/1764
f 4632/3979/3950 1075/3978/3949 1113/5064/4988
f 4355/4525/4488 2593/119/119 4633/3118/3098
f 2593/119/119 1110/3115/3095 4633/3118/3098
f 4634/1391/1386 1494/4548/4510 2059/4549/4511
f 1428/4498/4461 4634/1391/1386 2059/4549/4511
f 1570/380/380 4635/3696/3670 1441/2945/2926
f 4635/3696/3670 1574/2943/2924 4636/4504/4467
f 4636/4504/4467 1441/2945/2926 4635/3696/3670
f 1441/2945/2926 4636/4504/4467 4599/4210/4178
f 3288/2261/2248 1101/2263/2250 4637/4027/3998
f 1101/2263/2250 2810/1886/1879 4637/4027/3998
f 4638/1647/1642 3209/5014/4942 1704/1648/1643
f 3991/1558/1553 3209/5014/4942 4638/1647/1642
f 4639/4635/4597 1702/4921/4861 1400/4465/4428
f 4639/4635/4597 2185/4922/4862 1702/4921/4861
f 4640/2933/2914 67/2934/2915 4616/4726/4683
f 659/465/465 4640/2933/2914 4616/4726/4683
f 4641/1649/1644 736/4662/4621 4638/1647/1642
f 4641/1649/1644 280/3181/3161 736/4662/4621
f 1702/4921/4861 4642/869/868 1400/4465/4428
f 3975/3271/3247 1400/4465/4428 4642/869/868
f 3584/4387/4351 4643/4388/4352 1333/306/306
f 3584/4387/4351 4053/4389/4353 4643/4388/4352
f 2151/3107/3087 745/3208/3188 4644/4123/4094
f 4644/4123/4094 745/3208/3188 3305/3210/3190
f 1038/2021/2008 2637/2020/2007 4645/3907/3880
f 2637/2020/2007 3181/2345/2332 4645/3907/3880
f 4646/3965/3936 3214/4580/4542 3251/4163/4132
f 414/2048/2035 4646/3965/3936 3251/4163/4132
f 675/2127/2114 4647/4638/4600 2732/1183/1178
f 603/2755/2737 2732/1183/1178 4647/4638/4600
f 1067/5045/4971 4648/3953/3924 3638/2865/2846
f 4645/3907/3880 4648/3953/3924 1067/5045/4971
f 4649/821/821 1959/2825/2806 140/1888/1881
f 4649/821/821 972/820/820 1959/2825/2806
f 4423/2806/2787 4650/2805/2786 4171/3464/3438
f 4650/2805/2786 2697/4940/4879 4171/3464/3438
f 4651/2786/2768 3295/5070/4994 773/3299/3275
f 537/990/988 3295/5070/4994 4651/2786/2768
f 3295/5070/4994 4652/2532/2517 3044/2531/2516
f 4652/2532/2517 3295/5070/4994 537/990/988
f 4653/1274/1269 4429/3904/3877 236/2710/2695
f 3794/1300/1295 4653/1274/1269 236/2710/2695
f 2632/4917/4857 4654/4593/4555 2089/4704/4662
f 4654/4593/4555 3685/786/786 2089/4704/4662
f 1882/1661/1656 4655/3654/3628 278/4824/4773
f 4655/3654/3628 1882/1661/1656 3230/2729/2712
f 4656/3044/3024 4159/716/716 2135/4848/4796
f 4656/3044/3024 2135/4848/4796 540/4847/4795
f 3014/2347/2334 4193/3026/3006 4657/4643/4604
f 1337/4642/4603 4657/4643/4604 4193/3026/3006
f 2616/3982/3953 4656/3044/3024 4658/4934/4874
f 2616/3982/3953 4658/4934/4874 1077/3975/3946
f 2719/773/773 644/2908/2889 4659/5038/4965
f 4659/5038/4965 4338/4790/4742 2719/773/773
f 4660/4300/4266 1271/3701/3675 2234/3697/3671
f 4660/4300/4266 2234/3697/3671 3918/1750/1743
f 4046/163/163 4661/165/165 1321/2881/2862
f 4661/165/165 423/2882/2863 1321/2881/2862
f 2246/3971/3942 1073/3981/3952 4662/1770/1763
f 4002/1769/1762 2246/3971/3942 4662/1770/1763
f 4663/2673/2658 3387/4971/4904 2242/3373/3349
f 3146/3372/3348 4663/2673/2658 2242/3373/3349
f 4664/3552/3526 2183/4905/4847 184/3551/3525
f 184/3551/3525 3083/1803/1796 4664/3552/3526
f 488/1744/1737 4665/5060/4984 3654/2632/2617
f 3516/1464/1459 4665/5060/4984 488/1744/1737
f 4666/3714/3688 100/585/585 3978/4561/4523
f 100/585/585 4666/3714/3688 3809/586/586
f 1647/4331/4296 510/3650/3624 4667/2419/2406
f 510/3650/3624 3986/522/522 4667/2419/2406
f 2472/3195/3175 293/3194/3174 4668/4795/4747
f 2443/3196/3176 2472/3195/3175 4668/4795/4747
f 3269/2292/2279 1122/2291/2278 4669/4060/4031
f 1122/2291/2278 2090/684/684 4669/4060/4031
f 3098/340/340 4670/264/264 1123/272/272
f 1123/272/272 4670/264/264 40/273/273
f 2312/3136/3116 4671/3395/3371 3054/4988/679
f 721/3135/3115 4671/3395/3371 2312/3136/3116
f 4672/4332/4297 4667/2419/2406 1788/2418/2405
f 4674/1790/1783 1788/2418/2405 1786/521/521
f 3229/4713/4670 4673/5067/4991 3529/2286/2273
f 3228/356/356 4673/5067/4991 3229/4713/4670
f 4674/1790/1783 4672/4332/4297 1788/2418/2405
f 2791/4764/4720 4672/4332/4297 4674/1790/1783
f 2202/3243/3222 4675/4607/4569 3370/4606/4568
f 1557/4599/4561 4675/4607/4569 2202/3243/3222
f 4676/5010/4938 3330/1115/1113 1270/3801/3774
f 4676/5010/4938 4942/2976/2957 3330/1115/1113
f 4677/443/443 2412/3368/3344 796/497/497
f 4677/443/443 796/497/497 2447/444/444
f 4678/4312/4278 1285/4311/4277 594/4313/4279
f 594/4313/4279 3594/2725/2708 4682/2723/2706
f 4479/4307/4273 1929/2506/2491 4679/4845/4793
f 4679/4845/4793 1929/2506/2491 3264/2854/2835
f 4680/3963/3934 963/3750/3724 625/1482/1477
f 4680/3963/3934 625/1482/1477 1883/1481/1476
f 2432/3540/3514 4681/4964/4898 3255/4456/4419
f 2432/3540/3514 2164/3528/3502 4681/4964/4898
f 3021/2722/2705 4678/4312/4278 4682/2723/2706
f 4678/4312/4278 594/4313/4279 4682/2723/2706
f 4683/4279/4245 2037/118/118 428/3209/3189
f 4617/4423/4386 4683/4279/4245 428/3209/3189
f 1969/126/126 587/184/184 4684/127/127
f 4684/127/127 587/184/184 3400/2699/2684
f 1161/2102/2089 3265/4126/4097 4685/221/221
f 3472/2100/2087 1161/2102/2089 4685/221/221
f 4686/4036/4007 1837/2875/2856 57/2874/2855
f 4686/4036/4007 2070/4035/4006 1837/2875/2856
f 1850/3347/3323 4687/3344/3320 4680/3963/3934
f 1850/3347/3323 789/3348/3324 4687/3344/3320
f 2978/4623/4585 4688/1672/1667 1595/2046/2033
f 4688/1672/1667 2978/4623/4585 4486/4867/4812
f 3243/3909/3882 4689/3917/3890 3005/4645/4606
f 3243/3909/3882 3101/2256/2243 4689/3917/3890
f 4559/2196/2183 4690/1208/1203 591/3765/3739
f 4690/1208/1203 4559/2196/2183 2126/2720/2703
f 4691/4510/4473 3447/3724/3698 2990/1965/1955
f 2830/1964/1954 4691/4510/4473 2990/1965/1955
f 2451/1908/1900 1936/4798/4750 4692/1909/1901
f 4692/1909/1901 1936/4798/4750 1561/4603/4565
f 4693/2351/2338 493/370/370 1960/2283/2270
f 4693/2351/2338 4686/4036/4007 493/370/370
f 2834/4302/4268 4694/2637/2622 1488/1067/1065
f 1273/2635/2620 4694/2637/2622 2834/4302/4268
f 2447/444/444 796/497/497 4695/1581/1576
f 1189/3829/3802 2447/444/444 4695/1581/1576
f 2367/1265/1260 1450/4514/4477 4696/2171/2158
f 1450/4514/4477 4863/452/452 4860/3298/3274
f 4697/5069/4993 2327/513/513 1589/512/512
f 985/3797/3770 4697/5069/4993 1589/512/512
f 4698/128/128 4684/127/127 2557/2698/2683
f 3220/4507/4470 4698/128/128 2557/2698/2683
f 4699/4948/4886 4509/1404/1399 2173/3507/3481
f 2101/1386/1381 4699/4948/4886 2173/3507/3481
f 4700/835/835 268/874/873 161/876/875
f 2612/3421/3397 268/874/873 4700/835/835
f 2061/202/202 4701/204/204 1856/4273/4239
f 3609/1907/1899 1856/4273/4239 4701/204/204
f 4702/677/677 101/676/676 750/3227/3206
f 4288/3226/3205 4702/677/677 750/3227/3206
f 1672/4023/3994 4703/4021/3992 2981/3986/3957
f 4703/4021/3992 1080/2197/2184 2981/3986/3957
f 4704/2511/2496 2758/2676/2661 532/1516/1511
f 3185/2674/2659 2758/2676/2661 4704/2511/2496
f 1741/368/368 4705/367/367 3768/4683/4642
f 1973/1233/1228 3768/4683/4642 4705/367/367
f 2252/1916/1908 2544/1915/1907 4706/946/944
f 2252/1916/1908 4706/946/944 162/948/946
f 4707/921/919 821/4865/4810 338/5025/4952
f 338/5025/4952 156/5024/4951 4707/921/919
f 4708/3336/3312 134/814/814 4090/1528/1523
f 134/814/814 4708/3336/3312 3090/812/812
f 4709/2879/2860 1531/3375/3351 2533/321/321
f 4709/2879/2860 2533/321/321 875/4570/4532
f 1826/3082/3062 2768/14/14 4710/17/17
f 1826/3082/3062 4710/17/17 2493/3084/3064
f 4711/4488/4451 3365/1281/1276 1622/2643/2628
f 3017/1269/1264 3365/1281/1276 4711/4488/4451
f 1577/1927/1917 4712/44/44 385/1928/1918
f 4712/44/44 1577/1927/1917 4969/42/42
f 4713/4963/4897 3738/3103/3083 3639/3105/3085
f 3738/3103/3083 4713/4963/4897 3784/3662/3636
f 2091/3234/3213 4586/3607/3581 4714/2538/2523
f 4917/765/765 4714/2538/2523 4586/3607/3581
f 1851/4057/4028 4715/4803/4755 3705/1966/1956
f 1851/4057/4028 3084/4055/4026 4715/4803/4755
f 1724/953/951 4716/2859/2840 256/1390/1385
f 4716/2859/2840 4634/1391/1386 256/1390/1385
f 4717/4151/4120 2176/4492/4455 1424/2951/2932
f 395/1982/1969 2176/4492/4455 4717/4151/4120
f 2036/335/335 576/334/334 4718/336/336
f 4718/336/336 576/334/334 2945/337/337
f 2517/4581/4543 3901/1477/1472 4719/2500/2485
f 2517/4581/4543 4719/2500/2485 2851/1645/1640
f 3214/4580/4542 1535/422/422 4720/3966/3937
f 1535/422/422 663/424/424 4720/3966/3937
f 4342/3514/3488 1636/4983/4913 4721/1642/1637
f 1636/4983/4913 4063/2766/2748 4721/1642/1637
f 1914/2126/2113 1694/3667/3641 4722/4695/4654
f 1914/2126/2113 4722/4695/4654 3814/4841/4789
f 4723/3018/2998 3465/1985/1972 2420/2952/2933
f 4723/3018/2998 2420/2952/2933 3395/4152/4121
f 2535/354/354 4724/3546/3520 875/4570/4532
f 4724/3546/3520 2535/354/354 57/2874/2855
f 4725/2202/2189 2359/4999/4927 2356/1640/1635
f 4725/2202/2189 3246/2201/2188 2359/4999/4927
f 276/2797/2778 4726/2799/2780 2600/3013/2993
f 2600/3013/2993 4726/2799/2780 328/147/147
f 1111/3547/3521 877/2393/2380 4727/4278/4244
f 1250/32/32 1111/3547/3521 4727/4278/4244
f 2555/661/661 257/2606/2591 4728/4753/4709
f 4728/4753/4709 1777/662/662 2555/661/661
f 4729/3715/3689 115/3169/3149 3429/3716/3690
f 2622/3718/3692 115/3169/3149 4729/3715/3689
f 4137/4475/4438 3142/767/767 4730/4889/4832
f 3142/767/767 3145/1738/1731 4730/4889/4832
f 4264/214/214 4731/3947/3920 1061/3944/3917
f 1061/3944/3917 4731/3947/3920 1915/2559/2544
f 4732/3772/3746 1548/3773/3747 636/3363/3339
f 2900/1207/1202 4732/3772/3746 636/3363/3339
f 4733/2176/2163 2714/2175/2162 1916/4682/4641
f 444/257/257 4733/2176/2163 1916/4682/4641
f 4734/4927/4867 2007/1310/1305 2113/4887/4830
f 4734/4927/4867 815/1450/1445 2007/1310/1305
f 3448/3433/3407 2876/3434/3408 4735/2631/2616
f 2876/3434/3408 1375/4433/4396 4735/2631/2616
f 1091/4007/3978 4736/4846/4794 2607/4457/4420
f 4736/4846/4794 1392/2502/2487 2607/4457/4420
f 2575/1991/1978 4737/3874/3847 1020/3161/3141
f 4737/3874/3847 4751/587/587 1020/3161/3141
f 3132/1239/1234 4280/1238/1233 4738/3730/3704
f 4807/5007/4935 2458/1651/1646 3132/1239/1234
f 1298/4334/4299 4739/514/514 1397/1665/1660
f 1589/512/512 4739/514/514 1298/4334/4299
f 4520/4932/4872 105/1659/1654 4740/1362/1357
f 4740/1362/1357 105/1659/1654 249/1658/1653
f 4741/428/428 2483/4584/4546 452/3939/3912
f 2483/4584/4546 4741/428/428 4902/4583/4545
f 4401/4218/4186 1213/1133/1131 4742/1132/1130
f 2120/1180/1175 4401/4218/4186 4742/1132/1130
f 747/3214/3194 165/1821/1814 4743/4366/4331
f 2908/4718/4675 4743/4366/4331 165/1821/1814
f 4710/17/17 4744/4338/4303 874/3543/3517
f 4744/4338/4303 3717/3108/3088 874/3543/3517
f 3578/2431/2418 4745/4235/4203 569/2429/2416
f 3578/2431/2418 2511/2430/2417 4745/4235/4203
f 382/1043/1041 2774/5043/2801 4746/5042/4969
f 803/2416/2403 382/1043/1041 4746/5042/4969
f 2624/4619/4581 4747/4191/4159 783/2227/2214
f 783/2227/2214 4747/4191/4159 2220/4340/4305
f 4748/4836/4784 2585/1235/1230 4443/5022/4949
f 286/3201/3181 4748/4836/4784 4443/5022/4949
f 4348/3427/3401 4749/3435/3409 817/3428/3402
f 817/3428/3402 4749/3435/3409 3248/3244/3223
f 4750/4378/4342 1327/1088/1086 3064/1472/1467
f 3064/1472/1467 1538/1118/1116 4750/4378/4342
f 3111/3162/3142 4751/587/587 2084/502/502
f 4751/587/587 3111/3162/3142 1020/3161/3141
f 746/732/732 3155/1632/1627 4752/752/752
f 4240/3269/3245 4752/752/752 3155/1632/1627
f 4753/1095/1093 3653/5008/4936 2662/3052/3032
f 227/1094/1092 3653/5008/4936 4753/1095/1093
f 4754/3846/3819 2298/2019/2006 859/3850/3823
f 4754/3846/3819 3048/3848/3821 2298/2019/2006
f 1844/3179/3159 1278/4013/3984 4755/2642/2627
f 3811/2641/2626 1844/3179/3159 4755/2642/2627
f 4756/2287/2274 583/2686/2671 2562/2688/2673
f 1950/2285/2272 4756/2287/2274 2562/2688/2673
f 4757/4277/4243 1818/2907/2888 2411/1627/1622
f 312/4275/4241 4757/4277/4243 2411/1627/1622
f 883/2002/1989 400/2000/1987 4758/2001/1988
f 883/2002/1989 4758/2001/1988 1661/2469/2454
f 2644/3890/3863 1027/769/769 4759/2780/2762
f 1238/723/723 2644/3890/3863 4759/2780/2762
f 4148/5086/4999 4760/5023/4950 4146/4869/4814
f 2609/2289/2276 4146/4869/4814 4760/5023/4950
f 4761/1633/1628 1842/3178/3158 3757/823/823
f 4761/1633/1628 4020/4799/4751 1842/3178/3158
f 4762/4304/4270 965/226/226 4773/3285/3261
f 2024/159/159 4762/4304/4270 4773/3285/3261
f 1509/653/653 4763/1526/1521 1802/651/651
f 4794/4449/4412 1509/653/653 3978/4561/4523
f 2218/3392/3368 1653/1743/1736 4764/3393/3369
f 1653/1743/1736 4735/2631/2616 4764/3393/3369
f 137/4032/4003 4765/3265/3241 1006/3669/3643
f 3293/3532/3506 4765/3265/3241 137/4032/4003
f 1177/4628/4590 4766/4629/4591 3031/2044/2031
f 3837/3567/3541 4766/4629/4591 1177/4628/4590
f 3193/4655/4614 4767/2185/2172 2972/4022/3993
f 3193/4655/4614 1192/4654/2452 4767/2185/2172
f 4768/3533/3507 2882/726/726 761/3534/3508
f 4768/3533/3507 3735/724/724 2882/726/726
f 2530/736/736 506/2407/2394 4769/3448/3422
f 4769/3448/3422 506/2407/2394 4882/4309/4275
f 4770/2599/2584 3114/2554/2539 45/302/302
f 4801/329/329 4770/2599/2584 45/302/302
f 4771/3187/3167 797/3418/3394 4206/1574/1569
f 797/3418/3394 4771/3187/3167 1410/45/45
f 686/2388/2375 4772/3021/3001 3744/3584/3558
f 686/2388/2375 884/3019/2999 4772/3021/3001
f 2024/159/159 4773/3285/3261 1277/3282/3258
f 4131/3283/3259 1277/3282/3258 4773/3285/3261
f 4778/4862/4808 1950/2285/2272 2562/2688/2673
f 4778/4862/4808 1722/3887/3860 1950/2285/2272
f 4788/4850/4798 4775/4849/4797 2617/1357/1352
f 4775/4849/4797 98/1355/1350 2617/1357/1352
f 1244/1657/1652 487/4269/4235 4776/1291/1286
f 4776/1291/1286 249/1658/1653 1244/1657/1652
f 4700/835/835 161/876/875 4777/4569/4531
f 4777/4569/4531 161/876/875 1011/916/914
f 1267/2866/2847 4778/4862/4808 4774/2023/2010
f 4778/4862/4808 2562/2688/2673 4774/2023/2010
f 682/3004/2984 4779/3011/2991 2825/1718/1713
f 1382/4443/4406 4779/3011/2991 682/3004/2984
f 3589/2471/2456 2589/3479/3453 4780/3475/3449
f 4780/3475/3449 2589/3479/3453 840/1247/1242
f 4781/1458/1453 270/1457/1452 1832/3322/3298
f 4781/1458/1453 1832/3322/3298 4101/3095/3075
f 4265/4743/4699 1785/2409/2396 4782/4744/4700
f 1785/2409/2396 3888/4000/3971 4782/4744/4700
f 4783/3760/3734 4007/2362/2349 968/2361/2348
f 3030/2518/2503 4783/3760/3734 968/2361/2348
f 4784/2461/2447 2203/3521/3495 2967/3702/3676
f 2837/2459/2445 4784/2461/2447 2967/3702/3676
f 912/3642/3616 4785/4657/4616 3360/3641/3615
f 4785/4657/4616 913/1120/1118 3360/3641/3615
f 4861/3190/3170 4786/53/53 739/3189/3169
f 4786/53/53 3910/3191/3171 739/3189/3169
f 954/1953/1943 2413/3736/3710 4787/3738/3712
f 4787/3738/3712 2019/87/87 954/1953/1943
f 4788/4850/4798 99/1353/1348 984/591/591
f 99/1353/1348 4788/4850/4798 2617/1357/1352
f 4789/5053/4979 2971/2657/2642 2950/1027/1025
f 4789/5053/4979 4041/1129/1127 2971/2657/2642
f 3238/4451/4414 4790/5068/4992 1389/1613/1608
f 4475/4453/4416 4790/5068/4992 3238/4451/4414
f 49/331/331 3212/4264/4230 4791/1506/1501
f 2608/1505/1500 49/331/331 4791/1506/1501
f 42/269/269 3356/2413/2400 4792/286/286
f 4792/286/286 3356/2413/2400 928/287/287
f 492/3325/3301 4793/659/659 3420/2573/2558
f 4102/2346/2333 4793/659/659 492/3325/3301
f 4794/4449/4412 1511/1215/1210 4763/1526/1521
f 4763/1526/1521 1509/653/653 4794/4449/4412
f 2717/3506/3480 149/1403/1398 4795/1387/1382
f 2717/3506/3480 4795/1387/1382 2522/1389/1384
f 4796/3780/3754 2200/3782/3756 1221/4233/4201
f 2859/3333/3309 4796/3780/3754 1221/4233/4201
f 4797/4321/4287 1743/1430/1425 1989/1429/1424
f 1290/606/606 1743/1430/1425 4797/4321/4287
f 4798/3970/3941 2334/4411/4374 2999/1782/1775
f 4196/4667/4626 4798/3970/3941 2999/1782/1775
f 1147/4106/4077 3617/2243/2230 4799/2771/2753
f 4799/2771/2753 3617/2243/2230 1961/1569/1564
f 4800/4815/4765 2025/4047/4018 1698/3358/3334
f 1698/3358/3334 3955/3357/3333 4800/4815/4765
f 2608/1505/1500 4770/2599/2584 4801/329/329
f 2608/1505/1500 4801/329/329 49/331/331
f 3754/2787/2769 612/854/854 4802/794/794
f 4802/794/794 612/854/854 141/853/853
f 1373/4429/4392 1331/1540/1535 4803/1541/1536
f 4803/1541/1536 4435/4430/4393 1373/4429/4392
f 375/2383/2370 4299/4705/4663 4804/4461/4424
f 375/2383/2370 4804/4461/4424 2088/532/532
f 3263/2060/2047 4805/3012/2992 1382/4443/4406
f 1382/4443/4406 4805/3012/2992 4779/3011/2991
f 2747/1660/1655 322/1451/1446 4806/4612/4574
f 815/1450/1445 4806/4612/4574 322/1451/1446
f 4738/3730/3704 4807/5007/4935 3132/1239/1234
f 1058/2330/2317 4807/5007/4935 4738/3730/3704
f 4808/3124/3104 141/853/853 4512/3125/3105
f 4802/794/794 141/853/853 4808/3124/3104
f 610/2781/2763 4809/1415/1410 261/3855/3828
f 4812/1416/1411 1009/419/419 261/3855/3828
f 1616/4636/4598 559/1395/1390 4810/636/636
f 559/1395/1390 2456/1358/1353 4810/636/636
f 4811/4223/4191 1215/2464/2450 211/1194/1189
f 1215/2464/2450 4811/4223/4191 2565/2468/2453
f 4809/1415/1410 4812/1416/1411 261/3855/3828
f 4809/1415/1410 2157/1417/1412 4812/1416/1411
f 981/3788/3761 2353/384/384 4813/439/439
f 4813/439/439 74/438/438 981/3788/3761
f 4814/983/981 3769/966/964 821/4865/4810
f 4814/983/981 3006/964/962 3769/966/964
f 4815/810/810 2039/761/761 135/1475/1470
f 4815/810/810 135/1475/1470 2437/815/815
f 1068/3429/3403 1326/3242/3221 4816/3239/3218
f 1326/3242/3221 2258/3241/3220 4816/3239/3218
f 4817/3643/3617 1641/4656/4615 4124/4796/4748
f 1641/4656/4615 4817/3643/3617 4785/4657/4616
f 4818/4538/4500 2748/4437/4400 908/1809/1802
f 2271/1811/1804 4818/4538/4500 908/1809/1802
f 4819/468/468 1492/4547/4509 3149/3727/3701
f 950/466/466 4819/468/468 3149/3727/3701
f 4820/4938/4877 4286/2389/2376 502/41/41
f 2553/2436/2423 4820/4938/4877 502/41/41
f 4283/2974/2955 4821/1298/1293 605/4458/4421
f 605/4458/4421 4821/1298/1293 1394/4459/4422
f 4822/3888/3861 2927/830/830 127/3891/3864
f 2924/2778/2760 4822/3888/3861 127/3891/3864
f 4823/4749/4705 740/4317/4283 1768/3192/3172
f 4823/4749/4705 1768/3192/3172 3544/3193/3173
f 4824/2225/2212 205/1156/1154 3108/1176/1171
f 4609/2737/2720 205/1156/1154 4824/2225/2212
f 495/4157/4126 4825/4159/4128 336/1713/1708
f 3524/4878/4821 336/1713/1708 4825/4159/4128
f 4826/385/385 4923/387/387 63/410/410
f 1793/4470/4433 4826/385/385 63/410/410
f 168/1367/1362 4827/999/997 629/2837/2818
f 168/1367/1362 2797/1000/998 4827/999/997
f 4828/935/933 1732/4874/4817 2524/1891/1884
f 4167/934/932 1732/4874/4817 4828/935/933
f 4829/3054/3034 3686/2306/2293 431/2305/2292
f 3686/2306/2293 4829/3054/3034 696/4601/4563
f 2681/1923/1913 727/686/686 4830/1924/1914
f 4183/4545/4507 4830/1924/1914 727/686/686
f 4831/3586/3560 2687/2138/2125 556/115/115
f 3427/114/114 4831/3586/3560 556/115/115
f 1308/1759/1752 3415/4352/4317 4832/2444/2431
f 2358/1760/1753 1308/1759/1752 4832/2444/2431
f 2407/111/111 3640/1939/1929 4833/2812/2793
f 4833/2812/2793 1913/2811/2792 2407/111/111
f 1307/5003/4931 2398/2959/2940 4834/4530/4493
f 4016/2962/2943 4834/4530/4493 2398/2959/2940
f 4835/4543/4505 1025/2161/2148 2257/905/904
f 4835/4543/4505 2257/905/904 1484/947/945
f 1476/2448/2435 2633/4175/4144 4836/2776/2758
f 4836/2776/2758 2633/4175/4144 1800/2775/2757
f 2514/3149/3129 628/2338/2325 4837/341/341
f 2542/5015/4943 4837/341/341 628/2338/2325
f 2700/4091/4062 266/4092/4063 4838/4736/4692
f 4838/4736/4692 1138/864/864 2700/4091/4062
f 2045/4263/4229 13/2086/2073 4839/3083/3063
f 3357/3085/3065 4839/3083/3063 13/2086/2073
f 2624/4619/4581 460/37/37 4840/4620/4582
f 2121/21/21 4840/4620/4582 460/37/37
f 4841/1042/1040 969/4904/4846 2060/1800/1793
f 4842/1059/1057 4164/1142/1140 969/4904/4846
f 176/1041/1039 4842/1059/1057 4841/1042/1040
f 4841/1042/1040 4842/1059/1057 969/4904/4846
f 4843/5056/4980 3657/4239/3314 1223/4237/4205
f 3238/4451/4414 4843/5056/4980 1223/4237/4205
f 4844/3734/3708 429/2965/2946 2061/202/202
f 4202/3733/3707 429/2965/2946 4844/3734/3708
f 1448/4511/4474 4845/3280/3256 4228/664/664
f 1448/4511/4474 3839/3447/3421 4845/3280/3256
f 2833/4541/4503 4846/2826/2807 2628/3349/3325
f 2833/4541/4503 91/559/559 4846/2826/2807
f 4847/968/966 2031/4122/4093 1691/1802/1795
f 4847/968/966 1159/1419/1414 2031/4122/4093
f 1520/836/836 4777/4569/4531 4848/787/787
f 4848/787/787 3755/789/789 1520/836/836
f 4356/1327/1322 2984/4582/4544 4849/1090/1088
f 3064/1472/1467 4849/1090/1088 2984/4582/4544
f 4850/4710/4668 467/2913/2894 927/237/237
f 2801/2260/2247 4850/4710/4668 4853/1936/1926
f 3327/49/49 3318/5071/4995 4851/2463/2449
f 4851/2463/2449 2623/2462/2448 3327/49/49
f 4852/3216/3196 2134/4800/4752 1846/960/958
f 4852/3216/3196 4562/3622/3596 2134/4800/4752
f 4850/4710/4668 927/237/237 4853/1936/1926
f 927/237/237 934/1937/1927 4853/1936/1926
f 4854/1039/1037 611/4557/4519 2936/2784/2766
f 611/4557/4519 4854/1039/1037 186/1038/1036
f 2841/345/345 4855/347/347 2974/2364/2351
f 4855/347/347 1707/2053/2040 2974/2364/2351
f 1545/3889/3862 4856/4587/4549 2438/1644/1639
f 4856/4587/4549 4185/1794/1787 2438/1644/1639
f 4857/3666/3640 1914/2126/2113 433/1853/1846
f 979/4373/4338 4857/3666/3640 433/1853/1846
f 3732/5004/4932 1179/4160/4129 4858/755/755
f 2419/2058/2045 3732/5004/4932 4858/755/755
f 156/5024/4951 4859/922/920 4707/921/919
f 4859/922/920 156/5024/4951 1854/3955/3926
f 4696/2171/2158 1450/4514/4477 4860/3298/3274
f 4860/3298/3274 2253/2172/2159 4696/2171/2158
f 4820/4938/4877 2143/51/51 4861/3190/3170
f 2143/51/51 4786/53/53 4861/3190/3170
f 752/4781/4733 3370/4606/4568 4862/3238/3217
f 4862/3238/3217 126/778/778 752/4781/4733
f 4863/452/452 225/454/454 86/2401/2388
f 4863/452/452 86/2401/2388 4860/3298/3274
f 2566/3453/3427 800/3455/3429 4864/4577/4539
f 1531/3375/3351 4864/4577/4539 800/3455/3429
f 2598/4243/4209 3381/5063/4987 4865/4308/4274
f 4865/4308/4274 4059/4244/4210 2598/4243/4209
f 4442/2769/2751 4866/4652/4613 354/832/832
f 4866/4652/4613 4856/4587/4549 354/832/832
f 997/3834/3807 4867/3835/3808 3816/3833/3806
f 1146/1459/1454 4867/3835/3808 997/3834/3807
f 1508/1376/1371 2003/3437/3411 4868/3398/3374
f 1508/1376/1371 4868/3398/3374 3528/3397/3373
f 4869/4819/4768 3724/959/957 1873/1813/1806
f 4869/4819/4768 1873/1813/1806 1824/900/899
f 4293/3722/3696 3273/3425/3400 4870/1527/1522
f 4293/3722/3696 4870/1527/1522 862/1377/1372
f 2190/307/307 4871/4166/4135 1182/4165/4134
f 4871/4166/4135 64/400/400 1182/4165/4134
f 3852/4863/4809 2423/2833/2814 4872/2832/2813
f 3852/4863/4809 4872/2832/2813 1229/4864/4212
f 4873/3989/3960 2359/4999/4927 1081/3988/3959
f 4873/3989/3960 1081/3988/3959 1655/3752/3726
f 994/3828/3801 3689/5041/4968 4874/1842/1835
f 3689/5041/4968 483/1840/1833 4874/1842/1835
f 4470/7/7 2768/14/14 4875/3081/3061
f 4875/3081/3061 2768/14/14 1826/3082/3062
f 3166/2064/2051 1593/453/453 4876/1264/1259
f 1593/453/453 4863/452/452 4876/1264/1259
f 577/4168/4137 4877/486/486 807/2842/2823
f 80/485/485 807/2842/2823 4877/486/486
f 4878/5077/4255 2343/3137/3117 1257/4989/678
f 2343/3137/3117 4878/5077/4255 4957/624/624
f 4879/2871/2852 3092/3732/3706 2903/2872/2853
f 2786/2329/2316 3092/3732/3706 4879/2871/2852
f 4880/539/539 807/2842/2823 80/485/485
f 4880/539/539 3200/2843/2824 807/2842/2823
f 1257/678/678 4881/2998/2979 4878/4289/4255
f 1257/678/678 2570/2999/2980 4881/2998/2979
f 827/616/616 4882/4309/4275 1228/602/602
f 827/616/616 4769/3448/3422 4882/4309/4275
f 1876/3897/3870 4883/2057/2044 4151/4820/4769
f 417/754/754 4151/4820/4769 4883/2057/2044
f 3003/146/146 4884/145/145 2706/5036/4963
f 2706/5036/4963 4884/145/145 2854/2595/2580
f 1522/2372/2359 4885/2373/2360 4892/2707/2692
f 3857/1048/1046 1054/2705/2690 4885/2373/2360
f 1173/4147/4116 4886/4958/4892 3219/3957/3928
f 1173/4147/4116 2195/1518/1513 4886/4958/4892
f 4887/3038/3018 2204/4666/4625 351/1780/1773
f 2204/4666/4625 4887/3038/3018 3241/4026/3997
f 4888/1190/1185 2981/3986/3957 210/2193/2180
f 4888/1190/1185 210/2193/2180 2142/1191/1186
f 1010/730/730 4889/3856/3829 3422/3611/3585
f 531/3316/3292 3422/3611/3585 4889/3856/3829
f 406/2035/2022 4890/2007/1994 4008/5001/4929
f 4890/2007/1994 406/2035/2022 3858/2008/1995
f 2285/1563/1558 4891/1611/1606 295/3686/3660
f 4891/1611/1606 2285/1563/1558 2402/1612/1607
f 2110/2704/2689 4892/2707/2692 1054/2705/2690
f 4885/2373/2360 1054/2705/2690 4892/2707/2692
f 4893/703/703 1510/4562/4524 1583/704/704
f 1510/4562/4524 4893/703/703 1525/562/562
f 4894/4155/4124 965/226/226 2105/225/225
f 4773/3285/3261 965/226/226 4894/4155/4124
f 1585/382/382 1587/2662/2647 4895/4589/4551
f 1587/2662/2647 3413/2664/2649 4895/4589/4551
f 4896/3694/3668 3073/3695/3669 935/2026/2013
f 663/424/424 3073/3695/3669 4896/3694/3668
f 2206/3798/3771 1298/4334/4299 4897/4462/4425
f 2206/3798/3771 4897/4462/4425 324/570/570
f 1350/1401/1396 3449/1400/1395 4898/4401/4365
f 1350/1401/1396 4898/4401/4365 3024/4402/4366
f 4532/2374/2361 4899/2376/2363 1606/4232/4200
f 4899/2376/2363 866/1260/1255 1606/4232/4200
f 4900/4171/4140 608/3362/3338 3720/4775/4727
f 4900/4171/4140 2409/3361/3337 608/3362/3338
f 4901/4120/4091 1831/4793/4745 2031/4122/4093
f 2677/1002/1000 1831/4793/4745 4901/4120/4091
f 2860/3151/3131 2483/4584/4546 4902/4583/4545
f 2860/3151/3131 4902/4583/4545 2514/3149/3129
f 1194/1976/1963 2949/1979/1966 4903/4980/4910
f 2949/1979/1966 1275/1978/1965 4903/4980/4910
f 4904/4283/4249 3456/4282/4248 1253/74/74
f 3076/2231/2218 4904/4283/4249 1253/74/74
f 4252/4746/4702 237/1096/1094 4905/1313/1308
f 237/1096/1094 4753/1095/1093 4905/1313/1308
f 561/279/279 2028/4895/4837 4906/3261/3237
f 2028/4895/4837 3196/2612/2597 4906/3261/3237
f 4910/5066/4990 3750/355/355 4907/320/320
f 3750/355/355 2533/321/321 4907/320/320
f 4908/2146/2133 982/2145/2132 977/4699/4658
f 4908/2146/2133 977/4699/4658 3256/4616/4578
f 3529/2286/2273 4909/4761/4717 1783/4759/4715
f 4909/4761/4717 1648/322/322 1783/4759/4715
f 4673/5067/4991 4910/5066/4990 1784/4760/4716
f 1784/4760/4716 4910/5066/4990 4907/320/320
f 2838/1222/1217 2836/1220/1215 4911/4396/4360
f 4911/4396/4360 2836/1220/1215 219/596/596
f 419/1324/1319 4912/3620/3594 1804/4780/4732
f 2390/2065/2052 4912/3620/3594 419/1324/1319
f 1422/1123/1121 613/5052/4978 4913/2792/2774
f 4913/2792/2774 613/5052/4978 4417/4907/2776
f 4914/1124/1122 1683/4786/4738 2958/1125/1123
f 2474/4298/4264 1683/4786/4738 4914/1124/1122
f 1172/1723/1718 1877/1731/1725 4915/4145/4114
f 3337/3288/3264 1172/1723/1718 4915/4145/4114
f 4916/640/640 3454/4031/4002 1104/4030/4001
f 3884/641/641 4916/640/640 1104/4030/4001
f 4917/765/765 900/3606/3580 2701/4093/4064
f 4917/765/765 4586/3607/3581 900/3606/3580
f 194/5050/4976 4918/2513/2498 4564/2515/2500
f 194/5050/4976 1540/2517/2502 4918/2513/2498
f 3353/3613/3587 4919/4903/4845 2058/4248/4214
f 323/610/610 2058/4248/4214 4919/4903/4845
f 660/309/309 2916/308/308 4920/268/268
f 3645/3262/3238 660/309/309 4920/268/268
f 4921/4197/4165 2916/308/308 1200/2410/2397
f 4920/268/268 2916/308/308 4921/4197/4165
f 285/2577/2562 1610/2576/2561 4922/4634/4596
f 4922/4634/4596 1610/2576/2561 3085/1381/1376
f 63/410/410 4923/387/387 2753/411/411
f 2753/411/411 4923/387/387 620/1532/1527
f 3667/648/648 4924/4975/4908 1222/649/649
f 4924/4975/4908 2576/1228/1223 1222/649/649
f 4925/3203/3183 744/1338/1333 243/2296/2283
f 243/2296/2283 2038/4144/4113 4925/3203/3183
f 4926/4591/4553 4508/4563/4525 3038/1525/1520
f 4926/4591/4553 3038/1525/1520 3558/1524/1519
f 35/1996/1983 399/1995/1982 4927/4697/4656
f 4927/4697/4656 2318/1998/1985 35/1996/1983
f 4928/5000/4928 2362/1515/1510 2286/1521/1516
f 4928/5000/4928 4704/2511/2496 2362/1515/1510
f 136/4649/4610 2730/3852/3825 4929/4648/4609
f 1631/3129/3109 4929/4648/4609 2730/3852/3825
f 758/1193/1188 4930/4835/4783 4164/1142/1140
f 287/1198/1193 4930/4834/4783 4933/1196/1191
f 4931/4936/4876 1744/4694/4653 2886/2319/2306
f 2139/1467/1462 1744/4694/4653 4931/4936/4876
f 1024/4737/4693 4932/3885/3858 2386/3879/3852
f 4932/3885/3858 2180/3881/3854 2386/3879/3852
f 758/1193/1188 4933/5088/1191 4930/4835/4783
f 2938/1195/1190 4933/5088/1191 758/1193/1188
f 4732/3772/3746 993/1206/1201 4934/3770/3744
f 993/1206/1201 2925/3824/3797 4934/3770/3744
f 18/4910/4850 4935/4516/4479 1452/2105/2092
f 18/4910/4850 4490/4924/4864 4935/4516/4479
f 4936/2785/2767 2936/2784/2766 175/4804/4756
f 3752/4252/4218 4936/2785/2767 175/4804/4756
f 4937/4003/3974 4569/2492/2477 1365/4419/4382
f 4937/4003/3974 388/2491/2476 4569/2492/2477
f 4938/4585/4547 1234/4253/4219 1543/4255/4221
f 1543/4255/4221 3321/171/171 4938/4585/4547
f 799/3383/3359 4939/2120/2107 2979/3384/3360
f 799/3383/3359 601/4687/4646 4939/2120/2107
f 891/1024/1022 4940/4251/4217 2737/3588/3562
f 4940/4251/4217 3752/4252/4218 2737/3588/3562
f 4941/3903/3876 813/4178/4147 1796/4177/4146
f 4941/3903/3876 2955/2777/2759 813/4178/4147
f 4942/2976/2957 3289/3159/3139 728/2977/2958
f 1157/5009/4937 3289/3159/3139 4942/2976/2957
f 1925/1056/1054 2650/4844/4792 4943/2091/2078
f 4943/2091/2078 2650/4844/4792 425/2092/2079
f 670/3735/3709 4944/2961/2942 2651/2963/2944
f 4016/2962/2943 4944/2961/2942 670/3735/3709
f 1317/1248/1243 551/4364/4329 4945/4362/4327
f 4945/4362/4327 551/4364/4329 4968/525/525
f 4003/1635/1630 735/1394/1389 4946/4306/4272
f 4946/4306/4272 735/1394/1389 166/1393/1388
f 3281/4973/4906 4524/779/779 4947/2165/2152
f 3281/4973/4906 4947/2165/2152 2258/3241/3220
f 276/2797/2778 2277/2925/2906 4948/4997/4925
f 1776/2924/2905 4948/4997/4925 2277/2925/2906
f 3315/800/800 723/4477/4440 4949/1267/1262
f 4949/1267/1262 723/4477/4440 2712/4479/4442
f 2222/1788/1781 4950/455/455 1810/3120/3100
f 89/2423/2410 1810/3120/3100 4950/455/455
f 1047/1885/1878 3618/4229/4197 4951/3920/3893
f 4951/3920/3893 3618/4229/4197 4403/4230/4198
f 528/918/916 2789/2270/2257 4952/2845/2826
f 632/2498/2483 4952/2845/2826 2789/2270/2257
f 3501/4691/4650 426/1175/1170 4953/4689/4648
f 1739/1055/1053 3501/4691/4650 4953/4689/4648
f 2970/1616/1611 4954/4941/4880 2156/894/893
f 4954/4941/4880 148/2640/2625 2156/894/893
f 4036/4221/4189 3075/4220/4188 4955/4837/4785
f 4955/4837/4785 3075/4220/4188 1911/1179/1174
f 4956/842/842 144/4586/4548 2745/1867/1860
f 4956/842/842 4954/4941/4880 144/4586/4548
f 681/3558/3532 4957/624/624 4878/5077/4255
f 4957/624/624 681/3558/3532 3722/622/622
f 2095/3758/3732 2239/3761/3735 4958/4918/4858
f 2239/3761/3735 3030/2518/2503 4958/4918/4858
f 2865/1434/1429 947/1224/1219 4959/1453/1448
f 4959/1453/1448 947/1224/1219 1910/1223/1218
f 4960/1045/1043 190/1075/1073 3938/5084/1903
f 4960/5089/1043 3938/1911/1903 2774/2820/2801
f 3294/2337/2324 4961/430/430 365/1845/1838
f 3294/2337/2324 489/2336/2323 4961/430/430
f 4962/2443/2430 2372/4345/4310 2174/4344/4309
f 4962/2443/2430 2174/4344/4309 3395/4152/4121
f 1738/24/24 3260/4521/4484 4963/2615/2600
f 3053/2614/2599 1738/24/24 4963/2615/2600
f 4189/2385/2372 4964/3807/3780 1117/4050/4021
f 4964/3807/3780 2538/2597/2582 1117/4050/4021
f 2579/1716/1711 4965/1693/1688 4035/1717/1712
f 2579/1716/1711 1586/139/139 4965/1693/1688
f 1412/942/940 4966/4481/4444 262/943/941
f 1412/942/940 4946/4306/4272 4966/4481/4444
f 4967/3199/3179 742/3197/3177 3165/1332/1327
f 1012/1533/1528 4967/3199/3179 3165/1332/1327
f 2396/2579/2564 3880/526/526 4968/525/525
f 4968/525/525 551/4364/4329 2396/2579/2564
f 1731/3445/3419 4969/42/42 1577/1927/1917
f 1731/3445/3419 12/71/71 4969/42/42
f 417/754/754 4583/3899/3872 4970/3008/2988
f 2083/2059/2046 417/754/754 4970/3008/2988
f 2490/2412/2399 508/405/405 4971/4919/4859
f 508/405/405 1632/2754/2736 4971/4919/4859
f 3387/4971/4904 4547/3998/3969 4972/3999/3970
f 4972/3999/3970 4547/3998/3969 364/1829/1822
f 4973/3452/3426 4996/2069/2056 710/2079/2066
f 3912/4600/4562 4973/3452/3426 710/2079/2066
f 894/1709/1704 1444/1711/1706 4974/3596/3570
f 894/1709/1704 4974/3596/3570 1979/3599/3573
f 2119/2987/2968 1098/63/63 4975/4706/4664
f 4975/4706/4664 1098/63/63 8/62/62
f 4976/4770/4725 2884/1779/1772 1546/838/838
f 1795/4769/4724 2884/1779/1772 4976/4770/4725
f 4279/2892/2873 4977/3914/3887 889/2893/2874
f 889/2893/2874 4977/3914/3887 1802/651/651
f 3458/301/301 47/300/300 4978/5044/4970
f 3219/3957/3928 4978/5044/4970 47/300/300
f 450/1213/1208 4979/1212/1207 4991/2182/2169
f 991/3854/3827 4979/1212/1207 1465/1211/1206
f 4980/2323/2310 4837/341/341 50/4063/4034
f 46/2324/2311 4980/2323/2310 50/4063/4034
f 1036/831/831 4981/833/833 2520/804/804
f 2520/804/804 4981/833/833 4822/3888/3861
f 1488/1067/1065 615/1069/1067 4982/4108/4079
f 1488/1067/1065 4982/4108/4079 1933/4544/4506
f 2805/4723/4680 4983/2266/2253 3233/933/931
f 2805/4723/4680 4629/2264/2251 4983/2266/2253
f 4984/4323/4289 4307/1668/1663 1292/1671/1666
f 1292/1671/1666 2319/2700/2685 4984/4323/4289
f 1997/1009/1007 172/1007/1005 4985/4559/4521
f 4985/4559/4521 172/1007/1005 1507/932/930
f 4986/2816/2797 203/1626/1621 3108/1176/1171
f 203/1626/1621 4986/2816/2797 4379/1106/1104
f 1154/2937/2918 4987/4113/4084 2096/3068/3048
f 2096/3068/3048 4987/4113/4084 4366/277/277
f 2363/3490/3464 2722/698/698 4988/729/729
f 2763/728/728 2363/3490/3464 4988/729/729
f 79/4885/4828 1220/4231/4199 4989/4866/4811
f 4989/4866/4811 1220/4231/4199 1482/433/433
f 4990/3442/3416 122/751/751 3927/753/753
f 4990/3442/3416 4336/3441/3415 122/751/751
f 991/3854/3827 4991/2182/2169 4979/1212/1207
f 1991/3853/3826 4991/2182/2169 991/3854/3827
f 2923/3956/3927 4992/4496/4459 4978/5044/4970
f 1069/282/282 4992/4496/4459 2923/3956/3927
f 4993/797/797 693/2542/2527 1435/2823/2804
f 3367/796/796 693/2542/2527 4993/797/797
f 4994/1859/1852 1982/2885/2866 1670/2884/2865
f 4994/1859/1852 1286/1861/1854 1982/2885/2866
f 420/3451/3425 4995/3922/3895 376/2070/2057
f 4995/3922/3895 2217/3921/3894 376/2070/2057
f 4973/3452/3426 420/3451/3425 4996/2069/2056
f 420/3451/3425 376/2070/2057 4996/2069/2056
f 2187/2488/2473 3459/4956/4890 4997/2485/2470
f 2934/2486/2471 2187/2488/2473 4997/2485/2470
f 4998/1922/1912 2718/2849/2830 2870/2848/2829
f 2870/2848/2829 3184/1921/1911 4998/1922/1912
f 4999/4214/4182 3023/4213/4181 1969/126/126
f 4999/4214/4182 1969/126/126 4698/128/128
