# This file uses centimeters as units for non-parametric coordinates.

mtllib SnowMan_LP.mtl
v -8.695615 142.284927 20.693829
v -2.841645 144.618912 13.417022
v -6.052727 111.213524 5.730618
v 6.438473 110.747528 6.994606
v 7.121885 144.269180 13.971919
v 0.726659 112.545555 1.471667
v 2.205801 140.543182 25.789242
v -6.976973 141.668884 22.523254
v -5.283000 142.794693 19.143057
v -8.436787 143.270950 17.719570
v -10.492669 142.061417 21.379297
v -8.577041 141.047195 24.382107
v -10.846037 143.453506 17.187870
v 0.058888 144.433487 13.901615
v 0.349219 145.544968 10.354665
v -4.218413 145.377289 11.082803
v -4.069101 143.877655 15.786882
v -0.816009 143.387939 17.355675
v -7.262021 144.469040 14.027604
v -3.916947 111.976089 4.398371
v -2.098947 111.568436 6.948095
v -4.730504 110.843040 8.109236
v -10.151875 108.304504 7.887281
v -9.925223 109.495049 3.500436
v -7.429067 110.799942 -0.535118
v 4.488372 111.694397 5.269816
v 9.330380 109.938950 1.651031
v 10.644332 108.374527 6.153077
v 9.568488 107.115723 11.061859
v 4.669166 110.409302 9.325667
v 2.221600 111.419884 7.415031
v 7.421871 143.413971 16.690535
v 10.351100 143.299408 16.755770
v 9.007276 144.552856 12.956268
v 4.488585 144.987869 11.877434
v 3.786002 143.928452 15.343942
v 5.478118 145.743149 9.488172
v 2.480612 112.299278 3.421994
v 0.207340 112.053406 5.378168
v -1.530325 112.427155 2.919857
v 1.599039 111.345894 -3.345459
v 6.167219 111.010269 -1.644058
v -3.168777 111.324051 -2.949958
v -2.569043 105.076378 16.656252
v -5.496544 106.674789 14.825661
v -1.120447 109.099548 12.877672
v 1.243976 105.914513 16.328428
v 4.477115 141.198395 23.831106
v 1.112722 141.779694 22.253170
v -0.693157 140.587738 25.689285
v 2.983507 139.897049 27.632704
v 6.940567 140.621216 25.365425
v -1.142259 139.762650 28.087061
v -4.132681 141.012985 24.456015
v -5.364339 140.216415 26.799809
v -6.203341 139.602234 28.588476
v -1.278714 139.121689 29.938833
v 3.811296 139.295563 29.361671
v 8.540182 140.195160 26.525127
v -1.357441 138.455627 31.813688
v 4.568449 138.733810 30.954346
v 10.045843 139.804352 27.615379
v 13.426678 141.497925 22.062778
v 11.605877 141.696121 21.644985
v 5.282783 138.113892 32.536736
v 11.572783 139.358032 28.790888
v 15.176944 141.292984 22.433226
v 15.832576 143.437668 15.710198
v 14.004523 143.398895 16.096115
v 12.805606 138.786087 29.592113
v 16.892323 140.745605 22.745516
v 17.471903 143.055496 15.200072
v 14.614504 145.539230 8.215910
v 13.435167 145.616699 9.377564
v 17.532709 139.275055 22.382870
v 18.020334 141.670792 14.501623
v 14.948725 144.170013 7.329928
v 8.357397 145.851837 2.062397
v 8.195613 147.221878 3.034719
v 17.647310 140.018127 13.823641
v 14.585172 142.497116 6.798963
v 8.033816 144.057022 1.863709
v -0.660755 144.598877 0.176565
v -0.504951 146.451904 0.329845
v 14.091919 140.481049 6.281475
v 7.685374 142.046738 1.664359
v -0.787332 142.649719 0.022669
v -8.876162 142.089706 1.909308
v -9.083021 144.144043 2.049571
v 7.229281 139.644165 1.406647
v -0.916040 140.105988 -0.190484
v -8.584684 139.580750 1.753030
v -14.102584 138.147797 6.923599
v -14.659140 140.535339 7.263789
v -1.014005 137.396683 -0.426946
v -8.261609 136.752151 1.519221
v -13.483232 135.266144 6.523099
v -16.141020 133.029694 13.088569
v -16.910460 135.916245 13.767208
v -7.932478 133.155548 1.213906
v -12.834330 131.604111 5.982389
v -15.230702 129.409241 12.197637
v -14.616894 127.215233 18.638390
v -15.677022 130.811539 19.875971
v -12.209421 126.627037 5.114197
v -14.230901 124.668999 10.953280
v -13.450770 122.643402 16.977398
v -9.971059 120.937782 22.100922
v -10.967853 125.578484 24.043928
v -13.592944 118.342453 9.215058
v -12.674424 116.498528 14.959851
v -9.155931 114.975899 19.753277
v -4.756218 114.126099 22.576866
v -5.584192 119.871544 25.219612
v -13.166197 111.476936 13.870759
v -9.512826 110.321564 18.798738
v -4.383888 109.447395 21.556372
v 1.600372 109.284500 22.245760
v 0.827142 114.090492 23.315641
v -9.532299 107.403625 18.064791
v -4.272120 106.601395 20.901960
v 1.898769 106.511238 21.467720
v 7.928596 107.379013 19.395338
v 7.523329 110.129028 20.077133
v -3.988987 105.123329 19.795250
v 1.947211 105.068344 20.336689
v 7.717125 105.781044 18.289011
v 11.957933 107.187462 14.037669
v 12.443457 108.852493 15.002112
v 2.140839 103.795959 20.541006
v 8.083334 104.545723 18.330801
v 12.458434 106.064232 13.847087
v 14.286941 107.910751 7.974179
v 13.850162 108.916046 8.361332
v 8.763099 103.497292 18.863388
v 13.430382 105.124146 14.016602
v 15.452389 107.081490 7.649892
v 14.029961 109.181793 1.141595
v 13.108763 109.670341 1.907088
v 14.557632 104.187294 14.274454
v 16.614462 106.444984 7.401987
v 15.241265 108.714241 0.293571
v 10.744617 110.515152 -5.448643
v 9.956136 110.776909 -4.226499
v 18.791656 105.450043 7.109931
v 16.933275 108.173004 -0.715594
v 11.508736 110.284729 -6.617059
v 4.439707 111.432190 -10.343811
v 4.180216 111.556488 -8.843955
v 18.638969 107.727814 -1.657176
v 12.937652 109.889473 -8.632799
v 4.808798 111.296219 -12.597427
v -4.305724 111.332420 -12.832222
v -3.727567 111.410355 -10.780095
v 13.920432 109.664825 -10.087447
v 5.074455 111.253479 -14.282704
v -4.755959 111.294220 -14.462172
v -13.684235 110.175812 -10.619032
v -12.580289 110.247772 -9.354599
v 5.392275 111.262619 -15.943693
v -5.182687 111.284004 -16.029819
v -14.717150 110.157234 -11.810629
v -21.342091 107.360718 -4.188443
v -19.864023 107.371422 -3.577203
v -5.569309 111.321953 -17.519390
v -15.738121 110.128601 -13.017387
v -22.794401 107.375877 -4.801181
v -25.270987 103.974373 5.509626
v -23.766348 104.127121 5.475350
v -16.739962 110.057434 -14.187738
v -24.163507 107.129135 -5.463923
v -26.858915 103.477005 5.452590
v -24.202934 99.793976 16.312403
v -22.818920 100.388680 15.743769
v -24.365330 105.439011 -6.038820
v -26.786242 101.774399 4.940229
v -24.077282 98.199402 15.797365
v -16.915491 95.359512 24.434603
v -17.087915 96.995628 25.068977
v -25.299973 101.419800 4.920369
v -22.691292 98.065849 15.133539
v -15.919863 95.403419 23.230528
v -6.291870 93.887146 27.862309
v -6.733496 93.757164 29.408840
v -21.284809 98.106552 14.496396
v -14.916528 95.619659 22.069450
v -5.886277 94.181511 26.451094
v 4.402853 94.083672 26.770124
v 4.640525 93.769852 28.225681
v -13.970131 95.889168 21.005754
v -5.468478 94.579376 24.998787
v 4.136753 94.509636 25.220491
v 13.215759 95.704468 21.577957
v 14.069069 95.389626 22.796700
v -5.057273 95.078377 23.518427
v 3.850081 95.013298 23.726574
v 12.259538 96.150673 20.260242
v 18.380798 98.357048 13.512464
v 19.798956 98.090721 14.302615
v 3.452194 95.743256 22.093607
v 11.168759 96.778191 18.933857
v 16.817324 98.785652 12.733840
v 18.916145 101.420670 4.676136
v 20.788670 101.215080 4.777622
v 9.730764 98.105019 17.304102
v 14.631323 99.847458 11.849589
v 16.417736 102.159981 4.734128
v 14.658598 104.424675 -2.304240
v 17.021223 104.047440 -3.375789
v 12.361411 102.350983 11.330614
v 13.814241 104.255699 5.213045
v 12.269621 106.111740 -0.721633
v 8.294640 107.486954 -5.247607
v 9.945520 106.177773 -7.706468
v 3.156239 107.118172 -10.584011
v 3.738115 107.226135 -13.082150
v 11.606380 106.130165 -9.753212
v 2.526839 108.229301 -7.602163
v -3.809116 108.144913 -7.297160
v -4.342304 107.030380 -10.332398
v -10.868329 105.948402 -6.962350
v -12.343342 105.905174 -9.014451
v -4.824271 107.134430 -12.782079
v -9.300677 107.281036 -4.385731
v -12.776261 105.801987 0.541574
v -15.085008 104.120804 -1.257340
v -16.234562 101.982185 5.534760
v -18.849079 101.254028 5.219281
v -17.300814 103.792374 -2.552234
v -13.648462 104.096489 6.296855
v -12.044005 102.429031 11.712152
v -14.352330 99.933769 11.924596
v -8.620738 107.425003 11.872075
v -8.351771 101.153587 15.868426
v -3.162546 110.167976 10.500657
v -0.178567 110.903687 9.166839
v 2.265702 109.790192 11.496047
v 5.995540 106.257240 14.941207
v 8.196415 100.950890 16.051086
v 2.445864 100.347885 18.302420
v 3.014704 97.242638 20.044270
v -4.005681 97.333824 19.807072
v -3.346401 100.447807 18.107552
v -10.035350 98.314240 16.919170
v -4.643119 95.842178 21.819763
v -11.650562 96.948784 18.451611
v -16.736906 98.831390 12.655465
v -12.900970 96.287628 19.830595
v -18.473812 98.418716 13.320158
v -20.711287 101.124977 5.062556
v -19.922222 98.223022 13.902205
v -22.208685 101.153526 4.978558
v -20.291138 104.137749 -4.101123
v -18.913906 103.910286 -3.414531
v -14.441925 106.629135 -11.709687
v -13.415833 106.211975 -10.447746
v -5.478543 108.049400 -16.029577
v -5.189613 107.553925 -14.549103
v 4.656494 108.104393 -16.203228
v 4.218935 107.633293 -14.794147
v 13.886665 106.786888 -12.187696
v 12.780033 106.394547 -11.006194
v 20.217827 104.300720 -4.615679
v 18.724367 104.105545 -4.030907
v 22.293596 101.178703 4.902424
v 21.598473 104.540329 -5.065350
v 23.839392 101.209335 5.060735
v 21.119532 97.933029 15.062944
v 25.373833 101.321854 5.273310
v 22.415665 97.834778 15.867901
v 14.913420 95.145073 24.033550
v 23.770958 97.966850 16.766150
v 15.773048 95.084908 25.362494
v 4.880994 93.622765 29.831387
v 15.697968 96.797188 25.962063
v 4.829917 95.296700 30.421665
v -6.816096 95.391472 30.034555
v 4.493995 96.289589 29.192768
v -6.479049 96.388847 28.794973
v -16.164049 97.885193 24.104361
v -6.160652 97.198456 27.533161
v -15.186678 98.651726 23.027996
v -21.462322 100.817726 15.142605
v -14.249040 99.378662 22.041994
v -20.076010 101.421455 14.547155
v -22.178108 104.332611 5.416989
v -18.632050 102.208572 14.042450
v -20.453068 104.824707 5.523946
v -18.308968 107.641075 -2.837963
v -18.586290 105.638412 5.744709
v -16.601139 108.258621 -1.843067
v -11.479633 110.402481 -8.002162
v -14.926920 109.043976 -0.824488
v -10.180288 110.722626 -6.220831
v -3.350309 111.486816 -9.342275
v -9.380142 111.094925 -5.027562
v -2.975345 111.636551 -7.756938
v 3.914395 111.738411 -7.367067
v -2.671682 111.983391 -6.313422
v 3.678169 112.033401 -5.980476
v 9.199932 111.075798 -3.032247
v 3.792503 113.316315 -5.625195
v 9.309632 112.361595 -2.581214
v 13.106854 110.719650 2.342754
v 9.628286 114.077614 -2.242191
v 13.440005 112.479202 2.861863
v 14.460424 110.635338 9.061311
v 13.274021 115.138084 3.933910
v 14.285435 113.328491 10.086839
v 11.899265 111.529770 15.662747
v 13.676940 118.031944 12.053577
v 11.464505 116.239502 17.470264
v 6.790474 114.837990 21.556261
v 11.736227 122.007378 20.235340
v 6.556206 120.550522 24.437294
v 0.161415 119.806305 26.075722
v 6.462275 124.835014 26.984041
v -0.377652 124.124474 28.509205
v -6.408695 124.313454 27.537071
v -0.754829 127.287025 30.490124
v -7.158404 127.669327 29.365826
v -11.981125 129.159698 25.584162
v -7.754896 130.536301 30.862177
v -12.804727 132.038269 26.718449
v -16.521761 133.748383 20.794548
v -13.412999 134.308975 27.558544
v -17.167255 136.148636 21.554462
v -17.565994 138.297211 14.364962
v -17.547979 137.835541 22.093740
v -18.060328 140.125412 14.847878
v -15.134808 142.474579 7.565062
v -18.234287 141.714645 15.364717
v -15.469429 144.111862 7.941789
v -9.171511 145.916656 2.319104
v -14.982745 145.347275 8.756671
v -8.792157 147.122284 3.272182
v -0.345933 147.693909 1.257857
v -7.994535 147.275009 4.721137
v -0.200488 147.803696 2.776527
v 7.569291 147.260147 4.652988
v -0.056425 147.441010 4.367819
v 7.029332 146.833786 6.083764
v 11.930204 145.283249 10.538384
v 6.243554 146.284180 7.804569
v 10.604213 144.946030 11.652345
v 12.269885 143.370224 16.368240
v 9.712872 141.927765 21.133471
v 6.728803 142.329254 20.240509
v 2.867292 142.923996 18.915768
v -2.213536 142.267197 20.769724
v 0.082302 146.864960 6.237076
v 0.208127 146.301865 7.993829
v -5.283369 145.961700 9.303977
v -6.260472 146.477264 7.711652
v -10.849465 145.222656 11.766573
v -9.199827 144.865463 12.847202
v -7.203618 146.959091 6.146777
v -12.417115 145.520477 10.745887
v -14.547670 143.525497 16.677080
v -12.785829 143.529831 16.914577
v -13.855182 145.615265 9.720391
v -16.206461 143.332382 16.354708
v -15.664136 141.318710 22.609869
v -14.048491 141.694168 22.280960
v -17.473736 142.903259 15.944893
v -16.970045 140.679260 22.785673
v -13.842931 138.892151 28.787317
v -12.730147 139.679611 27.990328
v -17.666487 139.370148 22.608833
v -14.197275 137.439667 28.782146
v -8.569093 135.964859 33.201786
v -8.312377 137.489883 32.931931
v -13.849115 136.007843 28.201305
v -8.442638 134.423706 32.713081
v -1.204423 133.728622 34.480755
v -1.309665 135.281082 35.038330
v -8.159724 132.742416 31.959860
v -1.113017 132.099350 33.507736
v 6.628411 132.548996 32.211750
v 6.643071 134.189240 33.296753
v -1.006923 129.963028 32.163105
v 6.559095 130.439102 30.744936
v 12.648846 132.136475 26.248207
v 12.920588 134.117645 27.534029
v 6.497155 127.983192 29.034513
v 12.377111 129.582413 24.581411
v 15.926194 131.247299 18.361610
v 16.422478 133.885910 19.738016
v 12.051498 126.320610 22.607220
v 15.301924 127.966148 16.649645
v 15.059814 130.005554 10.126864
v 15.962738 133.372849 11.368333
v 14.486428 123.685379 14.569911
v 14.010012 125.630043 8.494235
v 10.878074 127.456367 3.040080
v 11.953311 131.999741 4.248649
v 12.969993 119.839645 6.205985
v 9.786861 121.418190 1.100447
v 4.481608 122.352379 -1.920506
v 5.278825 128.686172 -0.341957
v 9.923823 116.551620 -1.446974
v 4.157139 117.795990 -4.252855
v -2.241411 117.967766 -4.970240
v -1.751165 122.581352 -2.584233
v 4.021492 115.149765 -5.347812
v -2.448002 115.209358 -5.782501
v -8.452838 114.375862 -3.443485
v -8.258687 117.267357 -2.583807
v -2.536247 113.316826 -5.984803
v -8.205675 112.572861 -3.349930
v -12.142296 111.301888 0.979993
v -12.413673 112.829300 1.293177
v -8.683568 111.643173 -4.026427
v -12.623216 110.287750 0.477909
v -14.094083 108.208145 6.400126
v -13.708381 109.338898 6.703788
v -13.690604 109.683983 -0.122199
v -15.318491 107.452728 6.195360
v -14.078742 105.258804 12.576595
v -12.896686 106.164635 12.293893
v -16.674355 106.651436 6.017162
v -15.256775 104.422188 12.919251
v -11.018148 102.631065 18.530100
v -10.196575 103.658287 17.835941
v -17.117825 103.179077 13.496709
v -12.356128 101.116280 19.909924
v -5.133620 99.882668 23.591421
v -4.618735 101.594048 21.787640
v -13.323851 100.150818 21.040277
v -5.480834 98.847916 24.956438
v 3.520471 98.692322 25.397873
v 3.168054 99.738258 24.014839
v -5.819821 97.983498 26.261688
v 3.838383 97.854721 26.671341
v 12.902334 99.070045 23.023897
v 11.975369 99.817474 22.032028
v 4.171804 97.056129 27.962469
v 13.823557 98.378075 24.014469
v 20.767124 100.909775 16.380016
v 19.434589 101.428040 15.900637
v 14.745535 97.680412 25.008871
v 22.129871 100.367706 16.887791
v 24.997215 103.767975 6.432326
v 23.480042 104.088753 6.598354
v 23.487263 99.702850 17.313120
v 26.488083 103.373566 6.230094
v 24.040846 106.976891 -4.998196
v 22.696915 107.108276 -4.169226
v 27.002602 101.691109 5.558099
v 24.565681 105.481140 -5.895265
v 17.020197 108.548561 -15.174777
v 16.632032 109.819160 -14.027939
v 23.083694 104.880737 -5.515798
v 15.975748 107.742950 -14.233292
v 5.534122 109.302177 -18.990541
v 5.966943 110.234352 -20.261883
v 14.923144 107.219200 -13.213622
v 5.105686 108.680626 -17.657997
v -5.732556 108.611015 -17.461834
v -5.991336 109.252319 -18.844925
v -16.190592 107.652031 -13.993177
v -17.122999 108.501686 -15.085195
v -6.261545 110.200073 -20.191605
v -15.285845 107.087921 -12.833405
v -21.691597 104.453842 -4.804090
v -22.999964 104.834221 -5.448399
v -23.809292 101.247368 4.942654
v -6.005529 111.418045 -19.021397
v 5.897058 111.535210 -18.998587
v 5.658915 111.362755 -17.416372
v 15.757947 109.608650 -12.754338
v 14.873327 109.539909 -11.466424
v 21.376083 107.220245 -3.338857
v 20.062443 107.428856 -2.496316
v 21.971201 104.454201 6.765334
v 20.487133 104.861580 6.936591
v 18.091030 102.011154 15.424047
v 16.542849 102.810242 14.907586
v 10.925069 100.792908 20.925814
v 9.541891 102.428871 19.541973
v 2.651041 101.547279 22.188625
v 2.386132 102.641991 21.307184
v -4.349409 102.689354 20.903210
v -4.137359 103.742050 20.203054
v -9.448597 104.691429 17.305292
v -9.041790 105.909554 17.145908
v -12.655945 107.376099 12.505838
v -12.944982 109.015564 13.107831
v -14.056450 110.952797 7.163453
v -14.416772 113.446312 7.892519
v -12.710583 115.553856 1.894133
v -11.902222 120.267128 3.598944
v -7.598280 121.828590 -0.664528
v -7.662456 128.185074 0.551189
v -1.421020 128.966812 -1.375674
v -1.171939 133.882629 -0.759540
v 6.043633 133.443756 0.563233
v 6.693180 136.960297 1.088036
v 12.858623 135.409439 5.067160
v 13.517941 138.070984 5.698472
v 16.622242 136.027176 12.319198
v 17.181639 138.238800 13.141335
v 16.840153 135.962311 20.817802
v 17.216936 137.645813 21.622021
v 13.181407 135.771240 28.589535
v 13.428132 137.283340 29.493073
v 6.541785 135.767303 34.040031
v 6.058465 137.205307 33.756084
v -1.425149 136.737198 34.693882
v -1.419878 137.802139 33.372684
v -7.735717 138.391220 31.800474
v -6.993593 139.000046 30.302313
v -11.378613 140.186371 26.883932
v -10.004875 140.602707 25.698629
v -12.237871 141.907990 21.836933
v -2.230109 6.905734 -37.931915
v 1.232599 5.491708 -37.631081
v 1.355581 9.264031 -38.275444
v -1.285570 9.365441 -38.252625
v -2.044657 7.694816 -38.083076
v -1.085469 7.400038 -38.050922
v -1.433118 6.534338 -37.896042
v -1.910458 5.809519 -37.739830
v -2.761122 6.684670 -37.819641
v -2.785606 7.851813 -37.982811
v 0.338038 5.435525 -37.656185
v 0.675892 6.276183 -37.812355
v 1.650957 6.203547 -37.731144
v 2.389200 5.870273 -37.491268
v 1.498715 5.007635 -37.397995
v 0.253425 4.624368 -37.411682
v 1.874579 9.710051 -38.225559
v 2.180173 8.419292 -38.104965
v 1.218856 8.255356 -38.140366
v 0.217937 8.221682 -38.164215
v 0.483708 9.281013 -38.328556
v 0.783426 10.152491 -38.379654
v -1.569763 9.855828 -38.155193
v -0.440693 10.184957 -38.377060
v -0.481398 9.311192 -38.316593
v -1.691178 8.604845 -38.198055
v -2.370606 8.983490 -38.146435
v -0.769070 8.313665 -38.192677
v -0.541894 11.292360 -35.385639
v -2.042662 10.768394 -35.318203
v -3.156460 9.665363 -35.184540
v -3.666867 8.223586 -35.043289
v -3.620891 6.709798 -34.874336
v -1.625767 4.273794 -34.596020
v 0.080539 3.994387 -34.517567
v 1.786774 4.419971 -34.511387
v 0.150759 3.982461 -36.111828
v 1.788071 4.419671 -36.116680
v 3.073395 5.565214 -36.241886
v 3.122294 5.593074 -34.619278
v 3.619485 7.204153 -36.485275
v 3.698068 7.299635 -34.879459
v 3.438068 8.937831 -36.675716
v 3.507198 9.063349 -35.115501
v 2.533811 10.382362 -36.791771
v 2.553898 10.493741 -35.262123
v 1.071322 11.105812 -36.900166
v 1.059832 11.235759 -35.362419
v -0.524956 11.184639 -36.917278
v 1.031831 10.900558 -37.517002
v -0.519394 10.980293 -37.529823
v -1.961358 10.496175 -37.454803
v -2.027469 10.683081 -36.847786
v -3.039416 9.451797 -37.333801
v -3.146700 9.579713 -36.712788
v -3.540334 8.022082 -37.173302
v -3.653083 8.123975 -36.553658
v -3.446158 6.544330 -37.026779
v -3.594290 6.600434 -36.390217
v -2.749592 5.186528 -36.929192
v -2.908025 5.169354 -36.254360
v -2.971016 5.272447 -34.714077
v -1.549097 4.221486 -36.157558
v -1.389931 4.340374 -36.839703
v 0.220876 4.123333 -36.845760
v -1.142812 4.754733 -37.381821
v 1.713855 4.576438 -36.841927
v 2.852902 5.606327 -36.949314
v 2.945603 7.121364 -37.752773
v 3.371485 7.142603 -37.172321
v 2.891793 8.642079 -37.839935
v 3.235101 8.812711 -37.329731
v 2.211945 9.977066 -37.927032
v 2.417133 10.200739 -37.428703
v 0.944078 10.622561 -38.017071
v -0.481765 10.691878 -38.045704
v -1.806657 10.214579 -37.912628
v -2.822938 9.260597 -37.855564
v -3.258341 7.935602 -37.685955
v -3.175358 6.550985 -37.539448
v -2.444332 5.344345 -37.484058
v -0.788948 5.477712 -37.658581
v -0.423384 6.342359 -37.836124
v -0.064954 7.241059 -38.008030
v 0.992800 7.208990 -37.980179
v 2.031899 7.208874 -37.919048
v 14.929134 90.303085 -15.351007
v 10.599187 99.277061 -15.093782
v 10.759618 87.744453 -20.736166
v 13.911791 96.199966 -13.552100
v 14.065753 93.124451 -21.430321
v 13.212028 98.109543 -19.026644
v 8.037925 87.616661 -19.601435
v 6.493361 98.109940 -16.933662
v 13.539951 89.196663 -15.109854
v 14.297807 88.796700 -16.765121
v 15.563722 90.462044 -16.405964
v 15.945052 92.133736 -15.724284
v 14.898090 91.393852 -14.539134
v 13.007452 90.549545 -13.861814
v 9.827750 98.775398 -14.141945
v 11.207530 98.354622 -13.718816
v 11.615059 99.116158 -15.115467
v 10.200015 99.500175 -15.922293
v 8.784808 99.073891 -15.044327
v 11.495205 99.414902 -16.318819
v 10.251246 87.272568 -19.855221
v 8.618785 87.897713 -20.740492
v 9.698476 88.511482 -21.704967
v 11.895040 88.047775 -20.684078
v 11.675743 87.382530 -19.252974
v 11.144506 89.276009 -22.052931
v 14.283851 96.866692 -14.357249
v 12.765520 97.806618 -13.826550
v 12.490466 96.533165 -12.825498
v 14.280704 94.971909 -13.484034
v 15.211440 95.569855 -14.700316
v 12.419108 94.611198 -12.564504
v 14.082163 94.268501 -21.129293
v 15.397817 93.943832 -20.027399
v 15.005297 92.406097 -20.753864
v 13.983562 91.131676 -21.467010
v 13.109469 92.606743 -22.011086
v 12.633726 94.240738 -21.859913
v 13.789508 98.309227 -18.145161
v 14.731846 97.098518 -18.646835
v 13.585812 97.270973 -19.647394
v 12.142908 97.420151 -20.224888
v 12.135481 98.450600 -19.132719
v 12.469136 98.995163 -17.896616
v 9.044244 87.149147 -18.597658
v 7.551271 88.026344 -17.053539
v 6.613681 88.774925 -18.874170
v 7.028516 89.559532 -20.742912
v 6.631919 97.974365 -15.581244
v 8.160620 99.166451 -16.266659
v 7.448963 98.695618 -17.857813
v 6.627188 97.102417 -19.566975
v 5.556571 96.403801 -17.946493
v 5.476020 95.736633 -15.953753
v 5.300228 93.264473 -16.859064
v 6.292006 92.623238 -14.825138
v 6.450281 95.151390 -14.094263
v 7.342690 97.559540 -14.117664
v 5.503603 94.070251 -19.070147
v 6.056420 91.705948 -20.022493
v 5.724360 90.808723 -17.860106
v 6.716876 94.841843 -20.756815
v 7.323787 92.545341 -21.596170
v 8.293816 90.361992 -22.112513
v 8.581999 95.443634 -21.525055
v 9.112463 93.316711 -22.318951
v 9.996181 91.149689 -22.626432
v 10.929486 93.895668 -22.315399
v 11.644617 91.873344 -22.520182
v 12.616516 90.104378 -21.925081
v 13.317884 88.819633 -20.589123
v 14.698795 89.939316 -20.226400
v 15.765696 91.532158 -19.508001
v 15.910814 90.811485 -17.923264
v 14.783738 89.138939 -18.499523
v 13.286022 88.004578 -18.882273
v 12.588105 87.744492 -17.113819
v 10.732674 87.191879 -17.639730
v 11.515485 88.390747 -15.323819
v 9.444983 87.989944 -15.933915
v 10.767861 90.028702 -13.894165
v 8.524638 89.862442 -14.529113
v 6.649538 90.106308 -15.825035
v 8.154054 92.264862 -13.532270
v 10.401172 92.206535 -12.923727
v 10.320357 94.552612 -12.445720
v 8.248076 94.777969 -12.949198
v 10.617196 96.781303 -12.635743
v 8.821887 97.141815 -13.074634
v 12.648799 92.503830 -12.956509
v 14.592956 93.141014 -13.735334
v 15.757529 93.883080 -15.042973
v 16.219494 94.553131 -16.479176
v 15.533606 96.233246 -15.965273
v 16.377264 92.737053 -17.139992
v 16.218868 93.372200 -18.645805
v 16.048531 95.142975 -17.960735
v 15.266542 95.584686 -19.361370
v 15.377339 96.773140 -17.322300
v 14.228411 98.144798 -16.810293
v 14.368641 97.636009 -15.474526
v 12.847387 99.000641 -16.538385
v 12.948530 98.593224 -15.160917
v 11.047238 99.375397 -17.627920
v 10.534011 98.739235 -19.106487
v 8.895964 98.855583 -18.712330
v 9.575830 99.480782 -17.118542
v 8.478317 97.387192 -20.341297
v 10.350980 97.477303 -20.484407
v 10.525908 95.808174 -21.582859
v 12.371011 95.933525 -21.187025
v 13.962084 95.852959 -20.454788
v -2.766076 51.033833 -30.742687
v -1.855417 48.638042 -32.601826
v 0.155194 51.617191 -30.311792
v 1.296653 49.101242 -32.180172
v -2.763000 50.463276 -31.185137
v -3.447577 50.365696 -31.140097
v -3.210828 51.176113 -30.488825
v -2.551900 51.787457 -30.063028
v -2.181314 51.293819 -30.549156
v -1.949524 50.648228 -31.067451
v -1.099773 48.653809 -32.592270
v -1.028397 47.963341 -33.024986
v -2.115685 48.182003 -32.867928
v -2.213490 49.094997 -32.256634
v -1.408272 49.341209 -32.088413
v -2.885804 48.716358 -32.432999
v 0.485672 51.957901 -29.916317
v 1.358309 51.412518 -30.371401
v 0.533568 51.109722 -30.703062
v -0.538054 51.625351 -30.301834
v -0.520410 52.220097 -29.738712
v -0.331597 50.962959 -30.844984
v 1.839021 48.799065 -32.186581
v 1.123434 48.235161 -32.665688
v 0.659798 48.895882 -32.366318
v 1.167678 49.753468 -31.717266
v 2.005598 49.673901 -31.576414
v 0.295631 49.629387 -31.849932
v -0.209742 48.748016 -32.518475
v -0.557211 49.492050 -31.970095
v -0.857226 50.163788 -31.464806
v -0.014602 50.300697 -31.356840
v 0.898829 50.463062 -31.205074
v 1.827359 50.608204 -30.990458
v 1.869519 51.469345 -29.755846
v 2.432105 50.462940 -30.454195
v 2.525339 49.394165 -31.171093
v 2.230889 48.389908 -31.867992
v 2.760824 50.126163 -29.792225
v 2.868474 48.979919 -30.608097
v 2.496721 47.891037 -31.395548
v 1.661949 47.047688 -32.062435
v 1.469424 47.623016 -32.500668
v 3.040709 48.471199 -29.929462
v 2.652163 47.346996 -30.750767
v 1.735153 46.461342 -31.436947
v 0.462842 46.044231 -31.886532
v 0.422663 46.642048 -32.459030
v -0.956066 46.016426 -32.048168
v -4.324727 48.147465 -30.757860
v -3.614199 47.054516 -31.509859
v -2.390250 46.334763 -31.941195
v -3.535704 47.620689 -32.030712
v -2.378312 46.914513 -32.483093
v -0.979548 46.611614 -32.616688
v -2.317045 47.532948 -32.847618
v -1.004132 47.254704 -32.972435
v 0.322424 47.270927 -32.849140
v 0.120076 47.982944 -32.954090
v -3.323039 48.208977 -32.381462
v -3.899388 49.119793 -31.712151
v -3.319513 49.490345 -31.833809
v -4.172363 48.662373 -31.288441
v -4.310642 49.780262 -30.414433
v -3.994737 50.155827 -30.868917
v -4.509866 49.299553 -29.862082
v -4.208362 50.385414 -28.963274
v -4.017407 50.829350 -29.556934
v -3.220878 51.723637 -28.853506
v -2.948351 51.925262 -29.486889
v -3.698168 51.133396 -30.090031
v -3.403944 51.361042 -28.186985
v -2.104009 51.991753 -27.688951
v -1.970129 52.282467 -28.444992
v -0.502098 52.421364 -28.304686
v -0.474727 52.497360 -29.070463
v -1.807838 52.350941 -29.145872
v -0.543166 52.122593 -27.523964
v 1.019038 51.737938 -27.703867
v 0.958011 52.047039 -28.498024
v 2.241166 50.306400 -27.418962
v 2.293926 50.844734 -28.238779
v 2.918849 49.086010 -28.232862
v 2.940216 49.666637 -29.048876
v 2.158655 51.228077 -29.030972
v 0.806681 52.177509 -29.263535
v -1.589125 52.141079 -29.772203
v -1.360483 51.511395 -30.380798
v -1.122579 50.832817 -30.944040
v -1.713255 49.990330 -31.582182
v -2.547303 49.762615 -31.733582
v 0.163480 85.289398 -35.957195
v 1.399378 86.554863 -36.396080
v 0.052594 93.943092 -21.693293
v -1.523910 86.860130 -36.323704
v 2.061138 91.453194 -20.650259
v -0.247890 89.627548 -20.218294
v -0.209850 87.978600 -36.850147
v -2.250004 92.469398 -21.236019
v 0.192120 85.061432 -34.820122
v -0.738082 85.164551 -34.862278
v -0.316320 85.435501 -36.251114
v 0.589209 85.574478 -36.340355
v 1.060575 85.306870 -34.980537
v 0.148704 85.773567 -36.842129
v 1.979654 86.774155 -35.423977
v 1.708942 85.912964 -35.197281
v 1.052819 86.031616 -36.499611
v 0.651705 86.298584 -37.032520
v 1.135770 86.897774 -36.787701
v 1.867644 87.631920 -35.730423
v 0.053210 94.276726 -22.799042
v -1.289180 94.081757 -22.750572
v -0.757364 93.666656 -21.351217
v 0.644927 93.646072 -21.303139
v 1.281504 94.077103 -22.713169
v -0.217397 93.107605 -20.702057
v -2.000311 87.206726 -35.529491
v -1.705367 88.015205 -35.843597
v -1.175525 87.175774 -36.726192
v -1.285548 86.309128 -36.424335
v -1.928348 86.372215 -35.238102
v -0.804549 86.597054 -37.040768
v 1.480805 90.880730 -20.233692
v 2.420079 89.706345 -21.190798
v 2.899165 90.963669 -21.633034
v 2.863875 92.238594 -22.062126
v 1.774788 92.223030 -20.690733
v 0.831129 91.734108 -20.128326
v -0.232098 88.658516 -20.918959
v 1.205233 88.830780 -20.954742
v 0.579562 90.109772 -20.073174
v -0.038324 91.030479 -19.945227
v -0.902505 90.139420 -20.118761
v -1.514143 88.936707 -20.986156
v -0.216218 88.831970 -36.107319
v 0.657352 88.737366 -36.105206
v 0.239801 87.657867 -37.028305
v -0.247475 87.087753 -37.250477
v -0.650393 87.584969 -36.956516
v -1.078987 88.585991 -36.037209
v -2.898861 92.259254 -22.147850
v -2.956173 91.012321 -21.726646
v -2.044737 91.793610 -20.737413
v -1.131089 92.498032 -20.511497
v -1.668712 93.099182 -21.173428
v -2.377136 93.376595 -22.502731
v -1.582033 93.948090 -24.659380
v -2.828938 93.081207 -24.356003
v -3.444047 91.718956 -23.907591
v -3.007881 92.373077 -26.712353
v -3.655916 90.936218 -26.224167
v -3.661203 89.323021 -25.699793
v -3.467563 90.196411 -23.420208
v -3.031514 87.850708 -25.241051
v -2.930066 88.776932 -22.957993
v -2.497141 89.779251 -21.248650
v -1.603672 90.889832 -20.290152
v -1.730970 87.848068 -22.645981
v -1.723998 86.878220 -24.908449
v -0.031556 86.557640 -24.776136
v -0.137823 87.524643 -22.538967
v 1.695968 86.869156 -24.901993
v 1.557206 87.773308 -22.623032
v 3.037290 87.866386 -25.249205
v 2.882107 88.726593 -22.926514
v 3.675426 89.405029 -25.737320
v 3.468618 90.210709 -23.425531
v 3.622273 91.048363 -26.284237
v 3.435588 91.762421 -23.942774
v 2.911577 92.473030 -26.777826
v 2.792507 93.131317 -24.397203
v 2.323100 93.400017 -22.427164
v 1.339879 93.051659 -20.935915
v 1.533165 93.966064 -24.675701
v 1.583595 93.369537 -27.051582
v -0.070322 93.646370 -27.113220
v -0.017998 94.208359 -24.752895
v -1.711217 93.321693 -27.019434
v -0.125894 92.565582 -29.999733
v -1.704692 92.226402 -29.895414
v -2.942730 91.269974 -29.579285
v -1.582767 90.875092 -32.671524
v -2.649175 90.012955 -32.375244
v -3.134778 88.751747 -31.925941
v -3.546980 89.859016 -29.105415
v -3.083400 87.365967 -31.461349
v -3.519053 88.304344 -28.585932
v -2.477838 86.135178 -31.069229
v -2.874799 86.895828 -28.127428
v -1.299627 85.377670 -30.801195
v -1.562058 85.989334 -27.836586
v 0.160656 85.174660 -30.726248
v 0.072987 85.702469 -27.740091
v 1.593271 85.491478 -30.845301
v 1.702572 86.048584 -27.843370
v 2.675178 86.391914 -31.144403
v 2.972030 87.041420 -28.165274
v 3.147575 87.700974 -31.563063
v 3.561594 88.512665 -28.657354
v 3.063244 89.106956 -32.032375
v 3.493790 90.085693 -29.185675
v 2.422106 90.299835 -32.448830
v 2.781655 91.466492 -29.645569
v 1.239907 91.016640 -32.682629
v 1.478008 92.327057 -29.924719
v -0.193068 91.194138 -32.754532
v 0.940647 89.809601 -34.723961
v -0.218299 89.950203 -34.748009
v -1.363297 89.643639 -34.688564
v -2.213043 88.900719 -34.447365
v -2.591068 87.863419 -34.041206
v -2.533808 86.739563 -33.668785
v -1.501142 85.614349 -35.019943
v -2.005730 85.721458 -33.361576
v -1.007410 85.134766 -33.137672
v 0.200979 84.995598 -33.067310
v 1.378868 85.269684 -33.231358
v 2.228379 86.031036 -33.521889
v 2.595457 87.135490 -33.825878
v 2.499948 88.288635 -34.199341
v 1.415162 88.319176 -35.987988
v 1.939867 89.238777 -34.569061
v 0.764113 87.346024 -36.990536
v 0.219308 86.680351 -37.287991
v -0.383568 86.104065 -37.077923
v -0.895559 85.754478 -36.363392
v 0.330276 92.450638 -20.309305
v -0.605891 91.782059 -20.115112
v 1.617284 37.181892 -38.731766
v 1.211463 34.375023 -39.214474
v -1.530580 37.773872 -38.674965
v -1.738872 34.739216 -39.372707
v 0.985139 37.463387 -38.714458
v 1.401633 38.137024 -38.510639
v 2.157050 37.403484 -38.589161
v 1.647747 36.466816 -38.843056
v 0.807020 36.639545 -38.883026
v 2.412975 36.396049 -38.784637
v 1.430159 34.938274 -39.105534
v 2.165816 34.511230 -39.042706
v 1.570818 33.833630 -39.205074
v 0.528431 34.376610 -39.274479
v 0.598691 35.145283 -39.141270
v 0.614527 33.548771 -39.403755
v -1.761486 38.196678 -38.403259
v -0.697507 38.467426 -38.427052
v -0.701326 37.745857 -38.717472
v -0.887892 36.923393 -38.904873
v -1.770144 37.217506 -38.825008
v -2.387244 37.519672 -38.546730
v -1.093308 34.528069 -39.372112
v -1.310309 33.850021 -39.498898
v -2.179486 34.376575 -39.399319
v -2.672875 35.379265 -39.165222
v -1.918735 35.448849 -39.237652
v -1.071791 35.379051 -39.213177
v -3.141524 33.603443 -37.139732
v -2.159351 32.624054 -37.375298
v -0.863918 32.090256 -37.461288
v 0.564026 31.990068 -37.379242
v -1.966909 32.900692 -38.714092
v -0.717715 32.440834 -38.777100
v 0.666339 32.365353 -38.689594
v 1.972125 32.744537 -38.477943
v 1.964471 32.355778 -37.169067
v -0.564645 32.876133 -39.297916
v 0.709594 32.850201 -39.232277
v 1.856665 33.241280 -39.039486
v 2.705507 34.012131 -38.804054
v 2.961250 33.642151 -38.226395
v 3.434062 34.924446 -37.992168
v 3.625567 34.699806 -36.624672
v 3.082712 33.308727 -36.886684
v 3.075655 35.119640 -38.591988
v 3.062004 36.390320 -38.387081
v 3.410071 36.308651 -37.739468
v 2.425314 35.325939 -38.917820
v 1.583528 35.597557 -38.986862
v 0.713286 35.844456 -39.017632
v -0.141827 36.014374 -39.050316
v 0.010521 36.779587 -38.895153
v -0.221671 35.255474 -39.194260
v -1.051141 36.173313 -39.060654
v -0.300354 34.411144 -39.341797
v -0.409815 33.574940 -39.469311
v -1.698575 33.243004 -39.287193
v -2.965293 33.830608 -38.500011
v -2.658719 34.064945 -39.109211
v -3.460986 35.121784 -38.177975
v -3.155483 35.283195 -38.792912
v -3.462384 36.482002 -37.804932
v -3.171317 36.555305 -38.442055
v -2.697244 36.545868 -38.876381
v -2.787668 37.691471 -38.092861
v -1.954740 36.394772 -39.022114
v -3.006793 37.716488 -37.442760
v -2.042232 38.664520 -37.216133
v -1.912151 38.516953 -37.891155
v -0.705138 39.089840 -37.174778
v -0.693817 38.873741 -37.868591
v 0.665861 39.033775 -37.225178
v 0.535470 38.817062 -37.931343
v 0.403269 38.403908 -38.486534
v 1.701545 38.423370 -37.997932
v 0.221662 37.626972 -38.721489
v 1.936381 38.554935 -37.306408
v 2.925313 37.588188 -37.479000
v 2.642955 37.556400 -38.157837
v 2.077149 38.564529 -35.878738
v 3.089639 37.529243 -36.061298
v 3.606877 36.182766 -36.347683
v -3.141917 37.658951 -36.043758
v -3.635692 36.339066 -36.428215
v -3.643658 34.939098 -36.817863
v -2.090159 38.681755 -35.812305
v -0.703276 39.158894 -35.765266
v 0.738691 39.101738 -35.805626
v 1.770656 20.756155 -40.175568
v 1.192388 22.980894 -40.333134
v -0.579732 18.804781 -39.940742
v -2.161624 23.013643 -40.325562
v 1.711187 21.428616 -40.229790
v 2.545051 21.466162 -40.187428
v 2.261900 20.447695 -40.113483
v 1.566322 19.767866 -40.072510
v 1.181803 20.415558 -40.146004
v 0.900456 21.203684 -40.217491
v 1.504497 22.216339 -40.292080
v 0.684302 22.058786 -40.283459
v 0.529581 22.991695 -40.343269
v 1.636142 23.378557 -40.326950
v 2.281086 22.496508 -40.290363
v 0.769611 23.802530 -40.342670
v -0.708966 18.402199 -39.663559
v -1.784357 18.975800 -39.939377
v -1.163903 19.488443 -40.078110
v -0.388296 19.833941 -40.095310
v 0.089220 18.938381 -39.933552
v 0.285235 18.375580 -39.574600
v -2.519351 23.412056 -40.178341
v -1.323792 24.228237 -40.298542
v -1.193756 23.429234 -40.387043
v -1.155043 22.514616 -40.328316
v -2.167300 22.236551 -40.296364
v -2.975092 22.348518 -40.088406
v 3.549468 22.872883 -37.973652
v 2.916871 24.107267 -38.097401
v 1.791389 24.979212 -38.217377
v 0.370729 25.336441 -38.336674
v 2.793112 24.064077 -38.914043
v 1.659990 24.885761 -39.017834
v 0.258010 25.200319 -39.102203
v -1.294292 25.009888 -39.161572
v -1.221889 25.167795 -38.415779
v 1.464664 24.667210 -39.675945
v 0.134138 24.937035 -39.752918
v -1.338411 24.724976 -39.806519
v -2.694989 23.833672 -39.709030
v -2.738844 24.105591 -39.099094
v -0.010371 24.492212 -40.245049
v 1.178656 24.306433 -40.168308
v -0.136364 23.743849 -40.385914
v -0.225951 22.808577 -40.346806
v -0.153358 21.858225 -40.275055
v -1.078698 21.597502 -40.255856
v -0.869296 20.696154 -40.184319
v -1.742409 20.380816 -40.145432
v -2.061123 21.333900 -40.221481
v 0.039075 20.964653 -40.202328
v 0.367099 20.111538 -40.115746
v 0.834038 19.284264 -40.003372
v 2.120988 19.207899 -39.785255
v 1.247247 18.670284 -39.631142
v 2.433586 19.022903 -39.154095
v 1.439533 18.383623 -39.050297
v 0.374228 18.100866 -39.034927
v 1.591023 18.259264 -38.362282
v 0.428403 17.953197 -38.361626
v -0.844988 18.013588 -38.451351
v -0.781191 18.139135 -39.126293
v -2.180711 18.545414 -38.590034
v -2.045989 18.651754 -39.302959
v -3.215559 19.703537 -38.716747
v -3.004537 19.748116 -39.431988
v -2.528154 20.000982 -39.980709
v -3.469183 21.158077 -39.518932
v -2.987818 21.195267 -40.069290
v -3.354156 22.540169 -39.583305
v -3.662884 21.202324 -38.833767
v -3.512893 22.719870 -38.964550
v -3.709249 21.270588 -38.058517
v -3.538449 22.860666 -38.213852
v -2.694007 24.308249 -38.356739
v -3.274688 19.732578 -37.905842
v -2.222138 18.559937 -37.787083
v -0.857889 18.014448 -37.661083
v 0.451060 17.970415 -37.573235
v 1.659507 18.278036 -37.555557
v 2.715523 18.996143 -37.614082
v 2.628957 18.961180 -38.444580
v 3.348824 20.096827 -38.549763
v 3.447784 20.133181 -37.726402
v 3.141179 20.112608 -39.258102
v 3.403324 21.430714 -39.358406
v 3.622618 21.454552 -38.673752
v 2.803929 20.188393 -39.842751
v 3.048047 21.433500 -39.895363
v 2.858554 22.702656 -40.038239
v 3.218014 22.766911 -39.472549
v 2.575556 23.935661 -39.592102
v 3.453070 22.831228 -38.795536
v 2.178113 23.718115 -40.126328
v 3.721785 21.497923 -37.841259
v 9.458131 63.791466 -1.872257
v 44.706287 8.118597 24.160801
v 46.363869 9.115427 25.993868
v 8.243042 62.914745 5.007371
v 10.415112 61.488144 -1.141833
v 39.406147 11.259261 32.705242
v 6.763399 62.226372 4.581289
v 36.998375 11.847545 31.237881
v 10.837517 62.925560 -1.256349
v 10.953339 62.841541 -2.806319
v 9.059122 64.069168 -2.843981
v 7.606664 64.467766 -1.782709
v 8.571937 63.867596 -0.991107
v 10.012081 62.843739 0.106100
v 45.661217 7.747152 24.536057
v 44.731262 7.319188 25.821733
v 43.885250 8.160594 25.085415
v 44.415039 9.740957 23.335598
v 45.779480 9.851410 23.431005
v 43.265659 10.034257 24.302725
v 45.835842 8.982332 26.887749
v 45.489262 7.673922 26.540573
v 46.368172 8.294824 25.406088
v 46.555614 10.677990 25.554045
v 45.948940 10.986513 26.749027
v 46.557861 10.249161 24.339437
v 9.307510 62.269081 6.134731
v 10.076820 61.746559 4.895099
v 8.493369 62.717461 3.898049
v 7.069976 63.518085 5.013698
v 8.217825 62.680428 6.925130
v 6.932208 63.681797 3.392759
v 11.713711 60.542789 -0.660936
v 11.059225 60.238335 0.333263
v 9.544997 61.557545 -0.669968
v 10.315211 61.939804 -2.165686
v 12.120690 60.292297 -1.879903
v 8.928617 62.631760 -1.652101
v 40.197655 10.843571 32.023228
v 40.376442 12.488984 31.827007
v 39.207851 12.461637 32.825497
v 38.782951 10.356949 33.069313
v 39.806900 9.427139 32.130154
v 37.999954 11.798056 33.553513
v 6.996128 61.986828 3.487539
v 8.604911 60.701160 4.788122
v 7.887680 61.269417 5.994785
v 6.780396 61.730125 7.084936
v 5.813564 62.918953 4.791437
v 5.860475 63.095650 3.072978
v 37.693024 11.478638 30.412769
v 37.754322 10.249258 31.471102
v 36.606628 11.188989 32.191673
v 35.654808 13.155461 32.411674
v 36.369514 13.274682 31.108370
v 37.107681 13.384966 29.836830
v 35.334831 15.908821 30.897766
v 36.185516 15.902374 29.550110
v 36.843105 15.709172 27.998024
v 37.658176 13.166507 28.457762
v 38.280704 11.103971 29.185463
v 38.653625 9.666327 30.292110
v 38.631214 12.798512 26.819181
v 39.221718 10.537373 27.571520
v 39.557037 8.760303 28.636139
v 40.171719 7.711153 29.866714
v 38.966091 8.824499 31.426582
v 40.766815 10.307133 26.242117
v 41.247917 8.358703 27.042358
v 42.033871 7.102599 27.989670
v 42.939514 7.854124 28.933681
v 41.149391 8.530701 30.549759
v 42.828461 8.384710 26.076054
v 43.595108 7.373900 26.795832
v 44.413864 7.674139 27.638020
v 44.817120 9.158624 27.990484
v 43.292019 9.438394 29.000319
v 43.564140 11.378780 28.851286
v 41.697495 11.903330 30.095016
v 41.492310 10.052686 30.417240
v 44.955475 11.156860 27.861670
v 46.051235 13.384215 26.349915
v 45.077320 13.545874 27.548777
v 43.796600 13.675278 28.562902
v 45.134350 16.328564 27.158369
v 43.878494 16.400137 28.247950
v 41.655136 16.804646 29.538830
v 41.793514 14.135751 29.770731
v 40.135853 16.996389 31.660952
v 40.341652 14.476884 31.719818
v 38.694912 16.941425 32.822781
v 38.956833 14.343183 32.884941
v 37.153076 16.754414 33.589836
v 37.575985 13.938370 33.647709
v 35.589390 16.375816 33.583652
v 36.123909 13.438393 33.684772
v 36.651161 11.057747 33.585411
v 37.834152 9.475728 32.671165
v 34.839077 16.006359 32.334911
v 34.970135 19.784149 33.391247
v 33.973438 19.449102 32.132530
v 34.265926 19.264479 30.515570
v 32.903236 24.166811 31.562147
v 33.090195 23.851059 29.818136
v 33.919289 23.670219 28.285524
v 35.130943 19.153877 29.056885
v 34.731796 23.459654 26.696171
v 35.872456 18.927528 27.485210
v 35.731201 23.208307 24.752277
v 36.844315 18.678699 25.610413
v 37.800583 15.422882 26.259083
v 38.633739 18.705883 23.900377
v 39.506275 15.370477 24.710714
v 40.218067 12.665615 25.453903
v 41.100842 15.357370 23.739628
v 41.650772 12.660616 24.590405
v 42.203938 10.288867 25.375391
v 42.714016 12.364998 23.427711
v 42.188522 15.226974 22.463419
v 43.623951 15.245536 21.693455
v 44.031277 12.211139 22.534023
v 45.163567 15.474777 21.839560
v 45.489975 12.394719 22.632860
v 46.276615 15.787602 22.876240
v 46.466278 12.750961 23.597122
v 46.544685 16.080233 24.382715
v 46.609158 13.111844 24.983772
v 46.062641 16.268251 25.870785
v 46.334969 19.800087 23.732967
v 45.915443 19.938414 25.322767
v 44.983875 19.986591 26.713427
v 45.054272 25.430529 24.430218
v 44.033913 25.501356 25.888437
v 42.488743 25.418186 27.185041
v 43.604218 19.968843 27.927177
v 40.421997 25.172089 28.809488
v 41.333286 19.808992 29.387083
v 39.003738 25.285347 30.897190
v 39.813278 20.151844 31.513025
v 37.497612 25.179482 32.171562
v 38.304848 20.190161 32.697685
v 35.789726 24.981339 32.933369
v 36.652843 20.057745 33.453419
v 34.030388 24.628395 32.838318
v 34.463821 31.177965 31.343241
v 32.803734 30.759235 31.350239
v 31.766716 30.167181 30.151928
v 31.232140 36.776363 29.264208
v 30.449036 36.114246 28.152037
v 30.871098 35.707661 26.659948
v 32.033794 29.767282 28.497561
v 31.666403 35.445309 25.220938
v 32.849106 29.530590 26.987505
v 32.303368 35.093800 23.674532
v 33.615158 29.264692 25.428438
v 33.249855 34.747295 21.850647
v 34.574368 28.978455 23.530289
v 34.923790 34.759315 20.254625
v 36.346241 28.967291 21.778090
v 37.541832 23.226303 22.954374
v 38.128727 29.166311 20.624289
v 39.434395 23.436663 21.699144
v 40.383022 18.851986 22.767260
v 40.676689 23.537678 20.382000
v 41.579754 18.781939 21.449142
v 42.235859 23.803362 19.726765
v 43.105202 18.914713 20.770460
v 43.940857 24.251848 19.955217
v 44.763599 19.212967 20.986765
v 45.152470 24.773525 21.132254
v 45.974583 19.534424 22.114836
v 45.505455 25.194891 22.782589
v 43.467091 30.694372 19.938496
v 43.644363 31.207058 21.485987
v 43.056156 31.490498 23.006184
v 41.229321 37.237938 19.784355
v 40.495632 37.481422 21.166094
v 39.291279 37.493412 22.375683
v 41.927605 31.589821 24.374798
v 37.593769 37.191963 23.460318
v 40.266560 31.466606 25.590729
v 36.148426 37.160465 24.967413
v 38.544476 31.394331 27.161930
v 35.186977 37.423470 26.789591
v 37.351810 31.535181 29.157187
v 34.031036 37.369762 28.135809
v 36.001015 31.400757 30.505838
v 32.727238 37.211662 29.058624
v 31.549292 43.111408 25.505287
v 30.328955 42.958973 26.572569
v 28.929455 42.406525 26.947996
v 27.131445 48.150326 23.739130
v 25.822340 47.486038 24.261263
v 25.448750 46.489876 23.174816
v 28.391504 41.621521 25.845242
v 26.022455 45.928459 21.698189
v 28.917809 41.189930 24.383488
v 26.703815 45.458286 20.226250
v 29.649157 40.868706 22.947931
v 27.230947 44.783562 18.679462
v 30.190830 40.364532 21.396248
v 28.288530 44.248161 16.774664
v 31.186049 39.910374 19.542665
v 29.771992 44.297886 15.219360
v 32.726509 39.917854 18.009378
v 31.089090 44.552429 14.125170
v 34.089264 40.152256 16.992706
v 36.457272 34.973431 19.227768
v 35.224625 40.190266 15.790214
v 37.621441 35.016331 17.980379
v 39.380909 29.261362 19.350857
v 38.999981 35.311310 17.181419
v 40.889973 29.534708 18.662237
v 40.424751 35.944614 17.289406
v 42.416790 30.047771 18.839659
v 41.269104 36.694012 18.341925
v 37.911293 41.446106 15.071429
v 38.562920 42.418186 16.134947
v 38.349709 43.067616 17.587399
v 35.182030 47.358253 13.234605
v 34.787331 48.096306 14.635085
v 33.903687 48.353718 15.989431
v 37.532654 43.313416 18.977753
v 32.630707 48.178837 17.274603
v 36.303410 43.226616 20.183683
v 31.178131 47.649158 18.208012
v 34.607059 42.773037 21.174185
v 30.050749 47.707359 19.461754
v 33.382576 42.768681 22.501925
v 29.232092 48.226055 21.154467
v 32.534935 43.074039 24.178238
v 28.305536 48.319668 22.538361
v 25.774561 52.484600 17.947220
v 24.685680 52.652935 19.335035
v 23.437525 52.454983 20.557203
v 20.911915 56.439262 16.134367
v 19.575661 56.031216 17.391809
v 18.184744 54.998398 18.099342
v 22.139671 51.682308 21.196074
v 18.152470 53.713127 16.859344
v 21.938654 50.539894 20.095642
v 18.687929 52.881828 15.304422
v 22.521212 49.834732 18.596127
v 19.214571 52.096729 13.795173
v 23.133282 49.179707 17.109915
v 19.802935 51.277618 12.239223
v 23.698019 48.379932 15.601456
v 20.917982 50.764744 10.410066
v 24.796553 47.831303 13.750420
v 22.461031 50.799366 8.674850
v 26.297485 47.929161 12.110703
v 23.679237 50.818718 7.268438
v 27.657310 48.130447 10.799374
v 24.879431 50.897732 5.884553
v 28.795816 48.131451 9.529997
v 32.236549 44.558434 12.887889
v 30.077887 48.852783 8.695930
v 33.585121 45.095375 12.078377
v 36.578892 40.587746 14.980942
v 34.759907 46.187790 12.188792
v 31.056295 50.214897 8.828435
v 31.198294 51.522209 9.882540
v 27.270561 53.592339 5.201501
v 27.306749 55.124737 6.473637
v 26.663355 56.079666 8.214234
v 30.624966 52.287270 11.313828
v 25.690653 56.461449 9.956829
v 29.702517 52.497807 12.793447
v 24.578312 56.396828 11.410303
v 28.524290 52.369678 14.107723
v 23.274092 55.913216 12.580095
v 27.292288 51.900665 15.135878
v 23.012459 56.120457 13.214583
v 26.526306 51.995621 16.332108
v 22.184242 56.500702 14.638599
v 18.185600 58.052952 10.142262
v 17.421030 58.411060 11.537418
v 16.544434 58.435925 12.892753
v 13.446881 59.888020 9.178077
v 12.793867 60.014179 10.418377
v 11.982950 59.970970 11.679636
v 15.451797 58.255566 14.147697
v 11.234934 59.268951 12.147798
v 14.402857 57.489223 14.820242
v 11.657755 58.686066 11.001916
v 14.679324 56.548634 13.605443
v 12.275072 58.244930 9.687450
v 15.259383 55.908047 12.125556
v 12.873759 57.689823 8.317807
v 15.763763 55.261322 10.639674
v 13.339755 56.895405 6.875395
v 16.225666 54.499352 9.058206
v 14.153836 56.401550 5.298377
v 17.226707 53.973034 7.367092
v 15.133057 56.427979 4.013033
v 18.500408 53.990314 5.907867
v 16.056616 56.780975 2.938468
v 19.585979 54.174118 4.685180
v 16.740730 56.720268 1.750672
v 20.463600 54.049282 3.319134
v 17.503038 56.870308 0.646623
v 21.586346 54.715225 2.301228
v 26.289293 51.848412 4.953625
v 22.408844 56.121010 2.424721
v 18.135220 57.904934 0.435569
v 17.969206 58.819054 1.417880
v 22.468822 57.340935 3.595978
v 17.381903 59.220028 2.596322
v 21.903349 58.013638 5.098426
v 16.638540 59.299881 3.834610
v 20.991337 58.253895 6.535567
v 15.789537 58.986481 5.034389
v 20.015738 58.056618 7.903042
v 14.832895 58.730339 6.292287
v 18.908834 57.505154 9.008424
v 14.152721 59.417179 7.707905
v 12.358178 60.101971 4.656749
v 11.827909 60.717731 6.114978
v 11.047522 61.235394 7.588559
v 10.255417 61.447968 8.693501
v 7.082918 62.868156 7.772193
v 9.356621 61.478943 9.743384
v 6.174115 62.220257 8.043525
v 8.583452 60.781849 10.089108
v 9.043889 60.258160 9.009805
v 9.770662 59.909393 7.795576
v 10.546847 59.329407 6.524757
v 9.010200 60.151512 3.559457
v 10.999123 58.655746 5.160981
v 9.595753 59.886822 2.248810
v 11.673438 58.267273 3.683645
v 10.356574 59.925648 1.205616
v 12.473884 58.338219 2.482854
v 13.322470 58.673836 1.490823
v 14.092534 58.774258 0.363634
v 14.610241 58.557701 -0.744246
v 12.798523 60.665195 -2.645957
v 15.322185 59.343849 -1.177312
v 13.030235 61.483295 -1.667650
v 15.252125 60.183071 -0.249133
v 12.602126 61.786282 -0.200806
v 14.680628 60.565594 1.051470
v 11.814108 61.743393 1.152004
v 13.938386 60.602283 2.271216
v 11.145874 61.361504 2.193314
v 13.119412 60.271828 3.382060
v 10.484620 61.251427 3.455823
v 9.308929 62.441113 1.165902
v 8.765912 62.360832 2.569632
v 7.699993 63.437199 0.262376
v 7.141843 63.422768 1.853201
v 6.484193 64.180611 -0.436670
v 5.880008 64.173523 1.401497
v 5.628936 64.347061 3.221495
v 5.374918 63.679520 1.275188
v 5.182583 63.854874 3.080398
v 5.025486 63.404224 5.283311
v 5.753199 63.993694 5.342729
v 6.130090 62.729660 1.613878
v 6.078878 63.527546 -0.537848
v 6.813828 62.491417 0.118396
v 7.971045 61.298229 1.037562
v 7.366470 61.530636 2.288597
v 7.793771 62.562195 -0.914546
v 8.752535 61.356705 0.050752
v 7.317232 63.695133 -1.718928
v 8.809461 63.385113 -2.632102
v 10.387308 61.973618 -3.314725
v -7.588216 96.380501 -17.005648
v -15.581356 97.983543 -13.738276
v -9.194386 91.584740 -20.268116
v -15.076759 86.706459 -16.865736
v -12.867355 86.566216 -14.631235
v -12.580441 99.570076 -15.773950
v -10.206059 87.291588 -15.888437
v -10.621286 98.590355 -18.190979
v -7.190393 95.002594 -17.187584
v -7.825370 95.056458 -18.705994
v -8.099663 96.676376 -18.011120
v -7.685320 96.849327 -15.940233
v -7.166183 94.969635 -15.550009
v -8.393246 97.719971 -17.021553
v -15.630250 98.450256 -14.988431
v -17.027037 96.605751 -15.318042
v -16.476059 96.368118 -13.388786
v -14.454559 98.242348 -12.918861
v -14.062255 99.213348 -14.581261
v -15.043072 96.219589 -11.956414
v -8.425817 90.964447 -19.491058
v -9.994314 89.255905 -19.998947
v -10.842439 90.682228 -20.810812
v -9.092106 93.090538 -20.288712
v -7.786219 92.976501 -19.096706
v -11.123597 92.868294 -21.042694
v -16.242153 88.206017 -16.530758
v -15.781409 88.608734 -18.323158
v -14.463533 86.681038 -18.057186
v -14.423929 86.218948 -16.037769
v -15.726927 87.865585 -14.919203
v -13.190989 85.909370 -17.289585
v -11.979880 86.559341 -15.090460
v -11.904953 87.997429 -13.595209
v -13.314531 87.791985 -13.274162
v -13.510592 86.179985 -15.271276
v -12.373890 85.984871 -16.294722
v -14.653022 87.683861 -13.746597
v -13.573943 99.285606 -16.216337
v -12.612955 99.463600 -14.186267
v -11.718269 99.518494 -16.254946
v -12.604955 99.103630 -17.264889
v -11.162181 99.417664 -14.305913
v -9.540941 88.212143 -15.394896
v -10.650810 88.191772 -14.286145
v -11.000608 86.920410 -15.467325
v -10.131806 87.071487 -17.160799
v -8.887041 88.187256 -17.017103
v -11.277596 86.362083 -16.918898
v -9.814393 98.749161 -17.343603
v -9.371475 97.977295 -18.264956
v -10.746250 98.052353 -18.940271
v -12.198081 98.176109 -18.730333
v -11.508077 98.856598 -17.888601
v -10.657022 99.278976 -16.668257
v -9.837390 99.068489 -14.924222
v -8.905271 98.483864 -15.909572
v -8.195457 97.262077 -14.496042
v -9.291850 97.655975 -13.276320
v -9.236145 95.251648 -12.538349
v -7.881845 95.007904 -13.898746
v -10.864841 98.038589 -12.438965
v -11.019961 95.628593 -11.613501
v -11.430009 92.937912 -11.821439
v -9.555651 92.590904 -12.803235
v -12.755199 98.251122 -12.281860
v -13.064306 95.955093 -11.291488
v -13.452617 93.281044 -11.416184
v -13.619269 90.395576 -12.085153
v -11.794023 90.293983 -12.502254
v -15.455390 93.528023 -11.943426
v -15.346574 90.424759 -12.634402
v -16.931915 93.729416 -13.474588
v -16.605137 90.579712 -14.070142
v -17.513466 94.064140 -15.646768
v -17.211468 90.931206 -16.085636
v -16.871674 94.485779 -17.826786
v -16.668434 91.418327 -18.219027
v -15.300725 94.857422 -19.493950
v -15.286342 91.972862 -19.914484
v -14.564358 89.172501 -19.830240
v -13.289321 87.226959 -19.357677
v -13.316371 92.488823 -20.923965
v -12.836298 89.890518 -20.748856
v -11.721946 88.079567 -20.049202
v -10.593224 87.278496 -18.719128
v -11.966009 86.376961 -18.239464
v -9.149147 88.523293 -18.664791
v -7.806624 90.363838 -18.173288
v -7.794394 90.001419 -16.483227
v -7.121603 92.725655 -17.619453
v -7.146906 92.498749 -15.889456
v -8.019866 92.423897 -14.197763
v -8.667955 89.955505 -14.813149
v -10.099143 90.103310 -13.461841
v -13.222820 95.110901 -20.458464
v -11.095450 95.196709 -20.644192
v -12.820291 96.974251 -19.628656
v -10.941184 96.939026 -19.861252
v -9.209641 96.826416 -19.248140
v -9.154936 95.131119 -19.998276
v -14.702546 96.975395 -18.780567
v -13.740763 98.336082 -17.994898
v -16.332335 96.841438 -17.296719
v -15.055784 98.508209 -16.679926
v 23.306149 -7.048603 -16.157787
v 15.133562 44.921036 -30.571901
v -1.271838 59.774342 15.632443
v -9.888646 56.974098 -19.324831
v -5.401669 -11.222078 -1.617875
v -23.524994 54.012527 -11.200477
v 20.110674 53.125484 18.872442
v -22.847223 -5.568315 -22.324490
v 3.028916 -8.677263 25.120573
v 14.175352 56.093643 -18.506298
v 19.795357 -7.715942 -18.573387
v 23.534258 -4.442262 -24.182083
v 27.853493 -4.370170 -18.630003
v 30.797245 -4.865601 -11.964660
v 24.358393 -8.070304 -11.382049
v 18.877684 -9.194236 -12.376102
v 10.105686 45.888813 -31.579189
v 11.680612 51.247860 -26.689312
v 17.952017 47.892986 -27.153530
v 16.761177 40.595764 -32.669735
v 9.990258 39.791870 -34.758202
v 22.660465 42.226696 -28.782272
v -4.019579 60.347301 13.501872
v -7.858320 57.109142 19.940861
v -2.281609 57.064339 21.394667
v 2.787009 60.394009 13.646944
v 1.340329 61.608906 9.258772
v 3.718854 57.368961 20.609367
v -10.855967 54.629803 -22.823591
v -15.082589 54.406319 -20.926716
v -12.248268 57.527763 -16.792086
v -6.952482 60.341972 -12.287592
v -4.651977 58.760670 -17.528223
v -3.847907 56.016853 -22.754818
v -5.282466 -11.168320 -4.866409
v -0.559777 -11.256935 -3.918778
v -2.395617 -11.276416 0.163539
v -9.100575 -11.064082 0.651389
v -10.838244 -10.901385 -3.366716
v -6.213477 -11.164867 4.409794
v -21.485210 54.450733 -13.991870
v -24.776915 50.690731 -17.113125
v -26.592751 51.235901 -12.052493
v -27.006720 52.343548 -6.370666
v -22.511869 55.653156 -7.385537
v -18.513241 57.433140 -9.669767
v 21.272892 54.594723 14.069670
v 15.650028 56.861065 15.522206
v 16.386890 53.660557 21.258186
v 23.679520 49.107819 21.202536
v 26.894831 50.099045 14.148739
v 18.793472 48.267826 26.330076
v -19.141825 -6.474420 -23.491194
v -18.732124 -8.254201 -17.318476
v -24.109386 -6.397257 -17.405155
v -29.063187 -3.467791 -18.773336
v -25.403576 -3.117294 -24.712626
v -20.098991 -3.191764 -27.837204
v -1.776896 -9.051485 23.693264
v 2.714309 -9.824441 18.625757
v 7.745347 -8.681029 22.570749
v 11.939564 -5.896286 28.229307
v 3.873341 -6.701867 30.457655
v -4.436927 -6.717299 30.222231
v 4.320646 56.869900 -21.301456
v 2.290663 60.033241 -14.802992
v 8.955223 60.396851 -10.706464
v 3.819849 52.356911 -27.437630
v 13.383685 60.304729 -4.786118
v 20.260376 56.436184 -10.008179
v 26.460003 50.874058 -13.383792
v 22.154469 50.541130 -21.219389
v 31.011871 44.430965 -14.657932
v 27.362671 43.772198 -23.072058
v 34.406502 37.637272 -14.937718
v 30.982006 36.260872 -23.665232
v 25.507605 35.231873 -30.206860
v 32.882332 29.017368 -23.210655
v 27.129534 28.095551 -30.504900
v 19.538567 27.023962 -35.434525
v 18.312140 33.966812 -34.512493
v 11.093382 25.933636 -37.493267
v 10.474545 32.976112 -36.688652
v 2.919586 25.697567 -38.801960
v 2.846565 32.844643 -37.951824
v 2.839563 39.881256 -35.869961
v -4.989735 32.644314 -37.786949
v -4.652549 39.700939 -35.765030
v -4.228420 46.318329 -32.413082
v 3.131076 46.530678 -32.385143
v -3.848128 51.912655 -27.889589
v -11.529764 45.559505 -31.383020
v -11.067257 50.812191 -27.349237
v -18.610872 45.221703 -29.057558
v -17.033789 50.352074 -25.114855
v -24.244335 45.591896 -24.730299
v -21.603693 50.731899 -21.493935
v -18.570980 54.599907 -17.596891
v -15.100693 57.946323 -13.100975
v -10.858855 60.553944 -7.973085
v -15.471709 59.641891 -4.241223
v -12.848990 60.713291 1.251104
v -6.913415 61.948914 -3.130169
v -21.245586 57.109543 -1.492339
v -19.580343 57.760826 4.786329
v -26.586275 53.332989 0.269968
v -25.209970 53.675774 7.570262
v -22.352365 53.419525 15.274063
v -17.079676 57.692844 11.246817
v -10.475080 60.880104 6.542980
v -13.131429 57.267738 16.749311
v -7.599519 60.606491 10.915603
v -0.904678 62.235119 5.479417
v -3.619746 62.410347 1.342491
v 6.108976 62.166672 0.456669
v 2.890152 62.282825 -4.271992
v -1.690280 61.776707 -8.352442
v 7.910464 61.526478 5.725719
v 15.401073 59.841110 1.737196
v 15.798008 58.812351 8.812355
v 22.748348 55.657780 6.543708
v 22.662565 56.221607 -1.916461
v 8.905512 60.196190 11.547320
v 9.724713 57.570648 18.204103
v 4.180489 53.016464 27.392340
v 10.847569 53.367332 24.783350
v 4.448176 47.333572 33.167732
v 12.263240 47.669487 30.300966
v 4.614826 40.278629 36.903721
v 13.257983 40.931816 33.904755
v 20.955826 41.818981 29.425098
v 14.159709 33.545540 35.853416
v 22.619394 34.700039 31.096926
v 29.617023 35.955524 24.148699
v 27.211077 42.961529 23.123865
v 34.037724 37.581722 15.213466
v 31.084850 44.288887 14.820400
v 35.994263 38.949768 5.309893
v 32.888763 45.348839 5.343999
v 28.523426 51.040119 5.464400
v 32.886173 45.401020 -4.816499
v 28.567410 51.172398 -4.067915
v 36.142696 39.045525 -5.007587
v 38.554295 32.120388 5.171799
v 39.026096 32.311493 -4.955038
v 36.740860 30.570709 -14.432483
v 41.825588 24.699875 -4.662891
v 38.830254 23.186623 -13.928939
v 34.404041 21.926659 -22.744978
v 39.274670 15.440793 -13.415339
v 34.787861 14.666899 -22.046991
v 29.113735 14.106835 -30.135153
v 28.386328 21.113485 -30.466446
v 20.793745 13.091016 -35.132164
v 20.476002 20.033817 -35.768803
v 11.524429 12.398623 -36.493324
v 11.523295 18.990795 -37.591534
v 2.816394 12.205828 -37.461006
v 2.944280 18.793215 -38.579815
v -5.445250 12.242023 -37.214825
v -5.399607 18.710524 -38.313274
v -5.232380 25.532152 -38.575760
v -13.958755 18.780903 -37.546528
v -13.403289 25.551146 -37.150208
v -12.768353 32.394592 -36.216957
v -21.853867 26.188879 -34.491158
v -20.992006 32.758793 -33.738121
v -19.831598 39.328209 -31.914953
v -12.130254 39.229607 -34.438942
v -27.979313 33.161068 -28.524302
v -26.317368 39.592667 -27.153944
v -32.791515 33.834019 -21.427977
v -31.019663 40.212536 -21.092941
v -28.071697 45.772415 -19.564257
v -33.316509 41.203087 -13.338455
v -30.261360 46.559166 -12.790191
v -34.433483 42.447720 -5.481136
v -31.140194 47.798126 -5.822728
v -34.418018 43.030704 2.985317
v -31.006393 48.575611 1.732874
v -32.934555 42.693741 12.043661
v -29.616152 48.607536 10.176095
v -29.225857 41.840477 21.178028
v -26.378954 48.162880 18.720890
v -22.477007 40.999893 28.773642
v -20.362417 47.552704 25.912685
v -17.161566 52.963688 21.776430
v -12.644262 47.044571 30.626915
v -10.620592 52.655548 25.828325
v -4.231397 47.110001 33.380272
v -3.323572 52.726082 27.907608
v -13.948066 40.366585 33.837154
v -4.821761 40.093918 36.926125
v -14.988992 33.044998 35.660172
v -5.207160 32.354931 38.285290
v 4.738019 32.530674 38.310162
v -5.547166 24.949373 39.296803
v 4.894692 25.071997 39.325886
v 15.008412 26.113346 37.098030
v 4.989435 17.814432 39.651035
v 15.468845 18.790684 37.201508
v 24.882820 20.292355 32.111237
v 23.891630 27.422764 31.865070
v 32.577145 21.835522 24.423094
v 31.177488 28.806620 24.311996
v 38.129917 23.517794 15.120358
v 35.968487 30.566422 15.050239
v 41.353638 24.856646 5.320147
v 39.346584 15.958715 15.126847
v 41.927650 16.616877 5.344609
v 42.248024 16.248770 -4.309118
v 40.960785 8.318654 5.273730
v 41.072960 7.903866 -4.063710
v 38.268723 7.609350 -12.893548
v 38.284977 0.030691 -3.876829
v 35.702362 0.310083 -12.417789
v 32.072292 0.607715 -20.328880
v 34.028610 7.402048 -21.212429
v 26.868517 0.498213 -27.435587
v 28.986773 6.933500 -29.473944
v 18.959045 0.403185 -31.327940
v 20.300489 6.376096 -33.938744
v 10.375038 -0.014150 -32.516819
v 11.090642 6.035086 -34.981529
v 2.223289 -0.356320 -33.122978
v 2.526746 5.865213 -35.453308
v -5.628246 0.014511 -33.045193
v -5.436486 6.039401 -35.335407
v -13.494271 0.716531 -32.600891
v -13.876012 6.396216 -34.877625
v -14.066395 12.435009 -36.296581
v -22.639376 6.877961 -33.314644
v -22.886763 13.161134 -34.182114
v -22.585094 19.628559 -34.740616
v -30.499958 13.838982 -28.728603
v -30.001196 20.321907 -28.924131
v -29.111593 26.695465 -28.891674
v -35.466381 20.912960 -21.255032
v -34.332150 27.423830 -21.373857
v -39.495602 21.805040 -12.956114
v -37.792656 28.711802 -13.147269
v -35.482269 35.110229 -13.351495
v -39.918674 30.253210 -4.830745
v -37.122082 36.622871 -5.147021
v -39.457893 30.466288 4.128685
v -36.913277 36.956425 3.663703
v -36.950024 29.352098 13.460811
v -35.271248 36.132263 13.049889
v -32.339890 27.905191 22.900143
v -31.153404 34.879200 22.480869
v -25.059742 26.760105 31.093872
v -23.972849 33.915180 30.358650
v -15.893831 25.727200 36.807133
v -25.935596 19.797516 31.394440
v -16.369627 18.490473 36.845730
v -5.776491 17.716007 39.574940
v -16.640131 11.431275 36.687840
v -5.975907 10.646119 39.443985
v 5.101918 10.704811 39.612362
v -5.962614 3.671934 38.220303
v 5.056293 3.697352 38.462551
v 15.627460 4.601121 35.968338
v 15.739574 11.680844 36.937744
v 25.795061 5.712865 31.378054
v 25.918228 13.058950 32.361958
v 33.073467 7.268861 23.351919
v 33.622116 14.618377 24.425264
v 38.135895 8.210143 14.453907
v 30.368017 0.374133 21.303396
v 34.702389 0.960905 13.280168
v 37.978100 0.435681 5.076894
v 29.081505 -4.911326 11.317965
v 32.191212 -5.591437 4.187478
v 32.877480 -5.786934 -3.941901
v 24.979891 -9.093735 2.132493
v 25.934692 -8.945256 -4.603258
v 17.674322 -10.161664 -0.968551
v 18.883877 -9.981919 -6.445834
v 11.446370 -10.830481 -4.065955
v 12.689895 -10.452508 -9.271774
v 13.633960 -9.695086 -14.768661
v 6.948758 -10.693796 -11.778853
v 7.858370 -9.836653 -17.223164
v 8.904802 -8.464815 -23.189028
v 15.193772 -8.223069 -21.214195
v 9.742075 -5.156176 -28.539436
v 17.158836 -4.667072 -27.272360
v 1.557833 -8.605983 -24.377949
v 1.919758 -5.332519 -29.179592
v -6.061579 -8.171104 -24.654230
v -5.927144 -4.900242 -29.304825
v -13.220510 -7.394209 -24.317083
v -13.386980 -4.040808 -29.038366
v -21.421646 1.179620 -31.020432
v -28.432640 1.348043 -26.796572
v -30.316969 7.249034 -28.214678
v -32.755825 1.152998 -19.699266
v -34.527935 7.453039 -20.206430
v -35.377132 14.163993 -20.765394
v -38.466537 7.365040 -12.316408
v -39.584274 14.640615 -12.686722
v -40.972275 7.425263 -3.883121
v -42.231506 15.197511 -4.118410
v -42.191944 22.987856 -4.452964
v -42.073029 15.538205 4.921238
v -41.865353 23.298834 4.691395
v -39.632523 15.042865 14.229478
v -38.852749 22.435537 14.002982
v -34.349308 13.963053 23.497316
v -33.632622 21.099554 23.382753
v -26.776348 12.614594 31.665497
v -33.420250 6.798563 22.572920
v -26.440388 5.389517 30.643978
v -16.503742 4.367671 35.618195
v -24.015450 -1.052235 27.812971
v -15.160519 -1.735468 32.541241
v -5.509150 -2.422210 35.104160
v -12.464729 -6.072326 27.645405
v 4.681898 -2.429348 35.382835
v 14.422164 -1.508889 33.010414
v 19.615921 -5.993628 24.398432
v 23.577578 -0.781821 28.517248
v 25.240437 -5.088094 18.154512
v 13.926954 -8.795812 19.143749
v 18.713875 -8.805843 14.340618
v 22.192755 -8.529442 8.322546
v 12.057717 -10.467374 9.961038
v 15.409327 -10.324428 4.663507
v 6.415637 -11.095891 6.205480
v 9.457854 -11.037624 1.159117
v 1.676614 -11.264574 3.052831
v 4.260730 -11.249808 -1.747046
v 5.886615 -11.099479 -6.668821
v 0.294278 -11.102306 -8.372905
v 0.770925 -10.671028 -13.379916
v -5.550977 -10.990370 -8.844013
v -5.808496 -10.515758 -13.748252
v -5.988201 -9.583319 -19.137711
v 1.130468 -9.762183 -18.732975
v -12.430312 -10.144539 -12.691898
v -12.811522 -9.068076 -18.462389
v -19.268742 -9.341660 -11.149953
v -11.895949 -10.633867 -7.847086
v -19.093636 -10.012748 -5.596135
v -26.635839 -8.802376 -4.017316
v -26.009493 -7.623747 -11.025477
v -33.292458 -5.531242 -3.528770
v -31.769760 -4.409344 -11.586382
v -38.352554 0.095694 -3.644076
v -36.057838 0.576809 -11.949274
v -32.241009 -5.536988 4.260265
v -37.922058 0.283577 4.949859
v -40.862507 7.702509 4.989768
v -34.701279 0.689754 12.856851
v -38.174923 7.609625 13.815165
v -30.473274 0.105066 20.648020
v -29.092850 -5.015543 11.071955
v -25.232313 -5.261986 17.627987
v -19.877584 -6.213452 23.645117
v -18.583172 -8.912702 13.814762
v -13.915188 -9.000959 18.277792
v -7.997051 -8.880568 21.559628
v -7.626267 -10.554685 12.724150
v -2.638604 -10.317283 15.747565
v -2.284952 -11.130912 7.776268
v 2.364475 -10.911489 10.923607
v 7.750281 -10.323411 14.442299
v -11.798828 -10.566608 9.029493
v -15.147120 -10.370200 4.441828
v -22.095009 -8.577767 8.220428
v -25.076323 -9.034336 2.436549
v -17.547611 -10.160965 -0.513570
v 2.544105 94.663597 -23.448509
v -10.155217 90.579079 -19.694450
v -6.533101 92.688568 -21.650660
v 10.679122 83.602127 -23.121834
v -17.222990 99.567375 -12.034668
v 1.433073 106.452408 12.161819
v -15.949898 84.942154 -19.672506
v 9.497066 69.222115 14.647697
v -2.649345 93.297577 21.836639
v 6.851525 97.988243 19.577753
v 20.525824 93.355743 -10.528048
v 14.541090 83.713730 -20.634050
v -12.602318 74.564468 17.390957
v 5.353039 96.566879 -21.306719
v 7.466730 91.153999 -21.786634
v 2.868148 90.675323 -24.236191
v -0.046840 96.368370 -23.171209
v 3.176836 100.128860 -19.530386
v -1.396047 91.190285 -24.693817
v -13.088655 93.398529 -17.013470
v -11.342999 97.733505 -17.474052
v -6.214654 84.643806 -24.048815
v -10.769721 86.088753 -21.461988
v -15.595883 89.049644 -19.047752
v -0.630701 83.643852 -26.088869
v -3.692283 99.272102 -19.881819
v 14.052803 87.182693 -20.711029
v 12.576723 80.837418 -22.288355
v 6.593610 78.499176 -24.509985
v 5.203834 83.535995 -25.013693
v 11.482046 93.002304 -19.053698
v -15.015975 99.899529 -14.400244
v -16.922338 94.581917 -14.573891
v -19.376348 94.679855 -12.218678
v -17.238514 100.990746 -8.619846
v -13.060960 103.597473 -11.016110
v -20.873873 94.384064 -8.067967
v 7.295870 105.052010 12.746449
v 12.153295 105.742027 6.054985
v 3.676651 108.775421 4.719877
v -5.635908 106.325890 11.238252
v -4.206863 102.699974 16.759796
v 3.644357 102.652763 16.918604
v -12.491068 81.468231 -21.409334
v -13.923240 77.905884 -19.512699
v -18.150105 83.565010 -18.096849
v -18.593729 88.976135 -16.317547
v 11.966556 72.455734 16.310789
v 6.280438 74.164543 19.376530
v 4.644870 68.839500 16.097687
v 10.502240 66.583389 9.615367
v 15.591832 70.254158 10.489051
v 3.816326 64.659508 9.747231
v -4.603247 89.176407 22.074556
v 2.060917 87.226074 22.275600
v 2.402117 92.932281 21.911106
v -4.143826 97.355400 20.456083
v -10.043337 92.535919 20.700451
v 2.249954 98.879669 19.941231
v 8.698331 92.504639 21.028406
v 14.897673 92.758606 19.173588
v 10.061317 99.635002 17.563570
v 20.784321 90.019852 -11.542205
v 18.047829 92.063385 -14.436548
v 18.393837 96.288994 -12.775563
v 17.654898 100.477913 -8.170558
v 21.011208 95.254654 -6.202276
v 22.429087 89.796928 -6.027139
v 16.329357 82.891251 -19.464502
v 13.246963 78.212471 -20.193291
v 16.748997 87.825478 -18.732857
v -13.265238 79.318832 19.195459
v -19.209818 80.110580 16.507788
v -16.218174 73.039070 14.000912
v -8.205132 71.749573 17.404036
v -6.835741 77.592468 20.515760
v -10.687115 67.817741 11.912914
v -19.263493 73.258713 8.344676
v -13.332668 66.802277 5.415747
v -5.343286 63.281750 3.269893
v -3.674942 64.972672 10.538477
v -2.030461 69.255272 17.005239
v -0.257167 75.566467 20.587582
v 8.300606 79.677887 20.716959
v 1.138338 81.376183 21.845720
v -5.858152 83.419212 21.731348
v -12.741413 86.044983 20.559912
v -13.429692 96.807587 18.047503
v -18.615704 88.822166 18.210693
v -15.872146 100.016151 13.097585
v -21.860880 91.062088 12.788902
v -22.639410 81.446472 11.059105
v -22.402184 92.542923 5.640285
v -23.387196 83.349350 4.169090
v -21.044264 74.747841 1.784937
v -23.219383 85.032837 -2.958881
v -21.300444 76.733093 -5.102350
v -15.909492 69.579895 -8.137683
v -15.240977 67.550461 -1.344734
v -7.436651 66.218208 -11.368802
v -6.664783 63.694519 -4.085456
v 1.116380 66.002487 -13.019305
v 2.122977 63.215569 -5.582341
v 3.071683 62.818317 2.140421
v 10.309002 65.263924 -5.752260
v 10.815969 64.902725 2.009342
v 17.286837 69.975525 -4.763312
v 17.218412 69.502724 2.929489
v 21.554417 76.436508 -2.716481
v 21.235582 75.648056 5.122188
v 19.481894 75.603310 12.541039
v 23.281923 83.268570 7.744840
v 21.710653 83.535942 14.956578
v 16.288275 84.472549 19.310148
v 14.827073 77.468086 17.903885
v 9.244851 85.802422 21.350649
v 19.946857 92.854866 15.355233
v 22.300453 91.881020 8.869159
v 18.369629 99.754692 7.992009
v 14.644720 100.506310 13.918104
v 23.069817 90.662498 1.358257
v 20.538473 98.019325 0.952187
v 15.676750 104.093025 -1.241764
v 13.042162 103.413460 -11.322968
v 9.516826 107.322273 -4.456142
v 8.091083 103.462341 -15.329349
v 4.327616 107.404091 -9.335968
v -1.308338 109.275818 -2.671925
v -0.318770 104.029053 -15.685207
v -5.309621 107.021095 -9.836123
v -11.315622 106.494308 -4.644713
v -9.062686 107.682182 3.163967
v -17.972891 101.746628 -1.716571
v -17.536148 101.503021 5.830819
v -22.196367 93.746292 -1.664778
v -22.046183 86.700493 -9.179037
v -20.749550 88.045494 -13.497411
v -19.729115 81.508522 -15.554914
v -20.559843 79.225090 -11.193121
v -15.115011 75.334854 -17.478062
v -15.974535 72.551323 -14.251490
v -8.299177 71.793045 -20.240986
v -8.086125 69.098106 -17.105692
v -0.166588 71.021858 -22.554255
v 0.231251 68.548012 -18.994682
v 7.920661 72.431313 -21.147951
v 8.207919 70.326805 -18.798964
v 8.980888 67.795303 -13.174024
v 15.177704 74.465858 -17.138975
v 16.122120 72.074753 -11.863784
v 19.370024 80.128349 -15.309792
v 20.299152 78.125961 -9.858853
v 20.487518 85.487022 -13.125351
v 22.156601 83.958885 -7.781009
v 23.373987 83.318977 -0.231956
v 18.110916 81.656578 -17.933981
v 19.038727 86.988808 -16.571718
v 14.784925 93.273155 -16.471277
v 10.366380 99.089233 -18.712503
v 14.861530 98.867882 -15.504349
v 14.609210 75.928085 -19.286160
v 7.313100 75.122070 -22.325708
v -0.371202 73.989296 -24.549946
v -0.428352 78.093292 -25.999392
v -7.178796 78.941536 -23.964682
v -7.969594 74.876465 -22.019819
v -8.634478 103.138634 -15.278335
v -18.932707 58.200336 -12.097749
v -13.546566 56.687607 -19.161451
v 0.373182 60.628048 22.015545
v -17.115118 62.222103 -11.325006
v -23.581938 56.391205 0.730235
v -13.590766 58.931953 -18.658932
v -15.250638 58.857586 -16.468489
v -5.536539 63.715485 20.539841
v -18.554081 58.179787 -12.588200
v -17.643623 59.942944 -13.223850
v 7.521595 59.845409 21.417776
v -17.191006 62.692795 -11.479550
v -23.165554 57.619057 7.556797
v -4.967537 60.073658 21.247345
v -6.302742 58.856369 20.851309
v -6.766170 59.003723 20.708872
v -5.531275 60.591541 20.891872
v 0.232824 61.335007 21.290937
v 0.586614 61.609669 21.808538
v -4.396620 61.245728 21.398006
v -18.885387 55.691082 -10.649529
v -19.964951 58.019337 -10.418313
v -19.194889 60.059635 -10.554003
v -13.948126 58.273964 -18.382982
v -12.445742 56.926094 -20.725388
v -5.313134 54.295132 -21.105288
v 6.646980 60.578686 20.996111
v 6.617169 61.410683 21.474571
v -17.033501 61.482666 -12.279382
v -18.338400 61.276787 -10.590309
v -19.679792 62.755173 -5.689186
v -20.119476 63.013458 -5.905233
v -23.356333 58.206783 0.838114
v -21.908161 55.986565 -5.192072
v -20.340328 54.453770 -4.541441
v -11.838902 57.880714 -21.392839
v -14.527180 59.412834 -17.169872
v -11.424126 59.076527 -21.389450
v -5.176433 65.253494 21.258686
v -9.315201 64.948959 19.299467
v -8.817976 64.111092 18.697634
v -8.512067 62.973976 19.290346
v -4.811519 62.576393 21.124374
v -14.007032 60.711277 -16.566816
v -13.414334 61.695972 -15.790792
v 12.418686 58.424149 19.074364
v 12.580441 57.356262 19.285072
v 12.998417 58.935841 19.814661
v 12.952300 60.510746 19.458069
v 14.279827 57.332844 19.247410
v -5.575356 54.210236 -23.677532
v -23.586782 59.182301 6.414004
v -13.148603 62.648552 -15.274347
v -18.169436 64.175774 -11.312403
v -14.018468 63.907600 -15.476971
v -8.063302 58.314919 20.318710
v -8.708727 57.995434 20.066933
v -21.108032 57.398247 11.042543
v -21.960728 59.010612 11.478336
v -17.386425 57.571091 15.399889
v -17.732924 59.030060 15.563022
v -17.969452 60.680454 15.597717
v -22.271166 60.912174 11.690557
v -23.076633 60.798767 6.414377
v -22.515787 59.954521 0.635368
v -21.404402 62.504704 11.328185
v -21.959578 62.339802 6.171420
v -21.363707 61.669804 0.484504
v -20.532766 60.468517 -5.408000
v -21.349449 58.468586 -5.353610
v -21.204536 64.187492 5.943255
v -20.928432 63.700184 0.128743
v -19.863834 62.157707 -5.523142
v -20.700060 64.059624 0.135283
v -20.867596 64.591019 5.781393
v -21.682291 64.817924 5.775611
v -21.485613 64.139435 0.026793
v -23.471012 66.034630 5.771901
v -23.351690 65.324516 -0.449561
v -21.413382 64.551773 -6.505373
v -24.399012 67.041878 -0.799878
v -22.048820 66.190575 -6.752618
v -18.752119 65.594322 -11.501225
v -14.484508 65.170502 -15.908652
v -22.401011 67.926407 -7.041648
v -18.981159 67.076904 -11.822502
v -14.512573 66.469353 -16.252243
v -9.472576 66.141716 -19.421118
v -9.375368 65.085503 -19.355919
v -18.864653 68.530762 -11.993464
v -14.490066 67.809525 -16.416365
v -9.547980 67.531334 -19.477547
v -4.046396 67.655815 -21.392088
v -3.836050 66.266388 -21.051405
v -14.385014 69.102859 -16.386639
v -9.574139 68.872643 -19.423315
v -4.254811 69.061920 -21.454245
v 1.833289 69.585777 -22.015642
v 1.924270 68.088181 -22.172791
v -9.478404 70.285843 -19.025845
v -4.368999 70.485283 -21.168119
v 1.789828 70.978157 -21.735926
v 8.090341 70.913284 -20.611891
v 8.098207 69.627411 -20.870842
v -4.373396 71.368774 -20.727562
v 1.786654 71.975708 -21.357731
v 8.017568 71.876190 -20.162928
v 13.319914 72.011642 -17.541517
v 13.711755 71.055077 -17.971107
v 16.936964 72.594803 -13.092685
v -12.344070 57.471237 18.469088
v -12.674904 58.729828 18.512304
v -8.334935 60.125648 20.274603
v -12.854474 60.382832 18.240307
v -8.537240 61.557350 20.075590
v -12.901964 61.864555 17.797379
v -18.050596 62.343849 15.471012
v -12.864536 63.469059 17.048826
v -17.735199 63.988644 14.871667
v -20.465284 64.034775 10.935444
v -17.628759 64.575912 14.396529
v -20.335548 64.504288 10.573418
v -17.967461 65.443092 14.729981
v -20.740515 65.330086 10.751588
v -18.758154 66.655731 15.522342
v -22.124859 66.302658 11.390597
v -19.307131 68.084312 16.048527
v -22.844168 67.899727 11.649886
v -24.632614 67.587730 5.769716
v -23.136255 69.673958 11.746726
v -25.168661 69.393143 5.737918
v -25.126019 68.897102 -1.147517
v -25.132713 71.240799 5.706067
v -24.844816 70.815369 -1.281772
v -22.307882 69.732094 -7.315957
v -24.311121 72.464592 -1.208454
v -21.692200 71.467064 -7.298492
v -18.488144 69.973587 -12.126967
v -20.759146 72.855766 -7.105170
v -17.842516 71.363304 -12.118367
v -14.056758 70.452965 -16.030737
v -17.509253 71.229271 -11.842095
v -13.776017 70.424316 -15.810440
v -9.188738 70.527878 -18.540106
v 18.267765 56.850216 16.113380
v 23.401985 55.546337 12.502393
v 22.982388 54.102699 12.649052
v 17.988564 55.522255 16.300520
v 24.124035 54.670349 13.324885
v 18.692438 56.265888 17.389227
v 24.844431 56.292717 13.345462
v 19.099257 57.951595 17.320559
v 24.987371 58.034061 12.880929
v 19.362804 59.626240 16.823444
v 24.434162 59.822800 12.179914
v 19.491060 61.338810 15.844848
v 13.410125 62.292103 18.727699
v 7.004477 62.836105 20.670332
v 19.031620 63.191841 14.503905
v 13.155914 63.649494 17.963812
v 7.165733 63.901829 20.359106
v 0.747918 64.172943 21.193548
v 0.552661 62.893661 21.453394
v 13.268434 65.187355 18.298836
v 7.295383 65.058846 20.976706
v 0.958772 65.448883 21.951033
v 7.606593 66.821762 21.975309
v 1.096139 66.897758 22.723515
v -5.022843 66.552055 21.960749
v -9.507383 66.689865 19.917137
v 1.082830 68.711571 23.121126
v -4.969927 68.154755 22.323519
v -9.750896 68.211723 20.530563
v -14.467559 68.221642 18.621166
v -14.159947 66.685966 18.172209
v -4.882894 69.736046 22.473331
v -9.914892 69.790092 20.976028
v -14.657344 69.795929 18.803041
v -19.579620 69.758171 16.273529
v -9.880652 71.254272 20.926575
v -14.726913 71.318787 18.788195
v -19.343653 71.484138 16.054285
v -23.013266 71.513329 11.668582
v -14.404248 72.798653 18.323263
v -18.693455 73.188301 15.507440
v -22.234312 73.233749 11.221494
v -24.627323 72.871490 5.557127
v -17.596390 74.121727 14.531435
v -20.698627 74.002190 10.357125
v -23.032364 73.739426 5.130816
v -22.997824 73.841629 -0.914492
v -19.226677 73.123436 9.645097
v -22.167015 73.191040 4.972363
v -21.901482 72.994751 -0.722180
v -19.517839 72.283333 -6.432555
v 22.725298 54.230438 -0.583077
v 24.704378 54.521019 5.907890
v 23.029243 52.870026 -0.826137
v 24.519968 53.002975 6.140282
v 23.621656 54.083828 -0.936048
v 25.752703 53.600277 6.024096
v 23.989782 55.810532 -0.870912
v 26.179449 55.259827 5.923740
v 24.083649 57.605885 -0.665654
v 26.100195 57.102608 5.891554
v 23.767241 59.701191 -0.458030
v 25.570808 59.224979 5.926075
v 23.104174 61.465721 -0.528176
v 24.145182 61.528095 5.651339
v 23.133810 62.095921 10.918087
v 22.998949 63.649029 5.243706
v 22.388393 63.815609 10.213779
v 18.942011 64.936401 14.565060
v 23.540844 66.441513 10.337908
v 19.224449 67.004158 15.106312
v 13.977301 66.823647 19.490240
v 19.564604 69.293129 15.438734
v 14.004580 68.976524 19.719212
v 8.033449 68.956947 22.400177
v 13.820864 71.181297 19.378351
v 7.989771 70.947037 22.233145
v 1.116642 70.178566 23.151772
v 7.658535 72.641884 21.718683
v 1.067161 71.753349 22.832285
v -4.770760 71.219284 22.400566
v 0.968538 73.035957 22.162960
v -4.668069 72.580109 21.877813
v -9.689200 72.590233 20.436214
v -4.427610 73.389343 20.771935
v -9.240967 73.548828 19.270456
v -13.681994 73.905457 17.282732
v -8.836731 72.823174 18.058817
v -13.073555 73.305817 15.998070
v -16.778351 73.547379 13.859451
v 13.584433 56.301411 -19.370518
v 17.787498 55.117874 -13.847500
v 20.461315 54.287144 -7.190951
v 17.983578 54.644329 -14.015193
v 21.016987 53.481071 -7.556413
v 18.324087 55.970909 -13.992174
v 21.556616 54.921333 -7.568748
v 18.440054 57.451412 -13.828579
v 21.661348 56.533665 -7.380333
v 18.287594 58.849293 -13.509002
v 21.571634 58.058243 -7.126394
v 17.838846 60.092205 -12.999030
v 21.282522 59.623474 -6.883052
v 17.525242 61.551369 -12.565264
v 20.916258 61.041550 -6.819632
v 18.064417 63.052124 -12.897363
v 21.467257 62.658989 -7.140129
v 23.026302 63.378143 -0.941065
v 22.480730 65.268593 -7.691074
v 23.693499 65.805061 -1.308021
v 24.400539 65.813248 4.911372
v 24.338806 68.685394 -1.811368
v 25.028975 69.077095 4.632773
v 23.773804 69.511108 10.410847
v 24.621374 71.338120 4.433573
v 23.278727 71.595284 10.341760
v 19.166952 71.274918 15.134045
v 22.251820 73.184280 9.892417
v 18.356113 72.899513 14.458958
v 13.406411 72.866173 18.670385
v 17.395033 74.209015 13.607199
v 12.661851 74.155785 17.512882
v 7.144509 73.856339 20.651247
v 11.814603 74.613091 16.240896
v 6.570696 74.348663 19.418175
v 0.829499 73.665016 21.043549
v 6.766555 73.404625 19.587633
v 0.998221 72.797195 21.077635
v -4.269561 72.498909 20.333960
v -18.041576 59.132626 -10.380082
v 19.744026 73.345543 8.496894
v 21.559975 74.871918 3.772037
v 21.210236 74.645149 -1.959524
v 19.129942 73.673317 -7.796975
v 22.441433 73.860283 -2.160397
v 20.313768 72.844254 -8.117230
v 17.900740 71.826096 -13.510518
v 21.264994 71.371384 -8.265118
v 18.708069 70.438759 -13.633483
v 14.036209 69.743095 -18.293970
v 19.209530 68.909744 -13.656410
v 14.205863 68.633820 -18.418993
v 8.086882 68.290619 -20.995161
v 14.224580 67.173111 -18.299822
v 8.080941 66.890686 -20.966951
v 2.006007 66.584473 -21.918364
v 8.034997 65.291534 -20.765903
v 2.118676 64.887970 -21.433023
v -3.867067 64.990410 -20.369253
v 2.096020 63.647560 -20.941967
v -4.117547 63.642670 -20.339882
v -9.132229 63.795021 -19.178442
v -4.360712 62.759872 -21.611605
v -9.066015 62.687920 -19.459745
v -4.730436 61.229729 -23.427511
v -9.732269 61.560997 -20.296518
v -5.147254 59.650948 -24.755333
v -10.598355 60.267853 -20.951155
v -5.446970 57.946796 -25.463848
v 2.120622 58.367744 -24.312515
v 2.116734 56.863037 -24.160694
v -5.544393 55.952538 -25.364553
v 2.094542 59.820896 -23.817144
v 8.445045 60.123398 -21.984463
v 8.439774 58.759476 -22.469219
v 1.776387 61.111267 -22.893610
v 8.201534 61.429565 -21.306036
v 13.546451 60.966858 -17.903336
v 13.892052 59.766975 -18.581785
v 1.755774 62.340839 -21.628006
v 8.029665 62.239639 -20.762579
v 13.426781 62.264286 -17.434219
v 7.954895 63.738167 -20.472090
v 13.797925 63.668297 -17.587931
v 14.044932 65.430992 -17.942186
v 19.042643 64.994148 -13.573912
v 19.354431 67.149605 -13.697104
v 22.487396 67.757324 -8.041687
v 22.032524 69.628311 -8.261769
v 23.950569 70.736687 -2.042367
v 23.291067 72.345497 -2.142295
v 23.882826 72.921715 4.211133
v 22.961103 74.290184 3.990758
v 21.118307 74.357529 9.260756
v 19.742008 74.853172 8.450959
v 16.315569 74.834511 12.469481
v 16.248699 73.212593 12.370915
v 11.861753 73.323753 16.215204
v 14.034684 58.486866 -19.071283
v 13.947076 57.165882 -19.398247
v 8.351607 57.370102 -22.546688
v 13.723180 55.977207 -19.488472
v 8.336484 56.181080 -22.206234
v 2.047381 55.732147 -23.198259
v 8.108451 56.388729 -21.335991
v 2.098596 55.538536 -21.530127
v -13.617083 65.396858 17.211985
v -12.902355 64.292450 16.582901
v -20.612978 55.916130 -9.512239
vt 0.555503 0.432588
vt 0.748517 0.795952
vt 0.609634 0.108263
vt 0.659887 0.469766
vt 0.690401 0.786802
vt 0.637676 0.085275
vt 0.623359 0.443344
vt 0.567884 0.435962
vt 0.563438 0.447676
vt 0.544449 0.436998
vt 0.555267 0.425406
vt 0.570167 0.427339
vt 0.537987 0.426333
vt 0.726386 0.797762
vt 0.731793 0.785405
vt 0.754948 0.786327
vt 0.748957 0.805458
vt 0.722743 0.810027
vt 0.770035 0.793740
vt 0.615049 0.097841
vt 0.634902 0.101766
vt 0.623787 0.109259
vt 0.600196 0.126490
vt 0.585081 0.118913
vt 0.589919 0.100760
vt 0.675888 0.466179
vt 0.666374 0.490010
vt 0.645272 0.488946
vt 0.626153 0.482043
vt 0.651062 0.462752
vt 0.663625 0.101336
vt 0.679602 0.794289
vt 0.668562 0.784192
vt 0.686026 0.779846
vt 0.705441 0.785270
vt 0.702444 0.798289
vt 0.709565 0.776734
vt 0.652492 0.089446
vt 0.644107 0.094489
vt 0.626511 0.090881
vt 0.711208 0.487698
vt 0.688267 0.489346
vt 0.732340 0.483634
vt 0.653101 0.142137
vt 0.637912 0.135274
vt 0.653620 0.120133
vt 0.668644 0.139467
vt 0.632665 0.452551
vt 0.611067 0.454295
vt 0.607792 0.440684
vt 0.628906 0.437699
vt 0.644706 0.444728
vt 0.610197 0.432694
vt 0.588361 0.439728
vt 0.589672 0.430053
vt 0.591432 0.422836
vt 0.612534 0.426169
vt 0.631903 0.430945
vt 0.650398 0.438765
vt 0.614635 0.419253
vt 0.635101 0.424256
vt 0.654126 0.432986
vt 0.662096 0.453132
vt 0.658981 0.455242
vt 0.638161 0.417493
vt 0.659133 0.423831
vt 0.667638 0.452636
vt 0.661636 0.760885
vt 0.663182 0.768538
vt 0.613599 0.761778
vt 0.638211 0.758021
vt 0.660647 0.753665
vt 0.684638 0.751871
vt 0.684588 0.758188
vt 0.637055 0.751012
vt 0.660152 0.747040
vt 0.684741 0.745485
vt 0.710936 0.743551
vt 0.710784 0.750108
vt 0.660300 0.739889
vt 0.685107 0.738629
vt 0.711278 0.736425
vt 0.738915 0.734426
vt 0.738314 0.741891
vt 0.685529 0.730602
vt 0.711559 0.728663
vt 0.739359 0.726669
vt 0.764889 0.725798
vt 0.764576 0.734375
vt 0.711875 0.719657
vt 0.739606 0.716890
vt 0.764493 0.715679
vt 0.787209 0.716920
vt 0.787108 0.727857
vt 0.739323 0.706987
vt 0.764595 0.704483
vt 0.787360 0.704319
vt 0.809041 0.704077
vt 0.809247 0.716358
vt 0.763954 0.691542
vt 0.787481 0.689854
vt 0.809379 0.688758
vt 0.564943 0.341578
vt 0.561118 0.355580
vt 0.787312 0.672327
vt 0.810020 0.670719
vt 0.569131 0.323922
vt 0.592498 0.328116
vt 0.587909 0.346174
vt 0.549887 0.296727
vt 0.573146 0.301112
vt 0.597249 0.305287
vt 0.618273 0.309106
vt 0.612813 0.331585
vt 0.575845 0.282884
vt 0.599769 0.288558
vt 0.623205 0.292542
vt 0.646909 0.296542
vt 0.640580 0.313325
vt 0.601665 0.277946
vt 0.625781 0.282381
vt 0.650226 0.286706
vt 0.674299 0.290940
vt 0.671073 0.300671
vt 0.627466 0.276001
vt 0.652565 0.280711
vt 0.676887 0.284636
vt 0.698129 0.287041
vt 0.696520 0.293851
vt 0.654782 0.276457
vt 0.679225 0.280374
vt 0.700556 0.283089
vt 0.638795 0.624787
vt 0.639638 0.628802
vt 0.682179 0.275912
vt 0.703938 0.278941
vt 0.637109 0.619866
vt 0.662674 0.617485
vt 0.663431 0.621878
vt 0.612055 0.618168
vt 0.635104 0.615282
vt 0.661281 0.612113
vt 0.689013 0.609238
vt 0.689421 0.614338
vt 0.631262 0.606687
vt 0.658464 0.605056
vt 0.688335 0.604374
vt 0.718249 0.601723
vt 0.717622 0.607014
vt 0.655569 0.597974
vt 0.686795 0.595680
vt 0.719032 0.593690
vt 0.749722 0.592080
vt 0.747635 0.599765
vt 0.686033 0.589318
vt 0.719584 0.587460
vt 0.751289 0.585461
vt 0.779530 0.584052
vt 0.777300 0.590710
vt 0.719922 0.581336
vt 0.752734 0.579262
vt 0.781266 0.577990
vt 0.806440 0.577004
vt 0.803919 0.583259
vt 0.753887 0.573345
vt 0.781985 0.572651
vt 0.808985 0.570826
vt 0.542814 0.212189
vt 0.544225 0.218285
vt 0.783797 0.566258
vt 0.811285 0.564821
vt 0.542158 0.205751
vt 0.572878 0.211785
vt 0.572937 0.217838
vt 0.518878 0.192248
vt 0.544663 0.198598
vt 0.575303 0.205293
vt 0.610020 0.211961
vt 0.608150 0.218614
vt 0.547890 0.192686
vt 0.577987 0.199542
vt 0.611804 0.206039
vt 0.647066 0.212158
vt 0.645735 0.218421
vt 0.580826 0.193793
vt 0.613649 0.200211
vt 0.647867 0.206400
vt 0.681032 0.211191
vt 0.681244 0.217226
vt 0.615468 0.194725
vt 0.648560 0.200325
vt 0.680643 0.204579
vt 0.709080 0.207711
vt 0.710018 0.214314
vt 0.649365 0.194027
vt 0.680690 0.198123
vt 0.708496 0.200560
vt 0.731598 0.201328
vt 0.733035 0.209227
vt 0.679426 0.190418
vt 0.706929 0.192418
vt 0.729890 0.192665
vt 0.624319 0.534514
vt 0.622689 0.542326
vt 0.703854 0.180924
vt 0.727380 0.180266
vt 0.627446 0.523484
vt 0.655893 0.524021
vt 0.653395 0.534606
vt 0.608440 0.505129
vt 0.632780 0.509526
vt 0.659071 0.510631
vt 0.686562 0.510612
vt 0.685693 0.523296
vt 0.716211 0.520960
vt 0.717480 0.531145
vt 0.685042 0.533736
vt 0.714427 0.508139
vt 0.741536 0.504485
vt 0.745616 0.517581
vt 0.771244 0.512161
vt 0.774826 0.522660
vt 0.748371 0.527869
vt 0.765186 0.498491
vt 0.784773 0.490473
vt 0.793324 0.506132
vt 0.571293 0.158237
vt 0.564091 0.168356
vt 0.541480 0.160274
vt 0.580995 0.145994
vt 0.604008 0.152933
vt 0.596487 0.165301
vt 0.618425 0.131632
vt 0.627647 0.157964
vt 0.638698 0.113038
vt 0.651929 0.106847
vt 0.670313 0.116484
vt 0.688795 0.140525
vt 0.700744 0.165379
vt 0.675856 0.164949
vt 0.678746 0.179693
vt 0.650734 0.176156
vt 0.651506 0.161951
vt 0.623240 0.171139
vt 0.649492 0.186447
vt 0.619797 0.181077
vt 0.590684 0.175329
vt 0.617397 0.188527
vt 0.587103 0.182362
vt 0.559686 0.175192
vt 0.583671 0.188255
vt 0.555332 0.180948
vt 0.532055 0.173897
vt 0.536349 0.167662
vt 0.780226 0.538441
vt 0.777814 0.531195
vt 0.751804 0.541942
vt 0.750209 0.535232
vt 0.718892 0.544447
vt 0.718335 0.538273
vt 0.684354 0.547156
vt 0.684695 0.540523
vt 0.650986 0.548577
vt 0.652246 0.541880
vt 0.620923 0.548998
vt 0.650085 0.554514
vt 0.619651 0.555586
vt 0.593572 0.556402
vt 0.618481 0.562139
vt 0.591880 0.563342
vt 0.710811 0.220721
vt 0.737080 0.231552
vt 0.711313 0.227224
vt 0.681106 0.223662
vt 0.709642 0.234472
vt 0.680320 0.231007
vt 0.644984 0.225069
vt 0.677763 0.236582
vt 0.643179 0.230833
vt 0.607282 0.224417
vt 0.641249 0.236230
vt 0.606490 0.230350
vt 0.573272 0.223665
vt 0.605887 0.235938
vt 0.573603 0.229791
vt 0.544994 0.224618
vt 0.574349 0.236330
vt 0.546820 0.231658
vt 0.524634 0.226822
vt 0.548498 0.239690
vt 0.527568 0.233978
vt 0.775071 0.597410
vt 0.796351 0.606162
vt 0.771912 0.605603
vt 0.745859 0.604930
vt 0.770326 0.610581
vt 0.744397 0.610637
vt 0.716958 0.612214
vt 0.743045 0.615687
vt 0.716413 0.617135
vt 0.689742 0.619193
vt 0.716015 0.621752
vt 0.689863 0.623913
vt 0.663911 0.625865
vt 0.690058 0.630058
vt 0.664657 0.632345
vt 0.640684 0.635606
vt 0.665463 0.642426
vt 0.641495 0.645656
vt 0.618789 0.648676
vt 0.642213 0.663357
vt 0.619809 0.665667
vt 0.664851 0.317521
vt 0.683293 0.342618
vt 0.658630 0.339455
vt 0.634253 0.335452
vt 0.654746 0.356568
vt 0.629984 0.352926
vt 0.608512 0.349502
vt 0.627131 0.366188
vt 0.605053 0.363298
vt 0.583854 0.360408
vt 0.602257 0.375022
vt 0.580530 0.371779
vt 0.558140 0.367186
vt 0.578090 0.380846
vt 0.556008 0.377019
vt 0.534682 0.372754
vt 0.554236 0.383753
vt 0.534347 0.384950
vt 0.786808 0.736787
vt 0.535720 0.392622
vt 0.519925 0.406881
vt 0.764130 0.741839
vt 0.786316 0.751866
vt 0.763327 0.748466
vt 0.737559 0.748229
vt 0.762115 0.755900
vt 0.736754 0.754481
vt 0.710415 0.756832
vt 0.735891 0.761128
vt 0.709917 0.762994
vt 0.685069 0.765737
vt 0.710056 0.769986
vt 0.685735 0.771491
vt 0.665395 0.775840
vt 0.650095 0.789788
vt 0.666230 0.803176
vt 0.694296 0.810003
vt 0.586133 0.454964
vt 0.735107 0.769112
vt 0.734008 0.776269
vt 0.757737 0.779134
vt 0.759508 0.771044
vt 0.782892 0.775068
vt 0.780043 0.784097
vt 0.761115 0.763323
vt 0.784238 0.766560
vt 0.537515 0.411813
vt 0.536691 0.417630
vt 0.785413 0.758645
vt 0.537687 0.406172
vt 0.553547 0.403739
vt 0.553621 0.410318
vt 0.536897 0.400232
vt 0.553469 0.397226
vt 0.574013 0.399660
vt 0.573260 0.405921
vt 0.553773 0.390729
vt 0.575041 0.393906
vt 0.597092 0.397177
vt 0.595796 0.403124
vt 0.576347 0.387866
vt 0.598491 0.391050
vt 0.621618 0.394264
vt 0.620037 0.400496
vt 0.600142 0.384109
vt 0.623154 0.387067
vt 0.647231 0.390805
vt 0.645000 0.398582
vt 0.624871 0.377637
vt 0.649473 0.380948
vt 0.672526 0.385408
vt 0.670006 0.394928
vt 0.651942 0.369872
vt 0.675725 0.373801
vt 0.638043 0.714907
vt 0.636973 0.726279
vt 0.679471 0.359638
vt 0.639799 0.701555
vt 0.663248 0.699754
vt 0.661935 0.712779
vt 0.641655 0.684887
vt 0.664560 0.682951
vt 0.688497 0.681105
vt 0.687494 0.698275
vt 0.665555 0.660704
vt 0.689520 0.658381
vt 0.713922 0.656307
vt 0.713079 0.679431
vt 0.690008 0.639172
vt 0.715276 0.638327
vt 0.740102 0.636707
vt 0.738781 0.654792
vt 0.715650 0.628267
vt 0.740988 0.626786
vt 0.765768 0.625268
vt 0.764823 0.635646
vt 0.741721 0.620274
vt 0.766928 0.619268
vt 0.789471 0.619280
vt 0.788527 0.624403
vt 0.768557 0.615214
vt 0.790870 0.615392
vt 0.553242 0.259038
vt 0.552986 0.263262
vt 0.793517 0.611130
vt 0.552426 0.253820
vt 0.576495 0.257408
vt 0.577102 0.262887
vt 0.550853 0.247961
vt 0.575710 0.251947
vt 0.603390 0.256683
vt 0.603190 0.262007
vt 0.574555 0.243351
vt 0.604227 0.247951
vt 0.635100 0.253229
vt 0.632062 0.261909
vt 0.605296 0.241607
vt 0.637339 0.247137
vt 0.668515 0.252592
vt 0.664996 0.258494
vt 0.639357 0.241611
vt 0.671668 0.247096
vt 0.699534 0.251676
vt 0.695834 0.257506
vt 0.674822 0.241783
vt 0.703363 0.246220
vt 0.726882 0.253318
vt 0.722900 0.256916
vt 0.706925 0.240607
vt 0.731560 0.247165
vt 0.620145 0.582725
vt 0.622994 0.588622
vt 0.735830 0.239541
vt 0.617910 0.577016
vt 0.648599 0.574757
vt 0.650294 0.580537
vt 0.617756 0.569284
vt 0.648691 0.567466
vt 0.683709 0.565513
vt 0.684071 0.572065
vt 0.649269 0.560879
vt 0.683830 0.559184
vt 0.720120 0.556805
vt 0.720570 0.563178
vt 0.684086 0.553112
vt 0.719555 0.550842
vt 0.753166 0.548189
vt 0.754396 0.554332
vt 0.783893 0.551376
vt 0.785483 0.558457
vt 0.755379 0.561076
vt 0.782094 0.544781
vt 0.806139 0.542191
vt 0.808725 0.549324
vt 0.551475 0.186992
vt 0.754932 0.567327
vt 0.720638 0.569838
vt 0.720259 0.575819
vt 0.684534 0.577698
vt 0.685187 0.583308
vt 0.651998 0.586210
vt 0.653788 0.591898
vt 0.625714 0.594444
vt 0.628043 0.599957
vt 0.604281 0.602078
vt 0.607738 0.608908
vt 0.691584 0.263034
vt 0.685706 0.271166
vt 0.659879 0.267150
vt 0.657153 0.271880
vt 0.630438 0.266817
vt 0.629013 0.271121
vt 0.603045 0.266893
vt 0.602652 0.271470
vt 0.577214 0.267365
vt 0.576960 0.273718
vt 0.552641 0.269307
vt 0.551547 0.278552
vt 0.788340 0.633698
vt 0.787401 0.650825
vt 0.763305 0.652762
vt 0.762958 0.674516
vt 0.738370 0.677308
vt 0.738821 0.694545
vt 0.712561 0.696812
vt 0.712190 0.709738
vt 0.686623 0.711210
vt 0.685998 0.721295
vt 0.661168 0.723234
vt 0.660638 0.732311
vt 0.636364 0.735609
vt 0.636429 0.743306
vt 0.613162 0.747768
vt 0.613178 0.755180
vt 0.643119 0.405483
vt 0.641001 0.411088
vt 0.618268 0.406198
vt 0.616404 0.412723
vt 0.594508 0.409007
vt 0.593154 0.415824
vt 0.572136 0.412992
vt 0.571731 0.419983
vt 0.553714 0.417828
vt 0.109404 0.916563
vt 0.123647 0.917318
vt 0.119008 0.903495
vt 0.109524 0.906513
vt 0.109047 0.913504
vt 0.112866 0.913372
vt 0.112742 0.916886
vt 0.111949 0.920062
vt 0.107801 0.918068
vt 0.106205 0.913911
vt 0.120507 0.918663
vt 0.120708 0.915222
vt 0.124254 0.914226
vt 0.127402 0.914581
vt 0.125294 0.918821
vt 0.121201 0.921744
vt 0.120101 0.901162
vt 0.123097 0.905462
vt 0.119961 0.907339
vt 0.116443 0.908738
vt 0.116015 0.904515
vt 0.115734 0.901201
vt 0.107930 0.905143
vt 0.111570 0.902702
vt 0.112506 0.905781
vt 0.109150 0.909796
vt 0.106308 0.909291
vt 0.112785 0.909644
vt 0.106605 0.893953
vt 0.100110 0.899582
vt 0.096526 0.907313
vt 0.096550 0.915737
vt 0.099755 0.923508
vt 0.114821 0.932385
vt 0.124005 0.931017
vt 0.131936 0.925653
vt 0.122787 0.926693
vt 0.128792 0.922476
vt 0.132415 0.915634
vt 0.136727 0.917098
vt 0.132258 0.907783
vt 0.136727 0.907135
vt 0.128573 0.900377
vt 0.132290 0.898381
vt 0.122400 0.895781
vt 0.124481 0.892693
vt 0.114893 0.894995
vt 0.115081 0.891368
vt 0.108830 0.897122
vt 0.115539 0.897002
vt 0.109557 0.898871
vt 0.104873 0.902944
vt 0.103355 0.901645
vt 0.102142 0.908439
vt 0.100323 0.907784
vt 0.102187 0.914704
vt 0.100166 0.914524
vt 0.104645 0.920322
vt 0.102847 0.921304
vt 0.109422 0.924432
vt 0.108072 0.926256
vt 0.106069 0.929647
vt 0.115389 0.928050
vt 0.115750 0.925723
vt 0.122000 0.924328
vt 0.116025 0.923106
vt 0.127168 0.920647
vt 0.129976 0.915264
vt 0.127330 0.908978
vt 0.130022 0.908491
vt 0.125346 0.903604
vt 0.127123 0.902073
vt 0.121108 0.899502
vt 0.121751 0.897628
vt 0.115478 0.898960
vt 0.110683 0.900668
vt 0.106508 0.904052
vt 0.104132 0.908931
vt 0.104166 0.914363
vt 0.106378 0.919285
vt 0.110635 0.922480
vt 0.116391 0.919946
vt 0.116647 0.916368
vt 0.116752 0.912657
vt 0.120613 0.911411
vt 0.124359 0.910026
vt 0.063298 0.967905
vt 0.104916 0.974043
vt 0.091540 0.894710
vt 0.085936 0.980574
vt 0.079897 0.944760
vt 0.095993 0.958753
vt 0.094190 0.886376
vt 0.104595 0.846415
vt 0.059678 0.969208
vt 0.059376 0.960225
vt 0.064651 0.963223
vt 0.069267 0.967548
vt 0.067243 0.972430
vt 0.064662 0.977646
vt 0.104752 0.979076
vt 0.099699 0.980069
vt 0.101866 0.973845
vt 0.107628 0.969650
vt 0.109766 0.974931
vt 0.103290 0.968909
vt 0.089235 0.891945
vt 0.096984 0.889591
vt 0.099850 0.893774
vt 0.087759 0.896921
vt 0.082366 0.892777
vt 0.096944 0.899029
vt 0.087651 0.976639
vt 0.093958 0.979110
vt 0.090555 0.984279
vt 0.080896 0.980244
vt 0.081896 0.974620
vt 0.082269 0.989069
vt 0.083393 0.947542
vt 0.079065 0.952066
vt 0.075396 0.947449
vt 0.073509 0.941027
vt 0.080933 0.940590
vt 0.087319 0.943106
vt 0.094742 0.962396
vt 0.089421 0.960198
vt 0.093017 0.956019
vt 0.097556 0.952641
vt 0.099964 0.957923
vt 0.099938 0.963103
vt 0.088421 0.886632
vt 0.088877 0.878857
vt 0.096575 0.879584
vt 0.102547 0.882856
vt 0.098667 0.843196
vt 0.104252 0.839685
vt 0.109717 0.845660
vt 0.113965 0.856390
vt 0.106031 0.854587
vt 0.099059 0.851761
vt 0.098964 0.861323
vt 0.090694 0.859895
vt 0.089954 0.851420
vt 0.090585 0.842457
vt 0.107008 0.864095
vt 0.105494 0.873993
vt 0.098116 0.870738
vt 0.114098 0.867404
vt 0.112111 0.877651
vt 0.108063 0.887061
vt 0.103704 0.940123
vt 0.095648 0.934277
vt 0.085927 0.930310
vt 0.091345 0.938209
vt 0.082951 0.935502
vt 0.074628 0.934621
vt 0.082839 0.899055
vt 0.076505 0.900778
vt 0.070784 0.952018
vt 0.066716 0.957179
vt 0.062265 0.952375
vt 0.075228 0.894142
vt 0.073770 0.887928
vt 0.081067 0.887222
vt 0.073639 0.880137
vt 0.081073 0.879351
vt 0.073767 0.871338
vt 0.081643 0.870047
vt 0.089802 0.869714
vt 0.082005 0.860407
vt 0.073809 0.861953
vt 0.073988 0.853042
vt 0.081949 0.851838
vt 0.075024 0.844817
vt 0.082091 0.843330
vt 0.066225 0.863418
vt 0.073511 0.977427
vt 0.075349 0.971614
vt 0.077732 0.966571
vt 0.083920 0.969952
vt 0.071774 0.962735
vt 0.075002 0.957361
vt 0.080604 0.961544
vt 0.084040 0.956626
vt 0.086483 0.965050
vt 0.092824 0.967417
vt 0.090360 0.972305
vt 0.098620 0.968298
vt 0.096452 0.973530
vt 0.105010 0.963530
vt 0.105468 0.956780
vt 0.111142 0.956511
vt 0.109915 0.963972
vt 0.109588 0.947699
vt 0.103339 0.949850
vt 0.098066 0.943578
vt 0.092878 0.947456
vt 0.088162 0.951724
vt 0.073176 0.024101
vt 0.069865 0.013351
vt 0.062833 0.026934
vt 0.058679 0.015634
vt 0.073142 0.021537
vt 0.075595 0.021339
vt 0.074811 0.025044
vt 0.072511 0.027724
vt 0.071110 0.025271
vt 0.070259 0.022339
vt 0.067181 0.013432
vt 0.066933 0.010517
vt 0.070793 0.011478
vt 0.071145 0.015380
vt 0.068292 0.016458
vt 0.073541 0.013910
vt 0.061709 0.029868
vt 0.058527 0.026092
vt 0.061454 0.024494
vt 0.065292 0.026797
vt 0.065455 0.029899
vt 0.064522 0.023750
vt 0.056692 0.014644
vt 0.059272 0.012053
vt 0.060938 0.014645
vt 0.059157 0.018492
vt 0.056128 0.018588
vt 0.062251 0.017833
vt 0.064024 0.013879
vt 0.065275 0.017163
vt 0.066362 0.020144
vt 0.063375 0.020786
vt 0.060136 0.021596
vt 0.056833 0.022500
vt 0.056867 0.035855
vt 0.054110 0.023543
vt 0.053190 0.019054
vt 0.053684 0.014521
vt 0.051801 0.038525
vt 0.050449 0.019416
vt 0.050347 0.014465
vt 0.060220 0.004816
vt 0.058562 0.009088
vt 0.047300 0.042464
vt 0.047300 0.014459
vt 0.047737 0.009336
vt 0.068953 0.001089
vt 0.065042 0.004390
vt 0.073628 0.003058
vt 0.082459 0.015631
vt 0.080828 0.010541
vt 0.077778 0.006243
vt 0.077957 0.011370
vt 0.074528 0.007627
vt 0.069963 0.005341
vt 0.072093 0.009378
vt 0.067537 0.007909
vt 0.062806 0.007793
vt 0.062851 0.010735
vt 0.075492 0.012496
vt 0.077445 0.016556
vt 0.075103 0.017377
vt 0.079817 0.016091
vt 0.080258 0.021135
vt 0.077887 0.021292
vt 0.082936 0.020833
vt 0.081966 0.026899
vt 0.079286 0.026441
vt 0.076604 0.031003
vt 0.074492 0.029573
vt 0.076900 0.025859
vt 0.078995 0.032406
vt 0.075108 0.036617
vt 0.073011 0.034590
vt 0.068021 0.036838
vt 0.066110 0.033433
vt 0.070655 0.031985
vt 0.070858 0.040253
vt 0.065264 0.042498
vt 0.062425 0.037792
vt 0.058816 0.046795
vt 0.058841 0.043154
vt 0.053080 0.046982
vt 0.052936 0.043427
vt 0.057012 0.038752
vt 0.061667 0.035086
vt 0.069387 0.029864
vt 0.068221 0.026323
vt 0.067329 0.023153
vt 0.069396 0.019374
vt 0.072352 0.018383
vt 0.026564 0.404082
vt 0.022686 0.070269
vt 0.021968 0.010119
vt 0.013880 0.403876
vt 0.035951 0.010928
vt 0.025938 0.462808
vt 0.010198 0.066978
vt 0.009825 0.463057
vt 0.027564 0.407929
vt 0.023592 0.408049
vt 0.023774 0.403198
vt 0.028409 0.402494
vt 0.031332 0.407202
vt 0.025117 0.400821
vt 0.026168 0.067362
vt 0.029944 0.069227
vt 0.022856 0.072407
vt 0.018412 0.072848
vt 0.019395 0.070144
vt 0.022388 0.065518
vt 0.020650 0.014168
vt 0.016236 0.013335
vt 0.019565 0.008456
vt 0.025073 0.009489
vt 0.024942 0.014766
vt 0.023418 0.005613
vt 0.012265 0.407205
vt 0.008848 0.406053
vt 0.012544 0.402051
vt 0.016796 0.403238
vt 0.015847 0.407759
vt 0.016351 0.400562
vt 0.037170 0.008776
vt 0.041297 0.016405
vt 0.037664 0.016885
vt 0.033629 0.015943
vt 0.032626 0.009223
vt 0.032824 0.004960
vt 0.026938 0.458484
vt 0.032126 0.458709
vt 0.028879 0.464263
vt 0.024598 0.467734
vt 0.022539 0.463893
vt 0.022289 0.458612
vt 0.009992 0.063071
vt 0.014030 0.063409
vt 0.012363 0.068198
vt 0.009875 0.071014
vt 0.007535 0.068503
vt 0.005940 0.063420
vt 0.008350 0.458848
vt 0.012583 0.458891
vt 0.012976 0.464192
vt 0.019908 0.003310
vt 0.016084 0.007281
vt 0.012250 0.012480
vt 0.013135 0.020172
vt 0.008540 0.019093
vt 0.004994 0.016577
vt 0.004759 0.026887
vt 0.001311 0.022744
vt 0.011618 0.443125
vt 0.011928 0.451790
vt 0.017256 0.443185
vt 0.017216 0.451757
vt 0.017499 0.458869
vt 0.018041 0.464706
vt 0.022498 0.451681
vt 0.022967 0.443153
vt 0.028918 0.443087
vt 0.028078 0.451599
vt 0.035012 0.442862
vt 0.034029 0.451565
vt 0.040963 0.442646
vt 0.039743 0.451729
vt 0.038851 0.033749
vt 0.038949 0.024671
vt 0.033091 0.032339
vt 0.034218 0.023573
vt 0.027360 0.031114
vt 0.028828 0.022632
vt 0.029505 0.015294
vt 0.029187 0.008943
vt 0.023674 0.021485
vt 0.021758 0.029990
vt 0.015994 0.028912
vt 0.018345 0.020856
vt 0.010243 0.027984
vt 0.013673 0.039373
vt 0.007932 0.038564
vt 0.002393 0.037801
vt 0.006453 0.049273
vt 0.001311 0.048789
vt 0.008219 0.421166
vt 0.006783 0.431935
vt 0.013305 0.421822
vt 0.012197 0.432437
vt 0.018428 0.422070
vt 0.017729 0.432639
vt 0.023636 0.422082
vt 0.023351 0.432515
vt 0.029103 0.421915
vt 0.029258 0.432393
vt 0.034497 0.421487
vt 0.035151 0.432142
vt 0.039763 0.420847
vt 0.040963 0.431731
vt 0.033383 0.054647
vt 0.036718 0.044478
vt 0.027909 0.052978
vt 0.030932 0.042831
vt 0.022594 0.051723
vt 0.025184 0.041453
vt 0.017297 0.050680
vt 0.019516 0.040329
vt 0.011800 0.049899
vt 0.015343 0.058191
vt 0.010751 0.057825
vt 0.006047 0.057522
vt 0.001534 0.057346
vt 0.010169 0.413027
vt 0.014558 0.413698
vt 0.019682 0.408026
vt 0.019115 0.413937
vt 0.023712 0.414009
vt 0.028504 0.413862
vt 0.033193 0.413181
vt 0.037684 0.412281
vt 0.029743 0.062283
vt 0.025072 0.060598
vt 0.018165 0.063929
vt 0.020453 0.059010
vt 0.016162 0.069187
vt 0.013327 0.071739
vt 0.011824 0.074309
vt 0.020320 0.403151
vt 0.027167 0.004208
vt 0.025017 0.001215
vt 0.024876 0.982374
vt 0.015051 0.984956
vt 0.022646 0.971229
vt 0.012149 0.974834
vt 0.024932 0.979942
vt 0.027749 0.980374
vt 0.026434 0.983796
vt 0.022582 0.983476
vt 0.021984 0.980502
vt 0.023430 0.986051
vt 0.017224 0.984884
vt 0.016877 0.987856
vt 0.013782 0.986855
vt 0.014088 0.982737
vt 0.016741 0.981900
vt 0.011511 0.984053
vt 0.023759 0.969800
vt 0.026156 0.973019
vt 0.023596 0.974037
vt 0.020603 0.974561
vt 0.020400 0.971270
vt 0.020601 0.968692
vt 0.012347 0.977201
vt 0.009811 0.977441
vt 0.010373 0.973931
vt 0.013053 0.970822
vt 0.014283 0.973205
vt 0.015204 0.976096
vt 0.003826 0.967981
vt 0.000978 0.974497
vt 0.000977 0.981466
vt 0.003196 0.988089
vt 0.004921 0.976264
vt 0.005192 0.981426
vt 0.007126 0.986267
vt 0.010398 0.990459
vt 0.007899 0.993667
vt 0.007591 0.981211
vt 0.009370 0.985345
vt 0.012242 0.988628
vt 0.016092 0.990416
vt 0.015339 0.992771
vt 0.020873 0.992582
vt 0.022223 0.996659
vt 0.014728 0.996854
vt 0.020404 0.990188
vt 0.024709 0.988352
vt 0.026033 0.990462
vt 0.019933 0.987600
vt 0.019622 0.984486
vt 0.019224 0.981304
vt 0.018590 0.978277
vt 0.021338 0.977702
vt 0.015957 0.979066
vt 0.017877 0.975061
vt 0.013050 0.979965
vt 0.010137 0.980712
vt 0.007214 0.977061
vt 0.006843 0.971088
vt 0.008615 0.972616
vt 0.010797 0.966961
vt 0.012058 0.968920
vt 0.015966 0.964693
vt 0.016411 0.966972
vt 0.016882 0.969146
vt 0.020904 0.966540
vt 0.017406 0.971765
vt 0.021550 0.964343
vt 0.026847 0.966583
vt 0.025277 0.968286
vt 0.030612 0.970942
vt 0.028381 0.972073
vt 0.032199 0.976219
vt 0.029715 0.976437
vt 0.027298 0.976771
vt 0.029984 0.980953
vt 0.024430 0.977227
vt 0.032436 0.981637
vt 0.030080 0.986834
vt 0.028155 0.985309
vt 0.036790 0.982288
vt 0.034099 0.988874
vt 0.028926 0.993819
vt 0.023075 0.960329
vt 0.015815 0.960424
vt 0.009179 0.963068
vt 0.029790 0.963457
vt 0.034386 0.968903
vt 0.036790 0.975344
vt 0.126697 0.499267
vt 0.120925 0.493699
vt 0.123354 0.509368
vt 0.110903 0.499719
vt 0.125292 0.497382
vt 0.127726 0.495746
vt 0.128742 0.499275
vt 0.127878 0.502574
vt 0.125554 0.501361
vt 0.123277 0.499528
vt 0.123234 0.495408
vt 0.121076 0.497366
vt 0.118926 0.494856
vt 0.121545 0.491718
vt 0.125057 0.493185
vt 0.118190 0.491987
vt 0.123902 0.511045
vt 0.119459 0.511122
vt 0.120322 0.508416
vt 0.121990 0.505977
vt 0.125110 0.507797
vt 0.127001 0.509332
vt 0.109083 0.499176
vt 0.111205 0.494511
vt 0.112999 0.496692
vt 0.114759 0.499362
vt 0.112238 0.502057
vt 0.109595 0.503314
vt 0.132162 0.486708
vt 0.126362 0.483263
vt 0.119432 0.482351
vt 0.112690 0.484253
vt 0.124993 0.485458
vt 0.119043 0.484918
vt 0.113273 0.486712
vt 0.108178 0.490750
vt 0.106664 0.488797
vt 0.118763 0.487323
vt 0.113931 0.489030
vt 0.109684 0.492607
vt 0.107041 0.498194
vt 0.105018 0.497254
vt 0.114607 0.491296
vt 0.118532 0.489656
vt 0.115594 0.493814
vt 0.116999 0.496780
vt 0.118939 0.499491
vt 0.116664 0.501975
vt 0.118961 0.504273
vt 0.116928 0.506835
vt 0.114232 0.504581
vt 0.121157 0.501810
vt 0.123713 0.503771
vt 0.126650 0.505399
vt 0.130690 0.503268
vt 0.129272 0.506601
vt 0.133158 0.503617
vt 0.131333 0.507711
vt 0.128522 0.510797
vt 0.133480 0.508792
vt 0.130106 0.512462
vt 0.125452 0.515105
vt 0.124663 0.512956
vt 0.119408 0.516046
vt 0.119491 0.513579
vt 0.113019 0.514186
vt 0.114258 0.511878
vt 0.115317 0.509535
vt 0.109815 0.508497
vt 0.111754 0.506761
vt 0.107378 0.503777
vt 0.108111 0.509864
vt 0.105205 0.504084
vt 0.106213 0.511438
vt 0.102862 0.504355
vt 0.102862 0.496071
vt 0.111975 0.516529
vt 0.119306 0.518607
vt 0.126328 0.517437
vt 0.131739 0.514333
vt 0.135725 0.509994
vt 0.138164 0.504393
vt 0.135583 0.503942
vt 0.135737 0.498204
vt 0.138332 0.497947
vt 0.133324 0.498620
vt 0.131582 0.493836
vt 0.133765 0.492806
vt 0.131041 0.499087
vt 0.129572 0.494837
vt 0.126567 0.491438
vt 0.128332 0.489925
vt 0.123862 0.487571
vt 0.130158 0.488375
vt 0.122647 0.489665
vt 0.136240 0.491792
vt 0.013619 0.765281
vt 0.018682 0.801679
vt 0.083772 0.475533
vt 0.040188 0.735563
vt 0.026634 0.776978
vt 0.039067 0.485200
vt 0.014992 0.736784
vt 0.055501 0.818357
vt 0.023169 0.763427
vt 0.021127 0.767618
vt 0.012878 0.769265
vt 0.008018 0.770212
vt 0.009682 0.762596
vt 0.021359 0.759219
vt 0.017006 0.798262
vt 0.023457 0.796969
vt 0.023084 0.801995
vt 0.016596 0.807768
vt 0.011939 0.806169
vt 0.021830 0.809431
vt 0.079002 0.474511
vt 0.079350 0.470475
vt 0.085916 0.472599
vt 0.085448 0.480833
vt 0.079468 0.481279
vt 0.090980 0.480470
vt 0.040899 0.729899
vt 0.046593 0.730375
vt 0.043871 0.737493
vt 0.036070 0.738480
vt 0.035762 0.730787
vt 0.039353 0.742990
vt 0.035809 0.777063
vt 0.035140 0.780502
vt 0.023260 0.779225
vt 0.023074 0.774337
vt 0.036114 0.773373
vt 0.016143 0.776350
vt 0.043862 0.482973
vt 0.045597 0.488413
vt 0.038623 0.489380
vt 0.035157 0.482855
vt 0.041376 0.478471
vt 0.031807 0.488483
vt 0.011748 0.738189
vt 0.011566 0.728266
vt 0.016604 0.729178
vt 0.021805 0.730970
vt 0.020982 0.739601
vt 0.020027 0.743884
vt 0.051763 0.816813
vt 0.054931 0.811957
vt 0.059211 0.816050
vt 0.061341 0.823598
vt 0.056094 0.823957
vt 0.050917 0.824221
vt 0.057067 0.834082
vt 0.051429 0.833866
vt 0.045456 0.833355
vt 0.045613 0.823679
vt 0.046867 0.815665
vt 0.049720 0.809662
vt 0.038806 0.822352
vt 0.040152 0.813736
vt 0.042837 0.806798
vt 0.045679 0.801324
vt 0.052781 0.805539
vt 0.032990 0.812046
vt 0.034649 0.804552
vt 0.035872 0.798354
vt 0.061845 0.470621
vt 0.050999 0.473998
vt 0.028172 0.803228
vt 0.028565 0.798021
vt 0.071603 0.470474
vt 0.071562 0.475571
vt 0.063144 0.476241
vt 0.064554 0.483037
vt 0.055018 0.485423
vt 0.052982 0.479123
vt 0.072376 0.481984
vt 0.080343 0.489942
vt 0.073452 0.490384
vt 0.066366 0.490960
vt 0.074373 0.500161
vt 0.067527 0.500498
vt 0.057357 0.502582
vt 0.056655 0.493156
vt 0.046755 0.503955
vt 0.046437 0.495210
vt 0.038809 0.504880
vt 0.038596 0.495820
vt 0.031292 0.505651
vt 0.031125 0.496036
vt 0.024181 0.506495
vt 0.024331 0.496133
vt 0.024999 0.487406
vt 0.030552 0.480090
vt 0.018083 0.506536
vt 0.024762 0.518296
vt 0.018203 0.519338
vt 0.057395 0.846754
vt 0.063206 0.864047
vt 0.056897 0.863889
vt 0.050750 0.863152
vt 0.051444 0.846231
vt 0.044439 0.862404
vt 0.045306 0.845511
vt 0.036647 0.861413
vt 0.037811 0.844620
vt 0.038397 0.832335
vt 0.029030 0.843715
vt 0.030241 0.831170
vt 0.031431 0.820940
vt 0.023694 0.829899
vt 0.025561 0.819797
vt 0.027124 0.810780
vt 0.020024 0.818315
vt 0.017757 0.828976
vt 0.012044 0.827812
vt 0.014490 0.816814
vt 0.006555 0.826591
vt 0.009360 0.815512
vt 0.094026 0.501143
vt 0.092759 0.489694
vt 0.087443 0.500764
vt 0.087117 0.489459
vt 0.081286 0.500138
vt 0.087865 0.513963
vt 0.081345 0.513239
vt 0.074819 0.513082
vt 0.081124 0.533025
vt 0.074447 0.532939
vt 0.067000 0.533050
vt 0.067651 0.513126
vt 0.057374 0.532839
vt 0.057406 0.513330
vt 0.047783 0.533368
vt 0.047145 0.515039
vt 0.040147 0.533884
vt 0.039256 0.516175
vt 0.032915 0.534713
vt 0.031764 0.517325
vt 0.026186 0.535946
vt 0.035677 0.557595
vt 0.029508 0.558526
vt 0.023699 0.559253
vt 0.032839 0.581646
vt 0.027330 0.582209
vt 0.021717 0.583389
vt 0.017820 0.560324
vt 0.015970 0.584180
vt 0.012766 0.562268
vt 0.010268 0.584837
vt 0.007529 0.564179
vt 0.003451 0.585420
vt 0.001113 0.566476
vt 0.117317 0.582826
vt 0.119540 0.562900
vt 0.027550 0.860537
vt 0.018181 0.880873
vt 0.019407 0.859857
vt 0.021611 0.842932
vt 0.012888 0.859635
vt 0.015324 0.842041
vt 0.007148 0.858453
vt 0.009444 0.841068
vt 0.001147 0.857056
vt 0.003462 0.839913
vt 0.093486 0.534481
vt 0.094348 0.514972
vt 0.087471 0.533484
vt 0.091583 0.556757
vt 0.085759 0.556457
vt 0.079874 0.556337
vt 0.084538 0.580277
vt 0.078821 0.580410
vt 0.072697 0.580670
vt 0.073403 0.556529
vt 0.065576 0.580684
vt 0.066025 0.556722
vt 0.058449 0.580560
vt 0.057791 0.556811
vt 0.051143 0.580511
vt 0.049313 0.556894
vt 0.044630 0.580563
vt 0.042202 0.557066
vt 0.038617 0.581006
vt 0.046464 0.604423
vt 0.040406 0.604509
vt 0.034664 0.604664
vt 0.040844 0.628184
vt 0.035077 0.627873
vt 0.029657 0.627508
vt 0.029292 0.604809
vt 0.023651 0.627302
vt 0.023451 0.605131
vt 0.017780 0.627388
vt 0.017601 0.605702
vt 0.011666 0.627217
vt 0.011591 0.606030
vt 0.003987 0.627091
vt 0.004324 0.606329
vt 0.117762 0.624239
vt 0.116559 0.603650
vt 0.112054 0.624812
vt 0.110920 0.603631
vt 0.111369 0.582234
vt 0.105490 0.603708
vt 0.105867 0.581634
vt 0.107727 0.559404
vt 0.100544 0.581091
vt 0.102453 0.558441
vt 0.095299 0.580577
vt 0.097230 0.557430
vt 0.089924 0.580400
vt 0.094733 0.604140
vt 0.089381 0.604382
vt 0.083780 0.604655
vt 0.090053 0.628139
vt 0.084249 0.628899
vt 0.078300 0.629386
vt 0.078031 0.604870
vt 0.071759 0.629248
vt 0.072001 0.604963
vt 0.065631 0.629076
vt 0.065085 0.604883
vt 0.059825 0.629089
vt 0.059003 0.604781
vt 0.053149 0.628920
vt 0.052416 0.604577
vt 0.047102 0.628548
vt 0.053943 0.651655
vt 0.047359 0.651579
vt 0.040818 0.651155
vt 0.047256 0.673488
vt 0.040110 0.672808
vt 0.033190 0.672253
vt 0.034693 0.650664
vt 0.026615 0.671223
vt 0.028772 0.649859
vt 0.020145 0.670370
vt 0.022608 0.649336
vt 0.014041 0.669788
vt 0.016534 0.648733
vt 0.007705 0.669185
vt 0.010379 0.648370
vt 0.001113 0.667568
vt 0.002856 0.647706
vt 0.126748 0.661937
vt 0.121081 0.643830
vt 0.120889 0.663513
vt 0.114790 0.645035
vt 0.115176 0.665320
vt 0.109174 0.646427
vt 0.106593 0.625504
vt 0.103532 0.648102
vt 0.101113 0.626399
vt 0.100098 0.603904
vt 0.095616 0.627287
vt 0.097530 0.649870
vt 0.091308 0.651449
vt 0.102111 0.670250
vt 0.094414 0.672386
vt 0.085784 0.674022
vt 0.084797 0.652601
vt 0.077330 0.675024
vt 0.078133 0.653121
vt 0.070388 0.674659
vt 0.071457 0.653061
vt 0.063654 0.674603
vt 0.065410 0.652494
vt 0.061006 0.674200
vt 0.060377 0.652099
vt 0.054749 0.673958
vt 0.057332 0.695096
vt 0.050916 0.694557
vt 0.044484 0.693326
vt 0.045733 0.710675
vt 0.040389 0.709559
vt 0.034420 0.708227
vt 0.037660 0.692574
vt 0.029904 0.707369
vt 0.031805 0.691830
vt 0.024728 0.706841
vt 0.025621 0.690970
vt 0.019135 0.706411
vt 0.019252 0.690406
vt 0.013444 0.706037
vt 0.013186 0.690158
vt 0.007362 0.705616
vt 0.006808 0.689970
vt 0.061635 0.797759
vt 0.078440 0.810666
vt 0.065494 0.793012
vt 0.082009 0.806378
vt 0.068215 0.789213
vt 0.083282 0.802251
vt 0.069230 0.783187
vt 0.083533 0.797266
vt 0.073127 0.776148
vt 0.087784 0.793602
vt 0.108510 0.666991
vt 0.118372 0.682542
vt 0.131417 0.692852
vt 0.074187 0.758509
vt 0.087704 0.739336
vt 0.068752 0.757016
vt 0.084042 0.737888
vt 0.065172 0.755172
vt 0.079646 0.737001
vt 0.063721 0.713059
vt 0.067670 0.694991
vt 0.058368 0.712526
vt 0.062117 0.695115
vt 0.052301 0.711637
vt 0.055053 0.723576
vt 0.049125 0.722384
vt 0.042501 0.721424
vt 0.037320 0.720856
vt 0.030522 0.730899
vt 0.032134 0.720342
vt 0.026271 0.731096
vt 0.028018 0.719918
vt 0.023529 0.719578
vt 0.018513 0.719007
vt 0.013128 0.717940
vt 0.006995 0.728258
vt 0.007594 0.717767
vt 0.032023 0.788188
vt 0.046747 0.791527
vt 0.034321 0.784187
vt 0.048789 0.786548
vt 0.050907 0.781927
vt 0.052772 0.777499
vt 0.054614 0.773865
vt 0.036320 0.770494
vt 0.054906 0.770270
vt 0.036877 0.767373
vt 0.054567 0.766749
vt 0.036395 0.763876
vt 0.051742 0.762916
vt 0.033563 0.759717
vt 0.049037 0.758807
vt 0.032451 0.756575
vt 0.046167 0.754913
vt 0.052101 0.731877
vt 0.053695 0.741000
vt 0.048465 0.739308
vt 0.048341 0.748635
vt 0.043522 0.746164
vt 0.040211 0.752589
vt 0.035068 0.749023
vt 0.032030 0.745007
vt 0.029764 0.750992
vt 0.028394 0.746096
vt 0.025473 0.739657
vt 0.030157 0.739670
vt 0.018806 0.747572
vt 0.004444 0.776421
vt 0.009163 0.783336
vt 0.019484 0.785700
vt 0.017768 0.789781
vt 0.012511 0.779776
vt 0.021519 0.782192
vt 0.008657 0.773884
vt 0.013638 0.772161
vt 0.022634 0.771015
vt 0.054004 0.937143
vt 0.039969 0.898077
vt 0.029067 0.949081
vt 0.097891 0.754634
vt 0.107414 0.762029
vt 0.048509 0.910295
vt 0.118453 0.759837
vt 0.045487 0.924533
vt 0.052407 0.942479
vt 0.045028 0.941745
vt 0.049879 0.936417
vt 0.058417 0.933949
vt 0.059489 0.940846
vt 0.053346 0.931971
vt 0.036797 0.901246
vt 0.029844 0.897523
vt 0.035674 0.892921
vt 0.047715 0.900224
vt 0.045072 0.904047
vt 0.050282 0.895325
vt 0.032581 0.952352
vt 0.021829 0.952529
vt 0.019762 0.945572
vt 0.032500 0.944841
vt 0.039279 0.948125
vt 0.024391 0.940007
vt 0.091865 0.758033
vt 0.091043 0.747811
vt 0.100344 0.750445
vt 0.101260 0.756923
vt 0.096014 0.762975
vt 0.105971 0.752681
vt 0.110775 0.760793
vt 0.110794 0.768102
vt 0.105561 0.768339
vt 0.105147 0.759363
vt 0.109422 0.756293
vt 0.100858 0.766302
vt 0.042587 0.909789
vt 0.051636 0.907695
vt 0.048748 0.915255
vt 0.043021 0.915506
vt 0.054761 0.913833
vt 0.120773 0.763369
vt 0.116047 0.766539
vt 0.114862 0.760269
vt 0.119430 0.755393
vt 0.125131 0.758154
vt 0.114265 0.754984
vt 0.049951 0.925629
vt 0.047625 0.929555
vt 0.042534 0.926393
vt 0.039272 0.921775
vt 0.044259 0.920816
vt 0.049963 0.920389
vt 0.055841 0.920392
vt 0.056265 0.927013
vt 0.062278 0.929729
vt 0.061126 0.918988
vt 0.066762 0.919619
vt 0.067647 0.932971
vt 0.059531 0.911542
vt 0.065333 0.907170
vt 0.112419 0.787056
vt 0.120085 0.782967
vt 0.055809 0.904747
vt 0.057637 0.900168
vt 0.059037 0.894594
vt 0.103770 0.778301
vt 0.110992 0.777209
vt 0.046359 0.887632
vt 0.097135 0.776159
vt 0.087465 0.782820
vt 0.091339 0.772083
vt 0.080938 0.777435
vt 0.085633 0.766959
vt 0.019652 0.908310
vt 0.010336 0.914855
vt 0.021442 0.918561
vt 0.013091 0.923918
vt 0.006739 0.931871
vt 0.105432 0.745369
vt 0.017815 0.933020
vt 0.012028 0.940027
vt 0.113266 0.744477
vt 0.117912 0.750309
vt 0.111447 0.750356
vt 0.125495 0.751635
vt 0.036808 0.956249
vt 0.043560 0.956969
vt 0.046187 0.949094
vt 0.052014 0.950828
vt 0.062365 0.946809
vt 0.054743 0.957794
vt 0.117996 0.773960
vt 0.025732 0.927399
vt 0.031124 0.934725
vt 0.033159 0.923822
vt 0.037414 0.930083
vt 0.043494 0.934049
vt 0.037554 0.939387
vt 0.029164 0.916240
vt 0.036362 0.915426
vt 0.027724 0.906988
vt 0.035617 0.907876
vt 0.193510 0.480565
vt 0.334776 0.292179
vt 0.315727 0.068259
vt 0.275625 0.184716
vt 0.309162 0.522810
vt 0.223822 0.142946
vt 0.402157 0.115425
vt 0.057612 0.346481
vt 0.317351 0.618837
vt 0.356865 0.228004
vt 0.184767 0.472424
vt 0.221985 0.465821
vt 0.222810 0.481848
vt 0.210838 0.498690
vt 0.181998 0.489593
vt 0.160045 0.479523
vt 0.318860 0.281834
vt 0.335981 0.259673
vt 0.350898 0.280527
vt 0.329939 0.312885
vt 0.304826 0.307335
vt 0.355677 0.310009
vt 0.306014 0.071998
vt 0.279767 0.043046
vt 0.308071 0.047064
vt 0.333120 0.082158
vt 0.330226 0.096027
vt 0.332198 0.056367
vt 0.267538 0.198774
vt 0.253664 0.186440
vt 0.269487 0.171628
vt 0.293486 0.160017
vt 0.296942 0.184169
vt 0.293457 0.207468
vt 0.312349 0.511990
vt 0.330360 0.515817
vt 0.319528 0.528423
vt 0.292434 0.530941
vt 0.289251 0.518185
vt 0.300606 0.543384
vt 0.232019 0.153912
vt 0.214142 0.166993
vt 0.208088 0.147180
vt 0.206540 0.125304
vt 0.229646 0.128263
vt 0.247544 0.138290
vt 0.401628 0.133221
vt 0.382538 0.113111
vt 0.382342 0.094291
vt 0.414874 0.118911
vt 0.421784 0.153851
vt 0.429532 0.821357
vt 0.068862 0.361987
vt 0.047120 0.362384
vt 0.040358 0.337748
vt 0.044079 0.315211
vt 0.067482 0.334697
vt 0.085512 0.353618
vt 0.301150 0.613155
vt 0.321656 0.594008
vt 0.335897 0.610719
vt 0.346258 0.635915
vt 0.316535 0.639794
vt 0.288804 0.640515
vt 0.323036 0.216625
vt 0.323813 0.186069
vt 0.349713 0.185517
vt 0.310700 0.243800
vt 0.368780 0.174445
vt 0.387221 0.215577
vt 0.399009 0.251329
vt 0.373940 0.266496
vt 0.407535 0.286415
vt 0.381019 0.303405
vt 0.409774 0.314379
vt 0.381948 0.337318
vt 0.351726 0.341383
vt 0.374284 0.366818
vt 0.341959 0.369008
vt 0.308612 0.363887
vt 0.320151 0.339635
vt 0.275599 0.357111
vt 0.290373 0.333225
vt 0.248098 0.342329
vt 0.264697 0.318654
vt 0.280180 0.295411
vt 0.238053 0.303838
vt 0.255399 0.281236
vt 0.271222 0.256481
vt 0.295939 0.269920
vt 0.284380 0.231496
vt 0.246040 0.242498
vt 0.258619 0.220147
vt 0.222936 0.225117
vt 0.238915 0.204636
vt 0.206011 0.202508
vt 0.225032 0.185666
vt 0.242439 0.170012
vt 0.260599 0.154148
vt 0.280230 0.138181
vt 0.262139 0.120133
vt 0.272908 0.102461
vt 0.297557 0.125775
vt 0.235399 0.106708
vt 0.240742 0.085015
vt 0.207092 0.100988
vt 0.209174 0.075508
vt 0.214656 0.050118
vt 0.247699 0.063917
vt 0.281599 0.086091
vt 0.258079 0.049135
vt 0.291412 0.073967
vt 0.322011 0.104357
vt 0.311138 0.114401
vt 0.346462 0.137572
vt 0.334132 0.147130
vt 0.314902 0.154006
vt 0.354681 0.124125
vt 0.379019 0.157241
vt 0.382775 0.134508
vt 0.405449 0.165423
vt 0.401335 0.195582
vt 0.358075 0.107662
vt 0.356265 0.081580
vt 0.330834 0.030141
vt 0.363759 0.057971
vt 0.360286 0.829503
vt 0.396538 0.824688
vt 0.350019 0.808194
vt 0.387925 0.804735
vt 0.425084 0.801724
vt 0.380783 0.783519
vt 0.420131 0.780041
vt 0.459670 0.776282
vt 0.461804 0.798805
vt 0.496682 0.771375
vt 0.496696 0.797036
vt 0.531066 0.765461
vt 0.532605 0.792820
vt 0.527303 0.817864
vt 0.566729 0.780795
vt 0.563010 0.810274
vt 0.560994 0.748026
vt 0.527210 0.734630
vt 0.553702 0.715295
vt 0.576726 0.688411
vt 0.543645 0.681003
vt 0.560585 0.655533
vt 0.580064 0.634241
vt 0.543828 0.621852
vt 0.564247 0.604365
vt 0.588506 0.591633
vt 0.601569 0.614762
vt 0.274254 0.409900
vt 0.294272 0.389890
vt 0.241775 0.396394
vt 0.260845 0.376560
vt 0.211574 0.379491
vt 0.230172 0.363044
vt 0.183277 0.362168
vt 0.201746 0.343851
vt 0.220220 0.325048
vt 0.173979 0.323276
vt 0.193195 0.305948
vt 0.212131 0.285992
vt 0.168310 0.280060
vt 0.187367 0.263035
vt 0.206009 0.244441
vt 0.230265 0.264856
vt 0.165585 0.236418
vt 0.186035 0.219815
vt 0.148805 0.206546
vt 0.171796 0.193988
vt 0.193522 0.181027
vt 0.162640 0.163985
vt 0.185490 0.154404
vt 0.157040 0.134442
vt 0.181774 0.127780
vt 0.152071 0.105230
vt 0.179383 0.100515
vt 0.148634 0.076554
vt 0.179256 0.071483
vt 0.150125 0.048974
vt 0.185731 0.041787
vt 0.163243 0.021030
vt 0.200990 0.013086
vt 0.228016 0.029265
vt 0.230291 0.005531
vt 0.255006 0.022667
vt 0.274271 0.000977
vt 0.295160 0.021808
vt 0.277017 0.819627
vt 0.312272 0.812747
vt 0.264403 0.797121
vt 0.301410 0.790378
vt 0.341508 0.785993
vt 0.293192 0.767643
vt 0.334583 0.763596
vt 0.375241 0.760708
vt 0.328337 0.740699
vt 0.369341 0.737136
vt 0.411808 0.732506
vt 0.415618 0.756404
vt 0.451129 0.725990
vt 0.456893 0.750878
vt 0.487036 0.715672
vt 0.493871 0.743641
vt 0.517286 0.701802
vt 0.477134 0.685572
vt 0.505071 0.668518
vt 0.526309 0.645613
vt 0.487910 0.636027
vt 0.506492 0.612518
vt 0.526875 0.593850
vt 0.483750 0.579751
vt 0.512674 0.568258
vt 0.540808 0.558236
vt 0.551593 0.580766
vt 0.568513 0.547629
vt 0.577306 0.566211
vt 0.230531 0.441324
vt 0.255116 0.427132
vt 0.198422 0.427290
vt 0.221213 0.413066
vt 0.170554 0.410527
vt 0.191545 0.396299
vt 0.143924 0.392056
vt 0.164547 0.377292
vt 0.121882 0.366798
vt 0.138702 0.354824
vt 0.156049 0.338853
vt 0.113361 0.327476
vt 0.130162 0.311827
vt 0.149227 0.296427
vt 0.106640 0.281941
vt 0.125040 0.266265
vt 0.145125 0.251609
vt 0.105729 0.235365
vt 0.127305 0.220488
vt 0.091589 0.203467
vt 0.115460 0.187818
vt 0.139352 0.175306
vt 0.107363 0.156852
vt 0.132577 0.143945
vt 0.099302 0.127967
vt 0.125809 0.114455
vt 0.093270 0.098287
vt 0.121054 0.084634
vt 0.097608 0.062550
vt 0.125380 0.050838
vt 0.107961 0.027475
vt 0.138759 0.014301
vt 0.253659 0.773759
vt 0.206946 0.753414
vt 0.246295 0.749152
vt 0.286808 0.744120
vt 0.242738 0.723233
vt 0.282424 0.719579
vt 0.323236 0.716144
vt 0.280814 0.692809
vt 0.320700 0.690622
vt 0.359246 0.687038
vt 0.365020 0.712747
vt 0.397799 0.680318
vt 0.405932 0.706971
vt 0.433153 0.669907
vt 0.443299 0.698601
vt 0.463417 0.655055
vt 0.420039 0.641906
vt 0.446161 0.625762
vt 0.467638 0.605827
vt 0.425398 0.599161
vt 0.444736 0.580287
vt 0.458691 0.555778
vt 0.420964 0.557299
vt 0.432731 0.537308
vt 0.397960 0.537433
vt 0.408525 0.521412
vt 0.377436 0.520812
vt 0.390420 0.508733
vt 0.143850 0.467833
vt 0.107903 0.453943
vt 0.128365 0.452555
vt 0.151381 0.448448
vt 0.170667 0.462360
vt 0.176091 0.439233
vt 0.202947 0.452664
vt 0.128106 0.429636
vt 0.149019 0.423050
vt 0.107642 0.409252
vt 0.125449 0.401657
vt 0.084976 0.383819
vt 0.104112 0.377537
vt 0.097956 0.342293
vt 0.075594 0.317427
vt 0.087853 0.298551
vt 0.053520 0.292057
vt 0.068070 0.271261
vt 0.084964 0.252490
vt 0.048999 0.244037
vt 0.069680 0.222307
vt 0.033737 0.217908
vt 0.055369 0.193968
vt 0.080890 0.173609
vt 0.047458 0.164373
vt 0.071313 0.145451
vt 0.041349 0.131022
vt 0.064938 0.116483
vt 0.041815 0.089774
vt 0.064695 0.083938
vt 0.041343 0.063813
vt 0.177029 0.676818
vt 0.207504 0.691433
vt 0.243701 0.695028
vt 0.219063 0.660239
vt 0.249771 0.666970
vt 0.282931 0.665916
vt 0.260467 0.637552
vt 0.318776 0.664899
vt 0.353010 0.661458
vt 0.376030 0.627674
vt 0.387833 0.653858
vt 0.403617 0.614676
vt 0.361387 0.602063
vt 0.384080 0.589968
vt 0.404010 0.575166
vt 0.365019 0.568522
vt 0.383111 0.552457
vt 0.347476 0.551121
vt 0.364285 0.536379
vt 0.332479 0.538913
vt 0.347004 0.524379
vt 0.357778 0.509391
vt 0.337296 0.501656
vt 0.087100 0.434103
vt 0.052476 0.408944
vt 0.068663 0.410802
vt 0.085189 0.410549
vt 0.106692 0.433742
vt 0.043616 0.385926
vt 0.063530 0.384322
vt 0.027750 0.361105
vt 0.026075 0.394469
vt 0.011881 0.349858
vt 0.001184 0.311952
vt 0.020371 0.322459
vt 0.001812 0.276843
vt 0.023280 0.293540
vt 0.012298 0.244001
vt 0.032531 0.267266
vt 0.199396 0.570857
vt 0.172280 0.594717
vt 0.021502 0.189332
vt 0.180754 0.621793
vt 0.159653 0.648650
vt 0.194823 0.645034
vt 0.206331 0.593229
vt 0.217674 0.613247
vt 0.236258 0.628479
vt 0.245486 0.584993
vt 0.260176 0.598331
vt 0.279703 0.607039
vt 0.287850 0.572996
vt 0.304174 0.582789
vt 0.312720 0.554448
vt 0.327535 0.565885
vt 0.344263 0.580448
vt 0.274895 0.561203
vt 0.265609 0.547444
vt 0.235546 0.567273
vt 0.228785 0.550866
vt 0.260336 0.530953
vt 0.777432 0.339988
vt 0.782527 0.283710
vt 0.780841 0.301664
vt 0.743373 0.368828
vt 0.833495 0.271764
vt 0.927169 0.352413
vt 0.773557 0.254605
vt 0.844432 0.907706
vt 0.764266 0.847823
vt 0.743641 0.889089
vt 0.801648 0.421821
vt 0.746155 0.388405
vt 0.841623 0.823623
vt 0.784992 0.353198
vt 0.766819 0.360846
vt 0.764281 0.338365
vt 0.784269 0.331525
vt 0.799723 0.347051
vt 0.768298 0.321267
vt 0.798878 0.275845
vt 0.808154 0.289753
vt 0.754767 0.293599
vt 0.766842 0.276106
vt 0.785570 0.262228
vt 0.745073 0.316849
vt 0.801009 0.320374
vt 0.755998 0.387108
vt 0.735962 0.376283
vt 0.729136 0.346275
vt 0.742245 0.343308
vt 0.775631 0.381181
vt 0.825536 0.279892
vt 0.812948 0.264071
vt 0.823260 0.256046
vt 0.847935 0.273059
vt 0.841869 0.290997
vt 0.840261 0.247592
vt 0.924334 0.377031
vt 0.892828 0.392994
vt 0.899056 0.360292
vt 0.924567 0.325718
vt 0.947074 0.329566
vt 0.944921 0.365553
vt 0.754599 0.263374
vt 0.747409 0.250830
vt 0.775368 0.243019
vt 0.796156 0.250564
vt 0.830965 0.915030
vt 0.821499 0.891598
vt 0.843903 0.889175
vt 0.863128 0.916117
vt 0.849900 0.933861
vt 0.870564 0.892705
vt 0.779358 0.841491
vt 0.778398 0.869806
vt 0.761204 0.870205
vt 0.753687 0.839287
vt 0.776497 0.816644
vt 0.742772 0.867656
vt 0.759547 0.897397
vt 0.757322 0.926964
vt 0.735269 0.904271
vt 0.787244 0.425043
vt 0.785378 0.410652
vt 0.802577 0.410127
vt 0.828116 0.409323
vt 0.821106 0.427643
vt 0.804907 0.438939
vt 0.744716 0.398008
vt 0.728495 0.382517
vt 0.762179 0.400688
vt 0.825562 0.815122
vt 0.837424 0.794322
vt 0.858454 0.813553
vt 0.844033 0.840937
vt 0.820281 0.840717
vt 0.871163 0.838435
vt 0.882446 0.802475
vt 0.897058 0.833980
vt 0.902165 0.866529
vt 0.874533 0.865424
vt 0.845822 0.864549
vt 0.819489 0.866131
vt 0.801252 0.898055
vt 0.797744 0.868397
vt 0.798648 0.839452
vt 0.801379 0.810656
vt 0.767980 0.798391
vt 0.803570 0.786274
vt 0.928923 0.276035
vt 0.917027 0.231738
vt 0.902430 0.195659
vt 0.891347 0.232538
vt 0.875912 0.205896
vt 0.842597 0.185636
vt 0.843739 0.214188
vt 0.815152 0.199456
vt 0.947424 0.832585
vt 0.922646 0.831221
vt 0.953522 0.872865
vt 0.927295 0.869306
vt 0.952046 0.909990
vt 0.925714 0.903905
vt 0.898408 0.898241
vt 0.916275 0.934005
vt 0.889331 0.925418
vt 0.897408 0.958983
vt 0.873082 0.948632
vt 0.877989 0.980454
vt 0.849449 0.967201
vt 0.829492 0.946388
vt 0.817169 0.974860
vt 0.797784 0.951242
vt 0.787624 0.928638
vt 0.813022 0.924403
vt 0.779728 0.900422
vt 0.764854 0.954328
vt 0.781884 0.974036
vt 0.754613 0.981860
vt 0.741590 0.973613
vt 0.788024 0.991558
vt 0.766973 0.999023
vt 0.859405 0.403974
vt 0.827946 0.388036
vt 0.860441 0.377767
vt 0.817389 0.367514
vt 0.845883 0.356864
vt 0.873884 0.339509
vt 0.821440 0.337063
vt 0.847971 0.321587
vt 0.867173 0.300799
vt 0.896037 0.311545
vt 0.874074 0.270511
vt 0.901975 0.271354
vt 0.864370 0.238710
vt 0.820991 0.227677
vt 0.806224 0.239697
vt 0.781351 0.230591
vt 0.794024 0.215927
vt 0.983433 0.837498
vt 0.969485 0.836227
vt 0.985806 0.877239
vt 0.973186 0.875927
vt 0.985703 0.917885
vt 0.972467 0.914154
vt 0.970811 0.952029
vt 0.961703 0.946944
vt 0.942552 0.940789
vt 0.944041 0.974397
vt 0.925370 0.967398
vt 0.927698 0.995996
vt 0.906048 0.989832
vt 0.767623 0.426024
vt 0.782034 0.442628
vt 0.804292 0.459990
vt 0.744084 0.407962
vt 0.765081 0.412797
vt 0.783661 0.395921
vt 0.797148 0.373388
vt 0.802622 0.393754
vt 0.723662 0.388177
vt 0.718839 0.349481
vt 0.720139 0.310360
vt 0.730950 0.313942
vt 0.738471 0.283769
vt 0.728234 0.274459
vt 0.825644 0.305862
vt 0.488536 0.023271
vt 0.459446 0.526215
vt 0.502800 0.201682
vt 0.484523 0.030581
vt 0.500847 0.066744
vt 0.450430 0.520566
vt 0.444487 0.528343
vt 0.491854 0.179670
vt 0.488221 0.019900
vt 0.487034 0.016769
vt 0.505342 0.228145
vt 0.483080 0.022065
vt 0.504662 0.092150
vt 0.502857 0.181647
vt 0.504830 0.175263
vt 0.505655 0.174020
vt 0.506529 0.180835
vt 0.505159 0.198296
vt 0.500242 0.202722
vt 0.499849 0.183692
vt 0.491813 0.020510
vt 0.489978 0.031833
vt 0.487059 0.032810
vt 0.452598 0.523826
vt 0.465169 0.519132
vt 0.504490 0.504714
vt 0.506661 0.224028
vt 0.501447 0.224960
vt 0.485105 0.018891
vt 0.485842 0.031942
vt 0.483406 0.051272
vt 0.481697 0.042520
vt 0.496647 0.068268
vt 0.498104 0.047619
vt 0.504614 0.044296
vt 0.461885 0.515859
vt 0.443456 0.524874
vt 0.458477 0.511409
vt 0.486271 0.181439
vt 0.485759 0.165281
vt 0.489841 0.165100
vt 0.494136 0.167207
vt 0.496247 0.182655
vt 0.486715 0.002009
vt 0.485556 0.003327
vt 0.516614 0.245106
vt 0.513873 0.248054
vt 0.508273 0.249064
vt 0.503469 0.249463
vt 0.513306 0.254199
vt 0.490755 0.499131
vt 0.499256 0.089170
vt 0.484087 0.004539
vt 0.475736 0.024350
vt 0.481435 0.006698
vt 0.505867 0.168354
vt 0.506387 0.165651
vt 0.506259 0.107524
vt 0.499991 0.107848
vt 0.505865 0.129169
vt 0.501697 0.128711
vt 0.497049 0.128603
vt 0.493547 0.109914
vt 0.493807 0.091986
vt 0.491605 0.071751
vt 0.487440 0.110528
vt 0.487752 0.092963
vt 0.485780 0.072384
vt 0.487527 0.050342
vt 0.491940 0.049683
vt 0.483454 0.092674
vt 0.483355 0.072376
vt 0.484445 0.051256
vt 0.482583 0.072628
vt 0.481730 0.091468
vt 0.478167 0.092754
vt 0.481084 0.068685
vt 0.471117 0.092248
vt 0.475303 0.069158
vt 0.475650 0.043011
vt 0.466862 0.070889
vt 0.467107 0.043601
vt 0.466781 0.025593
vt 0.472699 0.007305
vt 0.455247 0.045386
vt 0.457397 0.025274
vt 0.458596 0.004558
vt 0.430165 0.497673
vt 0.434619 0.498997
vt 0.447925 0.026392
vt 0.444280 0.007851
vt 0.423964 0.497259
vt 0.426912 0.476629
vt 0.434453 0.476983
vt 0.412011 0.515141
vt 0.417744 0.495866
vt 0.420951 0.475909
vt 0.423317 0.453636
vt 0.429662 0.455384
vt 0.411514 0.494467
vt 0.415241 0.474268
vt 0.418501 0.452015
vt 0.423523 0.430303
vt 0.428110 0.431039
vt 0.411918 0.473497
vt 0.415675 0.450517
vt 0.420852 0.427335
vt 0.425403 0.405541
vt 0.428718 0.407613
vt 0.428584 0.383957
vt 0.507134 0.150966
vt 0.503856 0.150418
vt 0.501595 0.167936
vt 0.499664 0.150038
vt 0.498264 0.167773
vt 0.495563 0.149664
vt 0.490857 0.128653
vt 0.490359 0.148947
vt 0.484716 0.128797
vt 0.481167 0.110409
vt 0.481942 0.128963
vt 0.479241 0.109114
vt 0.478261 0.130004
vt 0.475633 0.111451
vt 0.472104 0.131911
vt 0.468512 0.112036
vt 0.462135 0.130828
vt 0.461738 0.110649
vt 0.462370 0.090497
vt 0.449726 0.106989
vt 0.454254 0.088197
vt 0.455608 0.068743
vt 0.437558 0.087998
vt 0.438845 0.070041
vt 0.443423 0.046046
vt 0.420569 0.071799
vt 0.426281 0.049665
vt 0.427766 0.029608
vt 0.412277 0.052055
vt 0.414774 0.030893
vt 0.417687 0.011448
vt 0.411178 0.031172
vt 0.416089 0.011874
vt 0.409222 0.493265
vt 0.528163 0.271574
vt 0.531134 0.297347
vt 0.526349 0.294731
vt 0.522126 0.269443
vt 0.521736 0.296305
vt 0.517548 0.271258
vt 0.517249 0.296406
vt 0.512900 0.272763
vt 0.512823 0.298461
vt 0.507153 0.274514
vt 0.507865 0.299487
vt 0.502336 0.277196
vt 0.499205 0.252807
vt 0.497937 0.227485
vt 0.496727 0.277689
vt 0.495434 0.253279
vt 0.495103 0.228646
vt 0.492815 0.203439
vt 0.496812 0.202802
vt 0.489797 0.252157
vt 0.489776 0.226972
vt 0.487502 0.204016
vt 0.482563 0.227688
vt 0.479867 0.204323
vt 0.479038 0.182527
vt 0.477327 0.166018
vt 0.469672 0.204678
vt 0.469416 0.183376
vt 0.466964 0.166319
vt 0.464221 0.149400
vt 0.474680 0.149895
vt 0.459593 0.184898
vt 0.457117 0.167032
vt 0.454876 0.149565
vt 0.452587 0.130441
vt 0.448400 0.167610
vt 0.446553 0.149589
vt 0.443849 0.130676
vt 0.440139 0.109056
vt 0.438055 0.151009
vt 0.435008 0.133317
vt 0.429866 0.111423
vt 0.426381 0.091886
vt 0.428144 0.134978
vt 0.422830 0.116113
vt 0.418521 0.094163
vt 0.414594 0.074632
vt 0.417793 0.118067
vt 0.415236 0.096963
vt 0.410365 0.075673
vt 0.405939 0.052406
vt 0.530166 0.350565
vt 0.531268 0.323936
vt 0.525053 0.350756
vt 0.526721 0.322666
vt 0.520288 0.350526
vt 0.522994 0.321565
vt 0.514043 0.349483
vt 0.517674 0.322759
vt 0.507240 0.345807
vt 0.512348 0.323623
vt 0.502000 0.342869
vt 0.506533 0.321220
vt 0.497259 0.342864
vt 0.500137 0.320433
vt 0.500341 0.299891
vt 0.494685 0.319948
vt 0.494356 0.300330
vt 0.491194 0.276827
vt 0.486060 0.301417
vt 0.484790 0.276092
vt 0.480966 0.252109
vt 0.472421 0.277274
vt 0.471770 0.251881
vt 0.470957 0.228965
vt 0.459830 0.253144
vt 0.459903 0.229857
vt 0.460537 0.205514
vt 0.451116 0.230308
vt 0.450993 0.206743
vt 0.450986 0.186882
vt 0.443523 0.208272
vt 0.443479 0.187789
vt 0.440563 0.169671
vt 0.437215 0.188407
vt 0.434488 0.169800
vt 0.431476 0.152364
vt 0.429714 0.170148
vt 0.426646 0.152509
vt 0.424555 0.136214
vt 0.509004 0.425409
vt 0.513261 0.401463
vt 0.522661 0.376708
vt 0.511915 0.400428
vt 0.518429 0.377005
vt 0.508383 0.399030
vt 0.512783 0.374978
vt 0.504483 0.397270
vt 0.507796 0.372157
vt 0.501030 0.394794
vt 0.504110 0.369406
vt 0.497544 0.392283
vt 0.500501 0.366682
vt 0.491156 0.391728
vt 0.495759 0.367920
vt 0.483920 0.391764
vt 0.490377 0.368212
vt 0.492449 0.343335
vt 0.474850 0.368047
vt 0.480847 0.343975
vt 0.484512 0.321310
vt 0.463795 0.343519
vt 0.468554 0.321184
vt 0.471653 0.300641
vt 0.456387 0.320167
vt 0.461134 0.299512
vt 0.461552 0.277597
vt 0.451537 0.299210
vt 0.451916 0.277751
vt 0.451711 0.254294
vt 0.444065 0.278120
vt 0.443133 0.254211
vt 0.443534 0.230966
vt 0.437805 0.255000
vt 0.437768 0.231455
vt 0.438190 0.208914
vt 0.435008 0.231329
vt 0.434743 0.208724
vt 0.433694 0.188913
vt 0.492484 0.013326
vt 0.433148 0.294875
vt 0.435592 0.316413
vt 0.432965 0.338176
vt 0.430134 0.361860
vt 0.437381 0.340385
vt 0.434511 0.363891
vt 0.433044 0.385704
vt 0.441476 0.365410
vt 0.438993 0.386775
vt 0.434540 0.408974
vt 0.446881 0.388780
vt 0.439474 0.411231
vt 0.434451 0.433778
vt 0.447740 0.412463
vt 0.443414 0.435037
vt 0.439237 0.456783
vt 0.453416 0.436035
vt 0.449484 0.457129
vt 0.441801 0.478801
vt 0.456379 0.457874
vt 0.447925 0.480159
vt 0.439936 0.498442
vt 0.454437 0.482072
vt 0.443988 0.499136
vt 0.462725 0.485721
vt 0.449305 0.501731
vt 0.469392 0.489102
vt 0.454504 0.506630
vt 0.475497 0.492397
vt 0.483336 0.466461
vt 0.489810 0.468096
vt 0.482588 0.494914
vt 0.477397 0.463949
vt 0.485014 0.440896
vt 0.490539 0.443409
vt 0.470876 0.462802
vt 0.478889 0.438893
vt 0.487157 0.417107
vt 0.493749 0.418997
vt 0.463222 0.460426
vt 0.472976 0.438188
vt 0.481136 0.415280
vt 0.464115 0.436950
vt 0.471533 0.413909
vt 0.459654 0.412894
vt 0.469494 0.390742
vt 0.456914 0.388936
vt 0.460559 0.366658
vt 0.450260 0.367203
vt 0.451650 0.343050
vt 0.444474 0.341997
vt 0.448152 0.320335
vt 0.440920 0.318375
vt 0.443165 0.298104
vt 0.436835 0.297261
vt 0.437073 0.277038
vt 0.432041 0.276997
vt 0.434666 0.254561
vt 0.499060 0.420880
vt 0.503469 0.423061
vt 0.496019 0.445146
vt 0.507805 0.424520
vt 0.501460 0.445937
vt 0.496697 0.469320
vt 0.505563 0.446487
vt 0.504049 0.468942
vt 0.481752 0.148593
vt 0.486955 0.148921
vt 0.494419 0.033459
vt 0.682230 0.099288
vt 0.681919 0.110209
vt 0.669795 0.094661
vt 0.705957 0.468512
vt 0.691916 0.465668
vt 0.716543 0.461882
vt 0.640086 0.765619
vt 0.642693 0.773252
vt 0.614422 0.767756
vt 0.542022 0.336649
vt 0.538553 0.350602
vt 0.546325 0.319580
vt 0.616472 0.627599
vt 0.617561 0.631820
vt 0.614575 0.623029
vt 0.518031 0.206977
vt 0.520290 0.214068
vt 0.516521 0.200689
vt 0.598436 0.533311
vt 0.596780 0.541742
vt 0.601755 0.521019
vt 0.751224 0.476186
vt 0.769677 0.468981
vt 0.549098 0.149787
vt 0.797715 0.518471
vt 0.560838 0.136634
vt 0.706960 0.136858
vt 0.722134 0.163347
vt 0.800765 0.527212
vt 0.803425 0.534604
vt 0.595144 0.549354
vt 0.734357 0.216529
vt 0.735627 0.223795
vt 0.522211 0.220668
vt 0.801321 0.590077
vt 0.798756 0.598168
vt 0.617750 0.638807
vt 0.694028 0.303714
vt 0.688602 0.320984
vt 0.536257 0.362403
vt 0.810141 0.726201
vt 0.811320 0.733309
vt 0.516521 0.403785
vt 0.786773 0.744606
vt 0.645561 0.781298
vt 0.655022 0.457526
vt 0.641700 0.463157
vt 0.611127 0.467938
vt 0.578932 0.467091
vt 0.554224 0.455862
vt 0.520437 0.417942
vt 0.519823 0.423511
vt 0.520470 0.414709
vt 0.520292 0.410921
vt 0.614962 0.717863
vt 0.613898 0.729970
vt 0.616467 0.703752
vt 0.618697 0.686723
vt 0.533350 0.250741
vt 0.534044 0.254336
vt 0.531833 0.246255
vt 0.530161 0.241457
vt 0.594474 0.584755
vt 0.597927 0.590609
vt 0.591125 0.578788
vt 0.590211 0.570731
vt 0.523348 0.186029
vt 0.811320 0.556908
vt 0.527588 0.180190
vt 0.601126 0.596292
vt 0.718471 0.262114
vt 0.713831 0.266227
vt 0.707692 0.274369
vt 0.809893 0.627536
vt 0.811231 0.634694
vt 0.809298 0.623966
vt 0.810409 0.650367
vt 0.613051 0.739425
vt 0.668023 0.403124
vt 0.666337 0.410618
vt 0.664238 0.417302
vt 0.520678 0.430535
vt 0.532362 0.441963
vt 0.728517 0.456403
vt 0.110009 0.937619
vt 0.100693 0.929991
vt 0.089884 0.925181
vt 0.076847 0.928913
vt 0.079617 0.923656
vt 0.091329 0.902574
vt 0.084238 0.904972
vt 0.066877 0.945510
vt 0.067243 0.895943
vt 0.066761 0.887847
vt 0.103080 0.987142
vt 0.097142 0.986654
vt 0.111645 0.981250
vt 0.089759 0.991511
vt 0.066786 0.855454
vt 0.073273 0.984450
vt 0.066225 0.872126
vt 0.116264 0.958233
vt 0.113980 0.966358
vt 0.115992 0.947499
vt 0.066387 0.880014
vt 0.116264 0.972096
vt 0.015032 0.003697
vt 0.013455 0.006596
vt 0.009610 0.010216
vt 0.006826 0.451739
vt 0.006032 0.442808
vt 0.037466 0.459349
vt 0.044276 0.034866
vt 0.043843 0.025048
vt 0.001714 0.431123
vt 0.003460 0.420151
vt 0.001050 0.441114
vt 0.042408 0.046020
vt 0.038635 0.056457
vt 0.002796 0.063545
vt 0.006062 0.411859
vt 0.035058 0.406290
vt 0.034266 0.064192
vt 0.007611 0.072940
vt 0.016921 0.074503
vt 0.020671 0.400220
vt 0.030197 0.001003
vt 0.013918 0.468391
vt 0.018735 0.468950
vt 0.004646 0.070148
vt 0.032947 0.465936
vt 0.029141 0.469633
vt 0.028606 0.399433
vt 0.031330 0.401543
vt 0.060907 0.465716
vt 0.049006 0.469509
vt 0.072131 0.467141
vt 0.082210 0.466749
vt 0.018648 0.495907
vt 0.018753 0.488061
vt 0.062884 0.812780
vt 0.058508 0.808353
vt 0.038782 0.475049
vt 0.063206 0.846896
vt 0.062423 0.834185
vt 0.099747 0.502030
vt 0.098306 0.490157
vt 0.096068 0.480180
vt 0.019696 0.536993
vt 0.014237 0.538768
vt 0.053870 0.885370
vt 0.047953 0.884547
vt 0.041870 0.883627
vt 0.034339 0.882539
vt 0.127169 0.565078
vt 0.124677 0.583409
vt 0.025584 0.881553
vt 0.100257 0.516275
vt 0.099686 0.535428
vt 0.123706 0.603727
vt 0.124841 0.623655
vt 0.113062 0.561034
vt 0.012017 0.880394
vt 0.105009 0.537496
vt 0.109810 0.539200
vt 0.128490 0.642482
vt 0.134207 0.660216
vt 0.059262 0.804032
vt 0.075784 0.816229
vt 0.093969 0.838309
vt 0.097008 0.833004
vt 0.100944 0.827048
vt 0.103161 0.824129
vt 0.105874 0.820780
vt 0.125177 0.680368
vt 0.121424 0.680696
vt 0.133174 0.689983
vt 0.074205 0.768573
vt 0.087463 0.747536
vt 0.105874 0.717511
vt 0.102867 0.716404
vt 0.100361 0.713426
vt 0.095383 0.710929
vt 0.072763 0.696029
vt 0.067883 0.713535
vt 0.044426 0.797454
vt 0.030499 0.792864
vt 0.061069 0.752326
vt 0.057090 0.733203
vt 0.060332 0.724666
vt 0.007827 0.788345
vt 0.001374 0.787127
vt 0.008537 0.740377
vt 0.003710 0.771052
vt 0.034416 0.753185
vt 0.005868 0.759885
vt 0.020445 0.756124
vt 0.089438 0.470112
vt 0.117687 0.794704
vt 0.122900 0.791543
vt 0.067647 0.899907
vt 0.103760 0.788350
vt 0.095076 0.786869
vt 0.009615 0.905829
vt 0.021603 0.895582
vt 0.003318 0.923312
vt 0.001142 0.915709
vt 0.097252 0.742744
vt 0.106882 0.736945
vt 0.012909 0.949444
vt 0.122445 0.745874
vt 0.028284 0.957407
vt 0.034209 0.963741
vt 0.124423 0.769755
vt 0.128765 0.764013
vt 0.127125 0.778908
vt 0.128765 0.787973
vt 0.032720 0.885428
vt 0.451370 0.837638
vt 0.434309 0.840795
vt 0.458454 0.821402
vt 0.406555 0.843772
vt 0.379829 0.848470
vt 0.491471 0.820394
vt 0.420090 0.227312
vt 0.428026 0.189387
vt 0.429699 0.253607
vt 0.593259 0.757646
vt 0.587548 0.722625
vt 0.596912 0.666521
vt 0.610216 0.699406
vt 0.364402 0.389931
vt 0.328781 0.395675
vt 0.309756 0.419702
vt 0.320150 0.004849
vt 0.290443 0.840098
vt 0.324726 0.834014
vt 0.285609 0.441858
vt 0.255282 0.457363
vt 0.228106 0.805520
vt 0.215458 0.780592
vt 0.243450 0.828168
vt 0.191391 0.514772
vt 0.165570 0.500692
vt 0.233740 0.508527
vt 0.215749 0.530372
vt 0.141441 0.486853
vt 0.123358 0.472145
vt 0.069135 0.053863
vt 0.169611 0.703780
vt 0.202203 0.722760
vt 0.085853 0.451455
vt 0.069163 0.433670
vt 0.099034 0.479336
vt 0.173390 0.561036
vt 0.199391 0.542915
vt 0.001184 0.213568
vt 0.149811 0.618434
vt 0.017203 0.153812
vt 0.014467 0.117187
vt 0.258567 0.514504
vt 0.288847 0.503598
vt 0.227580 0.527966
vt 0.314584 0.499485
vt 0.248114 0.484890
vt 0.258795 0.848470
vt 0.728239 0.873435
vt 0.942663 0.237957
vt 0.949595 0.279491
vt 0.925757 0.204449
vt 0.871132 0.175606
vt 0.855584 0.782549
vt 0.909941 0.796750
vt 0.938935 0.796198
vt 0.940667 0.436093
vt 0.919192 0.411180
vt 0.949595 0.419139
vt 0.940783 0.394811
vt 0.890550 0.422592
vt 0.856532 0.429882
vt 0.984209 0.804030
vt 0.965283 0.800051
vt 0.746127 0.420675
vt 0.755133 0.441212
vt 0.772642 0.462040
vt 0.833798 0.450366
vt 0.804296 0.995445
vt 0.806538 0.487941
vt 0.785547 0.482877
vt 0.939680 0.999023
vt 0.951687 0.978775
vt 0.712447 0.351552
vt 0.712282 0.308493
vt 0.719544 0.267836
vt 0.736722 0.245456
vt 0.993482 0.831504
vt 0.995458 0.807368
vt 0.735723 0.835143
vt 0.487955 0.001554
vt 0.424145 0.518983
vt 0.430025 0.520583
vt 0.418020 0.517052
vt 0.431298 0.009934
vt 0.406745 0.513369
vt 0.405939 0.512732
vt 0.439155 0.519140
vt 0.435151 0.520057
vt 0.441383 0.518774
vt 0.443438 0.519807
vt 0.488239 0.004620
vn 0.002091 0.948710 0.316141
vn 0.000503 0.947923 0.318499
vn 0.000195 0.949826 0.312780
vn 0.003634 0.950088 0.311960
vn -0.000292 0.948495 0.316793
vn 0.001578 0.947050 0.321082
vn -0.000287 0.950021 0.312185
vn 0.009600 0.953816 0.300238
vn 0.012235 0.955697 0.294099
vn 0.014454 0.953017 0.302571
vn 0.011575 0.952668 0.303794
vn 0.004220 0.952388 0.304860
vn 0.001516 0.953894 0.300141
vn 0.007104 0.951570 0.307349
vn 0.391409 -0.905319 -0.164915
vn 0.238184 -0.970856 -0.026601
vn 0.078680 -0.957836 -0.276334
vn 0.321187 -0.884896 -0.337339
vn 0.678486 -0.673836 -0.292577
vn 0.663830 -0.747876 0.003338
vn 0.470076 -0.841784 0.265384
vn -0.428037 -0.868641 -0.249494
vn -0.308871 -0.945762 -0.100659
vn -0.606363 -0.788213 0.105097
vn -0.705211 -0.682814 -0.190901
vn -0.617997 -0.603702 -0.503611
vn -0.312155 -0.848287 -0.427749
vn -0.088168 -0.949843 -0.300040
vn 0.023189 0.953287 0.301176
vn 0.032698 0.954507 0.296390
vn 0.028901 0.952272 0.303879
vn 0.020746 0.951462 0.307065
vn 0.017830 0.953219 0.301755
vn 0.022100 0.956452 0.291052
vn 0.015386 0.951346 0.307740
vn -0.049439 -0.988505 0.142876
vn -0.205518 -0.978647 0.003495
vn -0.008632 -0.976738 -0.214261
vn 0.122270 -0.990813 0.057780
vn -0.102093 -0.887076 0.450193
vn -0.394161 -0.860352 0.323158
vn 0.204265 -0.885317 0.417720
vn 0.154724 -0.454696 -0.877104
vn 0.370309 -0.576183 -0.728618
vn 0.053764 -0.799768 -0.597897
vn -0.108986 -0.527563 -0.842496
vn 0.008136 0.944576 0.328192
vn 0.020711 0.946131 0.323122
vn 0.005231 0.946594 0.322387
vn 0.001624 0.945587 0.325366
vn 0.009555 0.945057 0.326765
vn 0.023181 0.947539 0.318798
vn 0.003305 0.945302 0.326180
vn -0.000311 0.946802 0.321816
vn 0.002030 0.946053 0.324005
vn 0.000588 0.944293 0.329106
vn 0.003183 0.943765 0.330602
vn 0.009458 0.944802 0.327505
vn 0.021658 0.948185 0.316981
vn 0.000372 0.933589 0.358345
vn 0.012940 0.938021 0.346337
vn 0.027742 0.945670 0.323943
vn 0.038018 0.950212 0.309275
vn 0.030228 0.950974 0.307789
vn 0.049507 0.877982 0.476126
vn 0.105873 0.911398 0.397675
vn 0.153747 0.930465 0.332562
vn 0.178808 0.941366 0.286109
vn 0.037218 0.950468 0.308586
vn 0.478662 0.588760 0.651341
vn 0.659540 0.635884 0.400823
vn 0.713508 0.690955 0.116139
vn 0.600724 0.775650 -0.193644
vn 0.156516 0.963435 0.217474
vn 0.956467 -0.020056 0.291149
vn 0.985733 0.105512 -0.131140
vn 0.804703 0.234917 -0.545223
vn 0.430747 0.306631 -0.848784
vn 0.328424 0.837524 -0.436682
vn 0.963479 -0.146811 -0.223952
vn 0.775306 -0.020295 -0.631259
vn 0.405684 0.049830 -0.912654
vn -0.013621 0.081280 -0.996598
vn -0.009574 0.346478 -0.938009
vn 0.762512 -0.034916 -0.646032
vn 0.396545 0.044287 -0.916946
vn -0.016797 0.067725 -0.997563
vn -0.465231 0.014813 -0.885065
vn -0.460562 0.053919 -0.885988
vn 0.385120 0.048874 -0.921571
vn -0.024820 0.072329 -0.997072
vn -0.477959 0.015907 -0.878238
vn -0.806098 -0.092090 -0.584572
vn -0.801509 -0.093268 -0.590665
vn -0.032516 0.084315 -0.995909
vn -0.493397 0.028596 -0.869334
vn -0.814227 -0.075686 -0.575592
vn -0.956040 -0.198008 -0.216287
vn -0.952298 -0.204242 -0.226747
vn -0.510783 0.063271 -0.857378
vn -0.828115 -0.037628 -0.559294
vn -0.966029 -0.173838 -0.191227
vn -0.918096 -0.323231 0.229393
vn -0.918562 -0.335915 0.208338
vn -0.849485 0.029726 -0.526775
vn -0.984105 -0.109054 -0.140158
vn -0.926195 -0.259675 0.273371
vn -0.725170 -0.367618 0.582225
vn -0.731602 -0.417045 0.539289
vn -0.997642 0.032221 -0.060607
vn -0.930910 -0.117030 0.345993
vn -0.711783 -0.242535 0.659198
vn -0.343699 -0.332357 0.878299
vn -0.368345 -0.449546 0.813775
vn -0.921114 -0.053968 0.385533
vn -0.685562 -0.145596 0.713307
vn -0.310346 -0.220279 0.924750
vn 0.130409 -0.221430 0.966417
vn 0.104116 -0.339921 0.934673
vn -0.668306 -0.320966 0.671080
vn -0.293316 -0.383915 0.875542
vn 0.141334 -0.380843 0.913774
vn 0.554068 -0.293798 0.778904
vn 0.540999 -0.160266 0.825612
vn -0.285886 -0.259399 0.922487
vn 0.145705 -0.292505 0.945098
vn 0.558384 -0.266910 0.785472
vn 0.859166 -0.191740 0.474414
vn 0.852456 -0.193963 0.485487
vn 0.110881 0.409609 0.905498
vn 0.421405 0.428807 0.799089
vn 0.661121 0.500977 0.558518
vn 0.775819 0.586003 0.233892
vn 0.994547 -0.084985 0.060443
vn 0.323826 0.632973 0.703194
vn 0.495310 0.694929 0.521289
vn 0.541622 0.791993 0.281768
vn 0.445881 0.892003 0.074305
vn 0.742343 0.655545 -0.138518
vn 0.407669 0.767899 0.494103
vn 0.450091 0.840588 0.301382
vn 0.394332 0.911275 0.118656
vn 0.270738 0.962488 -0.017844
vn 0.291432 0.955007 -0.055033
vn 0.381186 0.872008 0.307081
vn 0.349263 0.927475 0.133435
vn 0.251607 0.967830 -0.000200
vn 0.098250 0.993809 -0.051875
vn 0.093078 0.992628 -0.077625
vn 0.307916 0.940445 0.144054
vn 0.236079 0.971597 0.016292
vn 0.095839 0.994883 -0.031988
vn -0.058100 0.998227 -0.012938
vn -0.065759 0.997046 -0.039688
vn 0.210299 0.976504 0.047059
vn 0.087633 0.996152 0.001224
vn -0.051641 0.998591 0.012184
vn -0.157242 0.980731 0.115939
vn -0.203400 0.976706 0.068373
vn 0.071700 0.996075 0.051897
vn -0.048492 0.998110 0.037759
vn -0.129794 0.982900 0.130618
vn -0.135132 0.958644 0.250481
vn -0.197372 0.952156 0.233333
vn -0.049029 0.996726 0.064289
vn -0.145439 0.983273 0.109647
vn -0.205799 0.955679 0.210533
vn -0.209719 0.926807 0.311523
vn -0.124338 0.939402 0.319474
vn -0.480442 0.795725 -0.368778
vn -0.262492 0.946667 0.186867
vn -0.277093 0.909954 0.308549
vn -0.253587 0.873041 0.416525
vn -0.209992 0.892617 0.398922
vn -0.999965 -0.006560 -0.005126
vn -0.895407 0.247721 -0.369975
vn -0.901143 0.240036 -0.361004
vn -0.999938 -0.010838 0.002536
vn -0.898547 -0.201410 0.389933
vn -0.903013 -0.197813 0.381364
vn -0.628965 -0.319528 0.708734
vn -0.637308 -0.317513 0.702157
vn -0.197978 -0.956133 -0.215906
vn -0.228225 -0.923952 -0.306964
vn -0.177810 -0.935276 -0.306010
vn -0.153946 -0.959402 -0.236324
vn -0.107194 -0.977517 -0.181576
vn -0.137039 -0.979904 -0.144946
vn -0.041904 -0.988288 -0.146734
vn -0.054207 -0.993353 -0.101542
vn -0.073354 -0.958133 -0.276768
vn -0.051673 -0.966718 -0.250572
vn -0.019643 -0.971577 -0.235907
vn 0.015464 -0.971692 -0.235743
vn 0.033085 -0.989129 -0.143283
vn -0.016378 -0.956109 -0.292553
vn -0.005704 -0.957423 -0.288631
vn 0.005177 -0.957557 -0.288197
vn 0.016547 -0.956599 -0.290938
vn 0.048647 -0.967325 -0.248830
vn 0.012117 -0.933808 -0.357570
vn -0.009456 -0.933988 -0.357180
vn -0.027570 -0.937618 -0.346573
vn -0.037572 -0.943198 -0.330100
vn 0.026617 -0.953938 -0.298820
vn -0.037728 -0.869807 -0.491948
vn -0.116358 -0.883433 -0.453881
vn -0.166127 -0.907383 -0.386081
vn -0.178935 -0.934313 -0.308287
vn -0.038194 -0.949137 -0.312538
vn -0.288505 -0.713409 -0.638601
vn -0.416509 -0.776288 -0.473178
vn -0.452582 -0.847610 -0.276997
vn -0.395882 -0.913793 -0.090887
vn -0.157061 -0.959204 -0.235076
vn -0.658534 -0.547406 -0.516411
vn -0.729646 -0.653439 -0.201580
vn -0.649986 -0.752308 0.107471
vn -0.425468 -0.834295 0.350613
vn -0.261321 -0.964000 0.049143
vn -0.081540 -0.989042 0.123075
vn -0.033458 -0.988422 -0.147994
vn -0.104480 -0.978422 -0.178253
vn -0.124048 -0.877416 0.463415
vn 0.194638 -0.871921 0.449299
vn 0.113244 -0.986183 0.120913
vn 0.292816 -0.955337 0.039884
vn 0.113664 -0.977023 -0.180293
vn 0.043011 -0.987923 -0.148857
vn 0.488085 -0.818145 0.303992
vn 0.681628 -0.730183 0.047070
vn 0.419762 -0.901291 -0.107123
vn 0.469477 -0.833354 -0.291741
vn 0.189552 -0.931245 -0.311212
vn 0.166372 -0.957146 -0.237047
vn 0.734464 -0.630652 -0.250682
vn 0.653059 -0.531939 -0.539032
vn 0.433865 -0.761533 -0.481485
vn 0.568454 -0.620401 -0.540335
vn 0.462042 -0.455472 -0.760961
vn 0.227090 -0.866510 -0.444512
vn 0.003183 -0.929140 -0.369714
vn -0.172452 -0.826796 -0.535414
vn -0.385216 -0.549663 -0.741269
vn -0.437280 -0.461993 -0.771589
vn -0.144665 -0.417467 -0.897103
vn -0.094712 -0.677362 -0.729528
vn 0.117895 -0.674536 -0.728767
vn 0.171893 -0.416669 -0.892659
vn 0.310231 -0.703190 -0.639751
vn 0.049458 -0.869639 -0.491204
vn 0.127293 -0.881478 -0.454744
vn 0.177118 -0.903799 -0.389586
vn 0.030849 -0.937043 -0.347850
vn 0.041380 -0.942706 -0.331048
vn 0.041972 -0.949030 -0.312379
vn -0.024986 -0.953532 -0.300255
vn -0.029399 -0.949805 -0.311457
vn -0.028369 -0.945745 -0.323670
vn 0.034924 -0.954421 -0.296413
vn -0.021546 -0.941778 -0.335543
vn 0.022694 -0.958139 -0.285403
vn -0.008450 -0.938925 -0.344019
vn 0.008242 -0.959876 -0.280302
vn 0.007219 -0.938556 -0.345052
vn -0.006868 -0.959679 -0.281015
vn 0.021585 -0.940724 -0.338487
vn -0.020641 -0.957690 -0.287060
vn 0.030570 -0.944877 -0.325996
vn -0.031897 -0.954138 -0.297662
vn 0.031896 -0.949749 -0.311384
vn 0.082806 -0.933775 -0.348148
vn 0.087679 -0.946722 -0.309886
vn 0.074886 -0.958687 -0.274430
vn 0.201864 -0.931398 -0.302901
vn 0.169927 -0.959502 -0.224681
vn 0.107595 -0.979434 -0.170680
vn 0.218383 -0.956119 -0.195306
vn 0.136848 -0.982318 -0.127768
vn 0.040295 -0.994574 -0.095906
vn 0.193399 -0.325548 0.925535
vn 0.597756 -0.215640 0.772132
vn 0.588307 -0.219783 0.778197
vn 0.184898 -0.326640 0.926887
vn -0.252915 -0.357069 0.899186
vn -0.244543 -0.356963 0.901541
vn -0.086316 0.787951 0.609658
vn 0.063221 0.786537 0.614299
vn 0.052937 0.813616 0.578987
vn -0.078624 0.814577 0.574703
vn -0.179735 0.849130 0.496663
vn -0.201949 0.825717 0.526695
vn -0.063960 0.851507 0.520428
vn -0.156131 0.875516 0.457269
vn -0.166927 0.910820 0.377547
vn -0.182853 0.861392 0.473888
vn -0.239501 0.889920 0.388176
vn -0.212264 0.927177 0.308685
vn -0.324833 0.854322 0.405730
vn -0.350617 0.892451 0.283899
vn -0.313971 0.933158 0.175038
vn -0.443269 0.855699 0.267004
vn -0.397403 0.910156 0.116993
vn -0.238314 0.971099 0.013124
vn -0.437752 0.895808 0.076822
vn -0.260286 0.964399 -0.046744
vn -0.077813 0.993753 -0.079999
vn -0.287922 0.947182 -0.141238
vn -0.081572 0.982524 -0.167310
vn 0.102545 0.986092 -0.130795
vn -0.137689 0.794126 -0.591950
vn 0.120104 0.976821 -0.177189
vn 0.314357 0.945660 -0.083103
vn 0.648044 0.206395 -0.733103
vn 0.269234 0.241514 -0.932301
vn 0.280145 0.158981 -0.946701
vn 0.660568 0.106157 -0.743223
vn 0.920038 0.023640 -0.391116
vn 0.671909 0.152475 -0.724768
vn 0.930150 0.046754 -0.364190
vn 0.994683 -0.078404 0.066769
vn 0.932563 0.189240 -0.307431
vn 0.990609 0.058794 0.123438
vn 0.838095 -0.070502 0.540949
vn 0.989662 -0.078187 0.120229
vn 0.819265 -0.212640 0.532531
vn 0.509644 -0.293663 0.808718
vn 0.787119 -0.324636 0.524457
vn 0.474210 -0.408156 0.780086
vn 0.081462 -0.457632 0.885402
vn 0.446149 -0.465354 0.764458
vn 0.055442 -0.506887 0.860228
vn -0.394607 -0.491638 0.776259
vn 0.026683 -0.530070 0.847534
vn -0.417815 -0.500775 0.758060
vn -0.738005 -0.425809 0.523483
vn -0.436054 -0.484183 0.758567
vn -0.748741 -0.407298 0.522968
vn -0.924848 -0.325051 0.197480
vn -0.756691 -0.388402 0.525893
vn -0.930548 -0.309549 0.195600
vn -0.952816 -0.199583 -0.228709
vn -0.945175 -0.250938 0.208985
vn -0.968484 -0.136628 -0.208257
vn -0.809425 -0.042185 -0.585706
vn -0.976944 0.193138 -0.090989
vn -0.826421 0.282362 -0.487134
vn -0.466080 0.352100 -0.811662
vn -0.600330 0.783754 -0.159164
vn -0.338172 0.849024 -0.405952
vn -0.001136 0.859269 -0.511523
vn -0.113640 0.989843 0.085427
vn -0.000794 0.997686 0.067987
vn 0.089504 0.987493 0.129791
vn 0.005284 0.964513 0.263984
vn 0.017840 0.956704 0.290515
vn 0.028254 0.951094 0.307606
vn 0.014404 0.951594 0.307020
vn 0.021065 0.950489 0.310044
vn 0.028514 0.951176 0.307331
vn 0.031060 0.950769 0.308339
vn 0.031444 0.950844 0.308070
vn 0.017324 0.952557 0.303867
vn -0.003815 0.948500 0.316756
vn 0.010894 0.953931 0.299828
vn 0.013272 0.952185 0.305233
vn 0.010970 0.952655 0.303857
vn 0.005450 0.955024 0.296478
vn -0.009075 0.953296 0.301902
vn 0.004771 0.951632 0.307203
vn -0.023130 0.966841 0.254329
vn -0.071964 0.960059 0.270384
vn -0.104536 0.947989 0.300648
vn -0.022267 0.950199 0.310846
vn -0.224129 0.960132 0.167072
vn -0.278491 0.921976 0.269079
vn -0.258711 0.897432 0.357330
vn -0.090709 0.939850 0.329323
vn -0.702767 0.699659 0.128824
vn -0.682853 0.616037 0.392695
vn -0.548380 0.541514 0.637214
vn -0.179175 0.883201 0.433421
vn -0.950177 0.062102 0.305463
vn -0.766923 -0.060093 0.638920
vn -0.449780 -0.093616 0.888220
vn -0.305037 0.506229 0.806650
vn -0.763333 -0.352030 0.541661
vn -0.459496 -0.399568 0.793227
vn -0.035545 -0.438275 0.898138
vn -0.049866 -0.098704 0.993867
vn -0.450124 -0.462900 0.763618
vn -0.017844 -0.521411 0.853119
vn 0.395155 -0.519605 0.757538
vn 0.389494 -0.459279 0.798346
vn -0.000189 -0.532105 0.846679
vn 0.405441 -0.520839 0.751228
vn 0.733472 -0.428193 0.527891
vn 0.728676 -0.434411 0.529451
vn 0.425184 -0.502811 0.752595
vn 0.743811 -0.409712 0.528092
vn 0.943593 -0.280770 0.175503
vn 0.938018 -0.291950 0.186782
vn 0.758838 -0.377968 0.530383
vn 0.954200 -0.258898 0.149916
vn 0.946983 -0.125498 -0.295760
vn 0.953471 -0.144758 -0.264457
vn 0.970643 -0.208414 0.120069
vn 0.944998 -0.071616 -0.319139
vn 0.718044 0.060710 -0.693345
vn 0.727453 -0.001016 -0.686157
vn 0.946735 0.074558 -0.313263
vn 0.706341 0.209429 -0.676182
vn 0.324433 0.294527 -0.898887
vn 0.345571 0.151141 -0.926141
vn 0.684551 0.301193 -0.663832
vn 0.298013 0.386137 -0.872975
vn -0.137937 0.402421 -0.905003
vn -0.106642 0.311300 -0.944309
vn 0.287340 0.226918 -0.930561
vn -0.163742 0.223781 -0.960786
vn -0.583369 0.134740 -0.800953
vn -0.567612 0.337844 -0.750785
vn -0.168743 0.184996 -0.968144
vn -0.584706 0.213553 -0.782633
vn -0.889986 0.172430 -0.422129
vn -0.874959 0.001474 -0.484194
vn -0.429445 0.807090 -0.405194
vn -0.661791 0.741652 -0.109475
vn -0.747366 0.633168 0.201349
vn -0.999194 0.033399 -0.022252
vn -0.479217 0.876928 0.036717
vn -0.519234 0.813454 0.262086
vn -0.471988 0.757073 0.451739
vn -0.687647 0.546576 0.477908
vn -0.487165 0.832699 0.263216
vn -0.423275 0.791499 0.440872
vn -0.297431 0.747868 0.593488
vn -0.361673 0.682763 0.634844
vn -0.385293 0.819121 0.424960
vn -0.255418 0.792092 0.554394
vn -0.098031 0.770279 0.630127
vn -0.124492 0.710078 0.693030
vn -0.214334 0.834683 0.507312
vn -0.074538 0.824029 0.561623
vn 0.049233 0.823065 0.565809
vn 0.064249 0.763724 0.642337
vn -0.064463 0.847367 0.527080
vn 0.041947 0.847959 0.528399
vn 0.140714 0.860496 0.489639
vn 0.167343 0.836570 0.521678
vn 0.040647 0.852459 0.521212
vn 0.134846 0.866247 0.481075
vn 0.205962 0.890592 0.405494
vn 0.220028 0.883740 0.413027
vn 0.171097 0.833722 0.525008
vn 0.246465 0.870515 0.425980
vn 0.260047 0.916074 0.305261
vn 0.241968 0.922082 0.302020
vn 0.196821 0.810623 0.551499
vn 0.276949 0.856141 0.436258
vn 0.786202 0.577326 0.220413
vn 0.667562 0.741196 -0.070642
vn 0.199563 0.957973 0.206065
vn 0.871519 -0.014339 0.490152
vn 0.878583 -0.005184 0.477562
vn 0.964899 0.241982 0.102054
vn 0.847184 0.461728 -0.262842
vn 0.565269 0.621996 -0.541842
vn 0.438961 0.854973 -0.276287
vn 0.251012 -0.877833 -0.407925
vn 0.260537 -0.919561 -0.294158
vn 0.191866 -0.900138 -0.391073
vn 0.137532 -0.872783 -0.468332
vn 0.183004 -0.839360 -0.511844
vn 0.047806 -0.857683 -0.511951
vn 0.066895 -0.818310 -0.570871
vn 0.057737 -0.923423 -0.379416
vn 0.019208 -0.918342 -0.395322
vn -0.021481 -0.918857 -0.394006
vn -0.051320 -0.860013 -0.507685
vn -0.131060 -0.878226 -0.459937
vn -0.167746 -0.846069 -0.505992
vn -0.062894 -0.821334 -0.566970
vn -0.056229 -0.925187 -0.375322
vn -0.076556 -0.935713 -0.344355
vn -0.172673 -0.906332 -0.385677
vn -0.222378 -0.884569 -0.409983
vn -0.081685 -0.947327 -0.309677
vn -0.214521 0.662501 -0.717686
vn -0.611376 0.498613 -0.614495
vn -0.156244 0.885326 -0.437933
vn 0.153794 0.905797 -0.394814
vn 0.193218 0.695115 -0.692446
vn 0.049070 0.992937 0.108017
vn 0.125595 0.979677 0.156391
vn 0.167128 0.980735 0.101131
vn 0.221755 0.957592 0.183964
vn 0.270068 0.949567 0.159327
vn 0.271484 0.913819 0.302046
vn 0.312900 0.899250 0.305685
vn 0.260143 0.863123 0.432833
vn 0.335193 0.818501 0.466585
vn 0.219696 0.780496 0.585285
vn 0.268505 0.718070 0.642091
vn 0.074400 0.698902 0.711338
vn 0.087796 0.606928 0.789893
vn -0.160088 0.617901 0.769786
vn -0.207752 0.440427 0.873420
vn -0.494066 0.489745 0.718365
vn -0.671928 -0.206956 0.711113
vn -0.925164 -0.111384 0.362858
vn -0.915121 -0.232637 0.329294
vn -0.987876 -0.129913 -0.084996
vn -0.997663 0.064393 -0.022832
vn -0.876782 0.208835 -0.433177
vn -0.868276 0.168861 -0.466458
vn -0.549929 0.266959 -0.791398
vn -0.528751 0.125042 -0.839516
vn -0.077098 0.167473 -0.982857
vn -0.050145 0.113624 -0.992258
vn 0.364668 0.093553 -0.926426
vn 0.376538 0.061658 -0.924347
vn 0.740465 -0.028838 -0.671476
vn 0.753089 -0.033206 -0.657081
vn 0.958155 -0.147863 -0.245102
vn 0.958741 -0.156456 -0.237356
vn 0.932757 -0.305754 0.190996
vn 0.934048 -0.299643 0.194340
vn 0.729680 -0.412384 0.545441
vn 0.741073 -0.092151 0.665071
vn 0.371069 -0.114175 0.921559
vn 0.217701 0.539313 0.813479
vn -0.045993 0.508509 0.859828
vn -0.012687 0.856774 0.515536
vn -0.089141 0.865322 0.493226
vn -0.014198 0.934509 0.355655
vn -0.046139 0.936753 0.346937
vn -0.006143 0.945470 0.325650
vn -0.018888 0.947565 0.319005
vn -0.085996 -0.172072 -0.981324
vn -0.081485 -0.130555 -0.988087
vn -0.002694 -0.163904 -0.986473
vn -0.012264 -0.194345 -0.980857
vn -0.109167 -0.288551 -0.951221
vn -0.312852 -0.206566 -0.927067
vn -0.362468 -0.062720 -0.929883
vn 0.114567 -0.269179 -0.956252
vn 0.020051 -0.259707 -0.965479
vn 0.032327 -0.192210 -0.980821
vn 0.124657 -0.236193 -0.963677
vn 0.441709 -0.406829 -0.799615
vn 0.290451 -0.553428 -0.780613
vn 0.049102 -0.593058 -0.803661
vn 0.081374 -0.100683 -0.991585
vn 0.290501 0.159132 -0.943550
vn 0.223900 -0.075336 -0.971696
vn 0.054744 -0.148133 -0.987451
vn 0.019194 -0.152483 -0.988120
vn 0.024452 -0.106205 -0.994044
vn 0.105044 0.271171 -0.956782
vn -0.101266 -0.015552 -0.994738
vn -0.249548 0.256984 -0.933641
vn -0.089730 0.262617 -0.960719
vn -0.040565 -0.080062 -0.995964
vn -0.077974 -0.072308 -0.994330
vn -0.307770 0.095660 -0.946640
vn -0.011424 -0.131319 -0.991274
vn 0.467571 -0.883950 0.003159
vn 0.049522 -0.998708 0.011431
vn 0.056718 -0.997040 -0.051910
vn 0.473325 -0.878814 -0.060408
vn 0.832016 -0.547650 -0.088482
vn 0.826611 -0.562594 -0.014211
vn 0.984998 -0.120495 -0.123527
vn 0.991244 -0.126072 -0.039268
vn 0.940554 0.308894 -0.141222
vn 0.947513 0.313909 -0.060671
vn 0.671912 0.726439 -0.144295
vn 0.676975 0.732590 -0.070830
vn 0.255316 0.955448 -0.148100
vn 0.255118 0.963944 -0.075674
vn -0.138244 0.979966 -0.143372
vn -0.144044 0.987018 -0.071043
vn 0.250482 0.879907 -0.403761
vn -0.134506 0.903261 -0.407464
vn -0.500491 0.767460 -0.400643
vn -0.522619 0.843355 -0.124989
vn -0.532647 0.844527 -0.055330
vn -0.802660 0.469561 -0.367762
vn -0.841663 0.530785 -0.099353
vn -0.848042 0.528625 -0.037139
vn -0.938704 0.094205 -0.331602
vn -0.986417 0.145750 -0.075750
vn -0.989165 0.145536 -0.019286
vn -0.902921 -0.283122 -0.323382
vn -0.967540 -0.245440 -0.060210
vn -0.970123 -0.242584 -0.003818
vn -0.661701 -0.659426 -0.356805
vn -0.756835 -0.651367 -0.054058
vn -0.764235 -0.644874 0.009043
vn -0.365521 -0.929364 -0.051734
vn -0.372882 -0.927772 0.014071
vn -0.287490 -0.872913 -0.394173
vn 0.072013 -0.906726 -0.415526
vn -0.146892 -0.596502 -0.789055
vn 0.430573 -0.800149 -0.417574
vn 0.721245 -0.534954 -0.440034
vn 0.540924 -0.196354 -0.817831
vn 0.874079 -0.169793 -0.455144
vn 0.624005 0.091146 -0.776087
vn 0.867998 0.230068 -0.440055
vn 0.538536 0.462619 -0.704246
vn 0.647159 0.635185 -0.421575
vn 0.211772 0.726480 -0.653742
vn -0.123706 0.728105 -0.674211
vn -0.420846 0.598141 -0.681994
vn -0.649091 0.335235 -0.682860
vn -0.756814 0.030690 -0.652910
vn -0.689205 -0.276448 -0.669756
vn -0.415793 -0.533686 -0.736407
vn -0.022193 -0.276693 -0.960702
vn 0.011180 -0.194794 -0.980781
vn 0.017627 -0.174529 -0.984494
vn 0.041962 -0.177904 -0.983153
vn 0.145131 -0.182294 -0.972474
vn 0.654543 -0.523592 0.545367
vn 0.372159 -0.692925 0.617537
vn 0.594473 -0.767167 0.240950
vn 0.838827 -0.487261 0.242790
vn 0.900760 -0.190804 0.390161
vn 0.620632 -0.325281 0.713448
vn 0.259130 -0.469071 0.844289
vn 0.049306 0.920788 0.386934
vn -0.145997 0.728109 0.669733
vn 0.120234 0.672145 0.730592
vn 0.260104 0.881913 0.393162
vn -0.041994 0.989516 0.138187
vn -0.331182 0.831522 0.445971
vn 0.210114 0.976393 0.050084
vn 0.123509 -0.807792 -0.576383
vn 0.015542 -0.960986 -0.276162
vn -0.412656 -0.703363 -0.578788
vn -0.170101 -0.544475 -0.821348
vn 0.347764 -0.744453 -0.569956
vn 0.281165 -0.948753 -0.144267
vn 0.144601 -0.419909 -0.895973
vn 0.551999 0.300545 0.777798
vn 0.660263 0.507011 0.554069
vn 0.391847 0.636442 0.664378
vn 0.269728 0.301293 0.914587
vn 0.575208 0.059815 0.815817
vn 0.811923 0.253813 0.525700
vn 0.221378 -0.037861 0.974453
vn 0.554213 0.123586 -0.823150
vn 0.542638 0.301040 -0.784168
vn 0.794357 0.193528 -0.575799
vn 0.747403 -0.039329 -0.663206
vn 0.570970 -0.224222 -0.789758
vn 0.375261 0.053619 -0.925367
vn 0.284967 0.302193 -0.909656
vn 0.406981 0.727529 -0.552330
vn 0.569994 0.775093 -0.272650
vn 0.721454 0.566185 -0.398671
vn 0.477378 0.578283 -0.661589
vn 0.218544 0.619508 -0.753955
vn 0.201123 0.794020 -0.573656
vn 0.304761 0.915208 -0.263656
vn -0.530466 -0.814793 -0.233921
vn -0.242762 -0.967495 0.070851
vn -0.568414 -0.739121 0.361395
vn -0.838333 -0.537725 -0.089715
vn -0.748721 -0.350761 -0.562480
vn -0.775448 0.630381 -0.036058
vn -0.757563 0.561282 0.333259
vn -0.395224 0.912205 0.108078
vn -0.507249 0.807280 -0.301659
vn -0.649981 0.504710 -0.568148
vn -0.931839 0.307331 -0.192936
vn -0.951005 0.150978 0.269805
vn -0.983081 -0.113948 0.143416
vn -0.770550 -0.240262 0.590362
vn -0.738618 0.037792 0.673064
vn -0.598899 0.449999 0.662435
vn -0.943938 0.044712 -0.327081
vn -0.889938 -0.129801 -0.437220
vn -0.952363 -0.302528 0.038488
vn -0.670682 0.225395 -0.706671
vn -0.609198 0.035393 -0.792228
vn -0.447297 -0.213017 -0.868648
vn -0.295536 0.372561 -0.879691
vn -0.247399 0.172805 -0.953379
vn -0.096638 -0.089923 -0.991249
vn 0.053494 0.254851 -0.965500
vn 0.178960 -0.010018 -0.983805
vn 0.374336 -0.337149 -0.863830
vn 0.525067 -0.643295 -0.557205
vn 0.724144 -0.475146 -0.499852
vn 0.889422 -0.228308 -0.395986
vn 0.916170 -0.395232 -0.066509
vn 0.736600 -0.664123 -0.127911
vn 0.508716 -0.848550 -0.145501
vn 0.325060 -0.907533 0.265931
vn 0.054791 -0.969694 0.238098
vn 0.093423 -0.772951 0.627550
vn -0.197992 -0.797167 0.570373
vn -0.054421 -0.532137 0.844907
vn -0.367510 -0.528468 0.765283
vn -0.732709 -0.456897 0.504364
vn -0.424270 -0.304935 0.852648
vn -0.106542 -0.314001 0.943426
vn -0.106214 -0.066151 0.992140
vn -0.412073 -0.039419 0.910298
vn -0.033245 0.303127 0.952370
vn -0.322547 0.356244 0.876957
vn 0.233019 -0.263924 0.935973
vn 0.586345 -0.142256 0.797473
vn 0.862905 0.024207 0.504786
vn 0.971475 0.172167 0.163081
vn 0.873760 0.423027 0.239983
vn 0.994350 -0.093678 0.049929
vn 0.957424 0.043732 -0.285355
vn 0.935919 0.296212 -0.190564
vn 0.766849 0.386624 -0.512313
vn 0.846906 0.526640 -0.073486
vn 0.666975 0.744313 0.033797
vn 0.688475 0.649518 0.322688
vn 0.430804 0.900081 0.065286
vn 0.466724 0.797768 0.381752
vn 0.094071 0.959328 -0.266160
vn 0.013977 0.827455 -0.561357
vn -0.224124 0.845954 -0.483870
vn -0.131718 0.979129 -0.154778
vn -0.282994 0.611747 -0.738702
vn -0.003621 0.637157 -0.770726
vn 0.010422 0.451028 -0.892449
vn 0.259000 0.470554 -0.843503
vn 0.519039 0.444355 -0.730170
vn -0.103522 0.644362 -0.757681
vn -0.085899 0.613038 -0.785370
vn -0.370912 0.594011 -0.713845
vn -0.372617 0.700928 -0.608159
vn -0.219062 0.800615 -0.557699
vn -0.043250 0.658277 -0.751532
vn -0.019382 0.617212 -0.786558
vn -0.036336 0.554677 -0.831272
vn 0.007634 0.555546 -0.831451
vn -0.008655 0.197302 -0.980304
vn -0.182502 0.236231 -0.954404
vn -0.060329 0.583389 -0.809949
vn -0.007408 0.601238 -0.799035
vn -0.291455 0.390862 -0.873087
vn 0.042768 0.673013 -0.738393
vn 0.193009 0.828145 -0.526234
vn 0.315980 0.741200 -0.592266
vn 0.050777 0.640732 -0.766084
vn -0.002453 0.667561 -0.744551
vn 0.031465 0.850917 -0.524357
vn 0.005124 0.622991 -0.782212
vn 0.152687 0.534528 -0.831244
vn 0.510383 0.295076 -0.807737
vn 0.317012 0.194464 -0.928271
vn 0.080281 0.536608 -0.840004
vn 0.110515 0.581274 -0.806168
vn 0.489417 0.482365 -0.726495
vn 0.028464 0.594567 -0.803542
vn 0.040571 0.550341 -0.833953
vn 0.009962 0.598108 -0.801354
vn -0.003087 0.607728 -0.794140
vn 0.016690 0.607377 -0.794238
vn 0.070816 0.609044 -0.789969
vn 0.396350 0.616542 -0.680281
vn 0.622913 0.749430 -0.224353
vn 0.778351 0.508488 -0.368252
vn 0.825932 0.271437 -0.494125
vn 0.769915 0.014558 -0.637981
vn 0.920781 0.372863 -0.114613
vn 0.949532 0.104856 -0.295625
vn 0.859737 -0.181955 -0.477225
vn 0.607818 -0.449608 -0.654530
vn 0.532123 -0.219726 -0.817659
vn 0.975098 0.042926 -0.217583
vn 0.878708 -0.248236 -0.407739
vn 0.622798 -0.518541 -0.585865
vn 0.273405 -0.662317 -0.697557
vn 0.258151 -0.587572 -0.766888
vn -0.373339 -0.624231 -0.686261
vn -0.719505 -0.414340 -0.557347
vn -0.716922 -0.319144 -0.619815
vn -0.380815 -0.534086 -0.754806
vn -0.051841 -0.604393 -0.794998
vn -0.045605 -0.687540 -0.724713
vn -0.331246 -0.231401 -0.914729
vn -0.036254 -0.316033 -0.948056
vn 0.225177 -0.315944 -0.921670
vn 0.132599 0.198864 -0.971015
vn -0.598601 -0.014620 -0.800914
vn -0.728232 0.238369 -0.642541
vn -0.320492 0.513554 -0.795957
vn -0.906466 -0.016309 -0.421963
vn -0.937235 0.257416 -0.235217
vn -0.754906 0.448811 -0.478211
vn -0.928728 -0.098524 -0.357431
vn -0.968053 0.187175 -0.166853
vn -0.890617 0.453622 0.032072
vn -0.854652 0.517254 -0.044924
vn -0.618973 0.775628 0.123587
vn -0.474897 0.862811 -0.173293
vn -0.689467 0.654160 -0.310982
vn -0.659064 0.722628 0.208430
vn -0.305340 0.898627 0.315019
vn -0.277916 0.936667 0.213114
vn 0.082461 0.966462 0.243210
vn 0.076151 0.992361 -0.097058
vn -0.208627 0.971507 -0.112466
vn 0.078487 0.933243 0.350567
vn 0.458293 0.836424 0.300605
vn 0.448129 0.870548 0.203289
vn 0.908907 0.323843 0.262704
vn 0.941708 0.325171 0.086316
vn 0.837393 0.507560 0.202871
vn 0.908907 0.323843 0.262704
vn 0.753628 0.653718 0.068546
vn 0.372191 0.919817 -0.124137
vn -0.094508 0.837881 -0.537610
vn -0.022712 0.663082 -0.748202
vn -0.011164 0.622064 -0.782887
vn -0.017200 0.609579 -0.792539
vn -0.070153 0.598654 -0.797930
vn 0.086006 -0.958591 -0.271488
vn 0.071683 -0.992434 -0.099685
vn -0.303072 -0.943889 -0.131226
vn -0.244163 -0.894132 -0.375384
vn 0.413422 -0.812117 -0.411764
vn 0.459088 -0.871855 -0.170607
vn 0.082003 -0.706549 -0.702897
vn 0.822197 -0.236157 -0.517902
vn 0.906983 -0.205217 -0.367788
vn 0.765927 -0.582852 -0.271365
vn 0.652351 -0.576847 -0.491615
vn 0.429517 -0.361010 -0.827760
vn 0.712240 0.042130 -0.700671
vn 0.856212 0.140562 -0.497136
vn 0.002556 0.915404 0.402529
vn 0.002046 0.997105 0.076004
vn -0.349101 0.929256 0.120881
vn -0.254411 0.820560 0.511817
vn 0.241209 0.801858 0.546664
vn 0.359394 0.923472 0.134300
vn -0.053566 0.607522 0.792494
vn -0.835244 -0.086821 -0.542983
vn -0.910012 -0.024359 -0.413866
vn -0.761625 0.327976 -0.558891
vn -0.666819 0.188619 -0.720954
vn -0.753481 -0.413218 -0.511388
vn -0.871752 -0.377549 -0.312258
vn -0.519774 -0.178290 -0.835493
vn 0.687999 0.113846 0.716726
vn 0.465597 -0.126796 0.875867
vn 0.705026 -0.382026 0.597490
vn 0.897089 -0.011614 0.441698
vn 0.877273 0.335537 0.343230
vn 0.596570 0.386715 0.703247
vn 0.222706 0.219682 0.949811
vn -0.035526 -0.469068 0.882447
vn -0.033751 -0.749467 0.661181
vn 0.350429 -0.652109 0.672275
vn 0.240796 -0.315362 0.917913
vn -0.015402 0.030143 0.999427
vn -0.303921 -0.269420 0.913808
vn -0.423954 -0.630665 0.650019
vn -0.093532 0.599736 -0.794713
vn -0.080966 0.730654 -0.677930
vn 0.279305 0.679753 -0.678177
vn 0.207968 0.488697 -0.847304
vn -0.167222 0.148593 -0.974657
vn -0.421455 0.407709 -0.810030
vn -0.456179 0.603831 -0.653674
vn -0.717815 0.385711 0.579629
vn -0.900462 0.314914 0.299995
vn -0.899906 -0.009394 0.435982
vn -0.650301 0.165724 0.741380
vn -0.310299 0.422369 0.851657
vn -0.486491 0.659390 0.573176
vn -0.691301 0.694118 0.200757
vn -0.388539 0.911884 -0.132309
vn -0.772332 0.633934 -0.040385
vn -0.965544 0.244732 0.088498
vn -0.793042 0.581083 -0.182833
vn -0.980388 0.190604 -0.050106
vn -0.981869 -0.175649 0.071281
vn -0.972021 -0.109050 0.208046
vn -0.797973 -0.569210 0.198090
vn -0.804612 -0.490220 0.335088
vn -0.747872 -0.329104 0.576522
vn -0.523557 -0.048925 0.850585
vn -0.426735 -0.793580 0.433737
vn -0.412157 -0.861517 0.296506
vn -0.002072 -0.944656 0.328055
vn -0.020993 -0.884921 0.465268
vn 0.413194 -0.860528 0.297929
vn 0.388785 -0.806730 0.445009
vn 0.804844 -0.559755 0.197230
vn 0.788180 -0.507292 0.348464
vn 0.985396 -0.156804 0.066393
vn 0.971470 -0.107293 0.211504
vn 0.973237 0.221476 -0.061301
vn 0.961996 0.258190 0.088888
vn 0.767538 0.610988 -0.193853
vn 0.762613 0.645564 -0.040853
vn 0.689258 0.678908 0.252995
vn 0.454174 0.619916 0.639867
vn 0.374788 0.917363 -0.134087
vn 0.375868 0.883111 -0.280780
vn -0.018998 0.953387 -0.301152
vn -0.007606 0.987531 -0.157240
vn -0.415135 0.866883 -0.276001
vn -0.031697 0.918045 -0.395206
vn -0.430759 0.825002 -0.365812
vn -0.802210 0.532327 -0.270348
vn -0.443818 0.777223 -0.446038
vn -0.807657 0.476447 -0.347403
vn -0.971813 0.091753 -0.217164
vn -0.979933 0.141633 -0.140255
vn -0.957741 -0.270347 -0.098209
vn -0.973934 -0.226040 -0.018923
vn -0.750440 -0.660377 0.027250
vn -0.777480 -0.619214 0.109996
vn -0.358570 -0.926063 0.117625
vn -0.388922 -0.898380 0.204092
vn 0.038699 -0.989469 0.139473
vn 0.018025 -0.972991 0.230141
vn 0.447666 -0.888084 0.104410
vn 0.431952 -0.879741 0.198679
vn 0.815788 -0.578348 0.001911
vn 0.811186 -0.576513 0.098032
vn 0.974546 -0.185632 -0.125703
vn 0.983656 -0.176953 -0.033288
vn 0.951298 0.182900 -0.248154
vn 0.966788 0.200062 -0.159050
vn 0.731668 0.567104 -0.378226
vn 0.755599 0.587943 -0.288778
vn 0.340032 0.820427 -0.459649
vn 0.363223 0.852851 -0.375120
vn -0.047006 0.877697 -0.476904
vn 0.307932 0.773503 -0.553959
vn -0.063621 0.821459 -0.566708
vn -0.451700 0.710716 -0.539304
vn -0.802931 0.403800 -0.438461
vn -0.951610 0.036076 -0.305183
vn -0.929742 -0.314895 -0.190844
vn -0.655310 -0.721162 -0.224710
vn -0.713778 -0.696433 -0.074173
vn -0.323534 -0.946098 0.014961
vn 0.057138 -0.997708 0.036244
vn 0.457004 -0.889418 -0.009148
vn 0.810118 -0.574737 -0.115694
vn 0.953723 -0.191051 -0.232189
vn 0.922115 0.162419 -0.351176
vn 0.623755 0.465719 -0.627723
vn 0.691619 0.536080 -0.484027
vn 0.499213 0.312190 -0.808284
vn 0.154115 -0.096138 -0.983365
vn -0.267296 -0.500215 -0.823612
vn -0.548128 -0.708182 -0.445009
vn 0.093203 0.439269 0.893508
vn -0.191716 0.233152 0.953355
vn 0.103772 0.206840 -0.972856
vn 0.068660 0.224735 -0.971998
vn 0.244057 0.549290 -0.799198
vn 0.382086 0.388071 -0.838696
vn 0.096629 0.163027 -0.981878
vn 0.063672 0.173107 -0.982843
vn 0.354985 0.200371 -0.913147
vn 0.128200 0.131596 -0.982979
vn 0.116956 0.137541 -0.983567
vn 0.303480 0.026752 -0.952462
vn 0.243123 -0.045326 -0.968936
vn 0.092492 0.151410 -0.984134
vn 0.082420 0.163431 -0.983106
vn 0.124221 -0.065606 -0.990083
vn -0.113405 0.353583 -0.928503
vn -0.291825 0.628534 -0.720960
vn -0.076589 0.639282 -0.765149
vn -0.012877 0.297382 -0.954672
vn 0.014353 0.213541 -0.976829
vn -0.107025 0.288407 -0.951508
vn -0.431246 0.462323 -0.774780
vn -0.014023 0.169518 -0.985427
vn 0.048514 0.163748 -0.985309
vn -0.089668 -0.085300 -0.992312
vn -0.300317 -0.040019 -0.952999
vn -0.410195 0.128295 -0.902929
vn -0.045502 0.202485 -0.978228
vn 0.044222 0.189435 -0.980897
vn -0.209315 -0.940552 -0.267485
vn -0.559195 -0.792468 -0.243506
vn -0.523662 -0.769630 -0.365304
vn -0.183319 -0.899798 -0.395926
vn 0.142122 -0.905421 -0.400017
vn 0.126781 -0.955307 -0.267049
vn 0.498020 -0.784649 -0.369191
vn 0.500865 -0.830352 -0.244233
vn -0.075955 -0.558388 -0.826096
vn 0.170217 -0.538521 -0.825241
vn 0.424660 -0.441158 -0.790597
vn 0.632120 -0.241892 -0.736147
vn 0.812318 -0.489852 -0.316518
vn 0.956258 -0.118891 -0.267275
vn 0.978233 -0.136787 -0.156041
vn 0.830203 -0.519567 -0.202024
vn 0.723480 0.007534 -0.690304
vn 0.739846 0.241922 -0.627775
vn 0.951542 0.215468 -0.219411
vn 0.330998 0.102719 -0.938024
vn 0.101740 0.144044 -0.984327
vn 0.074652 0.164590 -0.983533
vn 0.055603 0.180581 -0.981987
vn 0.045118 0.190512 -0.980648
vn 0.065870 0.173127 -0.982694
vn 0.027602 0.201811 -0.979036
vn 0.071602 0.159372 -0.984619
vn 0.028310 -0.075208 -0.996766
vn -0.351025 -0.503465 -0.789496
vn -0.819975 -0.478862 -0.313579
vn -0.641564 -0.301065 -0.705518
vn -0.959843 -0.123088 -0.252092
vn -0.791727 -0.001275 -0.610873
vn -0.958679 0.212737 -0.188886
vn -0.800439 0.276636 -0.531762
vn -0.424878 0.294310 -0.856073
vn -0.699117 0.561681 -0.442437
vn -0.076872 0.243884 -0.966753
vn -0.820108 0.557544 -0.128713
vn -0.507695 0.855131 -0.104868
vn -0.420912 0.813054 -0.402214
vn -0.136290 0.983544 -0.118599
vn -0.114521 0.900411 -0.419697
vn 0.195437 0.971842 -0.131632
vn 0.142106 0.888766 -0.435776
vn 0.071625 0.589607 -0.804509
vn 0.426594 0.782929 -0.452813
vn 0.032838 0.252186 -0.967122
vn 0.529716 0.836643 -0.139392
vn 0.814109 0.556137 -0.167146
vn 0.666291 0.530577 -0.523969
vn 0.541530 0.838623 -0.058785
vn 0.823859 0.561204 -0.079414
vn 0.969519 0.216314 -0.115069
vn -0.981017 -0.125375 -0.147940
vn -0.970397 0.219921 -0.099824
vn -0.849654 -0.488567 -0.198471
vn -0.818181 0.572320 -0.055041
vn -0.506251 0.861655 -0.035499
vn -0.139483 0.989313 -0.042481
vn 0.202192 0.977988 -0.051560
vn 0.034280 -0.092328 -0.995138
vn 0.029397 -0.080501 -0.996321
vn 0.289169 -0.079114 -0.954003
vn 0.244374 -0.179212 -0.952977
vn 0.119211 -0.251061 -0.960603
vn 0.008589 -0.105491 -0.994383
vn 0.004900 -0.083484 -0.996497
vn 0.015765 -0.031182 -0.999389
vn 0.021202 -0.062896 -0.997795
vn 0.008054 -0.070345 -0.997490
vn 0.018964 -0.041235 -0.998969
vn 0.148256 0.116739 -0.982035
vn 0.229069 0.019449 -0.973216
vn 0.072266 0.131361 -0.988697
vn 0.018401 -0.339178 -0.940542
vn -0.113247 -0.743314 -0.659288
vn -0.331442 -0.506447 -0.796026
vn -0.042585 -0.176080 -0.983454
vn 0.014282 -0.121540 -0.992484
vn 0.061071 -0.328502 -0.942527
vn 0.114374 -0.744793 -0.657421
vn -0.152692 0.027337 -0.987896
vn -0.486515 0.326231 -0.810479
vn -0.219985 0.461562 -0.859399
vn -0.048370 0.045027 -0.997814
vn -0.007951 -0.066295 -0.997768
vn -0.122799 -0.051499 -0.991095
vn -0.571090 0.073884 -0.817556
vn 0.451094 0.875800 -0.171723
vn 0.773626 0.614583 -0.154243
vn 0.743054 0.621584 -0.248002
vn 0.412645 0.871006 -0.266596
vn 0.055982 0.960139 -0.273860
vn 0.086161 0.979860 -0.180143
vn -0.327169 0.906967 -0.265275
vn -0.303306 0.936674 -0.175063
vn 0.355038 0.784874 -0.507858
vn 0.037855 0.852763 -0.520925
vn -0.317151 0.794372 -0.518062
vn -0.665130 0.572425 -0.479512
vn -0.710031 0.667114 -0.225421
vn 0.017193 0.522685 -0.852352
vn 0.230447 0.529444 -0.816445
vn 0.017100 0.075361 -0.997010
vn 0.012065 -0.058162 -0.998234
vn 0.005774 -0.075859 -0.997102
vn -0.005249 -0.080489 -0.996742
vn -0.000978 -0.086508 -0.996251
vn -0.078219 -0.112742 -0.990541
vn -0.098111 -0.089151 -0.991174
vn 0.005420 -0.087203 -0.996176
vn 0.004585 -0.118695 -0.992920
vn 0.065094 -0.297623 -0.952462
vn 0.427934 -0.537908 -0.726311
vn 0.244982 -0.665266 -0.705269
vn 0.643037 -0.674426 -0.362841
vn 0.367888 -0.863630 -0.344675
vn 0.114946 -0.939430 -0.322893
vn 0.409915 -0.905525 -0.109519
vn 0.106533 -0.990367 -0.088456
vn -0.215043 -0.972487 -0.089586
vn -0.186771 -0.927471 -0.323905
vn -0.572130 -0.812057 -0.115027
vn -0.519924 -0.759419 -0.391104
vn -0.859444 -0.491583 -0.140363
vn -0.762122 -0.467349 -0.448057
vn -0.431842 -0.297008 -0.851645
vn -0.876769 -0.146108 -0.458180
vn -0.500136 -0.131864 -0.855848
vn -0.873248 0.209322 -0.440024
vn -0.981601 -0.114041 -0.153146
vn -0.943663 0.281599 -0.173787
vn -0.993580 -0.099371 -0.054075
vn -0.947093 0.309946 -0.083358
vn -0.692165 0.707990 -0.140210
vn -0.870573 -0.490558 -0.038137
vn -0.576644 -0.816824 -0.016713
vn -0.213147 -0.977012 0.003871
vn 0.109379 -0.993953 0.009666
vn 0.423345 -0.905906 -0.010603
vn 0.706604 -0.693103 -0.142545
vn 0.722009 -0.690028 -0.050639
vn 0.908432 -0.379711 -0.174846
vn 0.921823 -0.376926 -0.090382
vn 0.843678 -0.373812 -0.385320
vn 0.908466 -0.062716 -0.413227
vn 0.977812 -0.053372 -0.202569
vn 0.623179 -0.318910 -0.714104
vn 0.702201 -0.071940 -0.708335
vn 0.639077 0.177879 -0.748291
vn 0.861228 0.246352 -0.444520
vn 0.668495 0.568015 -0.480077
vn 0.934589 0.275248 -0.225350
vn 0.456062 0.404136 -0.792894
vn 0.952094 0.275070 -0.133619
vn 0.991963 -0.051215 -0.115700
vn 0.445446 0.881087 0.158945
vn 0.478838 0.867206 0.136632
vn 0.523157 0.687572 -0.503538
vn 0.446495 0.889416 0.097882
vn 0.284815 0.896264 0.339986
vn 0.305289 0.879392 0.365333
vn 0.320320 0.866449 0.382964
vn -0.291561 -0.608553 -0.738008
vn 0.436906 -0.709381 -0.553074
vn -0.013342 -0.986956 -0.160437
vn -0.577698 -0.614324 -0.537468
vn -0.290246 -0.408960 -0.865164
vn 0.491820 -0.311860 -0.812931
vn -0.662137 -0.404987 -0.630524
vn 0.940458 -0.118162 0.318712
vn 0.781965 -0.157113 0.603196
vn 0.596531 -0.705313 0.382993
vn 0.878636 -0.464280 -0.111546
vn 0.977190 0.000049 0.212368
vn 0.828428 0.033561 0.559089
vn 0.925030 -0.147572 -0.350061
vn 0.489044 0.871396 0.038804
vn 0.480648 0.875442 0.050781
vn 0.552302 0.830205 -0.075642
vn 0.547328 0.834602 -0.062226
vn 0.406661 0.904334 0.129643
vn 0.376222 0.906133 0.193337
vn 0.487373 0.873177 -0.005443
vn -0.493066 -0.794692 -0.354048
vn -0.497106 -0.824252 -0.271099
vn -0.339301 -0.802217 -0.491246
vn -0.359609 -0.770171 -0.526800
vn -0.547487 -0.778880 -0.305948
vn -0.439144 -0.827806 -0.349128
vn -0.474647 -0.739570 -0.477227
vn 0.594044 -0.025276 0.804035
vn 0.727068 -0.049575 0.684773
vn 0.749523 0.036925 0.660948
vn 0.570403 0.039530 0.820413
vn 0.313047 -0.355978 0.880501
vn 0.471258 -0.476585 0.742147
vn 0.242538 -0.092816 0.965692
vn -0.609792 -0.789038 -0.074651
vn -0.671386 -0.740245 0.035764
vn -0.638321 -0.766852 0.066966
vn -0.564586 -0.823359 -0.057647
vn -0.573218 -0.817770 -0.051704
vn -0.629049 -0.768751 -0.115414
vn -0.706570 -0.706894 -0.032549
vn -0.771701 -0.387003 -0.504685
vn -0.830161 -0.399221 -0.389172
vn -0.779559 -0.537782 -0.321057
vn -0.865693 -0.462767 -0.190846
vn -0.949511 -0.313247 -0.017445
vn -0.816286 -0.345810 -0.462701
vn -0.846087 -0.360929 -0.392260
vn -0.862279 -0.318730 -0.393556
vn -0.845467 -0.337799 -0.413615
vn -0.863083 -0.337067 -0.376130
vn -0.859086 -0.358132 -0.365668
vn -0.857189 -0.385842 -0.341106
vn -0.822598 -0.501184 -0.268602
vn -0.735914 -0.367938 -0.568377
vn -0.742940 -0.408265 -0.530434
vn -0.728584 -0.557725 -0.397629
vn -0.689002 -0.666457 -0.284801
vn -0.769025 -0.599237 -0.222521
vn -0.566280 -0.411979 -0.713863
vn -0.544758 -0.585118 -0.600730
vn -0.494629 -0.719025 -0.488206
vn 0.240640 -0.866316 0.437708
vn 0.457294 -0.581538 0.672827
vn 0.464803 -0.516835 0.718915
vn 0.190088 -0.802825 0.565100
vn -0.508195 -0.576098 -0.640195
vn -0.131407 -0.971811 -0.195745
vn 0.489175 -0.651909 0.579416
vn 0.639759 -0.130867 0.757352
vn 0.590314 -0.077699 0.803425
vn 0.576378 0.041073 0.816150
vn 0.681497 0.041844 0.730624
vn 0.680058 -0.050964 0.731385
vn 0.668730 0.030714 0.742871
vn 0.865449 0.068005 0.496361
vn 0.705478 0.071609 0.705105
vn 0.572144 0.077364 0.816496
vn 0.733139 0.101030 0.672533
vn 0.578757 0.101563 0.809151
vn 0.672944 0.103265 0.732449
vn 0.672681 0.078748 0.735730
vn 0.740174 0.097929 0.665246
vn 0.745065 0.071026 0.663200
vn 0.534053 0.089146 0.840738
vn 0.551233 0.067526 0.831615
vn 0.216421 0.063600 0.974226
vn 0.236550 0.033461 0.971043
vn -0.467959 -0.066953 0.881210
vn 0.020011 -0.001630 0.999798
vn 0.071879 -0.189309 0.979283
vn 0.140157 -0.542569 0.828236
vn -0.890202 -0.452918 0.049043
vn -0.897284 -0.243948 0.367929
vn -0.759219 -0.609613 -0.227944
vn 0.151838 -0.754267 0.638770
vn -0.958122 -0.252802 0.134513
vn -0.437998 -0.011527 0.898902
vn -0.941872 -0.198731 0.270893
vn -0.906422 -0.288284 -0.308693
vn -0.938259 -0.132972 0.319357
vn -0.931426 -0.248552 -0.265833
vn -0.866618 -0.270921 -0.419017
vn -0.854172 -0.307869 -0.419055
vn -0.873614 -0.272196 -0.403370
vn -0.867623 -0.306431 -0.391574
vn -0.775570 -0.285315 -0.563104
vn -0.761600 -0.313503 -0.567169
vn -0.745591 -0.343748 -0.570903
vn -0.586375 -0.310805 -0.748041
vn -0.573187 -0.339359 -0.745850
vn -0.565123 -0.365088 -0.739829
vn -0.614179 -0.332569 -0.715668
vn -0.610067 -0.361778 -0.704936
vn -0.585419 -0.410238 -0.699278
vn -0.640010 -0.351248 -0.683383
vn -0.599586 -0.319971 -0.733563
vn -0.168021 -0.280869 -0.944924
vn -0.243907 -0.324840 -0.913777
vn 0.433873 -0.172770 -0.884254
vn 0.432762 -0.210039 -0.876699
vn 0.882063 -0.042092 -0.469247
vn 0.905252 -0.065766 -0.419754
vn 0.996933 0.052449 0.058090
vn 0.990916 0.033373 0.130277
vn 0.892129 0.091096 0.442501
vn 0.992995 0.117151 0.015361
vn 0.897757 0.166067 0.407989
vn 0.730867 0.182861 0.657567
vn 0.866273 0.295925 0.402492
vn 0.685734 0.315500 0.655918
vn 0.577965 0.307514 0.755905
vn 0.586841 0.176162 0.790306
vn 0.697246 0.295349 0.653160
vn 0.685094 0.168086 0.708797
vn 0.732697 0.284987 0.618011
vn 0.740836 0.163306 0.651532
vn 0.513874 0.265751 0.815665
vn 0.519872 0.146974 0.841506
vn 0.172217 0.217111 0.960835
vn 0.189960 0.110472 0.975557
vn -0.434574 0.080949 0.896991
vn 0.191514 0.338691 0.921201
vn -0.435616 0.167645 0.884383
vn -0.949299 -0.111281 0.294020
vn -0.426784 0.206636 0.880430
vn -0.952346 -0.194714 0.234784
vn -0.895554 -0.349617 -0.275229
vn -0.928900 -0.251864 -0.271494
vn -0.868002 -0.367317 -0.334142
vn -0.874375 -0.274260 -0.400312
vn -0.866245 -0.379183 -0.325332
vn -0.877962 -0.280233 -0.388139
vn -0.745779 -0.417369 -0.519247
vn -0.774488 -0.303619 -0.554963
vn -0.559151 -0.425785 -0.711378
vn -0.592112 -0.308064 -0.744647
vn -0.597483 -0.286406 -0.748989
vn -0.582689 -0.310343 -0.751106
vn -0.594340 -0.283808 -0.752471
vn -0.604656 -0.304719 -0.735892
vn -0.534579 -0.274297 -0.799366
vn -0.557141 -0.293160 -0.776950
vn -0.088757 -0.211815 -0.973271
vn -0.106235 -0.241218 -0.964639
vn 0.462465 -0.073171 -0.883613
vn 0.452517 -0.126377 -0.882756
vn 0.867169 0.100601 -0.487747
vn 0.873155 0.013241 -0.487264
vn 0.972746 0.231702 0.008965
vn 0.869982 0.179470 -0.459263
vn 0.937205 0.345275 0.049323
vn 0.800196 0.418011 0.430061
vn 0.892793 0.435981 0.113322
vn 0.726335 0.500329 0.471283
vn 0.515889 0.502051 0.694121
vn 0.603886 0.435302 0.667708
vn 0.508658 0.511637 0.692456
vn 0.548305 0.436390 0.713391
vn 0.703937 0.516165 0.487900
vn 0.700221 0.430517 0.569513
vn 0.729833 0.502511 0.463493
vn 0.725971 0.412783 0.550070
vn 0.560769 0.494958 0.663743
vn 0.526735 0.394975 0.752692
vn 0.252932 0.440297 0.861489
vn 0.575204 0.590579 0.566001
vn 0.294459 0.538359 0.789597
vn 0.053146 0.453141 0.889853
vn 0.268090 0.647082 0.713731
vn 0.041519 0.553470 0.831833
vn -0.827260 -0.157173 0.539387
vn -0.811664 -0.267787 0.519127
vn -0.848679 -0.469764 0.243035
vn -0.913659 -0.347526 0.210838
vn -0.766329 -0.635541 -0.093953
vn -0.834878 -0.507202 -0.213834
vn -0.764593 -0.641196 -0.065305
vn -0.829213 -0.517718 -0.210651
vn -0.735861 -0.668779 -0.106038
vn -0.815475 -0.536126 -0.218103
vn -0.593040 -0.729281 -0.341252
vn -0.680613 -0.588841 -0.435926
vn -0.423409 -0.736195 -0.527961
vn -0.496216 -0.598264 -0.629166
vn -0.421703 -0.742199 -0.520871
vn -0.493002 -0.605275 -0.624973
vn -0.554424 -0.433290 -0.710544
vn -0.435400 -0.599547 -0.671543
vn -0.512403 -0.435329 -0.740224
vn -0.532301 -0.309769 -0.787844
vn -0.083149 -0.340280 -0.936641
vn -0.097592 -0.237469 -0.966480
vn 0.518627 -0.069743 -0.852151
vn 0.474880 -0.052146 -0.878504
vn 0.884542 0.245007 -0.396935
vn 0.587616 -0.070900 -0.806028
vn 0.875523 0.337633 -0.345633
vn 0.823296 0.551861 0.132795
vn 0.831041 0.448916 -0.328397
vn 0.728458 0.677779 0.099828
vn 0.544940 0.735255 0.403039
vn 0.639258 0.611426 0.466377
vn 0.349278 0.704530 0.617772
vn 0.424634 0.592289 0.684748
vn 0.392867 0.701125 0.595046
vn 0.449049 0.597868 0.664010
vn 0.658564 0.689920 0.300505
vn 0.688872 0.602639 0.402842
vn 0.680049 0.678358 0.278142
vn 0.719729 0.587916 0.369249
vn 0.534382 0.696158 0.479374
vn 0.625959 0.737220 0.254327
vn 0.455914 0.768933 0.448202
vn 0.192485 0.719394 0.667399
vn 0.324313 0.867175 0.377928
vn 0.093320 0.793210 0.601755
vn -0.091076 0.677829 0.729556
vn -0.013755 0.623929 0.781360
vn -0.779043 -0.364387 0.510209
vn -0.756260 -0.467129 0.458107
vn -0.739539 -0.610566 0.283357
vn -0.780499 -0.552175 0.293129
vn -0.686658 -0.720060 0.100073
vn -0.704327 -0.708667 0.041417
vn -0.688979 -0.716333 0.110342
vn -0.697045 -0.714093 0.064804
vn -0.632032 -0.774937 -0.002838
vn -0.650415 -0.759324 -0.019687
vn -0.479549 -0.844313 -0.239100
vn -0.500185 -0.825897 -0.260213
vn -0.364578 -0.853339 -0.372688
vn -0.358455 -0.835915 -0.415640
vn -0.368115 -0.860870 -0.351276
vn -0.353020 -0.844839 -0.402025
vn -0.192185 -0.828163 -0.526509
vn -0.202341 -0.820076 -0.535288
vn -0.326483 -0.729693 -0.600797
vn 0.273831 -0.538676 -0.796772
vn 0.135637 -0.524660 -0.840437
vn 0.003832 -0.457680 -0.889109
vn 0.650475 -0.026418 -0.759068
vn 0.701582 0.037943 -0.711578
vn 0.791052 0.526131 -0.312128
vn 0.648488 0.142411 -0.747785
vn 0.684398 0.630582 -0.366013
vn 0.560186 0.828123 -0.020106
vn 0.673850 0.735756 0.067741
vn 0.417026 0.878528 0.232977
vn 0.519999 0.781357 0.345083
vn 0.252884 0.858012 0.447063
vn 0.354513 0.748684 0.560172
vn 0.321541 0.874766 0.362485
vn 0.402662 0.745258 0.531465
vn 0.553786 0.830060 0.065740
vn 0.654118 0.724208 0.218293
vn 0.477519 0.858402 0.187407
vn 0.400292 0.910448 -0.104173
vn 0.331252 0.941567 0.061017
vn 0.238410 0.937903 0.251990
vn 0.392134 0.919518 0.026803
vn 0.313088 0.929510 0.194905
vn 0.083623 0.868001 0.489470
vn 0.042880 0.858097 0.511694
vn -0.168771 0.686841 0.706941
vn -0.144044 0.714970 0.684156
vn -0.720948 -0.598951 0.348557
vn -0.635344 -0.740449 0.219257
vn -0.608818 -0.785643 0.110022
vn -0.698123 -0.686738 0.202525
vn -0.604726 -0.795661 0.035059
vn -0.675731 -0.733479 0.073455
vn -0.657021 -0.746518 0.105041
vn -0.700135 -0.706921 0.100368
vn -0.638274 -0.768748 0.040406
vn -0.653841 -0.756632 -0.000499
vn -0.512626 -0.834443 -0.202287
vn -0.509550 -0.826197 -0.240325
vn -0.369964 -0.829201 -0.418989
vn -0.392758 -0.826579 -0.403122
vn -0.400038 -0.830344 -0.387941
vn -0.422933 -0.830223 -0.363121
vn -0.422361 -0.839472 -0.341902
vn -0.314258 -0.817059 -0.483381
vn -0.054377 -0.654208 -0.754357
vn 0.135501 -0.497404 -0.856872
vn 0.278036 -0.490949 -0.825630
vn 0.523482 0.225749 -0.821587
vn 0.483683 0.207060 -0.850398
vn 0.493546 0.792740 -0.357738
vn 0.528214 0.736758 -0.422110
vn 0.347651 0.937023 -0.033580
vn 0.383711 0.918065 -0.099610
vn 0.198821 0.961180 0.191321
vn 0.222822 0.966624 0.126444
vn 0.112327 0.941686 0.317192
vn 0.074504 0.948822 0.306899
vn 0.304192 0.948683 0.086415
vn 0.196075 0.967999 0.156632
vn 0.450998 0.884712 -0.117839
vn 0.443844 0.891635 0.089385
vn 0.537569 0.839149 -0.082756
vn 0.471718 0.880522 0.046505
vn 0.375738 0.905360 0.197850
vn -0.007167 0.871129 0.491002
vn 0.085169 0.850331 0.519311
vn -0.349627 0.677286 0.647337
vn -0.217992 0.640240 0.736595
vn -0.586381 -0.799280 0.131560
vn -0.606012 -0.795118 0.023152
vn -0.552023 -0.833105 0.034753
vn -0.551468 -0.834095 -0.012975
vn -0.624288 -0.775848 0.091241
vn -0.624424 -0.781046 0.007827
vn -0.620843 -0.782601 0.045705
vn -0.518295 -0.827542 -0.215744
vn -0.510539 -0.838887 -0.188729
vn -0.373092 -0.818587 -0.436713
vn -0.359489 -0.831199 -0.424117
vn -0.359376 -0.823551 -0.438877
vn -0.474881 -0.843058 -0.252472
vn -0.258456 -0.811523 -0.524053
vn -0.230117 -0.766268 -0.599900
vn 0.095848 -0.570089 -0.815973
vn 0.620678 0.591331 -0.514866
vn 0.590800 0.482379 -0.646735
vn 0.604375 0.724419 -0.331584
vn 0.578218 0.765947 -0.281053
vn 0.464885 0.878078 0.113405
vn 0.433692 0.897834 0.076193
vn 0.315311 0.882429 0.349138
vn 0.291472 0.906892 0.304289
vn 0.306168 0.880124 0.362827
vn 0.252864 0.896950 0.362686
vn 0.481842 0.872355 0.082610
vn 0.347323 0.871996 0.344949
vn 0.501901 0.861790 0.073584
vn 0.361429 0.878194 0.313280
vn 0.491105 0.868510 0.067129
vn 0.356962 0.886442 0.294617
vn 0.473500 0.878184 0.067754
vn 0.450149 0.892639 0.023685
vn -0.692540 0.720940 0.025163
vn -0.709334 0.669176 -0.221470
vn -0.710458 0.666432 -0.226094
vn -0.693480 0.720472 0.002419
vn -0.555517 0.728105 0.401578
vn -0.090322 0.941955 0.323362
vn -0.645595 -0.755460 -0.111745
vn -0.719450 -0.689980 -0.079494
vn -0.745116 -0.653692 -0.132245
vn -0.708249 -0.698859 -0.099900
vn -0.617742 -0.670675 -0.410596
vn -0.596221 -0.722674 -0.349661
vn -0.544489 -0.794001 -0.270358
vn -0.650723 -0.757926 -0.045914
vn -0.440086 -0.713006 -0.545845
vn -0.398398 -0.782222 -0.478966
vn -0.613375 -0.331077 -0.717049
vn -0.466980 -0.333813 -0.818840
vn -0.543063 -0.777121 -0.318065
vn -0.624094 0.168616 -0.762939
vn -0.256842 0.141721 -0.956006
vn 0.353371 0.346915 -0.868780
vn -0.733993 0.533964 -0.419686
vn -0.733234 0.499377 -0.461508
vn 0.916002 0.355017 -0.186824
vn 0.974119 0.139177 -0.178108
vn 0.805172 0.208253 -0.555274
vn 0.770071 0.432012 -0.469421
vn 0.906723 0.406426 0.112567
vn 0.967433 0.084523 0.238599
vn 0.741129 0.633670 -0.221788
vn -0.655770 0.610144 0.444624
vn -0.673923 0.738038 0.033570
vn -0.932028 0.362326 0.006613
vn -0.817989 0.271940 0.506895
vn -0.381494 0.643370 0.663730
vn -0.344509 0.915136 0.209378
vn -0.474583 0.235284 0.848182
vn 0.491244 -0.126339 -0.861811
vn 0.720783 -0.252191 -0.645657
vn 0.450176 -0.415865 -0.790189
vn 0.192761 -0.184182 -0.963805
vn 0.496325 0.065247 -0.865682
vn 0.821642 0.004160 -0.569989
vn 0.105920 0.057416 -0.992716
vn -0.704466 -0.696274 -0.137587
vn -0.902867 -0.424229 -0.069727
vn -0.779790 -0.358392 -0.513306
vn -0.510541 -0.692570 -0.509602
vn -0.496211 -0.849426 0.179581
vn -0.772343 -0.513348 0.374113
vn -0.106324 -0.960217 -0.258222
vn 0.082168 -0.786099 0.612615
vn 0.361447 -0.787078 0.499865
vn 0.341808 -0.511760 0.788207
vn -0.019284 -0.533029 0.845877
vn -0.231382 -0.883981 0.406252
vn 0.193915 -0.974251 0.115035
vn -0.477502 -0.560344 0.676762
vn -0.091643 0.994280 -0.054857
vn -0.311425 0.925750 -0.214480
vn -0.060068 0.923211 0.379569
vn 0.084888 0.986642 -0.139035
vn -0.164238 0.883105 -0.439490
vn 0.244114 0.897281 0.367826
vn 0.600337 -0.731732 0.322743
vn 0.676430 -0.571737 0.464283
vn 0.512353 -0.525925 0.678894
vn 0.493094 -0.755842 0.430768
vn 0.606374 -0.790492 -0.086212
vn 0.784997 -0.619197 0.019341
vn 0.428587 -0.902732 -0.037259
vn 0.196528 0.831169 -0.520129
vn 0.449643 0.843747 -0.293108
vn 0.528298 0.668228 -0.523806
vn 0.151269 0.681465 -0.716047
vn -0.164045 0.705880 -0.689073
vn -0.004889 0.869736 -0.493494
vn 0.264351 0.948257 -0.175862
vn 0.485608 0.839294 0.244481
vn 0.661485 0.748886 0.040084
vn 0.806224 0.429824 0.406515
vn 0.607274 0.468706 0.641509
vn 0.589310 0.037016 0.807058
vn 0.815530 0.043879 0.577050
vn 0.321840 0.533941 0.781874
vn 0.319700 0.084996 0.943699
vn 0.298954 -0.192382 0.934674
vn 0.542544 -0.228768 0.808277
vn -0.046925 0.603881 0.795692
vn -0.055043 0.167523 0.984330
vn -0.069428 -0.131650 0.988862
vn -0.065117 -0.315774 0.946597
vn 0.306143 -0.335418 0.890938
vn -0.531960 -0.073574 0.843567
vn -0.539074 -0.303793 0.785563
vn -0.874380 -0.032588 0.484146
vn -0.860584 -0.267655 0.433308
vn -0.999359 0.035723 -0.002191
vn -0.979620 -0.198777 -0.028839
vn -0.873770 0.136719 -0.466728
vn -0.870223 -0.111533 -0.479867
vn -0.606315 0.227989 -0.761842
vn -0.617441 -0.029771 -0.786054
vn -0.524512 -0.303736 -0.795382
vn -0.243504 -0.620535 -0.745414
vn -0.277527 0.029108 -0.960277
vn -0.174832 -0.236754 -0.955710
vn 0.108543 -0.522453 -0.845731
vn 0.442131 -0.726007 -0.526721
vn 0.167444 -0.862737 -0.477123
vn 0.692967 -0.560507 -0.453464
vn 0.885095 -0.348366 -0.308624
vn 0.897807 -0.411049 0.158056
vn 0.974613 -0.089024 -0.205437
vn 0.957727 -0.174532 0.228687
vn 0.773546 -0.225963 0.592087
vn 0.728376 -0.410976 0.548240
vn 0.524183 -0.374042 0.765065
vn -0.285141 0.275843 -0.917935
vn 0.098480 0.271977 -0.957251
vn -0.244161 0.511452 -0.823894
vn 0.110761 0.494206 -0.862260
vn 0.510281 0.462833 -0.724844
vn 0.495155 0.246228 -0.833183
vn -0.513736 0.500903 -0.696543
vn -0.364415 0.727365 -0.581500
vn -0.780205 0.453160 -0.431191
vn -0.564928 0.753183 -0.337004
vn 0.351224 -0.901384 -0.253277
vn 0.269691 -0.920924 -0.281365
vn 0.412641 -0.768491 -0.489028
vn 0.545494 -0.762305 -0.348321
vn 0.577851 -0.771026 -0.267597
vn 0.332277 -0.920381 -0.206134
vn 0.192977 -0.967654 -0.162499
vn 0.293658 0.535964 -0.791522
vn 0.187078 0.550516 -0.813593
vn 0.246311 0.733505 -0.633483
vn 0.394862 0.654297 -0.644965
vn 0.333011 0.387270 -0.859724
vn 0.186554 0.362424 -0.913152
vn 0.533290 0.460696 -0.709479
vn -0.028792 0.926232 0.375854
vn -0.110550 0.944899 0.308130
vn -0.190100 0.865409 0.463605
vn -0.055155 0.863762 0.500872
vn 0.084040 0.943892 0.319382
vn 0.036666 0.981865 0.186004
vn 0.094549 0.874394 0.475915
vn -0.190818 0.875301 -0.444338
vn -0.211133 0.791212 -0.573939
vn -0.334650 0.795409 -0.505306
vn -0.263655 0.894796 -0.360313
vn -0.138789 0.953168 -0.268716
vn -0.071047 0.914227 -0.398925
vn -0.056348 0.830689 -0.553877
vn -0.033949 -0.999390 -0.008237
vn -0.037109 -0.998770 -0.032893
vn -0.000360 -0.999752 -0.022268
vn -0.010244 -0.999936 0.004921
vn -0.080471 -0.996687 0.011778
vn -0.088374 -0.995983 -0.014439
vn -0.049751 -0.998117 0.035875
vn -0.572936 0.785731 -0.233177
vn -0.499942 0.808467 -0.310547
vn -0.628172 0.682786 -0.373099
vn -0.693207 0.676467 -0.248709
vn -0.689553 0.714895 -0.115938
vn -0.538453 0.832444 -0.130790
vn -0.414907 0.888207 -0.197336
vn 0.487486 0.758212 0.432980
vn 0.529390 0.801771 0.277326
vn 0.344258 0.876917 0.335416
vn 0.354517 0.776010 0.521657
vn 0.608171 0.611377 0.506307
vn 0.697551 0.653057 0.294855
vn 0.447576 0.594845 0.667709
vn -0.371299 -0.862259 -0.344451
vn -0.243224 -0.882306 -0.402962
vn -0.223051 -0.949102 -0.222381
vn -0.370040 -0.891207 -0.262336
vn -0.588376 -0.728864 -0.350102
vn -0.500861 -0.699871 -0.509233
vn -0.284860 -0.687483 -0.667998
vn 0.074427 -0.956177 0.283171
vn -0.056627 -0.966508 0.250312
vn 0.027249 -0.985798 0.165712
vn 0.127179 -0.955184 0.267298
vn 0.230618 -0.841586 0.488414
vn 0.098815 -0.844194 0.526851
vn -0.116771 -0.855311 0.504785
vn 0.324958 0.848753 -0.417158
vn 0.123323 0.857846 -0.498891
vn 0.078965 0.936333 -0.342118
vn 0.219211 0.940535 -0.259502
vn 0.099366 0.734569 -0.671219
vn 0.314951 0.939931 -0.131666
vn 0.469990 0.851702 -0.231760
vn 0.646079 0.708381 -0.284216
vn 0.519805 0.716838 -0.464700
vn 0.799201 0.520528 -0.300548
vn 0.696927 0.510481 -0.503689
vn 0.876929 0.362177 -0.315950
vn 0.797711 0.308080 -0.518406
vn 0.608930 0.271027 -0.745485
vn 0.830315 0.184233 -0.525961
vn 0.653074 0.147400 -0.742811
vn 0.380490 0.120220 -0.916937
vn 0.361726 0.237268 -0.901586
vn 0.184977 0.077659 -0.979670
vn 0.193992 0.206309 -0.959064
vn 0.059941 0.049213 -0.996988
vn 0.063432 0.198292 -0.978088
vn 0.060345 0.369304 -0.927347
vn -0.107203 0.199047 -0.974109
vn -0.102452 0.365674 -0.925087
vn -0.087910 0.544012 -0.834459
vn 0.067111 0.554990 -0.829145
vn -0.070898 0.708931 -0.701706
vn -0.228093 0.529430 -0.817116
vn -0.219546 0.679794 -0.699771
vn -0.389649 0.532481 -0.751423
vn -0.361568 0.678019 -0.639967
vn -0.573132 0.547275 -0.609926
vn -0.502771 0.694720 -0.514379
vn -0.422581 0.813812 -0.398918
vn -0.329645 0.901078 -0.281768
vn -0.235847 0.956307 -0.172783
vn -0.354500 0.931539 -0.081027
vn -0.295663 0.954573 0.037063
vn -0.147732 0.986863 -0.065392
vn -0.502893 0.864162 -0.017972
vn -0.457988 0.881793 0.112642
vn -0.662598 0.748704 0.020164
vn -0.620434 0.764942 0.172990
vn -0.539585 0.767965 0.345076
vn -0.396729 0.883407 0.249397
vn -0.242823 0.958715 0.147997
vn -0.302659 0.874405 0.379229
vn -0.184256 0.951766 0.245338
vn -0.022662 0.993976 0.107232
vn -0.077992 0.996561 0.028007
vn 0.147492 0.989035 -0.007479
vn 0.076104 0.991401 -0.106450
vn -0.022720 0.981427 -0.190488
vn 0.192286 0.975012 0.111258
vn 0.365518 0.930364 0.028625
vn 0.369003 0.911902 0.179642
vn 0.554619 0.822335 0.127134
vn 0.546758 0.836016 -0.046187
vn 0.207872 0.943653 0.257506
vn 0.212407 0.884243 0.415929
vn 0.107521 0.767945 0.631427
vn 0.251913 0.770481 0.585576
vn 0.126723 0.581648 0.803509
vn 0.312477 0.589090 0.745205
vn 0.130529 0.328151 0.935564
vn 0.348685 0.364052 0.863647
vn 0.523837 0.395713 0.754325
vn 0.350376 0.214518 0.911712
vn 0.566760 0.242181 0.787484
vn 0.760266 0.266925 0.592239
vn 0.704268 0.432331 0.563113
vn 0.877574 0.321085 0.356045
vn 0.813739 0.479776 0.328093
vn 0.913795 0.384540 0.130801
vn 0.848935 0.516661 0.111226
vn 0.722708 0.682778 0.107277
vn 0.842974 0.527821 -0.103922
vn 0.716445 0.691646 -0.091284
vn 0.908480 0.404510 -0.105054
vn 0.927958 0.336557 0.160075
vn 0.933066 0.339615 -0.118534
vn 0.899660 0.261131 -0.349890
vn 0.973091 0.188927 -0.131912
vn 0.916435 0.129361 -0.378699
vn 0.844355 0.087479 -0.528594
vn 0.924561 -0.058807 -0.376468
vn 0.858524 -0.055335 -0.509779
vn 0.689270 -0.060624 -0.721964
vn 0.677580 0.059236 -0.733059
vn 0.356060 -0.120911 -0.926608
vn 0.381700 0.004645 -0.924274
vn 0.131785 -0.190782 -0.972746
vn 0.163100 -0.061405 -0.984697
vn 0.038643 -0.224381 -0.973735
vn 0.050191 -0.092808 -0.994418
vn -0.060516 -0.224854 -0.972512
vn -0.072959 -0.090269 -0.993241
vn -0.093325 0.056649 -0.994023
vn -0.205806 -0.053912 -0.977107
vn -0.225580 0.092630 -0.969811
vn -0.236122 0.207689 -0.949269
vn -0.451068 0.120504 -0.884317
vn -0.432502 0.226536 -0.872710
vn -0.411749 0.374381 -0.830844
vn -0.234387 0.359742 -0.903132
vn -0.685136 0.232225 -0.690406
vn -0.636708 0.379099 -0.671481
vn -0.846278 0.253454 -0.468587
vn -0.805630 0.383142 -0.451844
vn -0.720247 0.553758 -0.417848
vn -0.871981 0.410564 -0.266622
vn -0.788983 0.559098 -0.254783
vn -0.887616 0.446800 -0.111842
vn -0.805727 0.581030 -0.114928
vn -0.885905 0.457153 0.078633
vn -0.795284 0.604230 0.049278
vn -0.853943 0.439260 0.278985
vn -0.757726 0.610846 0.229605
vn -0.751623 0.411050 0.515850
vn -0.665320 0.602582 0.440733
vn -0.566778 0.383406 0.729221
vn -0.502135 0.583110 0.638626
vn -0.404449 0.759133 0.510037
vn -0.328230 0.568262 0.754549
vn -0.257285 0.751370 0.607658
vn -0.124648 0.573762 0.809481
vn -0.088526 0.760341 0.643463
vn -0.366719 0.353078 0.860728
vn -0.139224 0.324322 0.935645
vn -0.371253 0.211131 0.904210
vn -0.129100 0.174080 0.976232
vn 0.115283 0.173937 0.977986
vn -0.122586 0.091232 0.988256
vn 0.106353 0.091914 0.990071
vn 0.349783 0.112900 0.930003
vn 0.110521 0.012433 0.993796
vn 0.346315 0.032970 0.937539
vn 0.584974 0.090095 0.806033
vn 0.588213 0.143719 0.795833
vn 0.772931 0.148685 0.616824
vn 0.774361 0.188164 0.604119
vn 0.890790 0.192077 0.411826
vn 0.883131 0.262079 0.389093
vn 0.961565 0.213958 0.172088
vn 0.916069 -0.011716 0.400849
vn 0.987206 -0.020233 0.158160
vn 0.990274 -0.041027 -0.132943
vn 0.955058 -0.248592 0.161453
vn 0.963631 -0.236048 -0.125284
vn 0.904701 -0.230638 -0.358221
vn 0.853892 -0.510337 -0.102103
vn 0.809415 -0.489511 -0.324387
vn 0.754976 -0.488240 -0.437759
vn 0.847411 -0.225254 -0.480786
vn 0.569339 -0.520896 -0.636019
vn 0.667522 -0.251132 -0.700961
vn 0.269224 -0.524093 -0.807988
vn 0.312347 -0.292153 -0.903928
vn 0.109966 -0.505609 -0.855726
vn 0.108134 -0.313794 -0.943314
vn 0.026481 -0.491713 -0.870355
vn 0.028633 -0.322028 -0.946297
vn -0.055893 -0.482855 -0.873915
vn -0.052375 -0.317572 -0.946787
vn -0.139520 -0.481187 -0.865444
vn -0.143581 -0.298770 -0.943462
vn -0.172860 -0.186764 -0.967077
vn -0.388460 -0.262017 -0.883429
vn -0.432495 -0.105737 -0.895415
vn -0.456829 0.009749 -0.889501
vn -0.735506 -0.056416 -0.675165
vn -0.723365 0.051188 -0.688566
vn -0.709444 0.139143 -0.690890
vn -0.862289 0.067029 -0.501962
vn -0.852224 0.184873 -0.489425
vn -0.924307 0.097190 -0.369068
vn -0.902877 0.256824 -0.344753
vn -0.900072 0.315659 -0.300382
vn -0.936834 0.326035 -0.126661
vn -0.918931 0.377109 -0.115561
vn -0.932773 0.326987 0.151703
vn -0.923263 0.367053 0.113392
vn -0.891834 0.262565 0.368364
vn -0.895472 0.306723 0.322570
vn -0.794991 0.192761 0.575180
vn -0.792629 0.254935 0.553848
vn -0.614692 0.143936 0.775523
vn -0.601510 0.234053 0.763809
vn -0.372837 0.110399 0.921306
vn -0.607277 0.090276 0.789345
vn -0.368874 0.033708 0.928868
vn -0.128218 0.012233 0.991671
vn -0.360935 -0.069130 0.930025
vn -0.134597 -0.089777 0.986825
vn 0.115016 -0.087664 0.989488
vn -0.138079 -0.311339 0.940214
vn 0.115679 -0.305880 0.945016
vn 0.340936 -0.298465 0.891449
vn 0.339847 -0.064355 0.938276
vn 0.589461 -0.297269 0.751110
vn 0.588289 -0.028349 0.808154
vn 0.788327 -0.290877 0.542155
vn 0.794655 -0.010275 0.606974
vn 0.884765 -0.276791 0.374938
vn 0.686147 -0.585809 0.431313
vn 0.754259 -0.558579 0.345083
vn 0.827175 -0.529362 0.188566
vn 0.526105 -0.804773 0.274872
vn 0.571436 -0.800310 0.181564
vn 0.602291 -0.794301 -0.079570
vn 0.295039 -0.949022 0.110947
vn 0.326429 -0.942289 -0.074399
vn 0.131417 -0.991010 0.025087
vn 0.150077 -0.986130 -0.070885
vn 0.086813 -0.995988 -0.021704
vn 0.102849 -0.991042 -0.085194
vn 0.131823 -0.977881 -0.162390
vn 0.054138 -0.992400 -0.110508
vn 0.067829 -0.981473 -0.179192
vn 0.101714 -0.921301 -0.375312
vn 0.183337 -0.923847 -0.335997
vn 0.121063 -0.743969 -0.657156
vn 0.232295 -0.759692 -0.607377
vn 0.018147 -0.915656 -0.401553
vn 0.027509 -0.728480 -0.684514
vn -0.071443 -0.905050 -0.419261
vn -0.067777 -0.714641 -0.696200
vn -0.151369 -0.893873 -0.421994
vn -0.151877 -0.702634 -0.695154
vn -0.335719 -0.483442 -0.808441
vn -0.639367 -0.471284 -0.607538
vn -0.722582 -0.224734 -0.653735
vn -0.784505 -0.456592 -0.419614
vn -0.863726 -0.217128 -0.454788
vn -0.872004 -0.072547 -0.484093
vn -0.906288 -0.237310 -0.349751
vn -0.926250 -0.086222 -0.366915
vn -0.960288 -0.251917 -0.119932
vn -0.988629 -0.075831 -0.129859
vn -0.980340 0.146686 -0.131973
vn -0.986600 -0.056501 0.153064
vn -0.969705 0.178907 0.166326
vn -0.921610 -0.042354 0.385800
vn -0.901582 0.175319 0.395490
vn -0.809987 -0.033499 0.585491
vn -0.791415 0.143999 0.594077
vn -0.609925 -0.040970 0.791399
vn -0.792411 -0.313684 0.523152
vn -0.606057 -0.316021 0.729949
vn -0.358904 -0.312968 0.879340
vn -0.525221 -0.622190 0.580536
vn -0.321802 -0.619923 0.715639
vn -0.135415 -0.610355 0.780467
vn -0.225283 -0.856910 0.463631
vn 0.113152 -0.605570 0.787706
vn 0.311798 -0.605364 0.732336
vn 0.360911 -0.839203 0.406795
vn 0.518073 -0.607242 0.602377
vn 0.493161 -0.818505 0.294689
vn 0.187051 -0.952948 0.238541
vn 0.279173 -0.944645 0.172360
vn 0.293686 -0.941742 0.163919
vn 0.129374 -0.987081 0.094512
vn 0.144990 -0.987384 0.063640
vn 0.051103 -0.997595 0.046817
vn 0.075998 -0.997032 0.012288
vn 0.011014 -0.999736 0.020186
vn 0.028254 -0.999563 -0.008701
vn 0.042093 -0.997995 -0.047260
vn 0.002320 -0.997928 -0.064294
vn 0.005970 -0.991469 -0.130203
vn -0.041731 -0.996535 -0.071956
vn -0.048143 -0.989307 -0.137672
vn -0.060859 -0.975982 -0.209180
vn 0.007854 -0.981147 -0.193106
vn -0.114257 -0.983647 -0.139224
vn -0.133925 -0.966631 -0.218375
vn -0.198489 -0.966445 -0.163054
vn -0.095386 -0.993265 -0.065771
vn -0.156030 -0.985620 -0.064864
vn -0.337465 -0.939251 -0.062658
vn -0.358237 -0.908714 -0.214254
vn -0.615640 -0.785243 -0.066194
vn -0.602215 -0.752471 -0.266693
vn -0.855204 -0.509779 -0.093552
vn -0.820547 -0.476149 -0.316203
vn -0.570397 -0.799675 0.187530
vn -0.821599 -0.537025 0.191256
vn -0.949580 -0.269585 0.160069
vn -0.746943 -0.570718 0.341110
vn -0.881302 -0.299699 0.365360
vn -0.682513 -0.600250 0.416984
vn -0.519933 -0.809082 0.273965
vn -0.487105 -0.825823 0.284157
vn -0.358752 -0.849457 0.386937
vn -0.272643 -0.948233 0.162848
vn -0.178436 -0.958062 0.224228
vn -0.115329 -0.960870 0.251851
vn -0.073715 -0.988924 0.128825
vn -0.032577 -0.988636 0.146757
vn -0.017392 -0.997931 0.061894
vn 0.017035 -0.995367 0.094626
vn 0.077236 -0.986313 0.145674
vn -0.125740 -0.988393 0.085252
vn -0.144394 -0.987587 0.061823
vn -0.289323 -0.943439 0.161908
vn -0.295403 -0.948113 0.117556
vn -0.132964 -0.990640 0.030885
vn 0.292169 0.330610 -0.897404
vn 0.334995 0.398190 -0.853945
vn 0.391358 0.267493 -0.880503
vn 0.271164 0.224552 -0.935974
vn -0.148640 0.498874 -0.853833
vn 0.079549 0.700874 -0.708835
vn -0.216139 0.246790 -0.944658
vn -0.431822 0.304542 -0.848990
vn -0.482116 0.299047 -0.823489
vn -0.436546 0.385096 -0.813098
vn -0.425871 0.308114 -0.850706
vn -0.393736 0.140038 -0.908494
vn -0.403518 0.227775 -0.886167
vn -0.421993 0.359910 -0.832098
vn -0.096608 0.092749 -0.990992
vn -0.233272 0.589606 -0.773272
vn 0.384016 0.172099 -0.907146
vn 0.441161 0.318268 -0.839096
vn 0.591519 -0.008957 -0.806241
vn 0.498948 -0.196422 -0.844079
vn 0.317748 -0.235945 -0.918350
vn 0.273359 0.121755 -0.954175
vn 0.464118 0.271318 -0.843197
vn -0.757843 0.507024 -0.410611
vn -0.534869 0.500457 -0.680778
vn -0.612491 0.321511 -0.722139
vn -0.856916 0.320392 -0.403788
vn -0.755044 0.627025 -0.191695
vn -0.468739 0.804214 -0.365410
vn -0.929703 0.317917 -0.185961
vn 0.053604 0.892662 0.447528
vn 0.306489 0.838111 0.451260
vn 0.478313 0.856870 0.192328
vn 0.119433 0.981651 0.148648
vn -0.202205 0.711855 0.672589
vn 0.112937 0.708470 0.696646
vn -0.269469 0.888970 0.370296
vn -0.507315 0.050602 -0.860274
vn -0.473419 -0.068411 -0.878177
vn -0.560399 -0.294753 -0.773998
vn -0.707668 -0.076380 -0.702405
vn -0.694294 0.285295 -0.660728
vn 0.329855 -0.727347 0.601800
vn 0.418896 -0.555548 0.718256
vn 0.173156 -0.423339 0.889270
vn 0.122278 -0.720046 0.683068
vn 0.395971 -0.860796 0.319746
vn 0.629532 -0.693121 0.351101
vn 0.117579 -0.926540 0.357349
vn -0.066282 0.197693 0.978020
vn -0.114577 0.042929 0.992486
vn 0.059327 -0.019119 0.998056
vn 0.079075 0.178015 0.980845
vn -0.148791 0.435353 0.887879
vn -0.265909 0.240307 0.933566
vn 0.047700 0.481158 0.875335
vn 0.208809 0.417530 0.884346
vn 0.226428 0.180988 0.957065
vn 0.460798 0.262132 0.847910
vn 0.353440 0.569934 0.741792
vn 0.892299 0.294466 -0.342189
vn 0.921015 0.146531 -0.360914
vn 0.733513 0.274805 -0.621644
vn 0.767954 0.415897 -0.487110
vn 0.734379 0.641537 -0.221625
vn 0.903498 0.403334 -0.144958
vn 0.978442 0.136252 -0.155201
vn 0.612727 -0.054477 -0.788415
vn 0.484968 -0.272729 -0.830918
vn 0.601293 0.332515 -0.726554
vn -0.377902 -0.496928 0.781187
vn -0.358514 -0.261054 0.896280
vn -0.711156 -0.262784 0.652075
vn -0.616492 -0.601486 0.508088
vn -0.248129 -0.599413 0.761010
vn -0.172093 -0.298580 0.938741
vn -0.395877 -0.803443 0.444703
vn -0.793053 -0.568118 0.219792
vn -0.530220 -0.831013 0.168182
vn -0.208448 -0.971678 0.111315
vn -0.139946 -0.903175 0.405821
vn -0.075401 -0.684929 0.724698
vn -0.011064 -0.367245 0.930058
vn 0.209962 -0.232546 0.949652
vn 0.031777 -0.154916 0.987417
vn -0.139331 -0.102805 0.984895
vn -0.319952 -0.024836 0.947108
vn -0.446379 0.507525 0.736997
vn -0.651741 0.138525 0.745683
vn -0.600365 0.669255 0.437791
vn -0.888383 0.273256 0.368928
vn -0.941664 -0.186364 0.280245
vn -0.945005 0.308075 0.109801
vn -0.994920 -0.092914 0.038758
vn -0.883035 -0.469296 0.003318
vn -0.994723 -0.033706 -0.096908
vn -0.910113 -0.384337 -0.154851
vn -0.653566 -0.715402 -0.247089
vn -0.617755 -0.783596 -0.065999
vn -0.292397 -0.895609 -0.335244
vn -0.262807 -0.952144 -0.156061
vn 0.043852 -0.924679 -0.378215
vn 0.071629 -0.974874 -0.210924
vn 0.105964 -0.991739 0.072294
vn 0.403293 -0.888873 -0.217392
vn 0.418546 -0.906394 0.057179
vn 0.712042 -0.678243 -0.181614
vn 0.704203 -0.706807 0.067244
vn 0.914522 -0.387235 -0.117042
vn 0.894410 -0.435997 0.099683
vn 0.770650 -0.469249 0.431167
vn 0.984144 -0.103199 0.144258
vn 0.848308 -0.110958 0.517747
vn 0.487583 -0.089267 0.868501
vn 0.466387 -0.376411 0.800498
vn 0.219392 -0.045333 0.974583
vn 0.777901 0.323189 0.538905
vn 0.939848 0.280899 0.194373
vn 0.755788 0.613928 0.227765
vn 0.572019 0.654725 0.494095
vn 0.979734 0.200282 0.002785
vn 0.860714 0.508587 0.022612
vn 0.622446 0.782359 -0.021807
vn 0.500703 0.789063 -0.355917
vn 0.345421 0.930909 -0.118711
vn 0.248151 0.794356 -0.554455
vn 0.135036 0.936829 -0.322671
vn -0.047952 0.996548 -0.067777
vn -0.021446 0.824949 -0.564800
vn -0.164654 0.921974 -0.350504
vn -0.432908 0.893905 -0.116296
vn -0.346242 0.927594 0.140307
vn -0.751980 0.658878 -0.020137
vn -0.697256 0.691620 0.188403
vn -0.949059 0.311730 -0.045961
vn -0.975870 0.019512 -0.217480
vn -0.914954 0.111040 -0.387982
vn -0.853200 -0.212642 -0.476270
vn -0.906250 -0.309644 -0.287806
vn -0.651533 -0.455971 -0.606296
vn -0.675324 -0.620433 -0.398749
vn -0.390589 -0.613602 -0.686245
vn -0.333948 -0.816929 -0.470220
vn -0.027074 -0.663460 -0.747722
vn 0.010029 -0.868388 -0.495783
vn 0.342744 -0.566776 -0.749194
vn 0.354099 -0.795284 -0.492074
vn 0.371634 -0.844386 -0.385877
vn 0.663699 -0.600625 -0.445818
vn 0.683026 -0.643441 -0.345630
vn 0.879707 -0.294867 -0.373053
vn 0.896361 -0.350969 -0.270847
vn 0.939986 -0.004300 -0.341185
vn 0.973394 -0.088749 -0.211255
vn 0.993457 -0.101830 -0.051708
vn 0.768884 -0.140402 -0.623782
vn 0.808775 0.189043 -0.556907
vn 0.592776 0.281258 -0.754659
vn 0.412618 0.468892 -0.780953
vn 0.614143 0.493566 -0.615809
vn 0.576490 -0.395036 -0.715266
vn 0.347430 -0.383782 -0.855572
vn -0.039911 -0.435278 -0.899411
vn -0.051714 -0.196079 -0.979224
vn -0.391341 -0.141043 -0.909373
vn -0.409881 -0.379268 -0.829550
vn -0.275991 0.722696 -0.633671
vn 0.184972 -0.546357 -0.816871
vn 0.357897 -0.137583 -0.923570
vn 0.355860 -0.136869 -0.924462
vn 0.223437 -0.472522 -0.852525
vn 0.007740 -0.644785 -0.764325
vn -0.018882 -0.650873 -0.758952
vn -0.815404 0.085232 -0.572584
vn -0.698168 0.445612 -0.560349
vn -0.761414 0.174736 -0.624272
vn -0.644040 -0.584127 -0.493973
vn -0.899551 0.174166 -0.400593
vn -0.856402 0.385640 -0.343304
vn -0.817042 0.073795 -0.571836
vn -0.799902 0.154652 -0.579862
vn -0.807708 0.119554 -0.577334
vn -0.520279 -0.770120 -0.369087
vn -0.201039 -0.648459 -0.734224
vn -0.397738 -0.571514 -0.717757
vn -0.012875 0.075116 0.997092
vn 0.248562 0.127395 0.960202
vn 0.182218 0.254519 0.949746
vn 0.014032 0.207685 0.978095
vn -0.797022 0.472890 -0.375674
vn -0.730876 -0.375160 -0.570155
vn -0.642147 0.527538 -0.556193
vn -0.797184 0.482437 -0.362978
vn -0.702896 -0.647168 -0.295145
vn -0.490164 -0.870529 -0.043798
vn -0.653187 -0.735306 -0.180751
vn -0.957999 -0.258034 -0.125123
vn -0.982704 0.088446 -0.162694
vn -0.935576 -0.201818 -0.289770
vn -0.731357 -0.640279 -0.234861
vn -0.777200 0.230722 -0.585429
vn -0.604890 -0.203803 -0.769787
vn -0.697413 0.422270 -0.579053
vn -0.573047 0.337001 -0.747026
vn -0.276071 -0.139042 0.951027
vn -0.208034 -0.439084 0.874030
vn -0.383790 -0.499885 0.776415
vn -0.450563 -0.173175 0.875787
vn -0.388585 0.351481 0.851741
vn -0.196258 0.282709 0.938913
vn -0.624453 0.563148 -0.541224
vn -0.589060 0.597635 -0.543913
vn -0.501245 -0.331423 -0.799320
vn -0.499955 -0.236712 -0.833074
vn 0.318716 0.014741 0.947736
vn 0.361958 0.275729 0.890483
vn -0.349080 -0.931152 -0.105350
vn -0.139666 -0.879935 -0.454101
vn -0.089651 -0.993146 -0.074995
vn -0.955367 -0.184666 0.230593
vn -0.995111 0.071278 0.068367
vn -0.694739 0.084321 -0.714302
vn -0.711830 -0.478758 -0.513896
vn -0.626454 -0.370134 -0.685971
vn -0.770897 -0.344643 0.535666
vn -0.830778 -0.190490 0.522992
vn -0.597990 -0.294386 0.745483
vn -0.600098 -0.183422 0.778614
vn -0.586832 0.053324 0.807951
vn -0.863498 0.183192 0.469907
vn -0.917828 0.396926 0.006489
vn -0.887809 0.408853 -0.211271
vn -0.814392 0.450363 0.365977
vn -0.885506 0.463993 -0.024300
vn -0.905252 0.384165 -0.181485
vn -0.894187 0.368786 -0.253822
vn -0.910769 0.310613 -0.272066
vn -0.916707 0.399558 -0.001632
vn -0.937573 0.306914 -0.163589
vn -0.892301 0.361745 -0.270073
vn -0.866654 0.469214 -0.169553
vn -0.825378 0.456597 -0.332071
vn -0.827018 0.562174 -0.001047
vn -0.241194 -0.963659 0.114832
vn -0.416092 -0.901888 0.116040
vn -0.513802 -0.849181 0.122064
vn -0.527628 -0.848692 0.036478
vn -0.713153 -0.688651 0.131046
vn -0.742197 -0.668457 -0.048060
vn -0.763056 -0.581092 -0.282979
vn -0.897501 -0.420670 -0.132401
vn -0.846860 -0.365000 -0.386786
vn -0.752466 -0.315215 -0.578304
vn -0.632659 -0.292779 -0.716954
vn -0.877627 -0.141093 -0.458109
vn -0.769559 -0.139588 -0.623132
vn -0.633231 -0.131269 -0.762749
vn -0.406161 -0.178232 -0.896252
vn -0.400945 -0.238588 -0.884488
vn -0.759337 0.060862 -0.647845
vn -0.627435 0.000813 -0.778669
vn -0.426443 -0.062136 -0.902377
vn -0.213142 -0.097573 -0.972137
vn -0.188536 -0.266417 -0.945239
vn -0.607489 0.188930 -0.771533
vn -0.440739 0.130756 -0.888061
vn -0.229542 0.098460 -0.968306
vn 0.033173 0.129570 -0.991015
vn 0.032177 -0.043719 -0.998526
vn -0.418922 0.420936 -0.804560
vn -0.234066 0.313595 -0.920256
vn 0.030696 0.283403 -0.958510
vn 0.282516 0.310528 -0.907610
vn 0.282016 0.166696 -0.944817
vn -0.220897 0.503448 -0.835311
vn 0.034213 0.396228 -0.917515
vn 0.279006 0.427943 -0.859663
vn 0.451872 0.576966 -0.680384
vn 0.503356 0.424884 -0.752401
vn -0.464650 -0.158273 0.871235
vn -0.378680 -0.096575 0.920475
vn -0.354193 0.007344 0.935144
vn -0.452050 -0.057113 0.890162
vn -0.358989 0.064372 0.931119
vn -0.434749 0.079545 0.897032
vn -0.372083 0.248778 0.894239
vn -0.397382 0.286021 0.871940
vn -0.555409 0.324002 0.765861
vn -0.363373 0.416182 0.833518
vn -0.521001 0.466997 0.714473
vn -0.806987 0.484616 0.337519
vn -0.515204 0.553984 0.653963
vn -0.797635 0.539146 0.270371
vn -0.700354 -0.626253 0.342509
vn -0.537363 -0.536042 0.651077
vn -0.477483 -0.659560 0.580509
vn -0.572311 -0.761925 0.303200
vn -0.522159 -0.564906 0.638929
vn -0.675130 -0.642367 0.362718
vn -0.610135 -0.296232 0.734834
vn -0.832081 -0.339843 0.438346
vn -0.903316 -0.404853 0.141827
vn -0.881216 -0.055403 0.469455
vn -0.984300 -0.102504 0.143688
vn -0.972865 -0.126184 -0.193938
vn -0.969386 0.204136 0.136454
vn -0.954113 0.184666 -0.235726
vn -0.854747 0.140209 -0.499749
vn -0.822122 0.519277 -0.233380
vn -0.770242 0.410872 -0.487761
vn -0.715933 0.270428 -0.643668
vn -0.698029 0.548251 -0.460626
vn -0.675115 0.382985 -0.630509
vn -0.510892 0.501719 -0.698045
vn 0.373750 0.927458 -0.011514
vn 0.375835 0.926609 -0.012011
vn 0.027133 0.993124 -0.113883
vn -0.287199 0.799514 -0.527536
vn -0.538835 -0.029249 -0.841903
vn -0.836647 0.118671 -0.534733
vn -0.827308 0.115712 -0.549702
vn -0.538407 -0.030119 -0.842147
vn 0.085548 -0.851421 0.517458
vn 0.263302 -0.891159 0.369469
vn 0.641388 -0.548564 0.536376
vn 0.349144 -0.468055 0.811802
vn 0.234953 -0.437454 0.868004
vn 0.142764 -0.453516 0.879740
vn 0.834430 -0.089412 0.543813
vn 0.494697 0.044197 0.867941
vn 0.860346 0.213093 0.463028
vn 0.512923 0.281013 0.811136
vn 0.798907 0.467425 0.378499
vn 0.533275 0.487113 0.691621
vn 0.390752 0.417196 0.820525
vn 0.231877 0.334685 0.913356
vn 0.603674 0.392785 0.693756
vn 0.457402 0.168417 0.873166
vn 0.260762 -0.076090 0.962400
vn 0.013691 -0.173576 0.984725
vn 0.009107 0.292013 0.956371
vn 0.441979 -0.409810 0.797941
vn 0.224458 -0.497371 0.837998
vn 0.014937 -0.479939 0.877175
vn 0.235150 -0.366185 0.900340
vn 0.017725 -0.338337 0.940858
vn -0.217849 -0.343444 0.913558
vn -0.365102 -0.384517 0.847848
vn 0.013070 -0.115257 0.993250
vn -0.217443 -0.190165 0.957369
vn -0.353638 -0.266457 0.896627
vn -0.409222 -0.287093 0.866092
vn -0.383406 -0.481902 0.787889
vn -0.199775 -0.014622 0.979733
vn -0.351251 -0.087556 0.932179
vn -0.438343 -0.074661 0.895701
vn -0.649898 -0.034132 0.759254
vn -0.335518 0.198598 0.920862
vn -0.443255 0.219162 0.869191
vn -0.631097 0.275514 0.725126
vn -0.845550 0.258919 0.466912
vn -0.359741 0.588855 0.723765
vn -0.498745 0.648342 0.575244
vn -0.641719 0.680568 0.353587
vn -0.783885 0.613257 0.097159
vn -0.087700 0.986469 0.138517
vn -0.086213 0.996172 0.014451
vn -0.196451 0.980349 -0.017943
vn -0.660211 0.723578 -0.201386
vn 0.403908 0.871823 -0.277096
vn 0.506339 0.851862 -0.133985
vn 0.532631 0.845153 0.044944
vn 0.535747 0.843305 0.042568
vn 0.470605 0.881611 0.035956
vn 0.469820 0.882068 0.035005
vn -0.997938 0.063193 0.011277
vn -0.944223 -0.203759 0.258701
vn -0.938600 -0.227583 0.259300
vn -0.997521 0.070186 -0.005171
vn 0.545094 -0.837872 0.029024
vn 0.794081 -0.550184 -0.258327
vn 0.890750 -0.343444 -0.297676
vn 0.846669 -0.531968 -0.012695
vn 0.944391 -0.070375 -0.321207
vn 0.988468 -0.142904 -0.050107
vn 0.942327 0.119049 -0.312804
vn 0.989814 0.124198 -0.069591
vn 0.915798 0.291357 -0.276450
vn 0.927993 0.369457 -0.048284
vn 0.948396 0.231855 -0.216306
vn 0.895077 0.445554 -0.017884
vn 0.785212 0.522639 0.332100
vn 0.995347 -0.089193 0.036466
vn 0.904129 -0.041721 0.425217
vn 0.642309 -0.217270 0.735005
vn 0.871429 -0.246283 0.424214
vn 0.661450 -0.255252 0.705216
vn 0.481698 -0.341266 0.807158
vn 0.691785 0.023491 0.721721
vn 0.518267 -0.005046 0.855204
vn 0.274600 -0.058201 0.959795
vn 0.506248 0.296346 0.809872
vn 0.280613 0.207155 0.937200
vn 0.018354 0.097863 0.995031
vn 0.244378 0.493658 0.834615
vn 0.014999 0.345673 0.938235
vn -0.178832 0.234306 0.955573
vn -0.011069 0.688990 0.724686
vn -0.154420 0.607091 0.779483
vn -0.264489 0.588032 0.764372
vn -0.121403 0.821088 0.557741
vn -0.191949 0.784547 0.589612
vn -0.261877 0.781350 0.566492
vn 0.264884 0.895898 -0.356655
vn 0.274521 0.828133 -0.488707
vn 0.273714 0.832405 -0.481852
vn 0.265152 0.896029 -0.356128
vn 0.326977 0.888720 -0.321347
vn -0.841026 -0.475569 0.257896
vn -0.774254 -0.537581 0.333972
vn -0.775356 -0.540428 0.326743
vn -0.837562 -0.481701 0.257789
vn 0.862624 -0.326981 -0.385956
vn 0.812801 -0.211875 -0.542646
vn 0.834382 -0.092188 -0.543422
vn 0.901023 -0.188240 -0.390799
vn 0.842497 0.110957 -0.527150
vn 0.921115 0.017646 -0.388891
vn 0.812889 0.305838 -0.495655
vn 0.905017 0.179551 -0.385624
vn 0.791492 0.354056 -0.498182
vn 0.880990 0.270165 -0.388416
vn 0.816035 -0.040051 -0.576613
vn 0.913303 0.005407 -0.407246
vn 0.723957 -0.402610 -0.560170
vn 0.869333 -0.355197 -0.343650
vn 0.966480 -0.213600 -0.142448
vn 0.903485 -0.272213 -0.331083
vn 0.952561 -0.273007 -0.134516
vn 0.955008 -0.292893 0.046614
vn 0.982845 -0.031742 -0.181683
vn 0.998990 -0.022629 0.038820
vn 0.899832 0.024183 0.435566
vn 0.949968 0.310218 0.036394
vn 0.825225 0.370719 0.426112
vn 0.639525 0.354759 0.682022
vn 0.691642 0.613546 0.381043
vn 0.540697 0.612212 0.576925
vn 0.442198 0.579438 0.684626
vn 0.373906 0.833835 0.406096
vn 0.292494 0.836346 0.463652
vn 0.152819 0.798449 0.582345
vn 0.159748 0.946823 0.279298
vn 0.064355 0.931500 0.358004
vn -0.038552 0.875984 0.480797
vn -0.084805 0.040181 -0.995587
vn -0.402887 -0.133845 -0.905410
vn -0.412411 -0.132341 -0.901334
vn -0.106621 0.013432 -0.994209
vn 0.204011 0.535586 -0.819468
vn 0.210169 0.550288 -0.808092
vn 0.477716 0.812562 -0.333961
vn 0.473919 0.857676 -0.199482
vn 0.694905 0.680764 -0.231660
vn 0.657606 0.652951 -0.375778
vn 0.625905 0.575695 -0.526136
vn 0.492505 0.744676 -0.450440
vn 0.816507 0.418716 -0.397483
vn 0.737867 0.358163 -0.572077
vn 0.539490 0.243661 -0.805965
vn 0.784097 0.164724 -0.598379
vn 0.554354 0.070982 -0.829249
vn 0.284975 0.016908 -0.958386
vn 0.553030 -0.099656 -0.827180
vn 0.288544 -0.132997 -0.948185
vn 0.015452 -0.220540 -0.975256
vn 0.288102 -0.213948 -0.933394
vn 0.000145 -0.259029 -0.965870
vn -0.171797 -0.242745 -0.954757
vn 0.022787 0.150580 -0.988335
vn -0.153550 0.301901 -0.940892
vn -0.465590 -0.057444 -0.883134
vn -0.112280 0.714885 -0.690169
vn -0.467035 0.538484 -0.701366
vn -0.128119 0.689254 -0.713102
vn -0.444665 0.669350 -0.595184
vn -0.155911 0.522727 -0.838122
vn -0.498571 0.582804 -0.641690
vn -0.179841 0.183802 -0.966372
vn 0.191967 0.138983 -0.971510
vn 0.208200 -0.345405 -0.915067
vn -0.170344 -0.368087 -0.914054
vn 0.157802 0.461237 -0.873132
vn 0.363886 0.431834 -0.825292
vn 0.383792 0.185677 -0.904559
vn 0.108859 0.648048 -0.753780
vn 0.320667 0.550410 -0.770858
vn 0.621569 0.439601 -0.648385
vn 0.629135 0.396610 -0.668498
vn 0.066360 0.638321 -0.766905
vn 0.312936 0.373688 -0.873172
vn 0.647582 0.079508 -0.757836
vn 0.303968 -0.054753 -0.951108
vn 0.570856 -0.264047 -0.777434
vn 0.544055 -0.242135 -0.803352
vn 0.750684 -0.295278 -0.591002
vn 0.788575 -0.050400 -0.612870
vn 0.929948 -0.016071 -0.367340
vn 0.886107 0.237287 -0.398132
vn 0.937783 0.265264 -0.224048
vn 0.865669 0.439493 -0.239713
vn 0.854575 0.518111 0.035521
vn 0.658016 0.752472 0.028277
vn 0.493278 0.821728 0.285377
vn 0.395649 0.918303 0.013467
vn 0.283613 0.942778 0.175309
vn 0.220692 0.942867 0.249595
vn -0.702235 0.031874 -0.711231
vn -0.751818 0.026659 -0.658832
vn -0.751817 0.026659 -0.658832
vn -0.702330 0.031865 -0.711138
vn -0.602181 -0.027069 -0.797901
vn -0.600019 -0.029781 -0.799432
vn 0.659016 0.186484 -0.728644
vn 0.652071 -0.022947 -0.757810
vn 0.364608 -0.137895 -0.920894
vn 0.630190 -0.142874 -0.763183
vn 0.341803 -0.324656 -0.881912
vn 0.195678 -0.873929 -0.444924
vn 0.016630 -0.991365 0.130069
vn 0.015217 -0.991140 0.131945
vn 0.155787 -0.987551 -0.021775
vn -0.523998 -0.713340 0.465373
vn -0.455078 -0.763926 0.457516
vn -0.377566 -0.587496 0.715746
vn -0.385111 -0.617043 0.686256
vn -0.351363 0.471380 0.808916
vn -0.176336 0.163112 0.970722
vn -0.239206 0.051001 0.969629
vn -0.280501 -0.013024 0.959766
vn -0.848242 -0.392692 -0.355357
vn 0.366868 -0.917769 0.152013
vn 0.366868 -0.917769 0.152013
vn 0.366868 -0.917769 0.152013
vn 0.366868 -0.917769 0.152013
vn 0.350434 -0.134969 -0.926812
vn 0.350434 -0.134969 -0.926812
s 1
f 1/1/1 8/8/2 9/9/3 10/10/4
f 1/1/1 11/11/5 12/12/6 8/8/2
f 1/1/1 10/10/4 13/13/7 11/11/5
f 2/2/8 14/14/9 15/15/10 16/16/11
f 2/2/8 17/17/12 18/18/13 14/14/9
f 2/2/8 16/16/11 19/19/14 17/17/12
s 3
f 3/3/15 20/20/16 21/21/17 22/22/18
f 3/3/15 22/22/18 23/23/19 24/24/20
f 3/3/15 24/24/20 25/25/21 20/20/16
f 4/4/22 26/26/23 27/27/24 28/28/25
f 4/4/22 28/28/25 29/29/26 30/30/27
f 4/2483/22 30/2484/27 31/31/28 26/2485/23
s 1
f 5/5/29 32/32/30 33/33/31 34/34/32
f 5/5/29 35/35/33 36/36/34 32/32/30
f 5/5/29 34/34/32 37/37/35 35/35/33
s 3
f 6/6/36 38/38/37 39/39/38 40/40/39
f 6/2486/36 41/41/40 42/42/41 38/2487/37
f 6/2486/36 40/2488/39 43/43/42 41/41/40
f 44/44/43 45/45/44 46/46/45 47/47/46
s 1
f 7/7/47 48/48/48 49/49/49 50/50/50
f 7/7/47 51/51/51 52/52/52 48/48/48
f 7/7/47 50/50/50 53/53/53 51/51/51
f 53/53/53 50/50/50 54/54/54 55/55/55
f 53/53/53 55/55/55 56/56/56 57/57/57
f 53/53/53 57/57/57 58/58/58 51/51/51
f 58/58/58 59/59/59 52/52/52 51/51/51
f 58/58/58 57/57/57 60/60/60 61/61/61
f 58/58/58 61/61/61 62/62/62 59/59/59
f 62/62/62 63/63/63 64/64/64 59/59/59
f 62/62/62 61/61/61 65/65/65 66/66/66
f 62/62/62 66/66/66 67/67/67 63/63/63
f 67/2489/67 68/68/68 69/69/69 63/2490/63
f 67/2489/67 66/2491/66 70/70/70 71/71/71
f 67/2489/67 71/71/71 72/72/72 68/68/68
f 72/72/72 73/73/73 74/74/74 68/68/68
f 72/72/72 71/71/71 75/75/75 76/76/76
f 72/72/72 76/76/76 77/77/77 73/73/73
f 77/77/77 78/78/78 79/79/79 73/73/73
f 77/77/77 76/76/76 80/80/80 81/81/81
f 77/77/77 81/81/81 82/82/82 78/78/78
f 82/82/82 83/83/83 84/84/84 78/78/78
f 82/82/82 81/81/81 85/85/85 86/86/86
f 82/82/82 86/86/86 87/87/87 83/83/83
f 87/87/87 88/88/88 89/89/89 83/83/83
f 87/87/87 86/86/86 90/90/90 91/91/91
f 87/87/87 91/91/91 92/92/92 88/88/88
f 92/92/92 93/93/93 94/94/94 88/88/88
f 92/92/92 91/91/91 95/95/95 96/96/96
f 92/92/92 96/96/96 97/97/97 93/93/93
f 97/97/97 98/98/98 99/99/99 93/93/93
f 97/97/97 96/96/96 100/100/100 101/101/101
f 97/97/97 101/101/101 102/102/102 98/98/98
f 102/2492/102 103/103/103 104/104/104 98/2493/98
f 102/102/102 101/101/101 105/105/105 106/106/106
f 102/2492/102 106/2494/106 107/107/107 103/103/103
f 107/107/107 108/108/108 109/109/109 103/103/103
f 107/107/107 106/2494/106 110/110/110 111/111/111
f 107/107/107 111/111/111 112/112/112 108/108/108
f 112/112/112 113/113/113 114/114/114 108/108/108
f 112/112/112 111/111/111 115/115/115 116/116/116
f 112/112/112 116/116/116 117/117/117 113/113/113
f 117/117/117 118/118/118 119/119/119 113/113/113
f 117/117/117 116/116/116 120/120/120 121/121/121
f 117/117/117 121/121/121 122/122/122 118/118/118
f 122/122/122 123/123/123 124/124/124 118/118/118
f 122/122/122 121/121/121 125/125/125 126/126/126
f 122/122/122 126/126/126 127/127/127 123/123/123
f 127/127/127 128/128/128 129/129/129 123/123/123
f 127/127/127 126/126/126 130/130/130 131/131/131
f 127/127/127 131/131/131 132/132/132 128/128/128
f 132/2495/132 133/133/133 134/134/134 128/2496/128
f 132/132/132 131/131/131 135/135/135 136/136/136
f 132/2495/132 136/2497/136 137/137/137 133/133/133
f 137/137/137 138/138/138 139/139/139 133/133/133
f 137/137/137 136/2497/136 140/140/140 141/141/141
f 137/137/137 141/141/141 142/142/142 138/138/138
f 142/142/142 143/143/143 144/144/144 138/138/138
f 142/142/142 141/141/141 145/145/145 146/146/146
f 142/142/142 146/146/146 147/147/147 143/143/143
f 147/147/147 148/148/148 149/149/149 143/143/143
f 147/147/147 146/146/146 150/150/150 151/151/151
f 147/147/147 151/151/151 152/152/152 148/148/148
f 152/152/152 153/153/153 154/154/154 148/148/148
f 152/152/152 151/151/151 155/155/155 156/156/156
f 152/152/152 156/156/156 157/157/157 153/153/153
f 157/157/157 158/158/158 159/159/159 153/153/153
f 157/157/157 156/156/156 160/160/160 161/161/161
f 157/157/157 161/161/161 162/162/162 158/158/158
f 162/162/162 163/163/163 164/164/164 158/158/158
f 162/162/162 161/161/161 165/165/165 166/166/166
f 162/162/162 166/166/166 167/167/167 163/163/163
f 167/2498/167 168/168/168 169/169/169 163/2499/163
f 167/167/167 166/166/166 170/170/170 171/171/171
f 167/2498/167 171/2500/171 172/172/172 168/168/168
f 172/172/172 173/173/173 174/174/174 168/168/168
f 172/172/175 171/2500/176 175/175/177 176/176/178
f 172/172/175 176/176/178 177/177/179 173/173/180
f 177/177/179 178/178/181 179/179/182 173/173/180
s 3
f 177/177/183 176/176/184 180/180/185 181/181/186
f 177/177/183 181/181/186 182/182/187 178/178/188
f 182/182/187 183/183/189 184/184/190 178/178/188
f 182/182/187 181/181/186 185/185/191 186/186/192
f 182/182/187 186/186/192 187/187/193 183/183/189
f 187/187/193 188/188/194 189/189/195 183/183/189
f 187/187/193 186/186/192 190/190/196 191/191/197
f 187/187/193 191/191/197 192/192/198 188/188/194
f 192/192/198 193/193/199 194/194/200 188/188/194
f 192/192/198 191/191/197 195/195/201 196/196/202
f 192/192/198 196/196/202 197/197/203 193/193/199
f 197/197/203 198/198/204 199/199/205 193/193/199
f 197/197/203 196/196/202 200/200/206 201/201/207
f 197/197/203 201/201/207 202/202/208 198/198/204
f 202/2501/208 203/203/209 204/204/210 198/2502/204
f 202/202/208 201/201/207 205/205/211 206/206/212
f 202/2501/208 206/2503/212 207/207/213 203/203/209
f 207/207/213 208/208/214 209/209/215 203/203/209
f 207/207/213 206/2503/212 210/210/216 211/211/217
f 207/207/213 211/211/217 212/212/218 208/208/214
f 212/212/218 213/213/219 214/214/220 208/208/214
f 212/212/218 211/211/217 28/28/25 27/27/24
f 212/212/218 27/27/24 42/42/41 213/213/219
f 214/214/220 215/215/221 216/216/222 217/217/223
f 214/214/220 217/217/223 209/209/215 208/208/214
f 214/214/220 213/213/219 218/218/224 215/215/221
f 218/218/224 219/219/225 220/220/226 215/215/221
f 218/218/224 213/213/219 42/42/41 41/41/40
f 218/218/224 41/41/40 43/43/42 219/219/225
f 220/220/226 221/221/227 222/222/228 223/223/229
f 220/220/226 223/223/229 216/216/222 215/215/221
f 220/220/226 219/219/225 224/224/230 221/221/227
f 224/224/230 225/225/231 226/226/232 221/221/227
f 224/224/230 219/219/225 43/43/42 25/2504/21
f 224/224/230 25/2504/21 24/2505/20 225/225/231
f 226/2506/232 227/227/233 228/228/234 229/229/235
f 226/226/232 229/2507/235 222/222/228 221/221/227
f 226/2506/232 225/2508/231 230/230/236 227/227/233
f 230/230/236 231/231/237 232/232/238 227/227/233
f 230/230/236 225/2508/231 24/24/20 23/23/19
f 230/230/236 23/23/19 233/233/239 231/231/237
f 233/233/239 45/45/44 234/234/240 231/231/237
f 233/233/239 23/23/19 22/22/18 235/235/241
f 233/233/239 235/235/241 46/46/45 45/45/44
f 235/235/241 22/22/18 21/21/17 236/236/242
f 235/235/241 236/236/242 237/237/243 46/46/45
f 237/237/243 30/2484/27 29/2509/26 238/238/244
f 237/237/243 238/238/244 47/47/46 46/46/45
f 237/237/243 236/236/242 31/31/28 30/2484/27
f 238/238/244 29/2509/26 210/2510/216 239/239/245
f 238/238/244 239/239/245 240/240/246 47/47/46
f 240/240/246 239/239/245 205/205/211 241/241/247
f 240/240/246 241/241/247 242/242/248 243/243/249
f 240/240/246 243/243/249 44/44/43 47/47/46
f 243/243/249 242/242/248 244/244/250 234/234/240
f 243/243/249 234/234/240 45/45/44 44/44/43
f 244/244/250 242/242/248 245/245/251 246/246/252
f 244/244/250 246/246/252 247/247/253 232/232/238
f 244/244/250 232/232/238 231/231/237 234/234/240
f 247/247/253 246/246/252 248/248/254 249/249/255
f 247/247/253 249/249/255 250/250/256 228/228/234
f 247/247/253 228/228/234 227/227/233 232/232/238
f 250/250/256 249/249/255 251/251/257 252/252/258
f 250/250/256 252/252/258 253/253/259 254/254/260
f 250/250/256 254/254/260 229/229/235 228/228/234
f 254/2511/260 253/2512/259 255/255/261 256/256/262
f 254/2511/260 256/256/262 222/222/228 229/2507/235
f 256/256/262 255/255/261 257/257/263 258/258/264
f 256/256/262 258/258/264 223/223/229 222/222/228
f 258/258/264 257/257/263 259/259/265 260/260/266
f 258/258/264 260/260/266 216/216/222 223/223/229
f 260/260/266 259/259/265 261/261/267 262/262/268
f 260/260/266 262/262/268 217/217/223 216/216/222
f 262/262/268 261/261/267 263/263/269 264/264/270
f 262/262/268 264/264/270 209/209/215 217/217/223
f 264/264/270 263/263/269 265/265/271 204/204/210
f 264/264/270 204/204/210 203/203/209 209/209/215
f 265/265/271 263/263/269 266/266/272 267/267/273
f 265/265/271 267/267/273 268/268/274 199/2513/205
f 265/265/271 199/2513/205 198/2502/204 204/204/210
f 268/268/274 267/267/273 269/269/275 270/270/276
f 268/2514/274 270/2515/276 271/271/277 194/194/200
f 268/2514/274 194/194/200 193/193/199 199/199/205
f 271/271/277 270/2515/276 272/272/278 273/273/279
f 271/271/277 273/273/279 274/274/280 189/189/195
f 271/271/277 189/189/195 188/188/194 194/194/200
s 1
f 274/274/281 273/273/282 275/275/283 276/276/284
f 274/274/281 276/276/284 277/277/285 184/184/286
s 3
f 274/274/280 184/184/190 183/183/189 189/189/195
s 1
f 277/277/287 276/276/288 278/278/289 279/279/290
f 277/277/287 279/279/290 280/280/291 179/179/292
f 277/277/285 179/179/182 178/178/181 184/184/286
f 280/280/291 279/279/290 281/281/293 282/282/294
f 280/280/291 282/282/294 283/283/295 174/174/174
f 280/280/291 174/174/174 173/173/173 179/179/292
f 283/283/295 282/282/294 284/284/296 285/285/297
f 283/283/295 285/285/297 286/286/298 169/169/169
f 283/283/295 169/169/169 168/168/168 174/174/174
f 286/286/298 285/285/297 287/287/299 288/288/300
f 286/286/298 288/288/300 289/289/301 164/2516/164
f 286/286/298 164/2516/164 163/2499/163 169/169/169
f 289/289/301 288/288/300 290/290/302 291/291/303
f 289/2517/301 291/2518/303 292/292/304 159/159/159
f 289/2517/301 159/159/159 158/158/158 164/164/164
f 292/292/304 291/2518/303 293/293/305 294/294/306
f 292/292/304 294/294/306 295/295/307 154/154/154
f 292/292/304 154/154/154 153/153/153 159/159/159
f 295/295/307 294/294/306 296/296/308 297/297/309
f 295/295/307 297/297/309 298/298/310 149/149/149
f 295/295/307 149/149/149 148/148/148 154/154/154
f 298/298/310 297/297/309 299/299/311 300/300/312
f 298/298/310 300/300/312 301/301/313 144/144/144
f 298/298/310 144/144/144 143/143/143 149/149/149
f 301/301/314 300/300/315 302/302/316 303/303/317
f 301/301/314 303/303/317 304/304/318 139/139/139
f 301/301/313 139/139/139 138/138/138 144/144/144
f 304/304/318 303/303/317 305/305/319 306/306/320
f 304/304/318 306/306/320 307/307/321 134/134/134
f 304/304/318 134/134/134 133/133/133 139/139/139
f 307/307/321 306/306/320 308/308/322 309/309/323
f 307/307/321 309/309/323 310/310/324 129/2519/129
f 307/307/321 129/2519/129 128/2496/128 134/134/134
f 310/310/324 309/309/323 311/311/325 312/312/326
f 310/2520/324 312/2521/326 313/313/327 124/124/124
f 310/2520/324 124/124/124 123/123/123 129/129/129
f 313/313/327 312/2521/326 314/314/328 315/315/329
f 313/313/327 315/315/329 316/316/330 119/119/119
f 313/313/327 119/119/119 118/118/118 124/124/124
f 316/316/330 315/315/329 317/317/331 318/318/332
f 316/316/330 318/318/332 319/319/333 114/114/114
f 316/316/330 114/114/114 113/113/113 119/119/119
f 319/319/333 318/318/332 320/320/334 321/321/335
f 319/319/333 321/321/335 322/322/336 109/109/109
f 319/319/333 109/109/109 108/108/108 114/114/114
f 322/322/336 321/321/335 323/323/337 324/324/338
f 322/322/336 324/324/338 325/325/339 104/104/104
f 322/322/336 104/104/104 103/103/103 109/109/109
f 325/325/339 324/324/338 326/326/340 327/327/341
f 325/325/339 327/327/341 328/328/342 99/2522/99
f 325/325/339 99/2522/99 98/2493/98 104/104/104
f 328/328/342 327/327/341 329/329/343 330/330/344
f 328/2523/342 330/2524/344 331/331/345 94/94/94
f 328/2523/342 94/94/94 93/93/93 99/99/99
f 331/2525/345 330/330/344 332/332/346 333/333/347
f 331/331/345 333/2526/347 334/334/348 89/89/89
f 331/331/345 89/89/89 88/88/88 94/94/94
f 334/334/348 333/2526/347 335/335/349 336/336/350
f 334/334/348 336/336/350 337/337/351 84/84/84
f 334/334/348 84/84/84 83/83/83 89/89/89
f 337/337/351 336/336/350 338/338/352 339/339/353
f 337/337/351 339/339/353 340/340/354 79/79/79
f 337/337/351 79/79/79 78/78/78 84/84/84
f 340/340/354 339/339/353 341/341/355 342/342/356
f 340/340/354 342/342/356 343/343/357 74/74/74
f 340/340/354 74/74/74 73/73/73 79/79/79
f 343/343/357 342/342/356 344/344/358 345/345/359
f 343/343/357 345/345/359 346/346/360 69/69/69
f 343/343/357 69/69/69 68/68/68 74/74/74
f 346/346/360 345/345/359 34/34/32 33/33/31
f 346/346/360 33/33/31 347/347/361 64/2527/64
f 346/346/360 64/2527/64 63/2490/63 69/69/69
f 347/347/361 33/33/31 32/32/30 348/348/362
f 347/2528/361 348/2529/362 48/48/48 52/52/52
f 347/2528/361 52/52/52 59/59/59 64/64/64
f 348/348/362 32/32/30 36/36/34 349/349/363
f 348/2529/362 349/2530/363 49/49/49 48/48/48
f 349/349/363 36/36/34 14/14/9 18/18/13
f 349/2530/363 18/2531/13 350/350/364 49/49/49
f 350/350/364 18/2531/13 17/2532/12 9/9/3
f 350/350/364 9/9/3 8/8/2 54/54/54
f 350/350/364 54/54/54 50/50/50 49/49/49
f 345/345/359 344/344/358 37/37/35 34/34/32
f 344/344/358 351/351/365 352/352/366 37/37/35
f 344/344/358 342/342/356 341/341/355 351/351/365
f 352/352/366 353/353/367 16/16/11 15/15/10
f 352/352/366 15/15/10 35/35/33 37/37/35
f 352/352/366 351/351/365 354/354/368 353/353/367
f 354/354/368 355/355/369 356/356/370 353/353/367
f 354/354/368 351/351/365 341/341/355 357/357/371
f 354/354/368 357/357/371 358/358/372 355/355/369
f 358/2533/372 359/359/373 360/360/374 355/2534/369
f 358/358/372 357/357/371 338/338/352 361/361/375
f 358/2533/372 361/2535/375 362/362/376 359/359/373
f 362/362/376 363/363/377 364/364/378 359/359/373
f 362/362/376 361/2535/375 335/2536/349 365/365/379
f 362/362/376 365/365/379 366/366/380 363/363/377
f 366/366/380 367/367/381 368/368/382 363/363/377
f 366/366/380 365/365/379 332/332/346 369/369/383
f 366/366/380 369/369/383 370/370/384 367/367/381
f 370/370/384 371/371/385 372/372/386 367/367/381
f 370/370/384 369/369/383 329/329/343 373/373/387
f 370/370/384 373/373/387 374/374/388 371/371/385
f 374/374/388 375/375/389 376/376/390 371/371/385
f 374/374/388 373/373/387 326/326/340 377/377/391
f 374/374/388 377/377/391 378/378/392 375/375/389
f 378/378/392 379/379/393 380/380/394 375/375/389
f 378/378/392 377/377/391 323/323/337 381/381/395
f 378/378/392 381/381/395 382/382/396 379/379/393
f 382/382/396 383/383/397 384/384/398 379/379/393
f 382/382/396 381/381/395 320/320/334 385/385/399
f 382/382/396 385/385/399 386/386/400 383/383/397
f 386/2537/400 387/387/401 388/388/402 383/2538/397
f 386/386/400 385/385/399 317/317/331 389/389/403
f 386/2537/400 389/2539/403 390/390/404 387/387/401
f 390/390/404 391/391/405 392/392/406 387/387/401
f 390/390/404 389/2539/403 314/2540/328 393/393/407
f 390/390/404 393/393/407 394/394/408 391/391/405
f 394/394/408 395/395/409 396/396/410 391/391/405
f 394/394/408 393/393/407 311/311/325 397/397/411
f 394/394/408 397/397/411 398/398/412 395/395/409
f 398/398/412 399/399/413 400/400/414 395/395/409
f 398/398/412 397/397/411 308/308/322 401/401/415
f 398/398/412 401/401/415 402/402/416 399/399/413
f 402/402/416 403/403/417 404/404/418 399/399/413
f 402/402/416 401/401/415 305/305/319 405/405/419
f 402/402/416 405/405/419 406/406/420 403/403/417
f 406/406/420 407/407/421 408/408/422 403/403/417
f 406/406/420 405/405/419 302/302/316 409/409/423
f 406/406/420 409/409/423 410/410/424 407/407/421
f 410/410/424 411/411/425 412/412/426 407/407/421
f 410/410/424 409/409/423 299/299/311 413/413/427
f 410/410/424 413/413/427 414/414/428 411/411/425
f 414/2541/428 415/415/429 416/416/430 411/2542/425
f 414/414/428 413/413/427 296/296/308 417/417/431
f 414/2541/428 417/2543/431 418/418/432 415/415/429
f 418/418/432 419/419/433 420/420/434 415/415/429
f 418/418/432 417/2543/431 293/2544/305 421/421/435
f 418/418/432 421/421/435 422/422/436 419/419/433
f 422/422/436 423/423/437 424/424/438 419/419/433
f 422/422/436 421/421/435 290/290/302 425/425/439
f 422/422/436 425/425/439 426/426/440 423/423/437
f 426/426/440 427/427/441 428/428/442 423/423/437
f 426/426/440 425/425/439 287/287/299 429/429/443
f 426/426/440 429/429/443 430/430/444 427/427/441
f 430/430/444 431/431/445 432/432/446 427/427/441
f 430/430/444 429/429/443 284/284/296 433/433/447
f 430/430/444 433/433/447 434/434/448 431/431/445
f 434/434/448 435/435/449 436/436/450 431/431/445
f 434/434/448 433/433/447 281/281/293 437/437/451
f 434/434/448 437/437/451 438/438/452 435/435/449
f 438/438/452 439/439/453 440/440/454 435/435/449
f 438/438/452 437/437/451 278/278/289 441/441/455
f 438/438/452 441/441/455 442/442/456 439/439/453
f 442/2545/456 443/443/457 444/444/458 439/2546/453
f 442/442/456 441/441/455 275/275/459 445/445/460
f 442/2545/456 445/2547/460 446/446/461 443/443/457
f 446/446/461 447/447/462 448/448/463 443/443/457
f 446/446/461 445/2547/464 272/2548/465 449/449/466
f 446/446/461 449/449/466 450/450/467 447/447/462
f 450/450/467 451/451/468 452/452/469 447/447/462
s 3
f 450/450/470 449/449/471 269/269/275 453/453/472
f 450/450/470 453/453/472 454/454/473 451/451/474
f 454/454/473 455/455/475 456/456/476 451/451/474
f 454/454/473 453/453/472 266/266/272 457/457/477
f 454/454/473 457/457/477 458/458/478 455/455/475
f 458/458/478 459/459/479 460/460/480 455/455/475
f 458/458/478 457/457/477 261/261/267 259/259/265
f 458/458/478 259/259/265 257/257/263 459/459/479
f 460/460/480 461/461/481 462/462/482 463/463/483
f 460/460/480 463/463/483 456/456/476 455/455/475
f 460/460/480 459/459/479 464/464/484 461/461/481
f 464/464/484 465/465/485 466/466/486 461/461/481
f 464/464/484 459/459/479 257/257/263 255/255/261
f 464/464/484 255/255/261 253/2512/259 465/465/485
f 466/2549/486 180/180/185 176/176/184 175/175/487
f 466/466/486 175/2550/487 462/462/482 461/461/481
f 466/2549/486 465/2551/485 467/467/488 180/180/185
f 467/467/488 185/185/191 181/181/186 180/180/185
f 467/467/488 465/2551/485 253/253/259 252/252/258
f 467/467/488 252/252/258 251/251/257 185/185/191
s 1
f 463/463/489 462/462/490 170/170/170 468/468/491
f 463/463/489 468/468/491 469/469/492 456/456/493
f 469/469/492 468/468/491 165/165/165 470/470/494
f 469/469/492 470/470/494 471/471/495 452/452/469
f 469/469/492 452/452/469 451/451/468 456/456/493
f 471/471/495 470/470/494 160/160/160 472/472/496
f 471/471/495 472/472/496 473/473/497 448/448/463
f 471/471/495 448/448/463 447/447/462 452/452/469
f 473/473/497 472/472/496 155/155/155 474/474/498
f 473/473/497 474/474/498 475/475/499 444/444/458
f 473/473/497 444/444/458 443/443/457 448/448/463
f 475/475/499 474/474/498 150/150/150 476/476/500
f 475/475/499 476/476/500 477/477/501 440/2552/454
f 475/475/499 440/2552/454 439/2546/453 444/444/458
f 477/477/501 476/476/500 145/145/145 478/478/502
f 477/2553/501 478/2554/502 479/479/503 436/436/450
f 477/2553/501 436/436/450 435/435/449 440/440/454
f 479/479/503 478/2554/502 140/2555/140 480/480/504
f 479/479/503 480/480/504 481/481/505 432/432/446
f 479/479/503 432/432/446 431/431/445 436/436/450
f 481/481/505 480/480/504 135/135/135 482/482/506
f 481/481/505 482/482/506 483/483/507 428/428/442
f 481/481/505 428/428/442 427/427/441 432/432/446
f 483/483/507 482/482/506 130/130/130 484/484/508
f 483/483/507 484/484/508 485/485/509 424/424/438
f 483/483/507 424/424/438 423/423/437 428/428/442
f 485/485/509 484/484/508 125/125/125 486/486/510
f 485/485/509 486/486/510 487/487/511 420/420/434
f 485/485/509 420/420/434 419/419/433 424/424/438
f 487/487/511 486/486/510 120/120/120 488/488/512
f 487/487/511 488/488/512 489/489/513 416/416/430
f 487/487/511 416/416/430 415/415/429 420/420/434
f 489/489/513 488/488/512 115/115/115 490/490/514
f 489/2556/513 490/2557/514 491/491/515 412/412/426
f 489/2556/513 412/412/426 411/411/425 416/2558/430
f 491/491/515 490/2557/514 110/2559/110 492/492/516
f 491/491/515 492/492/516 493/493/517 408/408/422
f 491/491/515 408/408/422 407/407/421 412/412/426
f 493/493/517 492/492/516 105/105/105 494/494/518
f 493/493/517 494/494/518 495/495/519 404/404/418
f 493/493/517 404/404/418 403/403/417 408/408/422
f 495/495/519 494/494/518 100/100/100 496/496/520
f 495/495/519 496/496/520 497/497/521 400/400/414
f 495/495/519 400/400/414 399/399/413 404/404/418
f 497/497/521 496/496/520 95/95/95 498/498/522
f 497/497/521 498/498/522 499/499/523 396/396/410
f 497/497/521 396/396/410 395/395/409 400/400/414
f 499/499/523 498/498/522 90/90/90 500/500/524
f 499/499/523 500/500/524 501/501/525 392/392/406
f 499/499/523 392/392/406 391/391/405 396/396/410
f 501/501/525 500/500/524 85/85/85 502/502/526
f 501/501/525 502/502/526 503/503/527 388/388/402
f 501/501/525 388/388/402 387/387/401 392/392/406
f 503/503/527 502/502/526 80/80/80 504/504/528
f 503/503/527 504/504/528 505/505/529 384/2560/398
f 503/503/527 384/2560/398 383/2538/397 388/388/402
f 505/505/529 504/504/528 75/75/75 506/506/530
f 505/2561/529 506/2562/530 507/507/531 380/380/394
f 505/2561/529 380/380/394 379/379/393 384/384/398
f 507/507/531 506/2562/530 70/2563/70 508/508/532
f 507/507/531 508/508/532 509/509/533 376/376/390
f 507/507/531 376/376/390 375/375/389 380/380/394
f 509/509/533 508/508/532 65/65/65 510/510/534
f 509/509/533 510/510/534 511/511/535 372/372/386
f 509/509/533 372/372/386 371/371/385 376/376/390
f 511/511/535 510/510/534 60/60/60 512/512/536
f 511/511/535 512/512/536 513/513/537 368/368/382
f 511/511/535 368/368/382 367/367/381 372/372/386
f 513/513/537 512/512/536 56/56/56 514/514/538
f 513/513/537 514/514/538 515/515/539 364/364/378
f 513/513/537 364/364/378 363/363/377 368/368/382
f 515/515/539 514/514/538 12/12/6 11/11/5
f 515/515/539 11/11/5 13/13/7 360/360/374
f 515/515/539 360/360/374 359/359/373 364/364/378
f 514/514/538 56/56/56 55/55/55 12/12/6
f 512/512/536 60/60/60 57/57/57 56/56/56
f 510/510/534 65/65/65 61/61/61 60/60/60
f 508/508/532 70/2563/70 66/66/66 65/65/65
f 506/506/530 75/75/75 71/71/71 70/70/70
f 504/504/528 80/80/80 76/76/76 75/75/75
f 502/502/526 85/85/85 81/81/81 80/80/80
f 500/500/524 90/90/90 86/86/86 85/85/85
f 498/498/522 95/95/95 91/91/91 90/90/90
f 496/496/520 100/100/100 96/96/96 95/95/95
f 494/494/518 105/105/105 101/101/101 100/100/100
f 492/492/516 110/2559/110 106/106/106 105/105/105
f 490/490/514 115/115/115 111/111/111 110/110/110
f 488/488/512 120/120/120 116/116/116 115/115/115
f 486/486/510 125/125/125 121/121/121 120/120/120
f 484/484/508 130/130/130 126/126/126 125/125/125
f 482/482/506 135/135/135 131/131/131 130/130/130
f 480/480/504 140/2555/140 136/136/136 135/135/135
f 478/478/502 145/145/145 141/141/141 140/140/140
f 476/476/500 150/150/150 146/146/146 145/145/145
f 474/474/498 155/155/155 151/151/151 150/150/150
f 472/472/496 160/160/160 156/156/156 155/155/155
f 470/470/494 165/165/165 161/161/161 160/160/160
f 468/468/491 170/170/170 166/166/166 165/165/165
f 462/462/490 175/2550/177 171/171/176 170/170/170
s 3
f 457/457/477 266/266/272 263/263/269 261/261/267
f 453/453/472 269/269/275 267/267/273 266/266/272
f 449/449/471 272/2548/278 270/270/276 269/269/275
s 1
f 445/445/464 275/275/283 273/273/282 272/272/465
f 441/441/455 278/278/289 276/276/288 275/275/459
f 437/437/451 281/281/293 279/279/290 278/278/289
f 433/433/447 284/284/296 282/282/294 281/281/293
f 429/429/443 287/287/299 285/285/297 284/284/296
f 425/425/439 290/290/302 288/288/300 287/287/299
f 421/421/435 293/2544/305 291/291/303 290/290/302
f 417/417/431 296/296/308 294/294/306 293/293/305
f 413/413/427 299/299/311 297/297/309 296/296/308
f 409/409/423 302/302/316 300/300/315 299/299/311
f 405/405/419 305/305/319 303/303/317 302/302/316
f 401/401/415 308/308/322 306/306/320 305/305/319
f 397/397/411 311/311/325 309/309/323 308/308/322
f 393/393/407 314/2540/328 312/312/326 311/311/325
f 389/389/403 317/317/331 315/315/329 314/314/328
f 385/385/399 320/320/334 318/318/332 317/317/331
f 381/381/395 323/323/337 321/321/335 320/320/334
f 377/377/391 326/326/340 324/324/338 323/323/337
f 373/373/387 329/329/343 327/327/341 326/326/340
f 369/369/383 332/332/346 330/330/344 329/329/343
f 365/365/379 335/2536/349 333/333/347 332/332/346
f 361/361/375 338/338/352 336/336/350 335/335/349
f 360/360/374 13/13/7 356/2564/370 355/2534/369
f 357/357/371 341/341/355 339/339/353 338/338/352
f 356/2564/370 13/13/7 10/10/4 19/2565/14
f 356/356/370 19/19/14 16/16/11 353/353/367
s 3
f 251/251/257 190/190/196 186/186/192 185/185/191
f 251/251/257 249/249/255 248/248/254 190/190/196
f 248/248/254 195/195/201 191/191/197 190/190/196
f 248/248/254 246/246/252 245/245/251 195/195/201
f 245/245/251 200/200/206 196/196/202 195/195/201
f 245/245/251 242/242/248 241/241/247 200/200/206
f 241/241/247 205/205/211 201/201/207 200/200/206
f 239/239/245 210/2510/216 206/206/212 205/205/211
f 236/236/242 21/21/17 39/39/38 31/31/28
f 211/211/217 210/210/216 29/29/26 28/28/25
s 1
f 55/55/55 54/54/54 8/8/2 12/12/6
s 3
f 43/43/42 40/2488/39 20/2566/16 25/2504/21
f 42/42/41 27/27/24 26/26/23 38/2487/37
f 40/40/39 39/39/38 21/21/17 20/20/16
f 39/39/38 38/38/37 26/2485/23 31/31/28
s 1
f 36/36/34 35/35/33 15/15/10 14/14/9
f 19/2565/14 10/10/4 9/9/3 17/2532/12
s 14
f 516/516/540 520/520/541 521/521/542 522/522/543
f 516/516/540 522/522/543 523/523/544 524/524/545
f 516/516/540 524/524/545 525/525/546 520/520/541
f 517/517/547 526/526/548 527/527/549 528/528/550
f 517/517/547 528/528/550 529/529/551 530/530/552
f 517/517/547 530/530/552 531/531/553 526/526/548
f 518/518/554 532/532/555 533/533/556 534/534/557
f 518/518/554 534/534/557 535/535/558 536/536/559
f 518/518/554 536/536/559 537/537/560 532/532/555
f 519/519/561 538/538/562 539/539/563 540/540/564
f 519/519/561 541/541/565 542/542/566 538/538/562
f 519/519/561 540/540/564 543/543/567 541/541/565
f 551/551/568 550/550/569 552/552/570 553/553/571
f 551/551/568 553/553/571 554/554/572 555/555/573
f 555/555/573 554/554/572 556/556/574 557/557/575
f 557/557/575 556/556/574 558/558/576 559/559/577
f 559/559/577 558/558/576 560/560/578 561/561/579
f 561/561/579 560/560/578 562/562/580 563/563/581
f 563/563/581 562/562/580 564/564/582 544/544/583
f 564/564/582 562/562/580 565/565/584 566/566/585
f 564/564/582 566/566/585 567/567/586 568/568/587
f 564/564/582 568/568/587 545/545/588 544/544/583
f 568/568/587 567/567/586 569/569/589 570/570/590
f 568/568/587 570/570/590 546/546/591 545/545/588
f 570/570/590 569/569/589 571/571/592 572/572/593
f 570/570/590 572/572/593 547/547/594 546/546/591
f 572/572/593 571/571/592 573/573/595 574/574/596
f 572/572/593 574/574/596 548/548/597 547/547/594
f 574/574/596 573/573/595 575/575/598 576/576/599
f 574/574/596 576/576/599 577/577/600 548/548/597
f 577/577/600 576/576/599 578/578/601 549/549/602
f 578/578/601 576/576/599 575/575/598 579/579/603
f 578/578/601 579/579/603 580/580/604 552/552/570
f 578/578/601 552/552/570 550/550/569 549/549/602
f 580/580/604 579/579/603 581/581/605 531/531/553
f 580/580/604 531/531/553 530/530/552 582/582/606
f 580/580/604 582/582/606 553/553/571 552/552/570
f 582/582/606 530/530/552 529/529/551 583/583/607
f 582/582/606 583/583/607 554/554/572 553/553/571
f 583/583/607 529/529/551 584/584/608 585/585/609
f 583/583/607 585/585/609 556/556/574 554/554/572
f 585/585/609 584/584/608 586/586/610 587/587/611
f 585/585/609 587/587/611 558/558/576 556/556/574
f 587/587/611 586/586/610 588/588/612 589/589/613
f 587/587/611 589/589/613 560/560/578 558/558/576
f 589/589/613 588/588/612 590/590/614 565/565/584
f 589/589/613 565/565/584 562/562/580 560/560/578
f 590/590/614 588/588/612 532/532/555 537/537/560
f 590/590/614 537/537/560 539/539/563 591/591/615
f 590/590/614 591/591/615 566/566/585 565/565/584
f 591/591/615 539/539/563 538/538/562 592/592/616
f 591/591/615 592/592/616 567/567/586 566/566/585
f 592/592/616 538/538/562 542/542/566 593/593/617
f 592/592/616 593/593/617 569/569/589 567/567/586
f 593/593/617 542/542/566 525/525/546 594/594/618
f 593/593/617 594/594/618 571/571/592 569/569/589
f 594/594/618 525/525/546 524/524/545 595/595/619
f 594/594/618 595/595/619 573/573/595 571/571/592
f 595/595/619 524/524/545 523/523/544 596/596/620
f 595/595/619 596/596/620 575/575/598 573/573/595
f 596/596/620 523/523/544 597/597/621 581/581/605
f 596/596/620 581/581/605 579/579/603 575/575/598
f 597/597/621 523/523/544 522/522/543 598/598/622
f 597/597/621 598/598/622 527/527/549 526/526/548
f 597/597/621 526/526/548 531/531/553 581/581/605
f 598/598/622 522/522/543 521/521/542 599/599/623
f 598/598/622 599/599/623 600/600/624 527/527/549
f 600/600/624 599/599/623 535/535/558 534/534/557
f 600/600/624 534/534/557 533/533/556 601/601/625
f 600/600/624 601/601/625 528/528/550 527/527/549
f 601/601/625 533/533/556 586/586/610 584/584/608
f 601/601/625 584/584/608 529/529/551 528/528/550
f 599/599/623 521/521/542 543/543/567 535/535/558
f 588/588/612 586/586/610 533/533/556 532/532/555
f 543/543/567 521/521/542 520/520/541 541/541/565
f 543/543/567 540/540/564 536/536/559 535/535/558
f 542/542/566 541/541/565 520/520/541 525/525/546
f 540/540/564 539/539/563 537/537/560 536/536/559
s 19
f 602/602/626 610/610/627 611/611/628 612/612/629
f 602/602/626 612/612/629 613/613/630 614/614/631
f 602/602/626 614/614/631 615/615/632 610/610/627
f 603/603/633 616/616/634 617/617/635 618/618/636
f 603/603/633 619/619/637 620/620/638 616/616/634
f 603/603/633 618/618/636 621/621/639 619/619/637
f 604/604/640 622/622/641 623/623/642 624/624/643
f 604/604/640 625/625/644 626/626/645 622/622/641
f 604/604/640 624/624/643 627/627/646 625/625/644
f 605/605/647 628/628/648 629/629/649 630/630/650
f 605/605/647 631/631/651 632/632/652 628/628/648
f 605/605/647 630/630/650 633/633/653 631/631/651
f 606/606/654 634/634/655 635/635/656 636/636/657
f 606/606/654 636/636/657 637/637/658 638/638/659
f 606/606/654 638/638/659 639/639/660 634/634/655
f 607/607/661 640/640/662 641/641/663 642/642/664
f 607/607/661 642/642/664 643/643/665 644/644/666
f 607/607/661 644/644/666 645/645/667 640/640/662
f 608/608/668 623/623/642 622/622/641 646/646/669
f 608/608/668 646/646/669 647/647/670 648/648/671
f 608/608/668 648/648/671 649/649/672 623/623/642
f 609/609/673 650/650/674 651/651/675 652/652/676
f 609/609/673 652/652/676 653/653/677 654/654/678
f 609/609/673 654/654/678 655/655/679 650/650/674
f 655/655/679 656/656/680 657/657/681 658/658/682
f 655/655/679 658/658/682 659/659/683 650/650/674
f 655/655/679 654/654/678 660/660/684 656/656/680
f 660/660/684 661/661/685 662/662/686 656/656/680
f 660/660/684 654/654/678 653/653/677 663/663/687
f 660/660/684 663/663/687 664/664/688 661/661/685
f 664/664/688 665/665/689 649/649/672 661/661/685
f 664/2568/688 663/2567/687 666/666/690 667/667/691
f 664/2568/688 667/667/691 668/668/692 665/2569/689
f 668/668/692 627/2570/646 624/2571/643 665/2569/689
f 668/668/692 667/667/691 669/669/693 670/670/694
f 668/668/692 670/670/694 671/671/695 627/2570/646
f 671/2572/695 672/672/696 625/625/644 627/627/646
f 671/671/695 670/670/694 638/638/659 637/637/658
f 671/2572/695 637/2573/658 673/673/697 672/672/696
f 673/2574/697 637/637/658 636/636/657 674/674/698
f 673/2574/697 674/674/698 675/675/699 676/676/700
f 673/673/697 676/2575/700 677/677/701 672/672/696
f 677/677/701 676/2575/700 611/2576/628 678/678/702
f 677/677/701 678/678/702 679/679/703 626/626/645
f 677/677/701 626/626/645 625/625/644 672/672/696
f 679/679/703 678/678/702 680/680/704 681/681/705
f 679/679/703 681/681/705 647/647/670 646/646/669
f 679/679/703 646/646/669 622/622/641 626/626/645
f 681/681/705 680/680/704 682/682/706 683/683/707
f 681/681/705 683/683/707 684/684/708 647/647/670
f 684/684/708 683/683/707 685/685/709 657/657/681
f 684/684/708 657/657/681 656/656/680 662/662/686
f 684/684/708 662/662/686 648/648/671 647/647/670
f 685/685/709 683/683/707 682/682/706 686/686/710
f 685/685/709 686/686/710 687/687/711 688/688/712
f 685/685/709 688/688/712 658/658/682 657/657/681
f 688/688/712 687/687/711 689/689/713 690/690/714
f 688/688/712 690/690/714 659/659/683 658/658/682
f 690/2577/714 689/2578/713 617/617/635 616/616/634
f 690/2577/714 616/616/634 620/620/638 659/2579/683
f 689/2578/713 687/2580/711 633/633/653 630/630/650
f 689/2578/713 630/630/650 629/629/649 617/617/635
f 687/687/711 686/686/710 691/691/715 633/2581/653
f 691/2582/715 615/615/632 614/614/631 692/692/716
f 691/2582/715 692/692/716 631/631/651 633/633/653
f 691/691/715 686/686/710 682/682/706 615/2583/632
f 692/692/716 614/614/631 613/613/630 693/693/717
f 692/692/716 693/693/717 632/632/652 631/631/651
f 693/693/717 694/694/718 695/695/719 632/632/652
f 693/693/717 613/613/630 696/696/720 694/694/718
f 696/696/720 697/697/721 698/698/722 694/694/718
f 696/696/720 613/613/630 612/612/629 675/675/699
f 696/696/720 675/675/699 674/674/698 697/697/721
f 698/698/722 699/699/723 641/641/663 700/700/724
f 698/698/722 700/700/724 695/695/719 694/694/718
f 698/698/722 697/697/721 635/635/656 699/699/723
f 700/700/724 641/641/663 640/640/662 701/701/725
f 700/700/724 701/701/725 702/702/726 695/695/719
f 702/702/726 701/701/725 703/703/727 704/704/728
f 702/702/726 704/704/728 629/629/649 628/628/648
f 702/702/726 628/628/648 632/632/652 695/695/719
f 704/704/728 703/703/727 621/621/639 618/618/636
f 704/704/728 618/618/636 617/617/635 629/629/649
f 703/703/727 645/645/667 705/705/729 621/621/639
f 703/703/727 701/701/725 640/640/662 645/645/667
f 705/705/729 706/706/730 707/707/731 708/708/732
f 705/705/729 708/708/732 619/619/637 621/621/639
f 705/705/729 645/645/667 644/644/666 706/706/730
f 708/708/732 707/707/731 652/2584/676 651/2585/675
f 708/708/732 651/2585/675 620/620/638 619/619/637
f 707/707/731 709/709/733 653/2586/677 652/2584/676
f 707/707/731 706/706/730 710/710/734 709/709/733
f 710/710/734 711/711/735 666/666/690 709/709/733
f 710/710/734 706/706/730 644/644/666 643/643/665
f 710/710/734 643/643/665 712/712/736 711/711/735
f 712/712/736 639/639/660 669/669/693 711/711/735
f 712/712/736 643/643/665 642/642/664 713/713/737
f 712/712/736 713/713/737 634/634/655 639/639/660
f 713/713/737 642/642/664 641/641/663 699/699/723
f 713/713/737 699/699/723 635/635/656 634/634/655
f 711/711/735 669/669/693 667/667/691 666/666/690
f 709/709/733 666/666/690 663/2567/687 653/2586/677
f 697/697/721 674/674/698 636/636/657 635/635/656
f 682/682/706 680/680/704 610/2587/627 615/2583/632
f 680/680/704 678/678/702 611/2576/628 610/2587/627
f 676/676/700 675/675/699 612/612/629 611/611/628
f 670/670/694 669/669/693 639/639/660 638/638/659
f 665/665/689 624/624/643 623/623/642 649/649/672
f 662/662/686 661/661/685 649/649/672 648/648/671
f 659/2579/683 620/620/638 651/2585/675 650/2588/674
s 26
f 714/714/738 718/718/739 719/719/740 720/720/741
f 714/714/738 720/720/741 721/721/742 722/722/743
f 714/714/738 722/722/743 723/723/744 718/718/739
f 715/715/745 724/724/746 725/725/747 726/726/748
f 715/715/745 727/727/749 728/728/750 724/724/746
f 715/715/745 726/726/748 729/729/751 727/727/749
f 716/716/752 730/730/753 731/731/754 732/732/755
f 716/716/752 733/733/756 734/734/757 730/730/753
f 716/716/752 732/732/755 735/735/758 733/733/756
f 717/717/759 736/736/760 737/737/761 738/738/762
f 717/717/759 739/739/763 740/740/764 736/736/760
f 717/717/759 738/738/762 741/741/765 739/739/763
f 741/741/765 738/738/762 742/742/766 743/743/767
f 741/741/765 743/743/767 744/744/768 745/745/769
f 741/741/765 745/745/769 746/746/770 739/739/763
f 746/746/770 745/745/769 735/735/758 732/732/755
f 746/746/770 732/732/755 731/731/754 747/747/771
f 746/746/770 747/747/771 740/740/764 739/739/763
f 747/747/771 731/731/754 748/748/772 749/749/773
f 747/747/771 749/749/773 750/750/774 740/740/764
f 750/750/774 751/751/775 736/736/760 740/740/764
f 750/750/774 749/749/773 752/752/776 753/753/777
f 750/750/774 753/753/777 754/754/778 751/751/775
f 754/754/778 755/755/779 756/756/780 751/751/775
f 754/754/778 753/753/777 757/757/781 758/758/782
f 754/754/778 758/758/782 759/759/783 755/755/779
f 759/759/783 760/760/784 761/761/785 755/755/779
f 765/765/786 764/764/787 766/766/788 767/767/789
f 765/765/786 767/767/789 768/768/790 762/762/791
f 768/768/790 767/767/789 769/769/792 770/770/793
f 768/768/790 770/770/793 771/771/794 761/761/785
f 768/768/790 761/761/785 760/760/784 762/762/791
f 771/771/794 770/770/793 725/725/747 772/772/795
f 771/771/794 772/772/795 737/737/761 756/756/780
f 771/771/794 756/756/780 755/755/779 761/761/785
f 772/772/795 725/725/747 724/724/746 742/742/766
f 772/772/795 742/742/766 738/738/762 737/737/761
f 770/770/793 769/769/792 726/726/748 725/725/747
f 769/769/792 773/773/796 729/729/751 726/726/748
f 769/769/792 767/767/789 766/766/788 773/773/796
f 773/773/796 774/774/797 775/775/798 729/729/751
f 773/773/796 766/766/788 776/776/799 774/774/797
f 776/776/799 777/777/800 778/778/801 774/774/797
f 776/776/799 766/766/788 764/764/787 763/763/802
f 776/776/799 763/763/802 779/779/803 777/777/800
f 779/779/803 780/780/804 781/781/805 777/777/800
f 781/781/805 782/782/806 783/783/807 784/784/808
f 781/781/805 784/784/808 778/778/801 777/777/800
f 781/781/805 780/780/804 785/785/809 782/782/806
f 785/785/809 786/786/810 787/787/811 782/782/806
f 787/787/811 788/788/812 789/789/813 790/790/814
f 787/787/811 790/790/814 783/783/807 782/782/806
f 787/787/811 786/786/810 791/791/815 788/788/812
f 791/791/815 792/792/816 793/793/817 788/788/812
f 796/796/818 797/797/819 795/795/820 794/794/821
f 797/797/819 757/757/781 753/753/777 752/752/776
f 797/797/819 752/752/776 798/798/822 795/795/820
f 798/798/822 752/752/776 749/749/773 748/748/772
f 798/798/822 748/748/772 799/799/823 793/793/817
f 798/798/822 793/793/817 792/792/816 795/795/820
f 799/799/823 748/748/772 731/731/754 730/730/753
f 799/799/823 730/730/753 734/734/757 789/789/813
f 799/799/823 789/789/813 788/788/812 793/793/817
f 790/790/814 789/789/813 734/734/757 800/800/824
f 790/790/814 800/800/824 721/721/742 783/783/807
f 800/800/824 734/734/757 733/733/756 801/801/825
f 800/800/824 801/801/825 722/722/743 721/721/742
f 801/801/825 733/733/756 735/735/758 802/802/826
f 801/801/825 802/802/826 723/723/744 722/722/743
f 802/802/826 744/744/768 803/803/827 723/723/744
f 802/802/826 735/735/758 745/745/769 744/744/768
f 803/803/827 728/728/750 727/727/749 804/804/828
f 803/803/827 804/804/828 718/718/739 723/723/744
f 803/803/827 744/744/768 743/743/767 728/728/750
f 804/804/828 727/727/749 729/729/751 775/775/798
f 804/804/828 775/775/798 719/719/740 718/718/739
f 784/784/808 783/783/807 721/721/742 720/720/741
f 784/784/808 720/720/741 719/719/740 778/778/801
f 778/778/801 719/719/740 775/775/798 774/774/797
f 756/756/780 737/737/761 736/736/760 751/751/775
f 743/743/767 742/742/766 724/724/746 728/728/750
s 32
f 805/805/829 813/813/830 814/814/831 815/815/832
f 805/805/829 816/816/833 817/817/834 813/813/830
f 805/805/829 815/815/832 818/818/835 816/816/833
f 806/806/836 819/819/837 820/820/838 821/821/839
f 806/806/836 821/821/839 822/822/840 823/823/841
f 806/806/836 823/823/841 824/824/842 819/819/837
f 807/807/843 825/825/844 826/826/845 827/827/846
f 807/807/843 828/828/847 829/829/848 825/825/844
f 807/807/843 827/827/846 830/830/849 828/828/847
f 808/808/850 831/831/851 832/832/852 833/833/853
f 808/808/850 834/834/854 835/835/855 831/831/851
f 808/808/850 833/833/853 836/836/856 834/834/854
f 809/809/857 837/837/858 838/838/859 839/839/860
f 809/809/857 839/839/860 840/840/861 841/841/862
f 809/809/857 841/841/862 842/842/863 837/837/858
f 810/810/864 843/843/865 844/844/866 845/845/867
f 810/810/864 845/845/867 846/846/868 847/847/869
f 810/810/864 847/847/869 848/848/870 843/843/865
f 811/811/871 849/849/872 850/850/873 851/851/874
f 811/811/871 851/851/874 852/852/875 853/853/876
f 811/811/871 853/853/876 854/854/877 849/849/872
f 812/812/878 855/855/879 856/856/880 857/857/881
f 812/2590/878 857/2589/881 858/858/882 859/859/883
f 812/2590/878 859/859/883 860/860/884 855/2591/879
f 860/860/884 859/859/883 827/827/846 826/826/845
f 860/860/884 826/826/845 861/861/885 862/862/886
f 860/860/884 862/862/886 863/863/887 855/2591/879
f 863/863/887 862/862/886 864/864/888 865/865/889
f 863/2592/887 865/2593/889 866/866/890 867/867/891
f 863/2592/887 867/867/891 856/856/880 855/855/879
f 867/867/891 866/866/890 868/868/892 869/869/893
f 867/867/891 869/869/893 870/870/894 856/856/880
f 870/870/894 871/871/895 857/857/881 856/856/880
f 870/870/894 869/869/893 872/872/896 848/848/870
f 870/870/894 848/848/870 847/847/869 871/871/895
f 872/872/896 869/869/893 868/868/892 873/873/897
f 872/872/896 873/873/897 874/874/898 875/875/899
f 872/872/896 875/875/899 843/843/865 848/848/870
f 875/875/899 874/874/898 876/876/900 877/877/901
f 875/875/899 877/877/901 844/844/866 843/843/865
f 877/877/901 876/876/900 878/878/902 879/879/903
f 877/877/901 879/879/903 838/2594/859 844/844/866
f 879/2596/903 878/2595/902 880/880/904 881/881/905
f 879/2596/903 881/881/905 839/839/860 838/838/859
f 881/881/905 880/880/904 882/882/906 883/883/907
f 881/881/905 883/883/907 840/840/861 839/839/860
f 883/883/907 882/882/906 884/884/908 885/885/909
f 883/883/907 885/885/909 886/886/910 840/840/861
f 886/886/910 887/887/911 841/841/862 840/840/861
f 886/886/910 885/885/909 888/888/912 829/829/848
f 886/886/910 829/829/848 828/828/847 887/887/911
f 888/888/912 885/885/909 884/884/908 889/889/913
f 888/888/912 889/889/913 890/890/914 891/891/915
f 888/888/912 891/891/915 825/825/844 829/829/848
f 891/891/915 890/890/914 892/892/916 861/861/885
f 891/891/915 861/861/885 826/826/845 825/825/844
f 892/892/916 890/890/914 893/893/917 894/894/918
f 892/892/916 894/894/918 895/895/919 864/864/888
f 892/892/916 864/864/888 862/862/886 861/861/885
f 895/895/919 894/894/918 896/896/920 897/897/921
f 895/2597/919 897/2598/921 898/898/922 899/899/923
f 895/2597/919 899/899/923 865/2593/889 864/2599/888
f 899/899/923 898/898/922 900/900/924 901/901/925
f 899/899/923 901/901/925 866/866/890 865/2593/889
f 901/901/925 900/900/924 902/902/926 903/903/927
f 901/901/925 903/903/927 868/868/892 866/866/890
f 903/903/927 902/902/926 904/904/928 905/905/929
f 903/903/927 905/905/929 873/873/897 868/868/892
f 905/905/929 904/904/928 906/906/930 907/907/931
f 905/905/929 907/907/931 874/874/898 873/873/897
f 907/907/931 906/906/930 908/908/932 909/909/933
f 907/907/931 909/909/933 876/876/900 874/874/898
f 909/909/933 908/908/932 910/910/934 911/911/935
f 909/909/933 911/911/935 878/878/902 876/876/900
f 911/2600/935 910/2601/934 912/912/936 913/913/937
f 911/2600/935 913/913/937 880/880/904 878/2595/902
f 913/913/937 912/912/936 914/914/938 915/915/939
f 913/913/937 915/915/939 882/882/906 880/880/904
f 915/915/939 914/914/938 916/916/940 917/917/941
f 915/915/939 917/917/941 884/884/908 882/882/906
f 917/917/941 916/916/940 918/918/942 919/919/943
f 917/917/941 919/919/943 889/889/913 884/884/908
f 919/919/943 918/918/942 920/920/944 893/893/917
f 919/919/943 893/893/917 890/890/914 889/889/913
f 920/920/944 918/918/942 921/921/945 922/922/946
f 920/920/944 922/922/946 923/923/947 896/896/920
f 920/920/944 896/896/920 894/894/918 893/893/917
f 923/923/947 922/922/946 849/849/872 854/854/877
f 923/923/947 854/854/877 832/2602/852 924/924/948
f 923/923/947 924/924/948 897/897/921 896/896/920
f 924/2603/948 832/832/852 831/831/851 925/925/949
f 924/2603/948 925/925/949 898/898/922 897/2598/921
f 925/925/949 831/831/851 835/835/855 926/926/950
f 925/925/949 926/926/950 900/900/924 898/898/922
f 926/926/950 835/835/855 927/927/951 928/928/952
f 926/926/950 928/928/952 902/902/926 900/900/924
f 928/928/952 927/927/951 814/814/831 929/929/953
f 928/928/952 929/929/953 904/904/928 902/902/926
f 929/929/953 814/814/831 813/813/830 930/930/954
f 929/929/953 930/930/954 906/906/930 904/904/928
f 930/930/954 813/813/830 817/817/834 931/931/955
f 930/930/954 931/931/955 908/908/932 906/906/930
f 931/931/955 817/817/834 820/2604/838 932/932/956
f 931/931/955 932/932/956 910/910/934 908/908/932
f 932/2605/956 820/820/838 819/819/837 933/933/957
f 932/2605/956 933/933/957 912/912/936 910/2601/934
f 933/933/957 819/819/837 824/824/842 934/934/958
f 933/933/957 934/934/958 914/914/938 912/912/936
f 934/934/958 824/824/842 935/935/959 936/936/960
f 934/934/958 936/936/960 916/916/940 914/914/938
f 936/936/960 935/935/959 850/850/873 921/921/945
f 936/936/960 921/921/945 918/918/942 916/916/940
f 935/935/959 824/824/842 823/823/841 937/937/961
f 935/935/959 937/937/961 851/851/874 850/850/873
f 937/937/961 823/823/841 822/822/840 938/938/962
f 937/937/961 938/938/962 852/852/875 851/851/874
f 938/938/962 939/939/963 836/2606/856 852/852/875
f 938/938/962 822/822/840 818/2607/835 939/939/963
f 939/2608/963 940/940/964 834/834/854 836/836/856
f 939/2608/963 818/818/835 815/815/832 940/940/964
f 940/940/964 927/927/951 835/835/855 834/834/854
f 940/940/964 815/815/832 814/814/831 927/927/951
f 922/922/946 921/921/945 850/850/873 849/849/872
f 887/887/911 941/941/965 842/842/863 841/841/862
f 887/887/911 828/828/847 830/830/849 941/941/965
f 941/941/965 942/942/966 846/2609/868 842/842/863
f 941/941/965 830/830/849 858/858/882 942/942/966
f 942/2611/966 858/2610/882 857/857/881 871/871/895
f 942/2611/966 871/871/895 847/847/869 846/846/868
f 859/859/883 858/858/882 830/830/849 827/827/846
f 854/854/877 853/853/876 833/2612/853 832/2602/852
f 853/853/876 852/852/875 836/2606/856 833/2612/853
f 846/846/868 845/845/867 837/2613/858 842/2614/863
f 845/845/867 844/844/866 838/2594/859 837/2613/858
f 822/2615/840 821/2616/839 816/816/833 818/818/835
f 821/2616/839 820/2604/838 817/817/834 816/816/833
s 40
f 943/943/967 947/947/968 948/948/969 949/949/970
f 943/943/967 950/950/971 951/951/972 947/947/968
f 943/943/967 949/949/970 952/952/973 950/950/971
f 944/944/974 953/953/975 954/954/976 955/955/977
f 944/944/974 956/956/978 957/957/979 953/953/975
f 944/944/974 955/955/977 958/958/980 956/956/978
f 945/945/981 959/959/982 960/960/983 961/961/984
f 945/945/981 961/961/984 962/962/985 963/963/986
f 945/945/981 963/963/986 964/964/987 959/959/982
f 946/946/988 965/965/989 966/966/990 967/967/991
f 946/946/988 967/967/991 968/968/992 969/969/993
f 946/946/988 969/969/993 970/970/994 965/965/989
f 973/973/995 972/972/996 975/975/997 976/976/998
f 973/973/995 976/976/998 977/977/999 974/974/1000
f 977/977/999 978/978/1001 979/979/1002 974/974/1000
f 977/977/999 976/976/998 980/980/1003 981/981/1004
f 977/977/999 981/981/1004 982/982/1005 978/978/1001
f 982/982/1005 983/983/1006 984/984/1007 978/978/1001
f 982/982/1005 981/981/1004 958/958/980 955/955/977
f 982/982/1005 955/955/977 954/954/976 983/983/1006
f 984/984/1007 985/985/1008 986/986/1009 987/987/1010
f 984/984/1007 987/987/1010 979/979/1002 978/978/1001
f 984/984/1007 983/983/1006 988/988/1011 985/985/1008
f 988/988/1011 989/989/1012 990/990/1013 985/985/1008
f 988/988/1011 983/983/1006 954/954/976 991/991/1014
f 988/988/1011 991/991/1014 952/952/973 989/989/1012
f 991/991/1014 954/954/976 953/953/975 992/992/1015
f 991/991/1014 992/992/1015 950/950/971 952/952/973
f 992/992/1015 993/993/1016 951/951/972 950/950/971
f 992/992/1015 953/953/975 957/957/979 993/993/1016
f 993/993/1016 994/994/1017 995/995/1018 951/951/972
f 993/993/1016 957/957/979 996/996/1019 994/994/1017
f 996/996/1019 970/970/994 997/997/1020 994/994/1017
f 996/996/1019 957/957/979 956/956/978 998/998/1021
f 996/996/1019 998/998/1021 965/965/989 970/970/994
f 998/998/1021 956/956/978 958/958/980 999/999/1022
f 998/998/1021 999/999/1022 966/966/990 965/965/989
f 999/999/1022 958/958/980 981/981/1004 980/980/1003
f 999/999/1022 980/980/1003 1000/1000/1023 966/966/990
f 1000/1000/1023 980/980/1003 976/976/998 975/975/997
f 1000/1000/1023 975/975/997 1001/1001/1024 1002/1002/1025
f 1000/1000/1023 1002/1002/1025 967/967/991 966/966/990
f 1002/1002/1025 1001/1001/1024 1003/1003/1026 1004/1004/1027
f 1002/1002/1025 1004/1004/1027 968/968/992 967/967/991
f 1004/1004/1027 1003/1003/1026 1005/1005/1028 1006/1006/1029
f 1004/1004/1027 1006/1006/1029 1007/1007/1030 968/968/992
f 1007/1007/1030 1006/1006/1029 1008/1008/1031 964/964/987
f 1007/1007/1030 964/964/987 963/963/986 1009/1009/1032
f 1007/1007/1030 1009/1009/1032 969/969/993 968/968/992
f 1009/1009/1032 963/963/986 962/962/985 997/997/1020
f 1009/1009/1032 997/997/1020 970/970/994 969/969/993
f 1008/1008/1031 1006/1006/1029 1005/1005/1028 1010/1010/1033
f 1008/1008/1031 1010/1010/1033 1011/1011/1034 1012/1012/1035
f 1008/1008/1031 1012/1012/1035 959/959/982 964/964/987
f 1012/1012/1035 1011/1011/1034 1013/1013/1036 1014/1014/1037
f 1012/1012/1035 1014/1014/1037 960/960/983 959/959/982
f 1014/1014/1037 1013/1013/1036 1015/1015/1038 1016/1016/1039
f 1014/1014/1037 1016/1016/1039 1017/1017/1040 960/960/983
f 1017/1017/1040 1016/1016/1039 1018/1018/1041 948/948/969
f 1017/1017/1040 948/948/969 947/947/968 1019/1019/1042
f 1017/1017/1040 1019/1019/1042 961/961/984 960/960/983
f 1019/1019/1042 947/947/968 951/951/972 995/995/1018
f 1019/1019/1042 995/995/1018 962/962/985 961/961/984
f 1018/1018/1041 1016/1016/1039 1015/1015/1038 1020/1020/1043
f 1018/1018/1041 1020/1020/1043 1021/1021/1044 1022/1022/1045
f 1018/1018/1041 1022/1022/1045 949/949/970 948/948/969
f 1022/1022/1045 1021/1021/1044 990/990/1013 989/989/1012
f 1022/1022/1045 989/989/1012 952/952/973 949/949/970
f 1021/1021/1044 1020/1020/1043 1023/1023/1046 1024/1024/1047
f 1021/1021/1044 1024/1024/1047 1025/1025/1048 990/990/1013
f 1025/1025/1048 986/986/1009 985/985/1008 990/990/1013
f 1028/1028/1049 1027/1027/1050 1005/1005/1028 1003/1003/1026
f 1028/1028/1049 1003/1003/1026 1001/1001/1024 971/971/1051
f 1027/1027/1050 1026/1026/1052 1010/1010/1033 1005/1005/1028
f 1026/1026/1052 1029/1029/1053 1011/1011/1034 1010/1010/1033
f 1029/1029/1053 1030/1030/1054 1013/1013/1036 1011/1011/1034
f 1030/1030/1054 1031/1031/1055 1015/1015/1038 1013/1013/1036
f 1031/1031/1055 1023/1023/1046 1020/1020/1043 1015/1015/1038
f 1001/1001/1024 975/975/997 972/972/996 971/971/1051
f 997/997/1020 962/962/985 995/995/1018 994/994/1017
s 45
f 1032/1032/1056 1036/1036/1057 1037/1037/1058 1038/1038/1059
f 1032/1032/1056 1038/1038/1059 1039/1039/1060 1040/1040/1061
f 1032/1032/1056 1040/1040/1061 1041/1041/1062 1036/1036/1057
f 1033/1033/1063 1042/1042/1064 1043/1043/1065 1044/1044/1066
f 1033/1033/1063 1045/1045/1067 1046/1046/1068 1042/1042/1064
f 1033/1033/1063 1044/1044/1066 1047/1047/1069 1045/1045/1067
f 1034/1034/1070 1048/1048/1071 1049/1049/1072 1050/1050/1073
f 1034/1034/1070 1050/1050/1073 1051/1051/1074 1052/1052/1075
f 1034/1034/1070 1052/1052/1075 1053/1053/1076 1048/1048/1071
f 1035/1035/1077 1054/1054/1078 1055/1055/1079 1056/1056/1080
f 1035/1035/1077 1056/1056/1080 1057/1057/1081 1058/1058/1082
f 1035/1035/1077 1058/1058/1082 1059/1059/1083 1054/1054/1078
f 1062/1062/1084 1061/1061/1085 1064/1064/1086 1065/1065/1087
f 1062/1062/1084 1065/1065/1087 1066/1066/1088 1063/1063/1089
f 1066/1066/1088 1067/1067/1090 1068/1068/1091 1063/1063/1089
f 1066/1066/1088 1065/1065/1087 1069/1069/1092 1070/1070/1093
f 1066/1066/1088 1070/1070/1093 1071/1071/1094 1067/1067/1090
f 1071/1071/1094 1072/1072/1095 1073/1073/1096 1067/1067/1090
f 1071/1071/1094 1070/1070/1093 1074/1074/1097 1055/1055/1079
f 1071/1071/1094 1055/1055/1079 1054/1054/1078 1072/1072/1095
f 1074/1074/1097 1070/1070/1093 1069/1069/1092 1075/1075/1098
f 1074/1074/1097 1075/1075/1098 1047/1047/1069 1076/1076/1099
f 1074/1074/1097 1076/1076/1099 1056/1056/1080 1055/1055/1079
f 1076/1076/1099 1047/1047/1069 1044/1044/1066 1077/1077/1100
f 1076/1076/1099 1077/1077/1100 1057/1057/1081 1056/1056/1080
f 1077/1077/1100 1078/1078/1101 1079/1079/1102 1057/1057/1081
f 1077/1077/1100 1044/1044/1066 1043/1043/1065 1078/1078/1101
f 1079/1079/1102 1080/1080/1103 1081/1081/1104 1082/1082/1105
f 1079/1079/1102 1082/1082/1105 1058/1058/1082 1057/1057/1081
f 1079/1079/1102 1078/1078/1101 1083/1083/1106 1080/1080/1103
f 1083/1083/1106 1084/1084/1107 1051/1051/1074 1080/1080/1103
f 1083/1083/1106 1078/1078/1101 1043/1043/1065 1041/1041/1062
f 1083/1083/1106 1041/1041/1062 1040/1040/1061 1084/1084/1107
f 1084/1084/1107 1085/1085/1108 1052/1052/1075 1051/1051/1074
f 1084/1084/1107 1040/1040/1061 1039/1039/1060 1085/1085/1108
f 1085/1085/1108 1039/1039/1060 1086/1086/1109 1087/1087/1110
f 1085/1085/1108 1087/1087/1110 1053/1053/1076 1052/1052/1075
f 1087/1087/1110 1086/1086/1109 1088/1088/1111 1089/1089/1112
f 1087/1087/1110 1089/1089/1112 1090/1090/1113 1053/1053/1076
f 1090/1090/1113 1089/1089/1112 1091/1091/1114 1092/1092/1115
f 1090/1090/1113 1092/1092/1115 1093/1093/1116 1094/1094/1117
f 1090/1090/1113 1094/1094/1117 1048/1048/1071 1053/1053/1076
f 1094/1094/1117 1093/1093/1116 1095/1095/1118 1096/1096/1119
f 1094/1094/1117 1096/1096/1119 1049/1049/1072 1048/1048/1071
f 1096/1096/1119 1095/1095/1118 1097/1097/1120 1098/1098/1121
f 1096/1096/1119 1098/1098/1121 1099/1099/1122 1049/1049/1072
f 1099/1099/1122 1098/1098/1121 1100/1100/1123 1101/1101/1124
f 1099/1099/1122 1101/1101/1124 1082/1082/1105 1081/1081/1104
f 1099/1099/1122 1081/1081/1104 1050/1050/1073 1049/1049/1072
f 1101/1101/1124 1100/1100/1123 1102/1102/1125 1059/1059/1083
f 1101/1101/1124 1059/1059/1083 1058/1058/1082 1082/1082/1105
f 1102/1102/1125 1100/1100/1123 1103/1103/1126 1104/1104/1127
f 1102/1102/1125 1104/1104/1127 1073/1073/1096 1072/1072/1095
f 1102/1102/1125 1072/1072/1095 1054/1054/1078 1059/1059/1083
f 1104/1104/1127 1103/1103/1126 1105/1105/1128 1106/1106/1129
f 1104/1104/1127 1106/1106/1129 1107/1107/1130 1073/1073/1096
f 1107/1107/1130 1068/1068/1091 1067/1067/1090 1073/1073/1096
f 1108/1108/1131 1105/1105/1128 1103/1103/1126 1097/1097/1120
f 1108/1108/1131 1097/1097/1120 1095/1095/1118 1109/1109/1132
f 1110/1110/1133 1109/1109/1132 1095/1095/1118 1093/1093/1116
f 1110/1110/1133 1093/1093/1116 1092/1092/1115 1111/1111/1134
f 1112/1112/1135 1111/1111/1134 1092/1092/1115 1091/1091/1114
f 1112/1112/1135 1091/1091/1114 1114/1114/1136 1113/1113/1137
f 1114/1114/1136 1115/1115/1138 1116/1116/1139 1113/1113/1137
f 1114/1114/1136 1091/1091/1114 1089/1089/1112 1088/1088/1111
f 1114/1114/1136 1088/1088/1111 1117/1117/1140 1115/1115/1138
f 1117/1117/1140 1118/1118/1141 1119/1119/1142 1115/1115/1138
f 1117/1117/1140 1088/1088/1111 1086/1086/1109 1120/1120/1143
f 1117/1117/1140 1120/1120/1143 1121/1121/1144 1118/1118/1141
f 1121/1121/1144 1122/1122/1145 1123/1123/1146 1118/1118/1141
f 1121/1121/1144 1120/1120/1143 1038/1038/1059 1037/1037/1058
f 1121/1121/1144 1037/1037/1058 1046/1046/1068 1122/1122/1145
f 1123/1123/1146 1124/1124/1147 1064/1064/1086 1125/1125/1148
f 1123/1123/1146 1125/1125/1148 1119/1119/1142 1118/1118/1141
f 1123/1123/1146 1122/1122/1145 1126/1126/1149 1124/1124/1147
f 1126/1126/1149 1075/1075/1098 1069/1069/1092 1124/1124/1147
f 1126/1126/1149 1122/1122/1145 1046/1046/1068 1045/1045/1067
f 1126/1126/1149 1045/1045/1067 1047/1047/1069 1075/1075/1098
f 1125/1125/1148 1064/1064/1086 1061/1061/1085 1060/1060/1150
f 1125/1125/1148 1060/1060/1150 1127/1127/1151 1119/1119/1142
f 1127/1127/1151 1116/1116/1139 1115/1115/1138 1119/1119/1142
f 1124/1124/1147 1069/1069/1092 1065/1065/1087 1064/1064/1086
f 1120/1120/1143 1086/1086/1109 1039/1039/1060 1038/1038/1059
f 1103/1103/1126 1100/1100/1123 1098/1098/1121 1097/1097/1120
f 1081/1081/1104 1080/1080/1103 1051/1051/1074 1050/1050/1073
f 1046/1046/1068 1037/1037/1058 1036/1036/1057 1042/1042/1064
f 1043/1043/1065 1042/1042/1064 1036/1036/1057 1041/1041/1062
s 50
f 1128/1128/1152 1136/1136/1153 1137/1137/1154 1138/1138/1155
f 1128/1128/1152 1138/1138/1155 1139/1139/1156 1140/1140/1157
f 1128/1128/1152 1140/1140/1157 1141/1141/1158 1136/1136/1153
f 1129/1129/1159 1142/1142/1160 1143/1143/1161 1144/1144/1162
f 1129/1129/1159 1145/1145/1163 1146/1146/1164 1142/1142/1160
f 1129/1129/1159 1144/1144/1162 1147/1147/1165 1145/1145/1163
f 1130/1130/1166 1148/1148/1167 1149/1149/1168 1150/1150/1169
f 1130/1130/1166 1151/1151/1170 1152/1152/1171 1148/1148/1167
f 1130/1130/1166 1150/1150/1169 1153/1153/1172 1151/1151/1170
f 1131/1131/1173 1154/1154/1174 1155/1155/1175 1156/1156/1176
f 1131/1131/1173 1157/1157/1177 1158/1158/1178 1154/1154/1174
f 1131/1131/1173 1156/1156/1176 1159/1159/1179 1157/1157/1177
f 1132/1132/1180 1160/1160/1181 1161/1161/1182 1162/1162/1183
f 1132/1132/1180 1163/1163/1184 1164/1164/1185 1160/1160/1181
f 1132/1132/1180 1162/1162/1183 1165/1165/1186 1163/1163/1184
f 1133/1133/1187 1166/1166/1188 1167/1167/1189 1168/1168/1190
f 1133/1133/1187 1169/1169/1191 1170/1170/1192 1166/1166/1188
f 1133/1133/1187 1168/1168/1190 1171/1171/1193 1169/1169/1191
f 1134/1134/1194 1172/1172/1195 1173/1173/1196 1174/1174/1197
f 1134/1134/1194 1174/1174/1197 1175/1175/1198 1176/1176/1199
f 1134/1134/1194 1176/1176/1199 1177/1177/1200 1172/1172/1195
f 1135/1135/1201 1178/1178/1202 1179/1179/1203 1180/1180/1204
f 1135/1135/1201 1180/1180/1204 1181/1181/1205 1182/1182/1206
f 1135/1135/1201 1182/1182/1206 1183/1183/1207 1178/1178/1202
f 1183/1183/1207 1182/1182/1206 1184/1184/1208 1185/1185/1209
f 1183/1183/1207 1185/1185/1209 1186/1186/1210 1187/1187/1211
f 1183/1183/1207 1187/1187/1211 1188/1188/1212 1178/1178/1202
f 1188/1188/1212 1189/1189/1213 1179/1179/1203 1178/1178/1202
f 1188/1188/1212 1187/1187/1211 1190/1190/1214 1191/1191/1215
f 1188/1188/1212 1191/1191/1215 1192/1192/1216 1189/1189/1213
f 1192/1192/1216 1193/1193/1217 1194/1194/1218 1189/1189/1213
f 1192/1192/1216 1191/1191/1215 1195/1195/1219 1196/1196/1220
f 1192/1192/1216 1196/1196/1220 1197/1197/1221 1193/1193/1217
f 1197/2617/1222 1198/1198/1223 1199/1199/1224 1193/2618/1225
f 1197/1197/1221 1196/1196/1220 1200/1200/1226 1201/1201/1227
f 1197/2617/1222 1201/2619/1227 1202/1202/1228 1198/1198/1223
f 1202/1202/1228 1203/1203/1229 1204/1204/1230 1198/1198/1223
f 1202/1202/1228 1201/2619/1227 1143/2620/1161 1149/1149/1168
f 1202/1202/1228 1149/1149/1168 1148/1148/1167 1203/1203/1229
f 1204/1204/1230 1205/1205/1231 1206/1206/1232 1207/1207/1233
f 1204/1204/1230 1207/1207/1233 1199/1199/1224 1198/1198/1223
f 1204/1204/1230 1203/1203/1229 1208/1208/1234 1205/1205/1231
f 1208/1208/1234 1203/1203/1229 1148/1148/1167 1152/1152/1171
f 1208/1208/1234 1152/1152/1171 1209/1209/1235 1210/1210/1236
f 1208/1208/1234 1210/1210/1236 1211/1211/1237 1205/1205/1231
f 1211/1211/1237 1210/1210/1236 1212/1212/1238 1213/1213/1239
f 1211/1211/1237 1213/1213/1239 1214/1214/1240 1215/1215/1241
f 1211/1211/1237 1215/1215/1241 1206/1206/1232 1205/1205/1231
f 1215/1215/1241 1214/1214/1240 1216/1216/1242 1217/1217/1243
f 1215/1215/1241 1217/1217/1243 1167/1167/1189 1206/1206/1232
f 1217/1217/1243 1216/1216/1242 1218/1218/1244 1219/1219/1245
f 1217/1217/1243 1219/1219/1245 1168/1168/1190 1167/1167/1189
f 1219/1219/1245 1218/1218/1244 1220/1220/1246 1221/1221/1247
f 1219/1219/1245 1221/1221/1247 1171/1171/1193 1168/1168/1190
f 1221/1221/1247 1220/1220/1246 1222/1222/1248 1223/1223/1249
f 1221/1221/1247 1223/1223/1249 1224/1224/1250 1171/1171/1193
f 1224/1224/1250 1225/1225/1251 1169/1169/1191 1171/1171/1193
f 1224/1224/1252 1223/1223/1253 1181/2621/1205 1180/2622/1204
f 1224/2623/1252 1180/1180/1204 1179/1179/1203 1225/2624/1254
f 1225/2624/1254 1179/1179/1203 1189/1189/1213 1194/1194/1218
f 1225/1225/1251 1194/2625/1255 1170/1170/1192 1169/1169/1191
f 1223/1223/1253 1222/1222/1248 1226/1226/1256 1181/2621/1205
f 1226/1226/1256 1222/1222/1248 1227/1227/1257 1228/1228/1258
f 1226/2627/1256 1228/2626/1258 1229/1229/1259 1184/1184/1208
f 1226/2627/1256 1184/1184/1208 1182/1182/1206 1181/1181/1205
f 1229/1229/1259 1228/2626/1258 1230/1230/1260 1231/1231/1261
f 1229/1229/1259 1231/1231/1261 1232/1232/1262 1233/1233/1263
f 1229/1229/1259 1233/1233/1263 1185/1185/1209 1184/1184/1208
f 1233/1233/1263 1232/1232/1262 1234/1234/1264 1235/1235/1265
f 1233/1233/1263 1235/1235/1265 1186/1186/1210 1185/1185/1209
f 1235/1235/1265 1234/1234/1264 1236/1236/1266 1237/1237/1267
f 1235/1235/1265 1237/1237/1267 1238/1238/1268 1186/1186/1210
f 1238/1238/1268 1190/1190/1214 1187/1187/1211 1186/1186/1210
f 1238/1238/1268 1237/1237/1267 1239/1239/1269 1240/1240/1270
f 1238/1238/1268 1240/1240/1270 1241/1241/1271 1190/1190/1214
f 1241/1241/1271 1195/1195/1219 1191/1191/1215 1190/1190/1214
f 1241/1241/1271 1240/1240/1270 1242/1242/1272 1243/1243/1273
f 1241/1241/1271 1243/1243/1273 1244/1244/1274 1195/1195/1219
f 1244/1244/1274 1200/1200/1226 1196/1196/1220 1195/1195/1219
f 1244/1244/1274 1243/1243/1273 1245/1245/1275 1147/1147/1165
f 1244/1244/1274 1147/1147/1165 1144/1144/1162 1200/1200/1226
f 1245/1245/1275 1243/1243/1273 1242/1242/1272 1246/1246/1276
f 1245/1245/1275 1246/1246/1276 1247/1247/1277 1248/1248/1278
f 1245/1245/1275 1248/1248/1278 1145/1145/1163 1147/1147/1165
f 1248/1248/1278 1247/1247/1277 1249/1249/1279 1250/1250/1280
f 1248/1248/1278 1250/1250/1280 1146/1146/1164 1145/1145/1163
f 1250/2629/1280 1249/2628/1279 1251/1251/1281 1252/1252/1282
f 1250/2629/1280 1252/1252/1282 1153/1153/1172 1146/2630/1164
f 1252/1252/1282 1251/1251/1281 1253/1253/1283 1254/1254/1284
f 1252/1252/1282 1254/1254/1284 1151/1151/1170 1153/1153/1172
f 1254/1254/1284 1253/1253/1283 1255/1255/1285 1209/1209/1235
f 1254/1254/1284 1209/1209/1235 1152/1152/1171 1151/1151/1170
f 1255/1255/1285 1253/1253/1283 1256/1256/1286 1257/1257/1287
f 1255/1255/1285 1257/1257/1287 1258/1258/1288 1212/1212/1238
f 1255/1255/1285 1212/1212/1238 1210/1210/1236 1209/1209/1235
f 1258/1258/1288 1257/1257/1287 1259/1259/1289 1260/1260/1290
f 1258/1258/1288 1260/1260/1290 1261/1261/1291 1262/1262/1292
f 1258/1258/1288 1262/1262/1292 1213/1213/1239 1212/1212/1238
f 1262/1262/1292 1261/1261/1291 1263/1263/1293 1264/1264/1294
f 1262/1262/1292 1264/1264/1294 1214/1214/1240 1213/1213/1239
f 1264/1264/1294 1263/1263/1293 1265/1265/1295 1266/1266/1296
f 1264/1264/1294 1266/1266/1296 1216/1216/1242 1214/1214/1240
f 1266/1266/1296 1265/1265/1295 1267/1267/1297 1268/1268/1298
f 1266/1266/1296 1268/1268/1298 1218/1218/1244 1216/1216/1242
f 1268/1268/1298 1267/1267/1297 1269/1269/1299 1270/1270/1300
f 1268/1268/1298 1270/1270/1300 1220/1220/1246 1218/1218/1244
f 1270/1270/1300 1269/1269/1299 1271/1271/1301 1227/1227/1257
f 1270/1270/1300 1227/1227/1257 1222/1222/1248 1220/1220/1246
f 1271/1271/1301 1269/1269/1299 1272/1272/1302 1273/1273/1303
f 1271/1271/1301 1273/1273/1303 1274/1274/1304 1230/2631/1260
f 1271/1271/1301 1230/2631/1260 1228/1228/1258 1227/1227/1257
f 1274/1274/1304 1273/1273/1303 1275/1275/1305 1276/1276/1306
f 1274/1274/1304 1276/1276/1306 1277/1277/1307 1278/1278/1308
f 1274/1274/1304 1278/1278/1308 1231/2632/1261 1230/2631/1260
f 1278/1278/1308 1277/1277/1307 1279/1279/1309 1280/1280/1310
f 1278/2633/1308 1280/2634/1310 1232/1232/1262 1231/1231/1261
f 1280/1280/1310 1279/1279/1309 1281/1281/1311 1282/1282/1312
f 1280/2634/1310 1282/2635/1312 1234/1234/1264 1232/1232/1262
f 1282/1282/1312 1281/1281/1311 1283/1283/1313 1284/1284/1314
f 1282/2635/1312 1284/2636/1314 1236/1236/1266 1234/1234/1264
f 1284/2637/1314 1283/2638/1313 1285/1285/1315 1286/1286/1316
f 1284/2636/1314 1286/2639/1316 1287/1287/1317 1236/1236/1266
f 1287/1287/1317 1239/1239/1269 1237/1237/1267 1236/1236/1266
f 1287/1287/1317 1286/2639/1316 1288/1288/1318 1289/1289/1319
f 1287/1287/1317 1289/1289/1319 1290/1290/1320 1239/1239/1269
f 1290/1290/1320 1242/1242/1272 1240/1240/1270 1239/1239/1269
f 1290/1290/1320 1289/1289/1319 1291/1291/1321 1292/1292/1322
f 1290/1290/1320 1292/1292/1322 1246/1246/1276 1242/1242/1272
f 1292/1292/1322 1291/1291/1321 1293/1293/1323 1294/1294/1324
f 1292/1292/1322 1294/1294/1324 1247/1247/1277 1246/1246/1276
f 1294/1294/1324 1293/1293/1323 1295/1295/1325 1296/1296/1326
f 1294/1294/1324 1296/1296/1326 1249/1249/1279 1247/1247/1277
f 1296/2640/1326 1295/2641/1325 1297/1297/1327 1298/1298/1328
f 1296/2640/1326 1298/1298/1328 1251/1251/1281 1249/2628/1279
f 1298/1298/1328 1297/1297/1327 1299/1299/1329 1256/1256/1286
f 1298/1298/1328 1256/1256/1286 1253/1253/1283 1251/1251/1281
f 1299/1299/1329 1297/1297/1327 1300/1300/1330 1301/1301/1331
f 1299/1299/1329 1301/1301/1331 1302/1302/1332 1259/1259/1289
f 1299/1299/1329 1259/1259/1289 1257/1257/1287 1256/1256/1286
f 1302/1302/1332 1301/1301/1331 1303/1303/1333 1304/1304/1334
f 1302/1302/1332 1304/1304/1334 1305/1305/1335 1306/1306/1336
f 1302/1302/1332 1306/1306/1336 1260/1260/1290 1259/1259/1289
f 1306/1306/1336 1305/1305/1335 1307/1307/1337 1308/1308/1338
f 1306/1306/1336 1308/1308/1338 1261/1261/1291 1260/1260/1290
f 1308/1308/1338 1307/1307/1337 1309/1309/1339 1310/1310/1340
f 1308/1308/1338 1310/1310/1340 1263/1263/1293 1261/1261/1291
f 1310/1310/1340 1309/1309/1339 1311/1311/1341 1312/1312/1342
f 1310/1310/1340 1312/1312/1342 1265/1265/1295 1263/1263/1293
f 1312/1312/1342 1311/1311/1341 1313/1313/1343 1314/1314/1344
f 1312/1312/1342 1314/1314/1344 1267/1267/1297 1265/1265/1295
f 1314/1314/1344 1313/1313/1343 1315/1315/1345 1272/1272/1302
f 1314/1314/1344 1272/1272/1302 1269/1269/1299 1267/1267/1297
f 1315/1315/1345 1313/1313/1343 1316/1316/1346 1317/1317/1347
f 1315/1315/1345 1317/1317/1347 1318/1318/1348 1275/1275/1305
f 1315/1315/1345 1275/1275/1305 1273/1273/1303 1272/1272/1302
f 1318/1318/1348 1317/1317/1347 1319/1319/1349 1320/1320/1350
f 1318/1318/1351 1320/1320/1352 1321/1321/1353 1322/1322/1354
f 1318/1318/1351 1322/1322/1354 1276/1276/1306 1275/1275/1305
f 1322/1322/1354 1321/1321/1353 1323/1323/1355 1324/1324/1356
f 1322/1322/1354 1324/1324/1356 1277/1277/1307 1276/1276/1306
f 1324/1324/1356 1323/1323/1355 1325/1325/1357 1326/1326/1358
f 1324/1324/1356 1326/1326/1358 1279/1279/1309 1277/1277/1307
f 1326/1326/1358 1325/1325/1357 1327/1327/1359 1328/1328/1360
f 1326/1326/1358 1328/1328/1360 1281/1281/1311 1279/1279/1309
f 1328/1328/1360 1327/1327/1359 1329/1329/1361 1330/1330/1362
f 1328/1328/1360 1330/1330/1362 1283/1283/1313 1281/1281/1311
f 1330/2642/1362 1329/2643/1361 1331/1331/1363 1332/1332/1364
f 1330/2642/1362 1332/1332/1364 1285/1285/1315 1283/2638/1313
f 1332/1332/1364 1331/1331/1363 1333/1333/1365 1334/1334/1366
f 1332/1332/1364 1334/1334/1366 1335/1335/1367 1285/1285/1315
f 1335/1335/1367 1288/2644/1318 1286/1286/1316 1285/1285/1315
f 1335/1335/1367 1334/1334/1366 1336/1336/1368 1337/1337/1369
f 1335/1335/1367 1337/1337/1369 1338/1338/1370 1288/2644/1318
f 1338/2645/1370 1291/1291/1321 1289/1289/1319 1288/1288/1318
f 1338/1338/1370 1337/1337/1369 1339/1339/1371 1340/1340/1372
f 1338/1338/1370 1340/1340/1372 1293/2646/1323 1291/2647/1321
f 1340/1340/1372 1339/1339/1371 1341/1341/1373 1342/1342/1374
f 1340/1340/1372 1342/1342/1374 1295/2641/1325 1293/2646/1323
f 1342/1342/1374 1341/1341/1373 1343/1343/1375 1300/1300/1330
f 1342/1342/1374 1300/1300/1330 1297/1297/1327 1295/2641/1325
f 1343/1343/1375 1341/1341/1373 1344/1344/1376 1345/1345/1377
f 1343/1343/1375 1345/1345/1377 1346/1346/1378 1303/1303/1333
f 1343/1343/1375 1303/1303/1333 1301/1301/1331 1300/1300/1330
f 1346/1346/1378 1345/1345/1377 1347/1347/1379 1348/1348/1380
f 1346/1346/1378 1348/1348/1380 1349/1349/1381 1350/1350/1382
f 1346/1346/1378 1350/1350/1382 1304/1304/1334 1303/1303/1333
f 1350/1350/1382 1349/1349/1381 1351/1351/1383 1352/1352/1384
f 1350/1350/1382 1352/1352/1384 1305/1305/1335 1304/1304/1334
f 1352/1352/1384 1351/1351/1383 1353/1353/1385 1354/1354/1386
f 1352/1352/1384 1354/1354/1386 1307/1307/1337 1305/1305/1335
f 1354/1354/1386 1353/1353/1385 1355/1355/1387 1356/1356/1388
f 1354/1354/1386 1356/1356/1388 1309/1309/1339 1307/1307/1337
f 1356/1356/1388 1355/1355/1387 1357/1357/1389 1358/1358/1390
f 1356/1356/1388 1358/1358/1390 1311/1311/1341 1309/1309/1339
f 1358/1358/1390 1357/1357/1389 1359/1359/1391 1316/1316/1346
f 1358/1358/1390 1316/1316/1346 1313/1313/1343 1311/1311/1341
f 1359/1359/1391 1357/1357/1389 1360/1360/1392 1361/1361/1393
f 1359/1359/1391 1361/1361/1393 1362/1362/1394 1319/1319/1349
f 1359/1359/1391 1319/1319/1349 1317/1317/1347 1316/1316/1346
f 1362/1362/1394 1361/1361/1393 1363/1363/1395 1364/1364/1396
f 1362/1362/1394 1364/1364/1396 1365/1365/1397 1366/1366/1398
f 1362/1362/1394 1366/1366/1398 1320/1320/1350 1319/1319/1349
f 1366/1366/1399 1365/1365/1400 1367/1367/1401 1368/1368/1402
f 1366/1366/1399 1368/1368/1402 1321/1321/1353 1320/1320/1352
f 1368/1368/1402 1367/1367/1401 1369/1369/1403 1370/1370/1404
f 1368/1368/1402 1370/1370/1404 1323/1323/1355 1321/1321/1353
f 1370/1370/1404 1369/1369/1403 1371/1371/1405 1372/1372/1406
f 1370/1370/1404 1372/1372/1406 1325/1325/1357 1323/1323/1355
f 1372/1372/1406 1371/1371/1405 1373/1373/1407 1374/1374/1408
f 1372/1372/1406 1374/1374/1408 1327/1327/1359 1325/1325/1357
f 1374/1374/1408 1373/1373/1407 1375/1375/1409 1376/1376/1410
f 1374/1374/1408 1376/1376/1410 1329/1329/1361 1327/1327/1359
f 1376/2648/1410 1375/2649/1409 1377/1377/1411 1378/1378/1412
f 1376/2648/1410 1378/1378/1412 1331/1331/1363 1329/2643/1361
f 1378/1378/1412 1377/1377/1411 1379/1379/1413 1380/1380/1414
f 1378/1378/1412 1380/1380/1414 1333/1333/1365 1331/1331/1363
f 1380/1380/1414 1379/1379/1413 1381/1381/1415 1382/1382/1416
f 1380/1380/1414 1382/1382/1416 1383/1383/1417 1333/1333/1365
f 1383/1383/1417 1336/1336/1368 1334/1334/1366 1333/1333/1365
f 1383/1383/1417 1382/1382/1416 1384/1384/1418 1385/1385/1419
f 1383/1383/1417 1385/1385/1419 1386/1386/1420 1336/1336/1368
f 1386/1386/1420 1339/1339/1371 1337/1337/1369 1336/1336/1368
f 1386/1386/1420 1385/1385/1419 1387/1387/1421 1344/1344/1376
f 1386/1386/1420 1344/1344/1376 1341/1341/1373 1339/1339/1371
f 1387/1387/1421 1385/1385/1419 1384/1384/1418 1388/1388/1422
f 1387/1387/1421 1388/1388/1422 1389/1389/1423 1347/1347/1379
f 1387/1387/1421 1347/1347/1379 1345/1345/1377 1344/1344/1376
f 1389/1389/1423 1388/1388/1422 1390/1390/1424 1391/1391/1425
f 1389/1389/1423 1391/1391/1425 1392/1392/1426 1393/1393/1427
f 1389/1389/1423 1393/1393/1427 1348/1348/1380 1347/1347/1379
f 1393/1393/1427 1392/1392/1426 1394/1394/1428 1395/1395/1429
f 1393/1393/1427 1395/1395/1429 1349/1349/1381 1348/1348/1380
f 1395/1395/1429 1394/1394/1428 1396/1396/1430 1397/1397/1431
f 1395/1395/1429 1397/1397/1431 1351/1351/1383 1349/1349/1381
f 1397/1397/1431 1396/1396/1430 1398/1398/1432 1399/1399/1433
f 1397/1397/1431 1399/1399/1433 1353/1353/1385 1351/1351/1383
f 1399/1399/1433 1398/1398/1432 1400/1400/1434 1401/1401/1435
f 1399/1399/1433 1401/1401/1435 1355/1355/1387 1353/1353/1385
f 1401/1401/1435 1400/1400/1434 1402/1402/1436 1360/1360/1392
f 1401/1401/1435 1360/1360/1392 1357/1357/1389 1355/1355/1387
f 1402/1402/1436 1400/1400/1434 1403/1403/1437 1404/1404/1438
f 1402/1402/1436 1404/1404/1438 1405/1405/1439 1363/1363/1395
f 1402/1402/1436 1363/1363/1395 1361/1361/1393 1360/1360/1392
f 1405/1405/1439 1404/1404/1438 1406/1406/1440 1407/1407/1441
f 1405/1405/1439 1407/1407/1441 1408/1408/1442 1409/1409/1443
f 1405/1405/1439 1409/1409/1443 1364/1364/1396 1363/1363/1395
f 1409/1409/1443 1408/1408/1442 1410/1410/1444 1411/1411/1445
f 1409/1409/1443 1411/1411/1445 1365/1365/1397 1364/1364/1396
f 1411/1411/1446 1410/1410/1447 1412/1412/1448 1413/1413/1449
f 1411/1411/1446 1413/1413/1449 1367/1367/1401 1365/1365/1400
f 1413/1413/1449 1412/1412/1448 1414/1414/1450 1415/1415/1451
f 1413/1413/1449 1415/1415/1451 1369/1369/1403 1367/1367/1401
f 1415/1415/1451 1414/1414/1450 1416/1416/1452 1417/1417/1453
f 1415/1415/1451 1417/1417/1453 1371/1371/1405 1369/1369/1403
f 1417/1417/1453 1416/1416/1452 1418/1418/1454 1419/1419/1455
f 1417/1417/1453 1419/1419/1455 1373/1373/1407 1371/1371/1405
f 1419/2651/1455 1418/2650/1454 1420/1420/1456 1421/1421/1457
f 1419/2651/1455 1421/1421/1457 1375/2653/1409 1373/2652/1407
f 1421/1421/1457 1420/1420/1456 1422/1422/1458 1423/1423/1459
f 1421/1421/1457 1423/1423/1459 1377/2654/1411 1375/2653/1409
f 1423/1423/1459 1422/1422/1458 1424/1424/1460 1425/1425/1461
f 1423/1423/1459 1425/1425/1461 1379/2655/1413 1377/2654/1411
f 1425/1425/1461 1424/1424/1460 1426/1426/1462 1427/1427/1463
f 1425/1425/1461 1427/1427/1463 1381/2656/1415 1379/2655/1413
f 1427/1427/1463 1426/1426/1462 1428/1428/1464 1429/1429/1465
f 1427/2657/1463 1429/2658/1465 1430/1430/1466 1381/1381/1415
f 1430/1430/1466 1384/1384/1418 1382/1382/1416 1381/1381/1415
f 1430/1430/1466 1429/2658/1465 1431/1431/1467 1390/1390/1424
f 1430/1430/1466 1390/1390/1424 1388/1388/1422 1384/1384/1418
f 1431/1431/1467 1429/2658/1465 1428/2659/1464 1432/1432/1468
f 1431/2661/1467 1432/2660/1468 1433/1433/1469 1434/1434/1470
f 1431/2661/1467 1434/1434/1470 1391/2663/1425 1390/2662/1424
f 1434/1434/1470 1433/1433/1469 1435/1435/1471 1436/1436/1472
f 1434/1434/1470 1436/1436/1472 1392/2664/1426 1391/2663/1425
f 1436/1436/1472 1435/1435/1471 1437/1437/1473 1438/1438/1474
f 1436/1436/1472 1438/1438/1474 1394/2665/1428 1392/2664/1426
f 1438/2666/1474 1437/2667/1473 1439/1439/1475 1440/1440/1476
f 1438/2666/1474 1440/1440/1476 1396/1396/1430 1394/1394/1428
f 1440/1440/1476 1439/1439/1475 1441/1441/1477 1442/1442/1478
f 1440/1440/1476 1442/1442/1478 1398/1398/1432 1396/1396/1430
f 1442/1442/1478 1441/1441/1477 1443/1443/1479 1403/1403/1437
f 1442/1442/1478 1403/1403/1437 1400/1400/1434 1398/1398/1432
f 1443/1443/1479 1441/1441/1477 1444/1444/1480 1445/1445/1481
f 1443/1443/1479 1445/1445/1481 1446/1446/1482 1406/1406/1440
f 1443/1443/1479 1406/1406/1440 1404/1404/1438 1403/1403/1437
f 1446/1446/1482 1445/1445/1481 1155/1155/1175 1154/1154/1174
f 1446/1446/1482 1154/1154/1174 1158/1158/1178 1447/1447/1483
f 1446/1446/1482 1447/1447/1483 1407/1407/1441 1406/1406/1440
f 1447/1447/1483 1158/1158/1178 1448/1448/1484 1449/1449/1485
f 1447/1447/1483 1449/1449/1485 1408/1408/1442 1407/1407/1441
f 1449/1449/1485 1448/1448/1484 1450/1450/1486 1451/1451/1487
f 1449/1449/1485 1451/1451/1487 1410/1410/1444 1408/1408/1442
f 1451/1451/1488 1450/1450/1489 1175/1175/1198 1452/1452/1490
f 1451/1451/1488 1452/1452/1490 1412/1412/1448 1410/1410/1447
f 1452/1452/1490 1175/1175/1198 1174/1174/1197 1453/1453/1491
f 1452/1452/1490 1453/1453/1491 1414/1414/1450 1412/1412/1448
f 1453/1453/1491 1174/1174/1197 1173/1173/1196 1454/1454/1492
f 1453/1453/1491 1454/1454/1492 1416/1416/1452 1414/1414/1450
f 1454/1454/1492 1173/1173/1196 1455/1455/1493 1456/1456/1494
f 1454/1454/1492 1456/1456/1494 1418/1418/1454 1416/1416/1452
f 1456/2668/1494 1455/2669/1493 1457/1457/1495 1458/1458/1496
f 1456/2668/1494 1458/1458/1496 1420/1420/1456 1418/2650/1454
f 1458/1458/1496 1457/1457/1495 1459/1459/1497 1460/1460/1498
f 1458/1458/1496 1460/1460/1498 1422/1422/1458 1420/1420/1456
f 1460/1460/1498 1459/1459/1497 1161/1161/1182 1461/1461/1499
f 1460/1460/1498 1461/1461/1499 1424/1424/1460 1422/1422/1458
f 1461/1461/1499 1161/1161/1182 1160/1160/1181 1462/1462/1500
f 1461/1461/1499 1462/1462/1500 1426/1426/1462 1424/1424/1460
f 1462/1462/1500 1160/1160/1181 1164/1164/1185 1463/1463/1501
f 1462/1462/1500 1463/1463/1501 1428/1428/1464 1426/1426/1462
f 1463/1463/1501 1164/1164/1185 1464/1464/1502 1465/1465/1503
f 1463/1463/1501 1465/1465/1503 1432/2660/1468 1428/1428/1464
f 1465/1465/1504 1464/1464/1505 1466/1466/1506 1467/1467/1507
f 1465/1465/1504 1467/1467/1507 1433/1433/1469 1432/2660/1468
f 1467/1467/1507 1466/1466/1506 1468/1468/1508 1469/1469/1509
f 1467/1467/1507 1469/1469/1509 1435/1435/1471 1433/1433/1469
f 1469/1469/1509 1468/1468/1508 1470/1470/1510 1471/1471/1511
f 1469/1469/1509 1471/1471/1511 1437/1437/1473 1435/1435/1471
f 1471/1471/1511 1470/1470/1510 1472/1472/1512 1473/1473/1513
f 1471/1471/1511 1473/1473/1513 1439/2670/1475 1437/1437/1473
f 1473/2672/1513 1472/2671/1512 1474/1474/1514 1444/1444/1480
f 1473/2672/1513 1444/1444/1480 1441/1441/1477 1439/1439/1475
f 1474/1474/1514 1472/2671/1512 1475/1475/1515 1476/1476/1516
f 1474/1474/1514 1476/1476/1516 1156/1156/1176 1155/1155/1175
f 1474/1474/1514 1155/1155/1175 1445/1445/1481 1444/1444/1480
f 1476/1476/1516 1475/1475/1515 1477/1477/1517 1478/1478/1518
f 1476/1476/1516 1478/1478/1518 1159/1159/1179 1156/1156/1176
f 1478/1478/1518 1477/1477/1517 1479/1479/1519 1480/1480/1520
f 1478/1478/1518 1480/1480/1520 1481/1481/1521 1159/1159/1179
f 1481/1481/1522 1480/1480/1523 1482/1482/1524 1483/1483/1525
f 1481/1481/1522 1483/1483/1525 1484/1484/1526 1485/1485/1527
f 1481/1481/1521 1485/1485/1527 1157/1157/1177 1159/1159/1179
f 1485/1485/1527 1448/1448/1484 1158/1158/1178 1157/1157/1177
f 1485/1485/1527 1484/1484/1526 1450/1450/1486 1448/1448/1484
f 1484/1484/1528 1483/1483/1529 1177/1177/1200 1176/1176/1199
f 1484/1484/1528 1176/1176/1199 1175/1175/1198 1450/1450/1489
f 1483/1483/1529 1482/1482/1530 1486/1486/1531 1177/1177/1200
f 1486/2673/1531 1482/2674/1530 1487/1487/1532 1488/1488/1533
f 1486/2673/1531 1488/1488/1533 1489/1489/1534 1490/1490/1535
f 1486/1486/1531 1490/2675/1535 1172/1172/1195 1177/1177/1200
f 1490/2675/1535 1455/1455/1493 1173/1173/1196 1172/1172/1195
f 1490/1490/1535 1489/1489/1534 1457/1457/1495 1455/2669/1493
f 1489/1489/1534 1488/1488/1533 1491/1491/1536 1492/1492/1537
f 1489/1489/1534 1492/1492/1537 1459/1459/1497 1457/1457/1495
f 1492/1492/1537 1491/1491/1536 1165/1165/1186 1162/1162/1183
f 1492/1492/1537 1162/1162/1183 1161/1161/1182 1459/1459/1497
f 1491/1491/1536 1493/1493/1538 1494/1494/1539 1165/1165/1186
f 1491/1491/1536 1488/1488/1533 1487/1487/1532 1493/1493/1538
f 1494/1494/1539 1495/1495/1540 1163/1163/1184 1165/1165/1186
f 1494/1494/1539 1493/1493/1538 1139/1139/1541 1138/1138/1542
f 1494/1494/1539 1138/1138/1542 1137/1137/1154 1495/1495/1543
f 1495/1495/1540 1464/1464/1502 1164/1164/1185 1163/1163/1184
f 1495/1495/1543 1137/1137/1154 1466/1466/1506 1464/1464/1505
f 1493/1493/1538 1487/1487/1544 1479/2676/1545 1139/1139/1541
f 1487/2677/1544 1482/1482/1524 1480/1480/1523 1479/1479/1545
f 1479/2676/1519 1477/2678/1517 1140/1140/1157 1139/1139/1156
f 1477/2678/1517 1475/2679/1515 1141/1141/1158 1140/1140/1157
f 1475/2679/1515 1472/1472/1512 1470/1470/1510 1141/1141/1158
f 1470/1470/1510 1468/1468/1508 1136/1136/1153 1141/1141/1158
f 1468/1468/1508 1466/1466/1506 1137/1137/1154 1136/1136/1153
f 1207/1207/1233 1206/1206/1232 1167/1167/1189 1166/1166/1188
f 1207/1207/1233 1166/1166/1188 1170/1170/1192 1199/1199/1224
f 1201/1201/1227 1200/1200/1226 1144/1144/1162 1143/1143/1161
f 1199/1199/1224 1170/1170/1192 1194/2625/1255 1193/2618/1225
f 1153/1153/1172 1150/1150/1169 1142/2680/1160 1146/2630/1164
f 1150/1150/1169 1149/1149/1168 1143/2620/1161 1142/2680/1160
s 64
f 1496/1496/1546 1504/1504/1547 1505/1505/1548 1506/1506/1549
f 1496/1496/1546 1507/1507/1550 1508/1508/1551 1504/1504/1547
f 1496/1496/1546 1506/1506/1549 1509/1509/1552 1507/1507/1550
f 1497/1497/1553 1510/1510/1554 1511/1511/1555 1512/1512/1556
f 1497/1497/1553 1513/1513/1557 1514/1514/1558 1510/1510/1554
f 1497/1497/1553 1512/1512/1556 1515/1515/1559 1513/1513/1557
f 1498/1498/1560 1516/1516/1561 1517/1517/1562 1518/1518/1563
f 1498/1498/1560 1519/1519/1564 1520/1520/1565 1516/1516/1561
f 1498/1498/1560 1518/1518/1563 1521/1521/1566 1519/1519/1564
f 1499/1499/1567 1522/1522/1568 1523/1523/1569 1524/1524/1570
f 1499/1499/1567 1525/1525/1571 1526/1526/1572 1522/1522/1568
f 1499/1499/1567 1524/1524/1570 1527/1527/1573 1525/1525/1571
f 1500/1500/1574 1528/1528/1575 1529/1529/1576 1530/1530/1577
f 1500/1500/1574 1531/1531/1578 1532/1532/1579 1528/1528/1575
f 1500/1500/1574 1530/1530/1577 1533/1533/1580 1531/1531/1578
f 1501/1501/1581 1534/1534/1582 1514/1514/1558 1535/1535/1583
f 1501/1501/1581 1536/1536/1584 1537/1537/1585 1534/1534/1582
f 1501/1501/1581 1535/1535/1583 1538/1538/1586 1536/1536/1584
f 1502/1502/1587 1539/1539/1588 1540/1540/1589 1541/1541/1590
f 1502/1502/1587 1542/1542/1591 1543/1543/1592 1539/1539/1588
f 1502/1502/1587 1541/1541/1590 1544/1544/1593 1542/1542/1591
f 1503/1503/1594 1545/1545/1595 1546/1546/1596 1547/1547/1597
f 1503/1503/1594 1547/1547/1597 1548/1548/1598 1549/1549/1599
f 1503/1503/1594 1549/1549/1599 1550/1550/1600 1545/1545/1595
f 1550/1550/1600 1551/1551/1601 1552/1552/1602 1545/1545/1595
f 1550/1550/1600 1549/1549/1599 1537/1537/1585 1536/1536/1584
f 1550/1550/1600 1536/1536/1584 1538/1538/1586 1551/1551/1601
f 1552/1552/1602 1553/1553/1603 1507/1507/1550 1509/1509/1552
f 1552/1552/1602 1509/1509/1552 1546/1546/1596 1545/1545/1595
f 1552/1552/1602 1551/1551/1601 1554/1554/1604 1553/1553/1603
f 1554/1554/1604 1555/1555/1605 1556/1556/1606 1553/1553/1603
f 1554/1554/1604 1551/1551/1601 1538/1538/1586 1557/1557/1607
f 1554/1554/1604 1557/1557/1607 1558/1558/1608 1555/1555/1605
f 1558/2681/1608 1559/1559/1609 1560/1560/1610 1555/2682/1605
f 1558/1558/1608 1557/1557/1607 1561/1561/1611 1562/1562/1612
f 1558/1558/1608 1562/1562/1612 1563/1563/1613 1559/2683/1609
f 1563/2684/1613 1564/1564/1614 1565/1565/1615 1559/1559/1609
f 1563/1563/1613 1562/1562/1612 1515/1515/1559 1566/1566/1616
f 1563/2684/1613 1566/2685/1616 1567/1567/1617 1564/1564/1614
f 1567/1567/1617 1533/1533/1580 1530/1530/1577 1564/1564/1614
f 1567/1567/1617 1566/2685/1616 1568/1568/1618 1569/1569/1619
f 1567/1567/1617 1569/1569/1619 1526/1526/1572 1533/1533/1580
f 1569/1569/1619 1568/1568/1618 1570/1570/1620 1571/1571/1621
f 1569/1569/1619 1571/1571/1621 1522/1522/1568 1526/1526/1572
f 1571/2686/1621 1570/2687/1620 1572/1572/1622 1573/1573/1623
f 1571/2686/1621 1573/1573/1623 1523/2688/1569 1522/2689/1568
f 1573/1573/1623 1572/1572/1622 1574/1574/1624 1575/1575/1625
f 1573/1573/1623 1575/1575/1625 1576/1576/1626 1523/2688/1569
f 1576/2690/1626 1577/1577/1627 1524/1524/1570 1523/1523/1569
f 1576/1576/1626 1575/1575/1625 1578/1578/1628 1579/1579/1629
f 1576/2690/1626 1579/2691/1629 1580/1580/1630 1577/1577/1627
f 1580/1580/1630 1581/1581/1631 1582/1582/1632 1577/1577/1627
f 1580/2692/1630 1579/1579/1629 1518/1518/1563 1517/1517/1562
f 1580/1580/1630 1517/2693/1562 1583/1583/1633 1581/1581/1631
f 1583/1583/1633 1543/1543/1592 1542/1542/1591 1581/1581/1631
f 1583/2694/1633 1517/1517/1562 1516/1516/1561 1584/1584/1634
f 1583/2694/1633 1584/1584/1634 1585/1585/1635 1543/2695/1592
f 1585/1585/1635 1584/1584/1634 1586/1586/1636 1587/1587/1637
f 1585/1585/1635 1587/1587/1637 1588/1588/1638 1589/1589/1639
f 1585/2697/1635 1589/2696/1639 1539/1539/1588 1543/1543/1592
f 1589/2696/1639 1588/2698/1638 1560/1560/1610 1590/1590/1640
f 1589/2696/1639 1590/1590/1640 1540/1540/1589 1539/1539/1588
f 1590/1590/1640 1560/1560/1610 1559/1559/1609 1565/1565/1615
f 1590/1590/1640 1565/1565/1615 1529/1529/1576 1540/1540/1589
f 1588/1588/1638 1587/1587/1637 1508/1508/1551 1556/1556/1606
f 1588/2698/1638 1556/2699/1606 1555/2682/1605 1560/1560/1610
f 1587/1587/1637 1586/1586/1636 1504/1504/1547 1508/1508/1551
f 1586/1586/1636 1584/1584/1634 1516/1516/1561 1520/1520/1565
f 1586/1586/1636 1520/1520/1565 1505/1505/1548 1504/1504/1547
f 1582/1582/1632 1544/1544/1593 1532/1532/1579 1527/1527/1573
f 1582/1582/1632 1527/1527/1573 1524/1524/1570 1577/1577/1627
f 1582/1582/1632 1581/1581/1631 1542/1542/1591 1544/1544/1593
f 1579/1579/1629 1578/1578/1628 1521/1521/1566 1518/1518/1563
f 1578/1578/1628 1575/1575/1625 1574/1574/1624 1591/1591/1641
f 1578/1578/1628 1591/1591/1641 1592/1592/1642 1521/1521/1566
f 1592/1592/1642 1591/1591/1641 1593/1593/1643 1594/1594/1644
f 1592/1592/1642 1594/1594/1644 1595/1595/1645 1596/1596/1646
f 1592/1592/1642 1596/1596/1646 1519/1519/1564 1521/1521/1566
f 1596/1596/1646 1595/1595/1645 1506/1506/1549 1505/1505/1548
f 1596/1596/1646 1505/1505/1548 1520/1520/1565 1519/1519/1564
f 1595/1595/1645 1594/1594/1644 1547/1547/1597 1546/1546/1596
f 1595/1595/1645 1546/1546/1596 1509/1509/1552 1506/1506/1549
f 1594/1594/1644 1593/1593/1643 1548/1548/1598 1547/1547/1597
f 1593/1593/1643 1591/1591/1641 1574/1574/1624 1597/1597/1647
f 1593/1593/1643 1597/1597/1647 1598/1598/1648 1548/1548/1598
f 1598/1598/1648 1597/1597/1647 1599/1599/1649 1600/1600/1650
f 1598/1598/1648 1600/1600/1650 1534/1534/1582 1537/1537/1585
f 1598/1598/1648 1537/1537/1585 1549/1549/1599 1548/1548/1598
f 1600/1600/1650 1599/1599/1649 1511/1511/1555 1510/1510/1554
f 1600/1600/1650 1510/1510/1554 1514/1514/1558 1534/1534/1582
f 1599/1599/1649 1572/1572/1622 1570/2687/1620 1511/1511/1555
f 1599/1599/1649 1597/1597/1647 1574/1574/1624 1572/1572/1622
f 1570/2687/1620 1568/2700/1618 1512/1512/1556 1511/1511/1555
f 1568/2700/1618 1566/1566/1616 1515/1515/1559 1512/1512/1556
f 1565/1565/1615 1564/1564/1614 1530/1530/1577 1529/1529/1576
f 1562/1562/1612 1561/1561/1611 1513/1513/1557 1515/1515/1559
f 1561/1561/1611 1557/1557/1607 1538/1538/1586 1535/1535/1583
f 1561/1561/1611 1535/1535/1583 1514/1514/1558 1513/1513/1557
f 1556/1556/1606 1508/1508/1551 1507/1507/1550 1553/1553/1603
f 1544/1544/1593 1541/1541/1590 1528/1528/1575 1532/1532/1579
f 1541/1541/1590 1540/1540/1589 1529/1529/1576 1528/1528/1575
f 1533/1533/1580 1526/1526/1572 1525/1525/1571 1531/1531/1578
f 1532/1532/1579 1531/1531/1578 1525/1525/1571 1527/1527/1573
s 72
f 1601/1601/1651 1611/1611/1652 1612/1612/1653 1613/1613/1654
f 1601/1601/1651 1613/1613/1654 1614/1614/1655 1615/1615/1656
f 1601/1601/1651 1615/1615/1656 1616/1616/1657 1611/1611/1652
f 1602/1602/1658 1617/1617/1659 1618/1618/1660 1619/1619/1661
f 1602/1602/1658 1620/1620/1662 1621/1621/1663 1617/1617/1659
f 1602/1602/1658 1619/1619/1661 1622/1622/1664 1620/1620/1662
f 1603/1603/1665 1623/1623/1666 1624/1624/1667 1625/1625/1668
f 1603/1603/1665 1626/1626/1669 1627/1627/1670 1623/1623/1666
f 1603/1603/1665 1625/1625/1668 1628/1628/1671 1626/1626/1669
f 1604/1604/1672 1629/1629/1673 1630/1630/1674 1631/1631/1675
f 1604/1604/1672 1631/1631/1675 1632/1632/1676 1633/1633/1677
f 1604/1604/1672 1633/1633/1677 1634/1634/1678 1629/1629/1673
f 1605/1605/1679 1635/1635/1680 1636/1636/1681 1637/1637/1682
f 1605/1605/1679 1638/1638/1683 1639/1639/1684 1635/1635/1680
f 1605/1605/1679 1637/1637/1682 1640/1640/1685 1638/1638/1683
f 1606/1606/1686 1641/1641/1687 1642/1642/1688 1643/1643/1689
f 1606/1606/1686 1643/1643/1689 1644/1644/1690 1645/1645/1691
f 1606/1606/1686 1645/1645/1691 1646/1646/1692 1641/1641/1687
f 1607/1607/1693 1647/1647/1694 1648/1648/1695 1649/1649/1696
f 1607/1607/1693 1650/1650/1697 1651/1651/1698 1647/1647/1694
f 1607/2701/1693 1649/2702/1696 1652/1652/1699 1650/2703/1697
f 1608/1608/1700 1653/1653/1701 1654/1654/1702 1655/1655/1703
f 1608/1608/1700 1655/1655/1703 1656/1656/1704 1657/1657/1705
f 1608/1608/1700 1657/1657/1705 1658/1658/1706 1653/1653/1701
f 1609/1609/1707 1659/1659/1708 1660/1660/1709 1661/1661/1710
f 1609/1609/1707 1661/1661/1710 1662/1662/1711 1663/1663/1712
f 1609/1609/1707 1663/1663/1712 1664/1664/1713 1659/1659/1708
f 1610/1610/1714 1665/1665/1715 1666/1666/1716 1667/1667/1717
f 1610/1610/1714 1618/1618/1660 1668/1668/1718 1665/1665/1715
f 1610/1610/1714 1667/1667/1717 1669/1669/1719 1670/1670/1720
f 1610/1610/1714 1670/1670/1720 1671/1671/1721 1672/1672/1722
f 1610/1610/1714 1672/1672/1722 1619/1619/1661 1618/1618/1660
f 1672/1672/1722 1671/1671/1721 1673/1673/1723 1674/1674/1724
f 1672/1672/1722 1674/1674/1724 1622/1622/1664 1619/1619/1661
f 1674/1674/1724 1673/1673/1723 1675/1675/1725 1676/1676/1726
f 1674/1674/1724 1676/1676/1726 1677/1677/1727 1622/1622/1664
f 1677/1677/1727 1676/1676/1726 1678/1678/1728 1679/1679/1729
f 1677/1677/1727 1679/1679/1729 1680/1680/1730 1681/1681/1731
f 1677/1677/1727 1681/1681/1731 1620/1620/1662 1622/1622/1664
f 1681/1681/1731 1680/1680/1730 1682/1682/1732 1683/1683/1733
f 1681/1681/1731 1683/1683/1733 1621/1621/1663 1620/1620/1662
f 1683/1683/1733 1682/1682/1732 1684/1684/1734 1685/1685/1735
f 1683/1683/1733 1685/1685/1735 1686/1686/1736 1621/1621/1663
f 1686/1686/1736 1685/1685/1735 1687/1687/1737 1688/1688/1738
f 1686/1686/1736 1688/1688/1738 1689/1689/1739 1690/1690/1740
f 1686/1686/1736 1690/1690/1740 1617/1617/1659 1621/1621/1663
f 1690/1690/1740 1689/1689/1739 1691/1691/1741 1668/1668/1718
f 1690/1690/1740 1668/1668/1718 1618/1618/1660 1617/1617/1659
f 1691/1691/1741 1689/1689/1739 1692/1692/1742 1693/1693/1743
f 1691/1691/1741 1693/1693/1743 1629/1629/1673 1634/1634/1678
f 1691/1691/1741 1634/1634/1678 1665/1665/1715 1668/1668/1718
f 1693/1693/1743 1692/1692/1742 1694/1694/1744 1695/1695/1745
f 1693/1693/1743 1695/1695/1745 1630/1630/1674 1629/1629/1673
f 1695/1695/1745 1694/1694/1744 1696/1696/1746 1697/1697/1747
f 1695/1695/1745 1697/1697/1747 1698/1698/1748 1630/1630/1674
f 1698/1698/1748 1697/1697/1747 1642/1642/1688 1641/1641/1687
f 1698/1698/1748 1641/1641/1687 1646/1646/1692 1699/1699/1749
f 1698/1698/1748 1699/1699/1749 1631/1631/1675 1630/1630/1674
f 1699/1699/1749 1700/1700/1750 1632/1632/1676 1631/1631/1675
f 1699/1699/1749 1646/1646/1692 1701/1701/1751 1700/1700/1750
f 1701/1701/1751 1702/1702/1752 1703/1703/1753 1700/1700/1750
f 1701/1701/1751 1646/1646/1692 1645/1645/1691 1704/1704/1754
f 1701/1701/1751 1704/1704/1754 1705/1705/1755 1702/1702/1752
f 1705/1705/1755 1704/1704/1754 1706/1706/1756 1707/1707/1757
f 1705/1705/1755 1707/1707/1757 1708/1708/1758 1709/1709/1759
f 1705/1705/1755 1709/1709/1759 1710/1710/1760 1702/1702/1752
f 1710/1710/1760 1709/1709/1759 1711/1711/1761 1712/1712/1762
f 1710/1710/1760 1712/1712/1762 1713/1713/1763 1714/1714/1764
f 1710/1710/1760 1714/1714/1764 1703/1703/1753 1702/1702/1752
f 1714/1714/1764 1713/1713/1763 1715/1715/1765 1716/1716/1766
f 1714/1714/1764 1716/1716/1766 1717/1717/1767 1703/1703/1753
f 1717/1717/1767 1716/1716/1766 1667/1667/1717 1666/1666/1716
f 1717/1717/1767 1666/1666/1716 1633/1633/1677 1632/1632/1676
f 1717/1717/1767 1632/1632/1676 1700/1700/1750 1703/1703/1753
f 1716/1716/1766 1715/1715/1765 1669/1669/1719 1667/1667/1717
f 1715/1715/1765 1718/1718/1768 1719/1719/1769 1669/1669/1719
f 1715/1715/1765 1713/1713/1763 1627/1627/1670 1718/1718/1768
f 1719/1719/1769 1720/1720/1770 1721/1721/1771 1722/1722/1772
f 1719/1719/1769 1722/1722/1772 1670/1670/1720 1669/1669/1719
f 1719/1719/1769 1718/1718/1768 1723/1723/1773 1720/1720/1770
f 1723/1723/1773 1724/1724/1774 1648/1648/1695 1720/1720/1770
f 1723/1723/1773 1718/1718/1768 1627/1627/1670 1626/1626/1669
f 1723/1723/1773 1626/1626/1669 1628/1628/1671 1724/1724/1774
f 1724/1724/1774 1628/1628/1671 1725/1725/1775 1726/1726/1776
f 1724/1724/1774 1726/1726/1776 1649/1649/1696 1648/1648/1695
f 1726/2704/1776 1725/2705/1775 1727/1727/1777 1728/1728/1778
f 1726/2704/1776 1728/1728/1778 1652/1652/1699 1649/2702/1696
f 1728/1728/1778 1727/1727/1777 1729/1729/1779 1730/1730/1780
f 1728/1728/1778 1730/1730/1780 1731/1731/1781 1652/1652/1699
f 1731/1731/1781 1730/1730/1780 1732/1732/1782 1733/1733/1783
f 1731/1731/1781 1733/1733/1783 1734/1734/1784 1735/1735/1785
f 1731/1731/1781 1735/1735/1785 1650/2703/1697 1652/1652/1699
f 1735/1735/1785 1734/1734/1784 1736/1736/1786 1737/1737/1787
f 1735/1735/1785 1737/1737/1787 1651/2706/1698 1650/2703/1697
f 1737/1737/1787 1736/1736/1786 1738/1738/1788 1739/1739/1789
f 1737/1737/1787 1739/1739/1789 1740/1740/1790 1651/2706/1698
f 1740/1740/1790 1739/1739/1789 1741/1741/1791 1742/1742/1792
f 1740/2708/1790 1742/2707/1792 1722/1722/1772 1721/1721/1771
f 1740/2708/1790 1721/1721/1771 1647/1647/1694 1651/1651/1698
f 1742/2707/1792 1741/2709/1791 1673/1673/1723 1671/1671/1721
f 1742/2707/1792 1671/1671/1721 1670/1670/1720 1722/1722/1772
f 1741/1741/1791 1739/1739/1789 1738/1738/1788 1743/1743/1793
f 1741/1741/1791 1743/1743/1793 1675/2711/1725 1673/2710/1723
f 1743/1743/1793 1738/1738/1788 1744/1744/1794 1745/1745/1795
f 1743/1743/1793 1745/1745/1795 1746/1746/1796 1675/2711/1725
f 1746/1746/1796 1745/1745/1795 1747/1747/1797 1748/1748/1798
f 1746/1746/1796 1748/1748/1798 1749/1749/1799 1678/2712/1728
f 1746/1746/1796 1678/2712/1728 1676/2713/1726 1675/2711/1725
f 1749/1749/1799 1748/1748/1798 1750/1750/1800 1751/1751/1801
f 1749/1749/1799 1751/1751/1801 1752/1752/1802 1753/1753/1803
f 1749/2714/1799 1753/2715/1803 1679/1679/1729 1678/1678/1728
f 1753/2715/1803 1752/2716/1802 1754/1754/1804 1755/1755/1805
f 1753/2715/1803 1755/1755/1805 1680/1680/1730 1679/1679/1729
f 1755/1755/1805 1754/1754/1804 1756/1756/1806 1757/1757/1807
f 1755/1755/1805 1757/1757/1807 1682/1682/1732 1680/1680/1730
f 1757/1757/1807 1756/1756/1806 1758/1758/1808 1759/1759/1809
f 1757/1757/1807 1759/1759/1809 1684/1684/1734 1682/1682/1732
f 1759/1759/1809 1758/1758/1808 1760/1760/1810 1761/1761/1811
f 1759/1759/1809 1761/1761/1811 1762/1762/1812 1684/1684/1734
f 1762/1762/1812 1761/1761/1811 1763/1763/1813 1764/1764/1814
f 1762/1762/1812 1764/1764/1814 1765/1765/1815 1687/1687/1737
f 1762/1762/1812 1687/1687/1737 1685/1685/1735 1684/1684/1734
f 1765/1765/1815 1764/1764/1814 1766/1766/1816 1767/1767/1817
f 1765/1765/1815 1767/1767/1817 1768/1768/1818 1769/1769/1819
f 1765/1765/1815 1769/1769/1819 1688/1688/1738 1687/1687/1737
f 1769/1769/1819 1768/1768/1818 1694/1694/1744 1692/1692/1742
f 1769/1769/1819 1692/1692/1742 1689/1689/1739 1688/1688/1738
f 1768/1768/1818 1767/1767/1817 1770/1770/1820 1771/1771/1821
f 1768/1768/1818 1771/1771/1821 1696/1696/1746 1694/1694/1744
f 1771/1771/1821 1770/1770/1820 1772/1772/1822 1773/1773/1823
f 1771/1771/1821 1773/1773/1823 1774/1774/1824 1696/1696/1746
f 1774/1774/1824 1773/1773/1823 1775/1775/1825 1776/1776/1826
f 1774/1774/1824 1776/1776/1826 1643/1643/1689 1642/1642/1688
f 1774/1774/1824 1642/1642/1688 1697/1697/1747 1696/1696/1746
f 1776/1776/1826 1775/1775/1825 1777/1777/1827 1778/1778/1828
f 1776/1776/1826 1778/1778/1828 1644/1644/1690 1643/1643/1689
f 1778/1778/1828 1777/1777/1827 1779/1779/1829 1780/1780/1830
f 1778/1778/1828 1780/1780/1830 1706/1706/1756 1644/1644/1690
f 1780/1780/1830 1779/1779/1829 1781/1781/1831 1782/1782/1832
f 1780/1780/1830 1782/1782/1832 1707/1707/1757 1706/1706/1756
f 1782/1782/1832 1781/1781/1831 1783/1783/1833 1784/1784/1834
f 1782/1782/1832 1784/1784/1834 1708/1708/1758 1707/1707/1757
f 1784/1784/1834 1783/1783/1833 1785/1785/1835 1786/1786/1836
f 1784/1784/1834 1786/1786/1836 1787/1787/1837 1708/1708/1758
f 1787/1787/1837 1786/1786/1836 1788/1788/1838 1789/1789/1839
f 1787/1787/1837 1789/1789/1839 1624/1624/1667 1711/1711/1761
f 1787/1787/1837 1711/1711/1761 1709/1709/1759 1708/1708/1758
f 1789/1789/1839 1788/1788/1838 1790/1790/1840 1791/1791/1841
f 1789/1789/1839 1791/1791/1841 1625/1625/1668 1624/1624/1667
f 1791/1791/1841 1790/1790/1840 1727/2717/1777 1725/1725/1775
f 1791/1791/1841 1725/1725/1775 1628/1628/1671 1625/1625/1668
f 1790/2719/1840 1788/2718/1838 1792/1792/1842 1793/1793/1843
f 1790/2719/1840 1793/1793/1843 1729/1729/1779 1727/1727/1777
f 1793/1793/1843 1792/1792/1842 1794/1794/1844 1795/1795/1845
f 1793/1793/1843 1795/1795/1845 1796/1796/1846 1729/1729/1779
f 1796/1796/1846 1795/1795/1845 1797/1797/1847 1798/1798/1848
f 1796/1796/1846 1798/1798/1848 1799/1799/1849 1732/1732/1782
f 1796/1796/1846 1732/1732/1782 1730/1730/1780 1729/1729/1779
f 1799/1799/1849 1798/1798/1848 1800/1800/1850 1801/1801/1851
f 1799/1799/1849 1801/1801/1851 1802/1802/1852 1803/1803/1853
f 1799/1799/1849 1803/1803/1853 1733/1733/1783 1732/1732/1782
f 1803/1803/1853 1802/1802/1852 1804/1804/1854 1805/1805/1855
f 1803/1803/1853 1805/1805/1855 1734/1734/1784 1733/1733/1783
f 1805/1805/1855 1804/1804/1854 1806/1806/1856 1807/1807/1857
f 1805/1805/1855 1807/1807/1857 1736/1736/1786 1734/1734/1784
f 1807/1807/1857 1806/1806/1856 1808/1808/1858 1744/1744/1794
f 1807/1807/1857 1744/1744/1794 1738/1738/1788 1736/1736/1786
f 1808/1808/1858 1806/1806/1856 1809/1809/1859 1810/1810/1860
f 1808/1808/1858 1810/1810/1860 1811/1811/1861 1747/1747/1797
f 1808/1808/1858 1747/1747/1797 1745/1745/1795 1744/1744/1794
f 1811/1811/1861 1810/1810/1860 1812/1812/1862 1813/1813/1863
f 1811/1811/1861 1813/1813/1863 1814/1814/1864 1750/1750/1800
f 1811/1811/1861 1750/1750/1800 1748/1748/1798 1747/1747/1797
f 1814/1814/1864 1813/1813/1863 1815/1815/1865 1816/1816/1866
f 1814/1814/1864 1816/1816/1866 1817/1817/1867 1818/1818/1868
f 1814/1814/1864 1818/1818/1868 1751/1751/1801 1750/1750/1800
f 1818/1818/1868 1817/1817/1867 1819/1819/1869 1820/1820/1870
f 1818/1818/1868 1820/1820/1870 1752/1752/1802 1751/1751/1801
f 1820/2720/1870 1819/2721/1869 1821/1821/1871 1822/1822/1872
f 1820/2720/1870 1822/1822/1872 1754/1754/1804 1752/2716/1802
f 1822/1822/1872 1821/1821/1871 1823/1823/1873 1824/1824/1874
f 1822/1822/1872 1824/1824/1874 1756/1756/1806 1754/1754/1804
f 1824/1824/1874 1823/1823/1873 1825/1825/1875 1826/1826/1876
f 1824/1824/1874 1826/1826/1876 1758/1758/1808 1756/1756/1806
f 1826/1826/1876 1825/1825/1875 1827/1827/1877 1828/1828/1878
f 1826/1826/1876 1828/1828/1878 1760/1760/1810 1758/1758/1808
f 1828/1828/1878 1827/1827/1877 1829/1829/1879 1830/1830/1880
f 1828/1828/1878 1830/1830/1880 1831/1831/1881 1760/1760/1810
f 1831/1831/1881 1830/1830/1880 1832/1832/1882 1833/1833/1883
f 1831/1831/1881 1833/1833/1883 1834/1834/1884 1763/1763/1813
f 1831/1831/1881 1763/1763/1813 1761/1761/1811 1760/1760/1810
f 1834/1834/1884 1833/1833/1883 1835/1835/1885 1836/1836/1886
f 1834/1834/1884 1836/1836/1886 1837/1837/1887 1766/1766/1816
f 1834/1834/1884 1766/1766/1816 1764/1764/1814 1763/1763/1813
f 1837/1837/1887 1836/1836/1886 1838/1838/1888 1839/1839/1889
f 1837/1837/1887 1839/1839/1889 1772/1772/1822 1770/1770/1820
f 1837/1837/1887 1770/1770/1820 1767/1767/1817 1766/1766/1816
f 1839/1839/1889 1838/1838/1888 1840/1840/1890 1841/1841/1891
f 1839/1839/1889 1841/1841/1891 1842/1842/1892 1772/1772/1822
f 1842/1842/1892 1841/1841/1891 1843/1843/1893 1844/1844/1894
f 1842/1842/1892 1844/1844/1894 1777/1777/1827 1775/1775/1825
f 1842/1842/1892 1775/1775/1825 1773/1773/1823 1772/1772/1822
f 1844/1844/1894 1843/1843/1893 1845/1845/1895 1846/1846/1896
f 1844/1844/1894 1846/1846/1896 1779/1779/1829 1777/1777/1827
f 1846/1846/1896 1845/1845/1895 1847/1847/1897 1848/1848/1898
f 1846/1846/1896 1848/1848/1898 1781/1781/1831 1779/1779/1829
f 1848/1848/1898 1847/1847/1897 1849/1849/1899 1850/1850/1900
f 1848/1848/1898 1850/1850/1900 1783/1783/1833 1781/1781/1831
f 1850/1850/1900 1849/1849/1899 1851/1851/1901 1852/1852/1902
f 1850/1850/1900 1852/1852/1902 1785/1785/1835 1783/1783/1833
f 1852/2722/1902 1851/2723/1901 1853/1853/1903 1794/1794/1844
f 1852/2722/1902 1794/1794/1844 1792/1792/1842 1785/2724/1835
f 1853/1853/1903 1851/2723/1901 1854/1854/1904 1855/1855/1905
f 1853/1853/1903 1855/1855/1905 1856/1856/1906 1797/1797/1847
f 1853/1853/1903 1797/1797/1847 1795/1795/1845 1794/1794/1844
f 1856/1856/1906 1855/1855/1905 1857/1857/1907 1858/1858/1908
f 1856/1856/1906 1858/1858/1908 1859/1859/1909 1800/1800/1850
f 1856/1856/1906 1800/1800/1850 1798/1798/1848 1797/1797/1847
f 1859/1859/1909 1858/1858/1908 1860/1860/1910 1861/1861/1911
f 1859/1859/1909 1861/1861/1911 1862/1862/1912 1863/1863/1913
f 1859/1859/1909 1863/1863/1913 1801/1801/1851 1800/1800/1850
f 1863/1863/1913 1862/1862/1912 1864/1864/1914 1865/1865/1915
f 1863/1863/1913 1865/1865/1915 1802/1802/1852 1801/1801/1851
f 1865/1865/1915 1864/1864/1914 1866/1866/1916 1867/1867/1917
f 1865/1865/1915 1867/1867/1917 1804/1804/1854 1802/1802/1852
f 1867/1867/1917 1866/1866/1916 1868/1868/1918 1809/1809/1859
f 1867/1867/1917 1809/1809/1859 1806/1806/1856 1804/1804/1854
f 1868/1868/1918 1866/1866/1916 1869/1869/1919 1870/1870/1920
f 1868/1868/1918 1870/1870/1920 1871/1871/1921 1812/1812/1862
f 1868/1868/1918 1812/1812/1862 1810/1810/1860 1809/1809/1859
f 1871/1871/1921 1870/1870/1920 1872/1872/1922 1873/1873/1923
f 1871/1871/1921 1873/1873/1923 1874/1874/1924 1815/1815/1865
f 1871/1871/1921 1815/1815/1865 1813/1813/1863 1812/1812/1862
f 1874/1874/1924 1873/1873/1923 1875/1875/1925 1876/1876/1926
f 1874/2725/1924 1876/2726/1926 1615/1615/1656 1614/1614/1655
f 1874/2725/1924 1614/1614/1655 1816/2727/1866 1815/2728/1865
f 1876/1876/1926 1875/1875/1925 1877/1877/1927 1878/1878/1928
f 1876/2726/1926 1878/2729/1928 1616/1616/1657 1615/1615/1656
f 1878/1878/1928 1877/1877/1927 1879/1879/1929 1880/1880/1930
f 1878/2729/1928 1880/2730/1930 1881/1881/1931 1616/1616/1657
f 1881/1881/1931 1880/2730/1930 1882/1882/1932 1883/1883/1933
f 1881/1881/1931 1883/1883/1933 1884/1884/1934 1885/1885/1935
f 1881/1881/1931 1885/1885/1935 1611/1611/1652 1616/1616/1657
f 1885/1885/1935 1884/1884/1934 1886/1886/1936 1887/1887/1937
f 1885/1885/1935 1887/1887/1937 1612/1612/1653 1611/1611/1652
f 1887/1887/1937 1886/1886/1936 1823/1823/1873 1821/1821/1871
f 1887/1887/1937 1821/1821/1871 1819/2721/1869 1612/1612/1653
f 1886/1886/1936 1884/1884/1934 1888/1888/1938 1889/1889/1939
f 1886/1886/1936 1889/1889/1939 1825/1825/1875 1823/1823/1873
f 1889/1889/1939 1888/1888/1938 1890/1890/1940 1891/1891/1941
f 1889/1889/1939 1891/1891/1941 1827/1827/1877 1825/1825/1875
f 1891/1891/1941 1890/1890/1940 1892/1892/1942 1893/1893/1943
f 1891/1891/1941 1893/1893/1943 1829/1829/1879 1827/1827/1877
f 1893/1893/1943 1892/1892/1942 1653/1653/1701 1658/1658/1706
f 1893/1893/1943 1658/1658/1706 1894/1894/1944 1829/1829/1879
f 1894/1894/1944 1658/1658/1706 1657/1657/1705 1895/1895/1945
f 1894/1894/1944 1895/1895/1945 1896/1896/1946 1832/1832/1882
f 1894/1894/1944 1832/1832/1882 1830/1830/1880 1829/1829/1879
f 1896/1896/1946 1895/1895/1945 1897/1897/1947 1898/1898/1948
f 1896/1896/1946 1898/1898/1948 1899/1899/1949 1835/1835/1885
f 1896/1896/1946 1835/1835/1885 1833/1833/1883 1832/1832/1882
f 1899/1899/1949 1898/1898/1948 1900/1900/1950 1901/1901/1951
f 1899/1899/1949 1901/1901/1951 1840/1840/1890 1838/1838/1888
f 1899/1899/1949 1838/1838/1888 1836/1836/1886 1835/1835/1885
f 1901/1901/1951 1900/1900/1950 1902/1902/1952 1903/1903/1953
f 1901/1901/1951 1903/1903/1953 1904/1904/1954 1840/1840/1890
f 1904/1904/1954 1903/1903/1953 1905/1905/1955 1906/1906/1956
f 1904/1904/1954 1906/1906/1956 1845/1845/1895 1843/1843/1893
f 1904/1904/1954 1843/1843/1893 1841/1841/1891 1840/1840/1890
f 1906/1906/1956 1905/1905/1955 1907/1907/1957 1908/1908/1958
f 1906/1906/1956 1908/1908/1958 1847/1847/1897 1845/1845/1895
f 1908/1908/1958 1907/1907/1957 1909/1909/1959 1910/1910/1960
f 1908/1908/1958 1910/1910/1960 1849/1849/1899 1847/1847/1897
f 1910/1910/1960 1909/1909/1959 1911/1911/1961 1854/2731/1904
f 1910/1910/1960 1854/2731/1904 1851/1851/1901 1849/1849/1899
f 1911/2733/1961 1909/2732/1959 1912/1912/1962 1913/1913/1963
f 1911/2733/1961 1913/1913/1963 1914/1914/1964 1857/1857/1907
f 1911/2733/1961 1857/1857/1907 1855/1855/1905 1854/1854/1904
f 1914/1914/1964 1913/1913/1963 1915/1915/1965 1916/1916/1966
f 1914/1914/1964 1916/1916/1966 1917/1917/1967 1860/1860/1910
f 1914/1914/1964 1860/1860/1910 1858/1858/1908 1857/1857/1907
f 1917/1917/1967 1916/1916/1966 1918/1918/1968 1664/1664/1713
f 1917/1917/1967 1664/1664/1713 1663/1663/1712 1919/1919/1969
f 1917/1917/1967 1919/1919/1969 1861/1861/1911 1860/1860/1910
f 1919/1919/1969 1663/1663/1712 1662/1662/1711 1920/1920/1970
f 1919/1919/1969 1920/1920/1970 1862/1862/1912 1861/1861/1911
f 1920/1920/1970 1662/1662/1711 1921/1921/1971 1922/1922/1972
f 1920/1920/1970 1922/1922/1972 1864/1864/1914 1862/1862/1912
f 1922/1922/1972 1921/1921/1971 1923/1923/1973 1869/1869/1919
f 1922/1922/1972 1869/1869/1919 1866/1866/1916 1864/1864/1914
f 1923/1923/1973 1921/1921/1971 1924/1924/1974 1925/1925/1975
f 1923/1923/1973 1925/1925/1975 1926/1926/1976 1872/1872/1922
f 1923/1923/1973 1872/1872/1922 1870/1870/1920 1869/1869/1919
f 1926/1926/1976 1925/1925/1975 1927/1927/1977 1928/1928/1978
f 1926/1926/1976 1928/1928/1978 1877/1877/1927 1875/1875/1925
f 1926/1926/1976 1875/1875/1925 1873/1873/1923 1872/1872/1922
f 1928/1928/1978 1927/1927/1977 1929/1929/1979 1930/1930/1980
f 1928/1928/1978 1930/1930/1980 1879/1879/1929 1877/1877/1927
f 1930/1930/1980 1929/1929/1979 1931/1931/1981 1932/1932/1982
f 1930/1930/1980 1932/1932/1982 1933/1933/1983 1879/1879/1929
f 1933/1933/1983 1932/1932/1982 1636/1636/1681 1934/1934/1984
f 1933/2734/1983 1934/2735/1984 1935/1935/1985 1882/1882/1932
f 1933/2734/1983 1882/1882/1932 1880/2730/1930 1879/2736/1929
f 1935/1935/1985 1934/2735/1984 1936/1936/1986 1937/1937/1987
f 1935/1935/1985 1937/1937/1987 1938/1938/1988 1939/1939/1989
f 1935/1935/1985 1939/1939/1989 1883/1883/1933 1882/1882/1932
f 1939/1939/1989 1938/1938/1988 1890/1890/1940 1888/1888/1938
f 1939/1939/1989 1888/1888/1938 1884/1884/1934 1883/1883/1933
f 1938/1938/1988 1937/1937/1987 1940/1940/1990 1941/1941/1991
f 1938/1938/1988 1941/1941/1991 1892/1892/1942 1890/1890/1940
f 1941/1941/1991 1940/1940/1990 1942/1942/1992 1654/1654/1702
f 1941/1941/1991 1654/1654/1702 1653/1653/1701 1892/1892/1942
f 1942/1942/1992 1940/1940/1990 1943/1943/1993 1944/1944/1994
f 1942/1942/1992 1944/1944/1994 1945/1945/1995 1946/1946/1996
f 1942/1942/1992 1946/1946/1996 1655/1655/1703 1654/1654/1702
f 1946/1946/1996 1945/1945/1995 1947/1947/1997 1948/1948/1998
f 1946/1946/1996 1948/1948/1998 1656/1656/1704 1655/1655/1703
f 1948/1948/1998 1947/1947/1997 1949/1949/1999 1950/1950/2000
f 1948/1948/1998 1950/1950/2000 1897/1897/1947 1656/1656/1704
f 1950/1950/2000 1949/1949/1999 1902/1902/1952 1900/1900/1950
f 1950/1950/2000 1900/1900/1950 1898/1898/1948 1897/1897/1947
f 1949/2737/1999 1947/2738/1997 1951/1951/2001 1952/1952/2002
f 1949/1949/1999 1952/2739/2002 1953/1953/2003 1902/1902/1952
f 1953/2740/2003 1952/1952/2002 1954/1954/2004 1955/1955/2005
f 1953/1953/2003 1955/2741/2005 1907/1907/1957 1905/1905/1955
f 1953/1953/2003 1905/1905/1955 1903/1903/1953 1902/1902/1952
f 1955/1955/2005 1954/1954/2004 1956/1956/2006 1912/1912/1962
f 1955/2741/2005 1912/2742/1962 1909/1909/1959 1907/1907/1957
f 1956/1956/2006 1954/1954/2004 1957/1957/2007 1958/1958/2008
f 1956/1956/2006 1958/1958/2008 1959/1959/2009 1915/1915/1965
f 1956/1956/2006 1915/1915/1965 1913/1913/1963 1912/1912/1962
f 1959/1959/2009 1958/1958/2008 1960/1960/2010 1961/1961/2011
f 1959/1959/2009 1961/1961/2011 1962/1962/2012 1918/1918/1968
f 1959/1959/2009 1918/1918/1968 1916/1916/1966 1915/1915/1965
f 1962/1962/2012 1961/1961/2011 1963/1963/2013 1964/1964/2014
f 1962/1962/2012 1964/1964/2014 1660/1660/1709 1659/1659/1708
f 1962/1962/2012 1659/1659/1708 1664/1664/1713 1918/1918/1968
f 1964/1964/2014 1963/1963/2013 1965/1965/2015 1966/1966/2016
f 1964/1964/2014 1966/1966/2016 1967/1967/2017 1660/1660/1709
f 1967/1967/2017 1966/1966/2016 1929/1929/1979 1927/1927/1977
f 1967/1967/2017 1927/1927/1977 1925/1925/1975 1924/1924/1974
f 1967/1967/2017 1924/1924/1974 1661/1661/1710 1660/1660/1709
f 1966/1966/2016 1965/1965/2015 1931/1931/1981 1929/1929/1979
f 1965/1965/2015 1640/1640/1685 1637/1637/1682 1931/1931/1981
f 1965/1965/2015 1963/1963/2013 1968/1968/2018 1640/1640/1685
f 1968/1968/2018 1969/1969/2019 1638/1638/1683 1640/1640/1685
f 1968/1968/2018 1963/1963/2013 1961/1961/2011 1960/1960/2010
f 1968/1968/2018 1960/1960/2010 1970/1970/2020 1969/1969/2019
f 1970/1970/2020 1971/1971/2021 1972/1972/2022 1969/1969/2019
f 1970/1970/2020 1960/1960/2010 1958/1958/2008 1957/1957/2007
f 1970/1970/2020 1957/1957/2007 1951/1951/2001 1971/1971/2021
f 1972/1972/2022 1944/2743/1994 1943/2744/1993 1639/1639/1684
f 1972/1972/2022 1639/1639/1684 1638/1638/1683 1969/1969/2019
f 1972/1972/2022 1971/1971/2021 1945/2745/1995 1944/2743/1994
f 1971/1971/2021 1951/1951/2001 1947/2738/1997 1945/2745/1995
f 1957/1957/2007 1954/1954/2004 1952/1952/2002 1951/1951/2001
f 1943/1943/1993 1940/1940/1990 1937/1937/1987 1936/1936/1986
f 1943/2744/1993 1936/2746/1986 1635/1635/1680 1639/1639/1684
f 1936/2746/1986 1934/1934/1984 1636/1636/1681 1635/1635/1680
f 1932/1932/1982 1931/1931/1981 1637/1637/1682 1636/1636/1681
f 1924/1924/1974 1921/1921/1971 1662/1662/1711 1661/1661/1710
f 1897/1897/1947 1895/1895/1945 1657/1657/1705 1656/1656/1704
f 1819/2721/1869 1817/2747/1867 1613/1613/1654 1612/1612/1653
f 1817/2747/1867 1816/2727/1866 1614/1614/1655 1613/1613/1654
f 1792/1792/1842 1788/2718/1838 1786/2748/1836 1785/2724/1835
f 1721/1721/1771 1720/1720/1770 1648/1648/1695 1647/1647/1694
f 1713/1713/1763 1712/1712/1762 1623/1623/1666 1627/1627/1670
f 1712/1712/1762 1711/1711/1761 1624/1624/1667 1623/1623/1666
f 1706/1706/1756 1704/1704/1754 1645/1645/1691 1644/1644/1690
f 1666/1666/1716 1665/1665/1715 1634/1634/1678 1633/1633/1677
s 82
f 1973/1973/2023 1986/1986/2024 1987/1987/2025 1988/1988/2026
f 1973/1973/2023 1989/1989/2027 1990/1990/2028 1986/1986/2024
f 1973/1973/2023 1988/1988/2026 1991/1991/2029 1989/1989/2027
f 1974/1974/2030 1992/1992/2031 1993/1993/2032 1975/1975/2033
f 1974/1974/2030 1975/1975/2033 1994/1994/2034 1995/1995/2035
f 1974/1974/2030 1995/1995/2035 1996/1996/2036 1992/1992/2031
f 1975/1975/2033 1991/1991/2029 1997/1997/2037 1994/1994/2034
f 1975/1975/2033 1998/1998/2038 1989/1989/2027 1991/1991/2029
f 1976/1976/2039 1999/1999/2040 1984/1984/2041 2000/2000/2042
f 1976/1976/2039 2000/2000/2042 2001/2001/2043 2002/2002/2044
f 1976/1976/2039 2002/2002/2044 1988/1988/2026 1987/1987/2025
f 1976/1976/2039 1987/1987/2025 2003/2003/2045 1999/1999/2040
f 1977/1977/2046 2004/2004/2047 2005/2005/2048 2006/2006/2049
f 1977/1977/2046 2007/2007/2050 2008/2008/2051 2004/2004/2047
f 1977/1977/2046 2006/2006/2049 2009/2009/2052 2007/2007/2050
f 1978/1978/2053 2010/2010/2054 2011/2011/2055 2012/2012/2056
f 2014/2014/2057 2015/2015/2058 2010/2010/2054 1978/1978/2053
f 1978/1978/2053 2012/2012/2056 2013/2013/2059 2014/2014/2057
f 1979/1979/2060 1996/1996/2036 1995/1995/2035 2016/2016/2061
f 1979/1979/2060 2016/2016/2061 2017/2017/2062 2018/2018/2063
f 1979/1979/2060 2018/2018/2063 2019/2019/2064 1996/1996/2036
f 1980/1980/2065 2020/2020/2066 2021/2021/2067 2022/2022/2068
f 1980/1980/2065 2023/2023/2069 2024/2024/2070 2020/2020/2066
f 1980/1980/2065 2022/2022/2068 2025/2025/2071 2023/2023/2069
f 1981/1981/2072 2026/2026/2073 2027/2027/2074 2028/2028/2075
f 1981/1981/2072 2029/2029/2076 2030/2030/2077 2026/2026/2073
f 1981/1981/2072 2028/2028/2075 2031/2031/2078 2029/2029/2076
f 1982/1982/2079 2031/2031/2078 2028/2028/2075 2032/2032/2080
f 1982/1982/2079 2032/2032/2080 2033/2033/2081 2034/2034/2082
f 1982/1982/2079 2034/2034/2082 2015/2749/2058 2031/2031/2078
f 1983/1983/2083 2035/2035/2084 2036/2036/2085 2037/2037/2086
f 1983/1983/2083 2037/2037/2086 2038/2038/2087 2039/2039/2088
f 1983/1983/2083 2039/2039/2088 2040/2040/2089 2035/2035/2084
f 1984/1984/2041 2041/2041/2090 2042/2042/2091 2000/2000/2042
f 1984/1984/2041 1999/1999/2040 2043/2043/2092 2041/2041/2090
f 1985/1985/2093 2044/2044/2094 2045/2045/2095 2046/2046/2096
f 1985/1985/2093 2047/2047/2097 2048/2048/2098 2044/2044/2094
f 1985/1985/2093 2046/2046/2096 2049/2049/2099 2047/2047/2097
f 2049/2049/2099 2046/2046/2096 2050/2050/2100 2051/2051/2101
f 2049/2049/2099 2051/2051/2101 2052/2052/2102 2053/2053/2103
f 2049/2049/2099 2053/2053/2103 2054/2054/2104 2047/2047/2097
f 2054/2054/2104 2053/2053/2103 2025/2025/2071 2022/2022/2068
f 2054/2054/2104 2022/2022/2068 2021/2021/2067 2055/2055/2105
f 2054/2054/2104 2055/2055/2105 2048/2048/2098 2047/2047/2097
f 2055/2055/2105 2021/2021/2067 2056/2056/2106 2057/2057/2107
f 2055/2055/2105 2057/2057/2107 2058/2058/2108 2048/2048/2098
f 2058/2058/2108 2057/2057/2107 2027/2027/2074 2026/2026/2073
f 2058/2058/2108 2026/2026/2073 2030/2030/2077 2059/2059/2109
f 2058/2058/2108 2059/2059/2109 2044/2044/2094 2048/2048/2098
f 2059/2059/2109 2030/2030/2077 2060/2060/2110 2061/2061/2111
f 2059/2059/2109 2061/2061/2111 2045/2045/2095 2044/2044/2094
f 2061/2750/2111 2060/2751/2110 2062/2062/2112 2063/2063/2113
f 2061/2750/2111 2063/2063/2113 2064/2064/2114 2045/2752/2095
f 2064/2064/2114 2063/2063/2113 2065/2065/2115 2066/2066/2116
f 2064/2064/2114 2066/2066/2116 2067/2067/2117 2050/2753/2100
f 2064/2754/2114 2050/2050/2100 2046/2046/2096 2045/2045/2095
f 2067/2067/2117 2066/2066/2116 2068/2068/2118 2069/2069/2119
f 2067/2755/2117 2069/2756/2119 2070/2070/2120 2071/2071/2121
f 2067/2755/2117 2071/2071/2121 2051/2051/2101 2050/2050/2100
f 2071/2071/2121 2070/2070/2120 2072/2072/2122 2073/2073/2123
f 2071/2071/2121 2073/2073/2123 2052/2052/2102 2051/2051/2101
f 2073/2073/2123 2072/2072/2122 2074/2074/2124 2075/2075/2125
f 2073/2073/2123 2075/2075/2125 2076/2076/2126 2052/2052/2102
f 2076/2076/2126 2075/2075/2125 2077/2077/2127 2078/2078/2128
f 2076/2076/2126 2078/2078/2128 2023/2023/2069 2025/2025/2071
f 2076/2076/2126 2025/2025/2071 2053/2053/2103 2052/2052/2102
f 2078/2078/2128 2077/2077/2127 2079/2079/2129 2080/2080/2130
f 2078/2078/2128 2080/2080/2130 2024/2024/2070 2023/2023/2069
f 2080/2080/2130 2079/2079/2129 2081/2081/2131 2082/2082/2132
f 2080/2080/2130 2082/2082/2132 2083/2083/2133 2024/2024/2070
f 2083/2083/2133 2082/2082/2132 2084/2084/2134 2085/2085/2135
f 2083/2083/2133 2085/2085/2135 2086/2086/2136 2087/2087/2137
f 2083/2083/2133 2087/2087/2137 2020/2020/2066 2024/2024/2070
f 2087/2087/2137 2086/2086/2136 2088/2088/2138 2056/2056/2106
f 2087/2087/2137 2056/2056/2106 2021/2021/2067 2020/2020/2066
f 2088/2088/2138 2086/2086/2136 2033/2033/2081 2032/2032/2080
f 2088/2088/2138 2032/2032/2080 2028/2028/2075 2027/2027/2074
f 2088/2088/2138 2027/2027/2074 2057/2057/2107 2056/2056/2106
f 2086/2086/2136 2085/2085/2135 2089/2089/2139 2033/2033/2081
f 2089/2089/2139 2085/2085/2135 2084/2084/2134 2090/2090/2140
f 2089/2089/2139 2090/2090/2140 2091/2091/2141 2092/2092/2142
f 2089/2757/2139 2092/2758/2142 2034/2760/2082 2033/2759/2081
f 2092/2758/2142 2091/2761/2141 2011/2011/2055 2010/2010/2054
f 2092/2758/2142 2010/2010/2054 2015/2015/2058 2034/2760/2082
f 2091/2091/2141 2090/2090/2140 2093/2093/2143 2094/2094/2144
f 2091/2761/2141 2094/2762/2144 2095/2095/2145 2011/2011/2055
f 2095/2095/2145 2094/2762/2144 2039/2039/2088 2038/2038/2087
f 2095/2095/2145 2038/2038/2087 2096/2096/2146 2097/2097/2147
f 2095/2095/2145 2097/2097/2147 2012/2012/2056 2011/2011/2055
f 2097/2097/2147 2096/2096/2146 2098/2098/2148 2099/2099/2149
f 2097/2097/2147 2099/2099/2149 2100/2100/2150 2012/2012/2056
f 2100/2100/2150 2099/2099/2149 2101/2101/2151 2102/2102/2152
f 2100/2100/2150 2102/2102/2152 2103/2103/2153 2104/2104/2154
f 2100/2100/2150 2104/2104/2154 2013/2013/2059 2012/2012/2056
f 2104/2104/2154 2103/2103/2153 2105/2105/2155 2106/2106/2156
f 2104/2104/2154 2106/2106/2156 2062/2062/2112 2013/2013/2059
f 2106/2106/2156 2105/2105/2155 2107/2107/2157 2065/2065/2115
f 2106/2106/2156 2065/2065/2115 2063/2063/2113 2062/2062/2112
f 2107/2107/2157 2105/2105/2155 2007/2007/2050 2009/2009/2052
f 2107/2107/2157 2009/2009/2052 2108/2108/2158 2068/2068/2118
f 2107/2107/2157 2068/2068/2118 2066/2066/2116 2065/2065/2115
f 2108/2108/2158 2009/2009/2052 2006/2006/2049 2109/2109/2159
f 2108/2108/2158 2109/2109/2159 2110/2110/2160 2111/2111/2161
f 2108/2108/2158 2111/2111/2161 2069/2069/2119 2068/2068/2118
f 2111/2764/2161 2110/2763/2160 2112/2112/2162 2113/2113/2163
f 2111/2764/2161 2113/2113/2163 2070/2070/2120 2069/2756/2119
f 2113/2113/2163 2112/2112/2162 2114/2114/2164 2115/2115/2165
f 2113/2113/2163 2115/2115/2165 2072/2072/2122 2070/2070/2120
f 2115/2115/2165 2114/2114/2164 2116/2116/2166 2117/2117/2167
f 2115/2115/2165 2117/2117/2167 2074/2074/2124 2072/2072/2122
f 2117/2117/2167 2116/2116/2166 2118/2118/2168 2119/2119/2169
f 2117/2117/2167 2119/2119/2169 2120/2120/2170 2074/2074/2124
f 2120/2120/2170 2119/2119/2169 2121/2121/2171 2122/2122/2172
f 2120/2120/2170 2122/2122/2172 2079/2079/2129 2077/2077/2127
f 2120/2120/2170 2077/2077/2127 2075/2075/2125 2074/2074/2124
f 2122/2122/2172 2121/2121/2171 2123/2123/2173 2124/2124/2174
f 2122/2122/2172 2124/2124/2174 2081/2081/2131 2079/2079/2129
f 2124/2766/2174 2123/2765/2173 2125/2125/2175 2126/2126/2176
f 2124/2766/2174 2126/2126/2176 2127/2127/2177 2081/2767/2131
f 2127/2127/2177 2126/2126/2176 2040/2040/2089 2093/2768/2143
f 2127/2769/2177 2093/2093/2143 2090/2090/2140 2084/2084/2134
f 2127/2127/2177 2084/2770/2134 2082/2771/2132 2081/2767/2131
f 2126/2126/2176 2125/2125/2175 2035/2035/2084 2040/2040/2089
f 2125/2125/2175 2123/2765/2173 2128/2128/2178 2129/2129/2179
f 2125/2125/2175 2129/2129/2179 2036/2036/2085 2035/2035/2084
f 2129/2129/2179 2128/2128/2178 2041/2041/2090 2043/2043/2092
f 2129/2129/2179 2043/2043/2092 2130/2130/2180 2036/2036/2085
f 2130/2130/2180 2043/2043/2092 1999/1999/2040 2003/2003/2045
f 2130/2130/2180 2003/2003/2045 2131/2131/2181 2132/2132/2182
f 2130/2130/2180 2132/2132/2182 2037/2037/2086 2036/2036/2085
f 2132/2132/2182 2131/2131/2181 2098/2098/2148 2096/2096/2146
f 2132/2132/2182 2096/2096/2146 2038/2038/2087 2037/2037/2086
f 2131/2131/2181 2003/2003/2045 1987/1987/2025 1986/1986/2024
f 2131/2131/2181 1986/1986/2024 1990/1990/2028 2098/2098/2148
f 2128/2128/2178 2133/2133/2183 2042/2042/2091 2041/2041/2090
f 2128/2772/2178 2123/2123/2173 2121/2121/2171 2133/2773/2183
f 2133/2133/2183 2118/2774/2168 2134/2134/2184 2042/2042/2091
f 2133/2773/2183 2121/2121/2171 2119/2119/2169 2118/2118/2168
f 2134/2134/2184 2135/2135/2185 2136/2136/2186 2001/2001/2043
f 2134/2134/2184 2001/2001/2043 2000/2000/2042 2042/2042/2091
f 2134/2134/2184 2118/2774/2168 2116/2775/2166 2135/2135/2185
f 2136/2136/2186 2137/2137/2187 1994/1994/2034 1997/1997/2037
f 2136/2136/2186 1997/1997/2037 2002/2002/2044 2001/2001/2043
f 2136/2136/2186 2135/2135/2185 2138/2138/2188 2137/2137/2187
f 2138/2138/2188 2017/2017/2062 2016/2016/2061 2137/2137/2187
f 2138/2138/2188 2135/2135/2185 2116/2775/2166 2114/2776/2164
f 2138/2138/2188 2114/2776/2164 2112/2777/2162 2017/2017/2062
f 2137/2137/2187 2016/2016/2061 1995/1995/2035 1994/1994/2034
f 2112/2112/2162 2110/2763/2160 2018/2779/2063 2017/2778/2062
f 2110/2110/2160 2109/2109/2159 2019/2019/2064 2018/2018/2063
f 2109/2109/2159 2006/2006/2049 2005/2005/2048 2019/2019/2064
f 2105/2105/2155 2103/2103/2153 2008/2008/2051 2007/2007/2050
f 2103/2103/2153 2102/2102/2152 2139/2139/2189 2008/2008/2051
f 2139/2139/2189 2102/2102/2152 2101/2101/2151 1998/1998/2038
f 2139/2139/2189 1998/1998/2038 1975/1975/2033 1993/1993/2032
f 2139/2139/2189 1993/1993/2032 2004/2004/2047 2008/2008/2051
f 2101/2101/2151 2099/2099/2149 2098/2098/2148 1990/1990/2028
f 2101/2101/2151 1990/1990/2028 1989/1989/2027 1998/1998/2038
f 2094/2762/2144 2093/2768/2143 2040/2040/2089 2039/2039/2088
f 2062/2062/2112 2060/2751/2110 2014/2014/2057 2013/2013/2059
f 2060/2060/2110 2030/2030/2077 2029/2029/2076 2014/2780/2057
f 2031/2031/2078 2015/2749/2058 2014/2780/2057 2029/2029/2076
f 2019/2019/2064 2005/2005/2048 1992/1992/2031 1996/1996/2036
f 2005/2005/2048 2004/2004/2047 1993/1993/2032 1992/1992/2031
f 2002/2002/2044 1997/1997/2037 1991/1991/2029 1988/1988/2026
s 91
f 2153/2153/2190 2154/2154/2191 2155/2155/2192 2156/2156/2193
f 2153/2153/2190 2156/2156/2193 2157/2157/2194 2142/2142/2195
f 2140/2140/2196 2149/2149/2197 2148/2148/2198 2160/2160/2199
f 2140/2140/2196 2161/2161/2200 2162/2162/2201 2149/2149/2197
f 2141/2141/2202 2146/2146/2203 2163/2163/2204 2164/2164/2205
f 2142/2142/2195 2157/2157/2194 2166/2166/2206 2150/2150/2207
f 2142/2142/2208 2150/2150/2209 2167/2167/2210 2158/2158/2211
f 2143/2143/2212 2151/2151/2213 2168/2168/2214 2169/2169/2215
f 2143/2143/2216 2170/2170/2217 2171/2171/2218 2151/2151/2213
f 2144/2144/2219 2172/2172/2220 2173/2173/2221 2174/2174/2222
f 2145/2145/2223 2175/2175/2224 2164/2164/2205 2163/2163/2204
f 2145/2145/2223 2176/2176/2225 2177/2177/2226 2175/2175/2224
f 2147/2147/2227 2178/2178/2228 2179/2179/2229 2180/2180/2230
f 2147/2147/2227 2180/2180/2230 2181/2181/2231 2182/2182/2232
f 2148/2148/2198 2149/2149/2197 2183/2183/2233 2176/2781/2225
f 2149/2149/2197 2162/2162/2201 2169/2169/2215 2168/2168/2214
f 2149/2149/2197 2168/2168/2214 2184/2184/2234 2183/2183/2233
f 2150/2150/2207 2166/2166/2206 2185/2185/2235 2186/2186/2236
f 2150/2150/2209 2187/2187/2237 2188/2188/2238 2167/2167/2210
f 2141/2141/2239 2164/2164/2205 2190/2190/2240 2165/2165/2241
f 2144/2144/2219 2152/2152/2242 2191/2191/2243 2172/2172/2220
f 2151/2151/2213 2192/2192/2244 2184/2184/2234 2168/2168/2214
f 2151/2151/2213 2193/2193/2245 2194/2194/2246 2192/2192/2244
f 2152/2152/2242 2197/2197/2247 2198/2198/2248 2191/2191/2243
f 2198/2198/2248 2197/2197/2247 2199/2199/2249 2200/2200/2250
f 2198/2198/2248 2200/2200/2250 2201/2201/2251 2202/2202/2252
f 2198/2198/2248 2202/2202/2252 2203/2203/2253 2191/2191/2243
f 2203/2203/2253 2204/2204/2254 2172/2172/2220 2191/2191/2243
f 2203/2203/2253 2202/2202/2252 2205/2205/2255 2206/2206/2256
f 2203/2203/2253 2206/2206/2256 2207/2207/2257 2204/2204/2254
f 2207/2207/2257 2208/2208/2258 2209/2209/2259 2204/2204/2254
f 2207/2207/2257 2206/2206/2256 2210/2210/2260 2211/2211/2261
f 2207/2207/2257 2211/2211/2261 2212/2212/2262 2208/2208/2258
f 2212/2212/2262 2169/2169/2215 2162/2162/2201 2208/2208/2258
f 2212/2212/2262 2211/2211/2261 2213/2213/2263 2170/2170/2264
f 2212/2212/2262 2170/2170/2264 2143/2143/2212 2169/2169/2215
f 2213/2213/2263 2211/2211/2261 2210/2210/2260 2214/2214/2265
f 2213/2213/2266 2214/2214/2267 2215/2215/2268 2216/2216/2269
f 2213/2213/2266 2216/2216/2269 2171/2171/2218 2170/2170/2217
f 2216/2216/2269 2215/2215/2268 2217/2217/2270 2218/2218/2271
f 2216/2216/2269 2218/2218/2271 2219/2219/2272 2171/2171/2218
f 2219/2219/2272 2193/2193/2245 2151/2151/2213 2171/2171/2218
f 2219/2219/2272 2218/2218/2271 2220/2220/2273 2221/2221/2274
f 2219/2219/2272 2221/2221/2274 2222/2222/2275 2193/2193/2245
f 2222/2222/2275 2223/2223/2276 2194/2194/2246 2193/2193/2245
f 2222/2222/2275 2221/2221/2274 2224/2224/2277 2225/2225/2278
f 2222/2222/2275 2225/2225/2278 2226/2226/2279 2223/2223/2276
f 2226/2782/2279 2227/2227/2280 2228/2228/2281 2223/2783/2276
f 2226/2226/2279 2225/2225/2278 2229/2229/2282 2230/2230/2283
f 2226/2782/2279 2230/2784/2283 2231/2231/2284 2227/2227/2280
f 2231/2231/2284 2232/2232/2285 2233/2233/2286 2227/2227/2280
f 2231/2231/2284 2230/2784/2283 2234/2234/2287 2235/2235/2288
f 2231/2231/2284 2235/2235/2288 2236/2236/2289 2232/2232/2285
f 2236/2236/2289 2237/2237/2290 2238/2238/2291 2232/2232/2285
f 2236/2236/2289 2235/2235/2288 2239/2239/2292 2240/2240/2293
f 2236/2236/2289 2240/2240/2293 2241/2241/2294 2237/2237/2290
f 2241/2241/2294 2242/2242/2295 2243/2243/2296 2237/2237/2290
f 2241/2241/2294 2240/2240/2293 2244/2244/2297 2245/2245/2298
f 2241/2241/2294 2245/2245/2298 2246/2246/2299 2242/2242/2295
f 2246/2246/2299 2247/2247/2300 2248/2248/2301 2242/2242/2295
f 2250/2250/2302 2196/2196/2303 2195/2195/2304 2251/2251/2305
f 2250/2250/2302 2251/2251/2305 2200/2200/2250 2199/2199/2249
f 2251/2251/2305 2195/2195/2304 2252/2252/2306 2253/2253/2307
f 2251/2251/2305 2253/2253/2307 2201/2201/2251 2200/2200/2250
f 2253/2253/2307 2252/2252/2306 2254/2254/2308 2255/2255/2309
f 2253/2253/2307 2255/2255/2309 2256/2256/2310 2201/2201/2251
f 2256/2256/2310 2205/2205/2255 2202/2202/2252 2201/2201/2251
f 2256/2256/2310 2255/2255/2309 2257/2257/2311 2258/2258/2312
f 2256/2256/2310 2258/2258/2312 2259/2259/2313 2205/2205/2255
f 2259/2259/2313 2210/2210/2260 2206/2206/2256 2205/2205/2255
f 2259/2259/2313 2258/2258/2312 2260/2260/2314 2261/2261/2315
f 2259/2259/2313 2261/2261/2315 2214/2214/2265 2210/2210/2260
f 2261/2261/2316 2260/2260/2317 2262/2262/2318 2263/2263/2319
f 2261/2261/2316 2263/2263/2319 2215/2215/2268 2214/2214/2267
f 2263/2263/2319 2262/2262/2318 2264/2264/2320 2265/2265/2321
f 2263/2263/2319 2265/2265/2321 2217/2217/2270 2215/2215/2268
f 2265/2265/2321 2264/2264/2320 2266/2266/2322 2267/2267/2323
f 2265/2265/2321 2267/2267/2323 2268/2268/2324 2217/2217/2270
f 2268/2268/2324 2220/2220/2273 2218/2218/2271 2217/2217/2270
f 2268/2268/2324 2267/2267/2323 2269/2269/2325 2270/2270/2326
f 2268/2268/2324 2270/2270/2326 2271/2271/2327 2220/2220/2273
f 2271/2271/2327 2224/2224/2277 2221/2221/2274 2220/2220/2273
f 2271/2271/2327 2270/2270/2326 2272/2272/2328 2273/2273/2329
f 2271/2271/2327 2273/2273/2329 2274/2274/2330 2224/2224/2277
f 2274/2274/2330 2229/2229/2282 2225/2225/2278 2224/2224/2277
f 2274/2274/2330 2273/2273/2329 2275/2275/2331 2276/2276/2332
f 2274/2274/2330 2276/2276/2332 2277/2277/2333 2229/2229/2282
f 2277/2277/2333 2234/2785/2287 2230/2230/2283 2229/2229/2282
f 2277/2277/2333 2276/2276/2332 2278/2278/2334 2279/2279/2335
f 2277/2277/2333 2279/2279/2335 2280/2280/2336 2234/2785/2287
f 2280/2786/2336 2239/2239/2292 2235/2235/2288 2234/2234/2287
f 2280/2280/2336 2279/2279/2337 2281/2281/2338 2282/2282/2339
f 2280/2786/2336 2282/2787/2339 2283/2283/2340 2239/2239/2292
f 2283/2283/2340 2244/2244/2297 2240/2240/2293 2239/2239/2292
f 2284/2284/2341 2285/2285/2342 2286/2286/2343 2287/2287/2344
f 2284/2284/2341 2287/2287/2344 2186/2186/2236 2185/2185/2235
f 2287/2287/2345 2286/2286/2346 2288/2288/2347 2289/2289/2348
f 2287/2287/2345 2289/2289/2348 2189/2189/2349 2186/2186/2350
f 2289/2289/2348 2288/2288/2347 2290/2290/2351 2291/2291/2352
f 2289/2289/2348 2291/2291/2352 2187/2187/2237 2189/2189/2349
f 2291/2291/2352 2290/2290/2351 2292/2292/2353 2293/2293/2354
f 2291/2291/2352 2293/2293/2354 2188/2188/2238 2187/2187/2237
f 2293/2293/2354 2292/2292/2353 2294/2294/2355 2295/2295/2356
f 2293/2293/2354 2295/2295/2356 2296/2296/2357 2188/2188/2238
f 2296/2296/2357 2297/2297/2358 2167/2167/2210 2188/2188/2238
f 2296/2296/2357 2295/2295/2356 2298/2298/2359 2299/2299/2360
f 2296/2296/2357 2299/2299/2360 2300/2300/2361 2297/2297/2358
f 2300/2300/2361 2301/2301/2362 2302/2302/2363 2297/2297/2358
f 2300/2300/2361 2299/2299/2360 2303/2303/2364 2304/2304/2365
f 2300/2300/2361 2304/2304/2365 2305/2305/2366 2301/2301/2362
f 2305/2305/2366 2178/2178/2228 2147/2147/2227 2301/2301/2362
f 2305/2305/2366 2304/2304/2365 2306/2306/2367 2307/2307/2368
f 2305/2305/2366 2307/2307/2368 2308/2308/2369 2178/2178/2228
f 2308/2308/2369 2309/2309/2370 2179/2179/2229 2178/2178/2228
f 2308/2308/2369 2307/2307/2368 2310/2310/2371 2311/2311/2372
f 2308/2308/2369 2311/2311/2372 2312/2312/2373 2309/2309/2370
f 2312/2312/2373 2313/2313/2374 2314/2314/2375 2309/2309/2370
f 2312/2312/2373 2311/2311/2372 2315/2315/2376 2316/2316/2377
f 2312/2312/2373 2316/2316/2377 2317/2317/2378 2313/2313/2374
f 2317/2317/2378 2318/2318/2379 2266/2266/2322 2313/2313/2374
f 2317/2317/2378 2316/2316/2377 2319/2319/2380 2320/2320/2381
f 2317/2317/2378 2320/2320/2381 2321/2321/2382 2318/2318/2379
f 2321/2321/2382 2322/2322/2383 2269/2269/2325 2318/2318/2379
f 2321/2321/2382 2320/2320/2381 2323/2323/2384 2324/2324/2385
f 2321/2321/2382 2324/2324/2385 2325/2325/2386 2322/2322/2383
f 2325/2325/2386 2326/2326/2387 2272/2272/2328 2322/2322/2383
f 2325/2325/2386 2324/2324/2385 2327/2327/2388 2328/2328/2389
f 2325/2325/2386 2328/2328/2389 2329/2329/2390 2326/2326/2387
f 2329/2329/2390 2330/2330/2391 2275/2275/2331 2326/2326/2387
f 2329/2329/2390 2328/2328/2389 2331/2331/2392 2332/2332/2393
f 2329/2329/2390 2332/2332/2393 2333/2333/2394 2330/2330/2395
f 2333/2333/2394 2334/2334/2396 2278/2278/2397 2330/2330/2395
f 2336/2336/2398 2335/2335/2399 2337/2337/2400 2338/2338/2401
f 2336/2336/2398 2338/2338/2401 2286/2286/2343 2285/2285/2342
f 2338/2338/2402 2337/2337/2403 2339/2339/2404 2340/2340/2405
f 2338/2338/2402 2340/2340/2405 2288/2288/2347 2286/2286/2346
f 2340/2340/2405 2339/2339/2404 2341/2341/2406 2342/2342/2407
f 2340/2340/2405 2342/2342/2407 2290/2290/2351 2288/2288/2347
f 2342/2342/2407 2341/2341/2406 2343/2343/2408 2344/2344/2409
f 2342/2342/2407 2344/2344/2409 2292/2292/2353 2290/2290/2351
f 2344/2344/2409 2343/2343/2408 2345/2345/2410 2346/2346/2411
f 2344/2344/2409 2346/2346/2411 2294/2294/2355 2292/2292/2353
f 2346/2346/2411 2345/2345/2410 2347/2347/2412 2348/2348/2413
f 2346/2346/2411 2348/2348/2413 2349/2349/2414 2294/2294/2355
f 2349/2349/2414 2298/2298/2359 2295/2295/2356 2294/2294/2355
f 2349/2349/2414 2348/2348/2413 2350/2350/2415 2351/2351/2416
f 2349/2349/2414 2351/2351/2416 2352/2352/2417 2298/2298/2359
f 2352/2352/2417 2303/2303/2364 2299/2299/2360 2298/2298/2359
f 2352/2352/2417 2351/2351/2416 2353/2353/2418 2354/2354/2419
f 2352/2352/2417 2354/2354/2419 2355/2355/2420 2303/2303/2364
f 2355/2355/2420 2306/2306/2367 2304/2304/2365 2303/2303/2364
f 2355/2355/2420 2354/2354/2419 2356/2356/2421 2357/2357/2422
f 2355/2355/2420 2357/2357/2422 2358/2358/2423 2306/2306/2367
f 2358/2358/2423 2310/2310/2371 2307/2307/2368 2306/2306/2367
f 2358/2358/2423 2357/2357/2422 2359/2359/2424 2360/2360/2425
f 2358/2358/2423 2360/2360/2425 2361/2361/2426 2310/2310/2371
f 2361/2361/2426 2315/2315/2376 2311/2311/2372 2310/2310/2371
f 2361/2361/2426 2360/2360/2425 2362/2362/2427 2363/2363/2428
f 2361/2361/2426 2363/2363/2428 2364/2364/2429 2315/2315/2376
f 2364/2364/2429 2319/2319/2380 2316/2316/2377 2315/2315/2376
f 2364/2364/2429 2363/2363/2428 2365/2365/2430 2366/2366/2431
f 2364/2364/2429 2366/2366/2431 2367/2367/2432 2319/2319/2380
f 2367/2367/2432 2323/2323/2384 2320/2320/2381 2319/2319/2380
f 2367/2367/2432 2366/2366/2431 2368/2368/2433 2369/2369/2434
f 2367/2367/2432 2369/2369/2434 2370/2370/2435 2323/2323/2384
f 2370/2370/2435 2327/2327/2388 2324/2324/2385 2323/2323/2384
f 2370/2370/2436 2369/2369/2437 2371/2371/2438 2372/2372/2439
f 2370/2370/2436 2372/2372/2439 2373/2373/2440 2327/2327/2388
f 2373/2373/2440 2331/2331/2392 2328/2328/2389 2327/2327/2388
f 2376/2376/2441 2375/2375/2442 2377/2377/2443 2378/2378/2444
f 2376/2376/2441 2378/2378/2444 2337/2337/2400 2335/2335/2399
f 2378/2378/2445 2377/2377/2446 2379/2379/2447 2380/2380/2448
f 2378/2378/2445 2380/2380/2448 2339/2339/2404 2337/2337/2403
f 2380/2380/2448 2379/2379/2447 2381/2381/2449 2382/2382/2450
f 2380/2380/2448 2382/2382/2450 2341/2341/2406 2339/2339/2404
f 2382/2382/2450 2381/2381/2449 2383/2383/2451 2384/2384/2452
f 2382/2382/2450 2384/2384/2452 2343/2343/2408 2341/2341/2406
f 2384/2384/2452 2383/2383/2451 2385/2385/2453 2386/2386/2454
f 2384/2384/2452 2386/2386/2454 2345/2345/2410 2343/2343/2408
f 2386/2386/2454 2385/2385/2453 2387/2387/2455 2388/2388/2456
f 2386/2386/2454 2388/2388/2456 2347/2347/2412 2345/2345/2410
f 2388/2388/2456 2387/2387/2455 2389/2389/2457 2390/2390/2458
f 2388/2388/2456 2390/2390/2458 2391/2391/2459 2347/2347/2412
f 2391/2391/2459 2350/2350/2415 2348/2348/2413 2347/2347/2412
f 2391/2391/2459 2390/2390/2458 2392/2392/2460 2393/2393/2461
f 2391/2391/2459 2393/2393/2461 2394/2394/2462 2350/2350/2415
f 2394/2394/2462 2353/2353/2418 2351/2351/2416 2350/2350/2415
f 2394/2394/2462 2393/2393/2461 2395/2395/2463 2396/2396/2464
f 2394/2394/2462 2396/2396/2464 2397/2397/2465 2353/2353/2418
f 2397/2397/2465 2356/2356/2421 2354/2354/2419 2353/2353/2418
f 2397/2397/2465 2396/2396/2464 2398/2398/2466 2399/2399/2467
f 2397/2397/2465 2399/2399/2467 2400/2400/2468 2356/2356/2421
f 2400/2400/2468 2359/2359/2424 2357/2357/2422 2356/2356/2421
f 2400/2400/2468 2399/2399/2467 2401/2401/2469 2402/2402/2470
f 2400/2400/2468 2402/2402/2470 2403/2403/2471 2359/2359/2424
f 2403/2403/2471 2362/2362/2427 2360/2360/2425 2359/2359/2424
f 2403/2403/2471 2402/2402/2470 2404/2404/2472 2405/2405/2473
f 2403/2403/2471 2405/2405/2473 2406/2406/2474 2362/2362/2427
f 2406/2406/2474 2365/2365/2430 2363/2363/2428 2362/2362/2427
f 2406/2406/2474 2405/2405/2473 2407/2407/2475 2408/2408/2476
f 2406/2406/2474 2408/2408/2476 2409/2409/2477 2365/2365/2430
f 2409/2409/2477 2368/2368/2433 2366/2366/2431 2365/2365/2430
f 2409/2409/2478 2408/2408/2479 2410/2410/2480 2411/2411/2481
f 2409/2409/2478 2411/2411/2481 2412/2412/2482 2368/2368/2483
f 2412/2412/2482 2371/2371/2438 2369/2369/2437 2368/2368/2483
f 2417/2417/2484 2416/2416/2485 2418/2418/2486 2419/2419/2487
f 2417/2417/2484 2419/2419/2487 2420/2420/2488 2249/2249/2489
f 2420/2420/2488 2419/2419/2487 2421/2421/2490 2422/2422/2491
f 2420/2420/2488 2422/2422/2491 2423/2423/2492 2248/2248/2301
f 2420/2420/2488 2248/2248/2301 2247/2247/2300 2249/2249/2489
f 2423/2423/2492 2422/2422/2491 2424/2424/2493 2425/2425/2494
f 2423/2423/2492 2425/2425/2494 2426/2426/2495 2243/2243/2296
f 2423/2423/2492 2243/2243/2296 2242/2242/2295 2248/2248/2301
f 2426/2426/2495 2425/2425/2494 2427/2427/2496 2428/2428/2497
f 2426/2426/2495 2428/2428/2497 2429/2429/2498 2238/2238/2291
f 2426/2426/2495 2238/2238/2291 2237/2237/2290 2243/2243/2296
f 2429/2429/2498 2428/2428/2497 2430/2430/2499 2431/2431/2500
f 2429/2429/2498 2431/2431/2500 2432/2432/2501 2233/2233/2286
f 2429/2429/2498 2233/2233/2286 2232/2232/2285 2238/2238/2291
f 2432/2432/2501 2431/2431/2500 2433/2433/2502 2434/2434/2503
f 2432/2432/2501 2434/2434/2503 2435/2435/2504 2228/2228/2281
f 2432/2432/2501 2228/2228/2281 2227/2227/2280 2233/2233/2286
f 2435/2435/2504 2434/2434/2503 2436/2436/2505 2437/2437/2506
f 2435/2435/2504 2437/2437/2506 2192/2788/2244 2194/2789/2246
f 2435/2435/2504 2194/2789/2246 2223/2783/2276 2228/2228/2281
f 2437/2437/2506 2436/2436/2505 2438/2438/2507 2439/2439/2508
f 2437/2437/2506 2439/2439/2508 2184/2790/2234 2192/2788/2244
f 2439/2439/2508 2438/2438/2507 2440/2440/2509 2441/2441/2510
f 2439/2439/2508 2441/2441/2510 2183/2791/2233 2184/2790/2234
f 2441/2441/2510 2440/2440/2509 2442/2442/2511 2177/2177/2226
f 2441/2441/2510 2177/2177/2226 2176/2176/2225 2183/2791/2233
f 2442/2442/2511 2443/2443/2512 2444/2444/2513 2445/2445/2514
f 2442/2442/2511 2445/2445/2514 2175/2175/2224 2177/2177/2226
f 2442/2442/2511 2440/2440/2509 2446/2446/2515 2443/2443/2512
f 2446/2446/2515 2447/2447/2516 2448/2448/2517 2443/2443/2512
f 2446/2446/2515 2440/2440/2509 2438/2438/2507 2449/2449/2518
f 2446/2446/2515 2449/2449/2518 2450/2450/2519 2447/2447/2516
f 2450/2450/2519 2451/2451/2520 2452/2452/2521 2447/2447/2516
f 2450/2450/2519 2449/2449/2518 2453/2453/2522 2454/2454/2523
f 2450/2450/2519 2454/2454/2523 2455/2455/2524 2451/2451/2520
f 2455/2455/2524 2387/2387/2455 2385/2385/2453 2451/2451/2520
f 2455/2455/2524 2454/2454/2523 2456/2456/2525 2457/2457/2526
f 2455/2455/2524 2457/2457/2526 2389/2389/2457 2387/2387/2455
f 2457/2457/2526 2456/2456/2525 2430/2430/2499 2458/2458/2527
f 2457/2457/2526 2458/2458/2527 2459/2459/2528 2389/2389/2457
f 2459/2459/2528 2392/2392/2460 2390/2390/2458 2389/2389/2457
f 2459/2459/2528 2458/2458/2527 2427/2427/2496 2460/2460/2529
f 2459/2459/2528 2460/2460/2529 2461/2461/2530 2392/2392/2460
f 2461/2461/2530 2395/2395/2463 2393/2393/2461 2392/2392/2460
f 2461/2461/2530 2460/2460/2529 2424/2424/2493 2462/2462/2531
f 2461/2461/2530 2462/2462/2531 2463/2463/2532 2395/2395/2463
f 2463/2463/2532 2398/2398/2466 2396/2396/2464 2395/2395/2463
f 2463/2463/2532 2462/2462/2531 2421/2421/2490 2464/2464/2533
f 2463/2463/2532 2464/2464/2533 2465/2465/2534 2398/2398/2466
f 2465/2465/2534 2401/2401/2469 2399/2399/2467 2398/2398/2466
f 2465/2465/2534 2464/2464/2533 2418/2418/2486 2466/2466/2535
f 2465/2465/2534 2466/2466/2535 2467/2467/2536 2401/2401/2469
f 2467/2467/2536 2404/2404/2472 2402/2402/2470 2401/2401/2469
f 2467/2467/2536 2466/2466/2535 2415/2415/2537 2468/2468/2538
f 2467/2467/2536 2468/2468/2538 2469/2469/2539 2404/2404/2472
f 2469/2469/2539 2407/2407/2475 2405/2405/2473 2404/2404/2472
f 2469/2469/2540 2468/2468/2541 2414/2414/2542 2470/2470/2543
f 2469/2469/2540 2470/2470/2543 2471/2471/2544 2407/2407/2545
f 2471/2471/2544 2410/2410/2480 2408/2408/2479 2407/2407/2545
f 2466/2466/2535 2418/2418/2486 2416/2416/2485 2415/2415/2537
f 2464/2464/2533 2421/2421/2490 2419/2419/2487 2418/2418/2486
f 2462/2462/2531 2424/2424/2493 2422/2422/2491 2421/2421/2490
f 2460/2460/2529 2427/2427/2496 2425/2425/2494 2424/2424/2493
f 2458/2458/2527 2430/2430/2499 2428/2428/2497 2427/2427/2496
f 2456/2456/2525 2454/2454/2523 2453/2453/2522 2433/2433/2502
f 2456/2456/2525 2433/2433/2502 2431/2431/2500 2430/2430/2499
f 2453/2453/2522 2449/2449/2518 2438/2438/2507 2436/2436/2505
f 2453/2453/2522 2436/2436/2505 2434/2434/2503 2433/2433/2502
f 2452/2452/2521 2383/2383/2451 2381/2381/2449 2472/2472/2546
f 2452/2452/2521 2472/2472/2546 2448/2448/2517 2447/2447/2516
f 2452/2452/2521 2451/2451/2520 2385/2385/2453 2383/2383/2451
f 2472/2472/2546 2381/2381/2449 2379/2379/2447 2473/2473/2547
f 2472/2472/2546 2473/2473/2547 2474/2474/2548 2448/2448/2517
f 2474/2474/2548 2473/2473/2547 2475/2475/2549 2476/2476/2550
f 2474/2474/2548 2476/2476/2550 2477/2477/2551 2444/2444/2513
f 2474/2474/2548 2444/2444/2513 2443/2443/2512 2448/2448/2517
f 2477/2477/2551 2476/2476/2552 2478/2478/2553 2479/2479/2554
f 2477/2477/2551 2479/2479/2554 2165/2165/2241 2190/2190/2240
f 2477/2477/2551 2190/2190/2240 2445/2445/2514 2444/2444/2513
f 2478/2478/2553 2476/2476/2552 2475/2475/2555 2374/2374/2556
f 2475/2475/2555 2377/2377/2443 2375/2375/2442 2374/2374/2556
f 2475/2475/2549 2473/2473/2547 2379/2379/2447 2377/2377/2446
f 2445/2445/2514 2190/2190/2240 2164/2164/2205 2175/2175/2224
f 2334/2334/2396 2281/2281/2338 2279/2279/2337 2278/2278/2397
f 2330/2330/2391 2278/2278/2334 2276/2276/2332 2275/2275/2331
f 2326/2326/2387 2275/2275/2331 2273/2273/2329 2272/2272/2328
f 2322/2322/2383 2272/2272/2328 2270/2270/2326 2269/2269/2325
f 2318/2318/2379 2269/2269/2325 2267/2267/2323 2266/2266/2322
f 2314/2314/2375 2264/2264/2320 2262/2262/2318 2480/2480/2557
f 2314/2314/2375 2480/2480/2557 2179/2179/2229 2309/2309/2370
f 2314/2314/2375 2313/2313/2374 2266/2266/2322 2264/2264/2320
f 2480/2480/2557 2262/2262/2318 2260/2260/2317 2481/2481/2558
f 2480/2480/2557 2481/2481/2558 2180/2180/2230 2179/2179/2229
f 2481/2481/2559 2260/2260/2314 2258/2258/2312 2257/2257/2311
f 2481/2481/2559 2257/2257/2311 2181/2181/2231 2180/2180/2230
f 2302/2302/2363 2182/2182/2232 2159/2159/2560 2158/2158/2211
f 2302/2302/2363 2158/2158/2211 2167/2167/2210 2297/2297/2358
f 2302/2302/2363 2301/2301/2362 2147/2147/2227 2182/2182/2232
f 2257/2257/2311 2255/2255/2309 2254/2254/2308 2181/2181/2231
f 2254/2254/2308 2252/2252/2306 2153/2153/2561 2159/2159/2560
f 2254/2254/2308 2159/2159/2560 2182/2182/2232 2181/2181/2231
f 2252/2252/2306 2195/2195/2304 2154/2154/2562 2153/2153/2561
f 2209/2209/2259 2161/2161/2200 2482/2482/2563 2173/2173/2221
f 2209/2209/2259 2173/2173/2221 2172/2172/2220 2204/2204/2254
f 2209/2209/2259 2208/2208/2258 2162/2162/2201 2161/2161/2200
f 2174/2174/2222 2173/2173/2221 2482/2482/2563 2160/2160/2199
f 2482/2482/2563 2161/2161/2200 2140/2140/2196 2160/2160/2199
s off
f 2146/2792/2564 2413/2413/2565 2148/2148/2566 2176/2781/2567
s 91
f 2163/2163/2204 2146/2146/2203 2176/2176/2225 2145/2145/2223
f 2150/2150/2209 2186/2186/2350 2189/2189/2349 2187/2187/2237
f 2154/2154/2191 2195/2195/2568 2196/2196/2569 2155/2155/2192
f 2142/2142/2208 2158/2158/2211 2159/2159/2560 2153/2153/2561
